# Blender 5.2.1 LTS
# www.blender.org
mtllib portal-house-visual.mtl
o PortalFrame
v 0.000001 27.265001 42.892502
v -1.209403 27.265001 42.194252
v -1.209403 27.265001 40.797752
v 0.000001 27.265001 40.099503
v 1.209406 27.265001 40.797752
v 1.209406 27.265001 42.194252
v 0.000001 30.780397 42.662094
v -1.209404 30.689259 41.969818
v -1.209404 30.506977 40.585262
v 0.000001 30.415838 39.892990
v 1.209405 30.506977 40.585262
v 1.209405 30.689259 41.969818
v 0.000001 34.235645 41.974800
v -1.209404 34.054924 41.300339
v -1.209404 33.693481 39.951427
v 0.000001 33.512764 39.276970
v 1.209405 33.693481 39.951427
v 1.209405 34.054924 41.300339
v 0.000001 37.571621 40.842388
v -1.209404 37.304413 40.197289
v -1.209404 36.769997 38.907093
v 0.000001 36.502789 38.261993
v 1.209405 36.769997 38.907093
v 1.209405 37.304413 40.197289
v 0.000000 40.731255 39.284225
v -1.209404 40.382130 38.679527
v -1.209404 39.683880 37.470123
v 0.000000 39.334755 36.865421
v 1.209405 39.683880 37.470123
v 1.209405 40.382130 38.679527
v 0.000000 43.660465 37.326992
v -1.209404 43.235397 36.773033
v -1.209404 42.385262 35.665115
v 0.000000 41.960197 35.111160
v 1.209405 42.385262 35.665115
v 1.209405 43.235397 36.773033
v -0.000000 46.309158 35.004150
v -1.209404 45.815422 34.510414
v -1.209404 44.827946 33.522942
v -0.000000 44.334209 33.029205
v 1.209404 44.827946 33.522942
v 1.209404 45.815422 34.510414
v -0.000000 48.631989 32.355473
v -1.209405 48.078030 31.930405
v -1.209405 46.970112 31.080269
v -0.000000 46.416153 30.655201
v 1.209404 46.970112 31.080269
v 1.209404 48.078030 31.930405
v -0.000000 50.589233 29.426250
v -1.209405 49.984528 29.077126
v -1.209405 48.775127 28.378876
v -0.000000 48.170425 28.029751
v 1.209404 48.775127 28.378876
v 1.209404 49.984528 29.077126
v -0.000001 52.147385 26.266628
v -1.209405 51.502289 25.999420
v -1.209405 50.212090 25.465004
v -0.000001 49.566994 25.197796
v 1.209404 50.212090 25.465004
v 1.209404 51.502289 25.999420
v -0.000001 53.279800 22.930645
v -1.209405 52.605339 22.749926
v -1.209405 51.256428 22.388485
v -0.000001 50.581970 22.207764
v 1.209404 51.256428 22.388485
v 1.209404 52.605339 22.749926
v -0.000001 53.967094 19.475393
v -1.209405 53.274818 19.384253
v -1.209405 51.890263 19.201973
v -0.000001 51.197990 19.110834
v 1.209404 51.890263 19.201973
v 1.209404 53.274818 19.384253
v -0.000001 54.197502 15.960003
v -1.209406 53.499252 15.960003
v -1.209406 52.102753 15.960003
v -0.000001 51.404503 15.960003
v 1.209403 52.102753 15.960003
v 1.209403 53.499252 15.960003
v -0.000001 53.967087 12.444601
v -1.209406 53.274815 12.535740
v -1.209406 51.890263 12.718020
v -0.000001 51.197983 12.809160
v 1.209403 51.890263 12.718020
v 1.209403 53.274815 12.535740
v -0.000001 53.279800 8.989361
v -1.209406 52.605347 9.170080
v -1.209406 51.256432 9.531521
v -0.000001 50.581970 9.712241
v 1.209403 51.256432 9.531521
v 1.209403 52.605347 9.170080
v -0.000002 52.147385 5.653378
v -1.209406 51.502289 5.920586
v -1.209406 50.212090 6.455003
v -0.000001 49.566994 6.722211
v 1.209403 50.212090 6.455003
v 1.209403 51.502289 5.920586
v -0.000002 50.589233 2.493754
v -1.209406 49.984531 2.842879
v -1.209406 48.775127 3.541128
v -0.000001 48.170425 3.890253
v 1.209403 48.775127 3.541128
v 1.209403 49.984531 2.842879
v -0.000002 48.631989 -0.435467
v -1.209406 48.078033 -0.010399
v -1.209406 46.970116 0.839735
v -0.000001 46.416153 1.264803
v 1.209403 46.970116 0.839735
v 1.209403 48.078033 -0.010399
v -0.000002 46.309151 -3.084158
v -1.209406 45.815414 -2.590422
v -1.209406 44.827942 -1.602945
v -0.000001 44.334202 -1.109209
v 1.209403 44.827942 -1.602945
v 1.209403 45.815414 -2.590422
v -0.000002 43.660469 -5.406988
v -1.209406 43.235401 -4.853029
v -1.209406 42.385269 -3.745111
v -0.000001 41.960197 -3.191153
v 1.209403 42.385269 -3.745111
v 1.209403 43.235401 -4.853029
v -0.000002 40.731258 -7.364225
v -1.209406 40.382133 -6.759521
v -1.209406 39.683884 -5.550121
v -0.000001 39.334759 -4.945419
v 1.209403 39.683884 -5.550121
v 1.209403 40.382133 -6.759521
v -0.000002 37.571625 -8.922384
v -1.209406 37.304417 -8.277287
v -1.209406 36.769997 -6.987089
v -0.000001 36.502792 -6.341990
v 1.209403 36.769997 -6.987089
v 1.209403 37.304417 -8.277287
v -0.000001 34.235641 -10.054800
v -1.209406 34.054920 -9.380342
v -1.209406 33.693481 -8.031427
v -0.000001 33.512760 -7.356968
v 1.209403 33.693481 -8.031427
v 1.209403 34.054920 -9.380342
v -0.000001 30.780401 -10.742086
v -1.209406 30.689262 -10.049812
v -1.209406 30.506981 -8.665260
v -0.000001 30.415842 -7.972982
v 1.209403 30.506981 -8.665260
v 1.209403 30.689262 -10.049812
v -0.000001 27.265003 -10.972500
v -1.209406 27.265003 -10.274250
v -1.209406 27.265003 -8.877750
v -0.000001 27.265003 -8.179502
v 1.209403 27.265003 -8.877750
v 1.209403 27.265003 -10.274250
v -0.000001 23.749601 -10.742086
v -1.209405 23.840740 -10.049812
v -1.209405 24.023022 -8.665260
v -0.000001 24.114161 -7.972982
v 1.209404 24.023022 -8.665260
v 1.209404 23.840740 -10.049812
v -0.000001 20.294361 -10.054800
v -1.209405 20.475080 -9.380342
v -1.209405 20.836521 -8.031427
v -0.000001 21.017242 -7.356968
v 1.209404 20.836521 -8.031427
v 1.209404 20.475080 -9.380342
v -0.000001 16.958389 -8.922388
v -1.209405 17.225597 -8.277292
v -1.209405 17.760014 -6.987093
v -0.000001 18.027222 -6.341995
v 1.209404 17.760014 -6.987093
v 1.209404 17.225597 -8.277292
v -0.000000 13.798756 -7.364231
v -1.209405 14.147881 -6.759529
v -1.209405 14.846130 -5.550125
v -0.000000 15.195253 -4.945425
v 1.209404 14.846130 -5.550125
v 1.209404 14.147881 -6.759529
v -0.000000 10.869534 -5.406988
v -1.209405 11.294601 -4.853029
v -1.209405 12.144735 -3.745111
v -0.000000 12.569803 -3.191153
v 1.209404 12.144735 -3.745111
v 1.209404 11.294601 -4.853029
v -0.000000 8.220852 -3.084158
v -1.209404 8.714590 -2.590422
v -1.209404 9.702063 -1.602945
v -0.000000 10.195801 -1.109209
v 1.209404 9.702063 -1.602945
v 1.209404 8.714590 -2.590422
v 0.000000 5.898020 -0.435478
v -1.209404 6.451979 -0.010410
v -1.209404 7.559896 0.839725
v 0.000000 8.113853 1.264792
v 1.209405 7.559896 0.839725
v 1.209405 6.451979 -0.010410
v 0.000001 1.250206 8.989347
v 0.000001 0.562914 12.444588
v -1.209404 1.255192 12.535728
v 1.209405 1.255192 12.535728
v 0.000001 0.332500 15.960003
v -1.209403 1.030750 15.960003
v 1.209406 1.030750 15.960003
v 0.000001 0.562910 19.475393
v -1.209403 1.255186 19.384253
v 1.209406 1.255186 19.384253
v 0.000001 1.250200 22.930634
v 0.000002 5.898006 32.355461
v -1.209403 6.451965 31.930395
v -1.209403 7.559883 31.080261
v 1.209406 7.559883 31.080261
v 1.209406 6.451965 31.930395
v 0.000002 8.220837 35.004143
v -1.209403 8.714575 34.510406
v -1.209403 9.702047 33.522934
v 0.000001 10.195786 33.029198
v 1.209406 9.702047 33.522934
v 1.209406 8.714575 34.510406
v 0.000002 10.869537 37.326992
v -1.209403 11.294603 36.773033
v -1.209403 12.144739 35.665115
v 0.000001 12.569806 35.111160
v 1.209406 12.144739 35.665115
v 1.209406 11.294603 36.773033
v 0.000002 13.798747 39.284225
v -1.209403 14.147873 38.679527
v -1.209403 14.846123 37.470123
v 0.000001 15.195248 36.865421
v 1.209406 14.846123 37.470123
v 1.209406 14.147873 38.679527
v 0.000002 16.958370 40.842384
v -1.209403 17.225578 40.197285
v -1.209403 17.759995 38.907089
v 0.000001 18.027205 38.261990
v 1.209406 17.759995 38.907089
v 1.209406 17.225578 40.197285
v 0.000001 20.294365 41.974800
v -1.209403 20.475084 41.300346
v -1.209403 20.836525 39.951431
v 0.000001 21.017244 39.276970
v 1.209406 20.836525 39.951431
v 1.209406 20.475084 41.300346
v 0.000001 23.749605 42.662094
v -1.209403 23.840744 41.969818
v -1.209403 24.023026 40.585262
v 0.000001 24.114164 39.892990
v 1.209406 24.023026 40.585262
v 1.209406 23.840744 41.969818
v -0.501191 4.981443 1.455999
v 0.000000 4.634174 1.455999
v -1.209404 7.148113 1.455999
v -1.209404 6.164148 1.455999
v -0.101587 7.915705 1.455999
v 0.101587 7.915705 1.455999
v 1.209405 7.148113 1.455999
v 1.209405 6.164148 1.455999
v 0.501192 4.981443 1.455999
v -0.040683 1.310001 8.886116
v 0.000001 1.310001 8.813200
v 0.040684 1.310001 8.886116
v -1.209404 1.310001 12.260182
v -0.107219 1.310001 9.005369
v -1.209404 1.310001 12.454148
v 1.209405 1.310001 12.454148
v 1.209405 1.310001 12.260182
v 0.107221 1.310001 9.005369
v -1.209404 1.310001 12.695860
v -1.209404 1.310001 12.542944
v 1.209405 1.310001 12.695860
v 1.209405 1.310001 12.542944
v -1.209403 1.310001 19.224110
v -1.209403 1.310001 15.960003
v 1.209406 1.310001 19.224110
v 1.209406 1.310001 15.960003
v -1.209403 1.310001 19.659824
v -1.209403 1.310001 19.377037
v 1.209406 1.310001 19.659824
v 1.209406 1.310001 19.377037
v -0.040685 1.310001 23.033873
v -0.107228 1.310001 22.914610
v 0.040688 1.310001 23.033873
v 0.107231 1.310001 22.914610
v -0.599644 5.227396 30.730000
v 0.000002 4.811907 30.730000
v -1.209403 7.325846 30.730000
v -1.209403 7.032797 30.730000
v -1.070539 7.422064 30.730000
v 1.070542 7.422064 30.730000
v 1.209406 7.325846 30.730000
v 1.209406 7.032797 30.730000
v 0.599647 5.227396 30.730000
v -0.212840 8.016352 30.730000
v -0.031547 8.155272 30.730000
v 0.212843 8.016352 30.730000
v 0.031550 8.155272 30.730000
v -1.209404 5.472155 1.455999
v 0.000000 7.986094 1.455999
v 1.209405 5.472155 1.455999
v 0.000001 1.310001 23.106796
v -1.209403 5.649887 30.730000
v 1.209406 5.649887 30.730000
v 0.000001 8.179445 30.730000
v -0.106399 27.265001 40.565002
v -0.336762 27.265001 40.431999
v -0.106399 30.476597 40.354504
v 0.123964 27.265001 40.431999
v -0.106399 24.053406 40.354504
v -0.336762 30.459238 40.222641
v 0.123964 30.459238 40.222641
v -0.336762 24.070765 40.222641
v 0.123964 24.070765 40.222641
v 0.123964 24.105484 39.958916
v 0.123964 20.931189 39.598137
v 0.123964 27.265001 40.166000
v -0.106399 27.265001 40.032997
v 0.123964 30.424519 39.958916
v -0.106399 30.407158 39.827049
v -0.336762 30.424519 39.958916
v -0.106399 33.495552 39.212730
v -0.336762 33.529972 39.341202
v 0.123964 33.529972 39.341202
v 0.123964 33.598820 39.598137
v 0.123963 36.528236 38.323429
v -0.106399 36.477337 38.200554
v 0.123963 36.630028 38.569183
v 0.123963 39.368004 36.923012
v 0.123963 39.501003 37.153374
v -0.106400 39.567505 37.268555
v 0.123963 42.162609 35.374947
v -0.106399 36.680927 38.692059
v -0.106400 42.243572 35.480461
v -0.336763 42.162609 35.374947
v -0.106400 44.663364 33.358360
v -0.336762 39.501003 37.153374
v -0.336762 36.630028 38.569183
v -0.336762 39.368004 36.923012
v -0.336762 36.528236 38.323429
v -0.336762 33.598820 39.598137
v -0.106399 33.633244 39.726608
v -0.106400 39.301502 36.807831
v -0.336763 42.000679 35.163914
v -0.106400 41.919712 35.058395
v 0.123963 42.000679 35.163914
v -0.106400 44.287186 32.982178
v -0.336763 44.381229 33.076225
v 0.123963 44.381229 33.076225
v -0.106400 46.363392 30.614717
v -0.336763 46.468910 30.695683
v 0.123963 46.468910 30.695683
v -0.106400 48.112831 27.996498
v -0.336763 48.228012 28.063000
v 0.123962 48.228012 28.063000
v -0.106401 49.505547 25.172344
v -0.336763 49.628426 25.223242
v 0.123962 49.628426 25.223242
v -0.106401 50.517731 22.190552
v -0.336764 50.646202 22.224976
v 0.123962 50.646202 22.224976
v -0.106401 51.132050 19.102154
v -0.336764 51.263916 19.119514
v 0.123962 51.263916 19.119514
v -0.106401 51.337997 15.960003
v -0.336764 51.471001 15.960003
v -0.336764 51.737000 15.960003
v -0.336764 51.263916 12.800481
v -0.336764 51.527641 12.765760
v -0.106401 51.132050 12.817841
v 0.123962 51.263916 12.800481
v -0.106401 50.517735 9.729453
v 0.123962 51.471001 15.960003
v 0.123962 51.737000 15.960003
v 0.123962 51.527641 12.765760
v -0.106401 51.659504 12.748401
v 0.123961 50.903137 9.626184
v -0.106401 51.870003 15.960003
v 0.123961 50.646202 9.695030
v -0.106401 51.031609 9.591761
v -0.336764 50.903137 9.626184
v -0.106401 49.997055 6.544073
v 0.123961 49.874180 6.594970
v 0.123961 49.628426 6.696764
v 0.123961 48.458378 3.724005
v 0.123961 48.228012 3.857005
v -0.106401 48.112831 3.923506
v 0.123961 46.468910 1.224322
v -0.106401 46.363396 1.305287
v 0.123961 46.679947 1.062391
v 0.123961 44.381222 -1.156229
v -0.106401 44.287178 -1.062183
v 0.123961 44.569313 -1.344320
v 0.123961 42.000679 -3.243910
v -0.106401 41.919716 -3.138391
v -0.336764 42.000679 -3.243910
v -0.106401 39.301506 -4.887825
v -0.336764 44.381222 -1.156229
v -0.336764 44.569313 -1.344320
v -0.336764 46.468910 1.224322
v -0.336764 42.162613 -3.454943
v -0.106402 42.243576 -3.560457
v -0.336764 39.501007 -5.233370
v -0.106401 39.567509 -5.348551
v -0.336764 39.368008 -5.003006
v -0.336764 36.528236 -6.403425
v -0.336764 36.630032 -6.649178
v -0.106401 36.680931 -6.772055
v -0.336764 33.598816 -7.678137
v -0.106401 33.633240 -7.806606
v 0.123961 33.598816 -7.678137
v -0.106401 30.476601 -8.434502
v 0.123961 36.630032 -6.649178
v -0.336764 30.459242 -8.302637
v 0.123962 30.459242 -8.302637
v 0.123962 30.424520 -8.038912
v 0.123962 27.265003 -8.511999
v 0.123961 33.529972 -7.421200
v 0.123962 27.265003 -8.245998
v -0.106401 27.265003 -8.112997
v 0.123962 24.105482 -8.038912
v -0.106401 30.407162 -7.907049
v -0.106401 24.122841 -7.907049
v 0.123962 24.070761 -8.302637
v -0.106401 24.053402 -8.434502
v 0.123962 20.931185 -7.678137
v -0.106401 27.265003 -8.645000
v 0.123962 21.000031 -7.421200
v -0.106401 20.896761 -7.806606
v -0.336764 20.931185 -7.678137
v -0.106401 17.849083 -6.772058
v -0.336764 24.070761 -8.302637
v -0.336764 27.265003 -8.511999
v -0.336764 24.105482 -8.038912
v -0.336764 27.265003 -8.245998
v -0.336764 21.000031 -7.421200
v -0.106401 21.034454 -7.292732
v -0.336763 18.001776 -6.403431
v -0.106401 18.052673 -6.280554
v 0.123962 18.001776 -6.403431
v -0.106400 15.228506 -4.887831
v -0.336763 15.162005 -5.003012
v 0.123962 15.162005 -5.003012
v -0.106400 12.610288 -3.138391
v -0.336763 12.529323 -3.243910
v 0.123963 12.529323 -3.243910
v 0.123963 12.367392 -3.454943
v 0.123963 10.148781 -1.156229
v 0.123962 15.029005 -5.233376
v 0.123962 17.899981 -6.649183
v -0.106400 14.962504 -5.348557
v -0.336763 15.029005 -5.233376
v -0.106400 12.286426 -3.560457
v -0.336763 17.899981 -6.649183
v -0.336763 12.367392 -3.454943
v -0.336763 9.960688 -1.344320
v -0.106400 9.866642 -1.438366
v -0.336763 10.148781 -1.156229
v -0.336763 7.850065 1.062381
v -0.336763 8.061098 1.224312
v -0.106400 8.166615 1.305279
v -0.106400 10.242826 -1.062183
v 0.123963 7.850065 1.062381
v 0.123963 8.061098 1.224312
v 0.123963 9.960688 -1.344320
v -0.106400 7.744551 0.981415
v -0.336761 7.850054 30.857605
v -0.336761 10.148766 33.076218
v -0.106399 10.242811 32.982170
v 0.123964 10.148766 33.076218
v -0.106399 12.610291 35.058395
v -0.336761 12.529325 35.163914
v 0.123964 12.529325 35.163914
v 0.123964 12.367394 35.374947
v 0.123964 15.161999 36.923012
v 0.123964 9.960674 33.264309
v 0.123964 7.850054 30.857605
v -0.106398 9.866629 33.358353
v -0.106398 7.744537 30.938572
v -0.336761 9.960674 33.264309
v -0.336761 12.367394 35.374947
v -0.106398 12.286429 35.480461
v -0.106399 14.962499 37.268555
v -0.336761 15.028998 37.153374
v 0.123964 15.028998 37.153374
v 0.123964 17.899963 38.569176
v 0.123964 18.001757 38.323425
v -0.106399 18.052654 38.200546
v 0.123964 21.000034 39.341202
v -0.106399 15.228499 36.807831
v -0.336761 15.161999 36.923012
v -0.336761 18.001757 38.323425
v -0.336761 17.899963 38.569176
v -0.336761 21.000034 39.341202
v -0.336761 20.931189 39.598137
v -0.106399 20.896765 39.726608
v -0.336762 24.105484 39.958916
v -0.106399 24.122845 39.827049
v -0.336762 27.265001 40.166000
v -0.106399 21.034458 39.212734
v -0.106399 17.849066 38.692055
v -0.336764 30.424520 -8.038912
v -0.336764 33.529972 -7.421200
v -0.106401 33.495548 -7.292732
v -0.106401 36.477341 -6.280550
v 0.123961 36.528236 -6.403425
v 0.123961 39.368008 -5.003006
v 0.123961 39.501007 -5.233370
v 0.123961 42.162613 -3.454943
v -0.106402 44.663361 -1.438366
v -0.106402 46.785461 0.981425
v -0.336764 46.679947 1.062391
v -0.336764 48.458378 3.724005
v -0.106401 48.573559 3.657504
v -0.336764 49.874180 6.594970
v -0.336764 48.228012 3.857005
v -0.336764 49.628426 6.696764
v -0.106401 49.505554 6.747662
v -0.336764 50.646202 9.695030
v -0.106401 51.659504 19.171593
v -0.106401 51.031609 22.328243
v -0.336764 51.527641 19.154234
v 0.123962 51.527641 19.154234
v -0.336764 50.903137 22.293821
v -0.336763 49.874180 25.325035
v -0.106401 49.997055 25.375933
v -0.336763 48.458374 28.195999
v -0.106400 48.573559 28.262501
v -0.336763 46.679939 30.857613
v -0.106400 46.785458 30.938580
v 0.123963 46.679939 30.857613
v -0.336763 44.569321 33.264317
v 0.123963 44.569321 33.264317
v 0.123962 48.458374 28.195999
v 0.123962 49.874180 25.325035
v 0.123962 50.903137 22.293821
v -0.336763 7.876701 1.455999
v -0.336763 7.587059 1.455999
v -0.336763 7.906290 1.455999
v -0.120006 8.056479 1.455999
v -0.301822 7.562849 1.455999
v 0.123963 7.587059 1.455999
v 0.123963 7.632021 1.455999
v 0.089022 7.562849 1.455999
v 0.123963 7.906290 1.455999
v -0.106400 7.427443 1.455999
v -0.092793 8.056479 1.455999
v -0.106400 8.065907 1.455999
v -0.336761 8.016350 30.730000
v -0.336761 7.764791 30.730000
v -0.336761 8.091190 30.730000
v -0.333303 8.093842 30.730000
v -0.106399 8.267712 30.730000
v 0.120506 8.093842 30.730000
v 0.123964 8.091190 30.730000
v -0.106398 7.605175 30.730000
v 0.112637 7.756943 30.730000
v -0.123917 7.617313 30.730000
v 0.123964 7.764791 30.730000
v 0.123964 8.016350 30.730000
vn -0.4992 0.0567 0.8646
vn -1.0000 -0.0000 -0.0000
vn -0.4992 -0.0567 -0.8646
vn 0.4992 -0.0567 -0.8646
vn 1.0000 -0.0000 -0.0000
vn 0.4992 0.0567 0.8646
vn -0.4992 0.1690 0.8498
vn -0.4992 -0.1690 -0.8498
vn 0.4992 -0.1690 -0.8498
vn 0.4992 0.1690 0.8498
vn -0.4992 0.2785 0.8205
vn -0.4992 -0.2785 -0.8205
vn 0.4992 -0.2785 -0.8205
vn 0.4992 0.2785 0.8205
vn -0.4992 0.3832 0.7771
vn -0.4992 -0.3832 -0.7771
vn 0.4992 -0.3832 -0.7771
vn 0.4992 0.3832 0.7771
vn -0.4992 0.4814 0.7205
vn -0.4992 -0.4814 -0.7205
vn 0.4992 -0.4814 -0.7205
vn 0.4992 0.4814 0.7205
vn -0.4992 0.5713 0.6515
vn -0.4992 -0.5713 -0.6515
vn 0.4992 -0.5713 -0.6515
vn 0.4992 0.5713 0.6515
vn -0.4992 0.6515 0.5713
vn -0.4992 -0.6515 -0.5713
vn 0.4992 -0.6515 -0.5713
vn 0.4992 0.6515 0.5713
vn -0.4992 0.7205 0.4814
vn -0.4992 -0.7205 -0.4814
vn 0.4992 -0.7205 -0.4814
vn 0.4992 0.7205 0.4814
vn -0.4992 0.7771 0.3832
vn -0.4992 -0.7771 -0.3832
vn 0.4992 -0.7771 -0.3832
vn 0.4992 0.7771 0.3832
vn -0.4992 0.8205 0.2785
vn -0.4992 -0.8205 -0.2785
vn 0.4992 -0.8205 -0.2785
vn 0.4992 0.8205 0.2785
vn -0.4992 0.8498 0.1690
vn -0.4992 -0.8498 -0.1690
vn 0.4992 -0.8498 -0.1690
vn 0.4992 0.8498 0.1690
vn -0.4992 0.8646 0.0567
vn -0.4992 -0.8646 -0.0567
vn 0.4992 -0.8646 -0.0567
vn 0.4992 0.8646 0.0567
vn -0.4992 0.8646 -0.0567
vn -0.4992 -0.8646 0.0567
vn 0.4992 -0.8646 0.0567
vn 0.4992 0.8646 -0.0567
vn -0.4992 0.8498 -0.1690
vn -0.4992 -0.8498 0.1690
vn 0.4992 -0.8498 0.1690
vn 0.4992 0.8498 -0.1690
vn -0.4992 0.8205 -0.2785
vn -0.4992 -0.8205 0.2785
vn 0.4992 -0.8205 0.2785
vn 0.4992 0.8205 -0.2785
vn -0.4992 0.7771 -0.3832
vn -0.4992 -0.7771 0.3832
vn 0.4992 -0.7771 0.3832
vn 0.4992 0.7771 -0.3832
vn -0.4992 0.7205 -0.4814
vn -0.4992 -0.7205 0.4814
vn 0.4992 -0.7205 0.4814
vn 0.4992 0.7205 -0.4814
vn -0.4992 0.6515 -0.5713
vn -0.4992 -0.6515 0.5713
vn 0.4992 -0.6515 0.5713
vn 0.4992 0.6515 -0.5713
vn -0.4992 0.5713 -0.6515
vn -0.4992 -0.5713 0.6515
vn 0.4992 -0.5713 0.6515
vn 0.4992 0.5713 -0.6515
vn -0.4992 0.4814 -0.7205
vn -0.4992 -0.4814 0.7205
vn 0.4992 -0.4814 0.7205
vn 0.4992 0.4814 -0.7205
vn -0.4992 0.3832 -0.7771
vn -0.4992 -0.3832 0.7771
vn 0.4992 -0.3832 0.7771
vn 0.4992 0.3832 -0.7771
vn -0.4992 0.2785 -0.8205
vn -0.4992 -0.2785 0.8205
vn 0.4992 -0.2785 0.8205
vn 0.4992 0.2785 -0.8205
vn -0.4992 0.1690 -0.8498
vn -0.4992 -0.1690 0.8498
vn 0.4992 -0.1690 0.8498
vn 0.4992 0.1690 -0.8498
vn -0.4992 0.0567 -0.8646
vn -0.4992 -0.0567 0.8646
vn 0.4992 -0.0567 0.8646
vn 0.4992 0.0567 -0.8646
vn -0.0000 -0.0000 -1.0000
vn -0.0000 -0.0000 1.0000
vn -0.0000 1.0000 -0.0000
vn 0.4993 0.7204 0.4814
vn -0.4990 0.6515 -0.5714
vn -0.4991 -0.7205 0.4814
vn 0.4992 -0.7204 0.4814
vn -0.4993 0.7204 0.4814
vn -0.4992 -0.8499 -0.1690
vn 0.4992 -0.8499 -0.1690
vn -0.4992 -0.8499 0.1690
vn -0.0000 -0.0001 -1.0000
vn 0.4990 0.6515 -0.5714
vt 0.500000 0.500000
vt 0.520833 0.666667
vt 0.500000 0.666667
vt 0.520833 0.833333
vt 0.500000 0.833333
vt 0.500000 1.000000
vt 0.500000 -0.000000
vt 0.520833 0.166667
vt 0.500000 0.166667
vt 0.500000 0.333333
vt 0.520833 0.333333
vt 0.541667 0.500000
vt 0.520833 0.500000
vt 0.541667 0.666667
vt 0.541667 0.833333
vt 0.520833 1.000000
vt 0.520833 -0.000000
vt 0.541667 0.166667
vt 0.541667 0.333333
vt 0.562500 0.666667
vt 0.562500 0.833333
vt 0.541667 1.000000
vt 0.541667 -0.000000
vt 0.562500 0.166667
vt 0.562500 0.333333
vt 0.562500 0.500000
vt 0.583333 0.666667
vt 0.583333 0.833333
vt 0.562500 1.000000
vt 0.562500 -0.000000
vt 0.583333 0.166667
vt 0.583333 0.333333
vt 0.583333 0.500000
vt 0.604167 0.666667
vt 0.604167 0.833333
vt 0.604167 1.000000
vt 0.583333 1.000000
vt 0.604167 -0.000000
vt 0.583333 -0.000000
vt 0.604167 0.166667
vt 0.604167 0.333333
vt 0.604167 0.500000
vt 0.625000 0.666667
vt 0.625000 1.000000
vt 0.625000 -0.000000
vt 0.625000 0.333333
vt 0.625000 0.500000
vt 0.645833 0.666667
vt 0.625000 0.833333
vt 0.645833 1.000000
vt 0.645833 -0.000000
vt 0.625000 0.166667
vt 0.645833 0.333333
vt 0.645833 0.500000
vt 0.666667 0.666667
vt 0.645833 0.833333
vt 0.666667 1.000000
vt 0.666667 -0.000000
vt 0.645833 0.166667
vt 0.666667 0.333333
vt 0.666667 0.500000
vt 0.687500 0.666667
vt 0.666667 0.833333
vt 0.687500 1.000000
vt 0.687500 -0.000000
vt 0.666667 0.166667
vt 0.687500 0.333333
vt 0.708333 0.500000
vt 0.687500 0.500000
vt 0.708333 0.666667
vt 0.687500 0.833333
vt 0.708333 0.833333
vt 0.708333 0.166667
vt 0.687500 0.166667
vt 0.708333 0.333333
vt 0.729167 0.666667
vt 0.729167 0.833333
vt 0.708333 1.000000
vt 0.708333 -0.000000
vt 0.729167 0.166667
vt 0.729167 0.333333
vt 0.750000 0.500000
vt 0.729167 0.500000
vt 0.750000 0.833333
vt 0.729167 1.000000
vt 0.729167 -0.000000
vt 0.750000 0.166667
vt 0.770833 0.500000
vt 0.750000 0.666667
vt 0.770833 0.833333
vt 0.750000 1.000000
vt 0.750000 -0.000000
vt 0.770833 0.166667
vt 0.750000 0.333333
vt 0.791667 0.666667
vt 0.770833 0.666667
vt 0.791667 0.833333
vt 0.770833 1.000000
vt 0.770833 -0.000000
vt 0.791667 0.166667
vt 0.770833 0.333333
vt 0.791667 0.333333
vt 0.791667 0.500000
vt 0.812500 0.666667
vt 0.812500 0.833333
vt 0.791667 1.000000
vt 0.791667 -0.000000
vt 0.812500 0.166667
vt 0.812500 0.333333
vt 0.812500 0.500000
vt 0.833333 0.666667
vt 0.833333 1.000000
vt 0.812500 1.000000
vt 0.833333 -0.000000
vt 0.812500 -0.000000
vt 0.833333 0.333333
vt 0.833333 0.500000
vt 0.854167 0.666667
vt 0.833333 0.833333
vt 0.854167 1.000000
vt 0.854167 -0.000000
vt 0.833333 0.166667
vt 0.854167 0.333333
vt 0.875000 0.500000
vt 0.854167 0.500000
vt 0.875000 0.666667
vt 0.854167 0.833333
vt 0.875000 0.833333
vt 0.875000 -0.000000
vt 0.854167 0.166667
vt 0.875000 0.166667
vt 0.895833 0.500000
vt 0.895833 0.833333
vt 0.875000 1.000000
vt 0.895833 0.166667
vt 0.875000 0.333333
vt 0.916667 0.666667
vt 0.895833 0.666667
vt 0.916667 0.833333
vt 0.916667 1.000000
vt 0.895833 1.000000
vt 0.916667 -0.000000
vt 0.895833 -0.000000
vt 0.916667 0.166667
vt 0.895833 0.333333
vt 0.916667 0.333333
vt 0.916667 0.500000
vt 0.937500 0.666667
vt 0.937500 0.833333
vt 0.937500 -0.000000
vt 0.937500 0.166667
vt 0.937500 0.333333
vt 0.958333 0.500000
vt 0.937500 0.500000
vt 0.958333 0.833333
vt 0.958333 1.000000
vt 0.937500 1.000000
vt 0.958333 -0.000000
vt 0.958333 0.166667
vt 0.979167 0.500000
vt 0.958333 0.666667
vt 0.979167 0.666667
vt 0.979167 1.000000
vt 0.979167 -0.000000
vt 0.979167 0.333333
vt 0.958333 0.333333
vt 1.000000 0.666667
vt 0.979167 0.833333
vt 1.000000 1.000000
vt 1.000000 -0.000000
vt 0.979167 0.166667
vt 1.000000 0.166667
vt 1.000000 0.333333
vt 0.020833 0.500000
vt 0.000000 0.666667
vt 0.000000 0.500000
vt 0.020833 0.833333
vt 0.000000 0.833333
vt 0.000000 1.000000
vt 0.000000 -0.000000
vt 0.020833 0.166667
vt 0.000000 0.166667
vt 0.000000 0.333333
vt 0.041667 0.666667
vt 0.020833 0.666667
vt 0.041667 0.833333
vt 0.020833 1.000000
vt 0.020833 -0.000000
vt 0.041667 0.166667
vt 0.020833 0.333333
vt 0.041667 0.333333
vt 0.041667 0.500000
vt 0.062500 0.666667
vt 0.062500 0.833333
vt 0.041667 1.000000
vt 0.041667 -0.000000
vt 0.062500 0.166667
vt 0.062500 0.333333
vt 0.062500 0.500000
vt 0.083333 0.666667
vt 0.083333 0.833333
vt 0.062500 1.000000
vt 0.062500 -0.000000
vt 0.083333 0.166667
vt 0.083333 0.333333
vt 0.083333 0.500000
vt 0.104167 0.666667
vt 0.104167 0.833333
vt 0.083333 1.000000
vt 0.083333 -0.000000
vt 0.104167 0.166667
vt 0.104167 0.333333
vt 0.104167 0.500000
vt 0.125000 0.666667
vt 0.125000 1.000000
vt 0.104167 1.000000
vt 0.125000 -0.000000
vt 0.104167 -0.000000
vt 0.125000 0.333333
vt 0.125000 0.500000
vt 0.145833 0.666667
vt 0.145833 0.833333
vt 0.125000 0.833333
vt 0.145833 0.166667
vt 0.125000 0.166667
vt 0.145833 0.333333
vt 0.145833 0.500000
vt 0.158033 0.569069
vt 0.154435 0.735482
vt 0.150586 0.833333
vt 0.147583 0.986000
vt 0.145833 1.000000
vt 0.147583 0.014000
vt 0.150586 0.166667
vt 0.154435 0.264518
vt 0.158033 0.430931
vt 0.207633 0.505607
vt 0.207233 0.500000
vt 0.208333 0.500000
vt 0.207633 0.494393
vt 0.227461 0.666667
vt 0.208333 0.514776
vt 0.228601 0.671193
vt 0.229167 0.666667
vt 0.228601 0.328808
vt 0.229167 0.333333
vt 0.227461 0.333333
vt 0.208333 0.485224
vt 0.250000 0.500000
vt 0.229167 0.500000
vt 0.229167 0.673264
vt 0.230141 0.674461
vt 0.229167 0.326736
vt 0.230141 0.325539
vt 0.270833 0.666667
vt 0.250000 0.666667
vt 0.269859 0.674461
vt 0.250000 0.699994
vt 0.269859 0.325539
vt 0.250000 0.333333
vt 0.250000 0.300006
vt 0.270833 0.333333
vt 0.291667 0.500000
vt 0.270833 0.500000
vt 0.272539 0.666667
vt 0.270833 0.673265
vt 0.270833 0.326735
vt 0.272539 0.333333
vt 0.292368 0.505607
vt 0.291667 0.514777
vt 0.292368 0.494393
vt 0.291667 0.485223
vt 0.343837 0.582636
vt 0.342606 0.500000
vt 0.354167 0.500000
vt 0.351465 0.833333
vt 0.350524 0.804191
vt 0.354167 0.833333
vt 0.351775 0.852470
vt 0.351775 0.147530
vt 0.354167 0.166667
vt 0.351465 0.166667
vt 0.350524 0.195809
vt 0.343837 0.417364
vt 0.375000 0.666667
vt 0.354167 0.666667
vt 0.375000 0.833333
vt 0.354710 0.995652
vt 0.354167 0.970669
vt 0.354710 0.004348
vt 0.375000 0.166667
vt 0.354167 0.333333
vt 0.375000 0.333333
vt 0.375000 0.500000
vt 0.395833 0.666667
vt 0.395833 0.833333
vt 0.375000 1.000000
vt 0.375000 -0.000000
vt 0.395833 0.166667
vt 0.395833 0.333333
vt 0.416667 0.500000
vt 0.395833 0.500000
vt 0.416667 0.666667
vt 0.416667 0.833333
vt 0.395833 1.000000
vt 0.395833 -0.000000
vt 0.416667 0.166667
vt 0.416667 0.333333
vt 0.437500 0.500000
vt 0.437500 0.833333
vt 0.416667 1.000000
vt 0.416667 -0.000000
vt 0.437500 0.166667
vt 0.458333 0.666667
vt 0.437500 0.666667
vt 0.458333 1.000000
vt 0.437500 1.000000
vt 0.458333 -0.000000
vt 0.437500 -0.000000
vt 0.458333 0.333333
vt 0.437500 0.333333
vt 0.458333 0.500000
vt 0.479167 0.666667
vt 0.479167 0.833333
vt 0.458333 0.833333
vt 0.479167 1.000000
vt 0.479167 -0.000000
vt 0.458333 0.166667
vt 0.479167 0.166667
vt 0.479167 0.333333
vt 0.479167 0.500000
vt 1.000000 0.500000
vt 1.000000 0.833333
vt 0.145833 -0.000000
vt 0.156540 0.666667
vt 0.147351 1.000000
vt 0.147351 -0.000000
vt 0.156540 0.333333
vt 0.292767 0.500000
vt 0.345402 0.666667
vt 0.354167 0.029331
vt 0.345402 0.333333
vt 0.354823 1.000000
vt 0.354710 0.004348
vt 0.354823 -0.000000
vt 0.470025 0.367217
vt 0.486357 0.376370
vt 0.486357 0.373630
vt 0.435963 0.878225
vt 0.455602 0.882783
vt 0.435963 0.871775
vt 0.250690 0.566743
vt 0.250262 0.565725
vt 0.249738 0.565725
vt 0.147764 0.817886
vt 0.147064 0.990156
vt 0.147667 0.833333
vt 0.148993 0.641387
vt 0.148914 0.666667
vt 0.148768 0.309859
vt 0.148914 0.333333
vt 0.148993 0.358613
vt 0.147667 0.166667
vt 0.149528 0.500000
vt 0.147064 0.009844
vt 0.147033 -0.000000
vt 0.147064 0.009844
vt 0.354167 0.798002
vt 0.353168 0.666667
vt 0.354467 0.833333
vt 0.354479 0.835835
vt 0.355181 1.000000
vt 0.355181 -0.000000
vt 0.354479 0.164164
vt 0.353142 0.341528
vt 0.352582 0.512675
vt 0.352543 0.500000
vt 0.353168 0.333333
vt 0.354167 0.201998
vt 0.354467 0.166667
vt 0.147033 1.000000
vt 0.486357 0.374202
vt 0.486357 0.377167
vt 0.490531 0.375685
vt 0.478827 0.873058
vt 0.476578 0.874315
vt 0.478827 0.875573
vt 0.159286 0.500000
vt 0.440047 0.371141
vt 0.433148 0.375000
vt 0.440047 0.378859
vt 0.447062 0.382783
vt 0.470025 0.382783
vt 0.474891 0.382783
vt 0.476489 0.381889
vt 0.488664 0.375203
vt 0.488663 0.374797
vt 0.489065 0.375000
vt 0.447062 0.367217
vt 0.476489 0.368111
vt 0.474891 0.367217
vt 0.485854 0.875000
vt 0.484686 0.874346
vt 0.484686 0.875654
vt 0.471940 0.867217
vt 0.455602 0.867218
vt 0.444111 0.867218
vt 0.471940 0.882783
vt 0.444111 0.882783
vt 0.430197 0.875000
vt 0.249738 0.686547
vt 0.250000 0.687170
vt 0.250262 0.686547
vt 0.250690 0.685528
vt 0.249310 0.685528
vt 0.257783 0.657732
vt 0.257783 0.656076
vt 0.242217 0.657732
vt 0.242217 0.656076
vt 0.257783 0.655317
vt 0.242217 0.655317
vt 0.242217 0.654012
vt 0.257783 0.654012
vt 0.242217 0.626136
vt 0.257783 0.626136
vt 0.257783 0.598260
vt 0.242217 0.598260
vt 0.257783 0.596954
vt 0.249310 0.566743
vt 0.242217 0.594539
vt 0.242217 0.596954
vt 0.257783 0.594539
vt 0.250000 0.565102
vt 0.482180 0.374202
vt 0.482049 0.374275
vt 0.479529 0.375685
vt 0.479731 0.375797
vt 0.482180 0.377167
vt 0.487599 0.377167
vt 0.487643 0.377145
vt 0.487644 0.374225
vt 0.487599 0.374202
vt 0.487180 0.874315
vt 0.487023 0.874228
vt 0.487023 0.874403
vt 0.484529 0.872833
vt 0.484038 0.872833
vt 0.479228 0.872833
vt 0.484529 0.875798
vt 0.479228 0.875798
vt 0.479975 0.875798
s 0
usemtl Rim
f 1/1/1 8/2/1 2/3/1
f 2/3/2 9/4/2 3/5/2
f 9/4/3 4/6/3 3/5/3
f 4/7/4 11/8/4 5/9/4
f 11/8/5 6/10/5 5/9/5
f 12/11/6 1/1/6 6/10/6
f 13/12/7 8/2/7 7/13/7
f 14/14/2 9/4/2 8/2/2
f 15/15/8 10/16/8 9/4/8
f 10/17/9 17/18/9 11/8/9
f 11/8/5 18/19/5 12/11/5
f 12/11/10 13/12/10 7/13/10
f 13/12/11 20/20/11 14/14/11
f 14/14/2 21/21/2 15/15/2
f 21/21/12 16/22/12 15/15/12
f 16/23/13 23/24/13 17/18/13
f 23/24/5 18/19/5 17/18/5
f 24/25/14 13/12/14 18/19/14
f 19/26/15 26/27/15 20/20/15
f 26/27/2 21/21/2 20/20/2
f 27/28/16 22/29/16 21/21/16
f 22/30/17 29/31/17 23/24/17
f 23/24/5 30/32/5 24/25/5
f 30/32/18 19/26/18 24/25/18
f 25/33/19 32/34/19 26/27/19
f 26/27/2 33/35/2 27/28/2
f 27/28/20 34/36/20 28/37/20
f 34/38/21 29/31/21 28/39/21
f 35/40/5 30/32/5 29/31/5
f 36/41/22 25/33/22 30/32/22
f 31/42/23 38/43/23 32/34/23
f 38/43/2 33/35/2 32/34/2
f 33/35/24 40/44/24 34/36/24
f 40/45/25 35/40/25 34/38/25
f 35/40/5 42/46/5 36/41/5
f 42/46/26 31/42/26 36/41/26
f 37/47/27 44/48/27 38/43/27
f 44/48/2 39/49/2 38/43/2
f 39/49/28 46/50/28 40/44/28
f 46/51/29 41/52/29 40/45/29
f 41/52/5 48/53/5 42/46/5
f 48/53/30 37/47/30 42/46/30
f 43/54/31 50/55/31 44/48/31
f 50/55/2 45/56/2 44/48/2
f 45/56/32 52/57/32 46/50/32
f 52/58/33 47/59/33 46/51/33
f 47/59/5 54/60/5 48/53/5
f 54/60/34 43/54/34 48/53/34
f 49/61/35 56/62/35 50/55/35
f 56/62/2 51/63/2 50/55/2
f 51/63/36 58/64/36 52/57/36
f 58/65/37 53/66/37 52/58/37
f 53/66/5 60/67/5 54/60/5
f 60/67/38 49/61/38 54/60/38
f 61/68/39 56/62/39 55/69/39
f 62/70/2 57/71/2 56/62/2
f 63/72/40 58/64/40 57/71/40
f 58/65/41 65/73/41 59/74/41
f 59/74/5 66/75/5 60/67/5
f 60/67/42 61/68/42 55/69/42
f 61/68/43 68/76/43 62/70/43
f 62/70/2 69/77/2 63/72/2
f 69/77/44 64/78/44 63/72/44
f 64/79/45 71/80/45 65/73/45
f 71/80/5 66/75/5 65/73/5
f 72/81/46 61/68/46 66/75/46
f 73/82/47 68/76/47 67/83/47
f 68/76/2 75/84/2 69/77/2
f 75/84/48 70/85/48 69/77/48
f 70/86/49 77/87/49 71/80/49
f 77/87/5 72/81/5 71/80/5
f 72/81/50 73/82/50 67/83/50
f 79/88/51 74/89/51 73/82/51
f 74/89/2 81/90/2 75/84/2
f 81/90/52 76/91/52 75/84/52
f 76/92/53 83/93/53 77/87/53
f 83/93/5 78/94/5 77/87/5
f 78/94/54 79/88/54 73/82/54
f 79/88/55 86/95/55 80/96/55
f 80/96/2 87/97/2 81/90/2
f 87/97/56 82/98/56 81/90/56
f 82/99/57 89/100/57 83/93/57
f 89/100/5 84/101/5 83/93/5
f 90/102/58 79/88/58 84/101/58
f 85/103/59 92/104/59 86/95/59
f 92/104/2 87/97/2 86/95/2
f 93/105/60 88/106/60 87/97/60
f 88/107/61 95/108/61 89/100/61
f 89/100/5 96/109/5 90/102/5
f 96/109/62 85/103/62 90/102/62
f 91/110/63 98/111/63 92/104/63
f 98/111/2 93/105/2 92/104/2
f 93/105/64 100/112/64 94/113/64
f 100/114/65 95/108/65 94/115/65
f 95/108/5 102/116/5 96/109/5
f 102/116/66 91/110/66 96/109/66
f 97/117/67 104/118/67 98/111/67
f 104/118/2 99/119/2 98/111/2
f 99/119/68 106/120/68 100/112/68
f 106/121/69 101/122/69 100/114/69
f 101/122/5 108/123/5 102/116/5
f 108/123/70 97/117/70 102/116/70
f 109/124/71 104/118/71 103/125/71
f 110/126/2 105/127/2 104/118/2
f 111/128/72 106/120/72 105/127/72
f 112/129/73 107/130/73 106/121/73
f 113/131/5 108/123/5 107/130/5
f 108/123/74 109/124/74 103/125/74
f 115/132/75 110/126/75 109/124/75
f 110/126/2 117/133/2 111/128/2
f 117/133/76 112/134/76 111/128/76
f 112/129/77 119/135/77 113/131/77
f 119/135/5 114/136/5 113/131/5
f 114/136/78 115/132/78 109/124/78
f 115/132/79 122/137/79 116/138/79
f 116/138/2 123/139/2 117/133/2
f 117/133/80 124/140/80 118/141/80
f 124/142/81 119/135/81 118/143/81
f 125/144/5 120/145/5 119/135/5
f 126/146/82 115/132/82 120/145/82
f 121/147/83 128/148/83 122/137/83
f 122/137/2 129/149/2 123/139/2
f 129/149/84 124/140/84 123/139/84
f 130/150/85 125/144/85 124/142/85
f 131/151/5 126/146/5 125/144/5
f 132/152/86 121/147/86 126/146/86
f 133/153/87 128/148/87 127/154/87
f 128/148/2 135/155/2 129/149/2
f 129/149/88 136/156/88 130/157/88
f 136/158/89 131/151/89 130/150/89
f 137/159/5 132/152/5 131/151/5
f 132/152/90 133/153/90 127/154/90
f 139/160/91 134/161/91 133/153/91
f 140/162/2 135/155/2 134/161/2
f 135/155/92 142/163/92 136/156/92
f 142/164/93 137/159/93 136/158/93
f 137/159/5 144/165/5 138/166/5
f 138/166/94 139/160/94 133/153/94
f 139/160/95 146/167/95 140/162/95
f 146/167/2 141/168/2 140/162/2
f 141/168/96 148/169/96 142/163/96
f 148/170/97 143/171/97 142/164/97
f 149/172/5 144/165/5 143/171/5
f 150/173/98 139/160/98 144/165/98
f 151/174/3 146/175/3 145/176/3
f 146/175/2 153/177/2 147/178/2
f 153/177/1 148/179/1 147/178/1
f 148/180/6 155/181/6 149/182/6
f 155/181/5 150/183/5 149/182/5
f 150/183/4 151/174/4 145/176/4
f 151/174/8 158/184/8 152/185/8
f 152/185/2 159/186/2 153/177/2
f 159/186/7 154/187/7 153/177/7
f 154/188/10 161/189/10 155/181/10
f 161/189/5 156/190/5 155/181/5
f 162/191/9 151/174/9 156/190/9
f 157/192/12 164/193/12 158/184/12
f 164/193/2 159/186/2 158/184/2
f 165/194/11 160/195/11 159/186/11
f 160/196/14 167/197/14 161/189/14
f 161/189/5 168/198/5 162/191/5
f 168/198/13 157/192/13 162/191/13
f 163/199/16 170/200/16 164/193/16
f 170/200/2 165/194/2 164/193/2
f 171/201/15 166/202/15 165/194/15
f 166/203/18 173/204/18 167/197/18
f 167/197/5 174/205/5 168/198/5
f 174/205/17 163/199/17 168/198/17
f 169/206/20 176/207/20 170/200/20
f 176/207/2 171/201/2 170/200/2
f 177/208/19 172/209/19 171/201/19
f 172/210/22 179/211/22 173/204/22
f 173/204/5 180/212/5 174/205/5
f 180/212/21 169/206/21 174/205/21
f 175/213/24 182/214/24 176/207/24
f 182/214/2 177/208/2 176/207/2
f 177/208/23 184/215/23 178/216/23
f 184/217/26 179/211/26 178/218/26
f 179/211/5 186/219/5 180/212/5
f 186/219/25 175/213/25 180/212/25
f 181/220/28 188/221/28 182/214/28
f 182/214/2 189/222/2 183/223/2
f 189/222/27 184/215/27 183/223/27
f 184/217/30 191/224/30 185/225/30
f 191/224/5 186/219/5 185/225/5
f 192/226/29 181/220/29 186/219/29
f 187/227/32 245/228/32 188/221/32
f 189/222/2 248/229/2 247/230/2
f 189/222/31 249/231/31 190/232/31
f 191/224/34 250/233/34 251/234/34
f 252/235/5 191/224/5 251/234/5
f 253/236/33 187/227/33 192/226/33
f 254/237/40 255/238/40 193/239/40
f 255/238/41 256/240/41 193/239/41
f 193/239/44 257/241/44 258/242/44
f 259/243/2 257/241/2 195/244/2
f 260/245/5 196/246/5 261/247/5
f 261/247/45 193/239/45 262/248/45
f 197/249/48 195/244/48 194/250/48
f 264/251/2 195/244/2 263/252/2
f 266/253/5 265/254/5 196/246/5
f 196/246/49 197/249/49 194/250/49
f 197/249/52 201/255/52 198/256/52
f 198/256/2 267/257/2 268/258/2
f 269/259/5 199/260/5 270/261/5
f 202/262/53 197/249/53 199/260/53
f 203/263/56 201/255/56 200/264/56
f 201/255/2 271/265/2 272/266/2
f 202/262/5 274/267/5 273/268/5
f 202/262/57 203/263/57 200/264/57
f 203/263/60 275/269/60 276/270/60
f 277/271/61 203/263/61 278/272/61
f 279/273/68 280/274/68 204/275/68
f 281/276/2 282/277/2 206/278/2
f 281/276/67 206/278/67 283/279/67
f 284/280/70 207/281/70 285/282/70
f 285/282/5 207/281/5 286/283/5
f 280/274/69 287/284/69 204/275/69
f 204/275/72 210/285/72 205/286/72
f 205/286/2 211/287/2 206/278/2
f 206/278/71 289/288/71 288/289/71
f 207/281/74 291/290/74 213/291/74
f 213/291/5 208/292/5 207/281/5
f 214/293/73 204/275/73 208/292/73
f 209/294/76 216/295/76 210/285/76
f 210/285/2 217/296/2 211/287/2
f 217/296/75 212/297/75 211/287/75
f 212/298/78 219/299/78 213/291/78
f 219/299/5 214/293/5 213/291/5
f 220/300/77 209/294/77 214/293/77
f 221/301/80 216/295/80 215/302/80
f 222/303/2 217/296/2 216/295/2
f 223/304/79 218/305/79 217/296/79
f 218/306/82 225/307/82 219/299/82
f 219/299/5 226/308/5 220/300/5
f 220/300/81 221/301/81 215/302/81
f 227/309/84 222/303/84 221/301/84
f 222/303/2 229/310/2 223/304/2
f 229/310/83 224/311/83 223/304/83
f 224/312/86 231/313/86 225/307/86
f 231/313/5 226/308/5 225/307/5
f 226/308/85 227/309/85 221/301/85
f 227/309/88 234/314/88 228/315/88
f 234/314/2 229/310/2 228/315/2
f 229/310/87 236/316/87 230/317/87
f 236/318/90 231/313/90 230/319/90
f 231/313/5 238/320/5 232/321/5
f 238/320/89 227/309/89 232/321/89
f 233/322/92 240/323/92 234/314/92
f 234/314/2 241/324/2 235/325/2
f 235/325/91 242/326/91 236/316/91
f 242/327/94 237/328/94 236/318/94
f 243/329/5 238/320/5 237/328/5
f 244/330/93 233/322/93 238/320/93
f 1/1/96 240/323/96 239/331/96
f 2/3/2 241/324/2 240/323/2
f 241/324/95 4/6/95 242/326/95
f 4/7/98 243/329/98 242/327/98
f 243/329/5 6/10/5 244/330/5
f 244/330/97 1/1/97 239/331/97
f 1/1/1 7/13/1 8/2/1
f 2/3/2 8/2/2 9/4/2
f 9/4/3 10/16/3 4/6/3
f 4/7/4 10/17/4 11/8/4
f 11/8/5 12/11/5 6/10/5
f 12/11/6 7/13/6 1/1/6
f 13/12/7 14/14/7 8/2/7
f 14/14/2 15/15/2 9/4/2
f 15/15/8 16/22/8 10/16/8
f 10/17/9 16/23/9 17/18/9
f 11/8/5 17/18/5 18/19/5
f 12/11/10 18/19/10 13/12/10
f 13/12/11 19/26/11 20/20/11
f 14/14/2 20/20/2 21/21/2
f 21/21/12 22/29/12 16/22/12
f 16/23/13 22/30/13 23/24/13
f 23/24/5 24/25/5 18/19/5
f 24/25/14 19/26/14 13/12/14
f 19/26/15 25/33/15 26/27/15
f 26/27/2 27/28/2 21/21/2
f 27/28/16 28/37/16 22/29/16
f 22/30/17 28/39/17 29/31/17
f 23/24/5 29/31/5 30/32/5
f 30/32/18 25/33/18 19/26/18
f 25/33/19 31/42/19 32/34/19
f 26/27/2 32/34/2 33/35/2
f 27/28/20 33/35/20 34/36/20
f 34/38/21 35/40/21 29/31/21
f 35/40/5 36/41/5 30/32/5
f 36/41/22 31/42/22 25/33/22
f 31/42/23 37/47/23 38/43/23
f 38/43/2 39/49/2 33/35/2
f 33/35/24 39/49/24 40/44/24
f 40/45/25 41/52/25 35/40/25
f 35/40/5 41/52/5 42/46/5
f 42/46/26 37/47/26 31/42/26
f 37/47/27 43/54/27 44/48/27
f 44/48/2 45/56/2 39/49/2
f 39/49/28 45/56/28 46/50/28
f 46/51/29 47/59/29 41/52/29
f 41/52/5 47/59/5 48/53/5
f 48/53/30 43/54/30 37/47/30
f 43/54/31 49/61/31 50/55/31
f 50/55/2 51/63/2 45/56/2
f 45/56/32 51/63/32 52/57/32
f 52/58/33 53/66/33 47/59/33
f 47/59/5 53/66/5 54/60/5
f 54/60/34 49/61/34 43/54/34
f 49/61/35 55/69/35 56/62/35
f 56/62/2 57/71/2 51/63/2
f 51/63/36 57/71/36 58/64/36
f 58/65/37 59/74/37 53/66/37
f 53/66/5 59/74/5 60/67/5
f 60/67/38 55/69/38 49/61/38
f 61/68/39 62/70/39 56/62/39
f 62/70/2 63/72/2 57/71/2
f 63/72/40 64/78/40 58/64/40
f 58/65/41 64/79/41 65/73/41
f 59/74/5 65/73/5 66/75/5
f 60/67/42 66/75/42 61/68/42
f 61/68/43 67/83/43 68/76/43
f 62/70/2 68/76/2 69/77/2
f 69/77/44 70/85/44 64/78/44
f 64/79/45 70/86/45 71/80/45
f 71/80/5 72/81/5 66/75/5
f 72/81/46 67/83/46 61/68/46
f 73/82/47 74/89/47 68/76/47
f 68/76/2 74/89/2 75/84/2
f 75/84/48 76/91/48 70/85/48
f 70/86/49 76/92/49 77/87/49
f 77/87/5 78/94/5 72/81/5
f 72/81/50 78/94/50 73/82/50
f 79/88/51 80/96/51 74/89/51
f 74/89/2 80/96/2 81/90/2
f 81/90/52 82/98/52 76/91/52
f 76/92/53 82/99/53 83/93/53
f 83/93/5 84/101/5 78/94/5
f 78/94/54 84/101/54 79/88/54
f 79/88/55 85/103/55 86/95/55
f 80/96/2 86/95/2 87/97/2
f 87/97/56 88/106/56 82/98/56
f 82/99/57 88/107/57 89/100/57
f 89/100/5 90/102/5 84/101/5
f 90/102/58 85/103/58 79/88/58
f 85/103/59 91/110/59 92/104/59
f 92/104/2 93/105/2 87/97/2
f 93/105/60 94/113/60 88/106/60
f 88/107/61 94/115/61 95/108/61
f 89/100/5 95/108/5 96/109/5
f 96/109/62 91/110/62 85/103/62
f 91/110/63 97/117/63 98/111/63
f 98/111/2 99/119/2 93/105/2
f 93/105/64 99/119/64 100/112/64
f 100/114/65 101/122/65 95/108/65
f 95/108/5 101/122/5 102/116/5
f 102/116/66 97/117/66 91/110/66
f 97/117/67 103/125/67 104/118/67
f 104/118/2 105/127/2 99/119/2
f 99/119/68 105/127/68 106/120/68
f 106/121/69 107/130/69 101/122/69
f 101/122/5 107/130/5 108/123/5
f 108/123/70 103/125/70 97/117/70
f 109/124/71 110/126/71 104/118/71
f 110/126/2 111/128/2 105/127/2
f 111/128/72 112/134/72 106/120/72
f 112/129/73 113/131/73 107/130/73
f 113/131/5 114/136/5 108/123/5
f 108/123/74 114/136/74 109/124/74
f 115/132/75 116/138/75 110/126/75
f 110/126/2 116/138/2 117/133/2
f 117/133/76 118/141/76 112/134/76
f 112/129/77 118/143/77 119/135/77
f 119/135/5 120/145/5 114/136/5
f 114/136/78 120/145/78 115/132/78
f 115/132/79 121/147/79 122/137/79
f 116/138/2 122/137/2 123/139/2
f 117/133/80 123/139/80 124/140/80
f 124/142/81 125/144/81 119/135/81
f 125/144/5 126/146/5 120/145/5
f 126/146/82 121/147/82 115/132/82
f 121/147/83 127/154/83 128/148/83
f 122/137/2 128/148/2 129/149/2
f 129/149/84 130/157/84 124/140/84
f 130/150/85 131/151/85 125/144/85
f 131/151/5 132/152/5 126/146/5
f 132/152/86 127/154/86 121/147/86
f 133/153/87 134/161/87 128/148/87
f 128/148/2 134/161/2 135/155/2
f 129/149/88 135/155/88 136/156/88
f 136/158/89 137/159/89 131/151/89
f 137/159/5 138/166/5 132/152/5
f 132/152/90 138/166/90 133/153/90
f 139/160/91 140/162/91 134/161/91
f 140/162/2 141/168/2 135/155/2
f 135/155/92 141/168/92 142/163/92
f 142/164/93 143/171/93 137/159/93
f 137/159/5 143/171/5 144/165/5
f 138/166/94 144/165/94 139/160/94
f 139/160/95 145/332/95 146/167/95
f 146/167/2 147/333/2 141/168/2
f 141/168/96 147/333/96 148/169/96
f 148/170/97 149/172/97 143/171/97
f 149/172/5 150/173/5 144/165/5
f 150/173/98 145/332/98 139/160/98
f 151/174/3 152/185/3 146/175/3
f 146/175/2 152/185/2 153/177/2
f 153/177/1 154/187/1 148/179/1
f 148/180/6 154/188/6 155/181/6
f 155/181/5 156/190/5 150/183/5
f 150/183/4 156/190/4 151/174/4
f 151/174/8 157/192/8 158/184/8
f 152/185/2 158/184/2 159/186/2
f 159/186/7 160/195/7 154/187/7
f 154/188/10 160/196/10 161/189/10
f 161/189/5 162/191/5 156/190/5
f 162/191/9 157/192/9 151/174/9
f 157/192/12 163/199/12 164/193/12
f 164/193/2 165/194/2 159/186/2
f 165/194/11 166/202/11 160/195/11
f 160/196/14 166/203/14 167/197/14
f 161/189/5 167/197/5 168/198/5
f 168/198/13 163/199/13 157/192/13
f 163/199/16 169/206/16 170/200/16
f 170/200/2 171/201/2 165/194/2
f 171/201/15 172/209/15 166/202/15
f 166/203/18 172/210/18 173/204/18
f 167/197/5 173/204/5 174/205/5
f 174/205/17 169/206/17 163/199/17
f 169/206/20 175/213/20 176/207/20
f 176/207/2 177/208/2 171/201/2
f 177/208/19 178/216/19 172/209/19
f 172/210/22 178/218/22 179/211/22
f 173/204/5 179/211/5 180/212/5
f 180/212/21 175/213/21 169/206/21
f 175/213/24 181/220/24 182/214/24
f 182/214/2 183/223/2 177/208/2
f 177/208/23 183/223/23 184/215/23
f 184/217/26 185/225/26 179/211/26
f 179/211/5 185/225/5 186/219/5
f 186/219/25 181/220/25 175/213/25
f 181/220/28 187/227/28 188/221/28
f 182/214/2 188/221/2 189/222/2
f 189/222/27 190/232/27 184/215/27
f 184/217/30 190/334/30 191/224/30
f 191/224/5 192/226/5 186/219/5
f 192/226/29 187/227/29 181/220/29
f 188/221/32 245/228/32 292/335/32
f 188/221/2 292/335/2 248/229/2
f 190/232/31 249/231/31 293/336/31
f 190/334/34 293/337/34 250/233/34
f 192/226/5 252/235/5 294/338/5
f 192/226/33 294/338/33 253/236/33
f 193/239/40 258/242/40 254/237/40
f 262/248/41 193/239/41 256/240/41
f 193/239/44 194/250/44 195/244/44
f 195/244/2 264/251/2 259/243/2
f 196/246/5 260/245/5 266/253/5
f 196/246/45 194/250/45 193/239/45
f 197/249/48 198/256/48 195/244/48
f 263/252/2 198/256/2 268/258/2
f 199/260/5 265/254/5 270/261/5
f 196/246/49 199/260/49 197/249/49
f 197/249/52 200/264/52 201/255/52
f 272/266/2 267/257/2 201/255/2
f 274/267/5 202/262/5 269/259/5
f 202/262/53 200/264/53 197/249/53
f 271/265/56 203/263/56 276/270/56
f 203/263/57 273/268/57 278/272/57
f 275/269/60 203/263/60 295/339/60
f 203/263/61 277/271/61 295/339/61
f 205/286/68 279/273/68 204/275/68
f 205/286/2 282/277/2 296/340/2
f 283/279/67 206/278/67 288/289/67
f 290/341/70 207/281/70 284/280/70
f 208/292/5 286/283/5 207/281/5
f 208/292/69 287/284/69 297/342/69
f 204/275/72 209/294/72 210/285/72
f 205/286/2 210/285/2 211/287/2
f 289/288/71 212/297/71 298/343/71
f 212/298/74 291/344/74 298/345/74
f 213/291/5 214/293/5 208/292/5
f 214/293/73 209/294/73 204/275/73
f 209/294/76 215/302/76 216/295/76
f 210/285/2 216/295/2 217/296/2
f 217/296/75 218/305/75 212/297/75
f 212/298/78 218/306/78 219/299/78
f 219/299/5 220/300/5 214/293/5
f 220/300/77 215/302/77 209/294/77
f 221/301/80 222/303/80 216/295/80
f 222/303/2 223/304/2 217/296/2
f 223/304/79 224/311/79 218/305/79
f 218/306/82 224/312/82 225/307/82
f 219/299/5 225/307/5 226/308/5
f 220/300/81 226/308/81 221/301/81
f 227/309/84 228/315/84 222/303/84
f 222/303/2 228/315/2 229/310/2
f 229/310/83 230/317/83 224/311/83
f 224/312/86 230/319/86 231/313/86
f 231/313/5 232/321/5 226/308/5
f 226/308/85 232/321/85 227/309/85
f 227/309/88 233/322/88 234/314/88
f 234/314/2 235/325/2 229/310/2
f 229/310/87 235/325/87 236/316/87
f 236/318/90 237/328/90 231/313/90
f 231/313/5 237/328/5 238/320/5
f 238/320/89 233/322/89 227/309/89
f 233/322/92 239/331/92 240/323/92
f 234/314/2 240/323/2 241/324/2
f 235/325/91 241/324/91 242/326/91
f 242/327/94 243/329/94 237/328/94
f 243/329/5 244/330/5 238/320/5
f 244/330/93 239/331/93 233/322/93
f 1/1/96 2/3/96 240/323/96
f 2/3/2 3/5/2 241/324/2
f 241/324/95 3/5/95 4/6/95
f 4/7/98 5/9/98 243/329/98
f 243/329/5 5/9/5 6/10/5
f 244/330/97 6/10/97 1/1/97
f 286/346/99 288/347/99 290/348/99
f 253/349/100 252/350/100 245/351/100
f 276/352/101 275/353/101 277/354/101
f 553/382/99 542/383/99 546/384/99
f 534/385/100 539/386/100 537/387/100
f 187/227/32 246/388/32 245/228/32
f 189/222/2 188/221/2 248/229/2
f 189/222/31 247/230/31 249/231/31
f 191/224/34 190/334/34 250/233/34
f 252/235/5 192/226/5 191/224/5
f 253/236/33 246/388/33 187/227/33
f 193/239/107 195/244/107 257/241/107
f 261/247/108 196/246/108 193/239/108
f 198/256/2 201/255/2 267/257/2
f 269/259/5 202/262/5 199/260/5
f 206/278/71 211/287/71 289/288/71
f 207/281/74 290/341/74 291/290/74
f 263/252/2 195/244/2 198/256/2
f 199/260/5 196/246/5 265/254/5
f 271/265/109 201/255/109 203/263/109
f 203/263/57 202/262/57 273/268/57
f 205/286/68 296/340/68 279/273/68
f 205/286/2 206/278/2 282/277/2
f 208/292/5 297/342/5 286/283/5
f 208/292/69 204/275/69 287/284/69
f 289/288/71 211/287/71 212/297/71
f 212/298/74 213/291/74 291/344/74
f 287/389/99 280/390/99 279/391/99
f 279/391/99 296/392/99 282/393/99
f 282/393/99 281/394/99 283/395/99
f 288/347/110 289/396/110 291/397/110
f 289/396/99 298/398/99 291/397/99
f 282/393/99 283/395/99 288/347/99
f 287/389/99 279/391/99 282/393/99
f 286/346/99 297/399/99 287/389/99
f 284/400/99 285/401/99 286/346/99
f 291/397/99 290/348/99 288/347/99
f 290/348/99 284/400/99 286/346/99
f 286/346/99 287/389/99 282/393/99
f 282/393/99 288/347/99 286/346/99
f 293/402/100 249/403/100 250/404/100
f 249/403/100 247/405/100 248/406/100
f 248/406/100 292/407/100 245/351/100
f 249/403/100 248/406/100 250/404/100
f 251/408/100 250/404/100 252/350/100
f 252/350/100 250/404/100 248/406/100
f 253/349/100 294/409/100 252/350/100
f 248/406/100 245/351/100 252/350/100
f 245/351/100 246/410/100 253/349/100
f 256/411/101 255/412/101 254/413/101
f 254/413/101 258/414/101 262/415/101
f 258/414/101 257/416/101 262/415/101
f 257/416/101 259/417/101 261/418/101
f 262/415/101 257/416/101 261/418/101
f 262/415/101 256/411/101 254/413/101
f 260/419/101 261/418/101 259/417/101
f 260/419/101 259/417/101 264/420/101
f 266/421/101 260/419/101 264/420/101
f 265/422/101 266/421/101 263/423/101
f 263/423/101 266/421/101 264/420/101
f 270/424/101 265/422/101 268/425/101
f 270/424/101 267/426/101 269/427/101
f 263/423/101 268/425/101 265/422/101
f 267/426/101 270/424/101 268/425/101
f 269/427/101 267/426/101 272/428/101
f 278/429/101 273/430/101 276/352/101
f 273/430/101 274/431/101 271/432/101
f 276/352/101 273/430/101 271/432/101
f 274/431/101 269/427/101 272/428/101
f 272/428/101 271/432/101 274/431/101
f 275/353/101 295/433/101 277/354/101
f 277/354/101 278/429/101 276/352/101
f 552/434/99 550/435/99 553/382/99
f 550/435/99 549/436/99 551/437/99
f 551/437/99 543/438/99 550/435/99
f 550/435/99 543/438/99 542/383/99
f 542/383/99 544/439/99 545/440/99
f 550/435/99 542/383/99 553/382/99
f 547/441/99 548/442/99 553/382/99
f 545/440/99 546/384/99 542/383/99
f 546/384/99 547/441/99 553/382/99
f 541/443/100 533/444/100 540/445/100
f 533/444/100 532/446/100 530/447/100
f 530/447/100 531/448/100 534/385/100
f 533/444/100 530/447/100 540/445/100
f 538/449/100 540/445/100 530/447/100
f 537/387/100 535/450/100 536/451/100
f 536/451/100 538/449/100 530/447/100
f 530/447/100 534/385/100 536/451/100
f 536/451/100 534/385/100 537/387/100
usemtl Teal
f 299/1/96 300/3/96 306/323/96
f 299/1/1 304/2/1 300/3/1
f 305/11/6 301/13/6 299/1/6
f 299/1/1 301/13/1 304/2/1
f 307/330/97 302/10/97 299/1/97
f 305/11/6 299/1/6 302/10/6
f 307/330/97 299/1/97 303/331/97
f 299/1/96 306/323/96 303/331/96
f 308/329/5 307/330/5 309/320/5
f 310/9/5 307/330/5 308/329/5
f 309/320/93 307/330/93 303/331/93
f 310/9/5 302/10/5 307/330/5
f 311/7/98 310/9/98 308/329/98
f 313/17/4 310/9/4 311/7/4
f 313/17/4 312/8/4 310/9/4
f 312/8/5 302/10/5 310/9/5
f 314/4/3 313/16/3 311/6/3
f 316/15/8 313/16/8 314/4/8
f 313/17/9 317/18/9 312/8/9
f 313/17/9 315/23/9 317/18/9
f 316/15/8 315/22/8 313/16/8
f 315/23/13 319/24/13 317/18/13
f 312/8/5 317/18/5 318/19/5
f 319/24/5 318/19/5 317/18/5
f 315/23/13 320/30/13 319/24/13
f 320/30/17 322/31/17 319/24/17
f 319/24/5 321/25/5 318/19/5
f 319/24/5 323/32/5 321/25/5
f 319/24/5 322/31/5 323/32/5
f 322/31/5 325/41/5 323/32/5
f 323/32/18 326/26/18 321/25/18
f 323/32/18 324/33/18 326/26/18
f 323/32/22 327/42/22 324/33/22
f 323/32/22 325/41/22 327/42/22
f 327/42/19 330/27/19 324/33/19
f 327/42/19 328/34/19 330/27/19
f 329/47/23 328/34/23 327/42/23
f 325/41/26 329/47/26 327/42/26
f 324/33/15 330/27/15 331/20/15
f 330/27/2 333/21/2 331/20/2
f 330/27/2 332/28/2 333/21/2
f 328/34/2 332/28/2 330/27/2
f 334/14/2 331/20/2 333/21/2
f 333/21/12 315/22/12 316/15/12
f 334/14/2 333/21/2 316/15/2
f 333/21/12 320/29/12 315/22/12
f 332/28/16 320/29/16 333/21/16
f 301/13/7 335/12/7 334/14/7
f 335/12/11 331/20/11 334/14/11
f 334/14/2 314/4/2 304/2/2
f 301/13/7 334/14/7 304/2/7
f 334/14/2 316/15/2 314/4/2
f 318/19/10 335/12/10 301/13/10
f 321/25/14 335/12/14 318/19/14
f 321/25/14 326/26/14 335/12/14
f 335/12/11 326/26/11 331/20/11
f 332/28/16 336/37/16 320/29/16
f 332/28/20 338/36/20 336/37/20
f 332/28/20 337/35/20 338/36/20
f 328/34/2 337/35/2 332/28/2
f 337/35/24 340/44/24 338/36/24
f 338/38/21 322/31/21 336/39/21
f 338/38/21 339/40/21 322/31/21
f 340/45/25 339/40/25 338/38/25
f 337/35/24 341/49/24 340/44/24
f 341/49/28 343/50/28 340/44/28
f 340/45/25 342/52/25 339/40/25
f 343/51/29 342/52/29 340/45/29
f 341/49/28 344/56/28 343/50/28
f 344/56/32 346/57/32 343/50/32
f 343/51/29 345/59/29 342/52/29
f 346/58/33 345/59/33 343/51/33
f 344/56/32 347/63/32 346/57/32
f 347/63/36 349/64/36 346/57/36
f 346/58/33 348/66/33 345/59/33
f 349/65/37 348/66/37 346/58/37
f 347/63/36 350/71/36 349/64/36
f 350/71/40 352/78/40 349/64/40
f 349/65/37 351/74/37 348/66/37
f 352/79/41 351/74/41 349/65/41
f 350/71/40 353/72/40 352/78/40
f 353/72/44 355/85/44 352/78/44
f 352/79/41 354/73/41 351/74/41
f 355/86/45 354/73/45 352/79/45
f 353/72/44 356/77/44 355/85/44
f 359/84/48 355/85/48 356/77/48
f 355/86/45 357/80/45 354/73/45
f 358/92/49 357/80/49 355/86/49
f 359/84/48 358/91/48 355/85/48
f 360/89/2 359/84/2 356/77/2
f 362/96/2 359/84/2 360/89/2
f 359/84/52 363/98/52 358/91/52
f 359/84/52 361/90/52 363/98/52
f 362/96/2 361/90/2 359/84/2
f 361/90/56 365/106/56 363/98/56
f 363/99/53 366/87/53 358/92/53
f 363/99/53 364/93/53 366/87/53
f 365/107/57 364/93/57 363/99/57
f 358/92/49 366/87/49 357/80/49
f 357/80/5 366/87/5 367/94/5
f 366/87/5 368/101/5 367/94/5
f 366/87/5 364/93/5 368/101/5
f 372/100/5 368/101/5 364/93/5
f 368/101/54 371/82/54 367/94/54
f 368/101/54 369/88/54 371/82/54
f 368/101/58 373/103/58 369/88/58
f 368/101/58 370/102/58 373/103/58
f 372/100/5 370/102/5 368/101/5
f 373/103/55 362/96/55 369/88/55
f 373/103/55 374/95/55 362/96/55
f 375/110/59 374/95/59 373/103/59
f 376/109/62 373/103/62 370/102/62
f 376/109/62 375/110/62 373/103/62
f 377/108/5 376/109/5 370/102/5
f 379/122/5 376/109/5 377/108/5
f 378/116/66 375/110/66 376/109/66
f 379/122/5 378/116/5 376/109/5
f 380/114/65 379/122/65 377/108/65
f 380/114/69 381/130/69 379/122/69
f 381/130/5 378/116/5 379/122/5
f 380/114/69 382/121/69 381/130/69
f 382/121/73 384/131/73 381/130/73
f 381/130/5 383/123/5 378/116/5
f 384/131/5 383/123/5 381/130/5
f 382/121/73 385/129/73 384/131/73
f 388/143/77 384/131/77 385/129/77
f 384/131/5 386/136/5 383/123/5
f 387/135/5 386/136/5 384/131/5
f 388/143/77 387/135/77 384/131/77
f 391/128/76 389/133/76 388/141/76
f 389/133/80 390/140/80 388/141/80
f 391/128/76 388/141/76 385/134/76
f 390/142/81 387/135/81 388/143/81
f 392/126/2 391/128/2 393/127/2
f 394/138/2 391/128/2 392/126/2
f 391/128/72 382/120/72 393/127/72
f 391/128/72 385/134/72 382/120/72
f 394/138/2 389/133/2 391/128/2
f 395/132/75 394/138/75 392/126/75
f 397/147/79 394/138/79 395/132/79
f 394/138/2 398/139/2 389/133/2
f 394/138/2 396/137/2 398/139/2
f 397/147/79 396/137/79 394/138/79
f 400/148/2 398/139/2 396/137/2
f 389/133/80 398/139/80 390/140/80
f 399/149/84 390/140/84 398/139/84
f 400/148/2 399/149/2 398/139/2
f 401/154/83 400/148/83 396/137/83
f 403/153/87 400/148/87 401/154/87
f 402/161/2 399/149/2 400/148/2
f 403/153/87 402/161/87 400/148/87
f 406/152/90 403/153/90 401/154/90
f 403/153/91 407/162/91 402/161/91
f 406/152/90 404/166/90 403/153/90
f 408/165/94 403/153/94 404/166/94
f 408/165/94 405/160/94 403/153/94
f 403/153/91 405/160/91 407/162/91
f 411/159/5 409/171/5 408/165/5
f 412/172/5 408/165/5 409/171/5
f 411/159/5 408/165/5 404/166/5
f 410/173/98 405/160/98 408/165/98
f 412/172/5 410/173/5 408/165/5
f 415/164/97 413/170/97 412/172/97
f 416/188/6 412/182/6 413/180/6
f 415/164/97 412/172/97 409/171/97
f 412/182/5 417/190/5 410/183/5
f 412/182/5 414/181/5 417/190/5
f 416/188/6 414/181/6 412/182/6
f 421/189/5 417/190/5 414/181/5
f 417/190/4 420/176/4 410/183/4
f 417/190/4 418/174/4 420/176/4
f 417/190/9 422/192/9 418/174/9
f 417/190/9 419/191/9 422/192/9
f 421/189/5 419/191/5 417/190/5
f 422/192/8 425/185/8 418/174/8
f 422/192/8 423/184/8 425/185/8
f 424/199/12 423/184/12 422/192/12
f 419/191/13 424/199/13 422/192/13
f 418/174/3 425/185/3 426/175/3
f 425/185/2 428/178/2 426/175/2
f 425/185/2 427/177/2 428/178/2
f 425/185/2 429/186/2 427/177/2
f 425/185/2 423/184/2 429/186/2
f 423/184/2 431/194/2 429/186/2
f 427/177/7 429/186/7 430/195/7
f 429/186/11 432/202/11 430/195/11
f 429/186/11 431/194/11 432/202/11
f 431/194/15 434/209/15 432/202/15
f 432/203/14 421/189/14 430/196/14
f 432/203/14 433/197/14 421/189/14
f 434/210/18 433/197/18 432/203/18
f 431/194/15 435/201/15 434/209/15
f 438/208/19 434/209/19 435/201/19
f 434/210/18 436/204/18 433/197/18
f 434/210/22 439/211/22 436/204/22
f 434/210/22 437/218/22 439/211/22
f 438/208/19 437/216/19 434/209/19
f 437/218/26 441/225/26 439/211/26
f 439/211/5 442/205/5 436/204/5
f 439/211/5 440/212/5 442/205/5
f 441/225/5 440/212/5 439/211/5
f 436/204/5 442/205/5 443/198/5
f 442/205/17 424/199/17 443/198/17
f 442/205/17 444/206/17 424/199/17
f 440/212/21 444/206/21 442/205/21
f 444/206/16 447/193/16 424/199/16
f 444/206/16 445/200/16 447/193/16
f 444/206/20 448/207/20 445/200/20
f 440/212/21 446/213/21 444/206/21
f 444/206/20 446/213/20 448/207/20
f 446/213/24 449/214/24 448/207/24
f 445/200/2 448/207/2 438/208/2
f 449/214/2 438/208/2 448/207/2
f 446/213/24 450/220/24 449/214/24
f 450/220/28 452/221/28 449/214/28
f 449/214/2 451/223/2 438/208/2
f 449/214/2 453/222/2 451/223/2
f 449/214/2 452/221/2 453/222/2
f 452/221/2 530/355/2 453/222/2
f 453/222/27 455/215/27 451/223/27
f 453/222/27 454/232/27 455/215/27
f 533/356/31 453/222/31 532/357/31
f 453/222/2 530/355/2 532/357/2
f 452/221/32 534/358/32 531/359/32
f 456/226/5 536/360/5 535/361/5
f 456/226/33 535/361/33 537/362/33
f 457/224/5 456/226/5 458/219/5
f 456/226/5 538/363/5 536/360/5
f 456/226/29 450/220/29 458/219/29
f 456/226/29 459/227/29 450/220/29
f 459/227/33 537/362/33 539/364/33
f 450/220/28 459/227/28 452/221/28
f 534/358/32 459/227/32 539/364/32
f 441/225/5 458/219/5 440/212/5
f 457/224/5 458/219/5 441/225/5
f 458/219/25 446/213/25 440/212/25
f 458/219/25 450/220/25 446/213/25
f 455/217/30 454/334/30 457/224/30
f 540/365/34 457/224/34 454/334/34
f 455/217/30 457/224/30 441/225/30
f 454/334/102 541/366/102 540/367/102
f 542/368/2 543/369/2 460/286/2
f 460/286/2 544/370/2 542/368/2
f 545/371/71 462/297/71 546/372/71
f 461/287/103 545/371/103 544/370/103
f 465/296/75 462/297/75 461/287/75
f 546/373/74 462/298/74 547/374/74
f 463/291/74 547/374/74 462/298/74
f 462/298/78 466/299/78 463/291/78
f 462/298/78 464/306/78 466/299/78
f 465/296/75 464/305/75 462/297/75
f 464/306/82 468/307/82 466/299/82
f 466/299/5 469/293/5 463/291/5
f 466/299/5 467/300/5 469/293/5
f 468/307/5 467/300/5 466/299/5
f 463/291/5 469/293/5 470/292/5
f 469/293/73 472/275/73 470/292/73
f 469/293/73 471/294/73 472/275/73
f 467/300/77 471/294/77 469/293/77
f 472/275/69 550/375/69 470/292/69
f 551/376/104 549/377/104 472/275/104
f 472/275/68 543/369/68 551/376/68
f 472/275/72 473/285/72 460/286/72
f 472/275/72 471/294/72 473/285/72
f 475/302/76 473/285/76 471/294/76
f 460/286/2 473/285/2 461/287/2
f 473/285/2 465/296/2 461/287/2
f 473/285/2 474/295/2 465/296/2
f 475/302/76 474/295/76 473/285/76
f 467/300/77 475/302/77 471/294/77
f 475/302/80 477/303/80 474/295/80
f 478/308/81 475/302/81 467/300/81
f 478/308/81 476/301/81 475/302/81
f 475/302/80 476/301/80 477/303/80
f 468/307/5 478/308/5 467/300/5
f 480/313/5 478/308/5 468/307/5
f 479/321/85 476/301/85 478/308/85
f 480/313/5 479/321/5 478/308/5
f 483/312/86 481/319/86 480/313/86
f 481/319/90 482/328/90 480/313/90
f 483/312/86 480/313/86 468/307/86
f 482/328/5 479/321/5 480/313/5
f 484/304/79 483/311/79 464/305/79
f 485/310/83 483/311/83 484/304/83
f 464/306/82 483/312/82 468/307/82
f 485/310/83 481/317/83 483/311/83
f 477/303/2 486/315/2 485/310/2
f 488/314/2 485/310/2 486/315/2
f 477/303/2 485/310/2 484/304/2
f 487/325/87 481/317/87 485/310/87
f 488/314/2 487/325/2 485/310/2
f 489/322/88 488/314/88 486/315/88
f 303/331/92 488/314/92 489/322/92
f 488/314/2 490/324/2 487/325/2
f 488/314/2 306/323/2 490/324/2
f 303/331/92 306/323/92 488/314/92
f 300/3/2 490/324/2 306/323/2
f 487/325/91 490/324/91 491/326/91
f 492/5/95 491/326/95 490/324/95
f 300/3/2 492/5/2 490/324/2
f 304/2/2 492/5/2 300/3/2
f 304/2/2 314/4/2 492/5/2
f 314/4/3 311/6/3 492/5/3
f 492/5/95 311/6/95 491/326/95
f 491/327/94 482/328/94 493/318/94
f 487/325/91 491/326/91 493/316/91
f 491/327/94 308/329/94 482/328/94
f 311/7/98 308/329/98 491/327/98
f 487/325/87 493/316/87 481/317/87
f 481/319/90 493/318/90 482/328/90
f 479/321/89 489/322/89 494/309/89
f 489/322/88 486/315/88 494/309/88
f 479/321/89 309/320/89 489/322/89
f 309/320/93 303/331/93 489/322/93
f 479/321/85 494/309/85 476/301/85
f 494/309/84 477/303/84 476/301/84
f 494/309/84 486/315/84 477/303/84
f 474/295/2 477/303/2 484/304/2
f 484/304/79 464/305/79 465/296/79
f 474/295/2 484/304/2 465/296/2
f 482/328/5 309/320/5 479/321/5
f 308/329/5 309/320/5 482/328/5
f 550/375/105 552/378/105 470/292/105
f 553/379/5 470/292/5 552/378/5
f 548/380/5 470/292/5 553/379/5
f 454/232/106 533/356/106 541/381/106
f 451/223/23 455/215/23 437/216/23
f 437/218/26 455/217/26 441/225/26
f 451/223/23 437/216/23 438/208/23
f 424/199/12 447/193/12 423/184/12
f 423/184/2 447/193/2 431/194/2
f 447/193/2 435/201/2 431/194/2
f 447/193/2 445/200/2 435/201/2
f 445/200/2 438/208/2 435/201/2
f 433/197/5 443/198/5 419/191/5
f 436/204/5 443/198/5 433/197/5
f 419/191/13 443/198/13 424/199/13
f 433/197/5 419/191/5 421/189/5
f 430/196/10 414/181/10 416/188/10
f 427/177/7 430/195/7 416/187/7
f 430/196/10 421/189/10 414/181/10
f 407/162/2 426/167/2 428/333/2
f 428/333/96 415/163/96 495/168/96
f 407/162/2 428/333/2 495/168/2
f 428/333/96 413/169/96 415/163/96
f 428/178/1 416/187/1 413/179/1
f 428/178/1 427/177/1 416/187/1
f 407/162/2 495/168/2 496/155/2
f 495/168/92 497/156/92 496/155/92
f 495/168/92 415/163/92 497/156/92
f 496/155/88 497/156/88 498/157/88
f 498/150/89 497/158/89 411/159/89
f 497/158/93 409/171/93 411/159/93
f 497/158/93 415/164/93 409/171/93
f 399/149/84 498/157/84 390/140/84
f 496/155/88 498/157/88 399/149/88
f 390/142/85 498/150/85 499/151/85
f 498/150/89 411/159/89 499/151/89
f 500/144/5 499/151/5 406/152/5
f 390/142/85 499/151/85 500/144/85
f 499/151/5 404/166/5 406/152/5
f 499/151/5 411/159/5 404/166/5
f 390/142/81 500/144/81 387/135/81
f 500/144/5 502/145/5 387/135/5
f 500/144/5 501/146/5 502/145/5
f 500/144/5 406/152/5 501/146/5
f 387/135/5 502/145/5 386/136/5
f 386/136/78 502/145/78 395/132/78
f 502/145/82 397/147/82 395/132/82
f 502/145/82 501/146/82 397/147/82
f 501/146/86 401/154/86 397/147/86
f 501/146/86 406/152/86 401/154/86
f 402/161/2 496/155/2 399/149/2
f 407/162/2 496/155/2 402/161/2
f 420/332/95 426/167/95 407/162/95
f 418/174/3 426/175/3 420/176/3
f 410/173/98 420/332/98 405/160/98
f 420/332/95 407/162/95 405/160/95
f 401/154/83 396/137/83 397/147/83
f 386/136/78 395/132/78 503/124/78
f 395/132/75 392/126/75 503/124/75
f 383/123/74 503/124/74 504/125/74
f 503/124/71 505/118/71 504/125/71
f 503/124/71 392/126/71 505/118/71
f 383/123/74 386/136/74 503/124/74
f 507/117/67 504/125/67 505/118/67
f 506/111/2 505/118/2 393/127/2
f 507/117/67 505/118/67 506/111/67
f 392/126/2 393/127/2 505/118/2
f 378/116/66 507/117/66 375/110/66
f 375/110/63 507/117/63 506/111/63
f 383/123/70 507/117/70 378/116/70
f 383/123/70 504/125/70 507/117/70
f 508/104/2 506/111/2 509/119/2
f 375/110/63 506/111/63 508/104/63
f 506/111/2 393/127/2 509/119/2
f 509/119/64 511/113/64 510/105/64
f 508/104/2 509/119/2 510/105/2
f 509/119/64 380/112/64 511/113/64
f 393/127/68 380/112/68 509/119/68
f 512/97/60 510/105/60 511/113/60
f 511/115/61 372/100/61 365/107/61
f 512/97/60 511/113/60 365/106/60
f 511/115/61 377/108/61 372/100/61
f 380/114/65 377/108/65 511/115/65
f 362/96/2 374/95/2 512/97/2
f 374/95/2 510/105/2 512/97/2
f 361/90/56 512/97/56 365/106/56
f 362/96/2 512/97/2 361/90/2
f 374/95/2 508/104/2 510/105/2
f 375/110/59 508/104/59 374/95/59
f 393/127/68 382/120/68 380/112/68
f 377/108/5 370/102/5 372/100/5
f 365/107/57 372/100/57 364/93/57
f 367/94/50 371/82/50 513/83/50
f 513/83/47 371/82/47 360/89/47
f 369/88/51 360/89/51 371/82/51
f 516/81/46 513/83/46 514/68/46
f 513/83/43 517/70/43 514/68/43
f 513/83/43 515/76/43 517/70/43
f 513/83/47 360/89/47 515/76/47
f 367/94/50 513/83/50 516/81/50
f 514/68/39 517/70/39 518/62/39
f 517/70/2 350/71/2 518/62/2
f 517/70/2 353/72/2 350/71/2
f 515/76/2 353/72/2 517/70/2
f 519/69/35 518/62/35 520/55/35
f 514/68/39 518/62/39 519/69/39
f 518/62/2 347/63/2 520/55/2
f 518/62/2 350/71/2 347/63/2
f 523/54/31 521/61/31 520/55/31
f 519/69/35 520/55/35 521/61/35
f 520/55/2 344/56/2 522/48/2
f 523/54/31 520/55/31 522/48/31
f 520/55/2 347/63/2 344/56/2
f 526/46/30 523/54/30 329/47/30
f 523/54/27 525/43/27 329/47/27
f 523/54/27 522/48/27 525/43/27
f 526/46/30 524/53/30 523/54/30
f 527/60/34 523/54/34 524/53/34
f 527/60/34 521/61/34 523/54/34
f 345/59/5 348/66/5 527/60/5
f 348/66/5 528/67/5 527/60/5
f 345/59/5 527/60/5 524/53/5
f 528/67/38 521/61/38 527/60/38
f 348/66/5 351/74/5 528/67/5
f 351/74/5 529/75/5 528/67/5
f 528/67/38 519/69/38 521/61/38
f 528/67/42 514/68/42 519/69/42
f 528/67/42 529/75/42 514/68/42
f 351/74/5 354/73/5 529/75/5
f 357/80/5 529/75/5 354/73/5
f 516/81/46 514/68/46 529/75/46
f 357/80/5 516/81/5 529/75/5
f 339/40/5 342/52/5 526/46/5
f 342/52/5 524/53/5 526/46/5
f 325/41/26 526/46/26 329/47/26
f 339/40/5 526/46/5 325/41/5
f 329/47/23 525/43/23 328/34/23
f 525/43/2 337/35/2 328/34/2
f 525/43/2 341/49/2 337/35/2
f 522/48/2 341/49/2 525/43/2
f 342/52/5 345/59/5 524/53/5
f 522/48/2 344/56/2 341/49/2
f 357/80/5 367/94/5 516/81/5
f 515/76/2 356/77/2 353/72/2
f 360/89/2 356/77/2 515/76/2
f 369/88/51 362/96/51 360/89/51
f 322/31/5 339/40/5 325/41/5
f 320/30/17 336/39/17 322/31/17
f 324/33/15 331/20/15 326/26/15
f 318/19/10 301/13/10 305/11/10
f 312/8/5 318/19/5 305/11/5
f 312/8/5 305/11/5 302/10/5
f 452/221/2 531/359/2 530/355/2
f 533/356/31 454/232/31 453/222/31
f 456/226/5 457/224/5 538/363/5
f 459/227/33 456/226/33 537/362/33
f 534/358/32 452/221/32 459/227/32
f 540/365/34 538/363/34 457/224/34
f 460/286/2 461/287/2 544/370/2
f 461/287/71 462/297/71 545/371/71
f 463/291/111 548/380/111 547/374/111
f 472/275/69 549/377/69 550/375/69
f 472/275/68 460/286/68 543/369/68
f 548/380/5 463/291/5 470/292/5
o Garden
v 22.610001 0.199500 2.660000
v 21.241697 1.518586 1.665882
v 23.062885 1.639509 1.266142
v 24.308743 1.514613 2.660000
v 23.183321 1.430712 4.424531
v 21.335165 1.580478 3.586212
v 22.145855 3.229332 1.231482
v 24.069029 3.390809 1.599966
v 24.056406 3.382451 3.710863
v 22.149246 3.223452 4.078079
v 21.015350 3.278941 2.660000
v 22.610001 4.653639 2.660000
v 21.280001 0.199500 26.600000
v 21.760294 1.430757 25.121784
v 19.786430 1.274401 25.514870
v 19.850231 1.316648 27.638777
v 22.797609 1.450415 26.600000
v 21.842505 1.288232 28.331238
v 22.788389 3.262261 27.695896
v 20.769079 3.149190 28.172482
v 19.810089 3.050881 26.600000
v 21.280001 4.342220 26.600000
v 20.822578 3.056440 25.192177
v 22.589314 3.130435 25.648741
v -21.280003 0.199500 29.260000
v -20.765709 1.233969 27.677151
v -22.787369 1.127416 28.164848
v -22.772804 1.137060 30.344572
v -19.812057 1.339175 29.260000
v -20.746944 1.201436 30.900606
v -19.806206 3.101505 30.330763
v -21.825527 3.071339 30.938992
v -22.759480 2.918156 29.260000
v -21.280003 4.066820 29.260000
v -21.759735 2.957272 27.783510
v -20.051037 2.939381 28.367117
v -21.280003 0.199500 3.990000
v -20.765709 1.233969 2.407151
v -22.787369 1.127416 2.894846
v -22.772804 1.137060 5.074574
v -19.812057 1.339175 3.990000
v -20.746944 1.201436 5.630605
v -19.806206 3.101505 5.060762
v -21.825527 3.071339 5.668991
v -22.759480 2.918156 3.990000
v -21.280003 4.066820 3.990000
v -21.759735 2.957272 2.513510
v -20.051037 2.939381 3.097116
vn -0.1160 -0.6717 -0.7317
vn -0.7141 -0.6977 0.0572
vn 0.5207 -0.6726 -0.5257
vn 0.5773 -0.7457 0.3327
vn -0.3349 -0.7182 0.6099
vn -0.9862 -0.1568 0.0531
vn -0.2035 -0.1385 -0.9692
vn 0.7033 -0.2795 -0.6537
vn 0.8330 -0.1815 0.5227
vn -0.4166 -0.0651 0.9068
vn -0.7560 0.2455 -0.6068
vn 0.1808 0.0829 -0.9800
vn 0.9915 0.1303 0.0064
vn 0.1596 0.2753 0.9480
vn -0.7626 0.1931 0.6174
vn -0.5738 0.6656 -0.4772
vn 0.0791 0.6930 -0.7166
vn 0.6573 0.7536 0.0069
vn 0.0814 0.6884 0.7207
vn -0.5717 0.6632 0.4831
vn 0.5830 -0.7073 -0.3997
vn -0.0700 -0.7552 -0.6518
vn -0.5999 -0.7993 0.0339
vn -0.2089 -0.7958 0.5683
vn 0.6127 -0.7433 0.2684
vn 0.8544 -0.2657 0.4465
vn -0.3277 -0.1090 0.9385
vn 0.2139 0.2049 0.9551
vn -0.8288 0.2733 0.4883
vn 0.1034 0.7759 0.6223
vn -0.6219 0.7079 0.3350
vn 0.1495 0.7054 -0.6928
vn -0.5969 0.6795 -0.4266
vn 0.6305 0.7682 -0.1108
vn 0.9927 0.0660 -0.1008
vn 0.8004 -0.2172 -0.5588
vn 0.2391 0.1792 -0.9543
vn -0.1898 -0.0670 -0.9795
vn -0.7628 0.3444 -0.5472
vn -0.9995 -0.0051 0.0301
vn 0.5846 -0.7530 -0.3022
vn -0.0933 -0.8193 -0.5658
vn -0.5280 -0.8492 0.0073
vn -0.1236 -0.8285 0.5461
vn 0.5901 -0.7600 0.2724
vn 0.8439 -0.2807 0.4573
vn -0.2560 -0.1672 0.9521
vn 0.2834 0.1440 0.9481
vn -0.8498 0.2787 0.4473
vn 0.1502 0.8282 0.5399
vn -0.5922 0.7628 0.2598
vn 0.2233 0.7430 -0.6309
vn -0.5705 0.7348 -0.3668
vn 0.6119 0.7783 -0.1406
vn 0.9887 0.0754 -0.1295
vn 0.8509 -0.1533 -0.5025
vn 0.3161 0.2390 -0.9181
vn -0.2302 -0.0729 -0.9704
vn -0.7851 0.3320 -0.5228
vn -0.9999 0.0115 0.0066
vt 0.181819 0.000000
vt 0.272728 0.157461
vt 0.090910 0.157461
vt 0.363637 0.000000
vt 0.454546 0.157461
vt 0.909091 0.000000
vt 1.000000 0.157461
vt 0.818182 0.157461
vt 0.727273 0.000000
vt 0.636364 0.157461
vt 0.545455 0.000000
vt 0.363637 0.314921
vt 0.181819 0.314921
vt 0.909091 0.314921
vt 0.727273 0.314921
vt 0.545455 0.314921
vt 0.000000 0.314921
vt 0.272728 0.472382
vt 0.090910 0.472382
vt 0.818182 0.472382
vt 0.636364 0.472382
vt 0.454546 0.472382
s 0
usemtl Stone
f 554/452/112 555/453/112 556/454/112
f 555/453/113 554/455/113 559/456/113
f 554/457/114 556/458/114 557/459/114
f 554/460/115 557/459/115 558/461/115
f 554/462/116 558/461/116 559/456/116
f 555/453/117 559/456/117 564/463/117
f 556/454/118 555/453/118 560/464/118
f 557/459/119 556/458/119 561/465/119
f 558/461/120 557/459/120 562/466/120
f 559/456/121 558/461/121 563/467/121
f 555/453/122 564/463/122 560/464/122
f 556/454/123 560/464/123 561/468/123
f 557/459/124 561/465/124 562/466/124
f 558/461/125 562/466/125 563/467/125
f 559/456/126 563/467/126 564/463/126
f 560/464/127 564/463/127 565/469/127
f 561/468/128 560/464/128 565/470/128
f 562/466/129 561/465/129 565/471/129
f 563/467/130 562/466/130 565/472/130
f 564/463/131 563/467/131 565/473/131
f 566/457/132 567/458/132 570/459/132
f 566/452/133 568/453/133 567/454/133
f 568/453/134 566/455/134 569/456/134
f 566/462/135 571/461/135 569/456/135
f 566/460/136 570/459/136 571/461/136
f 571/461/137 570/459/137 572/466/137
f 569/456/138 571/461/138 573/467/138
f 571/461/139 572/466/139 573/467/139
f 569/456/140 573/467/140 574/463/140
f 573/467/141 572/466/141 575/472/141
f 574/463/142 573/467/142 575/473/142
f 577/468/143 576/464/143 575/470/143
f 576/464/144 574/463/144 575/469/144
f 572/466/145 577/465/145 575/471/145
f 570/459/146 577/465/146 572/466/146
f 570/459/147 567/458/147 577/465/147
f 567/454/148 576/464/148 577/468/148
f 567/454/149 568/453/149 576/464/149
f 568/453/150 574/463/150 576/464/150
f 568/453/151 569/456/151 574/463/151
f 578/457/152 579/458/152 582/459/152
f 578/452/153 580/453/153 579/454/153
f 580/453/154 578/455/154 581/456/154
f 578/462/155 583/461/155 581/456/155
f 578/460/156 582/459/156 583/461/156
f 583/461/157 582/459/157 584/466/157
f 581/456/158 583/461/158 585/467/158
f 583/461/159 584/466/159 585/467/159
f 581/456/160 585/467/160 586/463/160
f 585/467/161 584/466/161 587/472/161
f 586/463/162 585/467/162 587/473/162
f 589/468/163 588/464/163 587/470/163
f 588/464/164 586/463/164 587/469/164
f 584/466/165 589/465/165 587/471/165
f 582/459/166 589/465/166 584/466/166
f 582/459/167 579/458/167 589/465/167
f 579/454/168 588/464/168 589/468/168
f 579/454/169 580/453/169 588/464/169
f 580/453/170 586/463/170 588/464/170
f 580/453/171 581/456/171 586/463/171
f 590/457/152 591/458/152 594/459/152
f 590/452/153 592/453/153 591/454/153
f 592/453/154 590/455/154 593/456/154
f 590/462/155 595/461/155 593/456/155
f 590/460/156 594/459/156 595/461/156
f 595/461/157 594/459/157 596/466/157
f 593/456/158 595/461/158 597/467/158
f 595/461/159 596/466/159 597/467/159
f 593/456/160 597/467/160 598/463/160
f 597/467/161 596/466/161 599/472/161
f 598/463/162 597/467/162 599/473/162
f 601/468/163 600/464/163 599/470/163
f 600/464/164 598/463/164 599/469/164
f 596/466/165 601/465/165 599/471/165
f 594/459/166 601/465/166 596/466/166
f 594/459/167 591/458/167 601/465/167
f 591/454/168 600/464/168 601/468/168
f 591/454/169 592/453/169 600/464/169
f 592/453/170 598/463/170 600/464/170
f 592/453/171 593/456/171 598/463/171
o Lanterns
v 15.029000 12.528601 -0.931000
v 15.029000 12.298337 -0.592062
v 15.029000 11.970000 -0.512050
v 15.029000 11.797383 -0.532555
v 15.029000 11.641664 -0.592062
v 15.029000 11.438740 -0.801537
v 15.029000 11.411400 -0.931000
v 14.979457 12.501261 -0.811392
v 14.979457 11.438740 -0.811392
v 14.979457 12.501261 -1.050608
v 14.979457 11.438740 -1.050608
v 15.029000 12.501261 -1.060463
v 15.029000 12.421917 -1.177253
v 15.029000 12.298337 -1.269938
v 15.029000 12.142617 -1.329445
v 15.029000 11.970000 -1.349950
v 15.029000 11.797383 -1.329445
v 15.029000 11.641664 -1.269938
v 15.029000 11.518084 -1.177253
v 15.029000 11.438740 -1.060463
v 15.078544 12.501261 -1.050608
v 15.123238 12.421917 -1.158508
v 15.158706 12.298337 -1.244137
v 15.181479 12.142617 -1.299115
v 15.189325 11.970000 -1.318059
v 15.181479 11.797383 -1.299115
v 15.158706 11.641664 -1.244137
v 15.123238 11.518084 -1.158508
v 15.078544 11.438740 -1.050608
v 15.120544 12.501261 -1.022544
v 15.203127 12.421917 -1.105127
v 15.268665 12.298337 -1.170665
v 15.310743 12.142617 -1.212743
v 15.325243 11.970000 -1.227242
v 15.310743 11.797383 -1.212743
v 15.268665 11.641664 -1.170665
v 15.203127 11.518084 -1.105127
v 15.120544 11.438740 -1.022544
v 15.148608 12.501261 -0.980543
v 15.256508 12.421917 -1.025237
v 15.342137 12.298337 -1.060706
v 15.397116 12.142617 -1.083478
v 15.416059 11.970000 -1.091325
v 15.397116 11.797383 -1.083478
v 15.342137 11.641664 -1.060706
v 15.256508 11.518084 -1.025237
v 15.148608 11.438740 -0.980543
v 15.158463 12.501261 -0.931000
v 15.275253 12.421917 -0.931000
v 15.367938 12.298337 -0.931000
v 15.427445 12.142617 -0.931000
v 15.447950 11.970000 -0.931000
v 15.427445 11.797383 -0.931000
v 15.367938 11.641664 -0.931000
v 15.275253 11.518084 -0.931000
v 15.158463 11.438740 -0.931000
v 15.148608 12.501261 -0.881457
v 15.256508 12.421917 -0.836763
v 15.342137 12.298337 -0.801294
v 15.397116 12.142617 -0.778521
v 15.416059 11.970000 -0.770675
v 15.397116 11.797383 -0.778521
v 15.342137 11.641664 -0.801294
v 15.256508 11.518084 -0.836763
v 15.148608 11.438740 -0.881457
v 15.120544 12.501261 -0.839456
v 15.203127 12.421917 -0.756873
v 15.268665 12.298337 -0.691335
v 15.310743 12.142617 -0.649257
v 15.325242 11.970000 -0.634757
v 15.310743 11.797383 -0.649257
v 15.268665 11.641664 -0.691335
v 15.203127 11.518084 -0.756873
v 15.120544 11.438740 -0.839456
v 15.078544 12.501261 -0.811392
v 15.123237 12.421917 -0.703492
v 15.158706 12.298337 -0.617862
v 15.181479 12.142617 -0.562885
v 15.189325 11.970000 -0.543941
v 15.181479 11.797383 -0.562885
v 15.158706 11.641664 -0.617862
v 15.123237 11.518084 -0.703492
v 15.078544 11.438740 -0.811392
v 15.029000 12.501261 -0.801537
v 15.029000 12.421917 -0.684747
v 15.029000 12.142617 -0.532555
v 15.029000 11.518084 -0.684747
v 14.941000 11.731535 -0.575223
v 14.941000 11.641664 -0.609567
v 14.941000 12.248267 -0.590433
v 14.941000 12.142617 -0.550059
v 14.941000 11.601928 -0.639368
v 14.941000 11.518084 -0.702252
v 14.941000 12.047870 -0.538804
v 14.941000 11.970000 -0.529554
v 14.941000 12.421917 -0.702252
v 14.941000 12.432988 -0.718548
v 14.941000 11.870377 -0.541389
v 14.941000 11.797383 -0.550059
v 14.941000 12.338073 -0.639368
v 14.941000 12.298337 -0.609567
v 14.941000 12.501261 -0.837089
v 14.941000 12.502318 -0.842999
v 14.941000 12.476768 -0.794563
v 14.941000 11.463232 -0.794563
v 14.941000 11.438740 -0.837089
v 14.941000 11.437682 -0.842999
v 14.941000 11.431516 -0.894549
v 14.941000 12.508485 -0.894549
v 14.941000 11.429984 -0.931000
v 14.941000 12.510016 -0.931000
v 14.941000 11.431516 -0.967451
v 14.941000 12.508485 -0.967451
v 14.941000 12.502318 -1.019001
v 14.941000 11.437682 -1.019001
v 14.941000 12.501261 -1.024911
v 14.941000 11.507012 -1.143453
v 14.941000 11.438740 -1.024911
v 14.941000 11.691733 -1.271567
v 14.941000 11.641664 -1.252433
v 14.941000 12.248267 -1.271567
v 14.941000 12.142617 -1.311941
v 14.941000 11.526261 -1.165882
v 14.941000 11.518084 -1.159748
v 14.941000 12.047870 -1.323196
v 14.941000 11.970000 -1.332446
v 14.941000 12.432988 -1.143453
v 14.941000 12.421917 -1.159748
v 14.941000 11.892131 -1.323196
v 14.941000 11.797383 -1.311941
v 14.941000 12.413739 -1.165882
v 14.941000 12.298337 -1.252433
v 14.941000 11.507012 -0.718548
v 6.783000 12.528601 -0.931000
v 6.783000 12.501261 -0.801537
v 6.733457 12.501261 -0.811392
v 6.691456 12.501261 -0.839456
v 6.663392 12.501261 -0.881457
v 6.653537 12.501261 -0.931000
v 6.663392 12.501261 -0.980543
v 6.691456 12.501261 -1.022544
v 6.733457 12.501261 -1.050608
v 6.783000 12.501261 -1.060463
v 6.832542 12.501261 -1.050608
v 6.832542 12.501261 -0.811392
v 6.783000 12.421917 -0.684747
v 6.783000 12.298337 -0.592062
v 6.688763 12.421917 -0.703492
v 6.653294 12.298337 -0.617862
v 6.608873 12.421917 -0.756873
v 6.543335 12.298337 -0.691335
v 6.501257 12.142617 -0.649257
v 6.469862 12.298337 -0.801294
v 6.414885 12.142617 -0.778522
v 6.555491 12.421917 -0.836763
v 6.536747 12.421917 -0.931000
v 6.444062 12.298337 -0.931000
v 6.555492 12.421917 -1.025237
v 6.469862 12.298337 -1.060706
v 6.414885 12.142617 -1.083478
v 6.543335 12.298337 -1.170665
v 6.608873 12.421917 -1.105127
v 6.501257 12.142617 -1.212743
v 6.653294 12.298337 -1.244138
v 6.688763 12.421917 -1.158508
v 6.783000 12.421917 -1.177253
v 6.783000 12.298337 -1.269938
v 6.783000 12.142617 -1.329445
v 6.783000 12.142617 -0.532555
v 6.783000 11.970000 -0.512050
v 6.630521 12.142617 -0.562885
v 6.622674 11.970000 -0.543941
v 6.630521 11.797383 -0.562885
v 6.486757 11.970000 -0.634758
v 6.501257 11.797383 -0.649257
v 6.543335 11.641664 -0.691335
v 6.414885 11.797383 -0.778522
v 6.653294 11.641664 -0.617862
v 6.688763 11.518084 -0.703492
v 6.783000 11.641664 -0.592062
v 6.783000 11.797383 -0.532555
v 6.783000 11.797383 -1.329445
v 6.783000 11.411400 -0.931000
v 6.832542 11.438740 -0.811392
v 6.783000 11.438740 -0.801537
v 6.783000 11.518084 -0.684747
v 6.733457 11.438740 -0.811392
v 6.691456 11.438740 -0.839456
v 6.608873 11.518084 -0.756873
v 6.555491 11.518084 -0.836763
v 6.663392 11.438740 -0.881457
v 6.653537 11.438740 -0.931000
v 6.536747 11.518084 -0.931000
v 6.663392 11.438740 -0.980543
v 6.555492 11.518084 -1.025237
v 6.469862 11.641664 -1.060706
v 6.608873 11.518084 -1.105127
v 6.691456 11.438740 -1.022544
v 6.543335 11.641664 -1.170665
v 6.501257 11.797383 -1.212743
v 6.653294 11.641664 -1.244138
v 6.414885 11.797383 -1.083478
v 6.688763 11.518084 -1.158508
v 6.733457 11.438740 -1.050608
v 6.783000 11.518084 -1.177253
v 6.783000 11.641664 -1.269938
v 6.783000 11.438740 -1.060463
v 6.832542 11.438740 -1.050608
v 6.395941 11.970000 -1.091325
v 6.384554 11.797383 -0.931000
v 6.444062 11.641664 -0.931000
v 6.486757 11.970000 -1.227242
v 6.622674 11.970000 -1.318059
v 6.630521 12.142617 -1.299115
v 6.630521 11.797383 -1.299115
v 6.783000 11.970000 -1.349950
v 6.469862 11.641664 -0.801294
v 6.364050 11.970000 -0.931000
v 6.395941 11.970000 -0.770675
v 6.384554 12.142617 -0.931000
v 6.870999 12.502319 -1.019000
v 6.870999 12.501261 -1.024912
v 6.870999 12.508486 -0.967451
v 6.870999 12.510016 -0.931000
v 6.870999 12.508485 -0.894549
v 6.870999 12.502319 -0.843000
v 6.870999 12.501261 -0.837088
v 6.870999 12.432989 -0.718549
v 6.870999 12.421917 -0.702252
v 6.870999 12.476768 -0.794563
v 6.870999 12.413738 -0.696118
v 6.870999 12.413738 -1.165882
v 6.870999 12.421917 -1.159748
v 6.870999 12.248266 -1.271567
v 6.870999 12.298337 -1.252433
v 6.870999 12.432989 -1.143451
v 6.870999 12.427168 -1.152019
v 6.870999 12.476768 -1.067437
v 6.870999 12.298337 -0.609567
v 6.870999 12.208466 -0.575223
v 6.870999 12.142617 -0.550059
v 6.870999 12.047870 -0.538804
v 6.870999 11.970000 -0.529554
v 6.870999 11.892131 -0.538804
v 6.870999 11.731535 -0.575223
v 6.870999 11.797383 -0.550059
v 6.870999 11.641664 -0.609567
v 6.870999 11.892130 -1.323196
v 6.870999 11.797383 -1.311941
v 6.870999 11.691734 -1.271567
v 6.870999 11.429984 -0.931000
v 6.870999 11.431515 -0.967451
v 6.870999 11.431516 -0.894549
v 6.870999 11.463232 -0.794563
v 6.870999 11.438740 -0.837088
v 6.870999 11.437681 -0.843000
v 6.870999 11.507011 -0.718549
v 6.870999 11.518084 -0.702252
v 6.870999 11.526262 -0.696118
v 6.870999 11.512833 -1.152019
v 6.870999 11.518084 -1.159748
v 6.870999 11.507011 -1.143451
v 6.870999 11.463232 -1.067437
v 6.870999 11.438740 -1.024912
v 6.870999 11.437681 -1.019000
v 6.870999 11.641664 -1.252433
v 6.870999 11.526262 -1.165882
v 6.870999 12.047871 -1.323196
v 6.870999 11.970000 -1.332446
v 6.870999 12.142617 -1.311941
vn -0.0411 -0.9776 0.2064
vn -0.1827 -0.3510 0.9184
vn -0.1827 0.3510 0.9184
vn -0.0411 0.9776 0.2064
vn -0.1572 -0.5925 0.7901
vn -0.1938 0.1157 0.9742
vn -0.1111 0.8220 0.5585
vn -0.1111 -0.8220 0.5585
vn -0.1938 -0.1157 0.9742
vn -0.1572 0.5925 0.7901
vn -0.1169 0.9776 0.1750
vn -0.3163 0.8221 0.4735
vn -0.3163 -0.8221 0.4735
vn -0.1169 -0.9776 0.1750
vn -0.1750 -0.9776 0.1169
vn -0.1750 0.9776 0.1169
vn -0.2064 -0.9776 0.0411
vn -0.2064 0.9776 0.0411
vn -0.2064 -0.9776 -0.0411
vn -0.2064 0.9776 -0.0411
vn -0.1750 0.9776 -0.1169
vn -0.1750 -0.9776 -0.1169
vn -0.1169 0.9776 -0.1750
vn -0.3164 -0.8220 -0.4735
vn -0.1169 -0.9776 -0.1750
vn -0.0411 -0.9776 -0.2064
vn -0.1827 -0.3510 -0.9184
vn -0.1827 0.3510 -0.9184
vn -0.0411 0.9776 -0.2064
vn -0.1572 -0.5925 -0.7901
vn -0.1938 0.1157 -0.9742
vn -0.1111 0.8220 -0.5585
vn -0.1111 -0.8220 -0.5585
vn -0.1938 -0.1157 -0.9742
vn -0.1572 0.5925 -0.7901
vn 0.1938 -0.1157 -0.9742
vn 0.1572 0.5925 -0.7901
vn 0.0411 -0.9776 -0.2064
vn 0.1827 -0.3510 -0.9184
vn 0.1827 0.3510 -0.9184
vn 0.0411 0.9776 -0.2064
vn 0.1572 -0.5925 -0.7901
vn 0.1938 0.1157 -0.9742
vn 0.1111 0.8220 -0.5585
vn 0.1111 -0.8221 -0.5585
vn 0.3164 0.8220 -0.4735
vn 0.3163 -0.8221 -0.4735
vn 0.5518 -0.1157 -0.8259
vn 0.4475 0.5925 -0.6698
vn 0.1169 -0.9776 -0.1750
vn 0.5202 -0.3510 -0.7786
vn 0.5202 0.3510 -0.7786
vn 0.1169 0.9776 -0.1750
vn 0.4475 -0.5925 -0.6698
vn 0.5518 0.1157 -0.8259
vn 0.8259 0.1157 -0.5518
vn 0.4735 0.8220 -0.3164
vn 0.4735 -0.8220 -0.3164
vn 0.8259 -0.1157 -0.5518
vn 0.6698 0.5925 -0.4475
vn 0.1750 -0.9776 -0.1169
vn 0.7786 -0.3510 -0.5202
vn 0.7786 0.3510 -0.5202
vn 0.1750 0.9776 -0.1169
vn 0.6698 -0.5925 -0.4475
vn 0.2064 0.9776 -0.0411
vn 0.7901 -0.5925 -0.1572
vn 0.9742 0.1157 -0.1938
vn 0.5585 0.8221 -0.1111
vn 0.5585 -0.8220 -0.1111
vn 0.9742 -0.1157 -0.1938
vn 0.7901 0.5925 -0.1572
vn 0.2064 -0.9776 -0.0411
vn 0.9184 -0.3510 -0.1827
vn 0.9184 0.3510 -0.1827
vn 0.9184 -0.3510 0.1827
vn 0.9184 0.3510 0.1827
vn 0.2064 0.9776 0.0411
vn 0.7901 -0.5925 0.1572
vn 0.9742 0.1157 0.1938
vn 0.5585 0.8220 0.1111
vn 0.5585 -0.8220 0.1111
vn 0.9742 -0.1157 0.1938
vn 0.7901 0.5925 0.1572
vn 0.2064 -0.9776 0.0411
vn 0.6698 0.5925 0.4475
vn 0.1750 -0.9776 0.1169
vn 0.7786 -0.3510 0.5202
vn 0.7786 0.3510 0.5202
vn 0.1750 0.9776 0.1169
vn 0.6698 -0.5925 0.4475
vn 0.8259 0.1157 0.5518
vn 0.4735 0.8220 0.3164
vn 0.4735 -0.8220 0.3164
vn 0.8259 -0.1157 0.5518
vn 0.5518 -0.1157 0.8259
vn 0.4475 0.5925 0.6698
vn 0.1169 -0.9776 0.1750
vn 0.5202 -0.3510 0.7786
vn 0.5202 0.3510 0.7786
vn 0.1169 0.9776 0.1750
vn 0.4475 -0.5925 0.6698
vn 0.5518 0.1157 0.8259
vn 0.3163 0.8220 0.4735
vn 0.3164 -0.8220 0.4735
vn 0.1111 0.8220 0.5585
vn 0.1111 -0.8220 0.5585
vn 0.1938 -0.1157 0.9742
vn 0.1572 0.5925 0.7901
vn 0.0411 -0.9776 0.2064
vn 0.1827 -0.3510 0.9184
vn 0.1827 0.3510 0.9184
vn 0.0411 0.9776 0.2064
vn 0.1572 -0.5925 0.7901
vn 0.1938 0.1157 0.9742
vn -0.3164 0.8220 -0.4735
vn 0.1111 -0.8220 -0.5585
vn 0.3163 0.8221 -0.4735
vn 0.3164 -0.8220 -0.4735
vn 0.4735 -0.8221 -0.3164
vn 0.5585 0.8220 -0.1111
vn 0.5585 -0.8221 -0.1111
vn 0.3164 0.8220 0.4735
vn 0.3163 -0.8220 0.4735
vn -1.0000 -0.0000 -0.0000
vn 0.0411 0.9776 0.2065
vn 0.0411 0.9776 -0.2065
vn 0.1111 0.8221 0.5585
vn 0.3164 0.8221 0.4734
vn -0.3164 0.8220 0.4735
vn -0.4475 0.5925 0.6698
vn -0.1572 0.5926 0.7901
vn -0.6698 0.5925 0.4475
vn -0.5202 0.3510 0.7786
vn -0.7786 0.3510 0.5202
vn -0.5585 0.8221 0.1111
vn -0.4734 0.8221 0.3163
vn -0.7901 0.5925 0.1571
vn -0.5585 0.8221 -0.1111
vn -0.7901 0.5925 -0.1572
vn -0.7901 0.5925 0.1572
vn -0.6698 0.5925 -0.4475
vn -0.7786 0.3510 -0.5202
vn -0.9184 0.3510 -0.1827
vn -0.4475 0.5925 -0.6698
vn -0.5202 0.3510 -0.7786
vn -0.1111 0.8221 -0.5585
vn -0.3164 0.8221 -0.4735
vn -0.1572 0.5926 -0.7901
vn 0.3164 0.8221 -0.4734
vn 0.1111 0.8221 -0.5585
vn -0.5518 0.1157 0.8259
vn -0.5518 -0.1157 0.8259
vn -0.8259 -0.1157 0.5518
vn -0.7786 -0.3510 0.5202
vn -0.5202 -0.3510 0.7786
vn -0.4475 -0.5925 0.6698
vn -0.1572 -0.5926 0.7901
vn 0.3164 -0.8221 0.4734
vn 0.0411 -0.9776 0.2065
vn -0.3164 -0.8221 0.4735
vn -0.3164 -0.8221 0.4734
vn -0.6698 -0.5925 0.4475
vn -0.4735 -0.8220 0.3164
vn -0.4734 -0.8221 0.3163
vn -0.5585 -0.8221 0.1111
vn -0.5585 -0.8221 -0.1111
vn -0.5585 -0.8220 -0.1111
vn -0.6698 -0.5925 -0.4475
vn -0.7901 -0.5925 -0.1572
vn -0.4735 -0.8220 -0.3163
vn -0.4735 -0.8220 -0.3164
vn -0.7786 -0.3510 -0.5202
vn -0.5202 -0.3510 -0.7786
vn -0.4475 -0.5925 -0.6698
vn -0.1572 -0.5926 -0.7901
vn -0.3164 -0.8221 -0.4735
vn -0.1111 -0.8221 -0.5585
vn 0.0411 -0.9776 -0.2065
vn 0.3164 -0.8221 -0.4734
vn 0.3163 -0.8220 -0.4735
vn -0.3164 -0.8221 -0.4734
vn -0.8259 -0.1157 -0.5518
vn -0.9742 -0.1157 -0.1938
vn -0.9184 -0.3510 -0.1827
vn -0.8259 0.1157 -0.5518
vn -0.5518 0.1157 -0.8259
vn -0.5518 -0.1157 -0.8259
vn -0.9184 -0.3510 0.1827
vn -0.7901 -0.5925 0.1572
vn -0.7901 -0.5925 0.1571
vn -0.9742 -0.1157 0.1938
vn -0.9742 0.1157 0.1938
vn -0.8259 0.1157 0.5518
vn -0.9184 0.3510 0.1827
vn -0.9742 0.1157 -0.1938
vn 0.3163 0.8220 -0.4735
vn -0.3164 0.8221 -0.4734
vn -0.4735 0.8220 -0.3164
vn -0.4735 0.8220 -0.3163
vn -0.5585 0.8220 -0.1111
vn -0.4735 0.8220 0.3164
vn -0.3164 0.8221 0.4734
vn 1.0000 -0.0000 -0.0000
vn -0.1111 0.8221 0.5585
vn -0.1571 -0.5925 -0.7901
vn -0.1111 -0.8221 0.5585
vn -0.1571 0.5925 -0.7901
vn 0.1111 -0.8221 0.5585
vn 1.0000 -0.0000 0.0002
vn 1.0000 -0.0000 -0.0001
vn 1.0000 -0.0000 0.0001
vn 1.0000 -0.0000 -0.0003
vn 1.0000 -0.0000 -0.0002
vn 1.0000 -0.0000 0.0003
vt 0.718750 0.000000
vt 0.750000 0.100000
vt 0.687500 0.100000
vt 0.750000 0.300000
vt 0.713929 0.357714
vt 0.707596 0.300000
vt 0.750000 0.600000
vt 0.707596 0.667846
vt 0.713929 0.600000
vt 0.750000 0.900000
vt 0.718750 1.000000
vt 0.687500 0.900000
vt 0.750000 0.200000
vt 0.707596 0.267846
vt 0.691636 0.200000
vt 0.750000 0.500000
vt 0.715694 0.545111
vt 0.715694 0.500000
vt 0.687500 0.813953
vt 0.750000 0.800000
vt 0.750000 0.400000
vt 0.713929 0.442286
vt 0.713929 0.400000
vt 0.750000 0.700000
vt 0.707596 0.732154
vt 0.707596 0.700000
vt 0.626210 0.903871
vt 0.656250 1.000000
vt 0.668207 0.869131
vt 0.668207 0.130869
vt 0.630273 0.100000
vt 0.626210 0.096129
vt 0.656250 0.000000
vt 0.593750 0.000000
vt 0.623790 0.096129
vt 0.570758 0.073574
vt 0.593750 1.000000
vt 0.570758 0.926426
vt 0.623790 0.903871
vt 0.531250 0.000000
vt 0.554242 0.073574
vt 0.510008 0.067974
vt 0.531250 1.000000
vt 0.510008 0.932026
vt 0.554242 0.926426
vt 0.468750 0.000000
vt 0.489992 0.067974
vt 0.445758 0.073574
vt 0.468750 1.000000
vt 0.445758 0.926426
vt 0.489992 0.932026
vt 0.406250 1.000000
vt 0.376209 0.903871
vt 0.429242 0.926426
vt 0.406250 0.000000
vt 0.429242 0.073574
vt 0.376209 0.096129
vt 0.312500 0.900000
vt 0.373790 0.903871
vt 0.343750 1.000000
vt 0.312500 0.100000
vt 0.369727 0.100000
vt 0.312500 0.186047
vt 0.373790 0.096129
vt 0.281250 0.000000
vt 0.250000 0.100000
vt 0.250000 0.300000
vt 0.292404 0.332153
vt 0.250000 0.400000
vt 0.250000 0.600000
vt 0.286071 0.600000
vt 0.292404 0.667847
vt 0.281250 1.000000
vt 0.250000 0.900000
vt 0.250000 0.200000
vt 0.308364 0.206617
vt 0.250000 0.500000
vt 0.284306 0.545111
vt 0.250000 0.800000
vt 0.312500 0.813953
vt 0.286071 0.400000
vt 0.284306 0.454889
vt 0.250000 0.700000
vt 0.292404 0.700000
vt 0.308364 0.793383
vt 0.187500 0.400000
vt 0.187500 0.700000
vt 0.218750 0.000000
vt 0.187500 0.100000
vt 0.187500 0.300000
vt 0.187500 0.600000
vt 0.218750 1.000000
vt 0.187500 0.900000
vt 0.187500 0.200000
vt 0.187500 0.500000
vt 0.187500 0.800000
vt 0.125000 0.900000
vt 0.125000 0.800000
vt 0.125000 0.100000
vt 0.125000 0.400000
vt 0.125000 0.700000
vt 0.156250 0.000000
vt 0.125000 0.300000
vt 0.125000 0.600000
vt 0.156250 1.000000
vt 0.125000 0.200000
vt 0.125000 0.500000
vt 0.062500 0.600000
vt 0.062500 0.500000
vt 0.062500 0.800000
vt 0.062500 0.100000
vt 0.062500 0.400000
vt 0.062500 0.700000
vt 0.093750 0.000000
vt 0.062500 0.300000
vt 0.093750 1.000000
vt 0.062500 0.900000
vt 0.062500 0.200000
vt 0.031250 1.000000
vt 0.000000 0.900000
vt 0.000000 0.300000
vt 0.000000 0.200000
vt 0.000000 0.600000
vt 0.000000 0.500000
vt 0.000000 0.800000
vt 0.000000 0.100000
vt 0.000000 0.400000
vt 0.000000 0.700000
vt 0.031250 0.000000
vt 1.000000 0.400000
vt 0.937500 0.300000
vt 1.000000 0.300000
vt 1.000000 0.600000
vt 0.937500 0.700000
vt 0.937500 0.600000
vt 1.000000 0.900000
vt 0.968750 1.000000
vt 0.937500 0.900000
vt 1.000000 0.200000
vt 0.937500 0.200000
vt 1.000000 0.500000
vt 0.937500 0.500000
vt 0.937500 0.800000
vt 1.000000 0.800000
vt 1.000000 0.100000
vt 0.937500 0.100000
vt 0.937500 0.400000
vt 1.000000 0.700000
vt 0.968750 0.000000
vt 0.875000 0.700000
vt 0.906250 0.000000
vt 0.875000 0.100000
vt 0.875000 0.300000
vt 0.875000 0.600000
vt 0.906250 1.000000
vt 0.875000 0.900000
vt 0.875000 0.200000
vt 0.875000 0.500000
vt 0.875000 0.800000
vt 0.875000 0.400000
vt 0.812500 0.400000
vt 0.812500 0.700000
vt 0.843750 0.000000
vt 0.812500 0.100000
vt 0.812500 0.300000
vt 0.812500 0.600000
vt 0.843750 1.000000
vt 0.812500 0.900000
vt 0.812500 0.200000
vt 0.812500 0.500000
vt 0.812500 0.800000
vt 0.781250 0.000000
vt 0.781250 1.000000
vt 0.687500 0.186047
vt 0.691636 0.800000
vt 0.630273 0.900000
vt 0.369727 0.900000
vt 0.292404 0.300000
vt 0.308364 0.200000
vt 0.616609 0.055609
vt 0.617277 0.045697
vt 0.615687 0.035606
vt 0.625000 0.900000
vt 0.562500 0.900000
vt 0.500000 0.900000
vt 0.437500 0.900000
vt 0.375000 0.900000
vt 0.126209 0.903871
vt 0.130273 0.900000
vt 0.070758 0.926426
vt 0.123790 0.903871
vt 0.010008 0.932027
vt 0.054242 0.926426
vt 0.945758 0.926427
vt 0.989992 0.932027
vt 0.876209 0.903871
vt 0.929242 0.926426
vt 0.873791 0.903872
vt 0.812500 0.813954
vt 0.831793 0.869132
vt 0.831794 0.869132
vt 0.869727 0.900000
vt 0.808364 0.793382
vt 0.808364 0.800000
vt 0.687500 0.800000
vt 0.625000 0.800000
vt 0.625000 0.700000
vt 0.687500 0.700000
vt 0.562500 0.800000
vt 0.625000 0.600000
vt 0.562500 0.600000
vt 0.562500 0.700000
vt 0.500000 0.800000
vt 0.437500 0.800000
vt 0.437500 0.700000
vt 0.500000 0.700000
vt 0.375000 0.700000
vt 0.437500 0.600000
vt 0.375000 0.800000
vt 0.312500 0.800000
vt 0.375000 0.600000
vt 0.312500 0.700000
vt 0.191636 0.793382
vt 0.207596 0.667846
vt 0.207596 0.700000
vt 0.191636 0.806618
vt 0.168208 0.869131
vt 0.187500 0.813954
vt 0.191636 0.800000
vt 0.792404 0.700000
vt 0.786071 0.642287
vt 0.786071 0.600000
vt 0.784305 0.545111
vt 0.784305 0.500000
vt 0.687500 0.500000
vt 0.687500 0.600000
vt 0.687500 0.400000
vt 0.625000 0.400000
vt 0.625000 0.500000
vt 0.562500 0.400000
vt 0.625000 0.300000
vt 0.687500 0.300000
vt 0.687500 0.200000
vt 0.784306 0.454889
vt 0.786071 0.357713
vt 0.786071 0.400000
vt 0.792404 0.300000
vt 0.215695 0.454888
vt 0.213929 0.400000
vt 0.207596 0.332154
vt 0.010008 0.067973
vt 0.054242 0.073574
vt 0.945758 0.073573
vt 0.989992 0.067973
vt 0.831794 0.130868
vt 0.869727 0.100000
vt 0.876210 0.096128
vt 0.929242 0.073573
vt 0.873791 0.096129
vt 0.869727 0.100000
vt 0.812500 0.186046
vt 0.808364 0.200000
vt 0.831793 0.130868
vt 0.808364 0.206618
vt 0.625000 0.200000
vt 0.625000 0.100000
vt 0.562500 0.200000
vt 0.562500 0.100000
vt 0.500000 0.100000
vt 0.500000 0.200000
vt 0.437500 0.200000
vt 0.437500 0.100000
vt 0.437500 0.300000
vt 0.375000 0.300000
vt 0.375000 0.100000
vt 0.375000 0.200000
vt 0.437500 0.400000
vt 0.375000 0.400000
vt 0.312500 0.300000
vt 0.312500 0.200000
vt 0.191636 0.193382
vt 0.191636 0.200000
vt 0.187500 0.186046
vt 0.168207 0.130868
vt 0.187500 0.186046
vt 0.130273 0.100000
vt 0.126209 0.096129
vt 0.070758 0.073574
vt 0.123790 0.096129
vt 0.207596 0.300000
vt 0.191636 0.206618
vt 0.343750 0.000000
vt 0.437500 0.500000
vt 0.375000 0.500000
vt 0.500000 0.400000
vt 0.500000 0.300000
vt 0.312500 0.500000
vt 0.312500 0.600000
vt 0.312500 0.400000
vt 0.215695 0.545112
vt 0.215695 0.500000
vt 0.562500 0.300000
vt 0.500000 0.500000
vt 0.562500 0.500000
vt 0.500000 0.600000
vt 0.808363 0.206618
vt 0.213929 0.600000
vt 0.168207 0.869132
vt 0.607572 0.679727
vt 0.604291 0.679727
vt 0.607572 0.724699
vt 0.284306 0.500000
vt 0.308364 0.800000
vt 0.596582 0.034321
vt 0.596409 0.034672
vt 0.596176 0.035606
vt 0.594737 0.042403
vt 0.594715 0.042742
vt 0.594585 0.045697
vt 0.594553 0.047787
vt 0.595254 0.055609
vt 0.594585 0.049877
vt 0.594715 0.052832
vt 0.594737 0.053171
vt 0.596176 0.059967
vt 0.598176 0.064507
vt 0.596409 0.060902
vt 0.599013 0.066216
vt 0.600907 0.068185
vt 0.599013 0.029358
vt 0.602294 0.025947
vt 0.600068 0.028261
vt 0.605931 0.024771
vt 0.604291 0.025301
vt 0.607572 0.025301
vt 0.609568 0.025947
vt 0.607572 0.070273
vt 0.612849 0.029358
vt 0.611795 0.028261
vt 0.613687 0.064507
vt 0.611795 0.067313
vt 0.615281 0.034321
vt 0.615453 0.034672
vt 0.603832 0.070125
vt 0.602294 0.069627
vt 0.605931 0.070803
vt 0.609568 0.069627
vt 0.612850 0.066216
vt 0.615453 0.060902
vt 0.615687 0.059967
vt 0.617125 0.053171
vt 0.617147 0.052832
vt 0.617148 0.042742
vt 0.617125 0.042403
vt 0.617310 0.047787
vt 0.617277 0.049877
vt 0.596409 0.689098
vt 0.596176 0.690033
vt 0.596582 0.688747
vt 0.595254 0.694391
vt 0.594737 0.696829
vt 0.594715 0.697168
vt 0.594585 0.700123
vt 0.594553 0.702213
vt 0.595254 0.710035
vt 0.594585 0.704303
vt 0.594715 0.707258
vt 0.594737 0.707597
vt 0.596176 0.714393
vt 0.596582 0.715679
vt 0.596299 0.714885
vt 0.596409 0.715328
vt 0.599013 0.720642
vt 0.599013 0.683784
vt 0.600068 0.721739
vt 0.602294 0.724054
vt 0.600907 0.681815
vt 0.604291 0.724699
vt 0.605931 0.725229
vt 0.609568 0.724053
vt 0.610956 0.681815
vt 0.611794 0.721739
vt 0.612850 0.720642
vt 0.612850 0.683784
vt 0.615281 0.715680
vt 0.615453 0.715328
vt 0.615564 0.714885
vt 0.615687 0.714393
vt 0.616609 0.710035
vt 0.617125 0.707597
vt 0.617148 0.707258
vt 0.617277 0.704303
vt 0.617310 0.702213
vt 0.617277 0.700123
vt 0.616609 0.694391
vt 0.617147 0.697168
vt 0.617125 0.696829
vt 0.615687 0.690033
vt 0.615281 0.688747
vt 0.615453 0.689098
vt 0.609568 0.680373
vt 0.605931 0.679197
vt 0.602294 0.680373
s 0
usemtl Amber
f 608/474/172 607/475/172 610/476/172
f 606/477/173 689/478/173 690/479/173
f 687/480/174 691/481/174 692/482/174
f 685/483/175 602/484/175 609/485/175
f 688/486/176 693/487/176 694/488/176
f 604/489/177 695/490/177 696/491/177
f 698/492/178 686/493/178 609/485/178
f 688/486/179 610/476/179 607/475/179
f 605/494/180 699/495/180 700/496/180
f 603/497/181 701/498/181 702/499/181
f 704/500/182 609/485/182 602/501/182
f 609/485/183 705/502/183 698/492/183
f 610/476/184 706/503/184 707/504/184
f 610/476/185 708/505/185 608/506/185
f 608/507/186 708/508/186 709/509/186
f 602/510/187 710/511/187 704/512/187
f 608/513/188 709/514/188 711/515/188
f 602/516/189 712/517/189 710/518/189
f 608/519/190 711/520/190 713/521/190
f 602/522/191 714/523/191 712/524/191
f 602/525/192 715/526/192 714/527/192
f 608/528/193 713/529/193 716/530/193
f 611/531/194 715/532/194 602/533/194
f 612/534/195 719/535/195 718/536/195
f 612/534/196 716/537/196 719/535/196
f 608/538/197 612/534/197 621/539/197
f 619/540/198 720/541/198 618/542/198
f 616/543/199 723/544/199 722/545/199
f 611/531/200 602/546/200 613/547/200
f 620/548/201 724/549/201 619/540/201
f 617/550/202 726/551/202 616/543/202
f 614/552/203 728/553/203 611/531/203
f 612/534/204 620/548/204 621/539/204
f 618/542/205 731/554/205 730/555/205
f 615/556/206 733/557/206 732/558/206
f 617/550/207 627/559/207 618/542/207
f 614/552/208 624/560/208 615/556/208
f 608/561/209 621/539/209 630/562/209
f 619/540/210 627/559/210 628/563/210
f 615/556/211 625/564/211 616/543/211
f 613/547/212 602/565/212 622/566/212
f 620/548/213 628/563/213 629/567/213
f 617/550/214 625/564/214 626/568/214
f 613/547/215 623/569/215 614/552/215
f 620/548/216 630/562/216 621/539/216
f 623/569/217 631/570/217 632/571/217
f 629/567/218 639/572/218 630/562/218
f 626/568/219 636/573/219 627/559/219
f 624/560/220 632/571/220 633/574/220
f 608/575/221 630/562/221 639/572/221
f 627/559/222 637/576/222 628/563/222
f 625/564/223 633/574/223 634/577/223
f 622/566/224 602/578/224 631/570/224
f 628/563/225 638/579/225 629/567/225
f 626/568/226 634/577/226 635/580/226
f 635/580/227 643/581/227 644/582/227
f 631/570/228 641/583/228 632/571/228
f 638/579/229 648/584/229 639/572/229
f 635/580/230 645/585/230 636/573/230
f 632/571/231 642/586/231 633/574/231
f 608/587/232 639/572/232 648/584/232
f 636/573/233 646/588/233 637/576/233
f 634/577/234 642/586/234 643/581/234
f 631/570/235 602/589/235 640/590/235
f 638/579/236 646/588/236 647/591/236
f 640/590/237 602/592/237 649/593/237
f 647/591/238 655/594/238 656/595/238
f 644/582/239 652/596/239 653/597/239
f 641/583/240 649/593/240 650/598/240
f 647/591/241 657/599/241 648/584/241
f 644/582/242 654/600/242 645/585/242
f 641/583/243 651/601/243 642/586/243
f 608/602/244 648/584/244 657/599/244
f 645/585/245 655/594/245 646/588/245
f 643/581/246 651/601/246 652/596/246
f 654/603/247 664/604/247 655/605/247
f 652/606/248 660/607/248 661/608/248
f 649/609/249 602/610/249 658/611/249
f 656/612/250 664/604/250 665/613/250
f 653/614/251 661/608/251 662/615/251
f 649/609/252 659/616/252 650/617/252
f 657/618/253 665/613/253 666/619/253
f 653/614/254 663/620/254 654/603/254
f 650/617/255 660/607/255 651/621/255
f 608/622/256 657/618/256 666/619/256
f 659/616/257 669/623/257 660/607/257
f 608/624/258 666/619/258 675/625/258
f 663/620/259 673/626/259 664/604/259
f 661/608/260 669/623/260 670/627/260
f 658/611/261 602/628/261 667/629/261
f 665/613/262 673/626/262 674/630/262
f 662/615/263 670/627/263 671/631/263
f 659/616/264 667/629/264 668/632/264
f 665/613/265 675/625/265 666/619/265
f 662/615/266 672/633/266 663/620/266
f 671/631/267 681/634/267 672/633/267
f 668/632/268 678/635/268 669/623/268
f 608/636/269 675/625/269 684/637/269
f 672/633/270 682/638/270 673/626/270
f 670/627/271 678/635/271 679/639/271
f 667/629/272 602/640/272 676/641/272
f 674/630/273 682/638/273 683/642/273
f 671/631/274 679/639/274 680/643/274
f 667/629/275 677/644/275 668/632/275
f 675/625/276 683/642/276 684/637/276
f 676/641/277 686/493/277 677/644/277
f 683/642/278 607/475/278 684/637/278
f 680/643/279 605/494/279 681/634/279
f 677/644/280 603/497/280 678/635/280
f 608/645/281 684/637/281 607/475/281
f 681/634/282 606/477/282 682/638/282
f 679/639/283 603/497/283 687/480/283
f 676/641/284 602/646/284 685/483/284
f 682/638/285 688/486/285 683/642/285
f 679/639/286 604/489/286 680/643/286
f 605/494/173 689/478/173 606/477/173
f 603/497/174 691/481/174 687/480/174
f 606/477/176 693/487/176 688/486/176
f 687/480/177 692/482/177 695/490/177
f 686/493/178 685/483/178 609/485/178
f 688/486/179 734/647/179 610/476/179
f 604/489/180 696/491/180 699/495/180
f 686/493/181 697/648/181 701/498/181
f 609/485/183 703/649/183 705/502/183
f 610/476/184 734/647/184 706/503/184
f 611/531/287 728/553/287 717/650/287
f 618/542/198 720/541/198 731/554/198
f 722/545/199 615/556/199 616/543/199
f 619/540/201 724/549/201 721/651/201
f 616/543/202 726/551/202 723/544/202
f 611/531/203 613/547/203 614/552/203
f 620/548/204 718/536/204 725/652/204
f 730/555/205 617/550/205 618/542/205
f 732/558/206 614/552/206 615/556/206
f 617/550/207 626/568/207 627/559/207
f 614/552/208 623/569/208 624/560/208
f 619/540/210 618/542/210 627/559/210
f 615/556/211 624/560/211 625/564/211
f 620/548/213 619/540/213 628/563/213
f 617/550/214 616/543/214 625/564/214
f 613/547/215 622/566/215 623/569/215
f 620/548/288 629/567/288 630/562/288
f 623/569/289 622/566/289 631/570/289
f 629/567/290 638/579/290 639/572/290
f 626/568/219 635/580/219 636/573/219
f 624/560/220 623/569/220 632/571/220
f 627/559/222 636/573/222 637/576/222
f 625/564/223 624/560/223 633/574/223
f 628/563/225 637/576/225 638/579/225
f 626/568/226 625/564/226 634/577/226
f 635/580/227 634/577/227 643/581/227
f 631/570/228 640/590/228 641/583/228
f 638/579/291 647/591/291 648/584/291
f 635/580/230 644/582/230 645/585/230
f 632/571/231 641/583/231 642/586/231
f 636/573/233 645/585/233 646/588/233
f 634/577/234 633/574/234 642/586/234
f 638/579/236 637/576/236 646/588/236
f 647/591/238 646/588/238 655/594/238
f 644/582/239 643/581/239 652/596/239
f 641/583/292 640/590/292 649/593/292
f 647/591/293 656/595/293 657/599/293
f 644/582/242 653/597/242 654/600/242
f 641/583/243 650/598/243 651/601/243
f 645/585/245 654/600/245 655/594/245
f 643/581/246 642/586/246 651/601/246
f 654/603/247 663/620/247 664/604/247
f 652/606/248 651/621/248 660/607/248
f 656/612/250 655/605/250 664/604/250
f 653/614/251 652/606/251 661/608/251
f 649/609/252 658/611/252 659/616/252
f 657/618/253 656/612/253 665/613/253
f 653/614/254 662/615/254 663/620/254
f 650/617/255 659/616/255 660/607/255
f 659/616/257 668/632/257 669/623/257
f 663/620/259 672/633/259 673/626/259
f 661/608/260 660/607/260 669/623/260
f 665/613/262 664/604/262 673/626/262
f 662/615/263 661/608/263 670/627/263
f 659/616/264 658/611/264 667/629/264
f 665/613/265 674/630/265 675/625/265
f 662/615/266 671/631/266 672/633/266
f 671/631/267 680/643/267 681/634/267
f 668/632/268 677/644/268 678/635/268
f 672/633/270 681/634/270 682/638/270
f 670/627/271 669/623/271 678/635/271
f 674/630/273 673/626/273 682/638/273
f 671/631/274 670/627/274 679/639/274
f 667/629/294 676/641/294 677/644/294
f 675/625/295 674/630/295 683/642/295
f 676/641/277 685/483/277 686/493/277
f 683/642/278 688/486/278 607/475/278
f 680/643/279 604/489/279 605/494/279
f 677/644/280 686/493/280 603/497/280
f 681/634/282 605/494/282 606/477/282
f 679/639/283 678/635/283 603/497/283
f 682/638/285 606/477/285 688/486/285
f 679/639/286 687/480/286 604/489/286
f 705/653/296 714/654/296 728/655/296
f 746/641/297 735/646/297 736/483/297
f 736/483/175 735/484/175 737/485/175
f 737/485/182 735/501/182 738/656/182
f 738/656/187 735/510/187 739/657/187
f 739/657/189 735/516/189 740/658/189
f 740/658/191 735/522/191 741/659/191
f 741/659/192 735/525/192 742/660/192
f 742/660/194 735/533/194 743/531/194
f 743/531/200 735/546/200 744/547/200
f 744/547/298 735/565/298 745/566/298
f 745/566/224 822/661/224 823/662/224
f 824/663/235 822/664/235 735/589/235
f 825/665/237 824/666/237 735/592/237
f 826/667/249 825/668/249 735/610/249
f 827/669/261 826/670/261 735/628/261
f 746/641/272 827/671/272 735/640/272
f 747/493/299 829/672/299 746/641/299
f 829/672/300 831/673/300 746/641/300
f 831/674/275 828/675/275 746/641/275
f 746/641/277 736/483/277 747/493/277
f 747/493/178 736/483/178 737/485/178
f 747/493/280 832/676/280 830/677/280
f 748/497/181 747/493/181 749/678/181
f 747/493/178 737/485/178 749/678/178
f 737/485/301 751/679/301 749/678/301
f 749/678/302 752/680/302 750/681/302
f 748/497/303 749/678/303 750/681/303
f 749/678/302 751/679/302 752/680/302
f 752/680/304 751/679/304 756/682/304
f 750/681/305 752/680/305 753/683/305
f 752/680/306 755/684/306 753/683/306
f 752/680/306 754/685/306 755/684/306
f 752/680/304 756/682/304 754/685/304
f 756/682/307 739/657/307 740/658/307
f 751/679/308 739/657/308 756/682/308
f 754/685/309 756/682/309 757/686/309
f 756/682/307 740/658/307 757/686/307
f 740/658/310 759/687/310 757/686/310
f 757/686/311 760/688/311 758/689/311
f 754/685/312 757/686/312 758/689/312
f 757/686/311 759/687/311 760/688/311
f 759/687/313 762/690/313 760/688/313
f 761/691/314 760/688/314 762/690/314
f 758/689/315 760/688/315 761/691/315
f 762/690/316 763/692/316 766/693/316
f 759/687/313 763/692/313 762/690/313
f 764/694/317 762/690/317 765/695/317
f 761/691/314 762/690/314 764/694/314
f 762/690/316 766/693/316 765/695/316
f 766/693/318 743/531/318 744/547/318
f 763/692/319 743/531/319 766/693/319
f 766/693/320 768/556/320 765/695/320
f 766/693/206 767/552/206 768/556/206
f 766/693/203 744/547/203 767/552/203
f 767/552/208 833/696/208 768/556/208
f 768/556/211 835/697/211 769/543/211
f 765/695/199 768/556/199 769/543/199
f 833/696/208 836/698/208 768/556/208
f 745/566/215 838/699/215 744/547/215
f 839/700/321 837/701/321 745/566/321
f 767/552/322 838/699/322 834/702/322
f 832/676/280 748/497/280 840/703/280
f 840/703/283 748/497/283 841/704/283
f 842/705/286 770/480/286 843/706/286
f 841/704/283 770/480/283 842/705/283
f 770/480/174 748/497/174 750/681/174
f 843/706/286 771/489/286 844/707/286
f 770/480/177 773/708/177 771/489/177
f 770/480/177 772/709/177 773/708/177
f 770/480/174 750/681/174 772/709/174
f 773/708/323 772/709/323 753/683/323
f 771/489/180 773/708/180 774/710/180
f 773/708/324 776/711/324 774/710/324
f 773/708/324 775/712/324 776/711/324
f 773/708/323 753/683/323 775/712/323
f 775/712/325 778/713/325 776/711/325
f 777/714/326 776/711/326 778/713/326
f 779/715/327 776/711/327 777/714/327
f 779/715/327 774/710/327 776/711/327
f 782/494/173 774/710/173 779/715/173
f 780/716/328 779/715/328 777/714/328
f 781/477/329 779/715/329 780/716/329
f 782/494/173 779/715/173 781/477/173
f 771/489/279 845/717/279 844/707/279
f 771/489/180 774/710/180 782/494/180
f 782/494/282 846/718/282 847/719/282
f 845/717/279 782/494/279 847/719/279
f 846/718/282 781/477/282 848/720/282
f 849/721/207 850/722/207 783/542/207
f 850/722/210 851/723/210 783/542/210
f 852/724/244 784/602/244 853/725/244
f 854/726/256 784/622/256 852/727/256
f 855/728/295 785/637/295 856/729/295
f 857/730/258 784/624/258 854/731/258
f 785/637/269 857/732/269 856/733/269
f 787/486/278 858/734/278 859/735/278
f 858/734/330 785/637/330 855/736/330
f 784/645/331 785/637/331 786/475/331
f 785/637/278 787/486/278 786/475/278
f 860/737/285 787/486/285 859/735/285
f 781/477/176 780/716/176 787/486/176
f 787/486/179 788/476/179 786/475/179
f 787/486/179 780/716/179 788/476/179
f 788/476/332 780/716/332 790/738/332
f 784/474/172 786/475/172 788/476/172
f 784/506/185 788/476/185 789/739/185
f 788/476/333 790/738/333 789/739/333
f 777/714/334 791/740/334 790/738/334
f 780/716/328 777/714/328 790/738/328
f 790/738/335 792/741/335 789/739/335
f 790/738/336 791/740/336 792/741/336
f 791/740/337 793/742/337 792/741/337
f 784/507/186 789/739/186 792/741/186
f 784/513/188 792/741/188 793/742/188
f 793/742/338 794/743/338 796/744/338
f 791/740/337 794/743/337 793/742/337
f 784/519/190 793/742/190 795/745/190
f 793/742/339 796/744/339 795/745/339
f 796/744/340 797/746/340 800/747/340
f 794/743/341 797/746/341 796/744/341
f 796/744/342 799/748/342 795/745/342
f 796/744/343 798/749/343 799/748/343
f 796/744/340 800/747/340 798/749/340
f 803/750/344 801/751/344 800/747/344
f 801/751/345 802/752/345 800/747/345
f 800/747/346 804/753/346 798/749/346
f 803/750/344 800/747/344 797/746/344
f 800/747/346 802/752/346 804/753/346
f 804/753/347 802/752/347 807/540/347
f 798/749/348 804/753/348 805/534/348
f 804/753/349 808/539/349 805/534/349
f 804/753/204 806/548/204 808/539/204
f 804/753/201 807/540/201 806/548/201
f 861/754/216 806/548/216 862/755/216
f 784/538/197 805/534/197 808/539/197
f 809/562/216 861/754/216 863/756/216
f 784/561/350 808/539/350 809/562/350
f 864/757/351 809/562/351 863/758/351
f 865/759/352 809/562/352 864/757/352
f 866/760/221 809/562/221 865/759/221
f 853/761/232 784/587/232 866/762/232
f 807/540/210 851/723/210 867/763/210
f 802/752/198 783/542/198 807/540/198
f 806/548/213 868/764/213 862/755/213
f 867/763/213 868/764/213 807/540/213
f 784/765/196 799/748/196 805/534/196
f 798/749/353 805/534/353 799/748/353
f 803/750/354 810/766/354 813/767/354
f 811/768/355 810/766/355 803/750/355
f 812/769/356 803/750/356 797/746/356
f 812/769/356 811/768/356 803/750/356
f 803/750/354 813/767/354 801/751/354
f 761/691/357 764/694/357 813/767/357
f 764/694/358 814/770/358 813/767/358
f 801/751/359 813/767/359 814/770/359
f 761/691/357 813/767/357 810/766/357
f 764/694/358 815/771/358 814/770/358
f 815/771/202 817/550/202 814/770/202
f 814/770/205 783/542/205 816/772/205
f 801/751/359 814/770/359 816/772/359
f 814/770/205 817/550/205 783/542/205
f 815/771/202 769/543/202 817/550/202
f 817/550/214 869/773/214 870/774/214
f 817/550/207 849/721/207 783/542/207
f 802/752/198 816/772/198 783/542/198
f 801/751/345 816/772/345 802/752/345
f 765/695/199 769/543/199 815/771/199
f 764/694/317 765/695/317 815/771/317
f 778/713/360 811/768/360 812/769/360
f 794/743/341 812/769/341 797/746/341
f 818/775/361 812/769/361 794/743/361
f 778/713/360 812/769/360 818/775/360
f 777/714/326 778/713/326 818/775/326
f 777/714/334 818/775/334 791/740/334
f 818/775/362 794/743/362 791/740/362
f 811/768/355 819/776/355 810/766/355
f 820/777/363 819/776/363 811/768/363
f 820/777/363 811/768/363 778/713/363
f 820/777/364 755/684/364 821/778/364
f 775/712/365 755/684/365 820/777/365
f 775/712/325 820/777/325 778/713/325
f 820/777/364 821/778/364 819/776/364
f 758/689/315 761/691/315 821/778/315
f 755/684/366 758/689/366 821/778/366
f 821/778/367 810/766/367 819/776/367
f 821/778/367 761/691/367 810/766/367
f 784/528/193 795/745/193 799/748/193
f 848/720/285 781/477/285 860/779/285
f 871/780/214 869/773/214 769/543/214
f 775/712/365 753/683/365 755/684/365
f 750/681/305 753/683/305 772/709/305
f 835/697/211 871/780/211 769/543/211
f 823/662/368 839/781/368 745/566/368
f 763/692/369 742/660/369 743/531/369
f 759/687/370 742/660/370 763/692/370
f 759/687/371 741/659/371 742/660/371
f 740/658/372 741/659/372 759/687/372
f 755/684/366 754/685/366 758/689/366
f 751/679/373 738/656/373 739/657/373
f 737/485/374 738/656/374 751/679/374
f 843/782/375 845/783/375 869/784/375
f 604/489/177 687/480/177 695/490/177
f 698/492/376 697/648/376 686/493/376
f 605/494/180 604/489/180 699/495/180
f 603/497/181 686/493/181 701/498/181
f 704/500/182 703/649/182 609/485/182
f 610/476/185 707/504/185 708/505/185
f 611/531/194 717/650/194 715/532/194
f 612/534/196 608/765/196 716/537/196
f 619/540/198 721/651/198 720/541/198
f 620/548/377 725/652/377 724/549/377
f 617/550/202 727/785/202 726/551/202
f 614/552/203 729/786/203 728/553/203
f 605/494/173 700/496/173 689/478/173
f 603/497/174 702/499/174 691/481/174
f 606/477/176 690/479/176 693/487/176
f 688/486/378 694/488/378 734/647/378
f 722/545/199 733/557/199 615/556/199
f 620/548/349 612/534/349 718/536/349
f 730/555/205 727/785/205 617/550/205
f 732/558/379 729/786/379 614/552/379
f 724/787/296 725/788/296 718/789/296
f 718/789/296 719/790/296 716/791/296
f 716/791/296 713/792/296 718/789/296
f 713/792/296 711/793/296 706/794/296
f 718/789/296 713/792/296 706/794/296
f 711/793/296 709/795/296 706/794/296
f 709/795/296 708/796/296 706/794/296
f 708/796/296 707/797/296 706/794/296
f 706/794/296 734/798/296 693/799/296
f 734/798/296 694/800/296 693/799/296
f 693/799/296 690/801/296 689/802/296
f 721/803/296 724/787/296 693/799/296
f 724/787/296 718/789/296 693/799/296
f 731/804/296 720/805/296 689/802/296
f 720/805/296 721/803/296 693/799/296
f 689/802/296 720/805/296 693/799/296
f 727/806/296 730/807/296 726/808/296
f 730/807/296 731/804/296 689/802/296
f 723/809/296 726/808/296 695/810/296
f 726/808/296 730/807/296 695/810/296
f 733/811/296 722/812/296 701/813/296
f 722/812/296 723/809/296 691/814/296
f 733/811/296 701/813/296 732/815/296
f 728/655/296 729/816/296 732/815/296
f 701/813/296 722/812/296 691/814/296
f 730/807/296 689/802/296 699/817/296
f 706/794/296 693/799/296 718/789/296
f 689/802/296 700/818/296 699/817/296
f 699/817/296 696/819/296 695/810/296
f 695/810/296 692/820/296 723/809/296
f 692/820/296 691/814/296 723/809/296
f 691/814/296 702/821/296 701/813/296
f 701/813/296 697/822/296 698/823/296
f 705/653/296 703/824/296 704/825/296
f 701/813/296 698/823/296 705/653/296
f 699/817/296 695/810/296 730/807/296
f 728/655/296 732/815/296 701/813/296
f 715/826/296 717/827/296 728/655/296
f 712/828/296 714/654/296 705/653/296
f 714/654/296 715/826/296 728/655/296
f 704/825/296 710/829/296 705/653/296
f 710/829/296 712/828/296 705/653/296
f 701/813/296 705/653/296 728/655/296
f 745/566/224 735/578/224 822/661/224
f 746/641/272 828/675/272 827/671/272
f 747/493/277 830/677/277 829/672/277
f 747/493/280 748/497/280 832/676/280
f 767/552/208 834/702/208 833/696/208
f 768/556/211 836/698/211 835/697/211
f 745/566/322 837/701/322 838/699/322
f 767/552/322 744/547/322 838/699/322
f 841/704/283 748/497/283 770/480/283
f 843/706/286 770/480/286 771/489/286
f 771/489/279 782/494/279 845/717/279
f 782/494/282 781/477/282 846/718/282
f 785/637/269 784/636/269 857/732/269
f 787/486/380 785/637/380 858/734/380
f 860/737/285 781/477/285 787/486/285
f 861/754/216 808/539/216 806/548/216
f 809/562/288 808/539/288 861/754/288
f 866/760/221 784/575/221 809/562/221
f 807/540/210 783/542/210 851/723/210
f 806/548/213 807/540/213 868/764/213
f 817/550/214 769/543/214 869/773/214
f 817/550/207 870/774/207 849/721/207
f 859/830/375 858/831/375 860/832/375
f 858/831/375 855/833/375 860/832/375
f 855/833/381 856/834/381 857/835/381
f 857/835/382 854/836/382 855/833/382
f 854/836/383 852/837/383 855/833/383
f 855/833/375 852/837/375 864/838/375
f 852/837/375 853/839/375 864/838/375
f 853/839/375 866/840/375 864/838/375
f 866/840/384 865/841/384 864/838/384
f 864/838/382 863/842/382 868/843/382
f 863/842/375 861/844/375 868/843/375
f 864/838/375 868/843/375 860/832/375
f 861/844/375 862/845/375 868/843/375
f 868/843/375 867/846/375 848/847/375
f 867/846/375 851/848/375 848/847/375
f 851/848/375 850/849/375 846/850/375
f 850/849/375 849/851/375 846/850/375
f 849/851/375 870/852/375 869/784/375
f 869/784/375 871/853/375 841/854/375
f 871/853/375 835/855/375 841/854/375
f 835/855/375 836/856/375 840/857/375
f 836/856/375 833/858/375 840/857/375
f 833/858/385 834/859/385 838/860/385
f 838/860/375 837/861/375 833/858/375
f 837/861/375 839/862/375 833/858/375
f 839/862/385 823/863/385 822/864/385
f 822/864/375 824/865/375 839/862/375
f 824/865/375 825/866/375 839/862/375
f 825/866/383 826/867/383 831/868/383
f 826/867/375 827/869/375 831/868/375
f 827/869/386 828/870/386 831/868/386
f 831/868/383 829/871/383 832/872/383
f 829/871/375 830/873/375 832/872/375
f 832/872/375 840/857/375 833/858/375
f 840/857/375 841/854/375 835/855/375
f 832/872/375 833/858/375 839/862/375
f 849/851/375 869/784/375 845/783/375
f 846/850/375 849/851/375 845/783/375
f 860/832/375 855/833/375 864/838/375
f 846/850/375 848/847/375 851/848/375
f 848/847/375 860/832/375 868/843/375
f 839/862/375 825/866/375 831/868/375
f 831/868/375 832/872/375 839/862/375
f 841/854/375 842/874/375 843/782/375
f 843/782/375 844/875/375 845/783/375
f 845/783/375 847/876/375 846/850/375
f 841/854/375 843/782/375 869/784/375
o LanternFrames
v 15.029000 12.463762 -0.292600
v 15.029000 12.812887 -0.751450
v 15.029000 12.463762 -1.569400
v 15.029000 12.812887 -1.110550
v 15.581871 12.463762 -1.250200
v 15.184495 12.812887 -1.020775
v 15.581871 12.463762 -0.611800
v 15.184495 12.812887 -0.841225
v 14.941000 12.463762 -0.343407
v 14.941000 12.757317 -0.729222
v 14.941000 12.661345 -1.258911
v 14.941000 12.463762 -1.518593
v 14.941000 12.812887 -0.903872
v 14.941000 12.812887 -1.020775
v 14.941000 12.812887 -0.802257
v 14.941000 12.812887 -1.059743
v 14.941000 12.463762 -1.416978
v 15.029000 11.311649 -1.399825
v 15.435015 11.311649 -1.165413
v 15.029000 11.471250 -1.399825
v 15.029000 11.471250 -0.462175
v 15.435015 11.471250 -0.696588
v 15.435015 11.471250 -1.165413
v 15.435015 11.311649 -0.696588
v 15.029000 11.311649 -0.462175
v 14.941000 11.311649 -1.165412
v 14.941000 11.311649 -1.349018
v 14.941000 11.471250 -1.349018
v 14.941000 11.346242 -1.349018
v 14.941000 11.471250 -1.247403
v 14.941000 11.471250 -0.512982
v 14.941000 11.471250 -0.696587
v 14.941000 11.436658 -0.512982
v 14.941000 11.311649 -0.512982
v 14.941000 11.311649 -0.614597
v 15.311135 11.451301 -0.688764
v 15.339349 11.451301 -0.677078
v 15.311135 12.478725 -0.688764
v 15.282922 11.451301 -0.677078
v 15.282922 12.478725 -0.677078
v 15.271235 12.478725 -0.648864
v 15.351035 12.478725 -0.648864
v 15.339349 12.478725 -0.677078
v 15.351035 11.451301 -0.648864
v 15.339349 12.478725 -0.620651
v 15.339349 11.451301 -0.620651
v 15.311135 11.451301 -0.608964
v 15.282922 11.451301 -0.620651
v 15.271235 11.451301 -0.648864
v 15.282922 12.478725 -0.620651
v 15.311135 12.478725 -0.608964
v 15.311135 11.451301 -1.253036
v 15.339349 11.451301 -1.241349
v 15.311135 12.478725 -1.253036
v 15.282922 11.451301 -1.241349
v 15.282922 12.478725 -1.241349
v 15.271235 12.478725 -1.213136
v 15.351035 12.478725 -1.213136
v 15.339349 12.478725 -1.241349
v 15.351035 11.451301 -1.213136
v 15.339349 12.478725 -1.184922
v 15.339349 11.451301 -1.184922
v 15.311135 11.451301 -1.173236
v 15.282922 11.451301 -1.184922
v 15.271235 11.451301 -1.213136
v 15.282922 12.478725 -1.184922
v 15.311135 12.478725 -1.173236
v 6.783000 12.463762 -0.292600
v 6.230129 12.463762 -0.611800
v 6.783000 12.812887 -0.751450
v 6.627505 12.812887 -0.841225
v 6.783000 12.463762 -1.569400
v 6.230129 12.463762 -1.250200
v 6.783000 12.812887 -1.110550
v 6.627505 12.812887 -1.020775
v 6.870999 12.661345 -0.603087
v 6.870999 12.812887 -0.802257
v 6.870999 12.463762 -1.416980
v 6.870999 12.463762 -0.343407
v 6.870999 12.661345 -1.258913
v 6.870999 12.812887 -1.059743
v 6.870999 12.463762 -1.518593
v 6.870999 12.812887 -1.020775
v 6.870999 12.812887 -0.903871
v 6.870999 12.812887 -0.981807
v 6.783000 11.311649 -1.399825
v 6.783000 11.471250 -1.399825
v 6.376986 11.311649 -1.165412
v 6.376986 11.471250 -1.165412
v 6.376986 11.471250 -0.696587
v 6.783000 11.471250 -0.462175
v 6.376986 11.311649 -0.696587
v 6.783000 11.311649 -0.462175
v 6.870999 11.311649 -1.349018
v 6.870999 11.311649 -1.165413
v 6.870999 11.436658 -1.349018
v 6.870999 11.311649 -0.614596
v 6.870999 11.311649 -0.981807
v 6.870999 11.311649 -0.512982
v 6.870999 11.346242 -0.512982
v 6.870999 11.471250 -0.512982
v 6.870999 11.471250 -1.247404
v 6.870999 11.471250 -1.349018
v 6.500864 11.451301 -0.688764
v 6.529078 11.451301 -0.677078
v 6.500864 12.478725 -0.688764
v 6.472651 11.451301 -0.677078
v 6.472651 12.478725 -0.677078
v 6.460964 12.478725 -0.648864
v 6.472651 12.478725 -0.620651
v 6.460964 11.451301 -0.648864
v 6.500864 12.478725 -0.608964
v 6.529078 12.478725 -0.620651
v 6.500864 11.451301 -0.608964
v 6.472651 11.451301 -0.620651
v 6.540765 12.478725 -0.648864
v 6.529078 12.478725 -0.677078
v 6.540765 11.451301 -0.648864
v 6.529078 11.451301 -0.620651
v 6.500864 11.451301 -1.253036
v 6.529078 11.451301 -1.241349
v 6.500864 12.478725 -1.253036
v 6.472651 11.451301 -1.241349
v 6.472651 12.478725 -1.241349
v 6.460964 12.478725 -1.213136
v 6.472651 12.478725 -1.184922
v 6.460964 11.451301 -1.213136
v 6.500864 12.478725 -1.173236
v 6.529078 12.478725 -1.184922
v 6.500864 11.451301 -1.173236
v 6.472651 11.451301 -1.184922
v 6.540765 12.478725 -1.213136
v 6.529078 12.478725 -1.241349
v 6.540765 11.451301 -1.213136
v 6.529078 11.451301 -1.184922
vn -0.3300 0.7512 0.5716
vn -0.3300 0.7512 -0.5716
vn 0.3300 0.7512 -0.5716
vn -0.0000 1.0000 -0.0000
vn 0.6600 0.7512 -0.0000
vn 0.3300 0.7512 0.5716
vn -0.0000 -1.0000 -0.0000
vn -1.0000 -0.0000 -0.0000
vn 0.5000 -0.0000 -0.8660
vn -0.5000 -0.0000 -0.8660
vn -0.5000 -0.0000 0.8660
vn 1.0000 -0.0000 -0.0000
vn 0.5000 -0.0000 0.8660
vn 0.3827 -0.0000 -0.9239
vn -0.3827 -0.0000 -0.9239
vn -0.9239 -0.0000 -0.3827
vn 0.9239 -0.0000 -0.3827
vn 0.9239 -0.0000 0.3827
vn 0.3827 -0.0000 0.9239
vn -0.9239 -0.0000 0.3827
vn -0.3827 -0.0000 0.9239
vn -0.6600 0.7512 -0.0000
vt 1.000000 0.500000
vt 0.973472 0.920415
vt 0.973472 0.500000
vt 0.500000 0.500000
vt 0.526528 0.500000
vt 0.594323 0.782970
vt 0.500000 1.000000
vt 0.333333 0.500000
vt 0.042154 0.130000
vt 0.367628 0.286262
vt 0.250000 0.490000
vt 0.333333 1.000000
vt 0.166667 0.500000
vt 0.166667 1.000000
vt -0.000000 0.500000
vt 0.750000 0.010000
vt 0.542154 0.130000
vt 0.542154 0.370000
vt 1.000000 1.000000
vt 0.905677 1.000000
vt 0.367628 0.422087
vt 0.042154 0.370000
vt 0.250000 0.010000
vt 0.367628 0.130000
vt -0.000000 1.000000
vt 0.750000 0.490000
vt 0.783083 0.067301
vt 0.783083 0.029100
vt 0.620498 0.028987
vt 0.622520 0.059355
vt 0.623691 0.049342
vt 0.750000 0.490000
vt 0.704951 0.370000
vt 0.704951 0.463991
vt 0.833333 0.500000
vt 0.036124 0.608371
vt 0.036124 0.500000
vt 0.250000 0.490000
vt 0.204951 0.463991
vt 0.204951 0.411973
vt 0.204951 0.130000
vt 0.250000 0.010000
vt 0.457846 0.130000
vt 0.463876 1.000000
vt 0.463876 0.891629
vt 0.457846 0.370000
vt 0.833333 1.000000
vt 0.666667 1.000000
vt 0.666667 0.500000
vt 0.957846 0.370000
vt 0.957846 0.130000
vt 0.750000 0.010000
vt 0.463876 0.500000
vt 0.704951 0.036009
vt 0.704951 0.088027
vt 0.592060 0.065927
vt 0.594694 0.071753
vt 0.595422 0.061227
vt 0.580294 0.419706
vt 0.919706 0.419706
vt 0.875000 0.500000
vt 0.125000 1.000000
vt 0.000000 1.000000
vt 0.000000 0.500000
vt 0.125000 0.500000
vt 0.250000 1.000000
vt 0.080294 0.419706
vt 0.010000 0.250000
vt 0.490000 0.250000
vt 0.419706 0.419706
vt 0.875000 1.000000
vt 0.750000 1.000000
vt 0.750000 0.500000
vt 0.625000 0.500000
vt 0.625000 1.000000
vt 0.419706 0.080294
vt 0.990000 0.250000
vt 0.919706 0.080294
vt 0.500000 0.500000
vt 0.580294 0.080294
vt 0.510000 0.250000
vt 0.375000 1.000000
vt 0.250000 0.500000
vt 0.375000 0.500000
vt 0.080294 0.080294
vt 0.500000 1.000000
vt 0.094323 0.782968
vt 0.094323 1.000000
vt 0.716917 0.067301
vt 0.716917 0.470900
vt 0.026528 0.500000
vt 0.094323 0.782968
vt 0.957846 0.130000
vt 0.405677 0.782968
vt 0.716917 0.029100
vt 0.405677 0.782968
vt 0.473472 0.500000
vt 0.132372 0.130000
vt 0.132372 0.077912
vt 0.132372 0.422088
vt 0.132372 0.286263
vt 0.457846 0.130000
vt 0.132372 0.182088
vt 0.620498 0.683413
vt 0.616335 0.730076
vt 0.620498 0.721013
vt 0.795049 0.370000
vt 0.963877 0.891630
vt 0.963877 0.500000
vt 0.042154 0.130000
vt 0.542154 0.130000
vt 0.795049 0.088027
vt 0.795049 0.276009
vt 0.795049 0.036009
vt 0.536123 0.608370
vt 0.536123 0.500000
vt 0.536123 1.000000
vt 0.295049 0.411973
vt 0.295049 0.463991
vt 0.963877 1.000000
vt 0.592060 0.705126
vt 0.592060 0.715653
vt 0.595422 0.720353
vt 0.594323 1.000000
vt 0.367628 0.077913
vt 0.783083 0.470900
vt 0.623691 0.042640
vt 0.623691 0.040406
vt 0.616335 0.014099
vt 0.616335 0.019924
vt 0.616335 0.081475
vt 0.623691 0.055168
vt 0.036124 1.000000
vt 0.204951 0.036009
vt 0.595423 0.029647
vt 0.595423 0.023821
vt 0.592789 0.023821
vt 0.592060 0.023821
vt 0.592060 0.034347
vt 0.592060 0.071753
vt 0.595422 0.071753
vt 0.405677 1.000000
vt 0.623691 0.700658
vt 0.623691 0.694832
vt 0.616335 0.668525
vt 0.616335 0.735901
vt 0.623691 0.709594
vt 0.623691 0.707360
vt 0.623691 0.705126
vt 0.795049 0.463991
vt 0.295049 0.036009
vt 0.592060 0.726179
vt 0.594694 0.726179
vt 0.595423 0.726179
vt 0.595422 0.678247
vt 0.592788 0.678247
vt 0.592060 0.684073
vt 0.592060 0.678247
s 0
usemtl Timber
f 872/877/387 881/878/387 880/879/387
f 874/880/388 883/881/388 882/882/388
f 875/883/389 876/884/389 874/880/389
f 877/885/390 884/886/390 873/887/390
f 877/888/391 878/889/391 876/884/391
f 879/890/392 872/891/392 878/889/392
f 874/892/393 876/893/393 878/894/393
f 873/895/387 886/896/387 881/878/387
f 882/882/388 875/883/388 874/880/388
f 875/883/389 877/888/389 876/884/389
f 873/887/390 884/886/390 886/897/390
f 873/887/390 879/898/390 877/885/390
f 875/899/390 885/900/390 877/885/390
f 877/888/391 879/890/391 878/889/391
f 879/890/392 873/901/392 872/891/392
f 878/894/393 872/902/393 874/892/393
f 872/902/393 888/903/393 874/892/393
f 874/892/393 888/903/393 883/904/393
f 882/905/394 881/906/394 884/907/394
f 889/908/393 897/909/393 898/910/393
f 891/895/395 890/911/395 889/877/395
f 900/912/396 891/901/396 889/891/396
f 889/891/396 898/913/396 900/912/396
f 891/914/390 899/915/390 901/916/390
f 903/917/390 892/918/390 893/919/390
f 892/883/397 902/920/397 904/921/397
f 903/917/390 891/914/390 901/916/390
f 893/919/390 894/922/390 891/914/390
f 894/923/398 893/924/398 895/925/398
f 893/924/399 896/880/399 895/925/399
f 893/924/399 892/883/399 896/880/399
f 890/926/393 895/927/393 896/928/393
f 896/880/397 904/921/397 905/929/397
f 896/928/393 905/930/393 906/931/393
f 897/909/393 896/928/393 906/931/393
f 894/923/398 895/925/398 890/911/398
f 891/895/395 894/923/395 890/911/395
f 906/932/394 904/933/394 903/934/394
f 939/902/393 940/926/393 943/892/393
f 939/877/387 942/923/387 940/911/387
f 941/901/392 947/963/392 948/964/392
f 939/877/387 941/895/387 942/923/387
f 939/902/393 949/965/393 950/966/393
f 950/967/392 947/968/392 939/891/392
f 940/926/393 944/969/393 943/892/393
f 946/924/388 943/880/388 944/925/388
f 945/883/389 951/970/389 943/880/389
f 946/924/388 945/883/388 943/880/388
f 949/965/393 943/892/393 953/971/393
f 951/972/389 953/973/389 943/880/389
f 945/899/390 954/974/390 952/975/390
f 948/976/390 955/977/390 941/887/390
f 946/978/390 956/979/390 954/974/390
f 941/887/390 956/979/390 942/922/390
f 942/923/408 946/924/408 944/925/408
f 942/923/408 944/925/408 940/911/408
f 947/980/398 949/981/398 951/982/398
f 957/908/393 966/983/393 959/894/393
f 957/877/395 967/984/395 965/985/395
f 960/890/396 958/901/396 957/891/396
f 960/890/396 957/891/396 959/889/396
f 961/888/394 960/890/394 959/889/394
f 958/914/390 960/898/390 961/986/390
f 961/986/390 962/918/390 958/914/390
f 962/883/397 961/888/397 963/884/397
f 961/888/394 959/889/394 963/884/394
f 963/987/393 968/988/393 964/928/393
f 962/883/397 963/884/397 964/880/397
f 969/989/393 959/894/393 966/983/393
f 970/990/393 964/928/393 968/988/393
f 971/991/399 964/880/399 970/992/399
f 962/883/399 971/991/399 972/993/399
f 958/914/390 973/994/390 974/995/390
f 962/918/390 973/994/390 958/914/390
f 974/996/395 967/984/395 958/895/395
f 969/997/398 966/998/398 973/999/398
f 872/877/387 873/895/387 881/878/387
f 877/885/390 885/900/390 884/886/390
f 882/882/388 887/1000/388 875/883/388
f 875/899/390 887/1001/390 885/900/390
f 872/902/393 880/1002/393 888/903/393
f 885/1003/394 887/1004/394 882/905/394
f 882/905/394 883/1005/394 888/1006/394
f 888/1006/394 880/1007/394 881/906/394
f 881/906/394 886/1008/394 884/907/394
f 884/907/394 885/1003/394 882/905/394
f 882/905/394 888/1006/394 881/906/394
f 889/908/393 890/926/393 897/909/393
f 900/912/396 899/1009/396 891/901/396
f 903/917/390 902/1010/390 892/918/390
f 903/917/390 893/919/390 891/914/390
f 896/880/397 892/883/397 904/921/397
f 897/909/393 890/926/393 896/928/393
f 901/1011/394 899/1012/394 900/1013/394
f 900/1013/394 898/1014/394 897/1015/394
f 906/932/394 905/1016/394 904/933/394
f 900/1013/394 897/1015/394 901/1011/394
f 897/1015/394 906/932/394 903/934/394
f 903/934/394 901/1011/394 897/1015/394
f 904/933/394 902/1017/394 903/934/394
f 941/901/392 939/891/392 947/963/392
f 939/902/393 943/892/393 949/965/393
f 945/883/389 952/1018/389 951/970/389
f 945/899/390 946/978/390 954/974/390
f 946/978/390 942/922/390 956/979/390
f 941/887/390 955/977/390 956/979/390
f 955/1019/398 948/1020/398 947/980/398
f 947/980/398 950/1021/398 949/981/398
f 949/981/398 953/1022/398 951/982/398
f 951/982/398 952/1023/398 954/1024/398
f 956/1025/398 955/1019/398 951/982/398
f 955/1019/398 947/980/398 951/982/398
f 951/982/398 954/1024/398 956/1025/398
f 957/908/393 965/1026/393 966/983/393
f 957/877/395 958/895/395 967/984/395
f 963/987/393 969/989/393 968/988/393
f 969/989/393 963/987/393 959/894/393
f 962/883/399 964/880/399 971/991/399
f 962/918/390 972/1027/390 973/994/390
f 966/998/398 965/1028/398 973/999/398
f 965/1028/398 967/1029/398 973/999/398
f 967/1029/398 974/1030/398 973/999/398
f 973/999/398 972/1031/398 969/997/398
f 972/1031/398 971/1032/398 968/1033/398
f 969/997/398 972/1031/398 968/1033/398
f 971/1032/398 970/1034/398 968/1033/398
usemtl Gold
f 910/935/393 907/902/393 908/936/393
f 909/895/400 908/937/400 907/877/400
f 911/938/401 909/939/401 907/940/401
f 911/938/401 907/940/401 910/941/401
f 912/942/402 911/938/402 910/941/402
f 911/943/390 912/944/390 913/945/390
f 909/887/390 911/943/390 913/945/390
f 913/945/390 914/946/390 909/887/390
f 914/947/403 913/948/403 915/949/403
f 913/948/404 917/950/404 915/949/404
f 913/948/404 916/951/404 917/950/404
f 916/952/390 913/945/390 912/944/390
f 915/953/393 917/954/393 910/935/393
f 916/951/405 918/955/405 917/950/405
f 917/954/393 918/892/393 919/956/393
f 920/957/393 910/935/393 917/954/393
f 919/956/393 920/957/393 917/954/393
f 921/958/406 920/959/406 919/960/406
f 921/958/406 912/942/406 920/959/406
f 912/942/402 910/941/402 920/959/402
f 912/944/390 921/961/390 922/899/390
f 922/962/407 921/958/407 919/960/407
f 922/899/390 916/952/390 912/944/390
f 916/951/405 922/962/405 918/955/405
f 922/962/407 919/960/407 918/955/407
f 908/936/393 915/953/393 910/935/393
f 914/947/403 915/949/403 908/937/403
f 909/895/400 914/947/400 908/937/400
f 926/935/393 923/902/393 924/936/393
f 925/895/400 924/937/400 923/877/400
f 927/938/401 925/939/401 923/940/401
f 927/938/401 923/940/401 926/941/401
f 928/942/402 927/938/402 926/941/402
f 927/943/390 928/944/390 929/945/390
f 925/887/390 927/943/390 929/945/390
f 929/945/390 930/946/390 925/887/390
f 930/947/403 929/948/403 931/949/403
f 929/948/404 933/950/404 931/949/404
f 929/948/404 932/951/404 933/950/404
f 932/952/390 929/945/390 928/944/390
f 931/953/393 933/954/393 926/935/393
f 932/951/405 934/955/405 933/950/405
f 933/954/393 934/892/393 935/956/393
f 936/957/393 926/935/393 933/954/393
f 935/956/393 936/957/393 933/954/393
f 937/958/406 936/959/406 935/960/406
f 937/958/406 928/942/406 936/959/406
f 928/942/402 926/941/402 936/959/402
f 928/944/390 937/961/390 938/899/390
f 938/962/407 937/958/407 935/960/407
f 938/899/390 932/952/390 928/944/390
f 932/951/405 938/962/405 934/955/405
f 938/962/407 935/960/407 934/955/407
f 924/936/393 931/953/393 926/935/393
f 930/947/403 931/949/403 924/937/403
f 925/895/400 930/947/400 924/937/400
f 978/935/393 975/902/393 976/936/393
f 977/895/400 976/937/400 975/877/400
f 979/938/401 977/939/401 975/940/401
f 979/938/401 975/940/401 978/941/401
f 980/942/402 979/938/402 978/941/402
f 977/887/390 979/943/390 980/944/390
f 980/944/390 981/961/390 983/899/390
f 981/958/406 980/942/406 982/959/406
f 980/942/402 978/941/402 982/959/402
f 977/887/390 980/944/390 983/899/390
f 983/899/390 984/952/390 987/945/390
f 984/951/405 983/962/405 985/955/405
f 983/962/407 986/960/407 985/955/407
f 983/962/407 981/958/407 986/960/407
f 987/945/390 977/887/390 983/899/390
f 987/945/390 988/946/390 977/887/390
f 988/947/403 987/948/403 989/949/403
f 987/948/404 990/950/404 989/949/404
f 987/948/404 984/951/404 990/950/404
f 976/936/393 989/953/393 990/954/393
f 984/951/405 985/955/405 990/950/405
f 990/954/393 985/892/393 986/956/393
f 978/935/393 976/936/393 990/954/393
f 990/954/393 986/956/393 978/935/393
f 988/947/403 989/949/403 976/937/403
f 977/895/400 988/947/400 976/937/400
f 981/958/406 982/959/406 986/960/406
f 986/956/393 982/957/393 978/935/393
f 994/935/393 991/902/393 992/936/393
f 993/895/400 992/937/400 991/877/400
f 995/938/401 993/939/401 991/940/401
f 995/938/401 991/940/401 994/941/401
f 996/942/402 995/938/402 994/941/402
f 993/887/390 995/943/390 996/944/390
f 996/944/390 997/961/390 999/899/390
f 997/958/406 996/942/406 998/959/406
f 996/942/402 994/941/402 998/959/402
f 993/887/390 996/944/390 999/899/390
f 999/899/390 1000/952/390 1003/945/390
f 1000/951/405 999/962/405 1001/955/405
f 999/962/407 1002/960/407 1001/955/407
f 999/962/407 997/958/407 1002/960/407
f 1003/945/390 993/887/390 999/899/390
f 1003/945/390 1004/946/390 993/887/390
f 1004/947/403 1003/948/403 1005/949/403
f 1003/948/404 1006/950/404 1005/949/404
f 1003/948/404 1000/951/404 1006/950/404
f 992/936/393 1005/953/393 1006/954/393
f 1000/951/405 1001/955/405 1006/950/405
f 1006/954/393 1001/892/393 1002/956/393
f 994/935/393 992/936/393 1006/954/393
f 1006/954/393 1002/956/393 994/935/393
f 1004/947/403 1005/949/403 992/937/403
f 993/895/400 1004/947/400 992/937/400
f 997/958/406 998/959/406 1002/960/406
f 1002/956/393 998/957/393 994/935/393
o WalkFloor
v 19.424999 1.050000 1.456000
v 19.424999 1.330000 1.456000
v 19.424999 1.050000 30.730000
v 19.424999 1.330000 30.730000
v -19.424999 1.050000 1.456000
v -19.424999 1.330000 1.456000
v -19.424999 1.050000 30.730000
v -19.424999 1.330000 30.730000
vn 1.0000 -0.0000 -0.0000
vn -0.0000 -0.0000 1.0000
vn -1.0000 -0.0000 -0.0000
vn -0.0000 -0.0000 -1.0000
vn -0.0000 -1.0000 -0.0000
vn -0.0000 1.0000 -0.0000
vt 0.625000 0.000000
vt 0.375000 0.250000
vt 0.375000 0.000000
vt 0.625000 0.250000
vt 0.375000 0.500000
vt 0.625000 0.500000
vt 0.375000 0.750000
vt 0.625000 0.750000
vt 0.375000 1.000000
vt 0.125000 0.750000
vt 0.125000 0.500000
vt 0.875000 0.500000
vt 0.625000 1.000000
vt 0.875000 0.750000
s 0
usemtl WalkFloor
f 1008/1035/409 1009/1036/409 1007/1037/409
f 1010/1038/410 1013/1039/410 1009/1036/410
f 1014/1040/411 1011/1041/411 1013/1039/411
f 1012/1042/412 1007/1043/412 1011/1041/412
f 1013/1039/413 1007/1044/413 1009/1045/413
f 1010/1046/414 1012/1042/414 1014/1040/414
f 1008/1035/409 1010/1038/409 1009/1036/409
f 1010/1038/410 1014/1040/410 1013/1039/410
f 1014/1040/411 1012/1042/411 1011/1041/411
f 1012/1042/412 1008/1047/412 1007/1043/412
f 1013/1039/413 1011/1041/413 1007/1044/413
f 1010/1046/414 1008/1048/414 1012/1042/414
o WalkCeiling
v 19.424999 16.226000 1.456000
v 19.424999 16.345999 1.456000
v 19.424999 16.226000 30.730000
v 19.424999 16.345999 30.730000
v -19.424999 16.226000 1.456000
v -19.424999 16.345999 1.456000
v -19.424999 16.226000 30.730000
v -19.424999 16.345999 30.730000
vn 1.0000 -0.0000 -0.0000
vn -0.0000 -0.0000 1.0000
vn -1.0000 -0.0000 -0.0000
vn -0.0000 -0.0000 -1.0000
vn -0.0000 -1.0000 -0.0000
vn -0.0000 1.0000 -0.0000
vt 0.625000 0.000000
vt 0.375000 0.250000
vt 0.375000 0.000000
vt 0.625000 0.250000
vt 0.375000 0.500000
vt 0.625000 0.500000
vt 0.375000 0.750000
vt 0.625000 0.750000
vt 0.375000 1.000000
vt 0.125000 0.750000
vt 0.125000 0.500000
vt 0.875000 0.500000
vt 0.625000 1.000000
vt 0.875000 0.750000
s 0
usemtl WalkWall
f 1016/1049/415 1017/1050/415 1015/1051/415
f 1018/1052/416 1021/1053/416 1017/1050/416
f 1022/1054/417 1019/1055/417 1021/1053/417
f 1020/1056/418 1015/1057/418 1019/1055/418
f 1021/1053/419 1015/1058/419 1017/1059/419
f 1018/1060/420 1020/1056/420 1022/1054/420
f 1016/1049/415 1018/1052/415 1017/1050/415
f 1018/1052/416 1022/1054/416 1021/1053/416
f 1022/1054/417 1020/1056/417 1019/1055/417
f 1020/1056/418 1016/1061/418 1015/1057/418
f 1021/1053/419 1019/1055/419 1015/1058/419
f 1018/1060/420 1016/1062/420 1020/1056/420
o WalkSideLeftWall
v 19.404999 1.330000 1.596001
v 19.404999 16.226000 1.596001
v 19.404999 1.330000 30.590000
v 19.404999 16.226000 30.590000
v 19.285000 1.330000 1.596001
v 19.285000 16.226000 1.596001
v 19.285000 1.330000 30.590000
v 19.285000 16.226000 30.590000
vn 1.0000 -0.0000 -0.0000
vn -0.0000 -0.0000 1.0000
vn -1.0000 -0.0000 -0.0000
vn -0.0000 -0.0000 -1.0000
vn -0.0000 -1.0000 -0.0000
vn -0.0000 1.0000 -0.0000
vt 0.625000 0.000000
vt 0.375000 0.250000
vt 0.375000 0.000000
vt 0.625000 0.250000
vt 0.375000 0.500000
vt 0.625000 0.500000
vt 0.375000 0.750000
vt 0.625000 0.750000
vt 0.375000 1.000000
vt 0.125000 0.750000
vt 0.125000 0.500000
vt 0.875000 0.500000
vt 0.625000 1.000000
vt 0.875000 0.750000
s 0
usemtl WalkWall
f 1024/1063/421 1025/1064/421 1023/1065/421
f 1026/1066/422 1029/1067/422 1025/1064/422
f 1030/1068/423 1027/1069/423 1029/1067/423
f 1028/1070/424 1023/1071/424 1027/1069/424
f 1029/1067/425 1023/1072/425 1025/1073/425
f 1026/1074/426 1028/1070/426 1030/1068/426
f 1024/1063/421 1026/1066/421 1025/1064/421
f 1026/1066/422 1030/1068/422 1029/1067/422
f 1030/1068/423 1028/1070/423 1027/1069/423
f 1028/1070/424 1024/1075/424 1023/1071/424
f 1029/1067/425 1027/1069/425 1023/1072/425
f 1026/1074/426 1024/1076/426 1028/1070/426
o WalkSideRightWall
v -19.285000 1.330000 1.596001
v -19.285000 16.226000 1.596001
v -19.285000 1.330000 30.590000
v -19.285000 16.226000 30.590000
v -19.404999 1.330000 1.596001
v -19.404999 16.226000 1.596001
v -19.404999 1.330000 30.590000
v -19.404999 16.226000 30.590000
vn 1.0000 -0.0000 -0.0000
vn -0.0000 -0.0000 1.0000
vn -1.0000 -0.0000 -0.0000
vn -0.0000 -0.0000 -1.0000
vn -0.0000 -1.0000 -0.0000
vn -0.0000 1.0000 -0.0000
vt 0.625000 0.000000
vt 0.375000 0.250000
vt 0.375000 0.000000
vt 0.625000 0.250000
vt 0.375000 0.500000
vt 0.625000 0.500000
vt 0.375000 0.750000
vt 0.625000 0.750000
vt 0.375000 1.000000
vt 0.125000 0.750000
vt 0.125000 0.500000
vt 0.875000 0.500000
vt 0.625000 1.000000
vt 0.875000 0.750000
s 0
usemtl WalkWall
f 1032/1077/427 1033/1078/427 1031/1079/427
f 1034/1080/428 1037/1081/428 1033/1078/428
f 1038/1082/429 1035/1083/429 1037/1081/429
f 1036/1084/430 1031/1085/430 1035/1083/430
f 1037/1081/431 1031/1086/431 1033/1087/431
f 1034/1088/432 1036/1084/432 1038/1082/432
f 1032/1077/427 1034/1080/427 1033/1078/427
f 1034/1080/428 1038/1082/428 1037/1081/428
f 1038/1082/429 1036/1084/429 1035/1083/429
f 1036/1084/430 1032/1089/430 1031/1085/430
f 1037/1081/431 1035/1083/431 1031/1086/431
f 1034/1088/432 1032/1090/432 1036/1084/432
o WalkRearWall
v 19.285000 1.330000 30.590000
v 19.285000 16.226000 30.590000
v 19.285000 1.330000 30.709999
v 19.285000 16.226000 30.709999
v -19.285000 1.330000 30.590000
v -19.285000 16.226000 30.590000
v -19.285000 1.330000 30.709999
v -19.285000 16.226000 30.709999
vn 1.0000 -0.0000 -0.0000
vn -0.0000 -0.0000 1.0000
vn -1.0000 -0.0000 -0.0000
vn -0.0000 -0.0000 -1.0000
vn -0.0000 -1.0000 -0.0000
vn -0.0000 1.0000 -0.0000
vt 0.625000 0.000000
vt 0.375000 0.250000
vt 0.375000 0.000000
vt 0.625000 0.250000
vt 0.375000 0.500000
vt 0.625000 0.500000
vt 0.375000 0.750000
vt 0.625000 0.750000
vt 0.375000 1.000000
vt 0.125000 0.750000
vt 0.125000 0.500000
vt 0.875000 0.500000
vt 0.625000 1.000000
vt 0.875000 0.750000
s 0
usemtl WalkWall
f 1040/1091/433 1041/1092/433 1039/1093/433
f 1042/1094/434 1045/1095/434 1041/1092/434
f 1046/1096/435 1043/1097/435 1045/1095/435
f 1044/1098/436 1039/1099/436 1043/1097/436
f 1045/1095/437 1039/1100/437 1041/1101/437
f 1042/1102/438 1044/1098/438 1046/1096/438
f 1040/1091/433 1042/1094/433 1041/1092/433
f 1042/1094/434 1046/1096/434 1045/1095/434
f 1046/1096/435 1044/1098/435 1043/1097/435
f 1044/1098/436 1040/1103/436 1039/1099/436
f 1045/1095/437 1043/1097/437 1039/1100/437
f 1042/1102/438 1040/1104/438 1044/1098/438
o WalkFrontLeft
v 19.285000 1.330000 1.476000
v 19.285000 16.226000 1.476000
v 19.285000 1.330000 1.596000
v 19.285000 16.226000 1.596000
v 14.896000 1.330000 1.476000
v 14.896000 16.226000 1.476000
v 14.896000 1.330000 1.596000
v 14.896000 16.226000 1.596000
vn 1.0000 -0.0000 -0.0000
vn -0.0000 -0.0000 1.0000
vn -1.0000 -0.0000 -0.0000
vn -0.0000 -0.0000 -1.0000
vn -0.0000 -1.0000 -0.0000
vn -0.0000 1.0000 -0.0000
vt 0.625000 0.000000
vt 0.375000 0.250000
vt 0.375000 0.000000
vt 0.625000 0.250000
vt 0.375000 0.500000
vt 0.625000 0.500000
vt 0.375000 0.750000
vt 0.625000 0.750000
vt 0.375000 1.000000
vt 0.125000 0.750000
vt 0.125000 0.500000
vt 0.875000 0.500000
vt 0.625000 1.000000
vt 0.875000 0.750000
s 0
usemtl WalkWall
f 1048/1105/439 1049/1106/439 1047/1107/439
f 1050/1108/440 1053/1109/440 1049/1106/440
f 1054/1110/441 1051/1111/441 1053/1109/441
f 1052/1112/442 1047/1113/442 1051/1111/442
f 1053/1109/443 1047/1114/443 1049/1115/443
f 1050/1116/444 1052/1112/444 1054/1110/444
f 1048/1105/439 1050/1108/439 1049/1106/439
f 1050/1108/440 1054/1110/440 1053/1109/440
f 1054/1110/441 1052/1112/441 1051/1111/441
f 1052/1112/442 1048/1117/442 1047/1113/442
f 1053/1109/443 1051/1111/443 1047/1114/443
f 1050/1116/444 1048/1118/444 1052/1112/444
o WalkFrontRight
v 6.916000 1.330000 1.476000
v 6.916000 16.226000 1.476000
v 6.916000 1.330000 1.596000
v 6.916000 16.226000 1.596000
v -19.285000 1.330000 1.476000
v -19.285000 16.226000 1.476000
v -19.285000 1.330000 1.596000
v -19.285000 16.226000 1.596000
vn 1.0000 -0.0000 -0.0000
vn -0.0000 -0.0000 1.0000
vn -1.0000 -0.0000 -0.0000
vn -0.0000 -0.0000 -1.0000
vn -0.0000 -1.0000 -0.0000
vn -0.0000 1.0000 -0.0000
vt 0.625000 0.000000
vt 0.375000 0.250000
vt 0.375000 0.000000
vt 0.625000 0.250000
vt 0.375000 0.500000
vt 0.625000 0.500000
vt 0.375000 0.750000
vt 0.625000 0.750000
vt 0.375000 1.000000
vt 0.125000 0.750000
vt 0.125000 0.500000
vt 0.875000 0.500000
vt 0.625000 1.000000
vt 0.875000 0.750000
s 0
usemtl WalkWall
f 1056/1119/445 1057/1120/445 1055/1121/445
f 1058/1122/446 1061/1123/446 1057/1120/446
f 1062/1124/447 1059/1125/447 1061/1123/447
f 1060/1126/448 1055/1127/448 1059/1125/448
f 1061/1123/449 1055/1128/449 1057/1129/449
f 1058/1130/450 1060/1126/450 1062/1124/450
f 1056/1119/445 1058/1122/445 1057/1120/445
f 1058/1122/446 1062/1124/446 1061/1123/446
f 1062/1124/447 1060/1126/447 1059/1125/447
f 1060/1126/448 1056/1131/448 1055/1127/448
f 1061/1123/449 1059/1125/449 1055/1128/449
f 1058/1130/450 1056/1132/450 1060/1126/450
o WalkLintel
v 14.896000 12.635000 1.476000
v 14.896000 16.226000 1.476000
v 14.896000 12.635000 1.596000
v 14.896000 16.226000 1.596000
v 6.916000 12.635000 1.476000
v 6.916000 16.226000 1.476000
v 6.916000 12.635000 1.596000
v 6.916000 16.226000 1.596000
vn 1.0000 -0.0000 -0.0000
vn -0.0000 -0.0000 1.0000
vn -1.0000 -0.0000 -0.0000
vn -0.0000 -0.0000 -1.0000
vn -0.0000 -1.0000 -0.0000
vn -0.0000 1.0000 -0.0000
vt 0.625000 0.000000
vt 0.375000 0.250000
vt 0.375000 0.000000
vt 0.625000 0.250000
vt 0.375000 0.500000
vt 0.625000 0.500000
vt 0.375000 0.750000
vt 0.625000 0.750000
vt 0.375000 1.000000
vt 0.125000 0.750000
vt 0.125000 0.500000
vt 0.875000 0.500000
vt 0.625000 1.000000
vt 0.875000 0.750000
s 0
usemtl WalkWall
f 1064/1133/451 1065/1134/451 1063/1135/451
f 1066/1136/452 1069/1137/452 1065/1134/452
f 1070/1138/453 1067/1139/453 1069/1137/453
f 1068/1140/454 1063/1141/454 1067/1139/454
f 1069/1137/455 1063/1142/455 1065/1143/455
f 1066/1144/456 1068/1140/456 1070/1138/456
f 1064/1133/451 1066/1136/451 1065/1134/451
f 1066/1136/452 1070/1138/452 1069/1137/452
f 1070/1138/453 1068/1140/453 1067/1139/453
f 1068/1140/454 1064/1145/454 1063/1141/454
f 1069/1137/455 1067/1139/455 1063/1142/455
f 1066/1144/456 1064/1146/456 1068/1140/456
o WalkPassageLeft
v 15.096001 1.330000 -0.864500
v 15.096001 12.635000 -0.864500
v 15.096001 1.330000 1.476000
v 15.096001 12.635000 1.476000
v 15.056000 1.480000 -0.854500
v 14.896000 12.635000 -0.864500
v 14.896000 1.330000 1.476000
v 14.896000 12.635000 1.476000
v 14.896000 1.480000 -0.854500
v 14.896000 1.330000 -0.854500
v 14.896000 1.480000 -0.864500
v 15.056000 1.480000 -0.864500
v 15.056000 1.330000 -0.864500
v 15.056000 1.330000 -0.854500
vn 1.0000 -0.0000 -0.0000
vn -0.0000 -0.0000 1.0000
vn -1.0000 -0.0000 -0.0000
vn -0.0000 -0.0000 -1.0000
vn -0.0000 -1.0000 -0.0000
vn -0.0000 1.0000 -0.0000
vt 0.625000 0.000000
vt 0.375000 0.250000
vt 0.375000 0.000000
vt 0.625000 0.250000
vt 0.375000 0.500000
vt 0.625000 0.750000
vt 0.378317 0.750000
vt 0.378317 0.748932
vt 0.375000 1.000000
vt 0.375000 0.950000
vt 0.378317 0.950000
vt 0.375000 0.748932
vt 0.175000 0.748932
vt 0.875000 0.500000
vt 0.625000 0.500000
vt 0.599832 0.249117
vt 0.599832 0.250000
vt 0.625000 0.254819
vt 0.599832 0.254819
vt 0.870181 0.500000
vt 0.875000 0.500883
vt 0.625000 1.000000
vt 0.175000 0.750000
vt 0.125000 0.750000
vt 0.125000 0.500000
vt 0.875000 0.750000
vt 0.625000 0.249117
vt 0.870181 0.500883
s 0
usemtl WalkWall
f 1072/1147/457 1073/1148/457 1071/1149/457
f 1074/1150/458 1077/1151/458 1073/1148/458
f 1076/1152/459 1081/1153/459 1079/1154/459
f 1071/1155/460 1083/1156/460 1082/1157/460
f 1077/1151/461 1080/1158/461 1084/1159/461
f 1074/1160/462 1076/1152/462 1078/1161/462
f 1075/1150/459 1083/1162/459 1084/1163/459
f 1079/1164/460 1084/1163/460 1080/1165/460
f 1079/1166/461 1082/1167/461 1075/1160/461
f 1072/1147/457 1074/1150/457 1073/1148/457
f 1074/1150/458 1078/1161/458 1077/1151/458
f 1079/1154/459 1080/1158/459 1077/1151/459
f 1077/1151/459 1078/1161/459 1079/1154/459
f 1078/1161/459 1076/1152/459 1079/1154/459
f 1082/1157/460 1081/1153/460 1076/1152/460
f 1076/1152/460 1072/1168/460 1082/1157/460
f 1072/1168/460 1071/1155/460 1082/1157/460
f 1083/1169/461 1071/1170/461 1084/1159/461
f 1071/1170/461 1073/1171/461 1084/1159/461
f 1073/1171/461 1077/1151/461 1084/1159/461
f 1074/1160/462 1072/1172/462 1076/1152/462
f 1075/1150/459 1082/1173/459 1083/1162/459
f 1079/1164/460 1075/1150/460 1084/1163/460
f 1079/1166/461 1081/1174/461 1082/1167/461
o WalkPassageRight
v 6.916000 12.635000 -0.864500
v 6.916000 1.330000 1.476000
v 6.916000 12.635000 1.476000
v 6.716000 1.330000 -0.864500
v 6.716000 12.635000 -0.864500
v 6.716000 1.330000 1.476000
v 6.716000 12.635000 1.476000
v 6.756000 1.480000 -0.854500
v 6.916000 1.480000 -0.854500
v 6.916000 1.480000 -0.864500
v 6.916000 1.330000 -0.854500
v 6.756000 1.480000 -0.864500
v 6.756000 1.330000 -0.864500
v 6.756000 1.330000 -0.854500
vn 1.0000 -0.0000 -0.0000
vn -0.0000 -0.0000 1.0000
vn -1.0000 -0.0000 -0.0000
vn -0.0000 -0.0000 -1.0000
vn -0.0000 -1.0000 -0.0000
vn -0.0000 1.0000 -0.0000
vt 0.375000 0.250000
vt 0.375000 0.001068
vt 0.378317 0.001068
vt 0.625000 0.250000
vt 0.375000 0.500000
vt 0.625000 0.500000
vt 0.375000 0.750000
vt 0.625000 1.000000
vt 0.378317 1.000000
vt 0.378317 0.800000
vt 0.325000 0.750000
vt 0.325000 0.748932
vt 0.875000 0.500000
vt 0.625000 0.750000
vt 0.599832 0.495181
vt 0.599832 0.500000
vt 0.599832 0.500883
vt 0.625000 0.500883
vt 0.629819 0.500000
vt 0.629819 0.500883
vt 0.378317 0.000000
vt 0.625000 0.000000
vt 0.375000 0.800000
vt 0.125000 0.748932
vt 0.125000 0.500000
vt 0.875000 0.750000
vt 0.625000 0.495181
s 0
usemtl WalkWall
f 1086/1175/463 1095/1176/463 1093/1177/463
f 1087/1178/464 1090/1179/464 1086/1175/464
f 1091/1180/465 1088/1181/465 1090/1179/465
f 1085/1182/466 1094/1183/466 1096/1184/466
f 1088/1181/467 1097/1185/467 1098/1186/467
f 1087/1187/468 1089/1188/468 1091/1180/468
f 1092/1180/466 1095/1189/466 1098/1190/466
f 1092/1180/463 1097/1191/463 1096/1192/463
f 1093/1193/467 1096/1192/467 1094/1194/467
f 1094/1195/463 1085/1196/463 1093/1177/463
f 1085/1196/463 1087/1178/463 1093/1177/463
f 1087/1178/463 1086/1175/463 1093/1177/463
f 1087/1178/464 1091/1180/464 1090/1179/464
f 1091/1180/465 1089/1188/465 1088/1181/465
f 1097/1197/466 1088/1181/466 1096/1184/466
f 1088/1181/466 1089/1188/466 1096/1184/466
f 1089/1188/466 1085/1182/466 1096/1184/466
f 1095/1198/467 1086/1199/467 1098/1186/467
f 1086/1199/467 1090/1179/467 1098/1186/467
f 1090/1179/467 1088/1181/467 1098/1186/467
f 1087/1187/468 1085/1200/468 1089/1188/468
f 1092/1180/466 1093/1201/466 1095/1189/466
f 1092/1180/463 1098/1190/463 1097/1191/463
f 1093/1193/467 1092/1180/467 1096/1192/467
o WalkPassageCeiling
v 15.096001 12.634999 -0.864500
v 15.096001 12.835000 -0.864500
v 15.096001 12.634999 1.476000
v 15.096001 12.835000 1.476000
v 6.716000 12.634999 -0.864500
v 6.716000 12.835000 -0.864500
v 6.716000 12.634999 1.476000
v 6.716000 12.835000 1.476000
vn 1.0000 -0.0000 -0.0000
vn -0.0000 -0.0000 1.0000
vn -1.0000 -0.0000 -0.0000
vn -0.0000 -0.0000 -1.0000
vn -0.0000 -1.0000 -0.0000
vn -0.0000 1.0000 -0.0000
vt 0.625000 0.000000
vt 0.375000 0.250000
vt 0.375000 0.000000
vt 0.625000 0.250000
vt 0.375000 0.500000
vt 0.625000 0.500000
vt 0.375000 0.750000
vt 0.625000 0.750000
vt 0.375000 1.000000
vt 0.125000 0.750000
vt 0.125000 0.500000
vt 0.875000 0.500000
vt 0.625000 1.000000
vt 0.875000 0.750000
s 0
usemtl WalkWall
f 1100/1202/469 1101/1203/469 1099/1204/469
f 1102/1205/470 1105/1206/470 1101/1203/470
f 1106/1207/471 1103/1208/471 1105/1206/471
f 1104/1209/472 1099/1210/472 1103/1208/472
f 1105/1206/473 1099/1211/473 1101/1212/473
f 1102/1213/474 1104/1209/474 1106/1207/474
f 1100/1202/469 1102/1205/469 1101/1203/469
f 1102/1205/470 1106/1207/470 1105/1206/470
f 1106/1207/471 1104/1209/471 1103/1208/471
f 1104/1209/472 1100/1214/472 1099/1210/472
f 1105/1206/473 1103/1208/473 1099/1211/473
f 1102/1213/474 1100/1215/474 1104/1209/474
o WalkPassageFloor
v 14.896000 1.080000 1.456000
v 14.896000 1.330000 1.456000
v 6.916000 1.080000 1.456000
v 6.916000 1.330000 1.456000
v 14.896000 1.330000 -0.854500
v 14.896000 1.080000 -0.854500
v 6.916000 1.330000 -0.854500
v 6.916000 1.080000 -0.854500
vn 1.0000 -0.0000 -0.0000
vn -0.0000 -0.0000 1.0000
vn -1.0000 -0.0000 -0.0000
vn -0.0000 -1.0000 -0.0000
vn -0.0000 1.0000 -0.0000
vn -0.0000 -0.0000 -1.0000
vt 0.625000 0.250000
vt 0.375000 0.001077
vt 0.625000 0.001077
vt 0.375000 0.500000
vt 0.375000 0.250000
vt 0.625000 0.748923
vt 0.375000 0.748923
vt 0.125000 0.748923
vt 0.125000 0.500000
vt 0.625000 0.500000
vt 0.875000 0.748923
vt 0.599832 0.495181
vt 0.557886 0.254819
vt 0.557886 0.495181
vt 0.875000 0.500000
vt 0.599832 0.254819
s 0
usemtl WalkFloor
f 1108/1216/475 1112/1217/475 1111/1218/475
f 1108/1216/476 1109/1219/476 1107/1220/476
f 1109/1219/477 1113/1221/477 1114/1222/477
f 1109/1219/478 1112/1223/478 1107/1224/478
f 1110/1225/479 1111/1226/479 1113/1221/479
f 1113/1227/480 1112/1228/480 1114/1229/480
f 1108/1216/475 1107/1220/475 1112/1217/475
f 1108/1216/476 1110/1225/476 1109/1219/476
f 1109/1219/477 1110/1225/477 1113/1221/477
f 1109/1219/478 1114/1222/478 1112/1223/478
f 1110/1225/479 1108/1230/479 1111/1226/479
f 1113/1227/480 1111/1231/480 1112/1228/480
o WalkApproach0
v 15.016001 -0.020000 -3.584500
v 15.016001 0.332500 -3.584500
v 15.016001 -0.020000 -2.879500
v 15.016001 0.332500 -2.879500
v 6.796000 -0.020000 -3.584500
v 6.796000 0.332500 -3.584500
v 6.796000 -0.020000 -2.879500
v 6.796000 0.332500 -2.879500
vn 1.0000 -0.0000 -0.0000
vn -0.0000 -0.0000 1.0000
vn -1.0000 -0.0000 -0.0000
vn -0.0000 -0.0000 -1.0000
vn -0.0000 -1.0000 -0.0000
vn -0.0000 1.0000 -0.0000
vt 0.625000 0.000000
vt 0.375000 0.250000
vt 0.375000 0.000000
vt 0.625000 0.250000
vt 0.375000 0.500000
vt 0.625000 0.500000
vt 0.375000 0.750000
vt 0.625000 0.750000
vt 0.375000 1.000000
vt 0.125000 0.750000
vt 0.125000 0.500000
vt 0.875000 0.500000
vt 0.625000 1.000000
vt 0.875000 0.750000
s 0
usemtl WalkFloor
f 1116/1232/481 1117/1233/481 1115/1234/481
f 1118/1235/482 1121/1236/482 1117/1233/482
f 1122/1237/483 1119/1238/483 1121/1236/483
f 1120/1239/484 1115/1240/484 1119/1238/484
f 1121/1236/485 1115/1241/485 1117/1242/485
f 1118/1243/486 1120/1239/486 1122/1237/486
f 1116/1232/481 1118/1235/481 1117/1233/481
f 1118/1235/482 1122/1237/482 1121/1236/482
f 1122/1237/483 1120/1239/483 1119/1238/483
f 1120/1239/484 1116/1244/484 1115/1240/484
f 1121/1236/485 1119/1238/485 1115/1241/485
f 1118/1243/486 1116/1245/486 1120/1239/486
o WalkApproach1
v 15.016001 -0.020000 -2.904500
v 15.016001 0.665000 -2.904500
v 15.016001 -0.020000 -2.199500
v 15.016001 0.665000 -2.199500
v 6.796000 -0.020000 -2.904500
v 6.796000 0.665000 -2.904500
v 6.796000 -0.020000 -2.199500
v 6.796000 0.665000 -2.199500
vn 1.0000 -0.0000 -0.0000
vn -0.0000 -0.0000 1.0000
vn -1.0000 -0.0000 -0.0000
vn -0.0000 -0.0000 -1.0000
vn -0.0000 -1.0000 -0.0000
vn -0.0000 1.0000 -0.0000
vt 0.625000 0.000000
vt 0.375000 0.250000
vt 0.375000 0.000000
vt 0.625000 0.250000
vt 0.375000 0.500000
vt 0.625000 0.500000
vt 0.375000 0.750000
vt 0.625000 0.750000
vt 0.375000 1.000000
vt 0.125000 0.750000
vt 0.125000 0.500000
vt 0.875000 0.500000
vt 0.625000 1.000000
vt 0.875000 0.750000
s 0
usemtl WalkFloor
f 1124/1246/487 1125/1247/487 1123/1248/487
f 1126/1249/488 1129/1250/488 1125/1247/488
f 1130/1251/489 1127/1252/489 1129/1250/489
f 1128/1253/490 1123/1254/490 1127/1252/490
f 1129/1250/491 1123/1255/491 1125/1256/491
f 1126/1257/492 1128/1253/492 1130/1251/492
f 1124/1246/487 1126/1249/487 1125/1247/487
f 1126/1249/488 1130/1251/488 1129/1250/488
f 1130/1251/489 1128/1253/489 1127/1252/489
f 1128/1253/490 1124/1258/490 1123/1254/490
f 1129/1250/491 1127/1252/491 1123/1255/491
f 1126/1257/492 1124/1259/492 1128/1253/492
o WalkApproach2
v 15.016001 -0.020000 -2.224500
v 15.016001 0.997500 -2.224500
v 15.016001 -0.020000 -1.519500
v 15.016001 0.997500 -1.519500
v 6.796000 -0.020000 -2.224500
v 6.796000 0.997500 -2.224500
v 6.796000 -0.020000 -1.519500
v 6.796000 0.997500 -1.519500
vn 1.0000 -0.0000 -0.0000
vn -0.0000 -0.0000 1.0000
vn -1.0000 -0.0000 -0.0000
vn -0.0000 -0.0000 -1.0000
vn -0.0000 -1.0000 -0.0000
vn -0.0000 1.0000 -0.0000
vt 0.625000 0.000000
vt 0.375000 0.250000
vt 0.375000 0.000000
vt 0.625000 0.250000
vt 0.375000 0.500000
vt 0.625000 0.500000
vt 0.375000 0.750000
vt 0.625000 0.750000
vt 0.375000 1.000000
vt 0.125000 0.750000
vt 0.125000 0.500000
vt 0.875000 0.500000
vt 0.625000 1.000000
vt 0.875000 0.750000
s 0
usemtl WalkFloor
f 1132/1260/493 1133/1261/493 1131/1262/493
f 1134/1263/494 1137/1264/494 1133/1261/494
f 1138/1265/495 1135/1266/495 1137/1264/495
f 1136/1267/496 1131/1268/496 1135/1266/496
f 1137/1264/497 1131/1269/497 1133/1270/497
f 1134/1271/498 1136/1267/498 1138/1265/498
f 1132/1260/493 1134/1263/493 1133/1261/493
f 1134/1263/494 1138/1265/494 1137/1264/494
f 1138/1265/495 1136/1267/495 1135/1266/495
f 1136/1267/496 1132/1272/496 1131/1268/496
f 1137/1264/497 1135/1266/497 1131/1269/497
f 1134/1271/498 1132/1273/498 1136/1267/498
o WalkApproach3
v 15.016001 -0.020000 -1.544500
v 15.016001 1.330000 -1.544500
v 15.016001 -0.020000 -0.839500
v 15.016001 1.330000 -0.839500
v 6.796000 -0.020000 -1.544500
v 6.796000 1.330000 -1.544500
v 6.796000 -0.020000 -0.839500
v 6.796000 1.330000 -0.839500
vn 1.0000 -0.0000 -0.0000
vn -0.0000 -0.0000 1.0000
vn -1.0000 -0.0000 -0.0000
vn -0.0000 -0.0000 -1.0000
vn -0.0000 -1.0000 -0.0000
vn -0.0000 1.0000 -0.0000
vt 0.625000 0.000000
vt 0.375000 0.250000
vt 0.375000 0.000000
vt 0.625000 0.250000
vt 0.375000 0.500000
vt 0.625000 0.500000
vt 0.375000 0.750000
vt 0.625000 0.750000
vt 0.375000 1.000000
vt 0.125000 0.750000
vt 0.125000 0.500000
vt 0.875000 0.500000
vt 0.625000 1.000000
vt 0.875000 0.750000
s 0
usemtl WalkFloor
f 1140/1274/499 1141/1275/499 1139/1276/499
f 1142/1277/500 1145/1278/500 1141/1275/500
f 1146/1279/501 1143/1280/501 1145/1278/501
f 1144/1281/502 1139/1282/502 1143/1280/502
f 1145/1278/503 1139/1283/503 1141/1284/503
f 1142/1285/504 1144/1281/504 1146/1279/504
f 1140/1274/499 1142/1277/499 1141/1275/499
f 1142/1277/500 1146/1279/500 1145/1278/500
f 1146/1279/501 1144/1281/501 1143/1280/501
f 1144/1281/502 1140/1286/502 1139/1282/502
f 1145/1278/503 1143/1280/503 1139/1283/503
f 1142/1285/504 1140/1287/504 1144/1281/504
o HouseDoorLeaf_L
v 14.856000 1.390000 -1.044500
v 14.856000 12.535000 -1.044500
v 14.856000 1.390000 -0.844500
v 14.856000 12.535000 -0.844500
v 10.981000 1.390000 -1.044500
v 10.981000 12.535000 -1.044500
v 10.981000 1.390000 -0.844500
v 10.981000 12.535000 -0.844500
vn 1.0000 -0.0000 -0.0000
vn -0.0000 -0.0000 1.0000
vn -1.0000 -0.0000 -0.0000
vn -0.0000 -0.0000 -1.0000
vn -0.0000 -1.0000 -0.0000
vn -0.0000 1.0000 -0.0000
vt 0.625000 0.000000
vt 0.375000 0.250000
vt 0.375000 0.000000
vt 0.625000 0.250000
vt 0.375000 0.500000
vt 0.625000 0.500000
vt 0.375000 0.750000
vt 0.625000 0.750000
vt 0.375000 1.000000
vt 0.125000 0.750000
vt 0.125000 0.500000
vt 0.875000 0.500000
vt 0.625000 1.000000
vt 0.875000 0.750000
s 0
usemtl WalkDoor
f 1148/1288/505 1149/1289/505 1147/1290/505
f 1150/1291/506 1153/1292/506 1149/1289/506
f 1154/1293/507 1151/1294/507 1153/1292/507
f 1152/1295/508 1147/1296/508 1151/1294/508
f 1153/1292/509 1147/1297/509 1149/1298/509
f 1150/1299/510 1152/1295/510 1154/1293/510
f 1148/1288/505 1150/1291/505 1149/1289/505
f 1150/1291/506 1154/1293/506 1153/1292/506
f 1154/1293/507 1152/1295/507 1151/1294/507
f 1152/1295/508 1148/1300/508 1147/1296/508
f 1153/1292/509 1151/1294/509 1147/1297/509
f 1150/1299/510 1148/1301/510 1152/1295/510
o HouseDoorLeaf_L_Panel
v 14.686000 1.610000 -1.079500
v 14.686000 12.305000 -1.079500
v 14.686000 1.610000 -1.049500
v 14.686000 12.305000 -1.049500
v 11.151000 1.610000 -1.079500
v 11.151000 12.305000 -1.079500
v 11.151000 1.610000 -1.049500
v 11.151000 12.305000 -1.049500
vn 1.0000 -0.0000 -0.0000
vn -0.0000 -0.0000 1.0000
vn -1.0000 -0.0000 -0.0000
vn -0.0000 -0.0000 -1.0000
vn -0.0000 -1.0000 -0.0000
vn -0.0000 1.0000 -0.0000
vt 0.625000 0.000000
vt 0.375000 0.250000
vt 0.375000 0.000000
vt 0.625000 0.250000
vt 0.375000 0.500000
vt 0.625000 0.500000
vt 0.375000 0.750000
vt 0.625000 0.750000
vt 0.375000 1.000000
vt 0.125000 0.750000
vt 0.125000 0.500000
vt 0.875000 0.500000
vt 0.625000 1.000000
vt 0.875000 0.750000
s 0
usemtl WalkTrim
f 1156/1302/511 1157/1303/511 1155/1304/511
f 1158/1305/512 1161/1306/512 1157/1303/512
f 1162/1307/513 1159/1308/513 1161/1306/513
f 1160/1309/514 1155/1310/514 1159/1308/514
f 1161/1306/515 1155/1311/515 1157/1312/515
f 1158/1313/516 1160/1309/516 1162/1307/516
f 1156/1302/511 1158/1305/511 1157/1303/511
f 1158/1305/512 1162/1307/512 1161/1306/512
f 1162/1307/513 1160/1309/513 1159/1308/513
f 1160/1309/514 1156/1314/514 1155/1310/514
f 1161/1306/515 1159/1308/515 1155/1311/515
f 1158/1313/516 1156/1315/516 1160/1309/516
o HouseDoorLeaf_L_Handle
v 11.285999 6.191150 -1.204500
v 11.285999 6.841150 -1.204500
v 11.285999 6.191150 -1.079500
v 11.285999 6.841150 -1.079500
v 11.156000 6.191150 -1.204500
v 11.156000 6.841150 -1.204500
v 11.156000 6.191150 -1.079500
v 11.156000 6.841150 -1.079500
vn 1.0000 -0.0000 -0.0000
vn -0.0000 -0.0000 1.0000
vn -1.0000 -0.0000 -0.0000
vn -0.0000 -0.0000 -1.0000
vn -0.0000 -1.0000 -0.0000
vn -0.0000 1.0000 -0.0000
vt 0.625000 0.000000
vt 0.375000 0.250000
vt 0.375000 0.000000
vt 0.625000 0.250000
vt 0.375000 0.500000
vt 0.625000 0.500000
vt 0.375000 0.750000
vt 0.625000 0.750000
vt 0.375000 1.000000
vt 0.125000 0.750000
vt 0.125000 0.500000
vt 0.875000 0.500000
vt 0.625000 1.000000
vt 0.875000 0.750000
s 0
usemtl WalkTrim
f 1164/1316/517 1165/1317/517 1163/1318/517
f 1166/1319/518 1169/1320/518 1165/1317/518
f 1170/1321/519 1167/1322/519 1169/1320/519
f 1168/1323/520 1163/1324/520 1167/1322/520
f 1169/1320/521 1163/1325/521 1165/1326/521
f 1166/1327/522 1168/1323/522 1170/1321/522
f 1164/1316/517 1166/1319/517 1165/1317/517
f 1166/1319/518 1170/1321/518 1169/1320/518
f 1170/1321/519 1168/1323/519 1167/1322/519
f 1168/1323/520 1164/1328/520 1163/1324/520
f 1169/1320/521 1167/1322/521 1163/1325/521
f 1166/1327/522 1164/1329/522 1168/1323/522
o HouseDoorLeaf_R
v 10.831000 1.390000 -1.044500
v 10.831000 12.535000 -1.044500
v 10.831000 1.390000 -0.844500
v 10.831000 12.535000 -0.844500
v 6.956000 1.390000 -1.044500
v 6.956000 12.535000 -1.044500
v 6.956000 1.390000 -0.844500
v 6.956000 12.535000 -0.844500
vn 1.0000 -0.0000 -0.0000
vn -0.0000 -0.0000 1.0000
vn -1.0000 -0.0000 -0.0000
vn -0.0000 -0.0000 -1.0000
vn -0.0000 -1.0000 -0.0000
vn -0.0000 1.0000 -0.0000
vt 0.625000 0.000000
vt 0.375000 0.250000
vt 0.375000 0.000000
vt 0.625000 0.250000
vt 0.375000 0.500000
vt 0.625000 0.500000
vt 0.375000 0.750000
vt 0.625000 0.750000
vt 0.375000 1.000000
vt 0.125000 0.750000
vt 0.125000 0.500000
vt 0.875000 0.500000
vt 0.625000 1.000000
vt 0.875000 0.750000
s 0
usemtl WalkDoor
f 1172/1330/523 1173/1331/523 1171/1332/523
f 1174/1333/524 1177/1334/524 1173/1331/524
f 1178/1335/525 1175/1336/525 1177/1334/525
f 1176/1337/526 1171/1338/526 1175/1336/526
f 1177/1334/527 1171/1339/527 1173/1340/527
f 1174/1341/528 1176/1337/528 1178/1335/528
f 1172/1330/523 1174/1333/523 1173/1331/523
f 1174/1333/524 1178/1335/524 1177/1334/524
f 1178/1335/525 1176/1337/525 1175/1336/525
f 1176/1337/526 1172/1342/526 1171/1338/526
f 1177/1334/527 1175/1336/527 1171/1339/527
f 1174/1341/528 1172/1343/528 1176/1337/528
o HouseDoorLeaf_R_Panel
v 10.661000 1.610000 -1.079500
v 10.661000 12.305000 -1.079500
v 10.661000 1.610000 -1.049500
v 10.661000 12.305000 -1.049500
v 7.126000 1.610000 -1.079500
v 7.126000 12.305000 -1.079500
v 7.126000 1.610000 -1.049500
v 7.126000 12.305000 -1.049500
vn 1.0000 -0.0000 -0.0000
vn -0.0000 -0.0000 1.0000
vn -1.0000 -0.0000 -0.0000
vn -0.0000 -0.0000 -1.0000
vn -0.0000 -1.0000 -0.0000
vn -0.0000 1.0000 -0.0000
vt 0.625000 0.000000
vt 0.375000 0.250000
vt 0.375000 0.000000
vt 0.625000 0.250000
vt 0.375000 0.500000
vt 0.625000 0.500000
vt 0.375000 0.750000
vt 0.625000 0.750000
vt 0.375000 1.000000
vt 0.125000 0.750000
vt 0.125000 0.500000
vt 0.875000 0.500000
vt 0.625000 1.000000
vt 0.875000 0.750000
s 0
usemtl WalkTrim
f 1180/1344/529 1181/1345/529 1179/1346/529
f 1182/1347/530 1185/1348/530 1181/1345/530
f 1186/1349/531 1183/1350/531 1185/1348/531
f 1184/1351/532 1179/1352/532 1183/1350/532
f 1185/1348/533 1179/1353/533 1181/1354/533
f 1182/1355/534 1184/1351/534 1186/1349/534
f 1180/1344/529 1182/1347/529 1181/1345/529
f 1182/1347/530 1186/1349/530 1185/1348/530
f 1186/1349/531 1184/1351/531 1183/1350/531
f 1184/1351/532 1180/1356/532 1179/1352/532
f 1185/1348/533 1183/1350/533 1179/1353/533
f 1182/1355/534 1180/1357/534 1184/1351/534
o HouseDoorLeaf_R_Handle
v 10.655999 6.191150 -1.204500
v 10.655999 6.841150 -1.204500
v 10.655999 6.191150 -1.079500
v 10.655999 6.841150 -1.079500
v 10.526000 6.191150 -1.204500
v 10.526000 6.841150 -1.204500
v 10.526000 6.191150 -1.079500
v 10.526000 6.841150 -1.079500
vn 1.0000 -0.0000 -0.0000
vn -0.0000 -0.0000 1.0000
vn -1.0000 -0.0000 -0.0000
vn -0.0000 -0.0000 -1.0000
vn -0.0000 -1.0000 -0.0000
vn -0.0000 1.0000 -0.0000
vt 0.625000 0.000000
vt 0.375000 0.250000
vt 0.375000 0.000000
vt 0.625000 0.250000
vt 0.375000 0.500000
vt 0.625000 0.500000
vt 0.375000 0.750000
vt 0.625000 0.750000
vt 0.375000 1.000000
vt 0.125000 0.750000
vt 0.125000 0.500000
vt 0.875000 0.500000
vt 0.625000 1.000000
vt 0.875000 0.750000
s 0
usemtl WalkTrim
f 1188/1358/535 1189/1359/535 1187/1360/535
f 1190/1361/536 1193/1362/536 1189/1359/536
f 1194/1363/537 1191/1364/537 1193/1362/537
f 1192/1365/538 1187/1366/538 1191/1364/538
f 1193/1362/539 1187/1367/539 1189/1368/539
f 1190/1369/540 1192/1365/540 1194/1363/540
f 1188/1358/535 1190/1361/535 1189/1359/535
f 1190/1361/536 1194/1363/536 1193/1362/536
f 1194/1363/537 1192/1365/537 1191/1364/537
f 1192/1365/538 1188/1370/538 1187/1366/538
f 1193/1362/539 1191/1364/539 1187/1367/539
f 1190/1369/540 1188/1371/540 1192/1365/540
o WalkEntryJamb-1
v 15.026000 1.330000 -1.134500
v 15.026000 12.795000 -1.134500
v 15.026000 1.330000 -0.794500
v 15.026000 12.795000 -0.794500
v 14.766000 1.330000 -1.134500
v 14.766000 12.795000 -1.134500
v 14.766000 1.330000 -0.794500
v 14.766000 12.795000 -0.794500
vn 1.0000 -0.0000 -0.0000
vn -0.0000 -0.0000 1.0000
vn -1.0000 -0.0000 -0.0000
vn -0.0000 -0.0000 -1.0000
vn -0.0000 -1.0000 -0.0000
vn -0.0000 1.0000 -0.0000
vt 0.625000 0.000000
vt 0.375000 0.250000
vt 0.375000 0.000000
vt 0.625000 0.250000
vt 0.375000 0.500000
vt 0.625000 0.500000
vt 0.375000 0.750000
vt 0.625000 0.750000
vt 0.375000 1.000000
vt 0.125000 0.750000
vt 0.125000 0.500000
vt 0.875000 0.500000
vt 0.625000 1.000000
vt 0.875000 0.750000
s 0
usemtl WalkTrim
f 1196/1372/541 1197/1373/541 1195/1374/541
f 1198/1375/542 1201/1376/542 1197/1373/542
f 1202/1377/543 1199/1378/543 1201/1376/543
f 1200/1379/544 1195/1380/544 1199/1378/544
f 1201/1376/545 1195/1381/545 1197/1382/545
f 1198/1383/546 1200/1379/546 1202/1377/546
f 1196/1372/541 1198/1375/541 1197/1373/541
f 1198/1375/542 1202/1377/542 1201/1376/542
f 1202/1377/543 1200/1379/543 1199/1378/543
f 1200/1379/544 1196/1384/544 1195/1380/544
f 1201/1376/545 1199/1378/545 1195/1381/545
f 1198/1383/546 1196/1385/546 1200/1379/546
o WalkEntryJamb1
v 7.046000 1.330000 -1.134500
v 7.046000 12.795000 -1.134500
v 7.046000 1.330000 -0.794500
v 7.046000 12.795000 -0.794500
v 6.786000 1.330000 -1.134500
v 6.786000 12.795000 -1.134500
v 6.786000 1.330000 -0.794500
v 6.786000 12.795000 -0.794500
vn 1.0000 -0.0000 -0.0000
vn -0.0000 -0.0000 1.0000
vn -1.0000 -0.0000 -0.0000
vn -0.0000 -0.0000 -1.0000
vn -0.0000 -1.0000 -0.0000
vn -0.0000 1.0000 -0.0000
vt 0.625000 0.000000
vt 0.375000 0.250000
vt 0.375000 0.000000
vt 0.625000 0.250000
vt 0.375000 0.500000
vt 0.625000 0.500000
vt 0.375000 0.750000
vt 0.625000 0.750000
vt 0.375000 1.000000
vt 0.125000 0.750000
vt 0.125000 0.500000
vt 0.875000 0.500000
vt 0.625000 1.000000
vt 0.875000 0.750000
s 0
usemtl WalkTrim
f 1204/1386/547 1205/1387/547 1203/1388/547
f 1206/1389/548 1209/1390/548 1205/1387/548
f 1210/1391/549 1207/1392/549 1209/1390/549
f 1208/1393/550 1203/1394/550 1207/1392/550
f 1209/1390/551 1203/1395/551 1205/1396/551
f 1206/1397/552 1208/1393/552 1210/1391/552
f 1204/1386/547 1206/1389/547 1205/1387/547
f 1206/1389/548 1210/1391/548 1209/1390/548
f 1210/1391/549 1208/1393/549 1207/1392/549
f 1208/1393/550 1204/1398/550 1203/1394/550
f 1209/1390/551 1207/1392/551 1203/1395/551
f 1206/1397/552 1204/1399/552 1208/1393/552
o WalkEntryHeader
v 15.026000 12.635000 -1.134500
v 15.026000 12.885000 -1.134500
v 15.026000 12.635000 -0.794500
v 15.026000 12.885000 -0.794500
v 6.786000 12.635000 -1.134500
v 6.786000 12.885000 -1.134500
v 6.786000 12.635000 -0.794500
v 6.786000 12.885000 -0.794500
vn 1.0000 -0.0000 -0.0000
vn -0.0000 -0.0000 1.0000
vn -1.0000 -0.0000 -0.0000
vn -0.0000 -0.0000 -1.0000
vn -0.0000 -1.0000 -0.0000
vn -0.0000 1.0000 -0.0000
vt 0.625000 0.000000
vt 0.375000 0.250000
vt 0.375000 0.000000
vt 0.625000 0.250000
vt 0.375000 0.500000
vt 0.625000 0.500000
vt 0.375000 0.750000
vt 0.625000 0.750000
vt 0.375000 1.000000
vt 0.125000 0.750000
vt 0.125000 0.500000
vt 0.875000 0.500000
vt 0.625000 1.000000
vt 0.875000 0.750000
s 0
usemtl WalkTrim
f 1212/1400/553 1213/1401/553 1211/1402/553
f 1214/1403/554 1217/1404/554 1213/1401/554
f 1218/1405/555 1215/1406/555 1217/1404/555
f 1216/1407/556 1211/1408/556 1215/1406/556
f 1217/1404/557 1211/1409/557 1213/1410/557
f 1214/1411/558 1216/1407/558 1218/1405/558
f 1212/1400/553 1214/1403/553 1213/1401/553
f 1214/1403/554 1218/1405/554 1217/1404/554
f 1218/1405/555 1216/1407/555 1215/1406/555
f 1216/1407/556 1212/1412/556 1211/1408/556
f 1217/1404/557 1215/1406/557 1211/1409/557
f 1214/1411/558 1212/1413/558 1216/1407/558
o Foundation_01
v 26.227600 0.372400 -5.320000
v 26.600000 0.372400 -4.947599
v 26.227600 0.000000 -4.947599
v 14.941000 1.010000 2.596001
v 26.227602 0.372400 -4.947601
v -26.227600 0.372400 -5.320000
v -26.227600 0.000000 -4.947599
v -26.600000 0.372400 -4.947599
v 6.871000 1.010000 2.596001
v -26.227600 0.372400 -4.947601
v -26.227600 0.372400 37.240002
v -26.600000 0.372400 36.867599
v -26.227600 0.000000 36.867599
v -26.227602 0.372400 36.867603
v 26.600000 0.372400 36.867599
v 26.227600 0.372400 37.240002
v 26.227600 0.000000 36.867599
v 26.227602 0.372400 36.867603
v 26.600000 0.691600 -4.947599
v 26.227600 0.691600 -5.320000
v 26.227600 1.064000 -4.947599
v 26.227602 0.691600 -4.947601
v -26.227600 0.691600 -5.320000
v -26.600000 0.691600 -4.947599
v -26.227600 1.064000 -4.947599
v -26.227602 0.691600 -4.947601
v -26.600000 0.691600 36.867599
v -26.227600 0.691600 37.240002
v -26.227600 1.064000 36.867599
v -26.227602 0.691600 36.867603
v 26.600000 0.691600 36.867599
v 26.227600 1.064000 36.867599
v 26.227600 0.691600 37.240002
v 26.227602 0.691600 36.867603
v 14.941000 1.064000 2.596001
v 6.871000 1.064000 2.596001
v 15.056001 0.000000 -3.684502
v 15.056001 0.000000 -0.854502
v 6.756000 0.000000 -0.854502
v 6.756000 0.000000 -3.684502
v 15.056001 1.064000 -1.796934
v 15.056001 1.064000 -0.854502
v 14.941000 1.064000 -0.854502
v 6.756000 1.064000 -0.854502
v 6.756000 1.064000 -1.775560
v 6.871000 1.064000 -0.854502
v 15.056001 1.064000 -3.684502
v 6.756000 1.064000 -3.684502
v 14.941000 1.010000 -0.854502
v 6.871000 1.010000 -0.854502
vn -0.0000 -0.0000 -1.0000
vn -0.0000 -1.0000 -0.0000
vn 1.0000 -0.0000 -0.0000
vn -0.0000 -0.0000 1.0000
vn -1.0000 -0.0000 -0.0000
vn -0.0000 1.0000 -0.0000
vt 0.000000 0.000000
vt 0.375000 0.250000
vt 0.376138 0.052173
vt 0.375000 0.052173
vt 0.376138 0.500000
vt 0.376138 0.250000
vt 0.375000 0.500000
vt 0.376138 0.697827
vt 0.125000 0.697827
vt 0.375000 0.697827
vt 0.376678 0.250000
vt 0.555201 0.250000
vt 0.555201 0.166746
vt 0.376678 0.500000
vt 0.546141 0.253464
vt 0.376678 0.750000
vt 0.555201 0.750000
vt 0.555201 0.581366
vt 0.376678 1.000000
vt 0.125000 0.500000
vt 0.555201 0.000000
vt 0.376678 0.000000
vt 0.555201 0.253464
vt 0.555201 0.500000
vt 0.546141 0.496536
vt 0.555201 0.496536
vt 0.555201 1.000000
s 0
usemtl Stone
f 1221/1414/559 1228/1414/559 1223/1414/559
f 1228/1414/560 1219/1414/560 1223/1414/560
f 1233/1414/560 1223/1414/560 1220/1414/560
f 1236/1414/561 1221/1414/561 1223/1414/561
f 1235/1414/562 1232/1414/562 1231/1414/562
f 1236/1414/560 1229/1414/560 1232/1414/560
f 1231/1414/563 1228/1414/563 1225/1414/563
f 1232/1414/560 1226/1414/560 1228/1414/560
f 1250/1414/561 1240/1414/561 1239/1414/561
f 1252/1414/564 1237/1414/564 1240/1414/564
f 1241/1414/564 1240/1414/564 1238/1414/564
f 1244/1414/559 1239/1414/559 1240/1414/559
f 1245/1414/564 1244/1414/564 1242/1414/564
f 1248/1414/563 1243/1414/563 1244/1414/563
f 1251/1414/564 1248/1414/564 1246/1414/564
f 1252/1414/562 1247/1414/562 1248/1414/562
f 1238/1414/561 1223/1414/561 1219/1414/561
f 1240/1414/559 1220/1414/559 1223/1414/559
f 1226/1414/559 1244/1414/559 1228/1414/559
f 1244/1414/563 1224/1414/563 1228/1414/563
f 1246/1414/563 1232/1414/563 1229/1414/563
f 1248/1414/562 1230/1414/562 1232/1414/562
f 1249/1414/562 1236/1414/562 1233/1414/562
f 1252/1414/561 1234/1414/561 1236/1414/561
f 1224/1414/559 1238/1414/559 1219/1414/559
f 1235/1414/560 1257/1414/560 1256/1414/560
f 1221/1414/560 1258/1414/560 1225/1414/560
f 1220/1414/561 1249/1414/561 1233/1414/561
f 1230/1414/563 1242/1414/563 1226/1414/563
f 1234/1414/562 1246/1414/562 1229/1414/562
f 1253/1414/564 1254/1414/564 1250/1414/564
f 1266/1414/564 1265/1414/564 1239/1414/564
f 1221/1414/559 1225/1414/559 1228/1414/559
f 1228/1414/560 1224/1414/560 1219/1414/560
f 1233/1414/560 1236/1414/560 1223/1414/560
f 1236/1414/561 1235/1414/561 1221/1414/561
f 1235/1414/562 1236/1414/562 1232/1414/562
f 1236/1414/560 1234/1414/560 1229/1414/560
f 1231/1414/563 1232/1414/563 1228/1414/563
f 1232/1414/560 1230/1414/560 1226/1414/560
f 1250/1414/561 1252/1414/561 1240/1414/561
f 1252/1414/564 1249/1414/564 1237/1414/564
f 1241/1414/564 1244/1414/564 1240/1414/564
f 1244/1414/559 1243/1414/559 1239/1414/559
f 1245/1414/564 1248/1414/564 1244/1414/564
f 1248/1414/563 1247/1414/563 1243/1414/563
f 1251/1414/564 1252/1414/564 1248/1414/564
f 1252/1414/562 1250/1414/562 1247/1414/562
f 1238/1414/561 1240/1414/561 1223/1414/561
f 1240/1414/559 1237/1414/559 1220/1414/559
f 1226/1414/559 1242/1414/559 1244/1414/559
f 1244/1414/563 1241/1414/563 1224/1414/563
f 1246/1414/563 1248/1414/563 1232/1414/563
f 1248/1414/562 1245/1414/562 1230/1414/562
f 1249/1414/562 1252/1414/562 1236/1414/562
f 1252/1414/561 1251/1414/561 1234/1414/561
f 1224/1414/559 1241/1414/559 1238/1414/559
f 1235/1414/560 1231/1414/560 1225/1414/560
f 1220/1414/561 1237/1414/561 1249/1414/561
f 1230/1414/563 1245/1414/563 1242/1414/563
f 1234/1414/562 1251/1414/562 1246/1414/562
f 1250/1414/564 1243/1414/564 1247/1414/564
f 1222/1415/563 1261/1416/563 1267/1417/563
f 1222/1415/559 1254/1418/559 1253/1419/559
f 1227/1420/561 1264/1421/561 1254/1418/561
f 1227/1420/564 1267/1422/564 1268/1423/564
f 1256/1414/560 1255/1414/560 1221/1414/560
f 1225/1414/560 1258/1414/560 1257/1414/560
f 1256/1414/560 1221/1414/560 1235/1414/560
f 1235/1414/560 1225/1414/560 1257/1414/560
f 1221/1414/560 1255/1414/560 1258/1414/560
f 1260/1414/564 1261/1414/564 1253/1414/564
f 1254/1414/564 1264/1414/564 1262/1414/564
f 1262/1414/564 1263/1414/564 1243/1414/564
f 1250/1414/564 1239/1414/564 1253/1414/564
f 1239/1414/564 1259/1414/564 1260/1414/564
f 1239/1414/564 1260/1414/564 1253/1414/564
f 1254/1414/564 1262/1414/564 1243/1414/564
f 1254/1414/564 1243/1414/564 1250/1414/564
f 1243/1414/564 1263/1414/564 1266/1414/564
f 1265/1414/564 1259/1414/564 1239/1414/564
f 1243/1414/564 1266/1414/564 1239/1414/564
f 1222/1415/563 1253/1419/563 1261/1416/563
f 1222/1415/559 1227/1420/559 1254/1418/559
f 1227/1420/561 1268/1423/561 1264/1421/561
f 1227/1420/564 1222/1433/564 1267/1422/564
usemtl WalkWall
f 1256/1424/563 1260/1425/563 1259/1426/563
f 1256/1424/559 1257/1427/559 1267/1428/559
f 1258/1429/561 1266/1430/561 1263/1431/561
f 1255/1432/562 1266/1430/562 1258/1429/562
f 1259/1426/563 1265/1434/563 1255/1435/563
f 1255/1435/563 1256/1424/563 1259/1426/563
f 1267/1428/559 1261/1436/559 1260/1425/559
f 1257/1427/559 1262/1437/559 1268/1438/559
f 1262/1437/559 1264/1439/559 1268/1438/559
f 1267/1428/559 1260/1425/559 1256/1424/559
f 1257/1427/559 1268/1438/559 1267/1428/559
f 1262/1437/561 1257/1427/561 1263/1431/561
f 1257/1427/561 1258/1429/561 1263/1431/561
f 1255/1432/562 1265/1440/562 1266/1430/562
o NearHouse
v 21.539351 1.303400 0.000000
v 19.424999 1.310000 1.455999
v 21.778751 1.303400 0.239401
v 19.424999 16.366001 1.455999
v 21.539351 1.064000 0.239401
v 19.424999 1.310000 30.730000
v 21.539351 1.303401 0.239401
v 19.424999 16.366001 30.730000
v 0.272650 1.303400 0.000000
v 0.272650 1.064000 0.239401
v 0.033250 1.303400 0.239401
v 0.272650 1.303401 0.239401
v 0.272650 1.303400 31.920002
v 0.033250 1.303400 31.680601
v 0.272650 1.064000 31.680601
v 0.272650 1.303401 31.680601
v 21.778751 1.303400 31.680601
v 21.539351 1.303400 31.920002
v 21.539351 1.064000 31.680601
v 21.539351 1.303401 31.680601
v 21.778751 22.104601 0.239401
v 21.539351 22.104601 0.000000
v 21.539351 22.344002 0.239401
v 21.539351 22.104599 0.239401
v 0.272650 22.104601 0.000000
v 0.033250 22.104601 0.239401
v 0.272650 22.344002 0.239401
v 0.272650 22.104599 0.239401
v 0.033250 22.104601 31.680601
v 0.272650 22.104601 31.920002
v 0.272650 22.344002 31.680601
v 0.272650 22.104599 31.680601
v 21.778751 22.104601 31.680601
v 21.539351 22.344002 31.680601
v 21.539351 22.104601 31.920002
v 21.539351 22.104599 31.680601
v 0.033250 1.310000 1.455999
v 0.033250 16.366001 1.455999
v 0.033250 1.932308 30.730000
v 0.033250 1.310000 30.730000
v 0.033250 16.366001 8.913347
v 0.033250 16.366001 30.730000
v 6.871000 1.138278 0.239401
v 6.871000 1.064000 0.239401
v 14.941000 1.064000 0.239401
v 14.941000 1.229122 0.239401
v 14.941000 1.303400 0.074279
v 6.871000 1.303401 0.239401
v 6.871000 1.303401 0.165123
v 14.941000 1.303401 0.239401
v 14.941000 1.303400 0.000000
v 6.871000 7.757321 0.000000
v 6.871000 1.303400 0.000000
v 12.103205 12.875000 0.000000
v 14.941000 12.875000 0.000000
v 14.941000 1.064000 2.596001
v 6.871000 1.064000 2.596001
v 6.871000 12.875000 0.000000
v 14.941000 1.310000 1.455999
v 14.941000 12.875000 1.455999
v 6.871000 1.310000 1.455999
v 6.871000 12.875000 1.455999
v 14.941000 1.310000 2.596001
v 6.871000 1.310000 2.596001
v 21.745499 1.995000 -0.478800
v 21.745499 1.995000 -0.412298
v 0.066501 1.995000 -0.478800
v 21.745499 2.793000 -0.478800
v 0.066501 1.995000 -0.412298
v 0.066501 1.928500 -0.412298
v 0.066501 1.995000 -0.013300
v 0.000000 1.995000 -0.412298
v 0.066501 2.793000 -0.412298
v 0.066501 1.928500 -0.013300
v 0.000000 2.793000 -0.412298
v 0.000000 2.793000 -0.013300
v 0.000000 1.995000 -0.013300
v 0.066501 2.793000 -0.013300
v 0.066501 2.859500 -0.013300
v 0.066501 2.793000 0.053201
v 21.745499 2.793000 -0.013300
v 0.066501 2.859500 -0.412298
v 21.745499 2.793000 0.053201
v 21.745499 1.995000 0.053201
v 21.745499 1.995000 -0.013300
v 0.066501 1.995000 0.053201
v 21.812000 1.995000 -0.013300
v 21.745499 1.928500 -0.013300
v 21.745499 1.928500 -0.412298
v 21.812000 2.793000 -0.013300
v 21.812000 2.793000 -0.412298
v 21.812000 1.995000 -0.412298
v 21.745499 2.793000 -0.412298
v 21.745499 2.859500 -0.412298
v 21.745499 2.859500 -0.013300
v 0.066501 2.793000 -0.478800
v 14.941000 1.995000 -0.457926
v 6.871000 1.995000 -0.412298
v 6.871000 1.995000 -0.433172
v 14.941000 1.995000 -0.412298
v 14.941000 1.995000 -0.478800
v 6.871000 1.995000 -0.478800
v 6.871000 2.245473 -0.478800
v 14.941000 2.542527 -0.478800
v 14.941000 1.974128 -0.412298
v 6.871000 1.949373 -0.412298
v 14.941000 2.793000 -0.013300
v 14.941000 2.813873 -0.013300
v 6.871000 2.838628 -0.013300
v 6.871000 2.793000 -0.013300
v 14.941000 2.793000 0.032328
v 14.941000 2.793000 0.053201
v 6.871000 2.793000 0.007573
v 6.871000 2.793000 0.053201
v 14.941000 2.245473 0.053201
v 6.871000 2.542527 0.053201
v 14.941000 1.995000 0.007573
v 6.871000 1.995000 0.053201
v 6.871000 1.995000 0.032328
v 14.941000 1.995000 0.053201
v 14.941000 1.995000 -0.013300
v 6.871000 1.995000 -0.013300
v 14.941000 1.949373 -0.013300
v 6.871000 1.974128 -0.013300
v 6.871000 2.813873 -0.412298
v 6.871000 2.793000 -0.412298
v 14.941000 2.793000 -0.412298
v 14.941000 2.838628 -0.412298
v 6.871000 2.793000 -0.457926
v 6.871000 2.793000 -0.478800
v 14.941000 2.793000 -0.478800
v 14.941000 2.793000 -0.433172
v 6.871000 2.859500 -0.287064
v 6.871000 2.859500 -0.412298
v 14.941000 2.859500 -0.412298
v 14.941000 2.859500 -0.138535
v 6.871000 2.859500 -0.013300
v 14.941000 2.859500 -0.013300
v 6.871000 1.928500 -0.412298
v 14.941000 1.928500 -0.412298
v 6.871000 1.928500 -0.287064
v 14.941000 1.928500 -0.138535
v 14.941000 1.928500 -0.013300
v 6.871000 1.928500 -0.013300
v 1.017450 1.143800 -0.671650
v 1.017450 1.143800 -0.591848
v 0.578550 1.143800 -0.671650
v 1.017450 21.466202 -0.671650
v 0.578550 1.143800 -0.591848
v 0.578550 1.064000 -0.591848
v 0.578550 1.143800 -0.152948
v 0.498750 1.143800 -0.591848
v 0.578550 21.466202 -0.591848
v 0.578550 1.064000 -0.152948
v 0.498750 21.466202 -0.591848
v 0.498750 21.466202 -0.152948
v 0.498750 1.143800 -0.152948
v 0.578550 21.466202 -0.152948
v 0.578550 21.546001 -0.152948
v 0.578550 21.466202 -0.073149
v 1.017450 21.466202 -0.152948
v 0.578550 21.546001 -0.591848
v 1.017450 21.466202 -0.073149
v 1.017450 1.143800 -0.073149
v 1.017450 1.143800 -0.152948
v 0.578550 1.143800 -0.073149
v 1.097250 1.143800 -0.152948
v 1.017450 1.064000 -0.152948
v 1.017450 1.064000 -0.591848
v 1.097250 21.466202 -0.152948
v 1.097250 21.466202 -0.591848
v 1.097250 1.143800 -0.591848
v 1.017450 21.466202 -0.591848
v 1.017450 21.546001 -0.591848
v 1.017450 21.546001 -0.152948
v 0.578550 21.466202 -0.671650
v 21.100451 1.143800 -0.671650
v 21.100451 1.143800 -0.591848
v 20.661551 1.143800 -0.671650
v 21.100451 21.466202 -0.671650
v 20.661551 1.143800 -0.591848
v 20.661551 1.064000 -0.591848
v 20.661551 1.143800 -0.152948
v 20.581751 1.143800 -0.591848
v 20.661551 21.466202 -0.591848
v 20.661551 1.064000 -0.152948
v 20.581751 21.466202 -0.591848
v 20.581751 21.466202 -0.152948
v 20.581751 1.143800 -0.152948
v 20.661551 21.466202 -0.152948
v 20.661551 21.546001 -0.152948
v 20.661551 21.466202 -0.073149
v 21.100451 21.466202 -0.152948
v 20.661551 21.546001 -0.591848
v 21.100451 21.466202 -0.073149
v 21.100451 1.143800 -0.073149
v 21.100451 1.143800 -0.152948
v 20.661551 1.143800 -0.073149
v 21.180250 1.143800 -0.152948
v 21.100451 1.064000 -0.152948
v 21.100451 1.064000 -0.591848
v 21.180250 21.466202 -0.152948
v 21.180250 21.466202 -0.591848
v 21.180250 1.143800 -0.591848
v 21.100451 21.466202 -0.591848
v 21.100451 21.546001 -0.591848
v 21.100451 21.546001 -0.152948
v 20.661551 21.466202 -0.671650
vn -0.0000 -0.0000 -1.0000
vn -0.0000 -1.0000 -0.0000
vn 1.0000 -0.0000 -0.0000
vn -0.0000 -0.0000 1.0000
vn -1.0000 -0.0000 -0.0000
vn -0.0000 1.0000 -0.0000
vt 0.000000 0.000000
vt 0.375000 0.250000
vt 0.625000 0.000000
vt 0.375000 0.000000
vt 0.375000 0.374786
vt 0.385333 0.374786
vt 0.567033 0.919215
vt 0.567033 0.971146
vt 0.625000 1.000000
vt 0.125000 0.500000
vt 0.153855 0.740264
vt 0.205785 0.740264
vt 0.875000 0.500000
vt 0.750214 0.500000
vt 0.750214 0.686314
vt 0.381321 0.184640
vt 0.625000 0.184640
vt 0.381182 0.114889
vt 0.376138 0.250000
vt 0.381321 0.500000
vt 0.381321 0.250000
vt 0.381182 0.635111
vt 0.381182 0.639369
vt 0.517169 0.648836
vt 0.787088 0.648836
vt 0.875000 0.565359
vt 0.625000 0.565359
vt 0.412568 0.100401
vt 0.413008 0.100401
vt 0.413970 0.093221
vt 0.412569 0.649599
vt 0.412568 0.648402
vt 0.407291 0.645786
vt 0.625000 0.250000
vt 0.625000 0.374786
vt 0.375000 0.971145
vt 0.375000 1.000000
vt 0.625000 0.875214
vt 0.375000 0.875214
vt 0.375000 0.919215
vt 0.205785 0.750000
vt 0.249786 0.750000
vt 0.249786 0.500000
vt 0.125000 0.750000
vt 0.153855 0.750000
vt 0.750214 0.750000
vt 0.875000 0.750000
vt 0.625000 0.101164
vt 0.381182 0.101164
vt 0.381182 0.105422
vt 0.379617 0.114889
vt 0.376138 0.114889
vt 0.376138 0.500000
vt 0.381321 0.565359
vt 0.376138 0.635111
vt 0.377703 0.635111
vt 0.625000 0.648836
vt 0.381182 0.648836
vt 0.875000 0.648836
vt 0.394353 0.093221
vt 0.394353 0.100401
vt 0.394793 0.100401
vt 0.395754 0.100401
vt 0.395315 0.077526
vt 0.394353 0.077526
vt 0.395754 0.077526
vt 0.401032 0.104214
vt 0.407291 0.073713
vt 0.395754 0.073713
vt 0.395754 0.074910
vt 0.412568 0.076329
vt 0.412569 0.073713
vt 0.412568 0.077526
vt 0.395754 0.101598
vt 0.395754 0.104214
vt 0.412568 0.104214
vt 0.412569 0.103017
vt 0.413530 0.077526
vt 0.413970 0.077526
vt 0.413970 0.100401
vt 0.395754 0.673671
vt 0.395754 0.676287
vt 0.401032 0.676287
vt 0.412569 0.676287
vt 0.412569 0.675090
vt 0.412569 0.672474
vt 0.395754 0.672474
vt 0.394353 0.665294
vt 0.394353 0.672474
vt 0.394793 0.672474
vt 0.395754 0.649599
vt 0.395315 0.649599
vt 0.394353 0.649599
vt 0.413008 0.672474
vt 0.413970 0.672474
vt 0.413970 0.665294
vt 0.413970 0.649599
vt 0.413530 0.649599
vt 0.395754 0.646983
vt 0.395754 0.645786
vt 0.412568 0.645786
s 0
usemtl WarmWall
f 1278/1441/565 1311/1441/565 1312/1441/565
f 1273/1441/565 1314/1441/565 1275/1441/565
f 1275/1441/566 1315/1441/566 1269/1441/566
f 1280/1441/566 1317/1441/566 1316/1441/566
f 1285/1441/566 1275/1441/566 1271/1441/566
f 1288/1441/567 1273/1441/567 1275/1441/567
f 1287/1441/568 1284/1441/568 1283/1441/568
f 1288/1441/566 1281/1441/566 1284/1441/566
f 1283/1441/569 1280/1441/569 1278/1441/569
f 1284/1441/566 1279/1441/566 1280/1441/566
f 1302/1441/567 1292/1441/567 1291/1441/567
f 1304/1441/570 1289/1441/570 1292/1441/570
f 1293/1441/570 1292/1441/570 1290/1441/570
f 1296/1441/565 1291/1441/565 1292/1441/565
f 1297/1441/570 1296/1441/570 1294/1441/570
f 1300/1441/569 1295/1441/569 1296/1441/569
f 1303/1441/570 1300/1441/570 1298/1441/570
f 1304/1441/568 1299/1441/568 1300/1441/568
f 1290/1441/567 1275/1441/567 1269/1441/567
f 1292/1441/565 1271/1441/565 1275/1441/565
f 1294/1441/565 1280/1441/565 1279/1441/565
f 1296/1441/569 1277/1441/569 1280/1441/569
f 1298/1441/569 1284/1441/569 1281/1441/569
f 1300/1441/568 1282/1441/568 1284/1441/568
f 1301/1441/568 1288/1441/568 1285/1441/568
f 1304/1441/567 1286/1441/567 1288/1441/567
f 1320/1441/565 1321/1441/565 1277/1441/565
f 1269/1441/565 1319/1441/565 1323/1441/565
f 1287/1441/566 1325/1441/566 1324/1441/566
f 1271/1441/567 1301/1441/567 1285/1441/567
f 1279/1441/569 1282/1441/569 1305/1441/569
f 1286/1441/568 1298/1441/568 1281/1441/568
f 1295/1441/570 1302/1441/570 1291/1441/570
f 1275/1441/565 1314/1441/565 1318/1441/565
f 1280/1441/565 1311/1441/565 1278/1441/565
f 1269/1441/566 1315/1441/566 1319/1441/566
f 1277/1441/566 1317/1441/566 1280/1441/566
f 1285/1441/566 1288/1441/566 1275/1441/566
f 1288/1441/567 1287/1441/567 1273/1441/567
f 1287/1441/568 1288/1441/568 1284/1441/568
f 1288/1441/566 1286/1441/566 1281/1441/566
f 1283/1441/569 1284/1441/569 1280/1441/569
f 1284/1441/566 1282/1441/566 1279/1441/566
f 1302/1441/567 1304/1441/567 1292/1441/567
f 1304/1441/570 1301/1441/570 1289/1441/570
f 1293/1441/570 1296/1441/570 1292/1441/570
f 1296/1441/565 1295/1441/565 1291/1441/565
f 1297/1441/570 1300/1441/570 1296/1441/570
f 1300/1441/569 1299/1441/569 1295/1441/569
f 1303/1441/570 1304/1441/570 1300/1441/570
f 1304/1441/568 1302/1441/568 1299/1441/568
f 1290/1441/567 1292/1441/567 1275/1441/567
f 1292/1441/565 1289/1441/565 1271/1441/565
f 1294/1441/565 1296/1441/565 1280/1441/565
f 1296/1441/569 1293/1441/569 1277/1441/569
f 1298/1441/569 1300/1441/569 1284/1441/569
f 1300/1441/568 1297/1441/568 1282/1441/568
f 1301/1441/568 1304/1441/568 1288/1441/568
f 1304/1441/567 1303/1441/567 1286/1441/567
f 1293/1441/565 1322/1441/565 1326/1441/565
f 1287/1441/566 1283/1441/566 1278/1441/566
f 1271/1441/567 1289/1441/567 1301/1441/567
f 1297/1441/569 1309/1441/569 1310/1441/569
f 1286/1441/568 1303/1441/568 1298/1441/568
f 1295/1441/570 1299/1441/570 1302/1441/570
f 1274/1442/569 1272/1443/569 1270/1444/569
f 1274/1442/565 1308/1445/565 1307/1446/565
f 1330/1447/568 1328/1448/568 1272/1449/568
f 1274/1450/570 1331/1451/570 1332/1452/570
f 1276/1453/566 1310/1454/566 1309/1455/566
f 1375/1468/569 1376/1469/569 1404/1470/569
f 1378/1471/567 1381/1472/567 1384/1473/567
f 1273/1441/565 1313/1441/565 1314/1441/565
f 1275/1441/566 1318/1441/566 1315/1441/566
f 1323/1441/565 1322/1441/565 1290/1441/565
f 1290/1441/565 1269/1441/565 1323/1441/565
f 1324/1441/566 1313/1441/566 1273/1441/566
f 1278/1441/566 1312/1441/566 1325/1441/566
f 1324/1441/566 1273/1441/566 1287/1441/566
f 1287/1441/566 1278/1441/566 1325/1441/566
f 1306/1441/569 1309/1441/569 1294/1441/569
f 1282/1441/569 1307/1441/569 1308/1441/569
f 1305/1441/569 1306/1441/569 1279/1441/569
f 1306/1441/569 1294/1441/569 1279/1441/569
f 1282/1441/569 1308/1441/569 1305/1441/569
f 1280/1441/565 1316/1441/565 1311/1441/565
f 1277/1441/566 1321/1441/566 1317/1441/566
f 1320/1441/565 1277/1441/565 1326/1441/565
f 1277/1441/565 1293/1441/565 1326/1441/565
f 1293/1441/565 1290/1441/565 1322/1441/565
f 1310/1441/569 1307/1441/569 1282/1441/569
f 1297/1441/569 1294/1441/569 1309/1441/569
f 1310/1441/569 1282/1441/569 1297/1441/569
f 1274/1442/569 1276/1474/569 1272/1443/569
f 1307/1446/565 1310/1475/565 1276/1474/565
f 1276/1474/565 1274/1442/565 1307/1446/565
f 1328/1448/568 1327/1476/568 1270/1477/568
f 1306/1478/568 1305/1479/568 1330/1447/568
f 1305/1479/568 1329/1480/568 1330/1447/568
f 1328/1448/568 1270/1477/568 1272/1449/568
f 1306/1478/568 1330/1447/568 1272/1449/568
f 1329/1481/570 1305/1482/570 1332/1452/570
f 1305/1482/570 1308/1483/570 1332/1452/570
f 1308/1483/570 1274/1450/570 1332/1452/570
f 1274/1450/570 1270/1484/570 1331/1451/570
f 1270/1484/570 1327/1485/570 1331/1451/570
f 1309/1455/566 1306/1486/566 1272/1487/566
f 1272/1487/566 1276/1453/566 1309/1455/566
f 1410/1500/569 1411/1501/569 1391/1502/569
f 1410/1500/569 1391/1502/569 1389/1503/569
f 1373/1504/569 1408/1505/569 1410/1500/569
f 1368/1506/569 1373/1504/569 1410/1500/569
f 1368/1506/569 1410/1500/569 1383/1507/569
f 1410/1500/569 1389/1503/569 1383/1507/569
f 1372/1508/569 1369/1509/569 1365/1510/569
f 1372/1508/569 1365/1510/569 1368/1506/569
f 1400/1511/569 1399/1512/569 1372/1508/569
f 1395/1513/569 1400/1511/569 1372/1508/569
f 1372/1508/569 1368/1506/569 1383/1507/569
f 1385/1514/569 1388/1515/569 1383/1507/569
f 1389/1503/569 1385/1514/569 1383/1507/569
f 1395/1513/569 1372/1508/569 1404/1470/569
f 1404/1470/569 1372/1508/569 1375/1468/569
f 1383/1507/569 1380/1516/569 1379/1517/569
f 1383/1507/569 1379/1517/569 1375/1468/569
f 1396/1518/569 1395/1513/569 1404/1470/569
f 1404/1470/569 1403/1519/569 1396/1518/569
f 1376/1469/569 1406/1520/569 1404/1470/569
f 1383/1507/569 1375/1468/569 1372/1508/569
f 1367/1521/567 1370/1522/567 1371/1523/567
f 1371/1523/567 1398/1524/567 1397/1525/567
f 1371/1523/567 1397/1525/567 1394/1526/567
f 1366/1527/567 1367/1521/567 1371/1523/567
f 1409/1528/567 1407/1529/567 1374/1530/567
f 1366/1527/567 1371/1523/567 1409/1528/567
f 1371/1523/567 1394/1526/567 1384/1473/567
f 1409/1528/567 1371/1523/567 1390/1531/567
f 1409/1528/567 1374/1530/567 1366/1527/567
f 1392/1532/567 1412/1533/567 1409/1528/567
f 1390/1531/567 1392/1532/567 1409/1528/567
f 1393/1534/567 1402/1535/567 1401/1536/567
f 1371/1523/567 1384/1473/567 1390/1531/567
f 1394/1526/567 1393/1534/567 1401/1536/567
f 1384/1473/567 1394/1526/567 1401/1536/567
f 1401/1536/567 1405/1537/567 1377/1538/567
f 1401/1536/567 1377/1538/567 1378/1471/567
f 1387/1539/567 1390/1531/567 1384/1473/567
f 1384/1473/567 1386/1540/567 1387/1539/567
f 1381/1472/567 1382/1541/567 1384/1473/567
f 1401/1536/567 1378/1471/567 1384/1473/567
usemtl Cream
f 1336/1441/567 1334/1441/567 1333/1441/567
f 1334/1441/566 1365/1441/566 1333/1441/566
f 1337/1441/566 1367/1441/566 1366/1441/566
f 1333/1441/566 1365/1441/566 1369/1441/566
f 1335/1441/566 1367/1441/566 1337/1441/566
f 1335/1441/565 1371/1441/565 1370/1441/565
f 1333/1441/565 1372/1441/565 1336/1441/565
f 1334/1441/565 1373/1441/565 1368/1441/565
f 1337/1441/565 1374/1441/565 1338/1441/565
f 1342/1441/569 1337/1441/569 1338/1441/569
f 1341/1441/569 1335/1441/569 1337/1441/569
f 1342/1441/569 1339/1441/569 1337/1441/569
f 1339/1441/566 1340/1441/566 1337/1441/566
f 1343/1441/565 1337/1441/565 1340/1441/565
f 1343/1441/565 1341/1441/565 1337/1441/565
f 1344/1441/570 1341/1441/570 1343/1441/570
f 1345/1441/569 1344/1441/569 1343/1441/569
f 1345/1441/569 1343/1441/569 1340/1441/569
f 1339/1441/566 1345/1441/566 1340/1441/566
f 1346/1441/568 1345/1441/568 1339/1441/568
f 1346/1441/568 1344/1441/568 1345/1441/568
f 1344/1441/570 1346/1441/570 1341/1441/570
f 1346/1441/569 1350/1441/569 1341/1441/569
f 1346/1441/569 1347/1441/569 1350/1441/569
f 1349/1441/568 1376/1441/568 1375/1441/568
f 1346/1441/568 1377/1441/568 1347/1441/568
f 1348/1441/569 1346/1441/569 1339/1441/569
f 1351/1441/570 1379/1441/570 1380/1441/570
f 1348/1441/570 1381/1441/570 1346/1441/570
f 1346/1441/570 1381/1441/570 1378/1441/570
f 1349/1441/570 1379/1441/570 1351/1441/570
f 1351/1441/568 1383/1441/568 1352/1441/568
f 1348/1441/568 1384/1441/568 1382/1441/568
f 1349/1441/567 1351/1441/567 1352/1441/567
f 1352/1441/566 1385/1441/566 1353/1441/566
f 1354/1441/566 1387/1441/566 1386/1441/566
f 1349/1441/567 1352/1441/567 1353/1441/567
f 1352/1441/568 1383/1441/568 1388/1441/568
f 1354/1441/568 1384/1441/568 1348/1441/568
f 1348/1441/569 1339/1441/569 1354/1441/569
f 1353/1441/566 1385/1441/566 1389/1441/566
f 1339/1441/566 1387/1441/566 1354/1441/566
f 1355/1441/566 1353/1441/566 1334/1441/566
f 1358/1441/568 1353/1441/568 1355/1441/568
f 1353/1441/567 1357/1441/567 1334/1441/567
f 1353/1441/568 1391/1441/568 1356/1441/568
f 1339/1441/568 1392/1441/568 1390/1441/568
f 1353/1441/567 1356/1441/567 1357/1441/567
f 1358/1441/568 1349/1441/568 1353/1441/568
f 1349/1441/570 1358/1441/570 1359/1441/570
f 1360/1441/567 1359/1441/567 1358/1441/567
f 1360/1441/567 1358/1441/567 1355/1441/567
f 1361/1441/565 1360/1441/565 1334/1441/565
f 1355/1441/566 1334/1441/566 1360/1441/566
f 1361/1441/565 1359/1441/565 1360/1441/565
f 1341/1441/565 1393/1441/565 1394/1441/565
f 1361/1441/565 1396/1441/565 1362/1441/565
f 1363/1441/567 1361/1441/567 1362/1441/567
f 1363/1441/567 1349/1441/567 1361/1441/567
f 1349/1441/570 1359/1441/570 1361/1441/570
f 1336/1441/567 1361/1441/567 1334/1441/567
f 1364/1441/570 1397/1441/570 1398/1441/570
f 1336/1441/570 1400/1441/570 1361/1441/570
f 1361/1441/570 1400/1441/570 1395/1441/570
f 1341/1441/570 1397/1441/570 1364/1441/570
f 1336/1441/565 1372/1441/565 1399/1441/565
f 1364/1441/565 1371/1441/565 1335/1441/565
f 1341/1441/569 1364/1441/569 1335/1441/569
f 1350/1441/570 1401/1441/570 1402/1441/570
f 1362/1441/570 1404/1441/570 1363/1441/570
f 1363/1441/568 1376/1441/568 1349/1441/568
f 1347/1441/568 1377/1441/568 1405/1441/568
f 1363/1441/570 1404/1441/570 1406/1441/570
f 1347/1441/570 1401/1441/570 1350/1441/570
f 1362/1441/565 1396/1441/565 1403/1441/565
f 1350/1441/565 1393/1441/565 1341/1441/565
f 1338/1441/565 1374/1441/565 1407/1441/565
f 1357/1441/565 1373/1441/565 1334/1441/565
f 1338/1441/566 1407/1441/566 1409/1441/566
f 1357/1441/566 1410/1441/566 1408/1441/566
f 1356/1441/566 1411/1441/566 1410/1441/566
f 1342/1441/566 1409/1441/566 1412/1441/566
f 1356/1441/568 1391/1441/568 1411/1441/568
f 1342/1441/568 1392/1441/568 1339/1441/568
f 1416/1441/567 1414/1441/567 1413/1441/567
f 1417/1441/566 1413/1441/566 1414/1441/566
f 1417/1441/566 1415/1441/566 1413/1441/566
f 1415/1441/565 1416/1441/565 1413/1441/565
f 1418/1441/565 1417/1441/565 1414/1441/565
f 1422/1441/569 1417/1441/569 1418/1441/569
f 1421/1441/569 1415/1441/569 1417/1441/569
f 1422/1441/569 1419/1441/569 1417/1441/569
f 1419/1441/566 1420/1441/566 1417/1441/566
f 1423/1441/565 1417/1441/565 1420/1441/565
f 1423/1441/565 1421/1441/565 1417/1441/565
f 1424/1441/570 1421/1441/570 1423/1441/570
f 1425/1441/569 1424/1441/569 1423/1441/569
f 1425/1441/569 1423/1441/569 1420/1441/569
f 1419/1441/566 1425/1441/566 1420/1441/566
f 1426/1441/568 1425/1441/568 1419/1441/568
f 1426/1441/568 1424/1441/568 1425/1441/568
f 1424/1441/570 1426/1441/570 1421/1441/570
f 1426/1441/569 1430/1441/569 1421/1441/569
f 1426/1441/569 1427/1441/569 1430/1441/569
f 1429/1441/568 1427/1441/568 1426/1441/568
f 1428/1441/569 1426/1441/569 1419/1441/569
f 1431/1441/570 1426/1441/570 1428/1441/570
f 1431/1441/570 1429/1441/570 1426/1441/570
f 1432/1441/568 1431/1441/568 1428/1441/568
f 1429/1441/567 1431/1441/567 1432/1441/567
f 1433/1441/566 1432/1441/566 1434/1441/566
f 1429/1441/567 1432/1441/567 1433/1441/567
f 1432/1441/568 1428/1441/568 1434/1441/568
f 1428/1441/569 1419/1441/569 1434/1441/569
f 1433/1441/566 1434/1441/566 1419/1441/566
f 1435/1441/566 1433/1441/566 1414/1441/566
f 1438/1441/568 1433/1441/568 1435/1441/568
f 1433/1441/567 1437/1441/567 1414/1441/567
f 1436/1441/568 1433/1441/568 1419/1441/568
f 1433/1441/567 1436/1441/567 1437/1441/567
f 1438/1441/568 1429/1441/568 1433/1441/568
f 1429/1441/570 1438/1441/570 1439/1441/570
f 1440/1441/567 1439/1441/567 1438/1441/567
f 1440/1441/567 1438/1441/567 1435/1441/567
f 1441/1441/565 1440/1441/565 1414/1441/565
f 1435/1441/566 1414/1441/566 1440/1441/566
f 1441/1441/565 1439/1441/565 1440/1441/565
f 1421/1441/565 1442/1441/565 1441/1441/565
f 1443/1441/567 1441/1441/567 1442/1441/567
f 1443/1441/567 1429/1441/567 1441/1441/567
f 1429/1441/570 1439/1441/570 1441/1441/570
f 1416/1441/567 1441/1441/567 1414/1441/567
f 1444/1441/570 1441/1441/570 1416/1441/570
f 1444/1441/570 1421/1441/570 1441/1441/570
f 1415/1441/565 1444/1441/565 1416/1441/565
f 1421/1441/569 1444/1441/569 1415/1441/569
f 1430/1441/570 1443/1441/570 1442/1441/570
f 1429/1441/568 1443/1441/568 1427/1441/568
f 1430/1441/570 1427/1441/570 1443/1441/570
f 1421/1441/565 1430/1441/565 1442/1441/565
f 1418/1441/565 1414/1441/565 1437/1441/565
f 1436/1441/566 1418/1441/566 1437/1441/566
f 1436/1441/566 1422/1441/566 1418/1441/566
f 1436/1441/568 1419/1441/568 1422/1441/568
f 1448/1441/567 1446/1441/567 1445/1441/567
f 1449/1441/566 1445/1441/566 1446/1441/566
f 1449/1441/566 1447/1441/566 1445/1441/566
f 1447/1441/565 1448/1441/565 1445/1441/565
f 1450/1441/565 1449/1441/565 1446/1441/565
f 1454/1441/569 1449/1441/569 1450/1441/569
f 1453/1441/569 1447/1441/569 1449/1441/569
f 1454/1441/569 1451/1441/569 1449/1441/569
f 1451/1441/566 1452/1441/566 1449/1441/566
f 1455/1441/565 1449/1441/565 1452/1441/565
f 1455/1441/565 1453/1441/565 1449/1441/565
f 1456/1441/570 1453/1441/570 1455/1441/570
f 1457/1441/569 1456/1441/569 1455/1441/569
f 1457/1441/569 1455/1441/569 1452/1441/569
f 1451/1441/566 1457/1441/566 1452/1441/566
f 1458/1441/568 1457/1441/568 1451/1441/568
f 1458/1441/568 1456/1441/568 1457/1441/568
f 1456/1441/570 1458/1441/570 1453/1441/570
f 1458/1441/569 1462/1441/569 1453/1441/569
f 1458/1441/569 1459/1441/569 1462/1441/569
f 1461/1441/568 1459/1441/568 1458/1441/568
f 1460/1441/569 1458/1441/569 1451/1441/569
f 1463/1441/570 1458/1441/570 1460/1441/570
f 1463/1441/570 1461/1441/570 1458/1441/570
f 1464/1441/568 1463/1441/568 1460/1441/568
f 1461/1441/567 1463/1441/567 1464/1441/567
f 1465/1441/566 1464/1441/566 1466/1441/566
f 1461/1441/567 1464/1441/567 1465/1441/567
f 1464/1441/568 1460/1441/568 1466/1441/568
f 1460/1441/569 1451/1441/569 1466/1441/569
f 1465/1441/566 1466/1441/566 1451/1441/566
f 1467/1441/566 1465/1441/566 1446/1441/566
f 1470/1441/568 1465/1441/568 1467/1441/568
f 1465/1441/567 1469/1441/567 1446/1441/567
f 1468/1441/568 1465/1441/568 1451/1441/568
f 1465/1441/567 1468/1441/567 1469/1441/567
f 1470/1441/568 1461/1441/568 1465/1441/568
f 1461/1441/570 1470/1441/570 1471/1441/570
f 1472/1441/567 1471/1441/567 1470/1441/567
f 1472/1441/567 1470/1441/567 1467/1441/567
f 1473/1441/565 1472/1441/565 1446/1441/565
f 1467/1441/566 1446/1441/566 1472/1441/566
f 1473/1441/565 1471/1441/565 1472/1441/565
f 1453/1441/565 1474/1441/565 1473/1441/565
f 1475/1441/567 1473/1441/567 1474/1441/567
f 1475/1441/567 1461/1441/567 1473/1441/567
f 1461/1441/570 1471/1441/570 1473/1441/570
f 1448/1441/567 1473/1441/567 1446/1441/567
f 1476/1441/570 1473/1441/570 1448/1441/570
f 1476/1441/570 1453/1441/570 1473/1441/570
f 1447/1441/565 1476/1441/565 1448/1441/565
f 1453/1441/569 1476/1441/569 1447/1441/569
f 1462/1441/570 1475/1441/570 1474/1441/570
f 1461/1441/568 1475/1441/568 1459/1441/568
f 1462/1441/570 1459/1441/570 1475/1441/570
f 1453/1441/565 1462/1441/565 1474/1441/565
f 1450/1441/565 1446/1441/565 1469/1441/565
f 1468/1441/566 1450/1441/566 1469/1441/566
f 1468/1441/566 1454/1441/566 1450/1441/566
f 1468/1441/568 1451/1441/568 1454/1441/568
f 1334/1441/566 1368/1441/566 1365/1441/566
f 1335/1441/566 1370/1441/566 1367/1441/566
f 1333/1441/565 1369/1441/565 1372/1441/565
f 1337/1441/565 1366/1441/565 1374/1441/565
f 1346/1441/568 1378/1441/568 1377/1441/568
f 1348/1441/570 1382/1441/570 1381/1441/570
f 1349/1441/570 1375/1441/570 1379/1441/570
f 1351/1441/568 1380/1441/568 1383/1441/568
f 1352/1441/566 1388/1441/566 1385/1441/566
f 1354/1441/568 1386/1441/568 1384/1441/568
f 1339/1441/566 1390/1441/566 1387/1441/566
f 1353/1441/568 1389/1441/568 1391/1441/568
f 1361/1441/565 1395/1441/565 1396/1441/565
f 1336/1441/570 1399/1441/570 1400/1441/570
f 1341/1441/570 1394/1441/570 1397/1441/570
f 1364/1441/565 1398/1441/565 1371/1441/565
f 1362/1441/570 1403/1441/570 1404/1441/570
f 1363/1441/568 1406/1441/568 1376/1441/568
f 1347/1441/570 1405/1441/570 1401/1441/570
f 1350/1441/565 1402/1441/565 1393/1441/565
f 1357/1441/565 1408/1441/565 1373/1441/565
f 1357/1441/566 1356/1441/566 1410/1441/566
f 1342/1441/566 1338/1441/566 1409/1441/566
f 1342/1441/568 1412/1441/568 1392/1441/568
usemtl WalkWall
f 1327/1456/569 1328/1457/569 1318/1458/569
f 1324/1459/565 1332/1460/565 1331/1461/565
f 1316/1462/567 1317/1463/567 1320/1464/567
f 1322/1465/566 1328/1466/566 1330/1467/566
f 1328/1457/569 1323/1488/569 1318/1458/569
f 1323/1488/569 1319/1489/569 1315/1490/569
f 1318/1458/569 1323/1488/569 1315/1490/569
f 1314/1491/569 1313/1492/569 1327/1456/569
f 1313/1492/569 1324/1459/569 1327/1456/569
f 1318/1458/569 1314/1491/569 1327/1456/569
f 1324/1459/569 1331/1461/569 1327/1456/569
f 1324/1459/565 1325/1493/565 1332/1460/565
f 1332/1460/567 1325/1493/567 1329/1494/567
f 1325/1493/567 1312/1495/567 1329/1494/567
f 1312/1495/567 1311/1496/567 1329/1494/567
f 1326/1497/567 1330/1467/567 1320/1464/567
f 1330/1467/567 1329/1494/567 1320/1464/567
f 1329/1494/567 1311/1496/567 1316/1462/567
f 1317/1463/567 1321/1498/567 1320/1464/567
f 1329/1494/567 1316/1462/567 1320/1464/567
f 1330/1467/566 1326/1497/566 1322/1465/566
f 1322/1465/566 1323/1499/566 1328/1466/566
o RoofHalf-1
v 22.876001 21.479500 -1.995000
v -1.064000 21.479500 -1.995000
v -1.064000 21.945002 -1.995000
v 10.906000 29.925001 -1.995000
v 22.876001 21.945002 -1.995000
v 22.876001 21.479500 33.915001
v -1.064000 21.479500 33.915001
v -1.064000 21.945002 33.915001
v 10.906000 29.925001 33.915001
v 22.876001 21.945002 33.915001
v 11.068307 30.407860 -2.154601
v 11.020769 30.336552 -2.361500
v 23.038307 22.427860 -2.154599
v 11.020769 30.336552 -1.947701
v 10.906001 30.164402 -1.862001
v 22.990770 22.356552 -1.947700
v 22.876001 22.184401 -1.861999
v 10.791234 29.992250 -2.361500
v 10.743696 29.920942 -2.154601
v 10.791234 29.992250 -1.947701
v 22.761232 22.012251 -1.947700
v 22.713696 21.940943 -2.154599
v 22.761232 22.012251 -2.361499
v 22.876001 22.184401 -2.447199
v 10.906001 30.164402 -2.447201
v 22.990770 22.356552 -2.361499
v 10.743694 30.407860 -2.154601
v 10.791233 30.336552 -1.947702
v -1.226306 22.427860 -2.154599
v 10.791233 30.336552 -2.361501
v 10.906000 30.164402 -2.447201
v -1.178768 22.356552 -2.361499
v -1.064000 22.184401 -2.447199
v 10.906000 30.164402 -1.862001
v 11.020767 29.992250 -1.947702
v -0.949233 22.012251 -1.947700
v 11.068305 29.920942 -2.154601
v 11.020767 29.992250 -2.361501
v -0.949233 22.012251 -2.361499
v -0.901695 21.940943 -2.154599
v -1.064000 22.184401 -1.861999
v -1.178768 22.356552 -1.947700
v 11.068307 30.407860 34.074604
v 11.020769 30.336552 33.867702
v 23.038307 22.427860 34.074604
v 11.020769 30.336552 34.281502
v 10.906001 30.164402 34.367203
v 22.990770 22.356552 34.281502
v 22.876001 22.184401 34.367203
v 10.791234 29.992250 34.281502
v 10.791234 29.992250 33.867702
v 10.906001 30.164402 33.782001
v 22.761232 22.012251 33.867702
v 10.743696 29.920942 34.074604
v 22.713696 21.940943 34.074604
v 22.761232 22.012251 34.281502
v 22.876001 22.184401 33.782001
v 22.990770 22.356552 33.867702
v 10.743694 30.407860 34.074604
v 10.791233 30.336552 34.281502
v -1.226306 22.427860 34.074604
v 10.791233 30.336552 33.867702
v 10.906000 30.164402 33.782001
v -1.178768 22.356552 33.867702
v -1.064000 22.184401 33.782001
v 10.906000 30.164402 34.367203
v 11.020767 29.992250 34.281502
v -0.949233 22.012251 34.281502
v 11.068305 29.920942 34.074604
v 11.020767 29.992250 33.867702
v -0.949233 22.012251 33.867702
v -0.901695 21.940943 34.074604
v -1.064000 22.184401 34.367203
v -1.178768 22.356552 34.281502
v 10.952109 30.189732 -1.968400
v 10.952109 30.189732 -1.935150
v 13.379309 28.571600 -1.968400
v 10.826693 30.001604 -1.968400
v 13.379309 28.571600 -1.935150
v 13.397753 28.599266 -1.935150
v 13.379309 28.571600 6.922650
v 13.406975 28.553154 -1.935150
v 13.253892 28.383472 -1.935150
v 10.970554 30.217398 -1.935150
v 13.397753 28.599266 6.922650
v 10.970554 30.217398 6.922650
v 10.952109 30.189732 6.922650
v 10.924445 30.208176 6.922650
v 10.952109 30.189732 6.955900
v 10.826693 30.001604 6.922650
v 13.379309 28.571600 6.955900
v 10.799026 30.020048 6.922650
v 10.799026 30.020048 -1.935150
v 10.924445 30.208176 -1.935150
v 10.826693 30.001604 -1.935150
v 10.808249 29.973938 -1.935150
v 10.808249 29.973938 6.922650
v 13.253892 28.383472 -1.968400
v 13.235447 28.355806 -1.935150
v 13.235447 28.355806 6.922650
v 13.253892 28.383472 6.922650
v 13.281557 28.365026 6.922650
v 13.253892 28.383472 6.955900
v 10.826693 30.001604 6.955900
v 13.406975 28.553154 6.922650
v 13.281557 28.365026 -1.935150
v 10.952109 30.189732 7.009100
v 10.952109 30.189732 7.042350
v 13.379309 28.571600 7.009100
v 10.826693 30.001604 7.009100
v 13.379309 28.571600 7.042350
v 13.397753 28.599266 7.042350
v 13.379309 28.571600 15.900150
v 13.406975 28.553154 7.042350
v 13.253892 28.383472 7.042350
v 10.970554 30.217398 7.042350
v 13.397753 28.599266 15.900150
v 10.970554 30.217398 15.900150
v 10.952109 30.189732 15.900150
v 10.924445 30.208176 15.900150
v 10.952109 30.189732 15.933400
v 10.826693 30.001604 15.900150
v 13.379309 28.571600 15.933400
v 10.799026 30.020048 15.900150
v 10.799026 30.020048 7.042350
v 10.924445 30.208176 7.042350
v 10.826693 30.001604 7.042350
v 10.808249 29.973938 7.042350
v 10.808249 29.973938 15.900150
v 13.253892 28.383472 7.009100
v 13.235447 28.355806 7.042350
v 13.235447 28.355806 15.900150
v 13.253892 28.383472 15.900150
v 13.281557 28.365026 15.900150
v 13.253892 28.383472 15.933400
v 10.826693 30.001604 15.933400
v 13.406975 28.553154 15.900150
v 13.281557 28.365026 7.042350
v 10.952109 30.189732 15.986601
v 10.952109 30.189732 16.019850
v 13.379309 28.571600 15.986601
v 10.826693 30.001604 15.986601
v 13.379309 28.571600 16.019850
v 13.397753 28.599266 16.019850
v 13.379309 28.571600 24.877651
v 13.406975 28.553154 16.019850
v 13.253892 28.383472 16.019850
v 10.970554 30.217398 16.019850
v 13.397753 28.599266 24.877651
v 10.970554 30.217398 24.877651
v 10.952109 30.189732 24.877651
v 10.924445 30.208176 24.877651
v 10.952109 30.189732 24.910900
v 10.826693 30.001604 24.877651
v 13.379309 28.571600 24.910900
v 10.799026 30.020048 24.877651
v 10.799026 30.020048 16.019850
v 10.924445 30.208176 16.019850
v 10.826693 30.001604 16.019850
v 10.808249 29.973938 16.019850
v 10.808249 29.973938 24.877651
v 13.253892 28.383472 15.986601
v 13.235447 28.355806 16.019850
v 13.235447 28.355806 24.877651
v 13.253892 28.383472 24.877651
v 13.281557 28.365026 24.877651
v 13.253892 28.383472 24.910900
v 10.826693 30.001604 24.910900
v 13.406975 28.553154 24.877651
v 13.281557 28.365026 16.019850
v 10.952109 30.189732 24.964102
v 10.952109 30.189732 24.997351
v 13.379309 28.571600 24.964102
v 10.826693 30.001604 24.964102
v 13.379309 28.571600 24.997351
v 13.397753 28.599266 24.997351
v 13.379309 28.571600 33.855152
v 13.406975 28.553154 24.997351
v 13.253892 28.383472 24.997351
v 10.970554 30.217398 24.997351
v 13.397753 28.599266 33.855152
v 10.970554 30.217398 33.855152
v 10.952109 30.189732 33.855152
v 10.924445 30.208176 33.855152
v 10.952109 30.189732 33.888401
v 10.826693 30.001604 33.855152
v 13.379309 28.571600 33.888401
v 10.799026 30.020048 33.855152
v 10.799026 30.020048 24.997351
v 10.924445 30.208176 24.997351
v 10.826693 30.001604 24.997351
v 10.808249 29.973938 24.997351
v 10.808249 29.973938 33.855152
v 13.253892 28.383472 24.964102
v 13.235447 28.355806 24.997351
v 13.235447 28.355806 33.855152
v 13.253892 28.383472 33.855152
v 13.281557 28.365026 33.855152
v 13.253892 28.383472 33.888401
v 10.826693 30.001604 33.888401
v 13.406975 28.553154 33.855152
v 13.281557 28.365026 24.997351
v 13.346108 28.593731 -1.968400
v 13.346108 28.593731 -1.935150
v 15.773308 26.975597 -1.968400
v 13.220692 28.405603 -1.968400
v 15.773308 26.975597 -1.935150
v 15.791752 27.003263 -1.935150
v 15.773308 26.975597 6.922650
v 15.800974 26.957153 -1.935150
v 15.647891 26.787472 -1.935150
v 13.364553 28.621395 -1.935150
v 15.791752 27.003263 6.922650
v 13.364553 28.621395 6.922650
v 13.346108 28.593731 6.922650
v 13.318444 28.612175 6.922650
v 13.346108 28.593731 6.955900
v 13.220692 28.405603 6.922650
v 15.773308 26.975597 6.955900
v 13.193026 28.424047 6.922650
v 13.193026 28.424047 -1.935150
v 13.318444 28.612175 -1.935150
v 13.220692 28.405603 -1.935150
v 13.202249 28.377937 -1.935150
v 13.202249 28.377937 6.922650
v 15.647891 26.787472 -1.968400
v 15.629446 26.759806 -1.935150
v 15.629446 26.759806 6.922650
v 15.647891 26.787472 6.922650
v 15.675556 26.769026 6.922650
v 15.647891 26.787472 6.955900
v 13.220692 28.405603 6.955900
v 15.800974 26.957153 6.922650
v 15.675556 26.769026 -1.935150
v 13.346108 28.593731 7.009100
v 13.346108 28.593731 7.042350
v 15.773308 26.975597 7.009100
v 13.220692 28.405603 7.009100
v 15.773308 26.975597 7.042350
v 15.791752 27.003263 7.042350
v 15.773308 26.975597 15.900150
v 15.800974 26.957153 7.042350
v 15.647891 26.787472 7.042350
v 13.364553 28.621395 7.042350
v 15.791752 27.003263 15.900150
v 13.364553 28.621395 15.900150
v 13.346108 28.593731 15.900150
v 13.318444 28.612175 15.900150
v 13.346108 28.593731 15.933400
v 13.220692 28.405603 15.900150
v 15.773308 26.975597 15.933400
v 13.193026 28.424047 15.900150
v 13.193026 28.424047 7.042350
v 13.318444 28.612175 7.042350
v 13.220692 28.405603 7.042350
v 13.202249 28.377937 7.042350
v 13.202249 28.377937 15.900150
v 15.647891 26.787472 7.009100
v 15.629446 26.759806 7.042350
v 15.629446 26.759806 15.900150
v 15.647891 26.787472 15.900150
v 15.675556 26.769026 15.900150
v 15.647891 26.787472 15.933400
v 13.220692 28.405603 15.933400
v 15.800974 26.957153 15.900150
v 15.675556 26.769026 7.042350
v 13.346108 28.593731 15.986601
v 13.346108 28.593731 16.019850
v 15.773308 26.975597 15.986601
v 13.220692 28.405603 15.986601
v 15.773308 26.975597 16.019850
v 15.791752 27.003263 16.019850
v 15.773308 26.975597 24.877651
v 15.800974 26.957153 16.019850
v 15.647891 26.787472 16.019850
v 13.364553 28.621395 16.019850
v 15.791752 27.003263 24.877651
v 13.364553 28.621395 24.877651
v 13.346108 28.593731 24.877651
v 13.318444 28.612175 24.877651
v 13.346108 28.593731 24.910900
v 13.220692 28.405603 24.877651
v 15.773308 26.975597 24.910900
v 13.193026 28.424047 24.877651
v 13.193026 28.424047 16.019850
v 13.318444 28.612175 16.019850
v 13.220692 28.405603 16.019850
v 13.202249 28.377937 16.019850
v 13.202249 28.377937 24.877651
v 15.647891 26.787472 15.986601
v 15.629446 26.759806 16.019850
v 15.629446 26.759806 24.877651
v 15.647891 26.787472 24.877651
v 15.675556 26.769026 24.877651
v 15.647891 26.787472 24.910900
v 13.220692 28.405603 24.910900
v 15.800974 26.957153 24.877651
v 15.675556 26.769026 16.019850
v 13.346108 28.593731 24.964102
v 13.346108 28.593731 24.997351
v 15.773308 26.975597 24.964102
v 13.220692 28.405603 24.964102
v 15.773308 26.975597 24.997351
v 15.791752 27.003263 24.997351
v 15.773308 26.975597 33.855152
v 15.800974 26.957153 24.997351
v 15.647891 26.787472 24.997351
v 13.364553 28.621395 24.997351
v 15.791752 27.003263 33.855152
v 13.364553 28.621395 33.855152
v 13.346108 28.593731 33.855152
v 13.318444 28.612175 33.855152
v 13.346108 28.593731 33.888401
v 13.220692 28.405603 33.855152
v 15.773308 26.975597 33.888401
v 13.193026 28.424047 33.855152
v 13.193026 28.424047 24.997351
v 13.318444 28.612175 24.997351
v 13.220692 28.405603 24.997351
v 13.202249 28.377937 24.997351
v 13.202249 28.377937 33.855152
v 15.647891 26.787472 24.964102
v 15.629446 26.759806 24.997351
v 15.629446 26.759806 33.855152
v 15.647891 26.787472 33.855152
v 15.675556 26.769026 33.855152
v 15.647891 26.787472 33.888401
v 13.220692 28.405603 33.888401
v 15.800974 26.957153 33.855152
v 15.675556 26.769026 24.997351
v 15.740109 26.997732 -1.968400
v 15.740109 26.997732 -1.935150
v 18.167309 25.379601 -1.968400
v 15.614693 26.809605 -1.968400
v 18.167309 25.379601 -1.935150
v 18.185751 25.407265 -1.935150
v 18.167309 25.379601 6.922650
v 18.194975 25.361155 -1.935150
v 18.041891 25.191473 -1.935150
v 15.758554 27.025398 -1.935150
v 18.185751 25.407265 6.922650
v 15.758554 27.025398 6.922650
v 15.740109 26.997732 6.922650
v 15.712444 27.016176 6.922650
v 15.740109 26.997732 6.955900
v 15.614693 26.809605 6.922650
v 18.167309 25.379601 6.955900
v 15.587027 26.828049 6.922650
v 15.587027 26.828049 -1.935150
v 15.712444 27.016176 -1.935150
v 15.614693 26.809605 -1.935150
v 15.596249 26.781939 -1.935150
v 15.596249 26.781939 6.922650
v 18.041891 25.191473 -1.968400
v 18.023447 25.163807 -1.935150
v 18.023447 25.163807 6.922650
v 18.041891 25.191473 6.922650
v 18.069555 25.173027 6.922650
v 18.041891 25.191473 6.955900
v 15.614693 26.809605 6.955900
v 18.194975 25.361155 6.922650
v 18.069555 25.173027 -1.935150
v 15.740109 26.997732 7.009100
v 15.740109 26.997732 7.042350
v 18.167309 25.379601 7.009100
v 15.614693 26.809605 7.009100
v 18.167309 25.379601 7.042350
v 18.185751 25.407265 7.042350
v 18.167309 25.379601 15.900150
v 18.194975 25.361155 7.042350
v 18.041891 25.191473 7.042350
v 15.758554 27.025398 7.042350
v 18.185751 25.407265 15.900150
v 15.758554 27.025398 15.900150
v 15.740109 26.997732 15.900150
v 15.712444 27.016176 15.900150
v 15.740109 26.997732 15.933400
v 15.614693 26.809605 15.900150
v 18.167309 25.379601 15.933400
v 15.587027 26.828049 15.900150
v 15.587027 26.828049 7.042350
v 15.712444 27.016176 7.042350
v 15.614693 26.809605 7.042350
v 15.596249 26.781939 7.042350
v 15.596249 26.781939 15.900150
v 18.041891 25.191473 7.009100
v 18.023447 25.163807 7.042350
v 18.023447 25.163807 15.900150
v 18.041891 25.191473 15.900150
v 18.069555 25.173027 15.900150
v 18.041891 25.191473 15.933400
v 15.614693 26.809605 15.933400
v 18.194975 25.361155 15.900150
v 18.069555 25.173027 7.042350
v 15.740109 26.997732 15.986601
v 15.740109 26.997732 16.019850
v 18.167309 25.379601 15.986601
v 15.614693 26.809605 15.986601
v 18.167309 25.379601 16.019850
v 18.185751 25.407265 16.019850
v 18.167309 25.379601 24.877651
v 18.194975 25.361155 16.019850
v 18.041891 25.191473 16.019850
v 15.758554 27.025398 16.019850
v 18.185751 25.407265 24.877651
v 15.758554 27.025398 24.877651
v 15.740109 26.997732 24.877651
v 15.712444 27.016176 24.877651
v 15.740109 26.997732 24.910900
v 15.614693 26.809605 24.877651
v 18.167309 25.379601 24.910900
v 15.587027 26.828049 24.877651
v 15.587027 26.828049 16.019850
v 15.712444 27.016176 16.019850
v 15.614693 26.809605 16.019850
v 15.596249 26.781939 16.019850
v 15.596249 26.781939 24.877651
v 18.041891 25.191473 15.986601
v 18.023447 25.163807 16.019850
v 18.023447 25.163807 24.877651
v 18.041891 25.191473 24.877651
v 18.069555 25.173027 24.877651
v 18.041891 25.191473 24.910900
v 15.614693 26.809605 24.910900
v 18.194975 25.361155 24.877651
v 18.069555 25.173027 16.019850
v 15.740109 26.997732 24.964102
v 15.740109 26.997732 24.997351
v 18.167309 25.379601 24.964102
v 15.614693 26.809605 24.964102
v 18.167309 25.379601 24.997351
v 18.185751 25.407265 24.997351
v 18.167309 25.379601 33.855152
v 18.194975 25.361155 24.997351
v 18.041891 25.191473 24.997351
v 15.758554 27.025398 24.997351
v 18.185751 25.407265 33.855152
v 15.758554 27.025398 33.855152
v 15.740109 26.997732 33.855152
v 15.712444 27.016176 33.855152
v 15.740109 26.997732 33.888401
v 15.614693 26.809605 33.855152
v 18.167309 25.379601 33.888401
v 15.587027 26.828049 33.855152
v 15.587027 26.828049 24.997351
v 15.712444 27.016176 24.997351
v 15.614693 26.809605 24.997351
v 15.596249 26.781939 24.997351
v 15.596249 26.781939 33.855152
v 18.041891 25.191473 24.964102
v 18.023447 25.163807 24.997351
v 18.023447 25.163807 33.855152
v 18.041891 25.191473 33.855152
v 18.069555 25.173027 33.855152
v 18.041891 25.191473 33.888401
v 15.614693 26.809605 33.888401
v 18.194975 25.361155 33.855152
v 18.069555 25.173027 24.997351
v 18.134109 25.401730 -1.968400
v 18.134109 25.401730 -1.935150
v 20.561308 23.783598 -1.968400
v 18.008692 25.213604 -1.968400
v 20.561308 23.783598 -1.935150
v 20.579752 23.811264 -1.935150
v 20.561308 23.783598 6.922650
v 20.588974 23.765154 -1.935150
v 20.435892 23.595470 -1.935150
v 18.152554 25.429396 -1.935150
v 20.579752 23.811264 6.922650
v 18.152554 25.429396 6.922650
v 18.134109 25.401730 6.922650
v 18.106445 25.420176 6.922650
v 18.134109 25.401730 6.955900
v 18.008692 25.213604 6.922650
v 20.561308 23.783598 6.955900
v 17.981026 25.232048 6.922650
v 17.981026 25.232048 -1.935150
v 18.106445 25.420176 -1.935150
v 18.008692 25.213604 -1.935150
v 17.990250 25.185938 -1.935150
v 17.990250 25.185938 6.922650
v 20.435892 23.595470 -1.968400
v 20.417446 23.567806 -1.935150
v 20.417446 23.567806 6.922650
v 20.435892 23.595470 6.922650
v 20.463556 23.577026 6.922650
v 20.435892 23.595470 6.955900
v 18.008692 25.213604 6.955900
v 20.588974 23.765154 6.922650
v 20.463556 23.577026 -1.935150
v 18.134109 25.401730 7.009100
v 18.134109 25.401730 7.042350
v 20.561308 23.783598 7.009100
v 18.008692 25.213604 7.009100
v 20.561308 23.783598 7.042350
v 20.579752 23.811264 7.042350
v 20.561308 23.783598 15.900150
v 20.588974 23.765154 7.042350
v 20.435892 23.595470 7.042350
v 18.152554 25.429396 7.042350
v 20.579752 23.811264 15.900150
v 18.152554 25.429396 15.900150
v 18.134109 25.401730 15.900150
v 18.106445 25.420176 15.900150
v 18.134109 25.401730 15.933400
v 18.008692 25.213604 15.900150
v 20.561308 23.783598 15.933400
v 17.981026 25.232048 15.900150
v 17.981026 25.232048 7.042350
v 18.106445 25.420176 7.042350
v 18.008692 25.213604 7.042350
v 17.990250 25.185938 7.042350
v 17.990250 25.185938 15.900150
v 20.435892 23.595470 7.009100
v 20.417446 23.567806 7.042350
v 20.417446 23.567806 15.900150
v 20.435892 23.595470 15.900150
v 20.463556 23.577026 15.900150
v 20.435892 23.595470 15.933400
v 18.008692 25.213604 15.933400
v 20.588974 23.765154 15.900150
v 20.463556 23.577026 7.042350
v 18.134109 25.401730 15.986601
v 18.134109 25.401730 16.019850
v 20.561308 23.783598 15.986601
v 18.008692 25.213604 15.986601
v 20.561308 23.783598 16.019850
v 20.579752 23.811264 16.019850
v 20.561308 23.783598 24.877651
v 20.588974 23.765154 16.019850
v 20.435892 23.595470 16.019850
v 18.152554 25.429396 16.019850
v 20.579752 23.811264 24.877651
v 18.152554 25.429396 24.877651
v 18.134109 25.401730 24.877651
v 18.106445 25.420176 24.877651
v 18.134109 25.401730 24.910900
v 18.008692 25.213604 24.877651
v 20.561308 23.783598 24.910900
v 17.981026 25.232048 24.877651
v 17.981026 25.232048 16.019850
v 18.106445 25.420176 16.019850
v 18.008692 25.213604 16.019850
v 17.990250 25.185938 16.019850
v 17.990250 25.185938 24.877651
v 20.435892 23.595470 15.986601
v 20.417446 23.567806 16.019850
v 20.417446 23.567806 24.877651
v 20.435892 23.595470 24.877651
v 20.463556 23.577026 24.877651
v 20.435892 23.595470 24.910900
v 18.008692 25.213604 24.910900
v 20.588974 23.765154 24.877651
v 20.463556 23.577026 16.019850
v 18.134109 25.401730 24.964102
v 18.134109 25.401730 24.997351
v 20.561308 23.783598 24.964102
v 18.008692 25.213604 24.964102
v 20.561308 23.783598 24.997351
v 20.579752 23.811264 24.997351
v 20.561308 23.783598 33.855152
v 20.588974 23.765154 24.997351
v 20.435892 23.595470 24.997351
v 18.152554 25.429396 24.997351
v 20.579752 23.811264 33.855152
v 18.152554 25.429396 33.855152
v 18.134109 25.401730 33.855152
v 18.106445 25.420176 33.855152
v 18.134109 25.401730 33.888401
v 18.008692 25.213604 33.855152
v 20.561308 23.783598 33.888401
v 17.981026 25.232048 33.855152
v 17.981026 25.232048 24.997351
v 18.106445 25.420176 24.997351
v 18.008692 25.213604 24.997351
v 17.990250 25.185938 24.997351
v 17.990250 25.185938 33.855152
v 20.435892 23.595470 24.964102
v 20.417446 23.567806 24.997351
v 20.417446 23.567806 33.855152
v 20.435892 23.595470 33.855152
v 20.463556 23.577026 33.855152
v 20.435892 23.595470 33.888401
v 18.008692 25.213604 33.888401
v 20.588974 23.765154 33.855152
v 20.463556 23.577026 24.997351
v 20.528109 23.805729 -1.968400
v 20.528109 23.805729 -1.935150
v 22.955309 22.187597 -1.968400
v 20.402691 23.617601 -1.968400
v 22.955309 22.187597 -1.935150
v 22.973751 22.215263 -1.935150
v 22.955309 22.187597 6.922650
v 22.982973 22.169153 -1.935150
v 22.829891 21.999470 -1.935150
v 22.973751 22.215263 6.922650
v 20.546553 23.833395 6.922650
v 20.528109 23.805729 6.922650
v 20.500444 23.824175 6.922650
v 20.528109 23.805729 6.955900
v 20.402691 23.617601 6.922650
v 20.546553 23.833395 -1.935150
v 22.955309 22.187597 6.955900
v 20.375025 23.636047 6.922650
v 20.375025 23.636047 -1.935150
v 20.500444 23.824175 -1.935150
v 20.402691 23.617601 -1.935150
v 20.384249 23.589935 -1.935150
v 20.384249 23.589935 6.922650
v 22.829891 21.999470 -1.968400
v 22.811445 21.971804 -1.935150
v 22.811445 21.971804 6.922650
v 22.829891 21.999470 6.922650
v 22.857557 21.981026 6.922650
v 22.829891 21.999470 6.955900
v 20.402691 23.617601 6.955900
v 22.982973 22.169153 6.922650
v 22.857557 21.981026 -1.935150
v 20.528109 23.805729 7.009100
v 20.528109 23.805729 7.042350
v 22.955309 22.187597 7.009100
v 20.402691 23.617601 7.009100
v 22.955309 22.187597 7.042350
v 22.973751 22.215263 7.042350
v 22.955309 22.187597 15.900150
v 22.982973 22.169153 7.042350
v 22.829891 21.999470 7.042350
v 22.973751 22.215263 15.900150
v 20.546553 23.833395 15.900150
v 20.528109 23.805729 15.900150
v 20.500444 23.824175 15.900150
v 20.528109 23.805729 15.933400
v 20.402691 23.617601 15.900150
v 20.546553 23.833395 7.042350
v 22.955309 22.187597 15.933400
v 20.375025 23.636047 15.900150
v 20.375025 23.636047 7.042350
v 20.500444 23.824175 7.042350
v 20.402691 23.617601 7.042350
v 20.384249 23.589935 7.042350
v 20.384249 23.589935 15.900150
v 22.829891 21.999470 7.009100
v 22.811445 21.971804 7.042350
v 22.811445 21.971804 15.900150
v 22.829891 21.999470 15.900150
v 22.857557 21.981026 15.900150
v 22.829891 21.999470 15.933400
v 20.402691 23.617601 15.933400
v 22.982973 22.169153 15.900150
v 22.857557 21.981026 7.042350
v 20.528109 23.805729 15.986601
v 20.528109 23.805729 16.019850
v 22.955309 22.187597 15.986601
v 20.402691 23.617601 15.986601
v 22.955309 22.187597 16.019850
v 22.973751 22.215263 16.019850
v 22.955309 22.187597 24.877651
v 22.982973 22.169153 16.019850
v 22.829891 21.999470 16.019850
v 22.973751 22.215263 24.877651
v 20.546553 23.833395 24.877651
v 20.528109 23.805729 24.877651
v 20.500444 23.824175 24.877651
v 20.528109 23.805729 24.910900
v 20.402691 23.617601 24.877651
v 20.546553 23.833395 16.019850
v 22.955309 22.187597 24.910900
v 20.375025 23.636047 24.877651
v 20.375025 23.636047 16.019850
v 20.500444 23.824175 16.019850
v 20.402691 23.617601 16.019850
v 20.384249 23.589935 16.019850
v 20.384249 23.589935 24.877651
v 22.829891 21.999470 15.986601
v 22.811445 21.971804 16.019850
v 22.811445 21.971804 24.877651
v 22.829891 21.999470 24.877651
v 22.857557 21.981026 24.877651
v 22.829891 21.999470 24.910900
v 20.402691 23.617601 24.910900
v 22.982973 22.169153 24.877651
v 22.857557 21.981026 16.019850
v 20.528109 23.805729 24.964102
v 20.528109 23.805729 24.997351
v 22.955309 22.187597 24.964102
v 20.402691 23.617601 24.964102
v 22.955309 22.187597 24.997351
v 22.973751 22.215263 24.997351
v 22.955309 22.187597 33.855152
v 22.982973 22.169153 24.997351
v 22.829891 21.999470 24.997351
v 22.973751 22.215263 33.855152
v 20.546553 23.833395 33.855152
v 20.528109 23.805729 33.855152
v 20.500444 23.824175 33.855152
v 20.528109 23.805729 33.888401
v 20.402691 23.617601 33.855152
v 20.546553 23.833395 24.997351
v 22.955309 22.187597 33.888401
v 20.375025 23.636047 33.855152
v 20.375025 23.636047 24.997351
v 20.500444 23.824175 24.997351
v 20.402691 23.617601 24.997351
v 20.384249 23.589935 24.997351
v 20.384249 23.589935 33.855152
v 22.829891 21.999470 24.964102
v 22.811445 21.971804 24.997351
v 22.811445 21.971804 33.855152
v 22.829891 21.999470 33.855152
v 22.857557 21.981026 33.855152
v 22.829891 21.999470 33.888401
v 20.402691 23.617601 33.888401
v 22.982973 22.169153 33.855152
v 22.857557 21.981026 24.997351
v 10.985309 30.001604 -1.968400
v 10.985309 30.001604 -1.935150
v 8.558110 28.383472 -1.968400
v 10.859890 30.189732 -1.968400
v 8.558110 28.383472 -1.935150
v 8.432693 28.571600 -1.968400
v 8.432693 28.571600 -1.935150
v 10.859890 30.189732 -1.935150
v 10.841447 30.217398 -1.935150
v 10.859890 30.189732 6.922650
v 10.887556 30.208176 -1.935150
v 10.841447 30.217398 6.922650
v 8.414248 28.599266 -1.935150
v 11.012975 30.020048 -1.935150
v 11.012975 30.020048 6.922650
v 10.887556 30.208176 6.922650
v 10.985309 30.001604 6.922650
v 11.003752 29.973938 6.922650
v 8.558110 28.383472 6.922650
v 10.985309 30.001604 6.955900
v 11.003752 29.973938 -1.935150
v 8.558110 28.383472 6.955900
v 8.432693 28.571600 6.955900
v 8.432693 28.571600 6.922650
v 10.859890 30.189732 6.955900
v 8.405026 28.553154 6.922650
v 8.414248 28.599266 6.922650
v 8.405026 28.553154 -1.935150
v 8.530445 28.365026 6.922650
v 8.530445 28.365026 -1.935150
v 8.576553 28.355806 -1.935150
v 8.576553 28.355806 6.922650
v 10.985309 30.001604 7.009100
v 10.985309 30.001604 7.042350
v 8.558110 28.383472 7.009100
v 10.859890 30.189732 7.009100
v 8.558110 28.383472 7.042350
v 8.432693 28.571600 7.009100
v 8.432693 28.571600 7.042350
v 10.859890 30.189732 7.042350
v 10.841447 30.217398 7.042350
v 10.859890 30.189732 15.900150
v 10.887556 30.208176 7.042350
v 10.841447 30.217398 15.900150
v 8.414248 28.599266 7.042350
v 11.012975 30.020048 7.042350
v 11.012975 30.020048 15.900150
v 10.887556 30.208176 15.900150
v 10.985309 30.001604 15.900150
v 11.003752 29.973938 15.900150
v 8.558110 28.383472 15.900150
v 10.985309 30.001604 15.933400
v 11.003752 29.973938 7.042350
v 8.558110 28.383472 15.933400
v 8.432693 28.571600 15.933400
v 8.432693 28.571600 15.900150
v 10.859890 30.189732 15.933400
v 8.405026 28.553154 15.900150
v 8.414248 28.599266 15.900150
v 8.405026 28.553154 7.042350
v 8.530445 28.365026 15.900150
v 8.530445 28.365026 7.042350
v 8.576553 28.355806 7.042350
v 8.576553 28.355806 15.900150
v 10.985309 30.001604 15.986601
v 10.985309 30.001604 16.019850
v 8.558110 28.383472 15.986601
v 10.859890 30.189732 15.986601
v 8.558110 28.383472 16.019850
v 8.432693 28.571600 15.986601
v 8.432693 28.571600 16.019850
v 10.859890 30.189732 16.019850
v 10.841447 30.217398 16.019850
v 10.859890 30.189732 24.877651
v 10.887556 30.208176 16.019850
v 10.841447 30.217398 24.877651
v 8.414248 28.599266 16.019850
v 11.012975 30.020048 16.019850
v 11.012975 30.020048 24.877651
v 10.887556 30.208176 24.877651
v 10.985309 30.001604 24.877651
v 11.003752 29.973938 24.877651
v 8.558110 28.383472 24.877651
v 10.985309 30.001604 24.910900
v 11.003752 29.973938 16.019850
v 8.558110 28.383472 24.910900
v 8.432693 28.571600 24.910900
v 8.432693 28.571600 24.877651
v 10.859890 30.189732 24.910900
v 8.405026 28.553154 24.877651
v 8.414248 28.599266 24.877651
v 8.405026 28.553154 16.019850
v 8.530445 28.365026 24.877651
v 8.530445 28.365026 16.019850
v 8.576553 28.355806 16.019850
v 8.576553 28.355806 24.877651
v 10.985309 30.001604 24.964102
v 10.985309 30.001604 24.997351
v 8.558110 28.383472 24.964102
v 10.859890 30.189732 24.964102
v 8.558110 28.383472 24.997351
v 8.432693 28.571600 24.964102
v 8.432693 28.571600 24.997351
v 10.859890 30.189732 24.997351
v 10.841447 30.217398 24.997351
v 10.859890 30.189732 33.855152
v 10.887556 30.208176 24.997351
v 10.841447 30.217398 33.855152
v 8.414248 28.599266 24.997351
v 11.012975 30.020048 24.997351
v 11.012975 30.020048 33.855152
v 10.887556 30.208176 33.855152
v 10.985309 30.001604 33.855152
v 11.003752 29.973938 33.855152
v 8.558110 28.383472 33.855152
v 10.985309 30.001604 33.888401
v 11.003752 29.973938 24.997351
v 8.558110 28.383472 33.888401
v 8.432693 28.571600 33.888401
v 8.432693 28.571600 33.855152
v 10.859890 30.189732 33.888401
v 8.405026 28.553154 33.855152
v 8.414248 28.599266 33.855152
v 8.405026 28.553154 24.997351
v 8.530445 28.365026 33.855152
v 8.530445 28.365026 24.997351
v 8.576553 28.355806 24.997351
v 8.576553 28.355806 33.855152
v 8.591309 28.405603 -1.968400
v 8.591309 28.405603 -1.935150
v 6.164110 26.787472 -1.968400
v 8.465891 28.593731 -1.968400
v 6.164110 26.787472 -1.935150
v 6.038692 26.975597 -1.968400
v 6.038692 26.975597 -1.935150
v 8.465891 28.593731 -1.935150
v 8.447447 28.621395 -1.935150
v 8.465891 28.593731 6.922650
v 8.493556 28.612175 -1.935150
v 8.447447 28.621395 6.922650
v 6.020248 27.003263 -1.935150
v 8.618975 28.424047 -1.935150
v 8.618975 28.424047 6.922650
v 8.493556 28.612175 6.922650
v 8.591309 28.405603 6.922650
v 8.609753 28.377937 6.922650
v 6.164110 26.787472 6.922650
v 8.591309 28.405603 6.955900
v 8.609753 28.377937 -1.935150
v 6.164110 26.787472 6.955900
v 6.038692 26.975597 6.955900
v 6.038692 26.975597 6.922650
v 8.465891 28.593731 6.955900
v 6.011026 26.957153 6.922650
v 6.020248 27.003263 6.922650
v 6.011026 26.957153 -1.935150
v 6.136444 26.769026 6.922650
v 6.136444 26.769026 -1.935150
v 6.182553 26.759806 -1.935150
v 6.182553 26.759806 6.922650
v 8.591309 28.405603 7.009100
v 8.591309 28.405603 7.042350
v 6.164110 26.787472 7.009100
v 8.465891 28.593731 7.009100
v 6.164110 26.787472 7.042350
v 6.038692 26.975597 7.009100
v 6.038692 26.975597 7.042350
v 8.465891 28.593731 7.042350
v 8.447447 28.621395 7.042350
v 8.465891 28.593731 15.900150
v 8.493556 28.612175 7.042350
v 8.447447 28.621395 15.900150
v 6.020248 27.003263 7.042350
v 8.618975 28.424047 7.042350
v 8.618975 28.424047 15.900150
v 8.493556 28.612175 15.900150
v 8.591309 28.405603 15.900150
v 8.609753 28.377937 15.900150
v 6.164110 26.787472 15.900150
v 8.591309 28.405603 15.933400
v 8.609753 28.377937 7.042350
v 6.164110 26.787472 15.933400
v 6.038692 26.975597 15.933400
v 6.038692 26.975597 15.900150
v 8.465891 28.593731 15.933400
v 6.011026 26.957153 15.900150
v 6.020248 27.003263 15.900150
v 6.011026 26.957153 7.042350
v 6.136444 26.769026 15.900150
v 6.136444 26.769026 7.042350
v 6.182553 26.759806 7.042350
v 6.182553 26.759806 15.900150
v 8.591309 28.405603 15.986601
v 8.591309 28.405603 16.019850
v 6.164110 26.787472 15.986601
v 8.465891 28.593731 15.986601
v 6.164110 26.787472 16.019850
v 6.038692 26.975597 15.986601
v 6.038692 26.975597 16.019850
v 8.465891 28.593731 16.019850
v 8.447447 28.621395 16.019850
v 8.465891 28.593731 24.877651
v 8.493556 28.612175 16.019850
v 8.447447 28.621395 24.877651
v 6.020248 27.003263 16.019850
v 8.618975 28.424047 16.019850
v 8.618975 28.424047 24.877651
v 8.493556 28.612175 24.877651
v 8.591309 28.405603 24.877651
v 8.609753 28.377937 24.877651
v 6.164110 26.787472 24.877651
v 8.591309 28.405603 24.910900
v 8.609753 28.377937 16.019850
v 6.164110 26.787472 24.910900
v 6.038692 26.975597 24.910900
v 6.038692 26.975597 24.877651
v 8.465891 28.593731 24.910900
v 6.011026 26.957153 24.877651
v 6.020248 27.003263 24.877651
v 6.011026 26.957153 16.019850
v 6.136444 26.769026 24.877651
v 6.136444 26.769026 16.019850
v 6.182553 26.759806 16.019850
v 6.182553 26.759806 24.877651
v 8.591309 28.405603 24.964102
v 8.591309 28.405603 24.997351
v 6.164110 26.787472 24.964102
v 8.465891 28.593731 24.964102
v 6.164110 26.787472 24.997351
v 6.038692 26.975597 24.964102
v 6.038692 26.975597 24.997351
v 8.465891 28.593731 24.997351
v 8.447447 28.621395 24.997351
v 8.465891 28.593731 33.855152
v 8.493556 28.612175 24.997351
v 8.447447 28.621395 33.855152
v 6.020248 27.003263 24.997351
v 8.618975 28.424047 24.997351
v 8.618975 28.424047 33.855152
v 8.493556 28.612175 33.855152
v 8.591309 28.405603 33.855152
v 8.609753 28.377937 33.855152
v 6.164110 26.787472 33.855152
v 8.591309 28.405603 33.888401
v 8.609753 28.377937 24.997351
v 6.164110 26.787472 33.888401
v 6.038692 26.975597 33.888401
v 6.038692 26.975597 33.855152
v 8.465891 28.593731 33.888401
v 6.011026 26.957153 33.855152
v 6.020248 27.003263 33.855152
v 6.011026 26.957153 24.997351
v 6.136444 26.769026 33.855152
v 6.136444 26.769026 24.997351
v 6.182553 26.759806 24.997351
v 6.182553 26.759806 33.855152
v 6.197309 26.809605 -1.968400
v 6.197309 26.809605 -1.935150
v 3.770110 25.191473 -1.968400
v 6.071891 26.997732 -1.968400
v 3.770110 25.191473 -1.935150
v 3.644692 25.379601 -1.968400
v 3.644692 25.379601 -1.935150
v 6.071891 26.997732 -1.935150
v 6.053447 27.025398 -1.935150
v 6.071891 26.997732 6.922650
v 6.099556 27.016176 -1.935150
v 6.053447 27.025398 6.922650
v 3.626248 25.407265 -1.935150
v 6.224974 26.828049 -1.935150
v 6.224974 26.828049 6.922650
v 6.099556 27.016176 6.922650
v 6.197309 26.809605 6.922650
v 6.215752 26.781939 6.922650
v 3.770110 25.191473 6.922650
v 6.197309 26.809605 6.955900
v 6.215752 26.781939 -1.935150
v 3.770110 25.191473 6.955900
v 3.644692 25.379601 6.955900
v 3.644692 25.379601 6.922650
v 6.071891 26.997732 6.955900
v 3.617026 25.361155 6.922650
v 3.626248 25.407265 6.922650
v 3.617026 25.361155 -1.935150
v 3.742444 25.173027 6.922650
v 3.742444 25.173027 -1.935150
v 3.788554 25.163807 -1.935150
v 3.788554 25.163807 6.922650
v 6.197309 26.809605 7.009100
v 6.197309 26.809605 7.042350
v 3.770110 25.191473 7.009100
v 6.071891 26.997732 7.009100
v 3.770110 25.191473 7.042350
v 3.644692 25.379601 7.009100
v 3.644692 25.379601 7.042350
v 6.071891 26.997732 7.042350
v 6.053447 27.025398 7.042350
v 6.071891 26.997732 15.900150
v 6.099556 27.016176 7.042350
v 6.053447 27.025398 15.900150
v 3.626248 25.407265 7.042350
v 6.224974 26.828049 7.042350
v 6.224974 26.828049 15.900150
v 6.099556 27.016176 15.900150
v 6.197309 26.809605 15.900150
v 6.215752 26.781939 15.900150
v 3.770110 25.191473 15.900150
v 6.197309 26.809605 15.933400
v 6.215752 26.781939 7.042350
v 3.770110 25.191473 15.933400
v 3.644692 25.379601 15.933400
v 3.644692 25.379601 15.900150
v 6.071891 26.997732 15.933400
v 3.617026 25.361155 15.900150
v 3.626248 25.407265 15.900150
v 3.617026 25.361155 7.042350
v 3.742444 25.173027 15.900150
v 3.742444 25.173027 7.042350
v 3.788554 25.163807 7.042350
v 3.788554 25.163807 15.900150
v 6.197309 26.809605 15.986601
v 6.197309 26.809605 16.019850
v 3.770110 25.191473 15.986601
v 6.071891 26.997732 15.986601
v 3.770110 25.191473 16.019850
v 3.644692 25.379601 15.986601
v 3.644692 25.379601 16.019850
v 6.071891 26.997732 16.019850
v 6.053447 27.025398 16.019850
v 6.071891 26.997732 24.877651
v 6.099556 27.016176 16.019850
v 6.053447 27.025398 24.877651
v 3.626248 25.407265 16.019850
v 6.224974 26.828049 16.019850
v 6.224974 26.828049 24.877651
v 6.099556 27.016176 24.877651
v 6.197309 26.809605 24.877651
v 6.215752 26.781939 24.877651
v 3.770110 25.191473 24.877651
v 6.197309 26.809605 24.910900
v 6.215752 26.781939 16.019850
v 3.770110 25.191473 24.910900
v 3.644692 25.379601 24.910900
v 3.644692 25.379601 24.877651
v 6.071891 26.997732 24.910900
v 3.617026 25.361155 24.877651
v 3.626248 25.407265 24.877651
v 3.617026 25.361155 16.019850
v 3.742444 25.173027 24.877651
v 3.742444 25.173027 16.019850
v 3.788554 25.163807 16.019850
v 3.788554 25.163807 24.877651
v 6.197309 26.809605 24.964102
v 6.197309 26.809605 24.997351
v 3.770110 25.191473 24.964102
v 6.071891 26.997732 24.964102
v 3.770110 25.191473 24.997351
v 3.644692 25.379601 24.964102
v 3.644692 25.379601 24.997351
v 6.071891 26.997732 24.997351
v 6.053447 27.025398 24.997351
v 6.071891 26.997732 33.855152
v 6.099556 27.016176 24.997351
v 6.053447 27.025398 33.855152
v 3.626248 25.407265 24.997351
v 6.224974 26.828049 24.997351
v 6.224974 26.828049 33.855152
v 6.099556 27.016176 33.855152
v 6.197309 26.809605 33.855152
v 6.215752 26.781939 33.855152
v 3.770110 25.191473 33.855152
v 6.197309 26.809605 33.888401
v 6.215752 26.781939 24.997351
v 3.770110 25.191473 33.888401
v 3.644692 25.379601 33.888401
v 3.644692 25.379601 33.855152
v 6.071891 26.997732 33.888401
v 3.617026 25.361155 33.855152
v 3.626248 25.407265 33.855152
v 3.617026 25.361155 24.997351
v 3.742444 25.173027 33.855152
v 3.742444 25.173027 24.997351
v 3.788554 25.163807 24.997351
v 3.788554 25.163807 33.855152
v 3.803308 25.213604 -1.968400
v 3.803308 25.213604 -1.935150
v 1.376110 23.595470 -1.968400
v 3.677891 25.401730 -1.968400
v 1.376110 23.595470 -1.935150
v 1.250692 23.783598 -1.968400
v 1.250692 23.783598 -1.935150
v 3.677891 25.401730 -1.935150
v 3.659447 25.429396 -1.935150
v 3.677891 25.401730 6.922650
v 3.705556 25.420176 -1.935150
v 3.659447 25.429396 6.922650
v 1.232248 23.811264 -1.935150
v 3.830974 25.232048 -1.935150
v 3.830974 25.232048 6.922650
v 3.705556 25.420176 6.922650
v 3.803308 25.213604 6.922650
v 3.821752 25.185938 6.922650
v 1.376110 23.595470 6.922650
v 3.803308 25.213604 6.955900
v 3.821752 25.185938 -1.935150
v 1.376110 23.595470 6.955900
v 1.250692 23.783598 6.955900
v 1.250692 23.783598 6.922650
v 3.677891 25.401730 6.955900
v 1.223026 23.765154 6.922650
v 1.232248 23.811264 6.922650
v 1.223026 23.765154 -1.935150
v 1.348444 23.577026 6.922650
v 1.348444 23.577026 -1.935150
v 1.394553 23.567806 -1.935150
v 1.394553 23.567806 6.922650
v 3.803308 25.213604 7.009100
v 3.803308 25.213604 7.042350
v 1.376110 23.595470 7.009100
v 3.677891 25.401730 7.009100
v 1.376110 23.595470 7.042350
v 1.250692 23.783598 7.009100
v 1.250692 23.783598 7.042350
v 3.677891 25.401730 7.042350
v 3.659447 25.429396 7.042350
v 3.677891 25.401730 15.900150
v 3.705556 25.420176 7.042350
v 3.659447 25.429396 15.900150
v 1.232248 23.811264 7.042350
v 3.830974 25.232048 7.042350
v 3.830974 25.232048 15.900150
v 3.705556 25.420176 15.900150
v 3.803308 25.213604 15.900150
v 3.821752 25.185938 15.900150
v 1.376110 23.595470 15.900150
v 3.803308 25.213604 15.933400
v 3.821752 25.185938 7.042350
v 1.376110 23.595470 15.933400
v 1.250692 23.783598 15.933400
v 1.250692 23.783598 15.900150
v 3.677891 25.401730 15.933400
v 1.223026 23.765154 15.900150
v 1.232248 23.811264 15.900150
v 1.223026 23.765154 7.042350
v 1.348444 23.577026 15.900150
v 1.348444 23.577026 7.042350
v 1.394553 23.567806 7.042350
v 1.394553 23.567806 15.900150
v 3.803308 25.213604 15.986601
v 3.803308 25.213604 16.019850
v 1.376110 23.595470 15.986601
v 3.677891 25.401730 15.986601
v 1.376110 23.595470 16.019850
v 1.250692 23.783598 15.986601
v 1.250692 23.783598 16.019850
v 3.677891 25.401730 16.019850
v 3.659447 25.429396 16.019850
v 3.677891 25.401730 24.877651
v 3.705556 25.420176 16.019850
v 3.659447 25.429396 24.877651
v 1.232248 23.811264 16.019850
v 3.830974 25.232048 16.019850
v 3.830974 25.232048 24.877651
v 3.705556 25.420176 24.877651
v 3.803308 25.213604 24.877651
v 3.821752 25.185938 24.877651
v 1.376110 23.595470 24.877651
v 3.803308 25.213604 24.910900
v 3.821752 25.185938 16.019850
v 1.376110 23.595470 24.910900
v 1.250692 23.783598 24.910900
v 1.250692 23.783598 24.877651
v 3.677891 25.401730 24.910900
v 1.223026 23.765154 24.877651
v 1.232248 23.811264 24.877651
v 1.223026 23.765154 16.019850
v 1.348444 23.577026 24.877651
v 1.348444 23.577026 16.019850
v 1.394553 23.567806 16.019850
v 1.394553 23.567806 24.877651
v 3.803308 25.213604 24.964102
v 3.803308 25.213604 24.997351
v 1.376110 23.595470 24.964102
v 3.677891 25.401730 24.964102
v 1.376110 23.595470 24.997351
v 1.250692 23.783598 24.964102
v 1.250692 23.783598 24.997351
v 3.677891 25.401730 24.997351
v 3.659447 25.429396 24.997351
v 3.677891 25.401730 33.855152
v 3.705556 25.420176 24.997351
v 3.659447 25.429396 33.855152
v 1.232248 23.811264 24.997351
v 3.830974 25.232048 24.997351
v 3.830974 25.232048 33.855152
v 3.705556 25.420176 33.855152
v 3.803308 25.213604 33.855152
v 3.821752 25.185938 33.855152
v 1.376110 23.595470 33.855152
v 3.803308 25.213604 33.888401
v 3.821752 25.185938 24.997351
v 1.376110 23.595470 33.888401
v 1.250692 23.783598 33.888401
v 1.250692 23.783598 33.855152
v 3.677891 25.401730 33.888401
v 1.223026 23.765154 33.855152
v 1.232248 23.811264 33.855152
v 1.223026 23.765154 24.997351
v 1.348444 23.577026 33.855152
v 1.348444 23.577026 24.997351
v 1.394553 23.567806 24.997351
v 1.394553 23.567806 33.855152
v 1.409308 23.617601 -1.968400
v 1.409308 23.617601 -1.935150
v -1.017890 21.999470 -1.968400
v 1.283890 23.805729 -1.968400
v -1.017890 21.999470 -1.935150
v -1.143308 22.187597 -1.968400
v -1.143308 22.187597 -1.935150
v 1.283890 23.805729 -1.935150
v 1.265447 23.833395 -1.935150
v 1.283890 23.805729 6.922650
v 1.311556 23.824175 -1.935150
v 1.265447 23.833395 6.922650
v -1.161752 22.215263 -1.935150
v 1.436974 23.636047 -1.935150
v 1.436974 23.636047 6.922650
v 1.311556 23.824175 6.922650
v 1.409308 23.617601 6.922650
v 1.427752 23.589935 6.922650
v -1.017890 21.999470 6.922650
v 1.409308 23.617601 6.955900
v 1.427752 23.589935 -1.935150
v -1.017890 21.999470 6.955900
v -1.143308 22.187597 6.955900
v -1.143308 22.187597 6.922650
v 1.283890 23.805729 6.955900
v -1.170974 22.169153 6.922650
v -1.161752 22.215263 6.922650
v -1.170974 22.169153 -1.935150
v -1.045556 21.981026 6.922650
v -1.045556 21.981026 -1.935150
v -0.999447 21.971804 -1.935150
v -0.999447 21.971804 6.922650
v 1.409308 23.617601 7.009100
v 1.409308 23.617601 7.042350
v -1.017890 21.999470 7.009100
v 1.283890 23.805729 7.009100
v -1.017890 21.999470 7.042350
v -1.143308 22.187597 7.009100
v -1.143308 22.187597 7.042350
v 1.283890 23.805729 7.042350
v 1.265447 23.833395 7.042350
v 1.283890 23.805729 15.900150
v 1.311556 23.824175 7.042350
v 1.265447 23.833395 15.900150
v -1.161752 22.215263 7.042350
v 1.436974 23.636047 7.042350
v 1.436974 23.636047 15.900150
v 1.311556 23.824175 15.900150
v 1.409308 23.617601 15.900150
v 1.427752 23.589935 15.900150
v -1.017890 21.999470 15.900150
v 1.409308 23.617601 15.933400
v 1.427752 23.589935 7.042350
v -1.017890 21.999470 15.933400
v -1.143308 22.187597 15.933400
v -1.143308 22.187597 15.900150
v 1.283890 23.805729 15.933400
v -1.170974 22.169153 15.900150
v -1.161752 22.215263 15.900150
v -1.170974 22.169153 7.042350
v -1.045556 21.981026 15.900150
v -1.045556 21.981026 7.042350
v -0.999447 21.971804 7.042350
v -0.999447 21.971804 15.900150
v 1.409308 23.617601 15.986601
v 1.409308 23.617601 16.019850
v -1.017890 21.999470 15.986601
v 1.283890 23.805729 15.986601
v -1.017890 21.999470 16.019850
v -1.143308 22.187597 15.986601
v -1.143308 22.187597 16.019850
v 1.283890 23.805729 16.019850
v 1.265447 23.833395 16.019850
v 1.283890 23.805729 24.877651
v 1.311556 23.824175 16.019850
v 1.265447 23.833395 24.877651
v -1.161752 22.215263 16.019850
v 1.436974 23.636047 16.019850
v 1.436974 23.636047 24.877651
v 1.311556 23.824175 24.877651
v 1.409308 23.617601 24.877651
v 1.427752 23.589935 24.877651
v -1.017890 21.999470 24.877651
v 1.409308 23.617601 24.910900
v 1.427752 23.589935 16.019850
v -1.017890 21.999470 24.910900
v -1.143308 22.187597 24.910900
v -1.143308 22.187597 24.877651
v 1.283890 23.805729 24.910900
v -1.170974 22.169153 24.877651
v -1.161752 22.215263 24.877651
v -1.170974 22.169153 16.019850
v -1.045556 21.981026 24.877651
v -1.045556 21.981026 16.019850
v -0.999447 21.971804 16.019850
v -0.999447 21.971804 24.877651
v 1.409308 23.617601 24.964102
v 1.409308 23.617601 24.997351
v -1.017890 21.999470 24.964102
v 1.283890 23.805729 24.964102
v -1.017890 21.999470 24.997351
v -1.143308 22.187597 24.964102
v -1.143308 22.187597 24.997351
v 1.283890 23.805729 24.997351
v 1.265447 23.833395 24.997351
v 1.283890 23.805729 33.855152
v 1.311556 23.824175 24.997351
v 1.265447 23.833395 33.855152
v -1.161752 22.215263 24.997351
v 1.436974 23.636047 24.997351
v 1.436974 23.636047 33.855152
v 1.311556 23.824175 33.855152
v 1.409308 23.617601 33.855152
v 1.427752 23.589935 33.855152
v -1.017890 21.999470 33.855152
v 1.409308 23.617601 33.888401
v 1.427752 23.589935 24.997351
v -1.017890 21.999470 33.888401
v -1.143308 22.187597 33.888401
v -1.143308 22.187597 33.855152
v 1.283890 23.805729 33.888401
v -1.170974 22.169153 33.855152
v -1.161752 22.215263 33.855152
v -1.170974 22.169153 24.997351
v -1.045556 21.981026 33.855152
v -1.045556 21.981026 24.997351
v -0.999447 21.971804 24.997351
v -0.999447 21.971804 33.855152
v 11.158700 30.084602 -2.394000
v 11.158700 30.084602 -2.314200
v 10.653300 30.084602 -2.394000
v 11.158700 30.457001 -2.394000
v 10.653300 30.084602 -2.314200
v 10.653300 30.004801 -2.314200
v 10.653300 30.084602 34.234200
v 10.573500 30.084602 -2.314200
v 10.653300 30.457001 -2.314200
v 10.653300 30.004801 34.234200
v 10.573500 30.457001 -2.314200
v 10.573500 30.457001 34.234200
v 10.573500 30.084602 34.234200
v 10.653300 30.457001 34.234200
v 10.653300 30.536802 34.234200
v 10.653300 30.457001 34.313999
v 11.158700 30.457001 34.234200
v 10.653300 30.536802 -2.314200
v 11.158700 30.457001 34.313999
v 11.158700 30.084602 34.313999
v 11.158700 30.084602 34.234200
v 10.653300 30.084602 34.313999
v 11.238500 30.084602 34.234200
v 11.158700 30.004801 34.234200
v 11.158700 30.004801 -2.314200
v 11.238500 30.457001 34.234200
v 11.238500 30.457001 -2.314200
v 11.238500 30.084602 -2.314200
v 11.158700 30.457001 -2.314200
v 11.158700 30.536802 -2.314200
v 11.158700 30.536802 34.234200
v 10.653300 30.457001 -2.394000
vn -0.0000 -0.0000 -1.0000
vn -0.0000 -0.0000 1.0000
vn -0.0000 -1.0000 -0.0000
vn -1.0000 -0.0000 -0.0000
vn -0.5547 0.8321 -0.0000
vn 0.5547 0.8321 -0.0000
vn 1.0000 -0.0000 -0.0000
vn -0.8321 0.5547 -0.0000
vn 0.5125 0.7687 -0.3827
vn 0.5125 0.7687 0.3827
vn -0.8320 0.5547 -0.0000
vn 0.2123 0.3184 0.9239
vn -0.5125 -0.7687 0.3827
vn -0.2123 -0.3184 0.9239
vn 0.8320 -0.5547 -0.0000
vn 0.8321 -0.5547 -0.0000
vn -0.5125 -0.7687 -0.3827
vn -0.2123 -0.3184 -0.9239
vn 0.2123 0.3184 -0.9239
vn 0.8320 0.5547 -0.0000
vn -0.5125 0.7687 0.3827
vn -0.5125 0.7687 -0.3827
vn -0.2123 0.3184 -0.9239
vn 0.8321 0.5547 -0.0000
vn 0.2123 -0.3184 0.9239
vn 0.5125 -0.7687 0.3827
vn 0.5125 -0.7687 -0.3827
vn 0.2123 -0.3184 -0.9239
vn -0.8320 -0.5547 -0.0000
vn -0.8321 -0.5547 -0.0000
vn -0.2123 0.3184 0.9239
vn 0.5547 0.8320 -0.0000
vn -0.8320 0.5548 -0.0000
vn -0.5546 -0.8321 -0.0000
vn -0.5547 -0.8320 -0.0000
vn -0.8321 0.5546 -0.0000
vn -0.5547 -0.8321 -0.0000
vn -0.5548 -0.8320 -0.0000
vn 0.5548 0.8320 -0.0000
vn 0.5546 0.8321 -0.0000
vn -0.0000 -0.0001 1.0000
vn -0.0000 0.0001 1.0000
vn 0.8320 -0.5548 -0.0000
vn -0.0000 0.0001 -1.0000
vn -0.0000 -0.0001 -1.0000
vn 0.8321 -0.5546 -0.0000
vn 0.5547 -0.8321 -0.0000
vn 0.5547 -0.8320 -0.0000
vn -0.5547 0.8320 -0.0000
vn -0.5546 0.8321 -0.0000
vn 0.5546 -0.8321 -0.0000
vn -0.5548 0.8320 -0.0000
vn 0.5548 -0.8320 -0.0000
vn -0.8320 -0.5548 -0.0000
vn -0.8321 -0.5546 -0.0000
vn 0.8320 0.5548 -0.0000
vn 0.8321 0.5546 -0.0000
vn -0.0000 1.0000 -0.0000
vt 0.000000 0.000000
vt 0.580294 0.419706
vt 0.750000 0.490000
vt 0.919706 0.419706
vt 1.000000 1.000000
vt 0.875000 0.500000
vt 1.000000 0.500000
vt 0.125000 0.500000
vt 0.000000 1.000000
vt 0.000000 0.500000
vt 0.580294 0.080294
vt 0.510000 0.250000
vt 0.250000 1.000000
vt 0.250000 0.500000
vt 0.125000 1.000000
vt 0.919706 0.080294
vt 0.750000 0.010000
vt 0.500000 0.500000
vt 0.375000 1.000000
vt 0.375000 0.500000
vt 0.010000 0.250000
vt 0.080294 0.080294
vt 0.250000 0.010000
vt 0.500000 1.000000
vt 0.419706 0.080294
vt 0.625000 1.000000
vt 0.490000 0.250000
vt 0.750000 0.500000
vt 0.750000 1.000000
vt 0.625000 0.500000
vt 0.990000 0.250000
vt 0.419706 0.419706
vt 0.250000 0.490000
vt 0.875000 1.000000
vt 0.080294 0.419706
s 0
usemtl WarmRoof
f 1478/1542/571 1479/1542/571 1480/1542/571
f 1485/1542/572 1484/1542/572 1483/1542/572
f 1482/1542/573 1478/1542/573 1477/1542/573
f 1483/1542/574 1479/1542/574 1478/1542/574
f 1484/1542/575 1480/1542/575 1479/1542/575
f 1485/1542/576 1481/1542/576 1480/1542/576
f 1486/1542/577 1477/1542/577 1481/1542/577
f 1480/1542/571 1481/1542/571 1477/1542/571
f 1477/1542/571 1478/1542/571 1480/1542/571
f 1483/1542/572 1482/1542/572 1485/1542/572
f 1482/1542/572 1486/1542/572 1485/1542/572
f 1482/1542/573 1483/1542/573 1478/1542/573
f 1483/1542/574 1484/1542/574 1479/1542/574
f 1484/1542/575 1485/1542/575 1480/1542/575
f 1485/1542/576 1486/1542/576 1481/1542/576
f 1486/1542/577 1482/1542/577 1477/1542/577
f 1554/1542/578 1552/1542/578 1551/1542/578
f 1555/1542/602 1551/1542/602 1552/1542/602
f 1555/1542/576 1553/1542/576 1551/1542/576
f 1553/1542/571 1554/1542/571 1551/1542/571
f 1560/1542/571 1556/1542/571 1555/1542/571
f 1561/1542/586 1555/1542/586 1556/1542/586
f 1560/1542/571 1555/1542/571 1552/1542/571
f 1559/1542/585 1553/1542/585 1555/1542/585
f 1561/1542/585 1557/1542/585 1555/1542/585
f 1557/1542/576 1558/1542/576 1555/1542/576
f 1558/1542/571 1559/1542/571 1555/1542/571
f 1562/1542/572 1557/1542/572 1561/1542/572
f 1562/1542/576 1561/1542/576 1556/1542/576
f 1562/1542/572 1563/1542/572 1557/1542/572
f 1563/1542/578 1562/1542/578 1560/1542/578
f 1562/1542/602 1556/1542/602 1560/1542/602
f 1564/1542/576 1563/1542/576 1552/1542/576
f 1568/1542/572 1563/1542/572 1564/1542/572
f 1563/1542/603 1560/1542/603 1552/1542/603
f 1563/1542/602 1567/1542/602 1557/1542/602
f 1563/1542/576 1565/1542/576 1567/1542/576
f 1566/1542/578 1565/1542/578 1563/1542/578
f 1568/1542/572 1566/1542/572 1563/1542/572
f 1566/1542/604 1568/1542/604 1569/1542/604
f 1570/1542/578 1569/1542/578 1568/1542/578
f 1570/1542/581 1568/1542/581 1564/1542/581
f 1552/1542/571 1569/1542/571 1570/1542/571
f 1564/1542/602 1552/1542/602 1570/1542/602
f 1552/1542/571 1571/1542/571 1569/1542/571
f 1566/1542/605 1569/1542/605 1571/1542/605
f 1571/1542/571 1575/1542/571 1572/1542/571
f 1573/1542/606 1571/1542/606 1572/1542/606
f 1573/1542/581 1566/1542/581 1571/1542/581
f 1554/1542/581 1571/1542/581 1552/1542/581
f 1574/1542/607 1571/1542/607 1554/1542/607
f 1571/1542/571 1559/1542/571 1575/1542/571
f 1574/1542/605 1559/1542/605 1571/1542/605
f 1577/1542/586 1575/1542/586 1559/1542/586
f 1575/1542/607 1573/1542/607 1572/1542/607
f 1575/1542/605 1576/1542/605 1573/1542/605
f 1577/1542/586 1576/1542/586 1575/1542/586
f 1577/1542/572 1578/1542/572 1581/1542/572
f 1578/1542/608 1577/1542/608 1559/1542/608
f 1566/1542/572 1576/1542/572 1577/1542/572
f 1579/1542/586 1577/1542/586 1557/1542/586
f 1580/1542/607 1577/1542/607 1579/1542/607
f 1580/1542/605 1566/1542/605 1577/1542/605
f 1577/1542/572 1581/1542/572 1557/1542/572
f 1557/1542/609 1581/1542/609 1558/1542/609
f 1581/1542/585 1582/1542/585 1558/1542/585
f 1581/1542/585 1578/1542/585 1582/1542/585
f 1558/1542/571 1582/1542/571 1559/1542/571
f 1578/1542/605 1559/1542/605 1582/1542/605
f 1567/1542/572 1580/1542/572 1579/1542/572
f 1566/1542/581 1580/1542/581 1565/1542/581
f 1567/1542/572 1565/1542/572 1580/1542/572
f 1579/1542/585 1557/1542/585 1567/1542/585
f 1566/1542/572 1573/1542/572 1576/1542/572
f 1553/1542/571 1574/1542/571 1554/1542/571
f 1559/1542/586 1574/1542/586 1553/1542/586
f 1586/1542/581 1584/1542/581 1583/1542/581
f 1587/1542/602 1583/1542/602 1584/1542/602
f 1587/1542/576 1585/1542/576 1583/1542/576
f 1585/1542/571 1586/1542/571 1583/1542/571
f 1592/1542/571 1588/1542/571 1587/1542/571
f 1593/1542/586 1587/1542/586 1588/1542/586
f 1592/1542/571 1587/1542/571 1584/1542/571
f 1591/1542/586 1585/1542/586 1587/1542/586
f 1593/1542/585 1589/1542/585 1587/1542/585
f 1589/1542/610 1590/1542/610 1587/1542/610
f 1590/1542/571 1591/1542/571 1587/1542/571
f 1594/1542/572 1589/1542/572 1593/1542/572
f 1594/1542/576 1593/1542/576 1588/1542/576
f 1594/1542/572 1595/1542/572 1589/1542/572
f 1595/1542/578 1594/1542/578 1592/1542/578
f 1594/1542/602 1588/1542/602 1592/1542/602
f 1596/1542/576 1595/1542/576 1584/1542/576
f 1600/1542/572 1595/1542/572 1596/1542/572
f 1595/1542/603 1592/1542/603 1584/1542/603
f 1595/1542/576 1599/1542/576 1589/1542/576
f 1595/1542/602 1597/1542/602 1599/1542/602
f 1598/1542/581 1597/1542/581 1595/1542/581
f 1600/1542/572 1598/1542/572 1595/1542/572
f 1598/1542/604 1600/1542/604 1601/1542/604
f 1602/1542/578 1601/1542/578 1600/1542/578
f 1602/1542/581 1600/1542/581 1596/1542/581
f 1584/1542/571 1601/1542/571 1602/1542/571
f 1596/1542/609 1584/1542/609 1602/1542/609
f 1584/1542/571 1603/1542/571 1601/1542/571
f 1598/1542/608 1601/1542/608 1603/1542/608
f 1603/1542/571 1607/1542/571 1604/1542/571
f 1605/1542/578 1603/1542/578 1604/1542/578
f 1605/1542/581 1598/1542/581 1603/1542/581
f 1586/1542/578 1603/1542/578 1584/1542/578
f 1606/1542/607 1603/1542/607 1586/1542/607
f 1603/1542/571 1591/1542/571 1607/1542/571
f 1606/1542/605 1591/1542/605 1603/1542/605
f 1609/1542/586 1607/1542/586 1591/1542/586
f 1607/1542/607 1605/1542/607 1604/1542/607
f 1607/1542/605 1608/1542/605 1605/1542/605
f 1609/1542/586 1608/1542/586 1607/1542/586
f 1609/1542/572 1610/1542/572 1613/1542/572
f 1610/1542/608 1609/1542/608 1591/1542/608
f 1598/1542/572 1608/1542/572 1609/1542/572
f 1611/1542/586 1609/1542/586 1589/1542/586
f 1612/1542/605 1609/1542/605 1611/1542/605
f 1612/1542/607 1598/1542/607 1609/1542/607
f 1609/1542/572 1613/1542/572 1589/1542/572
f 1589/1542/609 1613/1542/609 1590/1542/609
f 1613/1542/585 1614/1542/585 1590/1542/585
f 1613/1542/585 1610/1542/585 1614/1542/585
f 1590/1542/571 1614/1542/571 1591/1542/571
f 1610/1542/607 1591/1542/607 1614/1542/607
f 1599/1542/572 1612/1542/572 1611/1542/572
f 1598/1542/578 1612/1542/578 1597/1542/578
f 1599/1542/572 1597/1542/572 1612/1542/572
f 1611/1542/585 1589/1542/585 1599/1542/585
f 1598/1542/572 1605/1542/572 1608/1542/572
f 1585/1542/571 1606/1542/571 1586/1542/571
f 1591/1542/585 1606/1542/585 1585/1542/585
f 1618/1542/581 1616/1542/581 1615/1542/581
f 1619/1542/576 1615/1542/576 1616/1542/576
f 1619/1542/602 1617/1542/602 1615/1542/602
f 1617/1542/571 1618/1542/571 1615/1542/571
f 1624/1542/571 1620/1542/571 1619/1542/571
f 1625/1542/586 1619/1542/586 1620/1542/586
f 1624/1542/571 1619/1542/571 1616/1542/571
f 1623/1542/585 1617/1542/585 1619/1542/585
f 1625/1542/585 1621/1542/585 1619/1542/585
f 1621/1542/610 1622/1542/610 1619/1542/610
f 1622/1542/571 1623/1542/571 1619/1542/571
f 1626/1542/611 1621/1542/611 1625/1542/611
f 1626/1542/576 1625/1542/576 1620/1542/576
f 1626/1542/572 1627/1542/572 1621/1542/572
f 1627/1542/578 1626/1542/578 1624/1542/578
f 1626/1542/602 1620/1542/602 1624/1542/602
f 1628/1542/576 1627/1542/576 1616/1542/576
f 1632/1542/612 1627/1542/612 1628/1542/612
f 1627/1542/603 1624/1542/603 1616/1542/603
f 1627/1542/576 1631/1542/576 1621/1542/576
f 1627/1542/576 1629/1542/576 1631/1542/576
f 1630/1542/578 1629/1542/578 1627/1542/578
f 1632/1542/611 1630/1542/611 1627/1542/611
f 1630/1542/604 1632/1542/604 1633/1542/604
f 1634/1542/578 1633/1542/578 1632/1542/578
f 1634/1542/581 1632/1542/581 1628/1542/581
f 1616/1542/571 1633/1542/571 1634/1542/571
f 1628/1542/609 1616/1542/609 1634/1542/609
f 1616/1542/571 1635/1542/571 1633/1542/571
f 1630/1542/608 1633/1542/608 1635/1542/608
f 1635/1542/571 1639/1542/571 1636/1542/571
f 1637/1542/578 1635/1542/578 1636/1542/578
f 1637/1542/581 1630/1542/581 1635/1542/581
f 1618/1542/578 1635/1542/578 1616/1542/578
f 1638/1542/605 1635/1542/605 1618/1542/605
f 1635/1542/571 1623/1542/571 1639/1542/571
f 1638/1542/607 1623/1542/607 1635/1542/607
f 1641/1542/586 1639/1542/586 1623/1542/586
f 1639/1542/607 1637/1542/607 1636/1542/607
f 1639/1542/605 1640/1542/605 1637/1542/605
f 1641/1542/586 1640/1542/586 1639/1542/586
f 1641/1542/611 1642/1542/611 1645/1542/611
f 1642/1542/608 1641/1542/608 1623/1542/608
f 1630/1542/572 1640/1542/572 1641/1542/572
f 1643/1542/586 1641/1542/586 1621/1542/586
f 1644/1542/607 1641/1542/607 1643/1542/607
f 1644/1542/607 1630/1542/607 1641/1542/607
f 1641/1542/612 1645/1542/612 1621/1542/612
f 1621/1542/609 1645/1542/609 1622/1542/609
f 1645/1542/585 1646/1542/585 1622/1542/585
f 1645/1542/585 1642/1542/585 1646/1542/585
f 1622/1542/571 1646/1542/571 1623/1542/571
f 1642/1542/607 1623/1542/607 1646/1542/607
f 1631/1542/572 1644/1542/572 1643/1542/572
f 1630/1542/581 1644/1542/581 1629/1542/581
f 1631/1542/572 1629/1542/572 1644/1542/572
f 1643/1542/613 1621/1542/613 1631/1542/613
f 1630/1542/612 1637/1542/612 1640/1542/612
f 1617/1542/571 1638/1542/571 1618/1542/571
f 1623/1542/586 1638/1542/586 1617/1542/586
f 1650/1542/603 1648/1542/603 1647/1542/603
f 1651/1542/576 1647/1542/576 1648/1542/576
f 1651/1542/576 1649/1542/576 1647/1542/576
f 1649/1542/571 1650/1542/571 1647/1542/571
f 1656/1542/614 1652/1542/614 1651/1542/614
f 1657/1542/586 1651/1542/586 1652/1542/586
f 1656/1542/615 1651/1542/615 1648/1542/615
f 1655/1542/586 1649/1542/586 1651/1542/586
f 1657/1542/585 1653/1542/585 1651/1542/585
f 1653/1542/610 1654/1542/610 1651/1542/610
f 1654/1542/614 1655/1542/614 1651/1542/614
f 1658/1542/611 1653/1542/611 1657/1542/611
f 1658/1542/576 1657/1542/576 1652/1542/576
f 1658/1542/572 1659/1542/572 1653/1542/572
f 1659/1542/578 1658/1542/578 1656/1542/578
f 1658/1542/602 1652/1542/602 1656/1542/602
f 1660/1542/576 1659/1542/576 1648/1542/576
f 1664/1542/572 1659/1542/572 1660/1542/572
f 1659/1542/603 1656/1542/603 1648/1542/603
f 1659/1542/609 1663/1542/609 1653/1542/609
f 1659/1542/610 1661/1542/610 1663/1542/610
f 1662/1542/606 1661/1542/606 1659/1542/606
f 1664/1542/572 1662/1542/572 1659/1542/572
f 1662/1542/604 1664/1542/604 1665/1542/604
f 1666/1542/578 1665/1542/578 1664/1542/578
f 1666/1542/581 1664/1542/581 1660/1542/581
f 1648/1542/614 1665/1542/614 1666/1542/614
f 1660/1542/609 1648/1542/609 1666/1542/609
f 1648/1542/615 1667/1542/615 1665/1542/615
f 1662/1542/608 1665/1542/608 1667/1542/608
f 1667/1542/571 1671/1542/571 1668/1542/571
f 1669/1542/578 1667/1542/578 1668/1542/578
f 1669/1542/581 1662/1542/581 1667/1542/581
f 1650/1542/578 1667/1542/578 1648/1542/578
f 1670/1542/607 1667/1542/607 1650/1542/607
f 1667/1542/614 1655/1542/614 1671/1542/614
f 1670/1542/607 1655/1542/607 1667/1542/607
f 1673/1542/586 1671/1542/586 1655/1542/586
f 1671/1542/607 1669/1542/607 1668/1542/607
f 1671/1542/605 1672/1542/605 1669/1542/605
f 1673/1542/586 1672/1542/586 1671/1542/586
f 1673/1542/572 1674/1542/572 1677/1542/572
f 1674/1542/608 1673/1542/608 1655/1542/608
f 1662/1542/572 1672/1542/572 1673/1542/572
f 1675/1542/616 1673/1542/616 1653/1542/616
f 1676/1542/604 1673/1542/604 1675/1542/604
f 1676/1542/608 1662/1542/608 1673/1542/608
f 1673/1542/572 1677/1542/572 1653/1542/572
f 1653/1542/609 1677/1542/609 1654/1542/609
f 1677/1542/585 1678/1542/585 1654/1542/585
f 1677/1542/585 1674/1542/585 1678/1542/585
f 1654/1542/615 1678/1542/615 1655/1542/615
f 1674/1542/607 1655/1542/607 1678/1542/607
f 1663/1542/572 1676/1542/572 1675/1542/572
f 1662/1542/578 1676/1542/578 1661/1542/578
f 1663/1542/572 1661/1542/572 1676/1542/572
f 1675/1542/585 1653/1542/585 1663/1542/585
f 1662/1542/612 1669/1542/612 1672/1542/612
f 1649/1542/571 1670/1542/571 1650/1542/571
f 1655/1542/585 1670/1542/585 1649/1542/585
f 1682/1542/578 1680/1542/578 1679/1542/578
f 1683/1542/602 1679/1542/602 1680/1542/602
f 1683/1542/576 1681/1542/576 1679/1542/576
f 1681/1542/571 1682/1542/571 1679/1542/571
f 1688/1542/571 1684/1542/571 1683/1542/571
f 1689/1542/586 1683/1542/586 1684/1542/586
f 1688/1542/571 1683/1542/571 1680/1542/571
f 1687/1542/585 1681/1542/585 1683/1542/585
f 1689/1542/585 1685/1542/585 1683/1542/585
f 1685/1542/576 1686/1542/576 1683/1542/576
f 1686/1542/571 1687/1542/571 1683/1542/571
f 1690/1542/572 1685/1542/572 1689/1542/572
f 1690/1542/576 1689/1542/576 1684/1542/576
f 1690/1542/572 1691/1542/572 1685/1542/572
f 1691/1542/578 1690/1542/578 1688/1542/578
f 1690/1542/602 1684/1542/602 1688/1542/602
f 1692/1542/576 1691/1542/576 1680/1542/576
f 1696/1542/572 1691/1542/572 1692/1542/572
f 1691/1542/603 1688/1542/603 1680/1542/603
f 1691/1542/602 1695/1542/602 1685/1542/602
f 1691/1542/576 1693/1542/576 1695/1542/576
f 1694/1542/578 1693/1542/578 1691/1542/578
f 1696/1542/572 1694/1542/572 1691/1542/572
f 1694/1542/608 1696/1542/608 1697/1542/608
f 1698/1542/578 1697/1542/578 1696/1542/578
f 1698/1542/581 1696/1542/581 1692/1542/581
f 1680/1542/571 1697/1542/571 1698/1542/571
f 1692/1542/602 1680/1542/602 1698/1542/602
f 1680/1542/571 1699/1542/571 1697/1542/571
f 1694/1542/604 1697/1542/604 1699/1542/604
f 1699/1542/571 1703/1542/571 1700/1542/571
f 1701/1542/606 1699/1542/606 1700/1542/606
f 1701/1542/581 1694/1542/581 1699/1542/581
f 1682/1542/578 1699/1542/578 1680/1542/578
f 1702/1542/607 1699/1542/607 1682/1542/607
f 1699/1542/571 1687/1542/571 1703/1542/571
f 1702/1542/605 1687/1542/605 1699/1542/605
f 1705/1542/586 1703/1542/586 1687/1542/586
f 1703/1542/607 1701/1542/607 1700/1542/607
f 1703/1542/605 1704/1542/605 1701/1542/605
f 1705/1542/586 1704/1542/586 1703/1542/586
f 1705/1542/572 1706/1542/572 1709/1542/572
f 1706/1542/608 1705/1542/608 1687/1542/608
f 1694/1542/572 1704/1542/572 1705/1542/572
f 1707/1542/586 1705/1542/586 1685/1542/586
f 1708/1542/607 1705/1542/607 1707/1542/607
f 1708/1542/605 1694/1542/605 1705/1542/605
f 1705/1542/572 1709/1542/572 1685/1542/572
f 1685/1542/609 1709/1542/609 1686/1542/609
f 1709/1542/585 1710/1542/585 1686/1542/585
f 1709/1542/586 1706/1542/586 1710/1542/586
f 1686/1542/571 1710/1542/571 1687/1542/571
f 1706/1542/608 1687/1542/608 1710/1542/608
f 1695/1542/572 1708/1542/572 1707/1542/572
f 1694/1542/581 1708/1542/581 1693/1542/581
f 1695/1542/572 1693/1542/572 1708/1542/572
f 1707/1542/585 1685/1542/585 1695/1542/585
f 1694/1542/572 1701/1542/572 1704/1542/572
f 1681/1542/571 1702/1542/571 1682/1542/571
f 1687/1542/586 1702/1542/586 1681/1542/586
f 1714/1542/581 1712/1542/581 1711/1542/581
f 1715/1542/602 1711/1542/602 1712/1542/602
f 1715/1542/576 1713/1542/576 1711/1542/576
f 1713/1542/571 1714/1542/571 1711/1542/571
f 1720/1542/571 1716/1542/571 1715/1542/571
f 1721/1542/586 1715/1542/586 1716/1542/586
f 1720/1542/571 1715/1542/571 1712/1542/571
f 1719/1542/586 1713/1542/586 1715/1542/586
f 1721/1542/585 1717/1542/585 1715/1542/585
f 1717/1542/610 1718/1542/610 1715/1542/610
f 1718/1542/571 1719/1542/571 1715/1542/571
f 1722/1542/572 1717/1542/572 1721/1542/572
f 1722/1542/576 1721/1542/576 1716/1542/576
f 1722/1542/572 1723/1542/572 1717/1542/572
f 1723/1542/578 1722/1542/578 1720/1542/578
f 1722/1542/602 1716/1542/602 1720/1542/602
f 1724/1542/576 1723/1542/576 1712/1542/576
f 1728/1542/572 1723/1542/572 1724/1542/572
f 1723/1542/603 1720/1542/603 1712/1542/603
f 1723/1542/576 1727/1542/576 1717/1542/576
f 1723/1542/602 1725/1542/602 1727/1542/602
f 1726/1542/581 1725/1542/581 1723/1542/581
f 1728/1542/572 1726/1542/572 1723/1542/572
f 1726/1542/608 1728/1542/608 1729/1542/608
f 1730/1542/578 1729/1542/578 1728/1542/578
f 1730/1542/581 1728/1542/581 1724/1542/581
f 1712/1542/571 1729/1542/571 1730/1542/571
f 1724/1542/609 1712/1542/609 1730/1542/609
f 1712/1542/571 1731/1542/571 1729/1542/571
f 1726/1542/604 1729/1542/604 1731/1542/604
f 1731/1542/571 1735/1542/571 1732/1542/571
f 1733/1542/578 1731/1542/578 1732/1542/578
f 1733/1542/581 1726/1542/581 1731/1542/581
f 1714/1542/578 1731/1542/578 1712/1542/578
f 1734/1542/607 1731/1542/607 1714/1542/607
f 1731/1542/571 1719/1542/571 1735/1542/571
f 1734/1542/605 1719/1542/605 1731/1542/605
f 1737/1542/586 1735/1542/586 1719/1542/586
f 1735/1542/607 1733/1542/607 1732/1542/607
f 1735/1542/605 1736/1542/605 1733/1542/605
f 1737/1542/586 1736/1542/586 1735/1542/586
f 1737/1542/572 1738/1542/572 1741/1542/572
f 1738/1542/608 1737/1542/608 1719/1542/608
f 1726/1542/572 1736/1542/572 1737/1542/572
f 1739/1542/585 1737/1542/585 1717/1542/585
f 1740/1542/605 1737/1542/605 1739/1542/605
f 1740/1542/607 1726/1542/607 1737/1542/607
f 1737/1542/572 1741/1542/572 1717/1542/572
f 1717/1542/609 1741/1542/609 1718/1542/609
f 1741/1542/585 1742/1542/585 1718/1542/585
f 1741/1542/586 1738/1542/586 1742/1542/586
f 1718/1542/571 1742/1542/571 1719/1542/571
f 1738/1542/608 1719/1542/608 1742/1542/608
f 1727/1542/572 1740/1542/572 1739/1542/572
f 1726/1542/578 1740/1542/578 1725/1542/578
f 1727/1542/572 1725/1542/572 1740/1542/572
f 1739/1542/586 1717/1542/586 1727/1542/586
f 1726/1542/572 1733/1542/572 1736/1542/572
f 1713/1542/571 1734/1542/571 1714/1542/571
f 1719/1542/585 1734/1542/585 1713/1542/585
f 1746/1542/581 1744/1542/581 1743/1542/581
f 1747/1542/576 1743/1542/576 1744/1542/576
f 1747/1542/602 1745/1542/602 1743/1542/602
f 1745/1542/571 1746/1542/571 1743/1542/571
f 1752/1542/571 1748/1542/571 1747/1542/571
f 1753/1542/586 1747/1542/586 1748/1542/586
f 1752/1542/571 1747/1542/571 1744/1542/571
f 1751/1542/586 1745/1542/586 1747/1542/586
f 1753/1542/585 1749/1542/585 1747/1542/585
f 1749/1542/610 1750/1542/610 1747/1542/610
f 1750/1542/571 1751/1542/571 1747/1542/571
f 1754/1542/611 1749/1542/611 1753/1542/611
f 1754/1542/576 1753/1542/576 1748/1542/576
f 1754/1542/572 1755/1542/572 1749/1542/572
f 1755/1542/578 1754/1542/578 1752/1542/578
f 1754/1542/602 1748/1542/602 1752/1542/602
f 1756/1542/576 1755/1542/576 1744/1542/576
f 1760/1542/612 1755/1542/612 1756/1542/612
f 1755/1542/603 1752/1542/603 1744/1542/603
f 1755/1542/576 1759/1542/576 1749/1542/576
f 1755/1542/576 1757/1542/576 1759/1542/576
f 1758/1542/578 1757/1542/578 1755/1542/578
f 1760/1542/611 1758/1542/611 1755/1542/611
f 1758/1542/608 1760/1542/608 1761/1542/608
f 1762/1542/578 1761/1542/578 1760/1542/578
f 1762/1542/581 1760/1542/581 1756/1542/581
f 1744/1542/571 1761/1542/571 1762/1542/571
f 1756/1542/609 1744/1542/609 1762/1542/609
f 1744/1542/571 1763/1542/571 1761/1542/571
f 1758/1542/604 1761/1542/604 1763/1542/604
f 1763/1542/571 1767/1542/571 1764/1542/571
f 1765/1542/578 1763/1542/578 1764/1542/578
f 1765/1542/581 1758/1542/581 1763/1542/581
f 1746/1542/578 1763/1542/578 1744/1542/578
f 1766/1542/605 1763/1542/605 1746/1542/605
f 1763/1542/571 1751/1542/571 1767/1542/571
f 1766/1542/607 1751/1542/607 1763/1542/607
f 1769/1542/586 1767/1542/586 1751/1542/586
f 1767/1542/607 1765/1542/607 1764/1542/607
f 1767/1542/605 1768/1542/605 1765/1542/605
f 1769/1542/586 1768/1542/586 1767/1542/586
f 1769/1542/611 1770/1542/611 1773/1542/611
f 1770/1542/608 1769/1542/608 1751/1542/608
f 1758/1542/572 1768/1542/572 1769/1542/572
f 1771/1542/586 1769/1542/586 1749/1542/586
f 1772/1542/607 1769/1542/607 1771/1542/607
f 1772/1542/607 1758/1542/607 1769/1542/607
f 1769/1542/612 1773/1542/612 1749/1542/612
f 1749/1542/609 1773/1542/609 1750/1542/609
f 1773/1542/585 1774/1542/585 1750/1542/585
f 1773/1542/586 1770/1542/586 1774/1542/586
f 1750/1542/571 1774/1542/571 1751/1542/571
f 1770/1542/608 1751/1542/608 1774/1542/608
f 1759/1542/572 1772/1542/572 1771/1542/572
f 1758/1542/581 1772/1542/581 1757/1542/581
f 1759/1542/572 1757/1542/572 1772/1542/572
f 1771/1542/585 1749/1542/585 1759/1542/585
f 1758/1542/612 1765/1542/612 1768/1542/612
f 1745/1542/571 1766/1542/571 1746/1542/571
f 1751/1542/585 1766/1542/585 1745/1542/585
f 1778/1542/603 1776/1542/603 1775/1542/603
f 1779/1542/576 1775/1542/576 1776/1542/576
f 1779/1542/576 1777/1542/576 1775/1542/576
f 1777/1542/571 1778/1542/571 1775/1542/571
f 1784/1542/614 1780/1542/614 1779/1542/614
f 1785/1542/586 1779/1542/586 1780/1542/586
f 1784/1542/615 1779/1542/615 1776/1542/615
f 1783/1542/586 1777/1542/586 1779/1542/586
f 1785/1542/585 1781/1542/585 1779/1542/585
f 1781/1542/610 1782/1542/610 1779/1542/610
f 1782/1542/614 1783/1542/614 1779/1542/614
f 1786/1542/611 1781/1542/611 1785/1542/611
f 1786/1542/576 1785/1542/576 1780/1542/576
f 1786/1542/572 1787/1542/572 1781/1542/572
f 1787/1542/578 1786/1542/578 1784/1542/578
f 1786/1542/602 1780/1542/602 1784/1542/602
f 1788/1542/576 1787/1542/576 1776/1542/576
f 1792/1542/572 1787/1542/572 1788/1542/572
f 1787/1542/603 1784/1542/603 1776/1542/603
f 1787/1542/609 1791/1542/609 1781/1542/609
f 1787/1542/610 1789/1542/610 1791/1542/610
f 1790/1542/606 1789/1542/606 1787/1542/606
f 1792/1542/572 1790/1542/572 1787/1542/572
f 1790/1542/608 1792/1542/608 1793/1542/608
f 1794/1542/578 1793/1542/578 1792/1542/578
f 1794/1542/581 1792/1542/581 1788/1542/581
f 1776/1542/614 1793/1542/614 1794/1542/614
f 1788/1542/609 1776/1542/609 1794/1542/609
f 1776/1542/615 1795/1542/615 1793/1542/615
f 1790/1542/604 1793/1542/604 1795/1542/604
f 1795/1542/571 1799/1542/571 1796/1542/571
f 1797/1542/578 1795/1542/578 1796/1542/578
f 1797/1542/581 1790/1542/581 1795/1542/581
f 1778/1542/578 1795/1542/578 1776/1542/578
f 1798/1542/607 1795/1542/607 1778/1542/607
f 1795/1542/614 1783/1542/614 1799/1542/614
f 1798/1542/607 1783/1542/607 1795/1542/607
f 1801/1542/586 1799/1542/586 1783/1542/586
f 1799/1542/607 1797/1542/607 1796/1542/607
f 1799/1542/605 1800/1542/605 1797/1542/605
f 1801/1542/586 1800/1542/586 1799/1542/586
f 1801/1542/572 1802/1542/572 1805/1542/572
f 1802/1542/608 1801/1542/608 1783/1542/608
f 1790/1542/572 1800/1542/572 1801/1542/572
f 1803/1542/616 1801/1542/616 1781/1542/616
f 1804/1542/604 1801/1542/604 1803/1542/604
f 1804/1542/608 1790/1542/608 1801/1542/608
f 1801/1542/572 1805/1542/572 1781/1542/572
f 1781/1542/609 1805/1542/609 1782/1542/609
f 1805/1542/585 1806/1542/585 1782/1542/585
f 1805/1542/586 1802/1542/586 1806/1542/586
f 1782/1542/615 1806/1542/615 1783/1542/615
f 1802/1542/608 1783/1542/608 1806/1542/608
f 1791/1542/572 1804/1542/572 1803/1542/572
f 1790/1542/578 1804/1542/578 1789/1542/578
f 1791/1542/572 1789/1542/572 1804/1542/572
f 1803/1542/586 1781/1542/586 1791/1542/586
f 1790/1542/612 1797/1542/612 1800/1542/612
f 1777/1542/571 1798/1542/571 1778/1542/571
f 1783/1542/613 1798/1542/613 1777/1542/613
f 1810/1542/578 1808/1542/578 1807/1542/578
f 1811/1542/602 1807/1542/602 1808/1542/602
f 1811/1542/576 1809/1542/576 1807/1542/576
f 1809/1542/571 1810/1542/571 1807/1542/571
f 1816/1542/571 1812/1542/571 1811/1542/571
f 1817/1542/586 1811/1542/586 1812/1542/586
f 1816/1542/571 1811/1542/571 1808/1542/571
f 1815/1542/585 1809/1542/585 1811/1542/585
f 1817/1542/585 1813/1542/585 1811/1542/585
f 1813/1542/609 1814/1542/609 1811/1542/609
f 1814/1542/571 1815/1542/571 1811/1542/571
f 1818/1542/572 1813/1542/572 1817/1542/572
f 1818/1542/576 1817/1542/576 1812/1542/576
f 1818/1542/572 1819/1542/572 1813/1542/572
f 1819/1542/578 1818/1542/578 1816/1542/578
f 1818/1542/602 1812/1542/602 1816/1542/602
f 1820/1542/609 1819/1542/609 1808/1542/609
f 1824/1542/572 1819/1542/572 1820/1542/572
f 1819/1542/581 1816/1542/581 1808/1542/581
f 1819/1542/602 1823/1542/602 1813/1542/602
f 1819/1542/576 1821/1542/576 1823/1542/576
f 1822/1542/578 1821/1542/578 1819/1542/578
f 1824/1542/572 1822/1542/572 1819/1542/572
f 1822/1542/604 1824/1542/604 1825/1542/604
f 1826/1542/581 1825/1542/581 1824/1542/581
f 1826/1542/581 1824/1542/581 1820/1542/581
f 1808/1542/571 1825/1542/571 1826/1542/571
f 1820/1542/610 1808/1542/610 1826/1542/610
f 1808/1542/571 1827/1542/571 1825/1542/571
f 1822/1542/605 1825/1542/605 1827/1542/605
f 1827/1542/571 1831/1542/571 1828/1542/571
f 1829/1542/606 1827/1542/606 1828/1542/606
f 1829/1542/581 1822/1542/581 1827/1542/581
f 1810/1542/581 1827/1542/581 1808/1542/581
f 1830/1542/607 1827/1542/607 1810/1542/607
f 1827/1542/571 1815/1542/571 1831/1542/571
f 1830/1542/605 1815/1542/605 1827/1542/605
f 1833/1542/585 1831/1542/585 1815/1542/585
f 1831/1542/607 1829/1542/607 1828/1542/607
f 1831/1542/605 1832/1542/605 1829/1542/605
f 1833/1542/586 1832/1542/586 1831/1542/586
f 1833/1542/572 1834/1542/572 1837/1542/572
f 1834/1542/608 1833/1542/608 1815/1542/608
f 1822/1542/572 1832/1542/572 1833/1542/572
f 1835/1542/586 1833/1542/586 1813/1542/586
f 1836/1542/607 1833/1542/607 1835/1542/607
f 1836/1542/605 1822/1542/605 1833/1542/605
f 1833/1542/572 1837/1542/572 1813/1542/572
f 1813/1542/610 1837/1542/610 1814/1542/610
f 1837/1542/585 1838/1542/585 1814/1542/585
f 1837/1542/585 1834/1542/585 1838/1542/585
f 1814/1542/571 1838/1542/571 1815/1542/571
f 1834/1542/605 1815/1542/605 1838/1542/605
f 1823/1542/572 1836/1542/572 1835/1542/572
f 1822/1542/581 1836/1542/581 1821/1542/581
f 1823/1542/572 1821/1542/572 1836/1542/572
f 1835/1542/585 1813/1542/585 1823/1542/585
f 1822/1542/572 1829/1542/572 1832/1542/572
f 1809/1542/571 1830/1542/571 1810/1542/571
f 1815/1542/586 1830/1542/586 1809/1542/586
f 1842/1542/581 1840/1542/581 1839/1542/581
f 1843/1542/602 1839/1542/602 1840/1542/602
f 1843/1542/576 1841/1542/576 1839/1542/576
f 1841/1542/571 1842/1542/571 1839/1542/571
f 1848/1542/571 1844/1542/571 1843/1542/571
f 1849/1542/586 1843/1542/586 1844/1542/586
f 1848/1542/571 1843/1542/571 1840/1542/571
f 1847/1542/586 1841/1542/586 1843/1542/586
f 1849/1542/585 1845/1542/585 1843/1542/585
f 1845/1542/609 1846/1542/609 1843/1542/609
f 1846/1542/571 1847/1542/571 1843/1542/571
f 1850/1542/572 1845/1542/572 1849/1542/572
f 1850/1542/576 1849/1542/576 1844/1542/576
f 1850/1542/572 1851/1542/572 1845/1542/572
f 1851/1542/578 1850/1542/578 1848/1542/578
f 1850/1542/602 1844/1542/602 1848/1542/602
f 1852/1542/609 1851/1542/609 1840/1542/609
f 1856/1542/572 1851/1542/572 1852/1542/572
f 1851/1542/578 1848/1542/578 1840/1542/578
f 1851/1542/576 1855/1542/576 1845/1542/576
f 1851/1542/602 1853/1542/602 1855/1542/602
f 1854/1542/578 1853/1542/578 1851/1542/578
f 1856/1542/572 1854/1542/572 1851/1542/572
f 1854/1542/604 1856/1542/604 1857/1542/604
f 1858/1542/581 1857/1542/581 1856/1542/581
f 1858/1542/581 1856/1542/581 1852/1542/581
f 1840/1542/571 1857/1542/571 1858/1542/571
f 1852/1542/576 1840/1542/576 1858/1542/576
f 1840/1542/571 1859/1542/571 1857/1542/571
f 1854/1542/608 1857/1542/608 1859/1542/608
f 1859/1542/571 1863/1542/571 1860/1542/571
f 1861/1542/578 1859/1542/578 1860/1542/578
f 1861/1542/581 1854/1542/581 1859/1542/581
f 1842/1542/578 1859/1542/578 1840/1542/578
f 1862/1542/607 1859/1542/607 1842/1542/607
f 1859/1542/571 1847/1542/571 1863/1542/571
f 1862/1542/605 1847/1542/605 1859/1542/605
f 1865/1542/585 1863/1542/585 1847/1542/585
f 1863/1542/607 1861/1542/607 1860/1542/607
f 1863/1542/605 1864/1542/605 1861/1542/605
f 1865/1542/586 1864/1542/586 1863/1542/586
f 1865/1542/572 1866/1542/572 1869/1542/572
f 1866/1542/608 1865/1542/608 1847/1542/608
f 1854/1542/572 1864/1542/572 1865/1542/572
f 1867/1542/585 1865/1542/585 1845/1542/585
f 1868/1542/605 1865/1542/605 1867/1542/605
f 1868/1542/607 1854/1542/607 1865/1542/607
f 1865/1542/572 1869/1542/572 1845/1542/572
f 1845/1542/610 1869/1542/610 1846/1542/610
f 1869/1542/585 1870/1542/585 1846/1542/585
f 1869/1542/585 1866/1542/585 1870/1542/585
f 1846/1542/571 1870/1542/571 1847/1542/571
f 1866/1542/607 1847/1542/607 1870/1542/607
f 1855/1542/572 1868/1542/572 1867/1542/572
f 1854/1542/581 1868/1542/581 1853/1542/581
f 1855/1542/572 1853/1542/572 1868/1542/572
f 1867/1542/585 1845/1542/585 1855/1542/585
f 1854/1542/572 1861/1542/572 1864/1542/572
f 1841/1542/571 1862/1542/571 1842/1542/571
f 1847/1542/585 1862/1542/585 1841/1542/585
f 1874/1542/578 1872/1542/578 1871/1542/578
f 1875/1542/576 1871/1542/576 1872/1542/576
f 1875/1542/602 1873/1542/602 1871/1542/602
f 1873/1542/571 1874/1542/571 1871/1542/571
f 1880/1542/571 1876/1542/571 1875/1542/571
f 1881/1542/586 1875/1542/586 1876/1542/586
f 1880/1542/571 1875/1542/571 1872/1542/571
f 1879/1542/585 1873/1542/585 1875/1542/585
f 1881/1542/585 1877/1542/585 1875/1542/585
f 1877/1542/609 1878/1542/609 1875/1542/609
f 1878/1542/571 1879/1542/571 1875/1542/571
f 1882/1542/611 1877/1542/611 1881/1542/611
f 1882/1542/576 1881/1542/576 1876/1542/576
f 1882/1542/572 1883/1542/572 1877/1542/572
f 1883/1542/578 1882/1542/578 1880/1542/578
f 1882/1542/602 1876/1542/602 1880/1542/602
f 1884/1542/609 1883/1542/609 1872/1542/609
f 1888/1542/612 1883/1542/612 1884/1542/612
f 1883/1542/578 1880/1542/578 1872/1542/578
f 1883/1542/576 1887/1542/576 1877/1542/576
f 1883/1542/576 1885/1542/576 1887/1542/576
f 1886/1542/578 1885/1542/578 1883/1542/578
f 1888/1542/611 1886/1542/611 1883/1542/611
f 1886/1542/604 1888/1542/604 1889/1542/604
f 1890/1542/581 1889/1542/581 1888/1542/581
f 1890/1542/581 1888/1542/581 1884/1542/581
f 1872/1542/571 1889/1542/571 1890/1542/571
f 1884/1542/576 1872/1542/576 1890/1542/576
f 1872/1542/571 1891/1542/571 1889/1542/571
f 1886/1542/608 1889/1542/608 1891/1542/608
f 1891/1542/571 1895/1542/571 1892/1542/571
f 1893/1542/578 1891/1542/578 1892/1542/578
f 1893/1542/581 1886/1542/581 1891/1542/581
f 1874/1542/581 1891/1542/581 1872/1542/581
f 1894/1542/605 1891/1542/605 1874/1542/605
f 1891/1542/571 1879/1542/571 1895/1542/571
f 1894/1542/607 1879/1542/607 1891/1542/607
f 1897/1542/585 1895/1542/585 1879/1542/585
f 1895/1542/607 1893/1542/607 1892/1542/607
f 1895/1542/605 1896/1542/605 1893/1542/605
f 1897/1542/586 1896/1542/586 1895/1542/586
f 1897/1542/611 1898/1542/611 1901/1542/611
f 1898/1542/608 1897/1542/608 1879/1542/608
f 1886/1542/572 1896/1542/572 1897/1542/572
f 1899/1542/586 1897/1542/586 1877/1542/586
f 1900/1542/607 1897/1542/607 1899/1542/607
f 1900/1542/607 1886/1542/607 1897/1542/607
f 1897/1542/612 1901/1542/612 1877/1542/612
f 1877/1542/610 1901/1542/610 1878/1542/610
f 1901/1542/585 1902/1542/585 1878/1542/585
f 1901/1542/585 1898/1542/585 1902/1542/585
f 1878/1542/571 1902/1542/571 1879/1542/571
f 1898/1542/607 1879/1542/607 1902/1542/607
f 1887/1542/572 1900/1542/572 1899/1542/572
f 1886/1542/603 1900/1542/603 1885/1542/603
f 1887/1542/572 1885/1542/572 1900/1542/572
f 1899/1542/585 1877/1542/585 1887/1542/585
f 1886/1542/612 1893/1542/612 1896/1542/612
f 1873/1542/571 1894/1542/571 1874/1542/571
f 1879/1542/585 1894/1542/585 1873/1542/585
f 1906/1542/581 1904/1542/581 1903/1542/581
f 1907/1542/576 1903/1542/576 1904/1542/576
f 1907/1542/576 1905/1542/576 1903/1542/576
f 1905/1542/571 1906/1542/571 1903/1542/571
f 1912/1542/614 1908/1542/614 1907/1542/614
f 1913/1542/586 1907/1542/586 1908/1542/586
f 1912/1542/615 1907/1542/615 1904/1542/615
f 1911/1542/586 1905/1542/586 1907/1542/586
f 1913/1542/585 1909/1542/585 1907/1542/585
f 1909/1542/609 1910/1542/609 1907/1542/609
f 1910/1542/614 1911/1542/614 1907/1542/614
f 1914/1542/611 1909/1542/611 1913/1542/611
f 1914/1542/576 1913/1542/576 1908/1542/576
f 1914/1542/572 1915/1542/572 1909/1542/572
f 1915/1542/578 1914/1542/578 1912/1542/578
f 1914/1542/602 1908/1542/602 1912/1542/602
f 1916/1542/609 1915/1542/609 1904/1542/609
f 1920/1542/572 1915/1542/572 1916/1542/572
f 1915/1542/578 1912/1542/578 1904/1542/578
f 1915/1542/609 1919/1542/609 1909/1542/609
f 1915/1542/610 1917/1542/610 1919/1542/610
f 1918/1542/606 1917/1542/606 1915/1542/606
f 1920/1542/572 1918/1542/572 1915/1542/572
f 1918/1542/604 1920/1542/604 1921/1542/604
f 1922/1542/581 1921/1542/581 1920/1542/581
f 1922/1542/581 1920/1542/581 1916/1542/581
f 1904/1542/614 1921/1542/614 1922/1542/614
f 1916/1542/576 1904/1542/576 1922/1542/576
f 1904/1542/615 1923/1542/615 1921/1542/615
f 1918/1542/608 1921/1542/608 1923/1542/608
f 1923/1542/571 1927/1542/571 1924/1542/571
f 1925/1542/578 1923/1542/578 1924/1542/578
f 1925/1542/581 1918/1542/581 1923/1542/581
f 1906/1542/578 1923/1542/578 1904/1542/578
f 1926/1542/607 1923/1542/607 1906/1542/607
f 1923/1542/614 1911/1542/614 1927/1542/614
f 1926/1542/607 1911/1542/607 1923/1542/607
f 1929/1542/585 1927/1542/585 1911/1542/585
f 1927/1542/607 1925/1542/607 1924/1542/607
f 1927/1542/605 1928/1542/605 1925/1542/605
f 1929/1542/586 1928/1542/586 1927/1542/586
f 1929/1542/572 1930/1542/572 1933/1542/572
f 1930/1542/608 1929/1542/608 1911/1542/608
f 1918/1542/572 1928/1542/572 1929/1542/572
f 1931/1542/616 1929/1542/616 1909/1542/616
f 1932/1542/604 1929/1542/604 1931/1542/604
f 1932/1542/608 1918/1542/608 1929/1542/608
f 1929/1542/572 1933/1542/572 1909/1542/572
f 1909/1542/610 1933/1542/610 1910/1542/610
f 1933/1542/585 1934/1542/585 1910/1542/585
f 1933/1542/585 1930/1542/585 1934/1542/585
f 1910/1542/615 1934/1542/615 1911/1542/615
f 1930/1542/607 1911/1542/607 1934/1542/607
f 1919/1542/572 1932/1542/572 1931/1542/572
f 1918/1542/581 1932/1542/581 1917/1542/581
f 1919/1542/572 1917/1542/572 1932/1542/572
f 1931/1542/585 1909/1542/585 1919/1542/585
f 1918/1542/612 1925/1542/612 1928/1542/612
f 1905/1542/571 1926/1542/571 1906/1542/571
f 1911/1542/585 1926/1542/585 1905/1542/585
f 1938/1542/578 1936/1542/578 1935/1542/578
f 1939/1542/602 1935/1542/602 1936/1542/602
f 1939/1542/576 1937/1542/576 1935/1542/576
f 1937/1542/571 1938/1542/571 1935/1542/571
f 1944/1542/571 1940/1542/571 1939/1542/571
f 1945/1542/586 1939/1542/586 1940/1542/586
f 1944/1542/571 1939/1542/571 1936/1542/571
f 1943/1542/586 1937/1542/586 1939/1542/586
f 1945/1542/585 1941/1542/585 1939/1542/585
f 1941/1542/609 1942/1542/609 1939/1542/609
f 1942/1542/571 1943/1542/571 1939/1542/571
f 1946/1542/572 1941/1542/572 1945/1542/572
f 1946/1542/576 1945/1542/576 1940/1542/576
f 1946/1542/572 1947/1542/572 1941/1542/572
f 1947/1542/581 1946/1542/581 1944/1542/581
f 1946/1542/576 1940/1542/576 1944/1542/576
f 1948/1542/609 1947/1542/609 1936/1542/609
f 1952/1542/572 1947/1542/572 1948/1542/572
f 1947/1542/603 1944/1542/603 1936/1542/603
f 1947/1542/602 1951/1542/602 1941/1542/602
f 1947/1542/576 1949/1542/576 1951/1542/576
f 1950/1542/578 1949/1542/578 1947/1542/578
f 1952/1542/572 1950/1542/572 1947/1542/572
f 1950/1542/604 1952/1542/604 1953/1542/604
f 1954/1542/578 1953/1542/578 1952/1542/578
f 1954/1542/581 1952/1542/581 1948/1542/581
f 1936/1542/571 1953/1542/571 1954/1542/571
f 1948/1542/610 1936/1542/610 1954/1542/610
f 1936/1542/571 1955/1542/571 1953/1542/571
f 1950/1542/605 1953/1542/605 1955/1542/605
f 1955/1542/571 1959/1542/571 1956/1542/571
f 1957/1542/578 1955/1542/578 1956/1542/578
f 1957/1542/581 1950/1542/581 1955/1542/581
f 1938/1542/578 1955/1542/578 1936/1542/578
f 1958/1542/607 1955/1542/607 1938/1542/607
f 1955/1542/571 1943/1542/571 1959/1542/571
f 1958/1542/605 1943/1542/605 1955/1542/605
f 1961/1542/586 1959/1542/586 1943/1542/586
f 1959/1542/607 1957/1542/607 1956/1542/607
f 1959/1542/607 1960/1542/607 1957/1542/607
f 1961/1542/585 1960/1542/585 1959/1542/585
f 1961/1542/572 1962/1542/572 1965/1542/572
f 1962/1542/608 1961/1542/608 1943/1542/608
f 1950/1542/572 1960/1542/572 1961/1542/572
f 1963/1542/586 1961/1542/586 1941/1542/586
f 1964/1542/607 1961/1542/607 1963/1542/607
f 1964/1542/605 1950/1542/605 1961/1542/605
f 1961/1542/572 1965/1542/572 1941/1542/572
f 1941/1542/610 1965/1542/610 1942/1542/610
f 1965/1542/585 1966/1542/585 1942/1542/585
f 1965/1542/586 1962/1542/586 1966/1542/586
f 1942/1542/571 1966/1542/571 1943/1542/571
f 1962/1542/608 1943/1542/608 1966/1542/608
f 1951/1542/572 1964/1542/572 1963/1542/572
f 1950/1542/581 1964/1542/581 1949/1542/581
f 1951/1542/572 1949/1542/572 1964/1542/572
f 1963/1542/585 1941/1542/585 1951/1542/585
f 1950/1542/572 1957/1542/572 1960/1542/572
f 1937/1542/571 1958/1542/571 1938/1542/571
f 1943/1542/586 1958/1542/586 1937/1542/586
f 1970/1542/581 1968/1542/581 1967/1542/581
f 1971/1542/602 1967/1542/602 1968/1542/602
f 1971/1542/576 1969/1542/576 1967/1542/576
f 1969/1542/571 1970/1542/571 1967/1542/571
f 1976/1542/571 1972/1542/571 1971/1542/571
f 1977/1542/586 1971/1542/586 1972/1542/586
f 1976/1542/571 1971/1542/571 1968/1542/571
f 1975/1542/586 1969/1542/586 1971/1542/586
f 1977/1542/585 1973/1542/585 1971/1542/585
f 1973/1542/609 1974/1542/609 1971/1542/609
f 1974/1542/571 1975/1542/571 1971/1542/571
f 1978/1542/572 1973/1542/572 1977/1542/572
f 1978/1542/576 1977/1542/576 1972/1542/576
f 1978/1542/572 1979/1542/572 1973/1542/572
f 1979/1542/581 1978/1542/581 1976/1542/581
f 1978/1542/576 1972/1542/576 1976/1542/576
f 1980/1542/609 1979/1542/609 1968/1542/609
f 1984/1542/572 1979/1542/572 1980/1542/572
f 1979/1542/581 1976/1542/581 1968/1542/581
f 1979/1542/576 1983/1542/576 1973/1542/576
f 1979/1542/602 1981/1542/602 1983/1542/602
f 1982/1542/578 1981/1542/578 1979/1542/578
f 1984/1542/572 1982/1542/572 1979/1542/572
f 1982/1542/604 1984/1542/604 1985/1542/604
f 1986/1542/578 1985/1542/578 1984/1542/578
f 1986/1542/581 1984/1542/581 1980/1542/581
f 1968/1542/571 1985/1542/571 1986/1542/571
f 1980/1542/576 1968/1542/576 1986/1542/576
f 1968/1542/571 1987/1542/571 1985/1542/571
f 1982/1542/608 1985/1542/608 1987/1542/608
f 1987/1542/571 1991/1542/571 1988/1542/571
f 1989/1542/581 1987/1542/581 1988/1542/581
f 1989/1542/581 1982/1542/581 1987/1542/581
f 1970/1542/578 1987/1542/578 1968/1542/578
f 1990/1542/607 1987/1542/607 1970/1542/607
f 1987/1542/571 1975/1542/571 1991/1542/571
f 1990/1542/605 1975/1542/605 1987/1542/605
f 1993/1542/586 1991/1542/586 1975/1542/586
f 1991/1542/607 1989/1542/607 1988/1542/607
f 1991/1542/607 1992/1542/607 1989/1542/607
f 1993/1542/585 1992/1542/585 1991/1542/585
f 1993/1542/572 1994/1542/572 1997/1542/572
f 1994/1542/608 1993/1542/608 1975/1542/608
f 1982/1542/572 1992/1542/572 1993/1542/572
f 1995/1542/585 1993/1542/585 1973/1542/585
f 1996/1542/605 1993/1542/605 1995/1542/605
f 1996/1542/607 1982/1542/607 1993/1542/607
f 1993/1542/572 1997/1542/572 1973/1542/572
f 1973/1542/610 1997/1542/610 1974/1542/610
f 1997/1542/585 1998/1542/585 1974/1542/585
f 1997/1542/586 1994/1542/586 1998/1542/586
f 1974/1542/571 1998/1542/571 1975/1542/571
f 1994/1542/605 1975/1542/605 1998/1542/605
f 1983/1542/572 1996/1542/572 1995/1542/572
f 1982/1542/581 1996/1542/581 1981/1542/581
f 1983/1542/572 1981/1542/572 1996/1542/572
f 1995/1542/585 1973/1542/585 1983/1542/585
f 1982/1542/572 1989/1542/572 1992/1542/572
f 1969/1542/571 1990/1542/571 1970/1542/571
f 1975/1542/585 1990/1542/585 1969/1542/585
f 2002/1542/578 2000/1542/578 1999/1542/578
f 2003/1542/576 1999/1542/576 2000/1542/576
f 2003/1542/602 2001/1542/602 1999/1542/602
f 2001/1542/571 2002/1542/571 1999/1542/571
f 2008/1542/571 2004/1542/571 2003/1542/571
f 2009/1542/586 2003/1542/586 2004/1542/586
f 2008/1542/571 2003/1542/571 2000/1542/571
f 2007/1542/585 2001/1542/585 2003/1542/585
f 2009/1542/585 2005/1542/585 2003/1542/585
f 2005/1542/609 2006/1542/609 2003/1542/609
f 2006/1542/571 2007/1542/571 2003/1542/571
f 2010/1542/611 2005/1542/611 2009/1542/611
f 2010/1542/576 2009/1542/576 2004/1542/576
f 2010/1542/572 2011/1542/572 2005/1542/572
f 2011/1542/581 2010/1542/581 2008/1542/581
f 2010/1542/576 2004/1542/576 2008/1542/576
f 2012/1542/609 2011/1542/609 2000/1542/609
f 2016/1542/612 2011/1542/612 2012/1542/612
f 2011/1542/581 2008/1542/581 2000/1542/581
f 2011/1542/576 2015/1542/576 2005/1542/576
f 2011/1542/576 2013/1542/576 2015/1542/576
f 2014/1542/578 2013/1542/578 2011/1542/578
f 2016/1542/611 2014/1542/611 2011/1542/611
f 2014/1542/604 2016/1542/604 2017/1542/604
f 2018/1542/578 2017/1542/578 2016/1542/578
f 2018/1542/581 2016/1542/581 2012/1542/581
f 2000/1542/571 2017/1542/571 2018/1542/571
f 2012/1542/576 2000/1542/576 2018/1542/576
f 2000/1542/571 2019/1542/571 2017/1542/571
f 2014/1542/608 2017/1542/608 2019/1542/608
f 2019/1542/571 2023/1542/571 2020/1542/571
f 2021/1542/581 2019/1542/581 2020/1542/581
f 2021/1542/581 2014/1542/581 2019/1542/581
f 2002/1542/581 2019/1542/581 2000/1542/581
f 2022/1542/605 2019/1542/605 2002/1542/605
f 2019/1542/571 2007/1542/571 2023/1542/571
f 2022/1542/607 2007/1542/607 2019/1542/607
f 2025/1542/586 2023/1542/586 2007/1542/586
f 2023/1542/607 2021/1542/607 2020/1542/607
f 2023/1542/607 2024/1542/607 2021/1542/607
f 2025/1542/585 2024/1542/585 2023/1542/585
f 2025/1542/611 2026/1542/611 2029/1542/611
f 2026/1542/608 2025/1542/608 2007/1542/608
f 2014/1542/572 2024/1542/572 2025/1542/572
f 2027/1542/586 2025/1542/586 2005/1542/586
f 2028/1542/607 2025/1542/607 2027/1542/607
f 2028/1542/607 2014/1542/607 2025/1542/607
f 2025/1542/612 2029/1542/612 2005/1542/612
f 2005/1542/610 2029/1542/610 2006/1542/610
f 2029/1542/585 2030/1542/585 2006/1542/585
f 2029/1542/586 2026/1542/586 2030/1542/586
f 2006/1542/571 2030/1542/571 2007/1542/571
f 2026/1542/605 2007/1542/605 2030/1542/605
f 2015/1542/572 2028/1542/572 2027/1542/572
f 2014/1542/581 2028/1542/581 2013/1542/581
f 2015/1542/572 2013/1542/572 2028/1542/572
f 2027/1542/585 2005/1542/585 2015/1542/585
f 2014/1542/612 2021/1542/612 2024/1542/612
f 2001/1542/571 2022/1542/571 2002/1542/571
f 2007/1542/585 2022/1542/585 2001/1542/585
f 2034/1542/581 2032/1542/581 2031/1542/581
f 2035/1542/576 2031/1542/576 2032/1542/576
f 2035/1542/576 2033/1542/576 2031/1542/576
f 2033/1542/571 2034/1542/571 2031/1542/571
f 2040/1542/614 2036/1542/614 2035/1542/614
f 2041/1542/586 2035/1542/586 2036/1542/586
f 2040/1542/615 2035/1542/615 2032/1542/615
f 2039/1542/586 2033/1542/586 2035/1542/586
f 2041/1542/585 2037/1542/585 2035/1542/585
f 2037/1542/609 2038/1542/609 2035/1542/609
f 2038/1542/614 2039/1542/614 2035/1542/614
f 2042/1542/611 2037/1542/611 2041/1542/611
f 2042/1542/576 2041/1542/576 2036/1542/576
f 2042/1542/572 2043/1542/572 2037/1542/572
f 2043/1542/581 2042/1542/581 2040/1542/581
f 2042/1542/576 2036/1542/576 2040/1542/576
f 2044/1542/609 2043/1542/609 2032/1542/609
f 2048/1542/572 2043/1542/572 2044/1542/572
f 2043/1542/581 2040/1542/581 2032/1542/581
f 2043/1542/609 2047/1542/609 2037/1542/609
f 2043/1542/610 2045/1542/610 2047/1542/610
f 2046/1542/606 2045/1542/606 2043/1542/606
f 2048/1542/572 2046/1542/572 2043/1542/572
f 2046/1542/604 2048/1542/604 2049/1542/604
f 2050/1542/578 2049/1542/578 2048/1542/578
f 2050/1542/581 2048/1542/581 2044/1542/581
f 2032/1542/614 2049/1542/614 2050/1542/614
f 2044/1542/576 2032/1542/576 2050/1542/576
f 2032/1542/615 2051/1542/615 2049/1542/615
f 2046/1542/608 2049/1542/608 2051/1542/608
f 2051/1542/571 2055/1542/571 2052/1542/571
f 2053/1542/581 2051/1542/581 2052/1542/581
f 2053/1542/581 2046/1542/581 2051/1542/581
f 2034/1542/578 2051/1542/578 2032/1542/578
f 2054/1542/607 2051/1542/607 2034/1542/607
f 2051/1542/614 2039/1542/614 2055/1542/614
f 2054/1542/607 2039/1542/607 2051/1542/607
f 2057/1542/586 2055/1542/586 2039/1542/586
f 2055/1542/607 2053/1542/607 2052/1542/607
f 2055/1542/607 2056/1542/607 2053/1542/607
f 2057/1542/585 2056/1542/585 2055/1542/585
f 2057/1542/572 2058/1542/572 2061/1542/572
f 2058/1542/608 2057/1542/608 2039/1542/608
f 2046/1542/572 2056/1542/572 2057/1542/572
f 2059/1542/616 2057/1542/616 2037/1542/616
f 2060/1542/604 2057/1542/604 2059/1542/604
f 2060/1542/608 2046/1542/608 2057/1542/608
f 2057/1542/572 2061/1542/572 2037/1542/572
f 2037/1542/610 2061/1542/610 2038/1542/610
f 2061/1542/585 2062/1542/585 2038/1542/585
f 2061/1542/586 2058/1542/586 2062/1542/586
f 2038/1542/615 2062/1542/615 2039/1542/615
f 2058/1542/605 2039/1542/605 2062/1542/605
f 2047/1542/572 2060/1542/572 2059/1542/572
f 2046/1542/581 2060/1542/581 2045/1542/581
f 2047/1542/572 2045/1542/572 2060/1542/572
f 2059/1542/585 2037/1542/585 2047/1542/585
f 2046/1542/612 2053/1542/612 2056/1542/612
f 2033/1542/571 2054/1542/571 2034/1542/571
f 2039/1542/585 2054/1542/585 2033/1542/585
f 2066/1542/578 2064/1542/578 2063/1542/578
f 2067/1542/576 2063/1542/576 2064/1542/576
f 2067/1542/576 2065/1542/576 2063/1542/576
f 2065/1542/571 2066/1542/571 2063/1542/571
f 2068/1542/571 2067/1542/571 2064/1542/571
f 2072/1542/586 2067/1542/586 2068/1542/586
f 2071/1542/586 2065/1542/586 2067/1542/586
f 2072/1542/586 2069/1542/586 2067/1542/586
f 2069/1542/609 2070/1542/609 2067/1542/609
f 2070/1542/571 2071/1542/571 2067/1542/571
f 2072/1542/572 2074/1542/572 2069/1542/572
f 2073/1542/576 2072/1542/576 2068/1542/576
f 2072/1542/572 2073/1542/572 2074/1542/572
f 2075/1542/602 2074/1542/602 2064/1542/602
f 2080/1542/572 2074/1542/572 2075/1542/572
f 2074/1542/603 2078/1542/603 2064/1542/603
f 2074/1542/581 2073/1542/581 2078/1542/581
f 2074/1542/602 2079/1542/602 2069/1542/602
f 2074/1542/576 2076/1542/576 2079/1542/576
f 2077/1542/578 2076/1542/578 2074/1542/578
f 2080/1542/572 2077/1542/572 2074/1542/572
f 2077/1542/604 2080/1542/604 2081/1542/604
f 2082/1542/578 2081/1542/578 2080/1542/578
f 2082/1542/581 2080/1542/581 2075/1542/581
f 2064/1542/571 2081/1542/571 2082/1542/571
f 2075/1542/576 2064/1542/576 2082/1542/576
f 2064/1542/571 2083/1542/571 2081/1542/571
f 2077/1542/605 2081/1542/605 2083/1542/605
f 2083/1542/571 2087/1542/571 2084/1542/571
f 2085/1542/578 2083/1542/578 2084/1542/578
f 2085/1542/581 2077/1542/581 2083/1542/581
f 2066/1542/578 2083/1542/578 2064/1542/578
f 2086/1542/607 2083/1542/607 2066/1542/607
f 2083/1542/571 2071/1542/571 2087/1542/571
f 2086/1542/605 2071/1542/605 2083/1542/605
f 2089/1542/586 2087/1542/586 2071/1542/586
f 2087/1542/607 2085/1542/607 2084/1542/607
f 2087/1542/607 2088/1542/607 2085/1542/607
f 2089/1542/585 2088/1542/585 2087/1542/585
f 2089/1542/572 2090/1542/572 2093/1542/572
f 2090/1542/608 2089/1542/608 2071/1542/608
f 2077/1542/572 2088/1542/572 2089/1542/572
f 2091/1542/586 2089/1542/586 2069/1542/586
f 2092/1542/607 2089/1542/607 2091/1542/607
f 2092/1542/605 2077/1542/605 2089/1542/605
f 2089/1542/572 2093/1542/572 2069/1542/572
f 2069/1542/576 2093/1542/576 2070/1542/576
f 2093/1542/586 2094/1542/586 2070/1542/586
f 2093/1542/586 2090/1542/586 2094/1542/586
f 2070/1542/571 2094/1542/571 2071/1542/571
f 2090/1542/605 2071/1542/605 2094/1542/605
f 2079/1542/572 2092/1542/572 2091/1542/572
f 2077/1542/581 2092/1542/581 2076/1542/581
f 2079/1542/572 2076/1542/572 2092/1542/572
f 2091/1542/585 2069/1542/585 2079/1542/585
f 2077/1542/572 2085/1542/572 2088/1542/572
f 2065/1542/571 2086/1542/571 2066/1542/571
f 2071/1542/585 2086/1542/585 2065/1542/585
f 2068/1542/571 2064/1542/571 2078/1542/571
f 2073/1542/576 2068/1542/576 2078/1542/576
f 2098/1542/581 2096/1542/581 2095/1542/581
f 2099/1542/602 2095/1542/602 2096/1542/602
f 2099/1542/576 2097/1542/576 2095/1542/576
f 2097/1542/571 2098/1542/571 2095/1542/571
f 2100/1542/571 2099/1542/571 2096/1542/571
f 2104/1542/616 2099/1542/616 2100/1542/616
f 2103/1542/586 2097/1542/586 2099/1542/586
f 2104/1542/586 2101/1542/586 2099/1542/586
f 2101/1542/609 2102/1542/609 2099/1542/609
f 2102/1542/571 2103/1542/571 2099/1542/571
f 2104/1542/572 2106/1542/572 2101/1542/572
f 2105/1542/576 2104/1542/576 2100/1542/576
f 2104/1542/572 2105/1542/572 2106/1542/572
f 2107/1542/602 2106/1542/602 2096/1542/602
f 2112/1542/572 2106/1542/572 2107/1542/572
f 2106/1542/581 2110/1542/581 2096/1542/581
f 2106/1542/581 2105/1542/581 2110/1542/581
f 2106/1542/576 2111/1542/576 2101/1542/576
f 2106/1542/602 2108/1542/602 2111/1542/602
f 2109/1542/581 2108/1542/581 2106/1542/581
f 2112/1542/572 2109/1542/572 2106/1542/572
f 2109/1542/604 2112/1542/604 2113/1542/604
f 2114/1542/578 2113/1542/578 2112/1542/578
f 2114/1542/581 2112/1542/581 2107/1542/581
f 2096/1542/571 2113/1542/571 2114/1542/571
f 2107/1542/602 2096/1542/602 2114/1542/602
f 2096/1542/571 2115/1542/571 2113/1542/571
f 2109/1542/608 2113/1542/608 2115/1542/608
f 2115/1542/571 2119/1542/571 2116/1542/571
f 2117/1542/581 2115/1542/581 2116/1542/581
f 2117/1542/581 2109/1542/581 2115/1542/581
f 2098/1542/578 2115/1542/578 2096/1542/578
f 2118/1542/607 2115/1542/607 2098/1542/607
f 2115/1542/571 2103/1542/571 2119/1542/571
f 2118/1542/605 2103/1542/605 2115/1542/605
f 2121/1542/586 2119/1542/586 2103/1542/586
f 2119/1542/607 2117/1542/607 2116/1542/607
f 2119/1542/607 2120/1542/607 2117/1542/607
f 2121/1542/585 2120/1542/585 2119/1542/585
f 2121/1542/572 2122/1542/572 2125/1542/572
f 2122/1542/608 2121/1542/608 2103/1542/608
f 2109/1542/572 2120/1542/572 2121/1542/572
f 2123/1542/585 2121/1542/585 2101/1542/585
f 2124/1542/605 2121/1542/605 2123/1542/605
f 2124/1542/607 2109/1542/607 2121/1542/607
f 2121/1542/572 2125/1542/572 2101/1542/572
f 2101/1542/576 2125/1542/576 2102/1542/576
f 2125/1542/586 2126/1542/586 2102/1542/586
f 2125/1542/586 2122/1542/586 2126/1542/586
f 2102/1542/571 2126/1542/571 2103/1542/571
f 2122/1542/605 2103/1542/605 2126/1542/605
f 2111/1542/572 2124/1542/572 2123/1542/572
f 2109/1542/581 2124/1542/581 2108/1542/581
f 2111/1542/572 2108/1542/572 2124/1542/572
f 2123/1542/585 2101/1542/585 2111/1542/585
f 2109/1542/572 2117/1542/572 2120/1542/572
f 2097/1542/571 2118/1542/571 2098/1542/571
f 2103/1542/585 2118/1542/585 2097/1542/585
f 2100/1542/571 2096/1542/571 2110/1542/571
f 2105/1542/576 2100/1542/576 2110/1542/576
f 2130/1542/581 2128/1542/581 2127/1542/581
f 2131/1542/576 2127/1542/576 2128/1542/576
f 2131/1542/602 2129/1542/602 2127/1542/602
f 2129/1542/571 2130/1542/571 2127/1542/571
f 2132/1542/571 2131/1542/571 2128/1542/571
f 2136/1542/616 2131/1542/616 2132/1542/616
f 2135/1542/585 2129/1542/585 2131/1542/585
f 2136/1542/586 2133/1542/586 2131/1542/586
f 2133/1542/609 2134/1542/609 2131/1542/609
f 2134/1542/614 2135/1542/614 2131/1542/614
f 2136/1542/572 2138/1542/572 2133/1542/572
f 2137/1542/576 2136/1542/576 2132/1542/576
f 2136/1542/572 2137/1542/572 2138/1542/572
f 2139/1542/602 2138/1542/602 2128/1542/602
f 2144/1542/612 2138/1542/612 2139/1542/612
f 2138/1542/581 2142/1542/581 2128/1542/581
f 2138/1542/581 2137/1542/581 2142/1542/581
f 2138/1542/576 2143/1542/576 2133/1542/576
f 2138/1542/576 2140/1542/576 2143/1542/576
f 2141/1542/578 2140/1542/578 2138/1542/578
f 2144/1542/611 2141/1542/611 2138/1542/611
f 2141/1542/604 2144/1542/604 2145/1542/604
f 2146/1542/578 2145/1542/578 2144/1542/578
f 2146/1542/581 2144/1542/581 2139/1542/581
f 2128/1542/571 2145/1542/571 2146/1542/571
f 2139/1542/602 2128/1542/602 2146/1542/602
f 2128/1542/571 2147/1542/571 2145/1542/571
f 2141/1542/608 2145/1542/608 2147/1542/608
f 2147/1542/571 2151/1542/571 2148/1542/571
f 2149/1542/581 2147/1542/581 2148/1542/581
f 2149/1542/581 2141/1542/581 2147/1542/581
f 2130/1542/581 2147/1542/581 2128/1542/581
f 2150/1542/605 2147/1542/605 2130/1542/605
f 2147/1542/571 2135/1542/571 2151/1542/571
f 2150/1542/607 2135/1542/607 2147/1542/607
f 2153/1542/586 2151/1542/586 2135/1542/586
f 2151/1542/607 2149/1542/607 2148/1542/607
f 2151/1542/607 2152/1542/607 2149/1542/607
f 2153/1542/585 2152/1542/585 2151/1542/585
f 2153/1542/572 2154/1542/572 2157/1542/572
f 2154/1542/608 2153/1542/608 2135/1542/608
f 2141/1542/572 2152/1542/572 2153/1542/572
f 2155/1542/586 2153/1542/586 2133/1542/586
f 2156/1542/607 2153/1542/607 2155/1542/607
f 2156/1542/607 2141/1542/607 2153/1542/607
f 2153/1542/572 2157/1542/572 2133/1542/572
f 2133/1542/576 2157/1542/576 2134/1542/576
f 2157/1542/586 2158/1542/586 2134/1542/586
f 2157/1542/586 2154/1542/586 2158/1542/586
f 2134/1542/571 2158/1542/571 2135/1542/571
f 2154/1542/605 2135/1542/605 2158/1542/605
f 2143/1542/572 2156/1542/572 2155/1542/572
f 2141/1542/581 2156/1542/581 2140/1542/581
f 2143/1542/572 2140/1542/572 2156/1542/572
f 2155/1542/585 2133/1542/585 2143/1542/585
f 2141/1542/612 2149/1542/612 2152/1542/612
f 2129/1542/571 2150/1542/571 2130/1542/571
f 2135/1542/585 2150/1542/585 2129/1542/585
f 2132/1542/571 2128/1542/571 2142/1542/571
f 2137/1542/576 2132/1542/576 2142/1542/576
f 2162/1542/581 2160/1542/581 2159/1542/581
f 2163/1542/609 2159/1542/609 2160/1542/609
f 2163/1542/576 2161/1542/576 2159/1542/576
f 2161/1542/571 2162/1542/571 2159/1542/571
f 2164/1542/571 2163/1542/571 2160/1542/571
f 2168/1542/616 2163/1542/616 2164/1542/616
f 2167/1542/586 2161/1542/586 2163/1542/586
f 2168/1542/586 2165/1542/586 2163/1542/586
f 2165/1542/609 2166/1542/609 2163/1542/609
f 2166/1542/614 2167/1542/614 2163/1542/614
f 2168/1542/572 2170/1542/572 2165/1542/572
f 2169/1542/576 2168/1542/576 2164/1542/576
f 2168/1542/611 2169/1542/611 2170/1542/611
f 2171/1542/602 2170/1542/602 2160/1542/602
f 2176/1542/572 2170/1542/572 2171/1542/572
f 2170/1542/581 2174/1542/581 2160/1542/581
f 2170/1542/581 2169/1542/581 2174/1542/581
f 2170/1542/576 2175/1542/576 2165/1542/576
f 2170/1542/576 2172/1542/576 2175/1542/576
f 2173/1542/606 2172/1542/606 2170/1542/606
f 2176/1542/572 2173/1542/572 2170/1542/572
f 2173/1542/604 2176/1542/604 2177/1542/604
f 2178/1542/578 2177/1542/578 2176/1542/578
f 2178/1542/581 2176/1542/581 2171/1542/581
f 2160/1542/614 2177/1542/614 2178/1542/614
f 2171/1542/602 2160/1542/602 2178/1542/602
f 2160/1542/615 2179/1542/615 2177/1542/615
f 2173/1542/608 2177/1542/608 2179/1542/608
f 2179/1542/571 2183/1542/571 2180/1542/571
f 2181/1542/581 2179/1542/581 2180/1542/581
f 2181/1542/581 2173/1542/581 2179/1542/581
f 2162/1542/578 2179/1542/578 2160/1542/578
f 2182/1542/607 2179/1542/607 2162/1542/607
f 2179/1542/614 2167/1542/614 2183/1542/614
f 2182/1542/607 2167/1542/607 2179/1542/607
f 2185/1542/586 2183/1542/586 2167/1542/586
f 2183/1542/607 2181/1542/607 2180/1542/607
f 2183/1542/607 2184/1542/607 2181/1542/607
f 2185/1542/585 2184/1542/585 2183/1542/585
f 2185/1542/572 2186/1542/572 2189/1542/572
f 2186/1542/608 2185/1542/608 2167/1542/608
f 2173/1542/572 2184/1542/572 2185/1542/572
f 2187/1542/616 2185/1542/616 2165/1542/616
f 2188/1542/604 2185/1542/604 2187/1542/604
f 2188/1542/608 2173/1542/608 2185/1542/608
f 2185/1542/572 2189/1542/572 2165/1542/572
f 2165/1542/576 2189/1542/576 2166/1542/576
f 2189/1542/586 2190/1542/586 2166/1542/586
f 2189/1542/586 2186/1542/586 2190/1542/586
f 2166/1542/571 2190/1542/571 2167/1542/571
f 2186/1542/605 2167/1542/605 2190/1542/605
f 2175/1542/572 2188/1542/572 2187/1542/572
f 2173/1542/581 2188/1542/581 2172/1542/581
f 2175/1542/572 2172/1542/572 2188/1542/572
f 2187/1542/585 2165/1542/585 2175/1542/585
f 2173/1542/612 2181/1542/612 2184/1542/612
f 2161/1542/571 2182/1542/571 2162/1542/571
f 2167/1542/585 2182/1542/585 2161/1542/585
f 2164/1542/571 2160/1542/571 2174/1542/571
f 2169/1542/576 2164/1542/576 2174/1542/576
f 2194/1542/590 2192/1542/590 2191/1542/590
f 2195/1542/617 2191/1542/617 2192/1542/617
f 2191/1542/571 2193/1542/571 2196/1542/571
f 2195/1542/618 2193/1542/618 2191/1542/618
f 2191/1542/571 2196/1542/571 2194/1542/571
f 2196/1542/619 2198/1542/619 2194/1542/619
f 2197/1542/600 2196/1542/600 2193/1542/600
f 2196/1542/575 2197/1542/575 2198/1542/575
f 2198/1542/571 2203/1542/571 2199/1542/571
f 2202/1542/594 2198/1542/594 2199/1542/594
f 2202/1542/590 2200/1542/590 2198/1542/590
f 2200/1542/620 2201/1542/620 2198/1542/620
f 2198/1542/571 2201/1542/571 2204/1542/571
f 2194/1542/594 2198/1542/594 2192/1542/594
f 2198/1542/571 2197/1542/571 2203/1542/571
f 2198/1542/571 2204/1542/571 2192/1542/571
f 2205/1542/621 2192/1542/621 2204/1542/621
f 2204/1542/594 2206/1542/594 2205/1542/594
f 2204/1542/590 2201/1542/590 2206/1542/590
f 2205/1542/572 2206/1542/572 2200/1542/572
f 2200/1542/622 2206/1542/622 2201/1542/622
f 2205/1542/623 2207/1542/623 2192/1542/623
f 2205/1542/572 2200/1542/572 2207/1542/572
f 2207/1542/590 2211/1542/590 2192/1542/590
f 2208/1542/572 2207/1542/572 2209/1542/572
f 2207/1542/594 2208/1542/594 2211/1542/594
f 2207/1542/618 2212/1542/618 2209/1542/618
f 2207/1542/617 2210/1542/617 2212/1542/617
f 2200/1542/594 2210/1542/594 2207/1542/594
f 2213/1542/599 2209/1542/599 2212/1542/599
f 2210/1542/572 2213/1542/572 2212/1542/572
f 2213/1542/600 2214/1542/600 2209/1542/600
f 2215/1542/619 2214/1542/619 2213/1542/619
f 2210/1542/572 2215/1542/572 2213/1542/572
f 2200/1542/590 2215/1542/590 2210/1542/590
f 2215/1542/619 2200/1542/619 2214/1542/619
f 2209/1542/572 2214/1542/572 2216/1542/572
f 2216/1542/620 2214/1542/620 2197/1542/620
f 2214/1542/624 2203/1542/624 2197/1542/624
f 2214/1542/600 2217/1542/600 2203/1542/600
f 2200/1542/572 2217/1542/572 2214/1542/572
f 2203/1542/575 2217/1542/575 2202/1542/575
f 2200/1542/572 2202/1542/572 2217/1542/572
f 2219/1542/599 2216/1542/599 2218/1542/599
f 2216/1542/622 2197/1542/622 2218/1542/622
f 2209/1542/572 2216/1542/572 2219/1542/572
f 2209/1542/617 2219/1542/617 2220/1542/617
f 2219/1542/599 2218/1542/599 2220/1542/599
f 2218/1542/571 2195/1542/571 2220/1542/571
f 2209/1542/623 2220/1542/623 2195/1542/623
f 2218/1542/571 2197/1542/571 2195/1542/571
f 2211/1542/571 2195/1542/571 2192/1542/571
f 2211/1542/571 2221/1542/571 2195/1542/571
f 2208/1542/617 2221/1542/617 2211/1542/617
f 2222/1542/625 2195/1542/625 2221/1542/625
f 2208/1542/618 2222/1542/618 2221/1542/618
f 2222/1542/600 2209/1542/600 2195/1542/600
f 2208/1542/572 2209/1542/572 2222/1542/572
f 2203/1542/619 2202/1542/619 2199/1542/619
f 2197/1542/600 2193/1542/600 2195/1542/600
f 2226/1542/590 2224/1542/590 2223/1542/590
f 2227/1542/618 2223/1542/618 2224/1542/618
f 2223/1542/571 2225/1542/571 2228/1542/571
f 2227/1542/617 2225/1542/617 2223/1542/617
f 2223/1542/571 2228/1542/571 2226/1542/571
f 2228/1542/619 2230/1542/619 2226/1542/619
f 2229/1542/599 2228/1542/599 2225/1542/599
f 2228/1542/619 2229/1542/619 2230/1542/619
f 2230/1542/571 2235/1542/571 2231/1542/571
f 2234/1542/594 2230/1542/594 2231/1542/594
f 2234/1542/590 2232/1542/590 2230/1542/590
f 2232/1542/620 2233/1542/620 2230/1542/620
f 2230/1542/571 2233/1542/571 2236/1542/571
f 2226/1542/594 2230/1542/594 2224/1542/594
f 2230/1542/571 2229/1542/571 2235/1542/571
f 2230/1542/571 2236/1542/571 2224/1542/571
f 2237/1542/621 2224/1542/621 2236/1542/621
f 2236/1542/594 2238/1542/594 2237/1542/594
f 2236/1542/590 2233/1542/590 2238/1542/590
f 2237/1542/572 2238/1542/572 2232/1542/572
f 2232/1542/622 2238/1542/622 2233/1542/622
f 2237/1542/623 2239/1542/623 2224/1542/623
f 2237/1542/572 2232/1542/572 2239/1542/572
f 2239/1542/590 2243/1542/590 2224/1542/590
f 2240/1542/572 2239/1542/572 2241/1542/572
f 2239/1542/594 2240/1542/594 2243/1542/594
f 2239/1542/617 2244/1542/617 2241/1542/617
f 2239/1542/618 2242/1542/618 2244/1542/618
f 2232/1542/594 2242/1542/594 2239/1542/594
f 2245/1542/600 2241/1542/600 2244/1542/600
f 2242/1542/572 2245/1542/572 2244/1542/572
f 2245/1542/599 2246/1542/599 2241/1542/599
f 2247/1542/619 2246/1542/619 2245/1542/619
f 2242/1542/572 2247/1542/572 2245/1542/572
f 2232/1542/590 2247/1542/590 2242/1542/590
f 2247/1542/575 2232/1542/575 2246/1542/575
f 2241/1542/572 2246/1542/572 2248/1542/572
f 2248/1542/620 2246/1542/620 2229/1542/620
f 2246/1542/624 2235/1542/624 2229/1542/624
f 2246/1542/600 2249/1542/600 2235/1542/600
f 2232/1542/572 2249/1542/572 2246/1542/572
f 2235/1542/575 2249/1542/575 2234/1542/575
f 2232/1542/572 2234/1542/572 2249/1542/572
f 2251/1542/599 2248/1542/599 2250/1542/599
f 2248/1542/622 2229/1542/622 2250/1542/622
f 2241/1542/572 2248/1542/572 2251/1542/572
f 2241/1542/617 2251/1542/617 2252/1542/617
f 2251/1542/599 2250/1542/599 2252/1542/599
f 2250/1542/571 2227/1542/571 2252/1542/571
f 2241/1542/623 2252/1542/623 2227/1542/623
f 2250/1542/571 2229/1542/571 2227/1542/571
f 2243/1542/571 2227/1542/571 2224/1542/571
f 2243/1542/571 2253/1542/571 2227/1542/571
f 2240/1542/617 2253/1542/617 2243/1542/617
f 2254/1542/600 2227/1542/600 2253/1542/600
f 2240/1542/618 2254/1542/618 2253/1542/618
f 2254/1542/600 2241/1542/600 2227/1542/600
f 2240/1542/572 2241/1542/572 2254/1542/572
f 2235/1542/619 2234/1542/619 2231/1542/619
f 2229/1542/600 2225/1542/600 2227/1542/600
f 2258/1542/594 2256/1542/594 2255/1542/594
f 2259/1542/617 2255/1542/617 2256/1542/617
f 2255/1542/571 2257/1542/571 2260/1542/571
f 2259/1542/618 2257/1542/618 2255/1542/618
f 2255/1542/571 2260/1542/571 2258/1542/571
f 2260/1542/619 2262/1542/619 2258/1542/619
f 2261/1542/599 2260/1542/599 2257/1542/599
f 2260/1542/575 2261/1542/575 2262/1542/575
f 2262/1542/571 2267/1542/571 2263/1542/571
f 2266/1542/594 2262/1542/594 2263/1542/594
f 2266/1542/590 2264/1542/590 2262/1542/590
f 2264/1542/620 2265/1542/620 2262/1542/620
f 2262/1542/571 2265/1542/571 2268/1542/571
f 2258/1542/590 2262/1542/590 2256/1542/590
f 2262/1542/571 2261/1542/571 2267/1542/571
f 2262/1542/571 2268/1542/571 2256/1542/571
f 2269/1542/621 2256/1542/621 2268/1542/621
f 2268/1542/594 2270/1542/594 2269/1542/594
f 2268/1542/590 2265/1542/590 2270/1542/590
f 2269/1542/572 2270/1542/572 2264/1542/572
f 2264/1542/622 2270/1542/622 2265/1542/622
f 2269/1542/623 2271/1542/623 2256/1542/623
f 2269/1542/612 2264/1542/612 2271/1542/612
f 2271/1542/590 2275/1542/590 2256/1542/590
f 2272/1542/572 2271/1542/572 2273/1542/572
f 2271/1542/594 2272/1542/594 2275/1542/594
f 2271/1542/617 2276/1542/617 2273/1542/617
f 2271/1542/617 2274/1542/617 2276/1542/617
f 2264/1542/594 2274/1542/594 2271/1542/594
f 2277/1542/599 2273/1542/599 2276/1542/599
f 2274/1542/572 2277/1542/572 2276/1542/572
f 2277/1542/600 2278/1542/600 2273/1542/600
f 2279/1542/620 2278/1542/620 2277/1542/620
f 2274/1542/572 2279/1542/572 2277/1542/572
f 2264/1542/626 2279/1542/626 2274/1542/626
f 2279/1542/622 2264/1542/622 2278/1542/622
f 2273/1542/572 2278/1542/572 2280/1542/572
f 2280/1542/620 2278/1542/620 2261/1542/620
f 2278/1542/624 2267/1542/624 2261/1542/624
f 2278/1542/600 2281/1542/600 2267/1542/600
f 2264/1542/612 2281/1542/612 2278/1542/612
f 2267/1542/575 2281/1542/575 2266/1542/575
f 2264/1542/572 2266/1542/572 2281/1542/572
f 2283/1542/599 2280/1542/599 2282/1542/599
f 2280/1542/622 2261/1542/622 2282/1542/622
f 2273/1542/572 2280/1542/572 2283/1542/572
f 2273/1542/617 2283/1542/617 2284/1542/617
f 2283/1542/599 2282/1542/599 2284/1542/599
f 2282/1542/571 2259/1542/571 2284/1542/571
f 2273/1542/623 2284/1542/623 2259/1542/623
f 2282/1542/571 2261/1542/571 2259/1542/571
f 2275/1542/571 2259/1542/571 2256/1542/571
f 2275/1542/571 2285/1542/571 2259/1542/571
f 2272/1542/617 2285/1542/617 2275/1542/617
f 2286/1542/600 2259/1542/600 2285/1542/600
f 2272/1542/618 2286/1542/618 2285/1542/618
f 2286/1542/600 2273/1542/600 2259/1542/600
f 2272/1542/572 2273/1542/572 2286/1542/572
f 2267/1542/619 2266/1542/619 2263/1542/619
f 2261/1542/600 2257/1542/600 2259/1542/600
f 2290/1542/590 2288/1542/590 2287/1542/590
f 2291/1542/623 2287/1542/623 2288/1542/623
f 2287/1542/571 2289/1542/571 2292/1542/571
f 2291/1542/621 2289/1542/621 2287/1542/621
f 2287/1542/571 2292/1542/571 2290/1542/571
f 2292/1542/620 2294/1542/620 2290/1542/620
f 2293/1542/624 2292/1542/624 2289/1542/624
f 2292/1542/622 2293/1542/622 2294/1542/622
f 2294/1542/571 2299/1542/571 2295/1542/571
f 2298/1542/594 2294/1542/594 2295/1542/594
f 2298/1542/590 2296/1542/590 2294/1542/590
f 2296/1542/620 2297/1542/620 2294/1542/620
f 2294/1542/615 2297/1542/615 2300/1542/615
f 2290/1542/594 2294/1542/594 2288/1542/594
f 2294/1542/571 2293/1542/571 2299/1542/571
f 2294/1542/571 2300/1542/571 2288/1542/571
f 2301/1542/621 2288/1542/621 2300/1542/621
f 2300/1542/594 2302/1542/594 2301/1542/594
f 2300/1542/590 2297/1542/590 2302/1542/590
f 2301/1542/611 2302/1542/611 2296/1542/611
f 2296/1542/622 2302/1542/622 2297/1542/622
f 2301/1542/623 2303/1542/623 2288/1542/623
f 2301/1542/612 2296/1542/612 2303/1542/612
f 2303/1542/590 2307/1542/590 2288/1542/590
f 2304/1542/572 2303/1542/572 2305/1542/572
f 2303/1542/594 2304/1542/594 2307/1542/594
f 2303/1542/623 2308/1542/623 2305/1542/623
f 2303/1542/621 2306/1542/621 2308/1542/621
f 2296/1542/627 2306/1542/627 2303/1542/627
f 2309/1542/600 2305/1542/600 2308/1542/600
f 2306/1542/572 2309/1542/572 2308/1542/572
f 2309/1542/625 2310/1542/625 2305/1542/625
f 2311/1542/575 2310/1542/575 2309/1542/575
f 2306/1542/572 2311/1542/572 2309/1542/572
f 2296/1542/590 2311/1542/590 2306/1542/590
f 2311/1542/622 2296/1542/622 2310/1542/622
f 2305/1542/611 2310/1542/611 2312/1542/611
f 2312/1542/620 2310/1542/620 2293/1542/620
f 2310/1542/624 2299/1542/624 2293/1542/624
f 2310/1542/600 2313/1542/600 2299/1542/600
f 2296/1542/612 2313/1542/612 2310/1542/612
f 2299/1542/575 2313/1542/575 2298/1542/575
f 2296/1542/572 2298/1542/572 2313/1542/572
f 2315/1542/599 2312/1542/599 2314/1542/599
f 2312/1542/622 2293/1542/622 2314/1542/622
f 2305/1542/612 2312/1542/612 2315/1542/612
f 2305/1542/617 2315/1542/617 2316/1542/617
f 2315/1542/599 2314/1542/599 2316/1542/599
f 2314/1542/571 2291/1542/571 2316/1542/571
f 2305/1542/623 2316/1542/623 2291/1542/623
f 2314/1542/571 2293/1542/571 2291/1542/571
f 2307/1542/571 2291/1542/571 2288/1542/571
f 2307/1542/614 2317/1542/614 2291/1542/614
f 2304/1542/617 2317/1542/617 2307/1542/617
f 2318/1542/600 2291/1542/600 2317/1542/600
f 2304/1542/618 2318/1542/618 2317/1542/618
f 2318/1542/600 2305/1542/600 2291/1542/600
f 2304/1542/572 2305/1542/572 2318/1542/572
f 2299/1542/619 2298/1542/619 2295/1542/619
f 2293/1542/600 2289/1542/600 2291/1542/600
f 2322/1542/594 2320/1542/594 2319/1542/594
f 2323/1542/617 2319/1542/617 2320/1542/617
f 2319/1542/571 2321/1542/571 2324/1542/571
f 2323/1542/618 2321/1542/618 2319/1542/618
f 2319/1542/571 2324/1542/571 2322/1542/571
f 2324/1542/619 2326/1542/619 2322/1542/619
f 2325/1542/600 2324/1542/600 2321/1542/600
f 2324/1542/575 2325/1542/575 2326/1542/575
f 2326/1542/571 2331/1542/571 2327/1542/571
f 2330/1542/594 2326/1542/594 2327/1542/594
f 2330/1542/590 2328/1542/590 2326/1542/590
f 2328/1542/620 2329/1542/620 2326/1542/620
f 2326/1542/571 2329/1542/571 2332/1542/571
f 2322/1542/590 2326/1542/590 2320/1542/590
f 2326/1542/571 2325/1542/571 2331/1542/571
f 2326/1542/571 2332/1542/571 2320/1542/571
f 2333/1542/618 2320/1542/618 2332/1542/618
f 2332/1542/594 2334/1542/594 2333/1542/594
f 2332/1542/590 2329/1542/590 2334/1542/590
f 2333/1542/572 2334/1542/572 2328/1542/572
f 2328/1542/622 2334/1542/622 2329/1542/622
f 2333/1542/621 2335/1542/621 2320/1542/621
f 2333/1542/572 2328/1542/572 2335/1542/572
f 2335/1542/590 2339/1542/590 2320/1542/590
f 2336/1542/572 2335/1542/572 2337/1542/572
f 2335/1542/594 2336/1542/594 2339/1542/594
f 2335/1542/618 2340/1542/618 2337/1542/618
f 2335/1542/617 2338/1542/617 2340/1542/617
f 2328/1542/594 2338/1542/594 2335/1542/594
f 2341/1542/599 2337/1542/599 2340/1542/599
f 2338/1542/572 2341/1542/572 2340/1542/572
f 2341/1542/600 2342/1542/600 2337/1542/600
f 2343/1542/575 2342/1542/575 2341/1542/575
f 2338/1542/572 2343/1542/572 2341/1542/572
f 2328/1542/590 2343/1542/590 2338/1542/590
f 2343/1542/619 2328/1542/619 2342/1542/619
f 2337/1542/572 2342/1542/572 2344/1542/572
f 2344/1542/620 2342/1542/620 2325/1542/620
f 2342/1542/624 2331/1542/624 2325/1542/624
f 2342/1542/600 2345/1542/600 2331/1542/600
f 2328/1542/572 2345/1542/572 2342/1542/572
f 2331/1542/575 2345/1542/575 2330/1542/575
f 2328/1542/572 2330/1542/572 2345/1542/572
f 2347/1542/599 2344/1542/599 2346/1542/599
f 2344/1542/622 2325/1542/622 2346/1542/622
f 2337/1542/572 2344/1542/572 2347/1542/572
f 2337/1542/623 2347/1542/623 2348/1542/623
f 2347/1542/600 2346/1542/600 2348/1542/600
f 2346/1542/571 2323/1542/571 2348/1542/571
f 2337/1542/623 2348/1542/623 2323/1542/623
f 2346/1542/571 2325/1542/571 2323/1542/571
f 2339/1542/571 2323/1542/571 2320/1542/571
f 2339/1542/571 2349/1542/571 2323/1542/571
f 2336/1542/617 2349/1542/617 2339/1542/617
f 2350/1542/625 2323/1542/625 2349/1542/625
f 2336/1542/618 2350/1542/618 2349/1542/618
f 2350/1542/600 2337/1542/600 2323/1542/600
f 2336/1542/572 2337/1542/572 2350/1542/572
f 2331/1542/619 2330/1542/619 2327/1542/619
f 2325/1542/599 2321/1542/599 2323/1542/599
f 2354/1542/590 2352/1542/590 2351/1542/590
f 2355/1542/618 2351/1542/618 2352/1542/618
f 2351/1542/571 2353/1542/571 2356/1542/571
f 2355/1542/617 2353/1542/617 2351/1542/617
f 2351/1542/571 2356/1542/571 2354/1542/571
f 2356/1542/575 2358/1542/575 2354/1542/575
f 2357/1542/599 2356/1542/599 2353/1542/599
f 2356/1542/619 2357/1542/619 2358/1542/619
f 2358/1542/571 2363/1542/571 2359/1542/571
f 2362/1542/594 2358/1542/594 2359/1542/594
f 2362/1542/590 2360/1542/590 2358/1542/590
f 2360/1542/575 2361/1542/575 2358/1542/575
f 2358/1542/571 2361/1542/571 2364/1542/571
f 2354/1542/594 2358/1542/594 2352/1542/594
f 2358/1542/571 2357/1542/571 2363/1542/571
f 2358/1542/571 2364/1542/571 2352/1542/571
f 2365/1542/623 2352/1542/623 2364/1542/623
f 2364/1542/594 2366/1542/594 2365/1542/594
f 2364/1542/590 2361/1542/590 2366/1542/590
f 2365/1542/572 2366/1542/572 2360/1542/572
f 2360/1542/622 2366/1542/622 2361/1542/622
f 2365/1542/621 2367/1542/621 2352/1542/621
f 2365/1542/572 2360/1542/572 2367/1542/572
f 2367/1542/626 2371/1542/626 2352/1542/626
f 2368/1542/572 2367/1542/572 2369/1542/572
f 2367/1542/594 2368/1542/594 2371/1542/594
f 2367/1542/617 2372/1542/617 2369/1542/617
f 2367/1542/618 2370/1542/618 2372/1542/618
f 2360/1542/594 2370/1542/594 2367/1542/594
f 2373/1542/599 2369/1542/599 2372/1542/599
f 2370/1542/572 2373/1542/572 2372/1542/572
f 2373/1542/600 2374/1542/600 2369/1542/600
f 2375/1542/619 2374/1542/619 2373/1542/619
f 2370/1542/572 2375/1542/572 2373/1542/572
f 2360/1542/590 2375/1542/590 2370/1542/590
f 2375/1542/575 2360/1542/575 2374/1542/575
f 2369/1542/572 2374/1542/572 2376/1542/572
f 2376/1542/620 2374/1542/620 2357/1542/620
f 2374/1542/624 2363/1542/624 2357/1542/624
f 2374/1542/600 2377/1542/600 2363/1542/600
f 2360/1542/572 2377/1542/572 2374/1542/572
f 2363/1542/575 2377/1542/575 2362/1542/575
f 2360/1542/572 2362/1542/572 2377/1542/572
f 2379/1542/599 2376/1542/599 2378/1542/599
f 2376/1542/622 2357/1542/622 2378/1542/622
f 2369/1542/572 2376/1542/572 2379/1542/572
f 2369/1542/623 2379/1542/623 2380/1542/623
f 2379/1542/600 2378/1542/600 2380/1542/600
f 2378/1542/571 2355/1542/571 2380/1542/571
f 2369/1542/623 2380/1542/623 2355/1542/623
f 2378/1542/571 2357/1542/571 2355/1542/571
f 2371/1542/571 2355/1542/571 2352/1542/571
f 2371/1542/571 2381/1542/571 2355/1542/571
f 2368/1542/617 2381/1542/617 2371/1542/617
f 2382/1542/600 2355/1542/600 2381/1542/600
f 2368/1542/618 2382/1542/618 2381/1542/618
f 2382/1542/600 2369/1542/600 2355/1542/600
f 2368/1542/572 2369/1542/572 2382/1542/572
f 2363/1542/619 2362/1542/619 2359/1542/619
f 2357/1542/600 2353/1542/600 2355/1542/600
f 2386/1542/594 2384/1542/594 2383/1542/594
f 2387/1542/617 2383/1542/617 2384/1542/617
f 2383/1542/571 2385/1542/571 2388/1542/571
f 2387/1542/618 2385/1542/618 2383/1542/618
f 2383/1542/571 2388/1542/571 2386/1542/571
f 2388/1542/619 2390/1542/619 2386/1542/619
f 2389/1542/600 2388/1542/600 2385/1542/600
f 2388/1542/575 2389/1542/575 2390/1542/575
f 2390/1542/571 2395/1542/571 2391/1542/571
f 2394/1542/594 2390/1542/594 2391/1542/594
f 2394/1542/590 2392/1542/590 2390/1542/590
f 2392/1542/575 2393/1542/575 2390/1542/575
f 2390/1542/571 2393/1542/571 2396/1542/571
f 2386/1542/590 2390/1542/590 2384/1542/590
f 2390/1542/571 2389/1542/571 2395/1542/571
f 2390/1542/571 2396/1542/571 2384/1542/571
f 2397/1542/623 2384/1542/623 2396/1542/623
f 2396/1542/594 2398/1542/594 2397/1542/594
f 2396/1542/590 2393/1542/590 2398/1542/590
f 2397/1542/572 2398/1542/572 2392/1542/572
f 2392/1542/622 2398/1542/622 2393/1542/622
f 2397/1542/621 2399/1542/621 2384/1542/621
f 2397/1542/572 2392/1542/572 2399/1542/572
f 2399/1542/626 2403/1542/626 2384/1542/626
f 2400/1542/572 2399/1542/572 2401/1542/572
f 2399/1542/594 2400/1542/594 2403/1542/594
f 2399/1542/617 2404/1542/617 2401/1542/617
f 2399/1542/617 2402/1542/617 2404/1542/617
f 2392/1542/594 2402/1542/594 2399/1542/594
f 2405/1542/624 2401/1542/624 2404/1542/624
f 2402/1542/572 2405/1542/572 2404/1542/572
f 2405/1542/600 2406/1542/600 2401/1542/600
f 2407/1542/575 2406/1542/575 2405/1542/575
f 2402/1542/572 2407/1542/572 2405/1542/572
f 2392/1542/626 2407/1542/626 2402/1542/626
f 2407/1542/575 2392/1542/575 2406/1542/575
f 2401/1542/572 2406/1542/572 2408/1542/572
f 2408/1542/620 2406/1542/620 2389/1542/620
f 2406/1542/624 2395/1542/624 2389/1542/624
f 2406/1542/600 2409/1542/600 2395/1542/600
f 2392/1542/572 2409/1542/572 2406/1542/572
f 2395/1542/575 2409/1542/575 2394/1542/575
f 2392/1542/612 2394/1542/612 2409/1542/612
f 2411/1542/599 2408/1542/599 2410/1542/599
f 2408/1542/622 2389/1542/622 2410/1542/622
f 2401/1542/572 2408/1542/572 2411/1542/572
f 2401/1542/623 2411/1542/623 2412/1542/623
f 2411/1542/600 2410/1542/600 2412/1542/600
f 2410/1542/571 2387/1542/571 2412/1542/571
f 2401/1542/623 2412/1542/623 2387/1542/623
f 2410/1542/571 2389/1542/571 2387/1542/571
f 2403/1542/571 2387/1542/571 2384/1542/571
f 2403/1542/571 2413/1542/571 2387/1542/571
f 2400/1542/617 2413/1542/617 2403/1542/617
f 2414/1542/600 2387/1542/600 2413/1542/600
f 2400/1542/618 2414/1542/618 2413/1542/618
f 2414/1542/600 2401/1542/600 2387/1542/600
f 2400/1542/611 2401/1542/611 2414/1542/611
f 2395/1542/619 2394/1542/619 2391/1542/619
f 2389/1542/599 2385/1542/599 2387/1542/599
f 2418/1542/590 2416/1542/590 2415/1542/590
f 2419/1542/623 2415/1542/623 2416/1542/623
f 2415/1542/571 2417/1542/571 2420/1542/571
f 2419/1542/621 2417/1542/621 2415/1542/621
f 2415/1542/571 2420/1542/571 2418/1542/571
f 2420/1542/620 2422/1542/620 2418/1542/620
f 2421/1542/599 2420/1542/599 2417/1542/599
f 2420/1542/622 2421/1542/622 2422/1542/622
f 2422/1542/614 2427/1542/614 2423/1542/614
f 2426/1542/594 2422/1542/594 2423/1542/594
f 2426/1542/590 2424/1542/590 2422/1542/590
f 2424/1542/575 2425/1542/575 2422/1542/575
f 2422/1542/571 2425/1542/571 2428/1542/571
f 2418/1542/594 2422/1542/594 2416/1542/594
f 2422/1542/571 2421/1542/571 2427/1542/571
f 2422/1542/571 2428/1542/571 2416/1542/571
f 2429/1542/623 2416/1542/623 2428/1542/623
f 2428/1542/594 2430/1542/594 2429/1542/594
f 2428/1542/590 2425/1542/590 2430/1542/590
f 2429/1542/611 2430/1542/611 2424/1542/611
f 2424/1542/622 2430/1542/622 2425/1542/622
f 2429/1542/621 2431/1542/621 2416/1542/621
f 2429/1542/612 2424/1542/612 2431/1542/612
f 2431/1542/626 2435/1542/626 2416/1542/626
f 2432/1542/572 2431/1542/572 2433/1542/572
f 2431/1542/594 2432/1542/594 2435/1542/594
f 2431/1542/623 2436/1542/623 2433/1542/623
f 2431/1542/621 2434/1542/621 2436/1542/621
f 2424/1542/627 2434/1542/627 2431/1542/627
f 2437/1542/599 2433/1542/599 2436/1542/599
f 2434/1542/572 2437/1542/572 2436/1542/572
f 2437/1542/625 2438/1542/625 2433/1542/625
f 2439/1542/620 2438/1542/620 2437/1542/620
f 2434/1542/572 2439/1542/572 2437/1542/572
f 2424/1542/590 2439/1542/590 2434/1542/590
f 2439/1542/622 2424/1542/622 2438/1542/622
f 2433/1542/611 2438/1542/611 2440/1542/611
f 2440/1542/620 2438/1542/620 2421/1542/620
f 2438/1542/624 2427/1542/624 2421/1542/624
f 2438/1542/600 2441/1542/600 2427/1542/600
f 2424/1542/612 2441/1542/612 2438/1542/612
f 2427/1542/575 2441/1542/575 2426/1542/575
f 2424/1542/572 2426/1542/572 2441/1542/572
f 2443/1542/599 2440/1542/599 2442/1542/599
f 2440/1542/622 2421/1542/622 2442/1542/622
f 2433/1542/612 2440/1542/612 2443/1542/612
f 2433/1542/623 2443/1542/623 2444/1542/623
f 2443/1542/600 2442/1542/600 2444/1542/600
f 2442/1542/571 2419/1542/571 2444/1542/571
f 2433/1542/623 2444/1542/623 2419/1542/623
f 2442/1542/571 2421/1542/571 2419/1542/571
f 2435/1542/571 2419/1542/571 2416/1542/571
f 2435/1542/615 2445/1542/615 2419/1542/615
f 2432/1542/617 2445/1542/617 2435/1542/617
f 2446/1542/600 2419/1542/600 2445/1542/600
f 2432/1542/618 2446/1542/618 2445/1542/618
f 2446/1542/600 2433/1542/600 2419/1542/600
f 2432/1542/572 2433/1542/572 2446/1542/572
f 2427/1542/619 2426/1542/619 2423/1542/619
f 2421/1542/600 2417/1542/600 2419/1542/600
f 2450/1542/594 2448/1542/594 2447/1542/594
f 2451/1542/617 2447/1542/617 2448/1542/617
f 2447/1542/571 2449/1542/571 2452/1542/571
f 2451/1542/617 2449/1542/617 2447/1542/617
f 2447/1542/571 2452/1542/571 2450/1542/571
f 2452/1542/575 2454/1542/575 2450/1542/575
f 2453/1542/599 2452/1542/599 2449/1542/599
f 2452/1542/619 2453/1542/619 2454/1542/619
f 2454/1542/571 2459/1542/571 2455/1542/571
f 2458/1542/594 2454/1542/594 2455/1542/594
f 2458/1542/594 2456/1542/594 2454/1542/594
f 2456/1542/619 2457/1542/619 2454/1542/619
f 2454/1542/571 2457/1542/571 2460/1542/571
f 2450/1542/590 2454/1542/590 2448/1542/590
f 2454/1542/571 2453/1542/571 2459/1542/571
f 2454/1542/571 2460/1542/571 2448/1542/571
f 2461/1542/621 2448/1542/621 2460/1542/621
f 2460/1542/594 2462/1542/594 2461/1542/594
f 2460/1542/594 2457/1542/594 2462/1542/594
f 2461/1542/572 2462/1542/572 2456/1542/572
f 2456/1542/575 2462/1542/575 2457/1542/575
f 2461/1542/623 2463/1542/623 2448/1542/623
f 2461/1542/572 2456/1542/572 2463/1542/572
f 2463/1542/590 2467/1542/590 2448/1542/590
f 2464/1542/572 2463/1542/572 2465/1542/572
f 2463/1542/594 2464/1542/594 2467/1542/594
f 2463/1542/618 2468/1542/618 2465/1542/618
f 2463/1542/618 2466/1542/618 2468/1542/618
f 2456/1542/594 2466/1542/594 2463/1542/594
f 2469/1542/599 2465/1542/599 2468/1542/599
f 2466/1542/572 2469/1542/572 2468/1542/572
f 2469/1542/600 2470/1542/600 2465/1542/600
f 2471/1542/575 2470/1542/575 2469/1542/575
f 2466/1542/572 2471/1542/572 2469/1542/572
f 2456/1542/590 2471/1542/590 2466/1542/590
f 2471/1542/619 2456/1542/619 2470/1542/619
f 2465/1542/572 2470/1542/572 2472/1542/572
f 2472/1542/622 2470/1542/622 2453/1542/622
f 2470/1542/599 2459/1542/599 2453/1542/599
f 2470/1542/600 2473/1542/600 2459/1542/600
f 2456/1542/572 2473/1542/572 2470/1542/572
f 2459/1542/575 2473/1542/575 2458/1542/575
f 2456/1542/572 2458/1542/572 2473/1542/572
f 2475/1542/600 2472/1542/600 2474/1542/600
f 2472/1542/575 2453/1542/575 2474/1542/575
f 2465/1542/572 2472/1542/572 2475/1542/572
f 2465/1542/617 2475/1542/617 2476/1542/617
f 2475/1542/600 2474/1542/600 2476/1542/600
f 2474/1542/571 2451/1542/571 2476/1542/571
f 2465/1542/623 2476/1542/623 2451/1542/623
f 2474/1542/571 2453/1542/571 2451/1542/571
f 2467/1542/571 2451/1542/571 2448/1542/571
f 2467/1542/571 2477/1542/571 2451/1542/571
f 2464/1542/617 2477/1542/617 2467/1542/617
f 2478/1542/625 2451/1542/625 2477/1542/625
f 2464/1542/618 2478/1542/618 2477/1542/618
f 2478/1542/599 2465/1542/599 2451/1542/599
f 2464/1542/572 2465/1542/572 2478/1542/572
f 2459/1542/619 2458/1542/619 2455/1542/619
f 2453/1542/600 2449/1542/600 2451/1542/600
f 2482/1542/590 2480/1542/590 2479/1542/590
f 2483/1542/618 2479/1542/618 2480/1542/618
f 2479/1542/571 2481/1542/571 2484/1542/571
f 2483/1542/618 2481/1542/618 2479/1542/618
f 2479/1542/571 2484/1542/571 2482/1542/571
f 2484/1542/575 2486/1542/575 2482/1542/575
f 2485/1542/599 2484/1542/599 2481/1542/599
f 2484/1542/619 2485/1542/619 2486/1542/619
f 2486/1542/571 2491/1542/571 2487/1542/571
f 2490/1542/594 2486/1542/594 2487/1542/594
f 2490/1542/594 2488/1542/594 2486/1542/594
f 2488/1542/622 2489/1542/622 2486/1542/622
f 2486/1542/571 2489/1542/571 2492/1542/571
f 2482/1542/594 2486/1542/594 2480/1542/594
f 2486/1542/571 2485/1542/571 2491/1542/571
f 2486/1542/571 2492/1542/571 2480/1542/571
f 2493/1542/617 2480/1542/617 2492/1542/617
f 2492/1542/594 2494/1542/594 2493/1542/594
f 2492/1542/594 2489/1542/594 2494/1542/594
f 2493/1542/572 2494/1542/572 2488/1542/572
f 2488/1542/575 2494/1542/575 2489/1542/575
f 2493/1542/623 2495/1542/623 2480/1542/623
f 2493/1542/572 2488/1542/572 2495/1542/572
f 2495/1542/590 2499/1542/590 2480/1542/590
f 2496/1542/572 2495/1542/572 2497/1542/572
f 2495/1542/594 2496/1542/594 2499/1542/594
f 2495/1542/617 2500/1542/617 2497/1542/617
f 2495/1542/617 2498/1542/617 2500/1542/617
f 2488/1542/590 2498/1542/590 2495/1542/590
f 2501/1542/599 2497/1542/599 2500/1542/599
f 2498/1542/572 2501/1542/572 2500/1542/572
f 2501/1542/599 2502/1542/599 2497/1542/599
f 2503/1542/619 2502/1542/619 2501/1542/619
f 2498/1542/572 2503/1542/572 2501/1542/572
f 2488/1542/594 2503/1542/594 2498/1542/594
f 2503/1542/575 2488/1542/575 2502/1542/575
f 2497/1542/572 2502/1542/572 2504/1542/572
f 2504/1542/622 2502/1542/622 2485/1542/622
f 2502/1542/599 2491/1542/599 2485/1542/599
f 2502/1542/600 2505/1542/600 2491/1542/600
f 2488/1542/572 2505/1542/572 2502/1542/572
f 2491/1542/575 2505/1542/575 2490/1542/575
f 2488/1542/572 2490/1542/572 2505/1542/572
f 2507/1542/600 2504/1542/600 2506/1542/600
f 2504/1542/575 2485/1542/575 2506/1542/575
f 2497/1542/572 2504/1542/572 2507/1542/572
f 2497/1542/617 2507/1542/617 2508/1542/617
f 2507/1542/600 2506/1542/600 2508/1542/600
f 2506/1542/571 2483/1542/571 2508/1542/571
f 2497/1542/623 2508/1542/623 2483/1542/623
f 2506/1542/571 2485/1542/571 2483/1542/571
f 2499/1542/571 2483/1542/571 2480/1542/571
f 2499/1542/571 2509/1542/571 2483/1542/571
f 2496/1542/617 2509/1542/617 2499/1542/617
f 2510/1542/600 2483/1542/600 2509/1542/600
f 2496/1542/618 2510/1542/618 2509/1542/618
f 2510/1542/599 2497/1542/599 2483/1542/599
f 2496/1542/572 2497/1542/572 2510/1542/572
f 2491/1542/619 2490/1542/619 2487/1542/619
f 2485/1542/600 2481/1542/600 2483/1542/600
f 2514/1542/590 2512/1542/590 2511/1542/590
f 2515/1542/617 2511/1542/617 2512/1542/617
f 2511/1542/571 2513/1542/571 2516/1542/571
f 2515/1542/617 2513/1542/617 2511/1542/617
f 2511/1542/571 2516/1542/571 2514/1542/571
f 2516/1542/619 2518/1542/619 2514/1542/619
f 2517/1542/599 2516/1542/599 2513/1542/599
f 2516/1542/575 2517/1542/575 2518/1542/575
f 2518/1542/571 2523/1542/571 2519/1542/571
f 2522/1542/594 2518/1542/594 2519/1542/594
f 2522/1542/594 2520/1542/594 2518/1542/594
f 2520/1542/622 2521/1542/622 2518/1542/622
f 2518/1542/571 2521/1542/571 2524/1542/571
f 2514/1542/594 2518/1542/594 2512/1542/594
f 2518/1542/571 2517/1542/571 2523/1542/571
f 2518/1542/571 2524/1542/571 2512/1542/571
f 2525/1542/617 2512/1542/617 2524/1542/617
f 2524/1542/594 2526/1542/594 2525/1542/594
f 2524/1542/594 2521/1542/594 2526/1542/594
f 2525/1542/612 2526/1542/612 2520/1542/612
f 2520/1542/575 2526/1542/575 2521/1542/575
f 2525/1542/623 2527/1542/623 2512/1542/623
f 2525/1542/611 2520/1542/611 2527/1542/611
f 2527/1542/590 2531/1542/590 2512/1542/590
f 2528/1542/612 2527/1542/612 2529/1542/612
f 2527/1542/594 2528/1542/594 2531/1542/594
f 2527/1542/617 2532/1542/617 2529/1542/617
f 2527/1542/617 2530/1542/617 2532/1542/617
f 2520/1542/594 2530/1542/594 2527/1542/594
f 2533/1542/599 2529/1542/599 2532/1542/599
f 2530/1542/572 2533/1542/572 2532/1542/572
f 2533/1542/600 2534/1542/600 2529/1542/600
f 2535/1542/575 2534/1542/575 2533/1542/575
f 2530/1542/572 2535/1542/572 2533/1542/572
f 2520/1542/590 2535/1542/590 2530/1542/590
f 2535/1542/575 2520/1542/575 2534/1542/575
f 2529/1542/572 2534/1542/572 2536/1542/572
f 2536/1542/622 2534/1542/622 2517/1542/622
f 2534/1542/599 2523/1542/599 2517/1542/599
f 2534/1542/600 2537/1542/600 2523/1542/600
f 2520/1542/611 2537/1542/611 2534/1542/611
f 2523/1542/575 2537/1542/575 2522/1542/575
f 2520/1542/572 2522/1542/572 2537/1542/572
f 2539/1542/600 2536/1542/600 2538/1542/600
f 2536/1542/575 2517/1542/575 2538/1542/575
f 2529/1542/572 2536/1542/572 2539/1542/572
f 2529/1542/617 2539/1542/617 2540/1542/617
f 2539/1542/600 2538/1542/600 2540/1542/600
f 2538/1542/571 2515/1542/571 2540/1542/571
f 2529/1542/623 2540/1542/623 2515/1542/623
f 2538/1542/571 2517/1542/571 2515/1542/571
f 2531/1542/571 2515/1542/571 2512/1542/571
f 2531/1542/571 2541/1542/571 2515/1542/571
f 2528/1542/617 2541/1542/617 2531/1542/617
f 2542/1542/600 2515/1542/600 2541/1542/600
f 2528/1542/618 2542/1542/618 2541/1542/618
f 2542/1542/599 2529/1542/599 2515/1542/599
f 2528/1542/611 2529/1542/611 2542/1542/611
f 2523/1542/619 2522/1542/619 2519/1542/619
f 2517/1542/599 2513/1542/599 2515/1542/599
f 2546/1542/626 2544/1542/626 2543/1542/626
f 2547/1542/617 2543/1542/617 2544/1542/617
f 2543/1542/571 2545/1542/571 2548/1542/571
f 2547/1542/617 2545/1542/617 2543/1542/617
f 2543/1542/571 2548/1542/571 2546/1542/571
f 2548/1542/575 2550/1542/575 2546/1542/575
f 2549/1542/599 2548/1542/599 2545/1542/599
f 2548/1542/575 2549/1542/575 2550/1542/575
f 2550/1542/571 2555/1542/571 2551/1542/571
f 2554/1542/594 2550/1542/594 2551/1542/594
f 2554/1542/594 2552/1542/594 2550/1542/594
f 2552/1542/622 2553/1542/622 2550/1542/622
f 2550/1542/614 2553/1542/614 2556/1542/614
f 2546/1542/594 2550/1542/594 2544/1542/594
f 2550/1542/615 2549/1542/615 2555/1542/615
f 2550/1542/615 2556/1542/615 2544/1542/615
f 2557/1542/617 2544/1542/617 2556/1542/617
f 2556/1542/594 2558/1542/594 2557/1542/594
f 2556/1542/594 2553/1542/594 2558/1542/594
f 2557/1542/572 2558/1542/572 2552/1542/572
f 2552/1542/575 2558/1542/575 2553/1542/575
f 2557/1542/623 2559/1542/623 2544/1542/623
f 2557/1542/572 2552/1542/572 2559/1542/572
f 2559/1542/590 2563/1542/590 2544/1542/590
f 2560/1542/612 2559/1542/612 2561/1542/612
f 2559/1542/594 2560/1542/594 2563/1542/594
f 2559/1542/617 2564/1542/617 2561/1542/617
f 2559/1542/617 2562/1542/617 2564/1542/617
f 2552/1542/627 2562/1542/627 2559/1542/627
f 2565/1542/599 2561/1542/599 2564/1542/599
f 2562/1542/572 2565/1542/572 2564/1542/572
f 2565/1542/599 2566/1542/599 2561/1542/599
f 2567/1542/620 2566/1542/620 2565/1542/620
f 2562/1542/572 2567/1542/572 2565/1542/572
f 2552/1542/594 2567/1542/594 2562/1542/594
f 2567/1542/622 2552/1542/622 2566/1542/622
f 2561/1542/611 2566/1542/611 2568/1542/611
f 2568/1542/622 2566/1542/622 2549/1542/622
f 2566/1542/599 2555/1542/599 2549/1542/599
f 2566/1542/600 2569/1542/600 2555/1542/600
f 2552/1542/572 2569/1542/572 2566/1542/572
f 2555/1542/575 2569/1542/575 2554/1542/575
f 2552/1542/572 2554/1542/572 2569/1542/572
f 2571/1542/600 2568/1542/600 2570/1542/600
f 2568/1542/575 2549/1542/575 2570/1542/575
f 2561/1542/572 2568/1542/572 2571/1542/572
f 2561/1542/617 2571/1542/617 2572/1542/617
f 2571/1542/600 2570/1542/600 2572/1542/600
f 2570/1542/571 2547/1542/571 2572/1542/571
f 2561/1542/623 2572/1542/623 2547/1542/623
f 2570/1542/571 2549/1542/571 2547/1542/571
f 2563/1542/614 2547/1542/614 2544/1542/614
f 2563/1542/571 2573/1542/571 2547/1542/571
f 2560/1542/617 2573/1542/617 2563/1542/617
f 2574/1542/600 2547/1542/600 2573/1542/600
f 2560/1542/618 2574/1542/618 2573/1542/618
f 2574/1542/599 2561/1542/599 2547/1542/599
f 2560/1542/572 2561/1542/572 2574/1542/572
f 2555/1542/619 2554/1542/619 2551/1542/619
f 2549/1542/600 2545/1542/600 2547/1542/600
f 2578/1542/594 2576/1542/594 2575/1542/594
f 2579/1542/617 2575/1542/617 2576/1542/617
f 2575/1542/571 2577/1542/571 2580/1542/571
f 2579/1542/617 2577/1542/617 2575/1542/617
f 2575/1542/571 2580/1542/571 2578/1542/571
f 2580/1542/575 2582/1542/575 2578/1542/575
f 2581/1542/600 2580/1542/600 2577/1542/600
f 2580/1542/575 2581/1542/575 2582/1542/575
f 2582/1542/571 2587/1542/571 2583/1542/571
f 2586/1542/590 2582/1542/590 2583/1542/590
f 2586/1542/590 2584/1542/590 2582/1542/590
f 2584/1542/619 2585/1542/619 2582/1542/619
f 2582/1542/571 2585/1542/571 2588/1542/571
f 2578/1542/594 2582/1542/594 2576/1542/594
f 2582/1542/571 2581/1542/571 2587/1542/571
f 2582/1542/571 2588/1542/571 2576/1542/571
f 2589/1542/621 2576/1542/621 2588/1542/621
f 2588/1542/594 2590/1542/594 2589/1542/594
f 2588/1542/594 2585/1542/594 2590/1542/594
f 2589/1542/572 2590/1542/572 2584/1542/572
f 2584/1542/575 2590/1542/575 2585/1542/575
f 2589/1542/623 2591/1542/623 2576/1542/623
f 2589/1542/572 2584/1542/572 2591/1542/572
f 2591/1542/594 2595/1542/594 2576/1542/594
f 2592/1542/572 2591/1542/572 2593/1542/572
f 2591/1542/590 2592/1542/590 2595/1542/590
f 2591/1542/618 2596/1542/618 2593/1542/618
f 2591/1542/617 2594/1542/617 2596/1542/617
f 2584/1542/594 2594/1542/594 2591/1542/594
f 2597/1542/599 2593/1542/599 2596/1542/599
f 2594/1542/572 2597/1542/572 2596/1542/572
f 2597/1542/600 2598/1542/600 2593/1542/600
f 2599/1542/575 2598/1542/575 2597/1542/575
f 2594/1542/572 2599/1542/572 2597/1542/572
f 2584/1542/590 2599/1542/590 2594/1542/590
f 2599/1542/619 2584/1542/619 2598/1542/619
f 2593/1542/572 2598/1542/572 2600/1542/572
f 2600/1542/622 2598/1542/622 2581/1542/622
f 2598/1542/599 2587/1542/599 2581/1542/599
f 2598/1542/600 2601/1542/600 2587/1542/600
f 2584/1542/572 2601/1542/572 2598/1542/572
f 2587/1542/575 2601/1542/575 2586/1542/575
f 2584/1542/572 2586/1542/572 2601/1542/572
f 2603/1542/600 2600/1542/600 2602/1542/600
f 2600/1542/575 2581/1542/575 2602/1542/575
f 2593/1542/572 2600/1542/572 2603/1542/572
f 2593/1542/618 2603/1542/618 2604/1542/618
f 2603/1542/600 2602/1542/600 2604/1542/600
f 2602/1542/571 2579/1542/571 2604/1542/571
f 2593/1542/623 2604/1542/623 2579/1542/623
f 2602/1542/571 2581/1542/571 2579/1542/571
f 2595/1542/571 2579/1542/571 2576/1542/571
f 2595/1542/571 2605/1542/571 2579/1542/571
f 2592/1542/617 2605/1542/617 2595/1542/617
f 2606/1542/600 2579/1542/600 2605/1542/600
f 2592/1542/617 2606/1542/617 2605/1542/617
f 2606/1542/600 2593/1542/600 2579/1542/600
f 2592/1542/572 2593/1542/572 2606/1542/572
f 2587/1542/575 2586/1542/575 2583/1542/575
f 2581/1542/599 2577/1542/599 2579/1542/599
f 2610/1542/590 2608/1542/590 2607/1542/590
f 2611/1542/618 2607/1542/618 2608/1542/618
f 2607/1542/571 2609/1542/571 2612/1542/571
f 2611/1542/617 2609/1542/617 2607/1542/617
f 2607/1542/571 2612/1542/571 2610/1542/571
f 2612/1542/575 2614/1542/575 2610/1542/575
f 2613/1542/599 2612/1542/599 2609/1542/599
f 2612/1542/619 2613/1542/619 2614/1542/619
f 2614/1542/571 2619/1542/571 2615/1542/571
f 2618/1542/590 2614/1542/590 2615/1542/590
f 2618/1542/590 2616/1542/590 2614/1542/590
f 2616/1542/622 2617/1542/622 2614/1542/622
f 2614/1542/571 2617/1542/571 2620/1542/571
f 2610/1542/594 2614/1542/594 2608/1542/594
f 2614/1542/571 2613/1542/571 2619/1542/571
f 2614/1542/571 2620/1542/571 2608/1542/571
f 2621/1542/617 2608/1542/617 2620/1542/617
f 2620/1542/594 2622/1542/594 2621/1542/594
f 2620/1542/594 2617/1542/594 2622/1542/594
f 2621/1542/572 2622/1542/572 2616/1542/572
f 2616/1542/575 2622/1542/575 2617/1542/575
f 2621/1542/623 2623/1542/623 2608/1542/623
f 2621/1542/572 2616/1542/572 2623/1542/572
f 2623/1542/590 2627/1542/590 2608/1542/590
f 2624/1542/612 2623/1542/612 2625/1542/612
f 2623/1542/590 2624/1542/590 2627/1542/590
f 2623/1542/617 2628/1542/617 2625/1542/617
f 2623/1542/617 2626/1542/617 2628/1542/617
f 2616/1542/590 2626/1542/590 2623/1542/590
f 2629/1542/599 2625/1542/599 2628/1542/599
f 2626/1542/572 2629/1542/572 2628/1542/572
f 2629/1542/599 2630/1542/599 2625/1542/599
f 2631/1542/575 2630/1542/575 2629/1542/575
f 2626/1542/572 2631/1542/572 2629/1542/572
f 2616/1542/594 2631/1542/594 2626/1542/594
f 2631/1542/575 2616/1542/575 2630/1542/575
f 2625/1542/572 2630/1542/572 2632/1542/572
f 2632/1542/622 2630/1542/622 2613/1542/622
f 2630/1542/599 2619/1542/599 2613/1542/599
f 2630/1542/600 2633/1542/600 2619/1542/600
f 2616/1542/572 2633/1542/572 2630/1542/572
f 2619/1542/575 2633/1542/575 2618/1542/575
f 2616/1542/612 2618/1542/612 2633/1542/612
f 2635/1542/600 2632/1542/600 2634/1542/600
f 2632/1542/575 2613/1542/575 2634/1542/575
f 2625/1542/572 2632/1542/572 2635/1542/572
f 2625/1542/618 2635/1542/618 2636/1542/618
f 2635/1542/600 2634/1542/600 2636/1542/600
f 2634/1542/571 2611/1542/571 2636/1542/571
f 2625/1542/623 2636/1542/623 2611/1542/623
f 2634/1542/571 2613/1542/571 2611/1542/571
f 2627/1542/571 2611/1542/571 2608/1542/571
f 2627/1542/571 2637/1542/571 2611/1542/571
f 2624/1542/617 2637/1542/617 2627/1542/617
f 2638/1542/599 2611/1542/599 2637/1542/599
f 2624/1542/617 2638/1542/617 2637/1542/617
f 2638/1542/600 2625/1542/600 2611/1542/600
f 2624/1542/572 2625/1542/572 2638/1542/572
f 2619/1542/575 2618/1542/575 2615/1542/575
f 2613/1542/600 2609/1542/600 2611/1542/600
f 2642/1542/590 2640/1542/590 2639/1542/590
f 2643/1542/617 2639/1542/617 2640/1542/617
f 2639/1542/571 2641/1542/571 2644/1542/571
f 2643/1542/617 2641/1542/617 2639/1542/617
f 2639/1542/571 2644/1542/571 2642/1542/571
f 2644/1542/575 2646/1542/575 2642/1542/575
f 2645/1542/599 2644/1542/599 2641/1542/599
f 2644/1542/575 2645/1542/575 2646/1542/575
f 2646/1542/614 2651/1542/614 2647/1542/614
f 2650/1542/590 2646/1542/590 2647/1542/590
f 2650/1542/590 2648/1542/590 2646/1542/590
f 2648/1542/622 2649/1542/622 2646/1542/622
f 2646/1542/571 2649/1542/571 2652/1542/571
f 2642/1542/594 2646/1542/594 2640/1542/594
f 2646/1542/615 2645/1542/615 2651/1542/615
f 2646/1542/571 2652/1542/571 2640/1542/571
f 2653/1542/617 2640/1542/617 2652/1542/617
f 2652/1542/594 2654/1542/594 2653/1542/594
f 2652/1542/594 2649/1542/594 2654/1542/594
f 2653/1542/572 2654/1542/572 2648/1542/572
f 2648/1542/575 2654/1542/575 2649/1542/575
f 2653/1542/623 2655/1542/623 2640/1542/623
f 2653/1542/572 2648/1542/572 2655/1542/572
f 2655/1542/590 2659/1542/590 2640/1542/590
f 2656/1542/611 2655/1542/611 2657/1542/611
f 2655/1542/590 2656/1542/590 2659/1542/590
f 2655/1542/623 2660/1542/623 2657/1542/623
f 2655/1542/621 2658/1542/621 2660/1542/621
f 2648/1542/594 2658/1542/594 2655/1542/594
f 2661/1542/599 2657/1542/599 2660/1542/599
f 2658/1542/572 2661/1542/572 2660/1542/572
f 2661/1542/600 2662/1542/600 2657/1542/600
f 2663/1542/620 2662/1542/620 2661/1542/620
f 2658/1542/572 2663/1542/572 2661/1542/572
f 2648/1542/590 2663/1542/590 2658/1542/590
f 2663/1542/622 2648/1542/622 2662/1542/622
f 2657/1542/611 2662/1542/611 2664/1542/611
f 2664/1542/622 2662/1542/622 2645/1542/622
f 2662/1542/599 2651/1542/599 2645/1542/599
f 2662/1542/600 2665/1542/600 2651/1542/600
f 2648/1542/572 2665/1542/572 2662/1542/572
f 2651/1542/575 2665/1542/575 2650/1542/575
f 2648/1542/572 2650/1542/572 2665/1542/572
f 2667/1542/600 2664/1542/600 2666/1542/600
f 2664/1542/575 2645/1542/575 2666/1542/575
f 2657/1542/612 2664/1542/612 2667/1542/612
f 2657/1542/618 2667/1542/618 2668/1542/618
f 2667/1542/600 2666/1542/600 2668/1542/600
f 2666/1542/571 2643/1542/571 2668/1542/571
f 2657/1542/623 2668/1542/623 2643/1542/623
f 2666/1542/571 2645/1542/571 2643/1542/571
f 2659/1542/571 2643/1542/571 2640/1542/571
f 2659/1542/571 2669/1542/571 2643/1542/571
f 2656/1542/617 2669/1542/617 2659/1542/617
f 2670/1542/599 2643/1542/599 2669/1542/599
f 2656/1542/617 2670/1542/617 2669/1542/617
f 2670/1542/600 2657/1542/600 2643/1542/600
f 2656/1542/572 2657/1542/572 2670/1542/572
f 2651/1542/575 2650/1542/575 2647/1542/575
f 2645/1542/599 2641/1542/599 2643/1542/599
f 2674/1542/590 2672/1542/590 2671/1542/590
f 2675/1542/617 2671/1542/617 2672/1542/617
f 2671/1542/571 2673/1542/571 2676/1542/571
f 2675/1542/617 2673/1542/617 2671/1542/617
f 2671/1542/571 2676/1542/571 2674/1542/571
f 2676/1542/620 2678/1542/620 2674/1542/620
f 2677/1542/599 2676/1542/599 2673/1542/599
f 2676/1542/622 2677/1542/622 2678/1542/622
f 2678/1542/614 2683/1542/614 2679/1542/614
f 2682/1542/590 2678/1542/590 2679/1542/590
f 2682/1542/590 2680/1542/590 2678/1542/590
f 2680/1542/622 2681/1542/622 2678/1542/622
f 2678/1542/571 2681/1542/571 2684/1542/571
f 2674/1542/594 2678/1542/594 2672/1542/594
f 2678/1542/571 2677/1542/571 2683/1542/571
f 2678/1542/571 2684/1542/571 2672/1542/571
f 2685/1542/617 2672/1542/617 2684/1542/617
f 2684/1542/594 2686/1542/594 2685/1542/594
f 2684/1542/594 2681/1542/594 2686/1542/594
f 2685/1542/572 2686/1542/572 2680/1542/572
f 2680/1542/575 2686/1542/575 2681/1542/575
f 2685/1542/623 2687/1542/623 2672/1542/623
f 2685/1542/612 2680/1542/612 2687/1542/612
f 2687/1542/590 2691/1542/590 2672/1542/590
f 2688/1542/611 2687/1542/611 2689/1542/611
f 2687/1542/590 2688/1542/590 2691/1542/590
f 2687/1542/623 2692/1542/623 2689/1542/623
f 2687/1542/617 2690/1542/617 2692/1542/617
f 2680/1542/627 2690/1542/627 2687/1542/627
f 2693/1542/599 2689/1542/599 2692/1542/599
f 2690/1542/572 2693/1542/572 2692/1542/572
f 2693/1542/599 2694/1542/599 2689/1542/599
f 2695/1542/575 2694/1542/575 2693/1542/575
f 2690/1542/572 2695/1542/572 2693/1542/572
f 2680/1542/594 2695/1542/594 2690/1542/594
f 2695/1542/575 2680/1542/575 2694/1542/575
f 2689/1542/572 2694/1542/572 2696/1542/572
f 2696/1542/622 2694/1542/622 2677/1542/622
f 2694/1542/599 2683/1542/599 2677/1542/599
f 2694/1542/600 2697/1542/600 2683/1542/600
f 2680/1542/572 2697/1542/572 2694/1542/572
f 2683/1542/575 2697/1542/575 2682/1542/575
f 2680/1542/572 2682/1542/572 2697/1542/572
f 2699/1542/600 2696/1542/600 2698/1542/600
f 2696/1542/575 2677/1542/575 2698/1542/575
f 2689/1542/572 2696/1542/572 2699/1542/572
f 2689/1542/618 2699/1542/618 2700/1542/618
f 2699/1542/600 2698/1542/600 2700/1542/600
f 2698/1542/615 2675/1542/615 2700/1542/615
f 2689/1542/623 2700/1542/623 2675/1542/623
f 2698/1542/571 2677/1542/571 2675/1542/571
f 2691/1542/571 2675/1542/571 2672/1542/571
f 2691/1542/571 2701/1542/571 2675/1542/571
f 2688/1542/617 2701/1542/617 2691/1542/617
f 2702/1542/599 2675/1542/599 2701/1542/599
f 2688/1542/617 2702/1542/617 2701/1542/617
f 2702/1542/600 2689/1542/600 2675/1542/600
f 2688/1542/572 2689/1542/572 2702/1542/572
f 2683/1542/575 2682/1542/575 2679/1542/575
f 2677/1542/600 2673/1542/600 2675/1542/600
f 2706/1542/594 2704/1542/594 2703/1542/594
f 2707/1542/617 2703/1542/617 2704/1542/617
f 2703/1542/571 2705/1542/571 2708/1542/571
f 2707/1542/617 2705/1542/617 2703/1542/617
f 2703/1542/571 2708/1542/571 2706/1542/571
f 2708/1542/575 2710/1542/575 2706/1542/575
f 2709/1542/600 2708/1542/600 2705/1542/600
f 2708/1542/575 2709/1542/575 2710/1542/575
f 2710/1542/571 2715/1542/571 2711/1542/571
f 2714/1542/590 2710/1542/590 2711/1542/590
f 2714/1542/590 2712/1542/590 2710/1542/590
f 2712/1542/575 2713/1542/575 2710/1542/575
f 2710/1542/571 2713/1542/571 2716/1542/571
f 2706/1542/594 2710/1542/594 2704/1542/594
f 2710/1542/571 2709/1542/571 2715/1542/571
f 2710/1542/571 2716/1542/571 2704/1542/571
f 2717/1542/621 2704/1542/621 2716/1542/621
f 2716/1542/594 2718/1542/594 2717/1542/594
f 2716/1542/594 2713/1542/594 2718/1542/594
f 2717/1542/572 2718/1542/572 2712/1542/572
f 2712/1542/619 2718/1542/619 2713/1542/619
f 2717/1542/623 2719/1542/623 2704/1542/623
f 2717/1542/572 2712/1542/572 2719/1542/572
f 2719/1542/594 2723/1542/594 2704/1542/594
f 2720/1542/572 2719/1542/572 2721/1542/572
f 2719/1542/590 2720/1542/590 2723/1542/590
f 2719/1542/618 2724/1542/618 2721/1542/618
f 2719/1542/618 2722/1542/618 2724/1542/618
f 2712/1542/594 2722/1542/594 2719/1542/594
f 2725/1542/599 2721/1542/599 2724/1542/599
f 2722/1542/572 2725/1542/572 2724/1542/572
f 2725/1542/600 2726/1542/600 2721/1542/600
f 2727/1542/619 2726/1542/619 2725/1542/619
f 2722/1542/572 2727/1542/572 2725/1542/572
f 2712/1542/590 2727/1542/590 2722/1542/590
f 2727/1542/619 2712/1542/619 2726/1542/619
f 2721/1542/572 2726/1542/572 2728/1542/572
f 2728/1542/622 2726/1542/622 2709/1542/622
f 2726/1542/599 2715/1542/599 2709/1542/599
f 2726/1542/600 2729/1542/600 2715/1542/600
f 2712/1542/572 2729/1542/572 2726/1542/572
f 2715/1542/575 2729/1542/575 2714/1542/575
f 2712/1542/572 2714/1542/572 2729/1542/572
f 2731/1542/600 2728/1542/600 2730/1542/600
f 2728/1542/575 2709/1542/575 2730/1542/575
f 2721/1542/572 2728/1542/572 2731/1542/572
f 2721/1542/618 2731/1542/618 2732/1542/618
f 2731/1542/600 2730/1542/600 2732/1542/600
f 2730/1542/571 2707/1542/571 2732/1542/571
f 2721/1542/623 2732/1542/623 2707/1542/623
f 2730/1542/571 2709/1542/571 2707/1542/571
f 2723/1542/571 2707/1542/571 2704/1542/571
f 2723/1542/571 2733/1542/571 2707/1542/571
f 2720/1542/617 2733/1542/617 2723/1542/617
f 2734/1542/600 2707/1542/600 2733/1542/600
f 2720/1542/617 2734/1542/617 2733/1542/617
f 2734/1542/600 2721/1542/600 2707/1542/600
f 2720/1542/572 2721/1542/572 2734/1542/572
f 2715/1542/575 2714/1542/575 2711/1542/575
f 2709/1542/599 2705/1542/599 2707/1542/599
f 2738/1542/590 2736/1542/590 2735/1542/590
f 2739/1542/618 2735/1542/618 2736/1542/618
f 2735/1542/571 2737/1542/571 2740/1542/571
f 2739/1542/618 2737/1542/618 2735/1542/618
f 2735/1542/571 2740/1542/571 2738/1542/571
f 2740/1542/619 2742/1542/619 2738/1542/619
f 2741/1542/599 2740/1542/599 2737/1542/599
f 2740/1542/619 2741/1542/619 2742/1542/619
f 2742/1542/571 2747/1542/571 2743/1542/571
f 2746/1542/590 2742/1542/590 2743/1542/590
f 2746/1542/590 2744/1542/590 2742/1542/590
f 2744/1542/619 2745/1542/619 2742/1542/619
f 2742/1542/571 2745/1542/571 2748/1542/571
f 2738/1542/594 2742/1542/594 2736/1542/594
f 2742/1542/571 2741/1542/571 2747/1542/571
f 2742/1542/571 2748/1542/571 2736/1542/571
f 2749/1542/617 2736/1542/617 2748/1542/617
f 2748/1542/594 2750/1542/594 2749/1542/594
f 2748/1542/594 2745/1542/594 2750/1542/594
f 2749/1542/572 2750/1542/572 2744/1542/572
f 2744/1542/619 2750/1542/619 2745/1542/619
f 2749/1542/623 2751/1542/623 2736/1542/623
f 2749/1542/572 2744/1542/572 2751/1542/572
f 2751/1542/590 2755/1542/590 2736/1542/590
f 2752/1542/572 2751/1542/572 2753/1542/572
f 2751/1542/590 2752/1542/590 2755/1542/590
f 2751/1542/617 2756/1542/617 2753/1542/617
f 2751/1542/617 2754/1542/617 2756/1542/617
f 2744/1542/590 2754/1542/590 2751/1542/590
f 2757/1542/599 2753/1542/599 2756/1542/599
f 2754/1542/572 2757/1542/572 2756/1542/572
f 2757/1542/599 2758/1542/599 2753/1542/599
f 2759/1542/575 2758/1542/575 2757/1542/575
f 2754/1542/572 2759/1542/572 2757/1542/572
f 2744/1542/590 2759/1542/590 2754/1542/590
f 2759/1542/575 2744/1542/575 2758/1542/575
f 2753/1542/572 2758/1542/572 2760/1542/572
f 2760/1542/622 2758/1542/622 2741/1542/622
f 2758/1542/599 2747/1542/599 2741/1542/599
f 2758/1542/600 2761/1542/600 2747/1542/600
f 2744/1542/572 2761/1542/572 2758/1542/572
f 2747/1542/575 2761/1542/575 2746/1542/575
f 2744/1542/572 2746/1542/572 2761/1542/572
f 2763/1542/600 2760/1542/600 2762/1542/600
f 2760/1542/575 2741/1542/575 2762/1542/575
f 2753/1542/572 2760/1542/572 2763/1542/572
f 2753/1542/618 2763/1542/618 2764/1542/618
f 2763/1542/600 2762/1542/600 2764/1542/600
f 2762/1542/571 2739/1542/571 2764/1542/571
f 2753/1542/623 2764/1542/623 2739/1542/623
f 2762/1542/571 2741/1542/571 2739/1542/571
f 2755/1542/571 2739/1542/571 2736/1542/571
f 2755/1542/571 2765/1542/571 2739/1542/571
f 2752/1542/617 2765/1542/617 2755/1542/617
f 2766/1542/599 2739/1542/599 2765/1542/599
f 2752/1542/617 2766/1542/617 2765/1542/617
f 2766/1542/600 2753/1542/600 2739/1542/600
f 2752/1542/572 2753/1542/572 2766/1542/572
f 2747/1542/575 2746/1542/575 2743/1542/575
f 2741/1542/600 2737/1542/600 2739/1542/600
f 2770/1542/590 2768/1542/590 2767/1542/590
f 2771/1542/617 2767/1542/617 2768/1542/617
f 2767/1542/571 2769/1542/571 2772/1542/571
f 2771/1542/617 2769/1542/617 2767/1542/617
f 2767/1542/571 2772/1542/571 2770/1542/571
f 2772/1542/575 2774/1542/575 2770/1542/575
f 2773/1542/599 2772/1542/599 2769/1542/599
f 2772/1542/575 2773/1542/575 2774/1542/575
f 2774/1542/571 2779/1542/571 2775/1542/571
f 2778/1542/590 2774/1542/590 2775/1542/590
f 2778/1542/590 2776/1542/590 2774/1542/590
f 2776/1542/619 2777/1542/619 2774/1542/619
f 2774/1542/571 2777/1542/571 2780/1542/571
f 2770/1542/590 2774/1542/590 2768/1542/590
f 2774/1542/571 2773/1542/571 2779/1542/571
f 2774/1542/571 2780/1542/571 2768/1542/571
f 2781/1542/617 2768/1542/617 2780/1542/617
f 2780/1542/594 2782/1542/594 2781/1542/594
f 2780/1542/594 2777/1542/594 2782/1542/594
f 2781/1542/612 2782/1542/612 2776/1542/612
f 2776/1542/619 2782/1542/619 2777/1542/619
f 2781/1542/623 2783/1542/623 2768/1542/623
f 2781/1542/572 2776/1542/572 2783/1542/572
f 2783/1542/590 2787/1542/590 2768/1542/590
f 2784/1542/572 2783/1542/572 2785/1542/572
f 2783/1542/590 2784/1542/590 2787/1542/590
f 2783/1542/617 2788/1542/617 2785/1542/617
f 2783/1542/617 2786/1542/617 2788/1542/617
f 2776/1542/594 2786/1542/594 2783/1542/594
f 2789/1542/599 2785/1542/599 2788/1542/599
f 2786/1542/572 2789/1542/572 2788/1542/572
f 2789/1542/600 2790/1542/600 2785/1542/600
f 2791/1542/575 2790/1542/575 2789/1542/575
f 2786/1542/572 2791/1542/572 2789/1542/572
f 2776/1542/590 2791/1542/590 2786/1542/590
f 2791/1542/575 2776/1542/575 2790/1542/575
f 2785/1542/611 2790/1542/611 2792/1542/611
f 2792/1542/622 2790/1542/622 2773/1542/622
f 2790/1542/599 2779/1542/599 2773/1542/599
f 2790/1542/600 2793/1542/600 2779/1542/600
f 2776/1542/572 2793/1542/572 2790/1542/572
f 2779/1542/575 2793/1542/575 2778/1542/575
f 2776/1542/572 2778/1542/572 2793/1542/572
f 2795/1542/600 2792/1542/600 2794/1542/600
f 2792/1542/575 2773/1542/575 2794/1542/575
f 2785/1542/612 2792/1542/612 2795/1542/612
f 2785/1542/618 2795/1542/618 2796/1542/618
f 2795/1542/600 2794/1542/600 2796/1542/600
f 2794/1542/571 2771/1542/571 2796/1542/571
f 2785/1542/623 2796/1542/623 2771/1542/623
f 2794/1542/571 2773/1542/571 2771/1542/571
f 2787/1542/571 2771/1542/571 2768/1542/571
f 2787/1542/571 2797/1542/571 2771/1542/571
f 2784/1542/617 2797/1542/617 2787/1542/617
f 2798/1542/599 2771/1542/599 2797/1542/599
f 2784/1542/617 2798/1542/617 2797/1542/617
f 2798/1542/600 2785/1542/600 2771/1542/600
f 2784/1542/572 2785/1542/572 2798/1542/572
f 2779/1542/575 2778/1542/575 2775/1542/575
f 2773/1542/599 2769/1542/599 2771/1542/599
f 2802/1542/590 2800/1542/590 2799/1542/590
f 2803/1542/617 2799/1542/617 2800/1542/617
f 2799/1542/571 2801/1542/571 2804/1542/571
f 2803/1542/617 2801/1542/617 2799/1542/617
f 2799/1542/571 2804/1542/571 2802/1542/571
f 2804/1542/575 2806/1542/575 2802/1542/575
f 2805/1542/599 2804/1542/599 2801/1542/599
f 2804/1542/575 2805/1542/575 2806/1542/575
f 2806/1542/571 2811/1542/571 2807/1542/571
f 2810/1542/590 2806/1542/590 2807/1542/590
f 2810/1542/590 2808/1542/590 2806/1542/590
f 2808/1542/619 2809/1542/619 2806/1542/619
f 2806/1542/615 2809/1542/615 2812/1542/615
f 2802/1542/594 2806/1542/594 2800/1542/594
f 2806/1542/571 2805/1542/571 2811/1542/571
f 2806/1542/614 2812/1542/614 2800/1542/614
f 2813/1542/617 2800/1542/617 2812/1542/617
f 2812/1542/594 2814/1542/594 2813/1542/594
f 2812/1542/594 2809/1542/594 2814/1542/594
f 2813/1542/572 2814/1542/572 2808/1542/572
f 2808/1542/619 2814/1542/619 2809/1542/619
f 2813/1542/623 2815/1542/623 2800/1542/623
f 2813/1542/572 2808/1542/572 2815/1542/572
f 2815/1542/590 2819/1542/590 2800/1542/590
f 2816/1542/572 2815/1542/572 2817/1542/572
f 2815/1542/590 2816/1542/590 2819/1542/590
f 2815/1542/617 2820/1542/617 2817/1542/617
f 2815/1542/617 2818/1542/617 2820/1542/617
f 2808/1542/590 2818/1542/590 2815/1542/590
f 2821/1542/599 2817/1542/599 2820/1542/599
f 2818/1542/572 2821/1542/572 2820/1542/572
f 2821/1542/599 2822/1542/599 2817/1542/599
f 2823/1542/575 2822/1542/575 2821/1542/575
f 2818/1542/572 2823/1542/572 2821/1542/572
f 2808/1542/590 2823/1542/590 2818/1542/590
f 2823/1542/575 2808/1542/575 2822/1542/575
f 2817/1542/572 2822/1542/572 2824/1542/572
f 2824/1542/622 2822/1542/622 2805/1542/622
f 2822/1542/599 2811/1542/599 2805/1542/599
f 2822/1542/600 2825/1542/600 2811/1542/600
f 2808/1542/572 2825/1542/572 2822/1542/572
f 2811/1542/575 2825/1542/575 2810/1542/575
f 2808/1542/572 2810/1542/572 2825/1542/572
f 2827/1542/600 2824/1542/600 2826/1542/600
f 2824/1542/575 2805/1542/575 2826/1542/575
f 2817/1542/572 2824/1542/572 2827/1542/572
f 2817/1542/618 2827/1542/618 2828/1542/618
f 2827/1542/600 2826/1542/600 2828/1542/600
f 2826/1542/571 2803/1542/571 2828/1542/571
f 2817/1542/623 2828/1542/623 2803/1542/623
f 2826/1542/571 2805/1542/571 2803/1542/571
f 2819/1542/571 2803/1542/571 2800/1542/571
f 2819/1542/571 2829/1542/571 2803/1542/571
f 2816/1542/617 2829/1542/617 2819/1542/617
f 2830/1542/599 2803/1542/599 2829/1542/599
f 2816/1542/617 2830/1542/617 2829/1542/617
f 2830/1542/600 2817/1542/600 2803/1542/600
f 2816/1542/572 2817/1542/572 2830/1542/572
f 2811/1542/575 2810/1542/575 2807/1542/575
f 2805/1542/600 2801/1542/600 2803/1542/600
usemtl Cream
f 1490/1543/578 1487/1544/578 1488/1545/578
f 1489/1546/579 1488/1547/579 1487/1548/579
f 1490/1549/580 1489/1550/580 1487/1551/580
f 1496/1552/581 1491/1553/581 1490/1543/581
f 1493/1554/582 1490/1549/582 1491/1555/582
f 1490/1549/580 1492/1556/580 1489/1550/580
f 1493/1554/582 1492/1556/582 1490/1549/582
f 1490/1543/581 1488/1545/581 1494/1557/581
f 1494/1557/578 1495/1558/578 1490/1543/578
f 1495/1558/581 1496/1552/581 1490/1543/581
f 1495/1559/583 1497/1560/583 1496/1561/583
f 1497/1560/584 1491/1555/584 1496/1561/584
f 1493/1562/585 1497/1563/585 1498/1564/585
f 1495/1559/583 1498/1565/583 1497/1560/583
f 1497/1560/584 1493/1554/584 1491/1555/584
f 1498/1564/586 1499/1566/586 1493/1562/586
f 1499/1567/587 1498/1565/587 1495/1559/587
f 1499/1566/585 1500/1568/585 1493/1562/585
f 1501/1569/588 1500/1570/588 1499/1567/588
f 1499/1567/587 1495/1559/587 1494/1571/587
f 1501/1569/588 1499/1567/588 1494/1571/588
f 1488/1545/578 1501/1572/578 1494/1557/578
f 1488/1547/589 1500/1570/589 1501/1569/589
f 1500/1568/585 1502/1573/585 1489/1574/585
f 1488/1547/589 1502/1575/589 1500/1570/589
f 1500/1568/586 1489/1574/586 1493/1562/586
f 1489/1546/579 1502/1575/579 1488/1547/579
f 1489/1574/585 1492/1576/585 1493/1562/585
f 1506/1543/590 1503/1544/590 1504/1545/590
f 1505/1546/591 1504/1547/591 1503/1548/591
f 1506/1549/592 1505/1550/592 1503/1551/592
f 1507/1553/590 1506/1543/590 1511/1557/590
f 1509/1554/593 1506/1549/593 1507/1555/593
f 1506/1549/592 1508/1556/592 1505/1550/592
f 1509/1554/593 1508/1556/593 1506/1549/593
f 1504/1545/590 1510/1572/590 1506/1543/590
f 1510/1572/594 1511/1557/594 1506/1543/594
f 1510/1569/595 1512/1567/595 1511/1571/595
f 1512/1567/596 1513/1559/596 1511/1571/596
f 1511/1557/590 1513/1558/590 1514/1552/590
f 1514/1552/594 1507/1553/594 1511/1557/594
f 1513/1559/597 1515/1560/597 1514/1561/597
f 1515/1560/598 1507/1555/598 1514/1561/598
f 1509/1562/599 1515/1563/599 1516/1564/599
f 1513/1559/597 1516/1565/597 1515/1560/597
f 1515/1560/598 1509/1554/598 1507/1555/598
f 1516/1564/599 1512/1566/599 1517/1568/599
f 1512/1567/596 1516/1565/596 1513/1559/596
f 1509/1562/600 1516/1564/600 1517/1568/600
f 1517/1568/599 1518/1573/599 1505/1574/599
f 1504/1547/601 1518/1575/601 1517/1570/601
f 1510/1569/595 1517/1570/595 1512/1567/595
f 1504/1547/601 1517/1570/601 1510/1569/601
f 1505/1574/599 1508/1576/599 1517/1568/599
f 1508/1576/600 1509/1562/600 1517/1568/600
f 1505/1546/591 1518/1575/591 1504/1547/591
f 1522/1543/578 1519/1544/578 1520/1545/578
f 1521/1546/579 1520/1547/579 1519/1548/579
f 1522/1549/580 1521/1550/580 1519/1551/580
f 1526/1552/581 1523/1553/581 1522/1543/581
f 1525/1554/582 1522/1549/582 1523/1555/582
f 1522/1549/580 1524/1556/580 1521/1550/580
f 1525/1554/582 1524/1556/582 1522/1549/582
f 1522/1543/581 1520/1545/581 1527/1557/581
f 1527/1557/578 1526/1552/578 1522/1543/578
f 1520/1545/578 1528/1572/578 1527/1557/578
f 1528/1569/588 1529/1567/588 1527/1571/588
f 1529/1567/587 1530/1559/587 1527/1571/587
f 1527/1557/578 1530/1558/578 1526/1552/578
f 1530/1559/583 1531/1565/583 1532/1560/583
f 1529/1567/587 1531/1565/587 1530/1559/587
f 1530/1559/583 1532/1560/583 1526/1561/583
f 1532/1563/586 1531/1564/586 1533/1568/586
f 1532/1560/584 1523/1555/584 1526/1561/584
f 1525/1562/585 1532/1563/585 1533/1568/585
f 1532/1560/584 1525/1554/584 1523/1555/584
f 1533/1568/585 1534/1573/585 1521/1574/585
f 1520/1547/589 1534/1575/589 1533/1570/589
f 1528/1569/588 1533/1570/588 1529/1567/588
f 1520/1547/589 1533/1570/589 1528/1569/589
f 1531/1564/585 1529/1566/585 1533/1568/585
f 1521/1574/586 1524/1576/586 1533/1568/586
f 1524/1576/585 1525/1562/585 1533/1568/585
f 1521/1546/579 1534/1575/579 1520/1547/579
f 1538/1543/594 1535/1544/594 1536/1545/594
f 1537/1546/591 1536/1547/591 1535/1548/591
f 1538/1549/592 1537/1550/592 1535/1551/592
f 1539/1553/594 1538/1543/594 1543/1557/594
f 1541/1554/593 1538/1549/593 1539/1555/593
f 1538/1549/592 1540/1556/592 1537/1550/592
f 1541/1554/593 1540/1556/593 1538/1549/593
f 1536/1545/590 1542/1572/590 1538/1543/590
f 1542/1572/594 1543/1557/594 1538/1543/594
f 1542/1569/595 1544/1567/595 1543/1571/595
f 1544/1567/596 1545/1559/596 1543/1571/596
f 1543/1557/594 1545/1558/594 1546/1552/594
f 1546/1552/594 1539/1553/594 1543/1557/594
f 1545/1559/597 1547/1560/597 1546/1561/597
f 1547/1560/598 1539/1555/598 1546/1561/598
f 1541/1562/599 1547/1563/599 1548/1564/599
f 1545/1559/597 1548/1565/597 1547/1560/597
f 1547/1560/598 1541/1554/598 1539/1555/598
f 1548/1564/600 1544/1566/600 1541/1562/600
f 1544/1567/596 1548/1565/596 1545/1559/596
f 1542/1569/595 1549/1570/595 1544/1567/595
f 1544/1566/599 1549/1568/599 1541/1562/599
f 1549/1568/599 1550/1573/599 1541/1562/599
f 1536/1547/601 1550/1575/601 1549/1570/601
f 1536/1547/601 1549/1570/601 1542/1569/601
f 1550/1573/600 1537/1574/600 1541/1562/600
f 1537/1546/591 1550/1575/591 1536/1547/591
f 1537/1574/599 1540/1576/599 1541/1562/599
f 2834/1542/577 2832/1542/577 2831/1542/577
f 2835/1542/573 2831/1542/573 2832/1542/573
f 2835/1542/573 2833/1542/573 2831/1542/573
f 2833/1542/571 2834/1542/571 2831/1542/571
f 2836/1542/571 2835/1542/571 2832/1542/571
f 2840/1542/574 2835/1542/574 2836/1542/574
f 2839/1542/574 2833/1542/574 2835/1542/574
f 2840/1542/574 2837/1542/574 2835/1542/574
f 2837/1542/573 2838/1542/573 2835/1542/573
f 2841/1542/571 2835/1542/571 2838/1542/571
f 2841/1542/571 2839/1542/571 2835/1542/571
f 2842/1542/628 2839/1542/628 2841/1542/628
f 2843/1542/574 2842/1542/574 2841/1542/574
f 2843/1542/574 2841/1542/574 2838/1542/574
f 2837/1542/573 2843/1542/573 2838/1542/573
f 2844/1542/572 2843/1542/572 2837/1542/572
f 2844/1542/572 2842/1542/572 2843/1542/572
f 2842/1542/628 2844/1542/628 2839/1542/628
f 2844/1542/574 2848/1542/574 2839/1542/574
f 2844/1542/574 2845/1542/574 2848/1542/574
f 2847/1542/572 2845/1542/572 2844/1542/572
f 2846/1542/574 2844/1542/574 2837/1542/574
f 2849/1542/628 2844/1542/628 2846/1542/628
f 2849/1542/628 2847/1542/628 2844/1542/628
f 2850/1542/572 2849/1542/572 2846/1542/572
f 2847/1542/577 2849/1542/577 2850/1542/577
f 2851/1542/573 2850/1542/573 2852/1542/573
f 2847/1542/577 2850/1542/577 2851/1542/577
f 2850/1542/572 2846/1542/572 2852/1542/572
f 2846/1542/574 2837/1542/574 2852/1542/574
f 2851/1542/573 2852/1542/573 2837/1542/573
f 2853/1542/573 2851/1542/573 2832/1542/573
f 2856/1542/572 2851/1542/572 2853/1542/572
f 2851/1542/577 2855/1542/577 2832/1542/577
f 2854/1542/572 2851/1542/572 2837/1542/572
f 2851/1542/577 2854/1542/577 2855/1542/577
f 2856/1542/572 2847/1542/572 2851/1542/572
f 2847/1542/628 2856/1542/628 2857/1542/628
f 2858/1542/577 2857/1542/577 2856/1542/577
f 2858/1542/577 2856/1542/577 2853/1542/577
f 2859/1542/571 2858/1542/571 2832/1542/571
f 2853/1542/573 2832/1542/573 2858/1542/573
f 2859/1542/571 2857/1542/571 2858/1542/571
f 2839/1542/571 2860/1542/571 2859/1542/571
f 2861/1542/577 2859/1542/577 2860/1542/577
f 2861/1542/577 2847/1542/577 2859/1542/577
f 2847/1542/628 2857/1542/628 2859/1542/628
f 2834/1542/577 2859/1542/577 2832/1542/577
f 2862/1542/628 2859/1542/628 2834/1542/628
f 2862/1542/628 2839/1542/628 2859/1542/628
f 2833/1542/571 2862/1542/571 2834/1542/571
f 2839/1542/574 2862/1542/574 2833/1542/574
f 2848/1542/628 2861/1542/628 2860/1542/628
f 2847/1542/572 2861/1542/572 2845/1542/572
f 2848/1542/628 2845/1542/628 2861/1542/628
f 2839/1542/571 2848/1542/571 2860/1542/571
f 2836/1542/571 2832/1542/571 2855/1542/571
f 2854/1542/573 2836/1542/573 2855/1542/573
f 2854/1542/573 2840/1542/573 2836/1542/573
f 2854/1542/572 2837/1542/572 2840/1542/572
o Dormer-1
v 14.098001 22.610001 -3.325000
v 7.714001 22.610001 -3.325000
v 7.714001 27.930000 -3.325000
v 10.906000 32.585003 -3.325000
v 14.098001 27.930000 -3.325000
v 14.098001 22.610001 2.128000
v 7.714001 22.610001 2.128000
v 7.714001 27.930000 2.128000
v 10.906000 32.585003 2.128000
v 14.098001 27.930000 2.128000
v 12.794600 23.780399 -3.604300
v 12.794600 27.937580 -3.604300
v 9.017401 23.780399 -3.604300
v 12.794600 23.780399 -3.364900
v 9.017401 27.937580 -3.604300
v 12.794600 27.937580 -3.364900
v 10.906000 29.805302 -3.364900
v 9.017401 23.780399 -3.364900
v 9.017401 27.937580 -3.364900
v 10.906000 29.805302 -3.604300
v 12.595100 23.940001 -3.803800
v 12.595100 27.858580 -3.803800
v 9.216900 23.940001 -3.803800
v 12.595100 23.940001 -3.484600
v 9.216900 27.858580 -3.803800
v 12.595100 27.858580 -3.484600
v 10.906000 29.619102 -3.484600
v 9.216900 23.940001 -3.484600
v 9.216900 27.858580 -3.484600
v 10.906000 29.619102 -3.803800
v 12.222700 24.152802 -3.930150
v 12.222700 27.704300 -3.930150
v 9.589300 24.152802 -3.930150
v 12.222700 24.152802 -3.757250
v 9.589300 27.704300 -3.930150
v 12.222700 27.704300 -3.757250
v 10.906000 29.299902 -3.757250
v 9.589300 24.152802 -3.757250
v 9.589300 27.704300 -3.757250
v 10.906000 29.299902 -3.930150
v 10.959200 24.126202 -4.056500
v 10.959200 24.126202 -4.029900
v 10.852800 24.126202 -4.056500
v 10.959200 28.275801 -4.056500
v 10.852800 24.126202 -4.029900
v 10.852800 24.099602 -4.029900
v 10.852800 24.126202 -3.923500
v 10.826200 24.126202 -4.029900
v 10.852800 28.275801 -4.029900
v 10.826200 28.275801 -4.029900
v 10.826200 28.275801 -3.923500
v 10.852800 28.275801 -3.923500
v 10.826200 24.126202 -3.923500
v 10.852800 28.302402 -3.923500
v 10.852800 28.275801 -3.896900
v 10.959200 28.275801 -3.923500
v 10.852800 28.302402 -4.029900
v 10.959200 28.302402 -4.029900
v 10.959200 28.302402 -3.923500
v 10.959200 28.275801 -4.029900
v 10.985801 28.275801 -4.029900
v 10.852800 28.275801 -4.056500
v 10.985801 24.126202 -4.029900
v 10.985801 24.126202 -3.923500
v 10.959200 24.126202 -3.923500
v 10.985801 28.275801 -3.923500
v 10.959200 24.099602 -3.923500
v 10.959200 24.126202 -3.896900
v 10.959200 24.099602 -4.029900
v 10.852800 24.126202 -3.896900
v 10.959200 28.275801 -3.896900
v 10.852800 24.099602 -3.923500
v 12.242650 25.815300 -4.056500
v 12.242650 25.815300 -4.029900
v 9.569350 25.815300 -4.056500
v 12.242650 25.948299 -4.056500
v 9.569350 25.815300 -4.029900
v 9.569350 25.788700 -4.029900
v 9.569350 25.815300 -3.923500
v 9.542750 25.815300 -4.029900
v 9.569350 25.948299 -4.029900
v 9.542750 25.948299 -4.029900
v 9.542750 25.948299 -3.923500
v 9.569350 25.948299 -3.923500
v 9.542750 25.815300 -3.923500
v 9.569350 25.974899 -3.923500
v 9.569350 25.948299 -3.896900
v 12.242650 25.948299 -3.923500
v 9.569350 25.974899 -4.029900
v 12.242650 25.948299 -3.896900
v 12.242650 25.815300 -3.896900
v 12.242650 25.815300 -3.923500
v 9.569350 25.815300 -3.896900
v 12.269250 25.815300 -3.923500
v 12.242650 25.788700 -3.923500
v 12.269250 25.815300 -4.029900
v 12.242650 25.788700 -4.029900
v 12.269250 25.948299 -3.923500
v 12.269250 25.948299 -4.029900
v 12.242650 25.948299 -4.029900
v 12.242650 25.974899 -4.029900
v 12.242650 25.974899 -3.923500
v 9.569350 25.948299 -4.056500
v 9.569350 25.788700 -3.923500
v 12.781300 23.767099 -4.269300
v 12.781300 23.767099 -4.202800
v 9.030701 23.767099 -4.269300
v 12.781300 24.006500 -4.269300
v 9.030701 23.767099 -4.202800
v 9.030701 23.700600 -4.202800
v 9.030701 23.767099 -3.404800
v 8.964200 23.767099 -4.202800
v 9.030701 24.006500 -4.202800
v 9.030701 23.700600 -3.404800
v 8.964200 24.006500 -4.202800
v 8.964200 24.006500 -3.404800
v 8.964200 23.767099 -3.404800
v 9.030701 24.006500 -3.404800
v 9.030701 24.072998 -3.404800
v 9.030701 24.006500 -3.338300
v 12.781300 24.006500 -3.404800
v 9.030701 24.072998 -4.202800
v 12.781300 24.006500 -3.338300
v 12.781300 23.767099 -3.338300
v 12.781300 23.767099 -3.404800
v 9.030701 23.767099 -3.338300
v 12.847800 23.767099 -3.404800
v 12.781300 23.700600 -3.404800
v 12.781300 23.700600 -4.202800
v 12.847800 24.006500 -3.404800
v 12.847800 24.006500 -4.202800
v 12.847800 23.767099 -4.202800
v 12.781300 24.006500 -4.202800
v 12.781300 24.072998 -4.202800
v 12.781300 24.072998 -3.404800
v 9.030701 24.006500 -4.269300
vn -0.0000 -0.0000 -1.0000
vn -0.0000 -0.0000 1.0000
vn -0.0000 -1.0000 -0.0000
vn -1.0000 -0.0000 -0.0000
vn -0.8247 0.5655 -0.0000
vn 0.8247 0.5655 -0.0000
vn 1.0000 -0.0000 -0.0000
vn 0.7032 0.7110 -0.0000
vn -0.7032 0.7110 -0.0000
vn 0.7216 0.6923 -0.0000
vn -0.7216 0.6923 -0.0000
vn 0.7713 0.6365 -0.0000
vn -0.7713 0.6365 -0.0000
vn -0.0000 1.0000 -0.0000
vn 0.0001 1.0000 -0.0000
s 0
usemtl WarmWall
f 2863//629 2864//629 2865//629
f 2872//630 2870//630 2869//630
f 2868//631 2864//631 2863//631
f 2869//632 2865//632 2864//632
f 2870//633 2866//633 2865//633
f 2871//634 2867//634 2866//634
f 2872//635 2863//635 2867//635
f 2866//629 2867//629 2865//629
f 2867//629 2863//629 2865//629
f 2869//630 2868//630 2872//630
f 2872//630 2871//630 2870//630
f 2868//631 2869//631 2864//631
f 2869//632 2870//632 2865//632
f 2870//633 2871//633 2866//633
f 2871//634 2872//634 2867//634
f 2872//635 2868//635 2863//635
usemtl Ink
f 2874//629 2873//629 2877//629
f 2878//635 2873//635 2874//635
f 2876//631 2875//631 2873//631
f 2873//629 2875//629 2877//629
f 2878//635 2876//635 2873//635
f 2880//630 2876//630 2878//630
f 2879//636 2878//636 2874//636
f 2878//630 2879//630 2881//630
f 2878//630 2881//630 2880//630
f 2880//632 2881//632 2877//632
f 2881//637 2879//637 2882//637
f 2881//637 2882//637 2877//637
f 2882//629 2874//629 2877//629
f 2879//636 2874//636 2882//636
f 2876//631 2880//631 2875//631
f 2880//632 2877//632 2875//632
usemtl Cream
f 2884//629 2883//629 2887//629
f 2888//635 2883//635 2884//635
f 2886//631 2885//631 2883//631
f 2883//629 2885//629 2887//629
f 2888//635 2886//635 2883//635
f 2890//630 2886//630 2888//630
f 2889//638 2888//638 2884//638
f 2888//630 2889//630 2891//630
f 2888//630 2891//630 2890//630
f 2890//632 2891//632 2887//632
f 2891//639 2889//639 2892//639
f 2891//639 2892//639 2887//639
f 2892//629 2884//629 2887//629
f 2889//638 2884//638 2892//638
f 2886//631 2890//631 2885//631
f 2890//632 2887//632 2885//632
f 2906//635 2904//635 2903//635
f 2907//631 2903//631 2904//631
f 2907//631 2905//631 2903//631
f 2905//629 2906//629 2903//629
f 2908//629 2907//629 2904//629
f 2908//632 2909//632 2907//632
f 2911//632 2905//632 2907//632
f 2909//631 2910//631 2907//631
f 2912//629 2907//629 2910//629
f 2912//629 2911//629 2907//629
f 2912//642 2914//642 2911//642
f 2915//632 2913//632 2912//632
f 2912//643 2913//643 2914//643
f 2915//632 2912//632 2910//632
f 2909//631 2915//631 2910//631
f 2914//630 2915//630 2909//630
f 2914//630 2913//630 2915//630
f 2914//632 2919//632 2911//632
f 2914//632 2916//632 2919//632
f 2918//630 2916//630 2914//630
f 2917//632 2914//632 2909//632
f 2917//642 2918//642 2914//642
f 2911//629 2919//629 2920//629
f 2919//642 2921//642 2920//642
f 2919//642 2916//642 2921//642
f 2921//635 2922//635 2920//635
f 2918//630 2921//630 2916//630
f 2921//635 2918//635 2922//635
f 2911//629 2920//629 2922//629
f 2918//642 2923//642 2922//642
f 2922//629 2923//629 2925//629
f 2906//635 2922//635 2904//635
f 2924//642 2922//642 2906//642
f 2924//642 2911//642 2922//642
f 2922//629 2925//629 2904//629
f 2925//631 2927//631 2904//631
f 2925//631 2926//631 2927//631
f 2925//635 2928//635 2926//635
f 2925//635 2923//635 2928//635
f 2928//630 2918//630 2927//630
f 2918//642 2928//642 2923//642
f 2928//630 2927//630 2926//630
f 2927//635 2931//635 2904//635
f 2929//630 2927//630 2909//630
f 2927//635 2929//635 2931//635
f 2927//631 2932//631 2909//631
f 2927//631 2930//631 2932//631
f 2918//635 2930//635 2927//635
f 2917//632 2909//632 2932//632
f 2930//630 2917//630 2932//630
f 2908//629 2904//629 2931//629
f 2929//631 2908//631 2931//631
f 2930//630 2933//630 2917//630
f 2918//635 2933//635 2930//635
f 2917//642 2933//642 2918//642
f 2929//631 2934//631 2908//631
f 2929//630 2909//630 2934//630
f 2908//632 2934//632 2909//632
f 2905//629 2924//629 2906//629
f 2911//632 2924//632 2905//632
f 2938//635 2936//635 2935//635
f 2939//631 2935//631 2936//631
f 2939//631 2937//631 2935//631
f 2937//629 2938//629 2935//629
f 2940//629 2939//629 2936//629
f 2940//632 2941//632 2939//632
f 2943//632 2937//632 2939//632
f 2941//631 2942//631 2939//631
f 2944//629 2939//629 2942//629
f 2944//629 2943//629 2939//629
f 2944//642 2946//642 2943//642
f 2947//632 2945//632 2944//632
f 2944//642 2945//642 2946//642
f 2947//632 2944//632 2942//632
f 2941//631 2947//631 2942//631
f 2946//630 2947//630 2941//630
f 2946//630 2945//630 2947//630
f 2946//632 2951//632 2943//632
f 2946//632 2948//632 2951//632
f 2950//630 2948//630 2946//630
f 2949//632 2946//632 2941//632
f 2952//642 2946//642 2949//642
f 2952//642 2950//642 2946//642
f 2953//630 2952//630 2949//630
f 2950//635 2952//635 2953//635
f 2954//631 2953//631 2955//631
f 2950//635 2953//635 2954//635
f 2953//630 2949//630 2955//630
f 2949//632 2941//632 2955//632
f 2954//631 2955//631 2941//631
f 2958//631 2956//631 2954//631
f 2960//630 2954//630 2956//630
f 2954//635 2959//635 2936//635
f 2958//631 2954//631 2936//631
f 2957//630 2954//630 2941//630
f 2954//635 2957//635 2959//635
f 2960//630 2950//630 2954//630
f 2950//642 2960//642 2961//642
f 2958//635 2961//635 2960//635
f 2958//635 2960//635 2956//635
f 2962//629 2961//629 2958//629
f 2950//642 2961//642 2962//642
f 2943//629 2963//629 2962//629
f 2964//635 2962//635 2963//635
f 2964//635 2950//635 2962//635
f 2938//635 2962//635 2936//635
f 2965//642 2962//642 2938//642
f 2965//642 2943//642 2962//642
f 2962//629 2958//629 2936//629
f 2937//629 2965//629 2938//629
f 2943//632 2965//632 2937//632
f 2951//642 2964//642 2963//642
f 2950//630 2964//630 2948//630
f 2951//642 2948//642 2964//642
f 2943//629 2951//629 2963//629
f 2940//629 2936//629 2959//629
f 2957//631 2940//631 2959//631
f 2957//631 2966//631 2940//631
f 2957//630 2941//630 2966//630
f 2940//632 2966//632 2941//632
f 2970//635 2968//635 2967//635
f 2971//631 2967//631 2968//631
f 2971//631 2969//631 2967//631
f 2969//629 2970//629 2967//629
f 2972//629 2971//629 2968//629
f 2976//632 2971//632 2972//632
f 2975//632 2969//632 2971//632
f 2976//632 2973//632 2971//632
f 2973//631 2974//631 2971//631
f 2977//629 2971//629 2974//629
f 2977//629 2975//629 2971//629
f 2978//642 2975//642 2977//642
f 2979//632 2978//632 2977//632
f 2979//632 2977//632 2974//632
f 2973//631 2979//631 2974//631
f 2980//630 2979//630 2973//630
f 2980//630 2978//630 2979//630
f 2978//642 2980//642 2975//642
f 2980//632 2984//632 2975//632
f 2980//632 2981//632 2984//632
f 2983//630 2981//630 2980//630
f 2982//632 2980//632 2973//632
f 2985//642 2980//642 2982//642
f 2985//642 2983//642 2980//642
f 2986//630 2985//630 2982//630
f 2983//635 2985//635 2986//635
f 2987//631 2986//631 2988//631
f 2983//635 2986//635 2987//635
f 2986//630 2982//630 2988//630
f 2982//632 2973//632 2988//632
f 2987//631 2988//631 2973//631
f 2989//631 2987//631 2968//631
f 2992//630 2987//630 2989//630
f 2987//635 2991//635 2968//635
f 2990//630 2987//630 2973//630
f 2987//635 2990//635 2991//635
f 2992//630 2983//630 2987//630
f 2983//642 2992//642 2993//642
f 2994//635 2993//635 2992//635
f 2994//635 2992//635 2989//635
f 2995//629 2994//629 2968//629
f 2989//631 2968//631 2994//631
f 2995//629 2993//629 2994//629
f 2975//629 2996//629 2995//629
f 2997//635 2995//635 2996//635
f 2997//635 2983//635 2995//635
f 2983//642 2993//642 2995//642
f 2970//635 2995//635 2968//635
f 2998//642 2995//642 2970//642
f 2998//642 2975//642 2995//642
f 2969//629 2998//629 2970//629
f 2975//632 2998//632 2969//632
f 2984//642 2997//642 2996//642
f 2983//630 2997//630 2981//630
f 2984//642 2981//642 2997//642
f 2975//629 2984//629 2996//629
f 2972//629 2968//629 2991//629
f 2990//631 2972//631 2991//631
f 2990//631 2976//631 2972//631
f 2990//630 2973//630 2976//630
usemtl DarkGlass
f 2894//629 2893//629 2897//629
f 2898//635 2893//635 2894//635
f 2896//631 2895//631 2893//631
f 2893//629 2895//629 2897//629
f 2898//635 2896//635 2893//635
f 2900//630 2896//630 2898//630
f 2899//640 2898//640 2894//640
f 2898//630 2899//630 2901//630
f 2898//630 2901//630 2900//630
f 2900//632 2901//632 2897//632
f 2901//641 2899//641 2902//641
f 2901//641 2902//641 2897//641
f 2902//629 2894//629 2897//629
f 2899//640 2894//640 2902//640
f 2896//631 2900//631 2895//631
f 2900//632 2897//632 2895//632
o Dormer_roof-1
v 14.896000 28.129501 -3.990000
v 6.916000 28.129501 -3.990000
v 6.916000 28.595001 -3.990000
v 10.906000 33.250000 -3.990000
v 14.896000 28.595001 -3.990000
v 14.896000 28.129501 2.926000
v 6.916000 28.129501 2.926000
v 6.916000 28.595001 2.926000
v 10.906000 33.250000 2.926000
v 14.896000 28.595001 2.926000
v 11.128160 33.679821 -4.149601
v 11.063089 33.624050 -4.356500
v 15.118158 29.024822 -4.149599
v 11.063089 33.624050 -3.942701
v 15.053090 28.969048 -4.356499
v 15.053090 28.969048 -3.942700
v 10.748910 33.354755 -4.356500
v 10.906000 33.489403 -4.442201
v 14.738911 28.699753 -4.356499
v 10.683842 33.298981 -4.149601
v 14.896000 28.834402 -4.442199
v 14.673841 28.643980 -4.149599
v 14.738911 28.699753 -3.942700
v 10.748910 33.354755 -3.942701
v 10.906000 33.489403 -3.857001
v 14.896000 28.834402 -3.856999
v 10.683841 33.679821 -4.149601
v 10.748910 33.624050 -3.942701
v 6.693842 29.024822 -4.149599
v 10.748910 33.624050 -4.356500
v 6.758910 28.969048 -3.942700
v 6.758910 28.969048 -4.356499
v 11.063089 33.354755 -3.942701
v 10.906000 33.489403 -3.857001
v 7.073091 28.699753 -3.942700
v 11.128158 33.298981 -4.149601
v 7.138159 28.643980 -4.149599
v 11.063089 33.354755 -4.356500
v 7.073090 28.699753 -4.356499
v 10.906000 33.489403 -4.442201
v 6.916000 28.834402 -4.442199
v 6.916000 28.834402 -3.856999
v 11.128160 33.679821 3.085600
v 11.063089 33.624050 2.878700
v 15.118158 29.024822 3.085601
v 11.063089 33.624050 3.292499
v 15.053090 28.969048 2.878702
v 15.053090 28.969048 3.292500
v 10.748910 33.354755 2.878700
v 10.906000 33.489403 2.793000
v 14.738911 28.699753 2.878702
v 10.683842 33.298981 3.085600
v 14.896000 28.834402 2.793001
v 14.673841 28.643980 3.085601
v 14.738911 28.699753 3.292500
v 10.748910 33.354755 3.292499
v 14.896000 28.834402 3.378201
v 10.906000 33.489403 3.378199
v 10.683841 33.679821 3.085600
v 10.748910 33.624050 3.292499
v 6.693842 29.024822 3.085601
v 10.748910 33.624050 2.878700
v 6.758910 28.969048 3.292500
v 6.758910 28.969048 2.878702
v 11.063089 33.354755 3.292499
v 10.906000 33.489403 3.378199
v 7.073091 28.699753 3.292500
v 11.128158 33.298981 3.085600
v 7.138159 28.643980 3.085601
v 11.063089 33.354755 2.878700
v 10.906000 33.489403 2.793000
v 6.916000 28.834402 2.793001
v 7.073090 28.699753 2.878702
v 6.916000 28.834402 3.378201
v 10.978851 33.498322 -3.963400
v 10.978851 33.498322 -3.930150
v 12.334818 31.916359 -3.963400
v 10.807182 33.351177 -3.963400
v 12.334818 31.916359 -3.930150
v 12.163149 31.769215 -3.963400
v 12.163149 31.769215 -3.930150
v 10.807182 33.351177 -3.930150
v 10.781938 33.329540 -3.930150
v 10.807182 33.351177 -2.320850
v 10.785544 33.376423 -3.930150
v 10.781938 33.329540 -2.320850
v 10.957212 33.523567 -3.930150
v 10.957212 33.523567 -2.320850
v 10.785544 33.376423 -2.320850
v 10.978851 33.498322 -2.320850
v 11.004096 33.519958 -2.320850
v 12.334818 31.916359 -2.320850
v 10.978851 33.498322 -2.287600
v 11.004096 33.519958 -3.930150
v 12.360063 31.937998 -2.320850
v 12.334818 31.916359 -2.287600
v 12.163149 31.769215 -2.287600
v 12.163149 31.769215 -2.320850
v 10.807182 33.351177 -2.287600
v 12.184788 31.743969 -2.320850
v 12.137904 31.747576 -2.320850
v 12.137904 31.747576 -3.930150
v 12.184788 31.743969 -3.930150
v 12.356457 31.891115 -2.320850
v 12.356457 31.891115 -3.930150
v 12.360063 31.937998 -3.930150
v 10.978851 33.498322 -2.234400
v 10.978851 33.498322 -2.201150
v 12.334818 31.916359 -2.234400
v 10.807182 33.351177 -2.234400
v 12.334818 31.916359 -2.201150
v 12.163149 31.769215 -2.234400
v 12.163149 31.769215 -2.201150
v 10.807182 33.351177 -2.201150
v 10.781938 33.329540 -2.201150
v 10.807182 33.351177 -0.591850
v 10.785544 33.376423 -2.201150
v 10.781938 33.329540 -0.591850
v 10.957212 33.523567 -2.201150
v 10.957212 33.523567 -0.591850
v 10.785544 33.376423 -0.591850
v 10.978851 33.498322 -0.591850
v 11.004096 33.519958 -0.591850
v 12.334818 31.916359 -0.591850
v 10.978851 33.498322 -0.558600
v 11.004096 33.519958 -2.201150
v 12.360063 31.937998 -0.591850
v 12.334818 31.916359 -0.558600
v 12.163149 31.769215 -0.558600
v 12.163149 31.769215 -0.591850
v 10.807182 33.351177 -0.558600
v 12.184788 31.743969 -0.591850
v 12.137904 31.747576 -0.591850
v 12.137904 31.747576 -2.201150
v 12.184788 31.743969 -2.201150
v 12.356457 31.891115 -0.591850
v 12.356457 31.891115 -2.201150
v 12.360063 31.937998 -2.201150
v 10.978851 33.498322 -0.505400
v 10.978851 33.498322 -0.472150
v 12.334818 31.916359 -0.505400
v 10.807182 33.351177 -0.505400
v 12.334818 31.916359 -0.472150
v 12.163149 31.769215 -0.505400
v 12.163149 31.769215 -0.472150
v 10.807182 33.351177 -0.472150
v 10.781938 33.329540 -0.472150
v 10.807182 33.351177 1.137150
v 10.785544 33.376423 -0.472150
v 10.781938 33.329540 1.137150
v 10.957212 33.523567 -0.472150
v 10.957212 33.523567 1.137150
v 10.785544 33.376423 1.137150
v 10.978851 33.498322 1.137150
v 11.004096 33.519958 1.137150
v 12.334818 31.916359 1.137150
v 10.978851 33.498322 1.170400
v 11.004096 33.519958 -0.472150
v 12.360063 31.937998 1.137150
v 12.334818 31.916359 1.170400
v 12.163149 31.769215 1.170400
v 12.163149 31.769215 1.137150
v 10.807182 33.351177 1.170400
v 12.184788 31.743969 1.137150
v 12.137904 31.747576 1.137150
v 12.137904 31.747576 -0.472150
v 12.184788 31.743969 -0.472150
v 12.356457 31.891115 1.137150
v 12.356457 31.891115 -0.472150
v 12.360063 31.937998 -0.472150
v 10.978851 33.498322 1.223600
v 10.978851 33.498322 1.256850
v 12.334818 31.916359 1.223600
v 10.807182 33.351177 1.223600
v 12.334818 31.916359 1.256850
v 12.163149 31.769215 1.223600
v 12.163149 31.769215 1.256850
v 10.807182 33.351177 1.256850
v 10.781938 33.329540 1.256850
v 10.807182 33.351177 2.866150
v 10.785544 33.376423 1.256850
v 10.781938 33.329540 2.866150
v 10.957212 33.523567 1.256850
v 10.957212 33.523567 2.866150
v 10.785544 33.376423 2.866150
v 10.978851 33.498322 2.866150
v 11.004096 33.519958 2.866150
v 12.334818 31.916359 2.866150
v 10.978851 33.498322 2.899400
v 11.004096 33.519958 1.256850
v 12.360063 31.937998 2.866150
v 12.334818 31.916359 2.899400
v 12.163149 31.769215 2.899400
v 12.163149 31.769215 2.866150
v 10.807182 33.351177 2.899400
v 12.184788 31.743969 2.866150
v 12.137904 31.747576 2.866150
v 12.137904 31.747576 1.256850
v 12.184788 31.743969 1.256850
v 12.356457 31.891115 2.866150
v 12.356457 31.891115 1.256850
v 12.360063 31.937998 1.256850
v 12.308851 31.946655 -3.963400
v 12.308851 31.946655 -3.930150
v 13.664818 30.364693 -3.963400
v 12.137182 31.799511 -3.963400
v 13.664818 30.364693 -3.930150
v 13.493149 30.217550 -3.963400
v 13.493149 30.217550 -3.930150
v 12.137182 31.799511 -3.930150
v 12.111938 31.777874 -3.930150
v 12.137182 31.799511 -2.320850
v 12.115544 31.824755 -3.930150
v 12.111938 31.777874 -2.320850
v 12.287212 31.971901 -3.930150
v 12.287212 31.971901 -2.320850
v 12.115544 31.824755 -2.320850
v 12.308851 31.946655 -2.320850
v 12.334096 31.968294 -2.320850
v 13.664818 30.364693 -2.320850
v 12.308851 31.946655 -2.287600
v 12.334096 31.968294 -3.930150
v 13.690063 30.386332 -2.320850
v 13.664818 30.364693 -2.287600
v 13.493149 30.217550 -2.287600
v 13.493149 30.217550 -2.320850
v 12.137182 31.799511 -2.287600
v 13.514788 30.192303 -2.320850
v 13.467904 30.195911 -2.320850
v 13.467904 30.195911 -3.930150
v 13.514788 30.192303 -3.930150
v 13.686457 30.339449 -2.320850
v 13.686457 30.339449 -3.930150
v 13.690063 30.386332 -3.930150
v 12.308851 31.946655 -2.234400
v 12.308851 31.946655 -2.201150
v 13.664818 30.364693 -2.234400
v 12.137182 31.799511 -2.234400
v 13.664818 30.364693 -2.201150
v 13.493149 30.217550 -2.234400
v 13.493149 30.217550 -2.201150
v 12.137182 31.799511 -2.201150
v 12.111938 31.777874 -2.201150
v 12.137182 31.799511 -0.591850
v 12.115544 31.824755 -2.201150
v 12.111938 31.777874 -0.591850
v 12.287212 31.971901 -2.201150
v 12.287212 31.971901 -0.591850
v 12.115544 31.824755 -0.591850
v 12.308851 31.946655 -0.591850
v 12.334096 31.968294 -0.591850
v 13.664818 30.364693 -0.591850
v 12.308851 31.946655 -0.558600
v 12.334096 31.968294 -2.201150
v 13.690063 30.386332 -0.591850
v 13.664818 30.364693 -0.558600
v 13.493149 30.217550 -0.558600
v 13.493149 30.217550 -0.591850
v 12.137182 31.799511 -0.558600
v 13.514788 30.192303 -0.591850
v 13.467904 30.195911 -0.591850
v 13.467904 30.195911 -2.201150
v 13.514788 30.192303 -2.201150
v 13.686457 30.339449 -0.591850
v 13.686457 30.339449 -2.201150
v 13.690063 30.386332 -2.201150
v 12.308851 31.946655 -0.505400
v 12.308851 31.946655 -0.472150
v 13.664818 30.364693 -0.505400
v 12.137182 31.799511 -0.505400
v 13.664818 30.364693 -0.472150
v 13.493149 30.217550 -0.505400
v 13.493149 30.217550 -0.472150
v 12.137182 31.799511 -0.472150
v 12.111938 31.777874 -0.472150
v 12.137182 31.799511 1.137150
v 12.115544 31.824755 -0.472150
v 12.111938 31.777874 1.137150
v 12.287212 31.971901 -0.472150
v 12.287212 31.971901 1.137150
v 12.115544 31.824755 1.137150
v 12.308851 31.946655 1.137150
v 12.334096 31.968294 1.137150
v 13.664818 30.364693 1.137150
v 12.308851 31.946655 1.170400
v 12.334096 31.968294 -0.472150
v 13.690063 30.386332 1.137150
v 13.664818 30.364693 1.170400
v 13.493149 30.217550 1.170400
v 13.493149 30.217550 1.137150
v 12.137182 31.799511 1.170400
v 13.514788 30.192303 1.137150
v 13.467904 30.195911 1.137150
v 13.467904 30.195911 -0.472150
v 13.514788 30.192303 -0.472150
v 13.686457 30.339449 1.137150
v 13.686457 30.339449 -0.472150
v 13.690063 30.386332 -0.472150
v 12.308851 31.946655 1.223600
v 12.308851 31.946655 1.256850
v 13.664818 30.364693 1.223600
v 12.137182 31.799511 1.223600
v 13.664818 30.364693 1.256850
v 13.493149 30.217550 1.223600
v 13.493149 30.217550 1.256850
v 12.137182 31.799511 1.256850
v 12.111938 31.777874 1.256850
v 12.137182 31.799511 2.866150
v 12.115544 31.824755 1.256850
v 12.111938 31.777874 2.866150
v 12.287212 31.971901 1.256850
v 12.287212 31.971901 2.866150
v 12.115544 31.824755 2.866150
v 12.308851 31.946655 2.866150
v 12.334096 31.968294 2.866150
v 13.664818 30.364693 2.866150
v 12.308851 31.946655 2.899400
v 12.334096 31.968294 1.256850
v 13.690063 30.386332 2.866150
v 13.664818 30.364693 2.899400
v 13.493149 30.217550 2.899400
v 13.493149 30.217550 2.866150
v 12.137182 31.799511 2.899400
v 13.514788 30.192303 2.866150
v 13.467904 30.195911 2.866150
v 13.467904 30.195911 1.256850
v 13.514788 30.192303 1.256850
v 13.686457 30.339449 2.866150
v 13.686457 30.339449 1.256850
v 13.690063 30.386332 1.256850
v 13.638851 30.394987 -3.963400
v 13.638851 30.394987 -3.930150
v 14.994818 28.813025 -3.963400
v 13.467183 30.247843 -3.963400
v 14.994818 28.813025 -3.930150
v 14.823149 28.665880 -3.963400
v 14.823149 28.665880 -3.930150
v 13.467183 30.247843 -3.930150
v 13.441938 30.226204 -3.930150
v 13.467183 30.247843 -2.320850
v 13.445544 30.273087 -3.930150
v 13.441938 30.226204 -2.320850
v 13.617212 30.420233 -3.930150
v 13.617212 30.420233 -2.320850
v 13.445544 30.273087 -2.320850
v 13.638851 30.394987 -2.320850
v 13.664096 30.416626 -2.320850
v 14.994818 28.813025 -2.320850
v 13.638851 30.394987 -2.287600
v 13.664096 30.416626 -3.930150
v 15.020062 28.834663 -2.320850
v 14.994818 28.813025 -2.287600
v 14.823149 28.665880 -2.287600
v 14.823149 28.665880 -2.320850
v 13.467183 30.247843 -2.287600
v 14.844788 28.640635 -2.320850
v 14.797904 28.644241 -2.320850
v 14.797904 28.644241 -3.930150
v 14.844788 28.640635 -3.930150
v 15.016457 28.787781 -2.320850
v 15.016457 28.787781 -3.930150
v 15.020062 28.834663 -3.930150
v 13.638851 30.394987 -2.234400
v 13.638851 30.394987 -2.201150
v 14.994818 28.813025 -2.234400
v 13.467183 30.247843 -2.234400
v 14.994818 28.813025 -2.201150
v 14.823149 28.665880 -2.234400
v 14.823149 28.665880 -2.201150
v 13.467183 30.247843 -2.201150
v 13.441938 30.226204 -2.201150
v 13.467183 30.247843 -0.591850
v 13.445544 30.273087 -2.201150
v 13.441938 30.226204 -0.591850
v 13.617212 30.420233 -2.201150
v 13.617212 30.420233 -0.591850
v 13.445544 30.273087 -0.591850
v 13.638851 30.394987 -0.591850
v 13.664096 30.416626 -0.591850
v 14.994818 28.813025 -0.591850
v 13.638851 30.394987 -0.558600
v 13.664096 30.416626 -2.201150
v 15.020062 28.834663 -0.591850
v 14.994818 28.813025 -0.558600
v 14.823149 28.665880 -0.558600
v 14.823149 28.665880 -0.591850
v 13.467183 30.247843 -0.558600
v 14.844788 28.640635 -0.591850
v 14.797904 28.644241 -0.591850
v 14.797904 28.644241 -2.201150
v 14.844788 28.640635 -2.201150
v 15.016457 28.787781 -0.591850
v 15.016457 28.787781 -2.201150
v 15.020062 28.834663 -2.201150
v 13.638851 30.394987 -0.505400
v 13.638851 30.394987 -0.472150
v 14.994818 28.813025 -0.505400
v 13.467183 30.247843 -0.505400
v 14.994818 28.813025 -0.472150
v 14.823149 28.665880 -0.505400
v 14.823149 28.665880 -0.472150
v 13.467183 30.247843 -0.472150
v 13.441938 30.226204 -0.472150
v 13.467183 30.247843 1.137150
v 13.445544 30.273087 -0.472150
v 13.441938 30.226204 1.137150
v 13.617212 30.420233 -0.472150
v 13.617212 30.420233 1.137150
v 13.445544 30.273087 1.137150
v 13.638851 30.394987 1.137150
v 13.664096 30.416626 1.137150
v 14.994818 28.813025 1.137150
v 13.638851 30.394987 1.170400
v 13.664096 30.416626 -0.472150
v 15.020062 28.834663 1.137150
v 14.994818 28.813025 1.170400
v 14.823149 28.665880 1.170400
v 14.823149 28.665880 1.137150
v 13.467183 30.247843 1.170400
v 14.844788 28.640635 1.137150
v 14.797904 28.644241 1.137150
v 14.797904 28.644241 -0.472150
v 14.844788 28.640635 -0.472150
v 15.016457 28.787781 1.137150
v 15.016457 28.787781 -0.472150
v 15.020062 28.834663 -0.472150
v 13.638851 30.394987 1.223600
v 13.638851 30.394987 1.256850
v 14.994818 28.813025 1.223600
v 13.467183 30.247843 1.223600
v 14.994818 28.813025 1.256850
v 14.823149 28.665880 1.223600
v 14.823149 28.665880 1.256850
v 13.467183 30.247843 1.256850
v 13.441938 30.226204 1.256850
v 13.467183 30.247843 2.866150
v 13.445544 30.273087 1.256850
v 13.441938 30.226204 2.866150
v 13.617212 30.420233 1.256850
v 13.617212 30.420233 2.866150
v 13.445544 30.273087 2.866150
v 13.638851 30.394987 2.866150
v 13.664096 30.416626 2.866150
v 14.994818 28.813025 2.866150
v 13.638851 30.394987 2.899400
v 13.664096 30.416626 1.256850
v 15.020062 28.834663 2.866150
v 14.994818 28.813025 2.899400
v 14.823149 28.665880 2.899400
v 14.823149 28.665880 2.866150
v 13.467183 30.247843 2.899400
v 14.844788 28.640635 2.866150
v 14.797904 28.644241 2.866150
v 14.797904 28.644241 1.256850
v 14.844788 28.640635 1.256850
v 15.016457 28.787781 2.866150
v 15.016457 28.787781 1.256850
v 15.020062 28.834663 1.256850
v 11.004818 33.351177 -3.963400
v 11.004818 33.351177 -3.930150
v 9.648850 31.769215 -3.963400
v 10.833149 33.498322 -3.963400
v 9.648850 31.769215 -3.930150
v 9.674096 31.747576 -3.930150
v 9.648850 31.769215 -2.320850
v 9.627212 31.743969 -3.930150
v 9.477182 31.916359 -3.930150
v 11.030063 33.329540 -3.930150
v 9.674096 31.747576 -2.320850
v 11.030063 33.329540 -2.320850
v 11.004818 33.351177 -2.320850
v 11.026456 33.376423 -2.320850
v 11.004818 33.351177 -2.287600
v 10.833149 33.498322 -2.320850
v 9.648850 31.769215 -2.287600
v 10.854788 33.523567 -2.320850
v 10.854788 33.523567 -3.930150
v 11.026456 33.376423 -3.930150
v 10.833149 33.498322 -3.930150
v 10.807904 33.519958 -3.930150
v 10.807904 33.519958 -2.320850
v 9.477182 31.916359 -3.963400
v 9.451938 31.937998 -3.930150
v 9.451938 31.937998 -2.320850
v 9.477182 31.916359 -2.320850
v 9.455544 31.891115 -2.320850
v 9.477182 31.916359 -2.287600
v 10.833149 33.498322 -2.287600
v 9.627212 31.743969 -2.320850
v 9.455544 31.891115 -3.930150
v 11.004818 33.351177 -2.234400
v 11.004818 33.351177 -2.201150
v 9.648850 31.769215 -2.234400
v 10.833149 33.498322 -2.234400
v 9.648850 31.769215 -2.201150
v 9.674096 31.747576 -2.201150
v 9.648850 31.769215 -0.591850
v 9.627212 31.743969 -2.201150
v 9.477182 31.916359 -2.201150
v 11.030063 33.329540 -2.201150
v 9.674096 31.747576 -0.591850
v 11.030063 33.329540 -0.591850
v 11.004818 33.351177 -0.591850
v 11.026456 33.376423 -0.591850
v 11.004818 33.351177 -0.558600
v 10.833149 33.498322 -0.591850
v 9.648850 31.769215 -0.558600
v 10.854788 33.523567 -0.591850
v 10.854788 33.523567 -2.201150
v 11.026456 33.376423 -2.201150
v 10.833149 33.498322 -2.201150
v 10.807904 33.519958 -2.201150
v 10.807904 33.519958 -0.591850
v 9.477182 31.916359 -2.234400
v 9.451938 31.937998 -2.201150
v 9.451938 31.937998 -0.591850
v 9.477182 31.916359 -0.591850
v 9.455544 31.891115 -0.591850
v 9.477182 31.916359 -0.558600
v 10.833149 33.498322 -0.558600
v 9.627212 31.743969 -0.591850
v 9.455544 31.891115 -2.201150
v 11.004818 33.351177 -0.505400
v 11.004818 33.351177 -0.472150
v 9.648850 31.769215 -0.505400
v 10.833149 33.498322 -0.505400
v 9.648850 31.769215 -0.472150
v 9.674096 31.747576 -0.472150
v 9.648850 31.769215 1.137150
v 9.627212 31.743969 -0.472150
v 9.477182 31.916359 -0.472150
v 11.030063 33.329540 -0.472150
v 9.674096 31.747576 1.137150
v 11.030063 33.329540 1.137150
v 11.004818 33.351177 1.137150
v 11.026456 33.376423 1.137150
v 11.004818 33.351177 1.170400
v 10.833149 33.498322 1.137150
v 9.648850 31.769215 1.170400
v 10.854788 33.523567 1.137150
v 10.854788 33.523567 -0.472150
v 11.026456 33.376423 -0.472150
v 10.833149 33.498322 -0.472150
v 10.807904 33.519958 -0.472150
v 10.807904 33.519958 1.137150
v 9.477182 31.916359 -0.505400
v 9.451938 31.937998 -0.472150
v 9.451938 31.937998 1.137150
v 9.477182 31.916359 1.137150
v 9.455544 31.891115 1.137150
v 9.477182 31.916359 1.170400
v 10.833149 33.498322 1.170400
v 9.627212 31.743969 1.137150
v 9.455544 31.891115 -0.472150
v 11.004818 33.351177 1.223600
v 11.004818 33.351177 1.256850
v 9.648850 31.769215 1.223600
v 10.833149 33.498322 1.223600
v 9.648850 31.769215 1.256850
v 9.674096 31.747576 1.256850
v 9.648850 31.769215 2.866150
v 9.627212 31.743969 1.256850
v 9.477182 31.916359 1.256850
v 11.030063 33.329540 1.256850
v 9.674096 31.747576 2.866150
v 11.030063 33.329540 2.866150
v 11.004818 33.351177 2.866150
v 11.026456 33.376423 2.866150
v 11.004818 33.351177 2.899400
v 10.833149 33.498322 2.866150
v 9.648850 31.769215 2.899400
v 10.854788 33.523567 2.866150
v 10.854788 33.523567 1.256850
v 11.026456 33.376423 1.256850
v 10.833149 33.498322 1.256850
v 10.807904 33.519958 1.256850
v 10.807904 33.519958 2.866150
v 9.477182 31.916359 1.223600
v 9.451938 31.937998 1.256850
v 9.451938 31.937998 2.866150
v 9.477182 31.916359 2.866150
v 9.455544 31.891115 2.866150
v 9.477182 31.916359 2.899400
v 10.833149 33.498322 2.899400
v 9.627212 31.743969 2.866150
v 9.455544 31.891115 1.256850
v 9.674817 31.799511 -3.963400
v 9.674817 31.799509 -3.930150
v 8.318851 30.217550 -3.963400
v 9.503150 31.946655 -3.963400
v 9.503150 31.946655 -3.930150
v 9.477904 31.968294 -3.930150
v 9.503150 31.946655 -2.320850
v 9.524788 31.971901 -3.930150
v 8.147182 30.364695 -3.930150
v 9.477904 31.968294 -2.320850
v 9.696456 31.824755 -3.930150
v 9.696456 31.824755 -2.320850
v 9.524788 31.971901 -2.320850
v 9.674817 31.799509 -2.320850
v 9.700063 31.777870 -2.320850
v 8.318851 30.217550 -2.320850
v 9.674817 31.799511 -2.287600
v 9.700063 31.777870 -3.930150
v 8.344096 30.195911 -2.320850
v 8.318851 30.217550 -2.287600
v 8.147182 30.364693 -2.287600
v 9.503150 31.946655 -2.287600
v 8.147182 30.364695 -2.320850
v 8.125544 30.339449 -2.320850
v 8.121937 30.386333 -2.320850
v 8.121937 30.386333 -3.930150
v 8.125544 30.339449 -3.930150
v 8.297212 30.192303 -2.320850
v 8.297212 30.192303 -3.930150
v 8.318851 30.217550 -3.930150
v 8.344096 30.195911 -3.930150
v 8.147182 30.364693 -3.963400
v 9.674817 31.799511 -2.234400
v 9.674817 31.799509 -2.201150
v 8.318851 30.217550 -2.234400
v 9.503150 31.946655 -2.234400
v 9.503150 31.946655 -2.201150
v 9.477904 31.968294 -2.201150
v 9.503150 31.946655 -0.591850
v 9.524788 31.971901 -2.201150
v 8.147182 30.364695 -2.201150
v 9.477904 31.968294 -0.591850
v 9.696456 31.824755 -2.201150
v 9.696456 31.824755 -0.591850
v 9.524788 31.971901 -0.591850
v 9.674817 31.799509 -0.591850
v 9.700063 31.777870 -0.591850
v 8.318851 30.217550 -0.591850
v 9.674817 31.799511 -0.558600
v 9.700063 31.777870 -2.201150
v 8.344096 30.195911 -0.591850
v 8.318851 30.217550 -0.558600
v 8.147182 30.364693 -0.558600
v 9.503150 31.946655 -0.558600
v 8.147182 30.364695 -0.591850
v 8.125544 30.339449 -0.591850
v 8.121937 30.386333 -0.591850
v 8.121937 30.386333 -2.201150
v 8.125544 30.339449 -2.201150
v 8.297212 30.192303 -0.591850
v 8.297212 30.192303 -2.201150
v 8.318851 30.217550 -2.201150
v 8.344096 30.195911 -2.201150
v 8.147182 30.364693 -2.234400
v 9.674817 31.799511 -0.505400
v 9.674817 31.799509 -0.472150
v 8.318851 30.217550 -0.505400
v 9.503150 31.946655 -0.505400
v 9.503150 31.946655 -0.472150
v 9.477904 31.968294 -0.472150
v 9.503150 31.946655 1.137150
v 9.524788 31.971901 -0.472150
v 8.147182 30.364695 -0.472150
v 9.477904 31.968294 1.137150
v 9.696456 31.824755 -0.472150
v 9.696456 31.824755 1.137150
v 9.524788 31.971901 1.137150
v 9.674817 31.799509 1.137150
v 9.700063 31.777870 1.137150
v 8.318851 30.217550 1.137150
v 9.674817 31.799511 1.170400
v 9.700063 31.777870 -0.472150
v 8.344096 30.195911 1.137150
v 8.318851 30.217550 1.170400
v 8.147182 30.364693 1.170400
v 9.503150 31.946655 1.170400
v 8.147182 30.364695 1.137150
v 8.125544 30.339449 1.137150
v 8.121937 30.386333 1.137150
v 8.121937 30.386333 -0.472150
v 8.125544 30.339449 -0.472150
v 8.297212 30.192303 1.137150
v 8.297212 30.192303 -0.472150
v 8.318851 30.217550 -0.472150
v 8.344096 30.195911 -0.472150
v 8.147182 30.364693 -0.505400
v 9.674817 31.799511 1.223600
v 9.674817 31.799509 1.256850
v 8.318851 30.217550 1.223600
v 9.503150 31.946655 1.223600
v 9.503150 31.946655 1.256850
v 9.477904 31.968294 1.256850
v 9.503150 31.946655 2.866150
v 9.524788 31.971901 1.256850
v 8.147182 30.364695 1.256850
v 9.477904 31.968294 2.866150
v 9.696456 31.824755 1.256850
v 9.696456 31.824755 2.866150
v 9.524788 31.971901 2.866150
v 9.674817 31.799509 2.866150
v 9.700063 31.777870 2.866150
v 8.318851 30.217550 2.866150
v 9.674817 31.799511 2.899400
v 9.700063 31.777870 1.256850
v 8.344096 30.195911 2.866150
v 8.318851 30.217550 2.899400
v 8.147182 30.364693 2.899400
v 9.503150 31.946655 2.899400
v 8.147182 30.364695 2.866150
v 8.125544 30.339449 2.866150
v 8.121937 30.386333 2.866150
v 8.121937 30.386333 1.256850
v 8.125544 30.339449 1.256850
v 8.297212 30.192303 2.866150
v 8.297212 30.192303 1.256850
v 8.318851 30.217550 1.256850
v 8.344096 30.195911 1.256850
v 8.147182 30.364693 1.223600
v 8.344817 30.247843 -3.963400
v 8.344817 30.247841 -3.930150
v 6.988851 28.665880 -3.963400
v 8.173149 30.394987 -3.963400
v 8.173149 30.394987 -3.930150
v 8.147904 30.416626 -3.930150
v 8.173149 30.394987 -2.320850
v 8.194788 30.420233 -3.930150
v 6.817183 28.813026 -3.930150
v 8.147904 30.416626 -2.320850
v 8.366456 30.273087 -3.930150
v 8.366456 30.273087 -2.320850
v 8.194788 30.420233 -2.320850
v 8.344817 30.247841 -2.320850
v 8.370063 30.226202 -2.320850
v 6.988851 28.665880 -2.320850
v 8.344817 30.247843 -2.287600
v 8.370063 30.226202 -3.930150
v 7.014096 28.644241 -2.320850
v 6.988851 28.665880 -2.287600
v 6.817183 28.813025 -2.287600
v 8.173149 30.394987 -2.287600
v 6.817183 28.813026 -2.320850
v 6.795544 28.787781 -2.320850
v 6.791937 28.834665 -2.320850
v 6.791937 28.834665 -3.930150
v 6.795544 28.787781 -3.930150
v 6.967212 28.640635 -2.320850
v 6.967212 28.640635 -3.930150
v 6.988851 28.665880 -3.930150
v 7.014096 28.644241 -3.930150
v 6.817183 28.813025 -3.963400
v 8.344817 30.247843 -2.234400
v 8.344817 30.247841 -2.201150
v 6.988851 28.665880 -2.234400
v 8.173149 30.394987 -2.234400
v 8.173149 30.394987 -2.201150
v 8.147904 30.416626 -2.201150
v 8.173149 30.394987 -0.591850
v 8.194788 30.420233 -2.201150
v 6.817183 28.813026 -2.201150
v 8.147904 30.416626 -0.591850
v 8.366456 30.273087 -2.201150
v 8.366456 30.273087 -0.591850
v 8.194788 30.420233 -0.591850
v 8.344817 30.247841 -0.591850
v 8.370063 30.226202 -0.591850
v 6.988851 28.665880 -0.591850
v 8.344817 30.247843 -0.558600
v 8.370063 30.226202 -2.201150
v 7.014096 28.644241 -0.591850
v 6.988851 28.665880 -0.558600
v 6.817183 28.813025 -0.558600
v 8.173149 30.394987 -0.558600
v 6.817183 28.813026 -0.591850
v 6.795544 28.787781 -0.591850
v 6.791937 28.834665 -0.591850
v 6.791937 28.834665 -2.201150
v 6.795544 28.787781 -2.201150
v 6.967212 28.640635 -0.591850
v 6.967212 28.640635 -2.201150
v 6.988851 28.665880 -2.201150
v 7.014096 28.644241 -2.201150
v 6.817183 28.813025 -2.234400
v 8.344817 30.247843 -0.505400
v 8.344817 30.247841 -0.472150
v 6.988851 28.665880 -0.505400
v 8.173149 30.394987 -0.505400
v 8.173149 30.394987 -0.472150
v 8.147904 30.416626 -0.472150
v 8.173149 30.394987 1.137150
v 8.194788 30.420233 -0.472150
v 6.817183 28.813026 -0.472150
v 8.147904 30.416626 1.137150
v 8.366456 30.273087 -0.472150
v 8.366456 30.273087 1.137150
v 8.194788 30.420233 1.137150
v 8.344817 30.247841 1.137150
v 8.370063 30.226202 1.137150
v 6.988851 28.665880 1.137150
v 8.344817 30.247843 1.170400
v 8.370063 30.226202 -0.472150
v 7.014096 28.644241 1.137150
v 6.988851 28.665880 1.170400
v 6.817183 28.813025 1.170400
v 8.173149 30.394987 1.170400
v 6.817183 28.813026 1.137150
v 6.795544 28.787781 1.137150
v 6.791937 28.834665 1.137150
v 6.791937 28.834665 -0.472150
v 6.795544 28.787781 -0.472150
v 6.967212 28.640635 1.137150
v 6.967212 28.640635 -0.472150
v 6.988851 28.665880 -0.472150
v 7.014096 28.644241 -0.472150
v 6.817183 28.813025 -0.505400
v 8.344817 30.247843 1.223600
v 8.344817 30.247841 1.256850
v 6.988851 28.665880 1.223600
v 8.173149 30.394987 1.223600
v 8.173149 30.394987 1.256850
v 8.147904 30.416626 1.256850
v 8.173149 30.394987 2.866150
v 8.194788 30.420233 1.256850
v 6.817183 28.813026 1.256850
v 8.147904 30.416626 2.866150
v 8.366456 30.273087 1.256850
v 8.366456 30.273087 2.866150
v 8.194788 30.420233 2.866150
v 8.344817 30.247841 2.866150
v 8.370063 30.226202 2.866150
v 6.988851 28.665880 2.866150
v 8.344817 30.247843 2.899400
v 8.370063 30.226202 1.256850
v 7.014096 28.644241 2.866150
v 6.988851 28.665880 2.899400
v 6.817183 28.813025 2.899400
v 8.173149 30.394987 2.899400
v 6.817183 28.813026 2.866150
v 6.795544 28.787781 2.866150
v 6.791937 28.834665 2.866150
v 6.791937 28.834665 1.256850
v 6.795544 28.787781 1.256850
v 6.967212 28.640635 2.866150
v 6.967212 28.640635 1.256850
v 6.988851 28.665880 1.256850
v 7.014096 28.644241 1.256850
v 6.817183 28.813025 1.223600
v 11.158700 33.409603 -4.389000
v 11.158700 33.409603 -4.309200
v 10.653300 33.409603 -4.389000
v 11.158700 33.782001 -4.389000
v 10.653300 33.409603 -4.309200
v 10.653300 33.329800 -4.309200
v 10.653300 33.409603 3.245200
v 10.573500 33.409603 -4.309200
v 10.653300 33.782001 -4.309200
v 10.653300 33.329800 3.245200
v 10.573500 33.409603 3.245200
v 10.573500 33.782001 -4.309200
v 10.573500 33.782001 3.245200
v 10.653300 33.782001 3.245200
v 10.653300 33.861801 3.245200
v 10.653300 33.782001 3.325000
v 11.158700 33.782001 3.245200
v 11.158700 33.782001 3.325000
v 11.158700 33.409603 3.325000
v 11.158700 33.409603 3.245200
v 10.653300 33.409603 3.325000
v 11.238500 33.409603 3.245200
v 11.158700 33.329800 3.245200
v 11.238500 33.782001 3.245200
v 11.238500 33.782001 -4.309200
v 11.158700 33.782001 -4.309200
v 11.238500 33.409603 -4.309200
v 11.158700 33.861801 -4.309200
v 11.158700 33.861801 3.245200
v 10.653300 33.782001 -4.389000
v 10.653300 33.861801 -4.309200
v 11.158700 33.329800 -4.309200
vn -0.0000 -0.0000 -1.0000
vn -0.0000 -0.0000 1.0000
vn -0.0000 -1.0000 -0.0000
vn -1.0000 -0.0000 -0.0000
vn -0.7593 0.6508 -0.0000
vn 0.7593 0.6508 -0.0000
vn 1.0000 -0.0000 -0.0000
vn -0.6508 0.7593 -0.0000
vn 0.7015 0.6013 -0.3827
vn 0.7015 0.6013 0.3827
vn -0.2906 -0.2490 -0.9239
vn -0.7015 -0.6013 -0.3827
vn 0.6508 -0.7592 -0.0000
vn -0.7015 -0.6013 0.3827
vn 0.6508 -0.7593 -0.0000
vn -0.2906 -0.2490 0.9239
vn 0.2906 0.2490 0.9239
vn 0.2906 0.2490 -0.9239
vn 0.6508 0.7593 -0.0000
vn -0.7015 0.6013 0.3827
vn -0.7015 0.6013 -0.3827
vn 0.2906 -0.2490 0.9239
vn 0.7015 -0.6013 0.3827
vn 0.6508 0.7592 -0.0000
vn 0.7015 -0.6013 -0.3827
vn 0.2906 -0.2490 -0.9239
vn -0.2906 0.2490 -0.9239
vn -0.6508 -0.7592 -0.0000
vn -0.6508 -0.7593 -0.0000
vn -0.2906 0.2490 0.9239
vn -0.6508 0.7592 -0.0000
vn -0.2906 -0.2491 -0.9239
vn 0.2906 -0.2491 0.9239
vn -0.2906 0.2491 -0.9239
vn -0.7593 -0.6508 -0.0000
vn -0.7592 -0.6508 -0.0000
vn 0.7592 0.6509 -0.0000
vn 0.7592 0.6508 -0.0000
vn -0.7592 -0.6509 -0.0000
vn 0.7593 -0.6508 -0.0000
vn 0.7592 -0.6508 -0.0000
vn -0.7592 0.6509 -0.0000
vn -0.7592 0.6508 -0.0000
vn 0.6508 0.7593 0.0001
vn 0.6507 0.7593 -0.0000
vn -0.7593 0.6508 0.0001
vn -0.6507 -0.7593 -0.0000
vn -0.6508 -0.7593 -0.0001
vn -0.6508 -0.7593 0.0001
vn -0.7593 0.6508 -0.0001
vn -0.6508 -0.7592 -0.0001
vn -0.7592 0.6508 0.0001
vn -0.6508 -0.7592 0.0001
vn -0.0001 -1.0000 -0.0000
vn 0.0001 1.0000 -0.0000
vn -0.0000 1.0000 -0.0000
vn -0.0001 1.0000 -0.0000
vn 0.0001 -1.0000 -0.0000
vt 0.000000 0.000000
vt 0.750000 0.490000
vt 0.919706 0.419706
vt 0.919706 0.080294
vt 1.000000 0.500000
vt 0.875000 1.000000
vt 0.875000 0.500000
vt 0.125000 1.000000
vt 0.000000 1.000000
vt 0.000000 0.500000
vt 1.000000 1.000000
vt 0.580294 0.419706
vt 0.125000 0.500000
vt 0.990000 0.250000
vt 0.750000 1.000000
vt 0.625000 0.500000
vt 0.750000 0.500000
vt 0.625000 1.000000
vt 0.500000 1.000000
vt 0.750000 0.010000
vt 0.500000 0.500000
vt 0.250000 0.010000
vt 0.419706 0.080294
vt 0.490000 0.250000
vt 0.375000 0.500000
vt 0.080294 0.080294
vt 0.375000 1.000000
vt 0.580294 0.080294
vt 0.250000 0.500000
vt 0.510000 0.250000
vt 0.250000 1.000000
vt 0.010000 0.250000
vt 0.250000 0.490000
vt 0.080294 0.419706
vt 0.419706 0.419706
s 0
usemtl WarmRoof
f 2999/1577/644 3000/1577/644 3001/1577/644
f 3008/1577/645 3006/1577/645 3005/1577/645
f 3004/1577/646 3000/1577/646 2999/1577/646
f 3005/1577/647 3001/1577/647 3000/1577/647
f 3006/1577/648 3002/1577/648 3001/1577/648
f 3007/1577/649 3003/1577/649 3002/1577/649
f 3008/1577/650 2999/1577/650 3003/1577/650
f 3002/1577/644 3003/1577/644 3001/1577/644
f 3003/1577/644 2999/1577/644 3001/1577/644
f 3005/1577/645 3004/1577/645 3008/1577/645
f 3008/1577/645 3007/1577/645 3006/1577/645
f 3004/1577/646 3005/1577/646 3000/1577/646
f 3005/1577/647 3006/1577/647 3001/1577/647
f 3006/1577/648 3007/1577/648 3002/1577/648
f 3007/1577/649 3008/1577/649 3003/1577/649
f 3008/1577/650 3004/1577/650 2999/1577/650
f 3076/1577/651 3074/1577/651 3073/1577/651
f 3077/1577/649 3073/1577/649 3074/1577/649
f 3073/1577/644 3075/1577/644 3078/1577/644
f 3077/1577/649 3075/1577/649 3073/1577/649
f 3073/1577/644 3078/1577/644 3076/1577/644
f 3078/1577/678 3080/1577/678 3076/1577/678
f 3079/1577/658 3078/1577/658 3075/1577/658
f 3078/1577/678 3079/1577/678 3080/1577/678
f 3079/1577/644 3081/1577/644 3080/1577/644
f 3084/1577/651 3080/1577/651 3081/1577/651
f 3084/1577/674 3082/1577/674 3080/1577/674
f 3082/1577/678 3083/1577/678 3080/1577/678
f 3080/1577/644 3083/1577/644 3085/1577/644
f 3076/1577/651 3080/1577/651 3074/1577/651
f 3080/1577/644 3085/1577/644 3074/1577/644
f 3086/1577/649 3074/1577/649 3085/1577/649
f 3085/1577/651 3087/1577/651 3086/1577/651
f 3085/1577/651 3083/1577/651 3087/1577/651
f 3086/1577/645 3087/1577/645 3082/1577/645
f 3082/1577/679 3087/1577/679 3083/1577/679
f 3086/1577/649 3088/1577/649 3074/1577/649
f 3086/1577/645 3082/1577/645 3088/1577/645
f 3088/1577/674 3092/1577/674 3074/1577/674
f 3093/1577/645 3089/1577/645 3088/1577/645
f 3088/1577/651 3089/1577/651 3092/1577/651
f 3088/1577/649 3094/1577/649 3090/1577/649
f 3093/1577/645 3088/1577/645 3090/1577/645
f 3088/1577/649 3091/1577/649 3094/1577/649
f 3082/1577/651 3091/1577/651 3088/1577/651
f 3095/1577/658 3090/1577/658 3094/1577/658
f 3091/1577/645 3095/1577/645 3094/1577/645
f 3095/1577/658 3096/1577/658 3090/1577/658
f 3097/1577/678 3096/1577/678 3095/1577/678
f 3091/1577/645 3097/1577/645 3095/1577/645
f 3082/1577/651 3097/1577/651 3091/1577/651
f 3097/1577/678 3082/1577/678 3096/1577/678
f 3090/1577/645 3096/1577/645 3098/1577/645
f 3098/1577/678 3096/1577/678 3079/1577/678
f 3096/1577/656 3100/1577/656 3079/1577/656
f 3096/1577/656 3099/1577/656 3100/1577/656
f 3096/1577/645 3084/1577/645 3099/1577/645
f 3096/1577/645 3082/1577/645 3084/1577/645
f 3079/1577/644 3100/1577/644 3081/1577/644
f 3100/1577/678 3084/1577/678 3081/1577/678
f 3100/1577/678 3099/1577/678 3084/1577/678
f 3102/1577/658 3098/1577/658 3101/1577/658
f 3098/1577/678 3079/1577/678 3101/1577/678
f 3090/1577/645 3098/1577/645 3102/1577/645
f 3090/1577/680 3102/1577/680 3103/1577/680
f 3102/1577/656 3101/1577/656 3103/1577/656
f 3101/1577/644 3077/1577/644 3103/1577/644
f 3090/1577/649 3103/1577/649 3077/1577/649
f 3101/1577/644 3079/1577/644 3077/1577/644
f 3093/1577/656 3090/1577/656 3077/1577/656
f 3089/1577/649 3093/1577/649 3104/1577/649
f 3093/1577/656 3077/1577/656 3104/1577/656
f 3089/1577/649 3104/1577/649 3092/1577/649
f 3104/1577/644 3074/1577/644 3092/1577/644
f 3104/1577/644 3077/1577/644 3074/1577/644
f 3079/1577/658 3075/1577/658 3077/1577/658
f 3108/1577/651 3106/1577/651 3105/1577/651
f 3109/1577/649 3105/1577/649 3106/1577/649
f 3105/1577/644 3107/1577/644 3110/1577/644
f 3109/1577/649 3107/1577/649 3105/1577/649
f 3105/1577/644 3110/1577/644 3108/1577/644
f 3110/1577/678 3112/1577/678 3108/1577/678
f 3111/1577/658 3110/1577/658 3107/1577/658
f 3110/1577/678 3111/1577/678 3112/1577/678
f 3111/1577/644 3113/1577/644 3112/1577/644
f 3116/1577/651 3112/1577/651 3113/1577/651
f 3116/1577/674 3114/1577/674 3112/1577/674
f 3114/1577/678 3115/1577/678 3112/1577/678
f 3112/1577/644 3115/1577/644 3117/1577/644
f 3108/1577/651 3112/1577/651 3106/1577/651
f 3112/1577/644 3117/1577/644 3106/1577/644
f 3118/1577/649 3106/1577/649 3117/1577/649
f 3117/1577/651 3119/1577/651 3118/1577/651
f 3117/1577/651 3115/1577/651 3119/1577/651
f 3118/1577/645 3119/1577/645 3114/1577/645
f 3114/1577/679 3119/1577/679 3115/1577/679
f 3118/1577/649 3120/1577/649 3106/1577/649
f 3118/1577/645 3114/1577/645 3120/1577/645
f 3120/1577/674 3124/1577/674 3106/1577/674
f 3125/1577/645 3121/1577/645 3120/1577/645
f 3120/1577/651 3121/1577/651 3124/1577/651
f 3120/1577/649 3126/1577/649 3122/1577/649
f 3125/1577/645 3120/1577/645 3122/1577/645
f 3120/1577/649 3123/1577/649 3126/1577/649
f 3114/1577/651 3123/1577/651 3120/1577/651
f 3127/1577/658 3122/1577/658 3126/1577/658
f 3123/1577/645 3127/1577/645 3126/1577/645
f 3127/1577/658 3128/1577/658 3122/1577/658
f 3129/1577/678 3128/1577/678 3127/1577/678
f 3123/1577/645 3129/1577/645 3127/1577/645
f 3114/1577/651 3129/1577/651 3123/1577/651
f 3129/1577/678 3114/1577/678 3128/1577/678
f 3122/1577/645 3128/1577/645 3130/1577/645
f 3130/1577/678 3128/1577/678 3111/1577/678
f 3128/1577/656 3132/1577/656 3111/1577/656
f 3128/1577/656 3131/1577/656 3132/1577/656
f 3128/1577/645 3116/1577/645 3131/1577/645
f 3128/1577/645 3114/1577/645 3116/1577/645
f 3111/1577/644 3132/1577/644 3113/1577/644
f 3132/1577/678 3116/1577/678 3113/1577/678
f 3132/1577/678 3131/1577/678 3116/1577/678
f 3134/1577/658 3130/1577/658 3133/1577/658
f 3130/1577/678 3111/1577/678 3133/1577/678
f 3122/1577/645 3130/1577/645 3134/1577/645
f 3122/1577/680 3134/1577/680 3135/1577/680
f 3134/1577/656 3133/1577/656 3135/1577/656
f 3133/1577/644 3109/1577/644 3135/1577/644
f 3122/1577/649 3135/1577/649 3109/1577/649
f 3133/1577/644 3111/1577/644 3109/1577/644
f 3125/1577/656 3122/1577/656 3109/1577/656
f 3121/1577/649 3125/1577/649 3136/1577/649
f 3125/1577/656 3109/1577/656 3136/1577/656
f 3121/1577/649 3136/1577/649 3124/1577/649
f 3136/1577/644 3106/1577/644 3124/1577/644
f 3136/1577/644 3109/1577/644 3106/1577/644
f 3111/1577/658 3107/1577/658 3109/1577/658
f 3140/1577/651 3138/1577/651 3137/1577/651
f 3141/1577/649 3137/1577/649 3138/1577/649
f 3137/1577/644 3139/1577/644 3142/1577/644
f 3141/1577/649 3139/1577/649 3137/1577/649
f 3137/1577/644 3142/1577/644 3140/1577/644
f 3142/1577/678 3144/1577/678 3140/1577/678
f 3143/1577/658 3142/1577/658 3139/1577/658
f 3142/1577/678 3143/1577/678 3144/1577/678
f 3143/1577/644 3145/1577/644 3144/1577/644
f 3148/1577/651 3144/1577/651 3145/1577/651
f 3148/1577/674 3146/1577/674 3144/1577/674
f 3146/1577/678 3147/1577/678 3144/1577/678
f 3144/1577/644 3147/1577/644 3149/1577/644
f 3140/1577/651 3144/1577/651 3138/1577/651
f 3144/1577/644 3149/1577/644 3138/1577/644
f 3150/1577/649 3138/1577/649 3149/1577/649
f 3149/1577/651 3151/1577/651 3150/1577/651
f 3149/1577/651 3147/1577/651 3151/1577/651
f 3150/1577/645 3151/1577/645 3146/1577/645
f 3146/1577/679 3151/1577/679 3147/1577/679
f 3150/1577/649 3152/1577/649 3138/1577/649
f 3150/1577/645 3146/1577/645 3152/1577/645
f 3152/1577/674 3156/1577/674 3138/1577/674
f 3157/1577/645 3153/1577/645 3152/1577/645
f 3152/1577/651 3153/1577/651 3156/1577/651
f 3152/1577/649 3158/1577/649 3154/1577/649
f 3157/1577/645 3152/1577/645 3154/1577/645
f 3152/1577/649 3155/1577/649 3158/1577/649
f 3146/1577/651 3155/1577/651 3152/1577/651
f 3159/1577/658 3154/1577/658 3158/1577/658
f 3155/1577/645 3159/1577/645 3158/1577/645
f 3159/1577/658 3160/1577/658 3154/1577/658
f 3161/1577/678 3160/1577/678 3159/1577/678
f 3155/1577/645 3161/1577/645 3159/1577/645
f 3146/1577/651 3161/1577/651 3155/1577/651
f 3161/1577/678 3146/1577/678 3160/1577/678
f 3154/1577/645 3160/1577/645 3162/1577/645
f 3162/1577/678 3160/1577/678 3143/1577/678
f 3160/1577/656 3164/1577/656 3143/1577/656
f 3160/1577/656 3163/1577/656 3164/1577/656
f 3160/1577/645 3148/1577/645 3163/1577/645
f 3160/1577/645 3146/1577/645 3148/1577/645
f 3143/1577/644 3164/1577/644 3145/1577/644
f 3164/1577/678 3148/1577/678 3145/1577/678
f 3164/1577/678 3163/1577/678 3148/1577/678
f 3166/1577/658 3162/1577/658 3165/1577/658
f 3162/1577/678 3143/1577/678 3165/1577/678
f 3154/1577/645 3162/1577/645 3166/1577/645
f 3154/1577/680 3166/1577/680 3167/1577/680
f 3166/1577/656 3165/1577/656 3167/1577/656
f 3165/1577/644 3141/1577/644 3167/1577/644
f 3154/1577/649 3167/1577/649 3141/1577/649
f 3165/1577/644 3143/1577/644 3141/1577/644
f 3157/1577/656 3154/1577/656 3141/1577/656
f 3153/1577/649 3157/1577/649 3168/1577/649
f 3157/1577/656 3141/1577/656 3168/1577/656
f 3153/1577/649 3168/1577/649 3156/1577/649
f 3168/1577/644 3138/1577/644 3156/1577/644
f 3168/1577/644 3141/1577/644 3138/1577/644
f 3143/1577/658 3139/1577/658 3141/1577/658
f 3172/1577/674 3170/1577/674 3169/1577/674
f 3173/1577/649 3169/1577/649 3170/1577/649
f 3169/1577/644 3171/1577/644 3174/1577/644
f 3173/1577/649 3171/1577/649 3169/1577/649
f 3169/1577/644 3174/1577/644 3172/1577/644
f 3174/1577/678 3176/1577/678 3172/1577/678
f 3175/1577/656 3174/1577/656 3171/1577/656
f 3174/1577/678 3175/1577/678 3176/1577/678
f 3175/1577/644 3177/1577/644 3176/1577/644
f 3180/1577/651 3176/1577/651 3177/1577/651
f 3180/1577/674 3178/1577/674 3176/1577/674
f 3178/1577/678 3179/1577/678 3176/1577/678
f 3176/1577/644 3179/1577/644 3181/1577/644
f 3172/1577/651 3176/1577/651 3170/1577/651
f 3176/1577/644 3181/1577/644 3170/1577/644
f 3182/1577/649 3170/1577/649 3181/1577/649
f 3181/1577/651 3183/1577/651 3182/1577/651
f 3181/1577/651 3179/1577/651 3183/1577/651
f 3182/1577/645 3183/1577/645 3178/1577/645
f 3178/1577/679 3183/1577/679 3179/1577/679
f 3182/1577/649 3184/1577/649 3170/1577/649
f 3182/1577/645 3178/1577/645 3184/1577/645
f 3184/1577/651 3188/1577/651 3170/1577/651
f 3189/1577/645 3185/1577/645 3184/1577/645
f 3184/1577/674 3185/1577/674 3188/1577/674
f 3184/1577/649 3190/1577/649 3186/1577/649
f 3189/1577/645 3184/1577/645 3186/1577/645
f 3184/1577/681 3187/1577/681 3190/1577/681
f 3178/1577/674 3187/1577/674 3184/1577/674
f 3191/1577/658 3186/1577/658 3190/1577/658
f 3187/1577/645 3191/1577/645 3190/1577/645
f 3191/1577/656 3192/1577/656 3186/1577/656
f 3193/1577/679 3192/1577/679 3191/1577/679
f 3187/1577/645 3193/1577/645 3191/1577/645
f 3178/1577/651 3193/1577/651 3187/1577/651
f 3193/1577/678 3178/1577/678 3192/1577/678
f 3186/1577/645 3192/1577/645 3194/1577/645
f 3194/1577/678 3192/1577/678 3175/1577/678
f 3192/1577/656 3196/1577/656 3175/1577/656
f 3192/1577/656 3195/1577/656 3196/1577/656
f 3192/1577/645 3180/1577/645 3195/1577/645
f 3192/1577/645 3178/1577/645 3180/1577/645
f 3175/1577/644 3196/1577/644 3177/1577/644
f 3196/1577/678 3180/1577/678 3177/1577/678
f 3196/1577/678 3195/1577/678 3180/1577/678
f 3198/1577/658 3194/1577/658 3197/1577/658
f 3194/1577/678 3175/1577/678 3197/1577/678
f 3186/1577/645 3194/1577/645 3198/1577/645
f 3186/1577/680 3198/1577/680 3199/1577/680
f 3198/1577/656 3197/1577/656 3199/1577/656
f 3197/1577/644 3173/1577/644 3199/1577/644
f 3186/1577/649 3199/1577/649 3173/1577/649
f 3197/1577/644 3175/1577/644 3173/1577/644
f 3189/1577/656 3186/1577/656 3173/1577/656
f 3185/1577/649 3189/1577/649 3200/1577/649
f 3189/1577/656 3173/1577/656 3200/1577/656
f 3185/1577/649 3200/1577/649 3188/1577/649
f 3200/1577/644 3170/1577/644 3188/1577/644
f 3200/1577/644 3173/1577/644 3170/1577/644
f 3175/1577/658 3171/1577/658 3173/1577/658
f 3204/1577/651 3202/1577/651 3201/1577/651
f 3205/1577/649 3201/1577/649 3202/1577/649
f 3201/1577/644 3203/1577/644 3206/1577/644
f 3205/1577/649 3203/1577/649 3201/1577/649
f 3201/1577/644 3206/1577/644 3204/1577/644
f 3206/1577/678 3208/1577/678 3204/1577/678
f 3207/1577/658 3206/1577/658 3203/1577/658
f 3206/1577/678 3207/1577/678 3208/1577/678
f 3207/1577/644 3209/1577/644 3208/1577/644
f 3212/1577/674 3208/1577/674 3209/1577/674
f 3212/1577/674 3210/1577/674 3208/1577/674
f 3210/1577/682 3211/1577/682 3208/1577/682
f 3208/1577/644 3211/1577/644 3213/1577/644
f 3204/1577/651 3208/1577/651 3202/1577/651
f 3208/1577/644 3213/1577/644 3202/1577/644
f 3214/1577/649 3202/1577/649 3213/1577/649
f 3213/1577/651 3215/1577/651 3214/1577/651
f 3213/1577/651 3211/1577/651 3215/1577/651
f 3214/1577/645 3215/1577/645 3210/1577/645
f 3210/1577/678 3215/1577/678 3211/1577/678
f 3214/1577/649 3216/1577/649 3202/1577/649
f 3214/1577/645 3210/1577/645 3216/1577/645
f 3216/1577/674 3220/1577/674 3202/1577/674
f 3221/1577/645 3217/1577/645 3216/1577/645
f 3216/1577/674 3217/1577/674 3220/1577/674
f 3216/1577/649 3222/1577/649 3218/1577/649
f 3221/1577/645 3216/1577/645 3218/1577/645
f 3216/1577/649 3219/1577/649 3222/1577/649
f 3210/1577/651 3219/1577/651 3216/1577/651
f 3223/1577/658 3218/1577/658 3222/1577/658
f 3219/1577/645 3223/1577/645 3222/1577/645
f 3223/1577/658 3224/1577/658 3218/1577/658
f 3225/1577/678 3224/1577/678 3223/1577/678
f 3219/1577/645 3225/1577/645 3223/1577/645
f 3210/1577/651 3225/1577/651 3219/1577/651
f 3225/1577/678 3210/1577/678 3224/1577/678
f 3218/1577/645 3224/1577/645 3226/1577/645
f 3226/1577/678 3224/1577/678 3207/1577/678
f 3224/1577/656 3228/1577/656 3207/1577/656
f 3224/1577/658 3227/1577/658 3228/1577/658
f 3224/1577/645 3212/1577/645 3227/1577/645
f 3224/1577/645 3210/1577/645 3212/1577/645
f 3207/1577/644 3228/1577/644 3209/1577/644
f 3228/1577/678 3212/1577/678 3209/1577/678
f 3228/1577/678 3227/1577/678 3212/1577/678
f 3230/1577/656 3226/1577/656 3229/1577/656
f 3226/1577/678 3207/1577/678 3229/1577/678
f 3218/1577/645 3226/1577/645 3230/1577/645
f 3218/1577/649 3230/1577/649 3231/1577/649
f 3230/1577/658 3229/1577/658 3231/1577/658
f 3229/1577/644 3205/1577/644 3231/1577/644
f 3218/1577/681 3231/1577/681 3205/1577/681
f 3229/1577/644 3207/1577/644 3205/1577/644
f 3221/1577/656 3218/1577/656 3205/1577/656
f 3217/1577/649 3221/1577/649 3232/1577/649
f 3221/1577/658 3205/1577/658 3232/1577/658
f 3217/1577/649 3232/1577/649 3220/1577/649
f 3232/1577/644 3202/1577/644 3220/1577/644
f 3232/1577/644 3205/1577/644 3202/1577/644
f 3207/1577/658 3203/1577/658 3205/1577/658
f 3236/1577/651 3234/1577/651 3233/1577/651
f 3237/1577/649 3233/1577/649 3234/1577/649
f 3233/1577/644 3235/1577/644 3238/1577/644
f 3237/1577/649 3235/1577/649 3233/1577/649
f 3233/1577/644 3238/1577/644 3236/1577/644
f 3238/1577/678 3240/1577/678 3236/1577/678
f 3239/1577/658 3238/1577/658 3235/1577/658
f 3238/1577/678 3239/1577/678 3240/1577/678
f 3239/1577/644 3241/1577/644 3240/1577/644
f 3244/1577/674 3240/1577/674 3241/1577/674
f 3244/1577/674 3242/1577/674 3240/1577/674
f 3242/1577/682 3243/1577/682 3240/1577/682
f 3240/1577/644 3243/1577/644 3245/1577/644
f 3236/1577/651 3240/1577/651 3234/1577/651
f 3240/1577/644 3245/1577/644 3234/1577/644
f 3246/1577/649 3234/1577/649 3245/1577/649
f 3245/1577/651 3247/1577/651 3246/1577/651
f 3245/1577/651 3243/1577/651 3247/1577/651
f 3246/1577/645 3247/1577/645 3242/1577/645
f 3242/1577/678 3247/1577/678 3243/1577/678
f 3246/1577/649 3248/1577/649 3234/1577/649
f 3246/1577/645 3242/1577/645 3248/1577/645
f 3248/1577/674 3252/1577/674 3234/1577/674
f 3253/1577/645 3249/1577/645 3248/1577/645
f 3248/1577/674 3249/1577/674 3252/1577/674
f 3248/1577/649 3254/1577/649 3250/1577/649
f 3253/1577/645 3248/1577/645 3250/1577/645
f 3248/1577/649 3251/1577/649 3254/1577/649
f 3242/1577/651 3251/1577/651 3248/1577/651
f 3255/1577/658 3250/1577/658 3254/1577/658
f 3251/1577/645 3255/1577/645 3254/1577/645
f 3255/1577/658 3256/1577/658 3250/1577/658
f 3257/1577/678 3256/1577/678 3255/1577/678
f 3251/1577/645 3257/1577/645 3255/1577/645
f 3242/1577/651 3257/1577/651 3251/1577/651
f 3257/1577/678 3242/1577/678 3256/1577/678
f 3250/1577/645 3256/1577/645 3258/1577/645
f 3258/1577/678 3256/1577/678 3239/1577/678
f 3256/1577/656 3260/1577/656 3239/1577/656
f 3256/1577/658 3259/1577/658 3260/1577/658
f 3256/1577/645 3244/1577/645 3259/1577/645
f 3256/1577/645 3242/1577/645 3244/1577/645
f 3239/1577/644 3260/1577/644 3241/1577/644
f 3260/1577/678 3244/1577/678 3241/1577/678
f 3260/1577/678 3259/1577/678 3244/1577/678
f 3262/1577/656 3258/1577/656 3261/1577/656
f 3258/1577/678 3239/1577/678 3261/1577/678
f 3250/1577/645 3258/1577/645 3262/1577/645
f 3250/1577/649 3262/1577/649 3263/1577/649
f 3262/1577/658 3261/1577/658 3263/1577/658
f 3261/1577/644 3237/1577/644 3263/1577/644
f 3250/1577/681 3263/1577/681 3237/1577/681
f 3261/1577/644 3239/1577/644 3237/1577/644
f 3253/1577/656 3250/1577/656 3237/1577/656
f 3249/1577/649 3253/1577/649 3264/1577/649
f 3253/1577/658 3237/1577/658 3264/1577/658
f 3249/1577/649 3264/1577/649 3252/1577/649
f 3264/1577/644 3234/1577/644 3252/1577/644
f 3264/1577/644 3237/1577/644 3234/1577/644
f 3239/1577/658 3235/1577/658 3237/1577/658
f 3268/1577/651 3266/1577/651 3265/1577/651
f 3269/1577/649 3265/1577/649 3266/1577/649
f 3265/1577/644 3267/1577/644 3270/1577/644
f 3269/1577/649 3267/1577/649 3265/1577/649
f 3265/1577/644 3270/1577/644 3268/1577/644
f 3270/1577/678 3272/1577/678 3268/1577/678
f 3271/1577/658 3270/1577/658 3267/1577/658
f 3270/1577/678 3271/1577/678 3272/1577/678
f 3271/1577/644 3273/1577/644 3272/1577/644
f 3276/1577/674 3272/1577/674 3273/1577/674
f 3276/1577/674 3274/1577/674 3272/1577/674
f 3274/1577/682 3275/1577/682 3272/1577/682
f 3272/1577/644 3275/1577/644 3277/1577/644
f 3268/1577/651 3272/1577/651 3266/1577/651
f 3272/1577/644 3277/1577/644 3266/1577/644
f 3278/1577/649 3266/1577/649 3277/1577/649
f 3277/1577/651 3279/1577/651 3278/1577/651
f 3277/1577/651 3275/1577/651 3279/1577/651
f 3278/1577/645 3279/1577/645 3274/1577/645
f 3274/1577/678 3279/1577/678 3275/1577/678
f 3278/1577/649 3280/1577/649 3266/1577/649
f 3278/1577/645 3274/1577/645 3280/1577/645
f 3280/1577/674 3284/1577/674 3266/1577/674
f 3285/1577/645 3281/1577/645 3280/1577/645
f 3280/1577/674 3281/1577/674 3284/1577/674
f 3280/1577/649 3286/1577/649 3282/1577/649
f 3285/1577/645 3280/1577/645 3282/1577/645
f 3280/1577/649 3283/1577/649 3286/1577/649
f 3274/1577/651 3283/1577/651 3280/1577/651
f 3287/1577/658 3282/1577/658 3286/1577/658
f 3283/1577/645 3287/1577/645 3286/1577/645
f 3287/1577/658 3288/1577/658 3282/1577/658
f 3289/1577/678 3288/1577/678 3287/1577/678
f 3283/1577/645 3289/1577/645 3287/1577/645
f 3274/1577/651 3289/1577/651 3283/1577/651
f 3289/1577/678 3274/1577/678 3288/1577/678
f 3282/1577/645 3288/1577/645 3290/1577/645
f 3290/1577/678 3288/1577/678 3271/1577/678
f 3288/1577/656 3292/1577/656 3271/1577/656
f 3288/1577/658 3291/1577/658 3292/1577/658
f 3288/1577/645 3276/1577/645 3291/1577/645
f 3288/1577/645 3274/1577/645 3276/1577/645
f 3271/1577/644 3292/1577/644 3273/1577/644
f 3292/1577/678 3276/1577/678 3273/1577/678
f 3292/1577/678 3291/1577/678 3276/1577/678
f 3294/1577/656 3290/1577/656 3293/1577/656
f 3290/1577/678 3271/1577/678 3293/1577/678
f 3282/1577/645 3290/1577/645 3294/1577/645
f 3282/1577/649 3294/1577/649 3295/1577/649
f 3294/1577/658 3293/1577/658 3295/1577/658
f 3293/1577/644 3269/1577/644 3295/1577/644
f 3282/1577/681 3295/1577/681 3269/1577/681
f 3293/1577/644 3271/1577/644 3269/1577/644
f 3285/1577/656 3282/1577/656 3269/1577/656
f 3281/1577/649 3285/1577/649 3296/1577/649
f 3285/1577/658 3269/1577/658 3296/1577/658
f 3281/1577/649 3296/1577/649 3284/1577/649
f 3296/1577/644 3266/1577/644 3284/1577/644
f 3296/1577/644 3269/1577/644 3266/1577/644
f 3271/1577/658 3267/1577/658 3269/1577/658
f 3300/1577/674 3298/1577/674 3297/1577/674
f 3301/1577/649 3297/1577/649 3298/1577/649
f 3297/1577/644 3299/1577/644 3302/1577/644
f 3301/1577/649 3299/1577/649 3297/1577/649
f 3297/1577/644 3302/1577/644 3300/1577/644
f 3302/1577/678 3304/1577/678 3300/1577/678
f 3303/1577/658 3302/1577/658 3299/1577/658
f 3302/1577/678 3303/1577/678 3304/1577/678
f 3303/1577/644 3305/1577/644 3304/1577/644
f 3308/1577/674 3304/1577/674 3305/1577/674
f 3308/1577/674 3306/1577/674 3304/1577/674
f 3306/1577/682 3307/1577/682 3304/1577/682
f 3304/1577/644 3307/1577/644 3309/1577/644
f 3300/1577/651 3304/1577/651 3298/1577/651
f 3304/1577/644 3309/1577/644 3298/1577/644
f 3310/1577/649 3298/1577/649 3309/1577/649
f 3309/1577/651 3311/1577/651 3310/1577/651
f 3309/1577/651 3307/1577/651 3311/1577/651
f 3310/1577/645 3311/1577/645 3306/1577/645
f 3306/1577/678 3311/1577/678 3307/1577/678
f 3310/1577/649 3312/1577/649 3298/1577/649
f 3310/1577/645 3306/1577/645 3312/1577/645
f 3312/1577/674 3316/1577/674 3298/1577/674
f 3317/1577/645 3313/1577/645 3312/1577/645
f 3312/1577/674 3313/1577/674 3316/1577/674
f 3312/1577/649 3318/1577/649 3314/1577/649
f 3317/1577/645 3312/1577/645 3314/1577/645
f 3312/1577/681 3315/1577/681 3318/1577/681
f 3306/1577/674 3315/1577/674 3312/1577/674
f 3319/1577/658 3314/1577/658 3318/1577/658
f 3315/1577/645 3319/1577/645 3318/1577/645
f 3319/1577/658 3320/1577/658 3314/1577/658
f 3321/1577/679 3320/1577/679 3319/1577/679
f 3315/1577/645 3321/1577/645 3319/1577/645
f 3306/1577/651 3321/1577/651 3315/1577/651
f 3321/1577/678 3306/1577/678 3320/1577/678
f 3314/1577/645 3320/1577/645 3322/1577/645
f 3322/1577/678 3320/1577/678 3303/1577/678
f 3320/1577/658 3324/1577/658 3303/1577/658
f 3320/1577/656 3323/1577/656 3324/1577/656
f 3320/1577/645 3308/1577/645 3323/1577/645
f 3320/1577/645 3306/1577/645 3308/1577/645
f 3303/1577/644 3324/1577/644 3305/1577/644
f 3324/1577/678 3308/1577/678 3305/1577/678
f 3324/1577/678 3323/1577/678 3308/1577/678
f 3326/1577/656 3322/1577/656 3325/1577/656
f 3322/1577/678 3303/1577/678 3325/1577/678
f 3314/1577/645 3322/1577/645 3326/1577/645
f 3314/1577/649 3326/1577/649 3327/1577/649
f 3326/1577/658 3325/1577/658 3327/1577/658
f 3325/1577/644 3301/1577/644 3327/1577/644
f 3314/1577/681 3327/1577/681 3301/1577/681
f 3325/1577/644 3303/1577/644 3301/1577/644
f 3317/1577/656 3314/1577/656 3301/1577/656
f 3313/1577/649 3317/1577/649 3328/1577/649
f 3317/1577/658 3301/1577/658 3328/1577/658
f 3313/1577/649 3328/1577/649 3316/1577/649
f 3328/1577/644 3298/1577/644 3316/1577/644
f 3328/1577/644 3301/1577/644 3298/1577/644
f 3303/1577/658 3299/1577/658 3301/1577/658
f 3332/1577/651 3330/1577/651 3329/1577/651
f 3333/1577/649 3329/1577/649 3330/1577/649
f 3329/1577/644 3331/1577/644 3334/1577/644
f 3333/1577/649 3331/1577/649 3329/1577/649
f 3329/1577/644 3334/1577/644 3332/1577/644
f 3334/1577/678 3336/1577/678 3332/1577/678
f 3335/1577/658 3334/1577/658 3331/1577/658
f 3334/1577/678 3335/1577/678 3336/1577/678
f 3335/1577/644 3337/1577/644 3336/1577/644
f 3340/1577/651 3336/1577/651 3337/1577/651
f 3340/1577/674 3338/1577/674 3336/1577/674
f 3338/1577/679 3339/1577/679 3336/1577/679
f 3336/1577/644 3339/1577/644 3341/1577/644
f 3332/1577/651 3336/1577/651 3330/1577/651
f 3336/1577/644 3341/1577/644 3330/1577/644
f 3342/1577/649 3330/1577/649 3341/1577/649
f 3341/1577/674 3343/1577/674 3342/1577/674
f 3341/1577/651 3339/1577/651 3343/1577/651
f 3342/1577/645 3343/1577/645 3338/1577/645
f 3338/1577/678 3343/1577/678 3339/1577/678
f 3342/1577/649 3344/1577/649 3330/1577/649
f 3342/1577/645 3338/1577/645 3344/1577/645
f 3344/1577/651 3348/1577/651 3330/1577/651
f 3349/1577/645 3345/1577/645 3344/1577/645
f 3344/1577/674 3345/1577/674 3348/1577/674
f 3344/1577/649 3350/1577/649 3346/1577/649
f 3349/1577/645 3344/1577/645 3346/1577/645
f 3344/1577/649 3347/1577/649 3350/1577/649
f 3338/1577/651 3347/1577/651 3344/1577/651
f 3351/1577/658 3346/1577/658 3350/1577/658
f 3347/1577/645 3351/1577/645 3350/1577/645
f 3351/1577/658 3352/1577/658 3346/1577/658
f 3353/1577/678 3352/1577/678 3351/1577/678
f 3347/1577/645 3353/1577/645 3351/1577/645
f 3338/1577/651 3353/1577/651 3347/1577/651
f 3353/1577/678 3338/1577/678 3352/1577/678
f 3346/1577/645 3352/1577/645 3354/1577/645
f 3354/1577/678 3352/1577/678 3335/1577/678
f 3352/1577/658 3356/1577/658 3335/1577/658
f 3352/1577/656 3355/1577/656 3356/1577/656
f 3352/1577/645 3340/1577/645 3355/1577/645
f 3352/1577/645 3338/1577/645 3340/1577/645
f 3335/1577/644 3356/1577/644 3337/1577/644
f 3356/1577/678 3340/1577/678 3337/1577/678
f 3356/1577/678 3355/1577/678 3340/1577/678
f 3358/1577/656 3354/1577/656 3357/1577/656
f 3354/1577/678 3335/1577/678 3357/1577/678
f 3346/1577/645 3354/1577/645 3358/1577/645
f 3346/1577/649 3358/1577/649 3359/1577/649
f 3358/1577/658 3357/1577/658 3359/1577/658
f 3357/1577/644 3333/1577/644 3359/1577/644
f 3346/1577/681 3359/1577/681 3333/1577/681
f 3357/1577/644 3335/1577/644 3333/1577/644
f 3349/1577/656 3346/1577/656 3333/1577/656
f 3345/1577/649 3349/1577/649 3360/1577/649
f 3349/1577/656 3333/1577/656 3360/1577/656
f 3345/1577/649 3360/1577/649 3348/1577/649
f 3360/1577/644 3330/1577/644 3348/1577/644
f 3360/1577/644 3333/1577/644 3330/1577/644
f 3335/1577/658 3331/1577/658 3333/1577/658
f 3364/1577/651 3362/1577/651 3361/1577/651
f 3365/1577/649 3361/1577/649 3362/1577/649
f 3361/1577/644 3363/1577/644 3366/1577/644
f 3365/1577/649 3363/1577/649 3361/1577/649
f 3361/1577/644 3366/1577/644 3364/1577/644
f 3366/1577/678 3368/1577/678 3364/1577/678
f 3367/1577/658 3366/1577/658 3363/1577/658
f 3366/1577/678 3367/1577/678 3368/1577/678
f 3367/1577/644 3369/1577/644 3368/1577/644
f 3372/1577/651 3368/1577/651 3369/1577/651
f 3372/1577/674 3370/1577/674 3368/1577/674
f 3370/1577/679 3371/1577/679 3368/1577/679
f 3368/1577/644 3371/1577/644 3373/1577/644
f 3364/1577/651 3368/1577/651 3362/1577/651
f 3368/1577/644 3373/1577/644 3362/1577/644
f 3374/1577/649 3362/1577/649 3373/1577/649
f 3373/1577/674 3375/1577/674 3374/1577/674
f 3373/1577/651 3371/1577/651 3375/1577/651
f 3374/1577/645 3375/1577/645 3370/1577/645
f 3370/1577/678 3375/1577/678 3371/1577/678
f 3374/1577/649 3376/1577/649 3362/1577/649
f 3374/1577/645 3370/1577/645 3376/1577/645
f 3376/1577/651 3380/1577/651 3362/1577/651
f 3381/1577/645 3377/1577/645 3376/1577/645
f 3376/1577/674 3377/1577/674 3380/1577/674
f 3376/1577/649 3382/1577/649 3378/1577/649
f 3381/1577/645 3376/1577/645 3378/1577/645
f 3376/1577/649 3379/1577/649 3382/1577/649
f 3370/1577/651 3379/1577/651 3376/1577/651
f 3383/1577/658 3378/1577/658 3382/1577/658
f 3379/1577/645 3383/1577/645 3382/1577/645
f 3383/1577/658 3384/1577/658 3378/1577/658
f 3385/1577/678 3384/1577/678 3383/1577/678
f 3379/1577/645 3385/1577/645 3383/1577/645
f 3370/1577/651 3385/1577/651 3379/1577/651
f 3385/1577/678 3370/1577/678 3384/1577/678
f 3378/1577/645 3384/1577/645 3386/1577/645
f 3386/1577/678 3384/1577/678 3367/1577/678
f 3384/1577/658 3388/1577/658 3367/1577/658
f 3384/1577/656 3387/1577/656 3388/1577/656
f 3384/1577/645 3372/1577/645 3387/1577/645
f 3384/1577/645 3370/1577/645 3372/1577/645
f 3367/1577/644 3388/1577/644 3369/1577/644
f 3388/1577/678 3372/1577/678 3369/1577/678
f 3388/1577/678 3387/1577/678 3372/1577/678
f 3390/1577/656 3386/1577/656 3389/1577/656
f 3386/1577/678 3367/1577/678 3389/1577/678
f 3378/1577/645 3386/1577/645 3390/1577/645
f 3378/1577/649 3390/1577/649 3391/1577/649
f 3390/1577/658 3389/1577/658 3391/1577/658
f 3389/1577/644 3365/1577/644 3391/1577/644
f 3378/1577/681 3391/1577/681 3365/1577/681
f 3389/1577/644 3367/1577/644 3365/1577/644
f 3381/1577/656 3378/1577/656 3365/1577/656
f 3377/1577/649 3381/1577/649 3392/1577/649
f 3381/1577/656 3365/1577/656 3392/1577/656
f 3377/1577/649 3392/1577/649 3380/1577/649
f 3392/1577/644 3362/1577/644 3380/1577/644
f 3392/1577/644 3365/1577/644 3362/1577/644
f 3367/1577/658 3363/1577/658 3365/1577/658
f 3396/1577/651 3394/1577/651 3393/1577/651
f 3397/1577/649 3393/1577/649 3394/1577/649
f 3393/1577/644 3395/1577/644 3398/1577/644
f 3397/1577/649 3395/1577/649 3393/1577/649
f 3393/1577/644 3398/1577/644 3396/1577/644
f 3398/1577/678 3400/1577/678 3396/1577/678
f 3399/1577/658 3398/1577/658 3395/1577/658
f 3398/1577/678 3399/1577/678 3400/1577/678
f 3399/1577/644 3401/1577/644 3400/1577/644
f 3404/1577/651 3400/1577/651 3401/1577/651
f 3404/1577/674 3402/1577/674 3400/1577/674
f 3402/1577/679 3403/1577/679 3400/1577/679
f 3400/1577/644 3403/1577/644 3405/1577/644
f 3396/1577/651 3400/1577/651 3394/1577/651
f 3400/1577/644 3405/1577/644 3394/1577/644
f 3406/1577/649 3394/1577/649 3405/1577/649
f 3405/1577/674 3407/1577/674 3406/1577/674
f 3405/1577/651 3403/1577/651 3407/1577/651
f 3406/1577/645 3407/1577/645 3402/1577/645
f 3402/1577/678 3407/1577/678 3403/1577/678
f 3406/1577/649 3408/1577/649 3394/1577/649
f 3406/1577/645 3402/1577/645 3408/1577/645
f 3408/1577/651 3412/1577/651 3394/1577/651
f 3413/1577/645 3409/1577/645 3408/1577/645
f 3408/1577/674 3409/1577/674 3412/1577/674
f 3408/1577/649 3414/1577/649 3410/1577/649
f 3413/1577/645 3408/1577/645 3410/1577/645
f 3408/1577/649 3411/1577/649 3414/1577/649
f 3402/1577/651 3411/1577/651 3408/1577/651
f 3415/1577/658 3410/1577/658 3414/1577/658
f 3411/1577/645 3415/1577/645 3414/1577/645
f 3415/1577/658 3416/1577/658 3410/1577/658
f 3417/1577/678 3416/1577/678 3415/1577/678
f 3411/1577/645 3417/1577/645 3415/1577/645
f 3402/1577/651 3417/1577/651 3411/1577/651
f 3417/1577/678 3402/1577/678 3416/1577/678
f 3410/1577/645 3416/1577/645 3418/1577/645
f 3418/1577/678 3416/1577/678 3399/1577/678
f 3416/1577/658 3420/1577/658 3399/1577/658
f 3416/1577/656 3419/1577/656 3420/1577/656
f 3416/1577/645 3404/1577/645 3419/1577/645
f 3416/1577/645 3402/1577/645 3404/1577/645
f 3399/1577/644 3420/1577/644 3401/1577/644
f 3420/1577/678 3404/1577/678 3401/1577/678
f 3420/1577/678 3419/1577/678 3404/1577/678
f 3422/1577/656 3418/1577/656 3421/1577/656
f 3418/1577/678 3399/1577/678 3421/1577/678
f 3410/1577/645 3418/1577/645 3422/1577/645
f 3410/1577/649 3422/1577/649 3423/1577/649
f 3422/1577/658 3421/1577/658 3423/1577/658
f 3421/1577/644 3397/1577/644 3423/1577/644
f 3410/1577/681 3423/1577/681 3397/1577/681
f 3421/1577/644 3399/1577/644 3397/1577/644
f 3413/1577/656 3410/1577/656 3397/1577/656
f 3409/1577/649 3413/1577/649 3424/1577/649
f 3413/1577/656 3397/1577/656 3424/1577/656
f 3409/1577/649 3424/1577/649 3412/1577/649
f 3424/1577/644 3394/1577/644 3412/1577/644
f 3424/1577/644 3397/1577/644 3394/1577/644
f 3399/1577/658 3395/1577/658 3397/1577/658
f 3428/1577/651 3426/1577/651 3425/1577/651
f 3429/1577/649 3425/1577/649 3426/1577/649
f 3425/1577/644 3427/1577/644 3430/1577/644
f 3429/1577/649 3427/1577/649 3425/1577/649
f 3425/1577/644 3430/1577/644 3428/1577/644
f 3430/1577/678 3432/1577/678 3428/1577/678
f 3431/1577/658 3430/1577/658 3427/1577/658
f 3430/1577/678 3431/1577/678 3432/1577/678
f 3431/1577/644 3433/1577/644 3432/1577/644
f 3436/1577/651 3432/1577/651 3433/1577/651
f 3436/1577/674 3434/1577/674 3432/1577/674
f 3434/1577/679 3435/1577/679 3432/1577/679
f 3432/1577/644 3435/1577/644 3437/1577/644
f 3428/1577/651 3432/1577/651 3426/1577/651
f 3432/1577/644 3437/1577/644 3426/1577/644
f 3438/1577/649 3426/1577/649 3437/1577/649
f 3437/1577/674 3439/1577/674 3438/1577/674
f 3437/1577/651 3435/1577/651 3439/1577/651
f 3438/1577/645 3439/1577/645 3434/1577/645
f 3434/1577/678 3439/1577/678 3435/1577/678
f 3438/1577/649 3440/1577/649 3426/1577/649
f 3438/1577/645 3434/1577/645 3440/1577/645
f 3440/1577/674 3444/1577/674 3426/1577/674
f 3445/1577/645 3441/1577/645 3440/1577/645
f 3440/1577/651 3441/1577/651 3444/1577/651
f 3440/1577/649 3446/1577/649 3442/1577/649
f 3445/1577/645 3440/1577/645 3442/1577/645
f 3440/1577/681 3443/1577/681 3446/1577/681
f 3434/1577/674 3443/1577/674 3440/1577/674
f 3447/1577/658 3442/1577/658 3446/1577/658
f 3443/1577/645 3447/1577/645 3446/1577/645
f 3447/1577/656 3448/1577/656 3442/1577/656
f 3449/1577/679 3448/1577/679 3447/1577/679
f 3443/1577/645 3449/1577/645 3447/1577/645
f 3434/1577/651 3449/1577/651 3443/1577/651
f 3449/1577/678 3434/1577/678 3448/1577/678
f 3442/1577/645 3448/1577/645 3450/1577/645
f 3450/1577/678 3448/1577/678 3431/1577/678
f 3448/1577/656 3452/1577/656 3431/1577/656
f 3448/1577/656 3451/1577/656 3452/1577/656
f 3448/1577/645 3436/1577/645 3451/1577/645
f 3448/1577/645 3434/1577/645 3436/1577/645
f 3431/1577/644 3452/1577/644 3433/1577/644
f 3452/1577/678 3436/1577/678 3433/1577/678
f 3452/1577/678 3451/1577/678 3436/1577/678
f 3454/1577/658 3450/1577/658 3453/1577/658
f 3450/1577/678 3431/1577/678 3453/1577/678
f 3442/1577/645 3450/1577/645 3454/1577/645
f 3442/1577/649 3454/1577/649 3455/1577/649
f 3454/1577/658 3453/1577/658 3455/1577/658
f 3453/1577/644 3429/1577/644 3455/1577/644
f 3442/1577/680 3455/1577/680 3429/1577/680
f 3453/1577/644 3431/1577/644 3429/1577/644
f 3445/1577/656 3442/1577/656 3429/1577/656
f 3441/1577/649 3445/1577/649 3456/1577/649
f 3445/1577/656 3429/1577/656 3456/1577/656
f 3441/1577/649 3456/1577/649 3444/1577/649
f 3456/1577/644 3426/1577/644 3444/1577/644
f 3456/1577/644 3429/1577/644 3426/1577/644
f 3431/1577/658 3427/1577/658 3429/1577/658
f 3460/1577/662 3458/1577/662 3457/1577/662
f 3461/1577/683 3457/1577/683 3458/1577/683
f 3461/1577/683 3459/1577/683 3457/1577/683
f 3459/1577/644 3460/1577/644 3457/1577/644
f 3466/1577/644 3462/1577/644 3461/1577/644
f 3467/1577/671 3461/1577/671 3462/1577/671
f 3466/1577/644 3461/1577/644 3458/1577/644
f 3465/1577/672 3459/1577/672 3461/1577/672
f 3467/1577/671 3463/1577/671 3461/1577/671
f 3463/1577/683 3464/1577/683 3461/1577/683
f 3464/1577/644 3465/1577/644 3461/1577/644
f 3468/1577/645 3463/1577/645 3467/1577/645
f 3468/1577/683 3467/1577/683 3462/1577/683
f 3468/1577/645 3469/1577/645 3463/1577/645
f 3469/1577/662 3468/1577/662 3466/1577/662
f 3468/1577/683 3462/1577/683 3466/1577/683
f 3470/1577/683 3469/1577/683 3458/1577/683
f 3474/1577/645 3469/1577/645 3470/1577/645
f 3469/1577/667 3466/1577/667 3458/1577/667
f 3469/1577/683 3473/1577/683 3463/1577/683
f 3469/1577/683 3471/1577/683 3473/1577/683
f 3472/1577/662 3471/1577/662 3469/1577/662
f 3474/1577/645 3472/1577/645 3469/1577/645
f 3472/1577/648 3474/1577/648 3475/1577/648
f 3476/1577/662 3475/1577/662 3474/1577/662
f 3476/1577/662 3474/1577/662 3470/1577/662
f 3458/1577/644 3475/1577/644 3476/1577/644
f 3470/1577/684 3458/1577/684 3476/1577/684
f 3458/1577/644 3477/1577/644 3475/1577/644
f 3472/1577/648 3475/1577/648 3477/1577/648
f 3477/1577/644 3481/1577/644 3478/1577/644
f 3479/1577/662 3477/1577/662 3478/1577/662
f 3479/1577/667 3472/1577/667 3477/1577/667
f 3460/1577/662 3477/1577/662 3458/1577/662
f 3480/1577/648 3477/1577/648 3460/1577/648
f 3477/1577/644 3465/1577/644 3481/1577/644
f 3480/1577/648 3465/1577/648 3477/1577/648
f 3483/1577/671 3481/1577/671 3465/1577/671
f 3481/1577/648 3479/1577/648 3478/1577/648
f 3481/1577/648 3482/1577/648 3479/1577/648
f 3483/1577/671 3482/1577/671 3481/1577/671
f 3483/1577/645 3484/1577/645 3487/1577/645
f 3484/1577/648 3483/1577/648 3465/1577/648
f 3472/1577/645 3482/1577/645 3483/1577/645
f 3485/1577/672 3483/1577/672 3463/1577/672
f 3486/1577/648 3483/1577/648 3485/1577/648
f 3486/1577/648 3472/1577/648 3483/1577/648
f 3483/1577/645 3487/1577/645 3463/1577/645
f 3463/1577/683 3487/1577/683 3464/1577/683
f 3487/1577/672 3488/1577/672 3464/1577/672
f 3487/1577/671 3484/1577/671 3488/1577/671
f 3464/1577/644 3488/1577/644 3465/1577/644
f 3484/1577/685 3465/1577/685 3488/1577/685
f 3473/1577/645 3486/1577/645 3485/1577/645
f 3472/1577/662 3486/1577/662 3471/1577/662
f 3473/1577/645 3471/1577/645 3486/1577/645
f 3485/1577/672 3463/1577/672 3473/1577/672
f 3472/1577/645 3479/1577/645 3482/1577/645
f 3459/1577/644 3480/1577/644 3460/1577/644
f 3465/1577/672 3480/1577/672 3459/1577/672
f 3492/1577/662 3490/1577/662 3489/1577/662
f 3493/1577/683 3489/1577/683 3490/1577/683
f 3493/1577/683 3491/1577/683 3489/1577/683
f 3491/1577/644 3492/1577/644 3489/1577/644
f 3498/1577/644 3494/1577/644 3493/1577/644
f 3499/1577/671 3493/1577/671 3494/1577/671
f 3498/1577/644 3493/1577/644 3490/1577/644
f 3497/1577/672 3491/1577/672 3493/1577/672
f 3499/1577/671 3495/1577/671 3493/1577/671
f 3495/1577/683 3496/1577/683 3493/1577/683
f 3496/1577/644 3497/1577/644 3493/1577/644
f 3500/1577/645 3495/1577/645 3499/1577/645
f 3500/1577/683 3499/1577/683 3494/1577/683
f 3500/1577/645 3501/1577/645 3495/1577/645
f 3501/1577/662 3500/1577/662 3498/1577/662
f 3500/1577/683 3494/1577/683 3498/1577/683
f 3502/1577/683 3501/1577/683 3490/1577/683
f 3506/1577/645 3501/1577/645 3502/1577/645
f 3501/1577/667 3498/1577/667 3490/1577/667
f 3501/1577/683 3505/1577/683 3495/1577/683
f 3501/1577/683 3503/1577/683 3505/1577/683
f 3504/1577/662 3503/1577/662 3501/1577/662
f 3506/1577/645 3504/1577/645 3501/1577/645
f 3504/1577/648 3506/1577/648 3507/1577/648
f 3508/1577/662 3507/1577/662 3506/1577/662
f 3508/1577/662 3506/1577/662 3502/1577/662
f 3490/1577/644 3507/1577/644 3508/1577/644
f 3502/1577/684 3490/1577/684 3508/1577/684
f 3490/1577/644 3509/1577/644 3507/1577/644
f 3504/1577/648 3507/1577/648 3509/1577/648
f 3509/1577/644 3513/1577/644 3510/1577/644
f 3511/1577/662 3509/1577/662 3510/1577/662
f 3511/1577/667 3504/1577/667 3509/1577/667
f 3492/1577/662 3509/1577/662 3490/1577/662
f 3512/1577/648 3509/1577/648 3492/1577/648
f 3509/1577/644 3497/1577/644 3513/1577/644
f 3512/1577/648 3497/1577/648 3509/1577/648
f 3515/1577/671 3513/1577/671 3497/1577/671
f 3513/1577/648 3511/1577/648 3510/1577/648
f 3513/1577/648 3514/1577/648 3511/1577/648
f 3515/1577/671 3514/1577/671 3513/1577/671
f 3515/1577/645 3516/1577/645 3519/1577/645
f 3516/1577/648 3515/1577/648 3497/1577/648
f 3504/1577/645 3514/1577/645 3515/1577/645
f 3517/1577/672 3515/1577/672 3495/1577/672
f 3518/1577/648 3515/1577/648 3517/1577/648
f 3518/1577/648 3504/1577/648 3515/1577/648
f 3515/1577/645 3519/1577/645 3495/1577/645
f 3495/1577/683 3519/1577/683 3496/1577/683
f 3519/1577/672 3520/1577/672 3496/1577/672
f 3519/1577/671 3516/1577/671 3520/1577/671
f 3496/1577/644 3520/1577/644 3497/1577/644
f 3516/1577/685 3497/1577/685 3520/1577/685
f 3505/1577/645 3518/1577/645 3517/1577/645
f 3504/1577/662 3518/1577/662 3503/1577/662
f 3505/1577/645 3503/1577/645 3518/1577/645
f 3517/1577/672 3495/1577/672 3505/1577/672
f 3504/1577/645 3511/1577/645 3514/1577/645
f 3491/1577/644 3512/1577/644 3492/1577/644
f 3497/1577/672 3512/1577/672 3491/1577/672
f 3524/1577/662 3522/1577/662 3521/1577/662
f 3525/1577/683 3521/1577/683 3522/1577/683
f 3525/1577/683 3523/1577/683 3521/1577/683
f 3523/1577/644 3524/1577/644 3521/1577/644
f 3530/1577/644 3526/1577/644 3525/1577/644
f 3531/1577/671 3525/1577/671 3526/1577/671
f 3530/1577/644 3525/1577/644 3522/1577/644
f 3529/1577/672 3523/1577/672 3525/1577/672
f 3531/1577/671 3527/1577/671 3525/1577/671
f 3527/1577/683 3528/1577/683 3525/1577/683
f 3528/1577/644 3529/1577/644 3525/1577/644
f 3532/1577/645 3527/1577/645 3531/1577/645
f 3532/1577/683 3531/1577/683 3526/1577/683
f 3532/1577/645 3533/1577/645 3527/1577/645
f 3533/1577/662 3532/1577/662 3530/1577/662
f 3532/1577/683 3526/1577/683 3530/1577/683
f 3534/1577/683 3533/1577/683 3522/1577/683
f 3538/1577/645 3533/1577/645 3534/1577/645
f 3533/1577/667 3530/1577/667 3522/1577/667
f 3533/1577/683 3537/1577/683 3527/1577/683
f 3533/1577/683 3535/1577/683 3537/1577/683
f 3536/1577/662 3535/1577/662 3533/1577/662
f 3538/1577/645 3536/1577/645 3533/1577/645
f 3536/1577/648 3538/1577/648 3539/1577/648
f 3540/1577/662 3539/1577/662 3538/1577/662
f 3540/1577/662 3538/1577/662 3534/1577/662
f 3522/1577/644 3539/1577/644 3540/1577/644
f 3534/1577/684 3522/1577/684 3540/1577/684
f 3522/1577/644 3541/1577/644 3539/1577/644
f 3536/1577/648 3539/1577/648 3541/1577/648
f 3541/1577/644 3545/1577/644 3542/1577/644
f 3543/1577/662 3541/1577/662 3542/1577/662
f 3543/1577/667 3536/1577/667 3541/1577/667
f 3524/1577/662 3541/1577/662 3522/1577/662
f 3544/1577/648 3541/1577/648 3524/1577/648
f 3541/1577/644 3529/1577/644 3545/1577/644
f 3544/1577/648 3529/1577/648 3541/1577/648
f 3547/1577/671 3545/1577/671 3529/1577/671
f 3545/1577/648 3543/1577/648 3542/1577/648
f 3545/1577/648 3546/1577/648 3543/1577/648
f 3547/1577/671 3546/1577/671 3545/1577/671
f 3547/1577/645 3548/1577/645 3551/1577/645
f 3548/1577/648 3547/1577/648 3529/1577/648
f 3536/1577/645 3546/1577/645 3547/1577/645
f 3549/1577/672 3547/1577/672 3527/1577/672
f 3550/1577/648 3547/1577/648 3549/1577/648
f 3550/1577/648 3536/1577/648 3547/1577/648
f 3547/1577/645 3551/1577/645 3527/1577/645
f 3527/1577/683 3551/1577/683 3528/1577/683
f 3551/1577/672 3552/1577/672 3528/1577/672
f 3551/1577/671 3548/1577/671 3552/1577/671
f 3528/1577/644 3552/1577/644 3529/1577/644
f 3548/1577/685 3529/1577/685 3552/1577/685
f 3537/1577/645 3550/1577/645 3549/1577/645
f 3536/1577/662 3550/1577/662 3535/1577/662
f 3537/1577/645 3535/1577/645 3550/1577/645
f 3549/1577/672 3527/1577/672 3537/1577/672
f 3536/1577/645 3543/1577/645 3546/1577/645
f 3523/1577/644 3544/1577/644 3524/1577/644
f 3529/1577/672 3544/1577/672 3523/1577/672
f 3556/1577/662 3554/1577/662 3553/1577/662
f 3557/1577/683 3553/1577/683 3554/1577/683
f 3557/1577/683 3555/1577/683 3553/1577/683
f 3555/1577/644 3556/1577/644 3553/1577/644
f 3562/1577/644 3558/1577/644 3557/1577/644
f 3563/1577/671 3557/1577/671 3558/1577/671
f 3562/1577/644 3557/1577/644 3554/1577/644
f 3561/1577/672 3555/1577/672 3557/1577/672
f 3563/1577/671 3559/1577/671 3557/1577/671
f 3559/1577/683 3560/1577/683 3557/1577/683
f 3560/1577/644 3561/1577/644 3557/1577/644
f 3564/1577/645 3559/1577/645 3563/1577/645
f 3564/1577/683 3563/1577/683 3558/1577/683
f 3564/1577/645 3565/1577/645 3559/1577/645
f 3565/1577/662 3564/1577/662 3562/1577/662
f 3564/1577/683 3558/1577/683 3562/1577/683
f 3566/1577/683 3565/1577/683 3554/1577/683
f 3570/1577/645 3565/1577/645 3566/1577/645
f 3565/1577/667 3562/1577/667 3554/1577/667
f 3565/1577/683 3569/1577/683 3559/1577/683
f 3565/1577/684 3567/1577/684 3569/1577/684
f 3568/1577/667 3567/1577/667 3565/1577/667
f 3570/1577/645 3568/1577/645 3565/1577/645
f 3568/1577/648 3570/1577/648 3571/1577/648
f 3572/1577/662 3571/1577/662 3570/1577/662
f 3572/1577/662 3570/1577/662 3566/1577/662
f 3554/1577/644 3571/1577/644 3572/1577/644
f 3566/1577/684 3554/1577/684 3572/1577/684
f 3554/1577/644 3573/1577/644 3571/1577/644
f 3568/1577/648 3571/1577/648 3573/1577/648
f 3573/1577/644 3577/1577/644 3574/1577/644
f 3575/1577/667 3573/1577/667 3574/1577/667
f 3575/1577/662 3568/1577/662 3573/1577/662
f 3556/1577/662 3573/1577/662 3554/1577/662
f 3576/1577/648 3573/1577/648 3556/1577/648
f 3573/1577/644 3561/1577/644 3577/1577/644
f 3576/1577/648 3561/1577/648 3573/1577/648
f 3579/1577/671 3577/1577/671 3561/1577/671
f 3577/1577/648 3575/1577/648 3574/1577/648
f 3577/1577/648 3578/1577/648 3575/1577/648
f 3579/1577/671 3578/1577/671 3577/1577/671
f 3579/1577/645 3580/1577/645 3583/1577/645
f 3580/1577/648 3579/1577/648 3561/1577/648
f 3568/1577/645 3578/1577/645 3579/1577/645
f 3581/1577/672 3579/1577/672 3559/1577/672
f 3582/1577/686 3579/1577/686 3581/1577/686
f 3582/1577/648 3568/1577/648 3579/1577/648
f 3579/1577/645 3583/1577/645 3559/1577/645
f 3559/1577/683 3583/1577/683 3560/1577/683
f 3583/1577/672 3584/1577/672 3560/1577/672
f 3583/1577/671 3580/1577/671 3584/1577/671
f 3560/1577/644 3584/1577/644 3561/1577/644
f 3580/1577/685 3561/1577/685 3584/1577/685
f 3569/1577/645 3582/1577/645 3581/1577/645
f 3568/1577/662 3582/1577/662 3567/1577/662
f 3569/1577/645 3567/1577/645 3582/1577/645
f 3581/1577/672 3559/1577/672 3569/1577/672
f 3568/1577/645 3575/1577/645 3578/1577/645
f 3555/1577/644 3576/1577/644 3556/1577/644
f 3561/1577/672 3576/1577/672 3555/1577/672
f 3585/1577/687 3589/1577/687 3586/1577/687
f 3586/1577/683 3587/1577/683 3585/1577/683
f 3587/1577/644 3588/1577/644 3585/1577/644
f 3585/1577/662 3588/1577/662 3589/1577/662
f 3593/1577/644 3590/1577/644 3589/1577/644
f 3594/1577/667 3589/1577/667 3590/1577/667
f 3594/1577/667 3591/1577/667 3589/1577/667
f 3591/1577/648 3592/1577/648 3589/1577/648
f 3589/1577/644 3592/1577/644 3595/1577/644
f 3588/1577/648 3593/1577/648 3589/1577/648
f 3589/1577/644 3595/1577/644 3586/1577/644
f 3596/1577/683 3586/1577/683 3595/1577/683
f 3595/1577/662 3597/1577/662 3596/1577/662
f 3595/1577/662 3592/1577/662 3597/1577/662
f 3596/1577/645 3597/1577/645 3591/1577/645
f 3591/1577/648 3597/1577/648 3592/1577/648
f 3596/1577/683 3598/1577/683 3586/1577/683
f 3596/1577/645 3591/1577/645 3598/1577/645
f 3598/1577/688 3602/1577/688 3586/1577/688
f 3603/1577/645 3599/1577/645 3598/1577/645
f 3598/1577/667 3599/1577/667 3602/1577/667
f 3598/1577/683 3604/1577/683 3600/1577/683
f 3603/1577/645 3598/1577/645 3600/1577/645
f 3598/1577/683 3601/1577/683 3604/1577/683
f 3591/1577/662 3601/1577/662 3598/1577/662
f 3605/1577/672 3600/1577/672 3604/1577/672
f 3604/1577/645 3601/1577/645 3606/1577/645
f 3604/1577/645 3606/1577/645 3605/1577/645
f 3606/1577/689 3607/1577/689 3605/1577/689
f 3591/1577/662 3606/1577/662 3601/1577/662
f 3606/1577/648 3591/1577/648 3607/1577/648
f 3600/1577/645 3607/1577/645 3608/1577/645
f 3608/1577/648 3607/1577/648 3593/1577/648
f 3607/1577/671 3610/1577/671 3593/1577/671
f 3607/1577/690 3609/1577/690 3610/1577/690
f 3607/1577/645 3594/1577/645 3609/1577/645
f 3605/1577/691 3607/1577/691 3600/1577/691
f 3607/1577/645 3591/1577/645 3594/1577/645
f 3593/1577/644 3610/1577/644 3590/1577/644
f 3610/1577/648 3594/1577/648 3590/1577/648
f 3610/1577/648 3609/1577/648 3594/1577/648
f 3612/1577/672 3608/1577/672 3611/1577/672
f 3608/1577/648 3593/1577/648 3611/1577/648
f 3600/1577/645 3608/1577/645 3612/1577/645
f 3600/1577/683 3612/1577/683 3613/1577/683
f 3612/1577/671 3611/1577/671 3613/1577/671
f 3611/1577/644 3614/1577/644 3613/1577/644
f 3600/1577/683 3613/1577/683 3614/1577/683
f 3615/1577/644 3614/1577/644 3586/1577/644
f 3603/1577/690 3614/1577/690 3615/1577/690
f 3586/1577/683 3614/1577/683 3587/1577/683
f 3614/1577/672 3616/1577/672 3587/1577/672
f 3603/1577/671 3600/1577/671 3614/1577/671
f 3614/1577/692 3593/1577/692 3616/1577/692
f 3611/1577/644 3593/1577/644 3614/1577/644
f 3587/1577/644 3616/1577/644 3588/1577/644
f 3588/1577/693 3616/1577/693 3593/1577/693
f 3599/1577/683 3615/1577/683 3602/1577/683
f 3615/1577/644 3586/1577/644 3602/1577/644
f 3599/1577/683 3603/1577/683 3615/1577/683
f 3617/1577/687 3621/1577/687 3618/1577/687
f 3618/1577/683 3619/1577/683 3617/1577/683
f 3619/1577/644 3620/1577/644 3617/1577/644
f 3617/1577/662 3620/1577/662 3621/1577/662
f 3625/1577/644 3622/1577/644 3621/1577/644
f 3626/1577/667 3621/1577/667 3622/1577/667
f 3626/1577/667 3623/1577/667 3621/1577/667
f 3623/1577/648 3624/1577/648 3621/1577/648
f 3621/1577/644 3624/1577/644 3627/1577/644
f 3620/1577/648 3625/1577/648 3621/1577/648
f 3621/1577/644 3627/1577/644 3618/1577/644
f 3628/1577/683 3618/1577/683 3627/1577/683
f 3627/1577/662 3629/1577/662 3628/1577/662
f 3627/1577/662 3624/1577/662 3629/1577/662
f 3628/1577/645 3629/1577/645 3623/1577/645
f 3623/1577/648 3629/1577/648 3624/1577/648
f 3628/1577/683 3630/1577/683 3618/1577/683
f 3628/1577/645 3623/1577/645 3630/1577/645
f 3630/1577/688 3634/1577/688 3618/1577/688
f 3635/1577/645 3631/1577/645 3630/1577/645
f 3630/1577/667 3631/1577/667 3634/1577/667
f 3630/1577/683 3636/1577/683 3632/1577/683
f 3635/1577/645 3630/1577/645 3632/1577/645
f 3630/1577/683 3633/1577/683 3636/1577/683
f 3623/1577/662 3633/1577/662 3630/1577/662
f 3637/1577/672 3632/1577/672 3636/1577/672
f 3636/1577/645 3633/1577/645 3638/1577/645
f 3636/1577/645 3638/1577/645 3637/1577/645
f 3638/1577/689 3639/1577/689 3637/1577/689
f 3623/1577/662 3638/1577/662 3633/1577/662
f 3638/1577/648 3623/1577/648 3639/1577/648
f 3632/1577/645 3639/1577/645 3640/1577/645
f 3640/1577/648 3639/1577/648 3625/1577/648
f 3639/1577/671 3642/1577/671 3625/1577/671
f 3639/1577/690 3641/1577/690 3642/1577/690
f 3639/1577/645 3626/1577/645 3641/1577/645
f 3637/1577/691 3639/1577/691 3632/1577/691
f 3639/1577/645 3623/1577/645 3626/1577/645
f 3625/1577/644 3642/1577/644 3622/1577/644
f 3642/1577/648 3626/1577/648 3622/1577/648
f 3642/1577/648 3641/1577/648 3626/1577/648
f 3644/1577/672 3640/1577/672 3643/1577/672
f 3640/1577/648 3625/1577/648 3643/1577/648
f 3632/1577/645 3640/1577/645 3644/1577/645
f 3632/1577/683 3644/1577/683 3645/1577/683
f 3644/1577/671 3643/1577/671 3645/1577/671
f 3643/1577/644 3646/1577/644 3645/1577/644
f 3632/1577/683 3645/1577/683 3646/1577/683
f 3647/1577/644 3646/1577/644 3618/1577/644
f 3635/1577/690 3646/1577/690 3647/1577/690
f 3618/1577/683 3646/1577/683 3619/1577/683
f 3646/1577/672 3648/1577/672 3619/1577/672
f 3635/1577/671 3632/1577/671 3646/1577/671
f 3646/1577/692 3625/1577/692 3648/1577/692
f 3643/1577/644 3625/1577/644 3646/1577/644
f 3619/1577/644 3648/1577/644 3620/1577/644
f 3620/1577/693 3648/1577/693 3625/1577/693
f 3631/1577/683 3647/1577/683 3634/1577/683
f 3647/1577/644 3618/1577/644 3634/1577/644
f 3631/1577/683 3635/1577/683 3647/1577/683
f 3649/1577/687 3653/1577/687 3650/1577/687
f 3650/1577/683 3651/1577/683 3649/1577/683
f 3651/1577/644 3652/1577/644 3649/1577/644
f 3649/1577/662 3652/1577/662 3653/1577/662
f 3657/1577/644 3654/1577/644 3653/1577/644
f 3658/1577/667 3653/1577/667 3654/1577/667
f 3658/1577/667 3655/1577/667 3653/1577/667
f 3655/1577/648 3656/1577/648 3653/1577/648
f 3653/1577/644 3656/1577/644 3659/1577/644
f 3652/1577/648 3657/1577/648 3653/1577/648
f 3653/1577/644 3659/1577/644 3650/1577/644
f 3660/1577/683 3650/1577/683 3659/1577/683
f 3659/1577/662 3661/1577/662 3660/1577/662
f 3659/1577/662 3656/1577/662 3661/1577/662
f 3660/1577/645 3661/1577/645 3655/1577/645
f 3655/1577/648 3661/1577/648 3656/1577/648
f 3660/1577/683 3662/1577/683 3650/1577/683
f 3660/1577/645 3655/1577/645 3662/1577/645
f 3662/1577/688 3666/1577/688 3650/1577/688
f 3667/1577/645 3663/1577/645 3662/1577/645
f 3662/1577/667 3663/1577/667 3666/1577/667
f 3662/1577/683 3668/1577/683 3664/1577/683
f 3667/1577/645 3662/1577/645 3664/1577/645
f 3662/1577/683 3665/1577/683 3668/1577/683
f 3655/1577/667 3665/1577/667 3662/1577/667
f 3669/1577/672 3664/1577/672 3668/1577/672
f 3668/1577/645 3665/1577/645 3670/1577/645
f 3668/1577/645 3670/1577/645 3669/1577/645
f 3670/1577/689 3671/1577/689 3669/1577/689
f 3655/1577/662 3670/1577/662 3665/1577/662
f 3670/1577/648 3655/1577/648 3671/1577/648
f 3664/1577/645 3671/1577/645 3672/1577/645
f 3672/1577/648 3671/1577/648 3657/1577/648
f 3671/1577/671 3674/1577/671 3657/1577/671
f 3671/1577/690 3673/1577/690 3674/1577/690
f 3671/1577/645 3658/1577/645 3673/1577/645
f 3669/1577/694 3671/1577/694 3664/1577/694
f 3671/1577/645 3655/1577/645 3658/1577/645
f 3657/1577/644 3674/1577/644 3654/1577/644
f 3674/1577/648 3658/1577/648 3654/1577/648
f 3674/1577/648 3673/1577/648 3658/1577/648
f 3676/1577/672 3672/1577/672 3675/1577/672
f 3672/1577/648 3657/1577/648 3675/1577/648
f 3664/1577/645 3672/1577/645 3676/1577/645
f 3664/1577/683 3676/1577/683 3677/1577/683
f 3676/1577/671 3675/1577/671 3677/1577/671
f 3675/1577/644 3678/1577/644 3677/1577/644
f 3664/1577/683 3677/1577/683 3678/1577/683
f 3679/1577/644 3678/1577/644 3650/1577/644
f 3667/1577/690 3678/1577/690 3679/1577/690
f 3650/1577/683 3678/1577/683 3651/1577/683
f 3678/1577/672 3680/1577/672 3651/1577/672
f 3667/1577/671 3664/1577/671 3678/1577/671
f 3678/1577/692 3657/1577/692 3680/1577/692
f 3675/1577/644 3657/1577/644 3678/1577/644
f 3651/1577/644 3680/1577/644 3652/1577/644
f 3652/1577/693 3680/1577/693 3657/1577/693
f 3663/1577/683 3679/1577/683 3666/1577/683
f 3679/1577/644 3650/1577/644 3666/1577/644
f 3663/1577/683 3667/1577/683 3679/1577/683
f 3681/1577/687 3685/1577/687 3682/1577/687
f 3682/1577/683 3683/1577/683 3681/1577/683
f 3683/1577/644 3684/1577/644 3681/1577/644
f 3681/1577/662 3684/1577/662 3685/1577/662
f 3689/1577/644 3686/1577/644 3685/1577/644
f 3690/1577/667 3685/1577/667 3686/1577/667
f 3690/1577/667 3687/1577/667 3685/1577/667
f 3687/1577/648 3688/1577/648 3685/1577/648
f 3685/1577/644 3688/1577/644 3691/1577/644
f 3684/1577/648 3689/1577/648 3685/1577/648
f 3685/1577/644 3691/1577/644 3682/1577/644
f 3692/1577/683 3682/1577/683 3691/1577/683
f 3691/1577/662 3693/1577/662 3692/1577/662
f 3691/1577/662 3688/1577/662 3693/1577/662
f 3692/1577/645 3693/1577/645 3687/1577/645
f 3687/1577/648 3693/1577/648 3688/1577/648
f 3692/1577/683 3694/1577/683 3682/1577/683
f 3692/1577/645 3687/1577/645 3694/1577/645
f 3694/1577/688 3698/1577/688 3682/1577/688
f 3699/1577/645 3695/1577/645 3694/1577/645
f 3694/1577/667 3695/1577/667 3698/1577/667
f 3694/1577/683 3700/1577/683 3696/1577/683
f 3699/1577/645 3694/1577/645 3696/1577/645
f 3694/1577/684 3697/1577/684 3700/1577/684
f 3687/1577/667 3697/1577/667 3694/1577/667
f 3701/1577/672 3696/1577/672 3700/1577/672
f 3700/1577/645 3697/1577/645 3702/1577/645
f 3700/1577/645 3702/1577/645 3701/1577/645
f 3702/1577/695 3703/1577/695 3701/1577/695
f 3687/1577/662 3702/1577/662 3697/1577/662
f 3702/1577/648 3687/1577/648 3703/1577/648
f 3696/1577/645 3703/1577/645 3704/1577/645
f 3704/1577/648 3703/1577/648 3689/1577/648
f 3703/1577/671 3706/1577/671 3689/1577/671
f 3703/1577/671 3705/1577/671 3706/1577/671
f 3703/1577/645 3690/1577/645 3705/1577/645
f 3701/1577/694 3703/1577/694 3696/1577/694
f 3703/1577/645 3687/1577/645 3690/1577/645
f 3689/1577/644 3706/1577/644 3686/1577/644
f 3706/1577/648 3690/1577/648 3686/1577/648
f 3706/1577/648 3705/1577/648 3690/1577/648
f 3708/1577/672 3704/1577/672 3707/1577/672
f 3704/1577/648 3689/1577/648 3707/1577/648
f 3696/1577/645 3704/1577/645 3708/1577/645
f 3696/1577/683 3708/1577/683 3709/1577/683
f 3708/1577/671 3707/1577/671 3709/1577/671
f 3707/1577/644 3710/1577/644 3709/1577/644
f 3696/1577/683 3709/1577/683 3710/1577/683
f 3711/1577/644 3710/1577/644 3682/1577/644
f 3699/1577/671 3710/1577/671 3711/1577/671
f 3682/1577/684 3710/1577/684 3683/1577/684
f 3710/1577/672 3712/1577/672 3683/1577/672
f 3699/1577/690 3696/1577/690 3710/1577/690
f 3710/1577/696 3689/1577/696 3712/1577/696
f 3707/1577/644 3689/1577/644 3710/1577/644
f 3683/1577/644 3712/1577/644 3684/1577/644
f 3684/1577/693 3712/1577/693 3689/1577/693
f 3695/1577/683 3711/1577/683 3698/1577/683
f 3711/1577/644 3682/1577/644 3698/1577/644
f 3695/1577/683 3699/1577/683 3711/1577/683
f 3713/1577/687 3717/1577/687 3714/1577/687
f 3714/1577/683 3715/1577/683 3713/1577/683
f 3715/1577/644 3716/1577/644 3713/1577/644
f 3713/1577/662 3716/1577/662 3717/1577/662
f 3721/1577/644 3718/1577/644 3717/1577/644
f 3722/1577/667 3717/1577/667 3718/1577/667
f 3722/1577/688 3719/1577/688 3717/1577/688
f 3719/1577/648 3720/1577/648 3717/1577/648
f 3717/1577/644 3720/1577/644 3723/1577/644
f 3716/1577/648 3721/1577/648 3717/1577/648
f 3717/1577/644 3723/1577/644 3714/1577/644
f 3724/1577/683 3714/1577/683 3723/1577/683
f 3723/1577/662 3725/1577/662 3724/1577/662
f 3723/1577/667 3720/1577/667 3725/1577/667
f 3724/1577/645 3725/1577/645 3719/1577/645
f 3719/1577/648 3725/1577/648 3720/1577/648
f 3724/1577/683 3726/1577/683 3714/1577/683
f 3724/1577/645 3719/1577/645 3726/1577/645
f 3726/1577/667 3730/1577/667 3714/1577/667
f 3731/1577/645 3727/1577/645 3726/1577/645
f 3726/1577/667 3727/1577/667 3730/1577/667
f 3726/1577/683 3732/1577/683 3728/1577/683
f 3731/1577/645 3726/1577/645 3728/1577/645
f 3726/1577/683 3729/1577/683 3732/1577/683
f 3719/1577/662 3729/1577/662 3726/1577/662
f 3733/1577/672 3728/1577/672 3732/1577/672
f 3732/1577/645 3729/1577/645 3734/1577/645
f 3732/1577/645 3734/1577/645 3733/1577/645
f 3734/1577/689 3735/1577/689 3733/1577/689
f 3719/1577/662 3734/1577/662 3729/1577/662
f 3734/1577/648 3719/1577/648 3735/1577/648
f 3728/1577/645 3735/1577/645 3736/1577/645
f 3736/1577/648 3735/1577/648 3721/1577/648
f 3735/1577/671 3738/1577/671 3721/1577/671
f 3735/1577/671 3737/1577/671 3738/1577/671
f 3735/1577/645 3722/1577/645 3737/1577/645
f 3733/1577/694 3735/1577/694 3728/1577/694
f 3735/1577/645 3719/1577/645 3722/1577/645
f 3721/1577/644 3738/1577/644 3718/1577/644
f 3738/1577/648 3722/1577/648 3718/1577/648
f 3738/1577/648 3737/1577/648 3722/1577/648
f 3740/1577/672 3736/1577/672 3739/1577/672
f 3736/1577/648 3721/1577/648 3739/1577/648
f 3728/1577/645 3736/1577/645 3740/1577/645
f 3728/1577/683 3740/1577/683 3741/1577/683
f 3740/1577/671 3739/1577/671 3741/1577/671
f 3739/1577/644 3742/1577/644 3741/1577/644
f 3728/1577/683 3741/1577/683 3742/1577/683
f 3743/1577/644 3742/1577/644 3714/1577/644
f 3731/1577/671 3742/1577/671 3743/1577/671
f 3714/1577/683 3742/1577/683 3715/1577/683
f 3742/1577/672 3744/1577/672 3715/1577/672
f 3731/1577/690 3728/1577/690 3742/1577/690
f 3742/1577/696 3721/1577/696 3744/1577/696
f 3739/1577/644 3721/1577/644 3742/1577/644
f 3715/1577/644 3744/1577/644 3716/1577/644
f 3716/1577/693 3744/1577/693 3721/1577/693
f 3727/1577/683 3743/1577/683 3730/1577/683
f 3743/1577/644 3714/1577/644 3730/1577/644
f 3727/1577/683 3731/1577/683 3743/1577/683
f 3745/1577/687 3749/1577/687 3746/1577/687
f 3746/1577/683 3747/1577/683 3745/1577/683
f 3747/1577/644 3748/1577/644 3745/1577/644
f 3745/1577/662 3748/1577/662 3749/1577/662
f 3753/1577/644 3750/1577/644 3749/1577/644
f 3754/1577/667 3749/1577/667 3750/1577/667
f 3754/1577/688 3751/1577/688 3749/1577/688
f 3751/1577/648 3752/1577/648 3749/1577/648
f 3749/1577/644 3752/1577/644 3755/1577/644
f 3748/1577/648 3753/1577/648 3749/1577/648
f 3749/1577/644 3755/1577/644 3746/1577/644
f 3756/1577/683 3746/1577/683 3755/1577/683
f 3755/1577/662 3757/1577/662 3756/1577/662
f 3755/1577/667 3752/1577/667 3757/1577/667
f 3756/1577/645 3757/1577/645 3751/1577/645
f 3751/1577/648 3757/1577/648 3752/1577/648
f 3756/1577/683 3758/1577/683 3746/1577/683
f 3756/1577/645 3751/1577/645 3758/1577/645
f 3758/1577/667 3762/1577/667 3746/1577/667
f 3763/1577/645 3759/1577/645 3758/1577/645
f 3758/1577/667 3759/1577/667 3762/1577/667
f 3758/1577/683 3764/1577/683 3760/1577/683
f 3763/1577/645 3758/1577/645 3760/1577/645
f 3758/1577/683 3761/1577/683 3764/1577/683
f 3751/1577/662 3761/1577/662 3758/1577/662
f 3765/1577/672 3760/1577/672 3764/1577/672
f 3764/1577/645 3761/1577/645 3766/1577/645
f 3764/1577/645 3766/1577/645 3765/1577/645
f 3766/1577/689 3767/1577/689 3765/1577/689
f 3751/1577/662 3766/1577/662 3761/1577/662
f 3766/1577/648 3751/1577/648 3767/1577/648
f 3760/1577/645 3767/1577/645 3768/1577/645
f 3768/1577/648 3767/1577/648 3753/1577/648
f 3767/1577/671 3770/1577/671 3753/1577/671
f 3767/1577/671 3769/1577/671 3770/1577/671
f 3767/1577/645 3754/1577/645 3769/1577/645
f 3765/1577/694 3767/1577/694 3760/1577/694
f 3767/1577/645 3751/1577/645 3754/1577/645
f 3753/1577/644 3770/1577/644 3750/1577/644
f 3770/1577/648 3754/1577/648 3750/1577/648
f 3770/1577/648 3769/1577/648 3754/1577/648
f 3772/1577/672 3768/1577/672 3771/1577/672
f 3768/1577/648 3753/1577/648 3771/1577/648
f 3760/1577/645 3768/1577/645 3772/1577/645
f 3760/1577/683 3772/1577/683 3773/1577/683
f 3772/1577/671 3771/1577/671 3773/1577/671
f 3771/1577/644 3774/1577/644 3773/1577/644
f 3760/1577/683 3773/1577/683 3774/1577/683
f 3775/1577/644 3774/1577/644 3746/1577/644
f 3763/1577/671 3774/1577/671 3775/1577/671
f 3746/1577/683 3774/1577/683 3747/1577/683
f 3774/1577/672 3776/1577/672 3747/1577/672
f 3763/1577/690 3760/1577/690 3774/1577/690
f 3774/1577/696 3753/1577/696 3776/1577/696
f 3771/1577/644 3753/1577/644 3774/1577/644
f 3747/1577/644 3776/1577/644 3748/1577/644
f 3748/1577/693 3776/1577/693 3753/1577/693
f 3759/1577/683 3775/1577/683 3762/1577/683
f 3775/1577/644 3746/1577/644 3762/1577/644
f 3759/1577/683 3763/1577/683 3775/1577/683
f 3777/1577/687 3781/1577/687 3778/1577/687
f 3778/1577/683 3779/1577/683 3777/1577/683
f 3779/1577/644 3780/1577/644 3777/1577/644
f 3777/1577/662 3780/1577/662 3781/1577/662
f 3785/1577/644 3782/1577/644 3781/1577/644
f 3786/1577/667 3781/1577/667 3782/1577/667
f 3786/1577/688 3783/1577/688 3781/1577/688
f 3783/1577/648 3784/1577/648 3781/1577/648
f 3781/1577/644 3784/1577/644 3787/1577/644
f 3780/1577/648 3785/1577/648 3781/1577/648
f 3781/1577/644 3787/1577/644 3778/1577/644
f 3788/1577/683 3778/1577/683 3787/1577/683
f 3787/1577/662 3789/1577/662 3788/1577/662
f 3787/1577/667 3784/1577/667 3789/1577/667
f 3788/1577/645 3789/1577/645 3783/1577/645
f 3783/1577/648 3789/1577/648 3784/1577/648
f 3788/1577/683 3790/1577/683 3778/1577/683
f 3788/1577/645 3783/1577/645 3790/1577/645
f 3790/1577/667 3794/1577/667 3778/1577/667
f 3795/1577/645 3791/1577/645 3790/1577/645
f 3790/1577/667 3791/1577/667 3794/1577/667
f 3790/1577/683 3796/1577/683 3792/1577/683
f 3795/1577/645 3790/1577/645 3792/1577/645
f 3790/1577/683 3793/1577/683 3796/1577/683
f 3783/1577/662 3793/1577/662 3790/1577/662
f 3797/1577/672 3792/1577/672 3796/1577/672
f 3796/1577/645 3793/1577/645 3798/1577/645
f 3796/1577/645 3798/1577/645 3797/1577/645
f 3798/1577/689 3799/1577/689 3797/1577/689
f 3783/1577/662 3798/1577/662 3793/1577/662
f 3798/1577/648 3783/1577/648 3799/1577/648
f 3792/1577/645 3799/1577/645 3800/1577/645
f 3800/1577/648 3799/1577/648 3785/1577/648
f 3799/1577/671 3802/1577/671 3785/1577/671
f 3799/1577/671 3801/1577/671 3802/1577/671
f 3799/1577/645 3786/1577/645 3801/1577/645
f 3797/1577/691 3799/1577/691 3792/1577/691
f 3799/1577/645 3783/1577/645 3786/1577/645
f 3785/1577/644 3802/1577/644 3782/1577/644
f 3802/1577/648 3786/1577/648 3782/1577/648
f 3802/1577/648 3801/1577/648 3786/1577/648
f 3804/1577/672 3800/1577/672 3803/1577/672
f 3800/1577/648 3785/1577/648 3803/1577/648
f 3792/1577/645 3800/1577/645 3804/1577/645
f 3792/1577/683 3804/1577/683 3805/1577/683
f 3804/1577/671 3803/1577/671 3805/1577/671
f 3803/1577/644 3806/1577/644 3805/1577/644
f 3792/1577/683 3805/1577/683 3806/1577/683
f 3807/1577/644 3806/1577/644 3778/1577/644
f 3795/1577/671 3806/1577/671 3807/1577/671
f 3778/1577/683 3806/1577/683 3779/1577/683
f 3806/1577/672 3808/1577/672 3779/1577/672
f 3795/1577/690 3792/1577/690 3806/1577/690
f 3806/1577/696 3785/1577/696 3808/1577/696
f 3803/1577/644 3785/1577/644 3806/1577/644
f 3779/1577/644 3808/1577/644 3780/1577/644
f 3780/1577/693 3808/1577/693 3785/1577/693
f 3791/1577/683 3807/1577/683 3794/1577/683
f 3807/1577/644 3778/1577/644 3794/1577/644
f 3791/1577/683 3795/1577/683 3807/1577/683
f 3809/1577/687 3813/1577/687 3810/1577/687
f 3810/1577/683 3811/1577/683 3809/1577/683
f 3811/1577/644 3812/1577/644 3809/1577/644
f 3809/1577/662 3812/1577/662 3813/1577/662
f 3817/1577/644 3814/1577/644 3813/1577/644
f 3818/1577/688 3813/1577/688 3814/1577/688
f 3818/1577/667 3815/1577/667 3813/1577/667
f 3815/1577/648 3816/1577/648 3813/1577/648
f 3813/1577/644 3816/1577/644 3819/1577/644
f 3812/1577/686 3817/1577/686 3813/1577/686
f 3813/1577/644 3819/1577/644 3810/1577/644
f 3820/1577/683 3810/1577/683 3819/1577/683
f 3819/1577/662 3821/1577/662 3820/1577/662
f 3819/1577/667 3816/1577/667 3821/1577/667
f 3820/1577/645 3821/1577/645 3815/1577/645
f 3815/1577/648 3821/1577/648 3816/1577/648
f 3820/1577/683 3822/1577/683 3810/1577/683
f 3820/1577/645 3815/1577/645 3822/1577/645
f 3822/1577/667 3826/1577/667 3810/1577/667
f 3827/1577/645 3823/1577/645 3822/1577/645
f 3822/1577/688 3823/1577/688 3826/1577/688
f 3822/1577/683 3828/1577/683 3824/1577/683
f 3827/1577/645 3822/1577/645 3824/1577/645
f 3822/1577/684 3825/1577/684 3828/1577/684
f 3815/1577/662 3825/1577/662 3822/1577/662
f 3829/1577/672 3824/1577/672 3828/1577/672
f 3828/1577/645 3825/1577/645 3830/1577/645
f 3828/1577/645 3830/1577/645 3829/1577/645
f 3830/1577/695 3831/1577/695 3829/1577/695
f 3815/1577/662 3830/1577/662 3825/1577/662
f 3830/1577/648 3815/1577/648 3831/1577/648
f 3824/1577/645 3831/1577/645 3832/1577/645
f 3832/1577/648 3831/1577/648 3817/1577/648
f 3831/1577/690 3834/1577/690 3817/1577/690
f 3831/1577/671 3833/1577/671 3834/1577/671
f 3831/1577/645 3818/1577/645 3833/1577/645
f 3829/1577/691 3831/1577/691 3824/1577/691
f 3831/1577/645 3815/1577/645 3818/1577/645
f 3817/1577/644 3834/1577/644 3814/1577/644
f 3834/1577/648 3818/1577/648 3814/1577/648
f 3834/1577/648 3833/1577/648 3818/1577/648
f 3836/1577/672 3832/1577/672 3835/1577/672
f 3832/1577/648 3817/1577/648 3835/1577/648
f 3824/1577/645 3832/1577/645 3836/1577/645
f 3824/1577/683 3836/1577/683 3837/1577/683
f 3836/1577/672 3835/1577/672 3837/1577/672
f 3835/1577/644 3838/1577/644 3837/1577/644
f 3824/1577/683 3837/1577/683 3838/1577/683
f 3839/1577/644 3838/1577/644 3810/1577/644
f 3827/1577/671 3838/1577/671 3839/1577/671
f 3810/1577/684 3838/1577/684 3811/1577/684
f 3838/1577/672 3840/1577/672 3811/1577/672
f 3827/1577/671 3824/1577/671 3838/1577/671
f 3838/1577/692 3817/1577/692 3840/1577/692
f 3835/1577/644 3817/1577/644 3838/1577/644
f 3811/1577/644 3840/1577/644 3812/1577/644
f 3812/1577/693 3840/1577/693 3817/1577/693
f 3823/1577/683 3839/1577/683 3826/1577/683
f 3839/1577/644 3810/1577/644 3826/1577/644
f 3823/1577/683 3827/1577/683 3839/1577/683
usemtl Cream
f 3009/1578/651 3010/1579/651 3015/1580/651
f 3009/1581/652 3013/1582/652 3010/1583/652
f 3014/1584/653 3011/1585/653 3009/1586/653
f 3009/1581/652 3011/1587/652 3013/1582/652
f 3012/1588/651 3009/1578/651 3015/1580/651
f 3014/1584/653 3009/1586/653 3012/1589/653
f 3010/1579/651 3016/1590/651 3015/1580/651
f 3019/1591/654 3015/1592/654 3016/1593/654
f 3015/1592/655 3017/1594/655 3020/1595/655
f 3019/1591/654 3017/1594/654 3015/1592/654
f 3015/1580/651 3018/1596/651 3012/1588/651
f 3015/1592/655 3020/1595/655 3018/1597/655
f 3020/1598/656 3017/1599/656 3019/1600/656
f 3020/1595/657 3022/1601/657 3018/1597/657
f 3021/1602/658 3020/1598/658 3019/1600/658
f 3020/1595/657 3021/1603/657 3022/1601/657
f 3018/1596/651 3022/1604/651 3012/1588/651
f 3021/1603/659 3023/1605/659 3022/1601/659
f 3022/1604/651 3023/1606/651 3012/1588/651
f 3021/1603/659 3024/1607/659 3023/1605/659
f 3024/1607/660 3012/1589/660 3023/1605/660
f 3024/1608/658 3021/1602/658 3019/1600/658
f 3024/1607/660 3014/1584/660 3012/1589/660
f 3011/1609/658 3014/1610/658 3024/1608/658
f 3019/1600/658 3011/1609/658 3024/1608/658
f 3019/1600/658 3013/1611/658 3011/1609/658
f 3013/1582/661 3019/1591/661 3016/1593/661
f 3013/1582/661 3016/1593/661 3010/1583/661
f 3025/1578/662 3026/1579/662 3031/1580/662
f 3025/1581/663 3029/1582/663 3026/1583/663
f 3030/1584/664 3027/1585/664 3025/1586/664
f 3025/1581/663 3027/1587/663 3029/1582/663
f 3028/1588/662 3025/1578/662 3031/1580/662
f 3030/1584/664 3025/1586/664 3028/1589/664
f 3026/1579/662 3032/1590/662 3031/1580/662
f 3032/1593/665 3033/1594/665 3031/1592/665
f 3031/1592/666 3033/1594/666 3035/1595/666
f 3031/1580/667 3034/1596/667 3036/1604/667
f 3031/1592/666 3035/1595/666 3034/1597/666
f 3031/1580/662 3036/1604/662 3028/1588/662
f 3035/1595/668 3036/1601/668 3034/1597/668
f 3035/1595/668 3037/1603/668 3036/1601/668
f 3037/1603/669 3038/1605/669 3036/1601/669
f 3036/1604/662 3038/1606/662 3028/1588/662
f 3037/1603/669 3039/1607/669 3038/1605/669
f 3039/1607/670 3028/1589/670 3038/1605/670
f 3039/1608/671 3037/1602/671 3035/1598/671
f 3039/1607/670 3030/1584/670 3028/1589/670
f 3027/1609/672 3030/1610/672 3039/1608/672
f 3040/1600/672 3029/1611/672 3039/1608/672
f 3039/1608/672 3035/1598/672 3040/1600/672
f 3029/1611/671 3027/1609/671 3039/1608/671
f 3026/1583/673 3029/1582/673 3040/1591/673
f 3032/1593/665 3040/1591/665 3033/1594/665
f 3026/1583/673 3040/1591/673 3032/1593/673
f 3035/1598/671 3033/1599/671 3040/1600/671
f 3041/1578/674 3042/1579/674 3047/1580/674
f 3041/1581/652 3045/1582/652 3042/1583/652
f 3046/1584/653 3043/1585/653 3041/1586/653
f 3041/1581/652 3043/1587/652 3045/1582/652
f 3044/1588/651 3041/1578/651 3047/1580/651
f 3046/1584/653 3041/1586/653 3044/1589/653
f 3042/1579/651 3048/1590/651 3047/1580/651
f 3051/1591/654 3047/1592/654 3048/1593/654
f 3047/1592/655 3049/1594/655 3052/1595/655
f 3051/1591/675 3049/1594/675 3047/1592/675
f 3047/1580/651 3050/1596/651 3044/1588/651
f 3047/1592/655 3052/1595/655 3050/1597/655
f 3052/1598/656 3049/1599/656 3051/1600/656
f 3052/1595/657 3054/1601/657 3050/1597/657
f 3055/1608/658 3053/1602/658 3052/1598/658
f 3052/1595/657 3053/1603/657 3054/1601/657
f 3043/1609/658 3055/1608/658 3052/1598/658
f 3051/1600/658 3043/1609/658 3052/1598/658
f 3053/1603/659 3055/1607/659 3056/1605/659
f 3055/1607/660 3044/1589/660 3056/1605/660
f 3055/1607/660 3046/1584/660 3044/1589/660
f 3043/1609/658 3046/1610/658 3055/1608/658
f 3054/1604/651 3056/1606/651 3044/1588/651
f 3053/1603/659 3056/1605/659 3054/1601/659
f 3050/1596/651 3054/1604/651 3044/1588/651
f 3051/1600/658 3045/1611/658 3043/1609/658
f 3045/1582/661 3051/1591/661 3048/1593/661
f 3045/1582/661 3048/1593/661 3042/1583/661
f 3057/1578/662 3058/1579/662 3063/1580/662
f 3057/1581/663 3061/1582/663 3058/1583/663
f 3062/1584/664 3059/1585/664 3057/1586/664
f 3057/1581/663 3059/1587/663 3061/1582/663
f 3060/1588/662 3057/1578/662 3063/1580/662
f 3062/1584/664 3057/1586/664 3060/1589/664
f 3058/1579/662 3064/1590/662 3063/1580/662
f 3064/1593/676 3065/1594/676 3063/1592/676
f 3063/1592/666 3065/1594/666 3067/1595/666
f 3063/1580/667 3066/1596/667 3068/1604/667
f 3063/1592/666 3067/1595/666 3066/1597/666
f 3069/1606/662 3060/1588/662 3063/1580/662
f 3068/1604/662 3069/1606/662 3063/1580/662
f 3071/1603/669 3069/1605/669 3068/1601/669
f 3071/1603/669 3070/1607/669 3069/1605/669
f 3070/1607/670 3060/1589/670 3069/1605/670
f 3070/1608/671 3071/1602/671 3067/1598/671
f 3067/1595/668 3071/1603/668 3068/1601/668
f 3070/1607/677 3062/1584/677 3060/1589/677
f 3059/1609/672 3062/1610/672 3070/1608/672
f 3059/1609/672 3070/1608/672 3067/1598/672
f 3067/1595/668 3068/1601/668 3066/1597/668
f 3067/1598/672 3065/1599/672 3072/1600/672
f 3072/1600/672 3059/1609/672 3067/1598/672
f 3072/1600/672 3061/1611/672 3059/1609/672
f 3058/1583/673 3061/1582/673 3072/1591/673
f 3064/1593/665 3072/1591/665 3065/1594/665
f 3058/1583/673 3072/1591/673 3064/1593/673
f 3844/1577/650 3842/1577/650 3841/1577/650
f 3845/1577/646 3841/1577/646 3842/1577/646
f 3845/1577/646 3843/1577/646 3841/1577/646
f 3843/1577/644 3844/1577/644 3841/1577/644
f 3846/1577/644 3845/1577/644 3842/1577/644
f 3850/1577/647 3845/1577/647 3846/1577/647
f 3849/1577/647 3843/1577/647 3845/1577/647
f 3845/1577/646 3847/1577/646 3851/1577/646
f 3850/1577/647 3847/1577/647 3845/1577/647
f 3852/1577/644 3845/1577/644 3848/1577/644
f 3845/1577/697 3851/1577/697 3848/1577/697
f 3852/1577/644 3849/1577/644 3845/1577/644
f 3853/1577/698 3849/1577/698 3852/1577/698
f 3851/1577/647 3853/1577/647 3852/1577/647
f 3851/1577/647 3852/1577/647 3848/1577/647
f 3854/1577/645 3853/1577/645 3851/1577/645
f 3853/1577/699 3854/1577/699 3849/1577/699
f 3849/1577/647 3854/1577/647 3855/1577/647
f 3857/1577/645 3855/1577/645 3854/1577/645
f 3856/1577/647 3854/1577/647 3847/1577/647
f 3858/1577/699 3854/1577/699 3856/1577/699
f 3858/1577/699 3857/1577/699 3854/1577/699
f 3854/1577/645 3851/1577/645 3847/1577/645
f 3859/1577/645 3858/1577/645 3856/1577/645
f 3857/1577/650 3858/1577/650 3859/1577/650
f 3860/1577/646 3859/1577/646 3861/1577/646
f 3857/1577/650 3859/1577/650 3860/1577/650
f 3859/1577/645 3856/1577/645 3861/1577/645
f 3856/1577/647 3847/1577/647 3861/1577/647
f 3860/1577/646 3861/1577/646 3847/1577/646
f 3862/1577/646 3860/1577/646 3842/1577/646
f 3864/1577/645 3860/1577/645 3862/1577/645
f 3842/1577/650 3860/1577/650 3863/1577/650
f 3863/1577/645 3860/1577/645 3847/1577/645
f 3864/1577/645 3857/1577/645 3860/1577/645
f 3866/1577/699 3857/1577/699 3864/1577/699
f 3867/1577/650 3865/1577/650 3864/1577/650
f 3866/1577/700 3864/1577/700 3865/1577/700
f 3867/1577/650 3864/1577/650 3862/1577/650
f 3866/1577/644 3867/1577/644 3842/1577/644
f 3862/1577/701 3842/1577/701 3867/1577/701
f 3866/1577/644 3865/1577/644 3867/1577/644
f 3849/1577/644 3868/1577/644 3866/1577/644
f 3869/1577/650 3866/1577/650 3868/1577/650
f 3869/1577/650 3857/1577/650 3866/1577/650
f 3844/1577/650 3866/1577/650 3842/1577/650
f 3870/1577/699 3866/1577/699 3844/1577/699
f 3870/1577/699 3849/1577/699 3866/1577/699
f 3843/1577/644 3870/1577/644 3844/1577/644
f 3849/1577/647 3870/1577/647 3843/1577/647
f 3871/1577/699 3869/1577/699 3868/1577/699
f 3857/1577/645 3869/1577/645 3855/1577/645
f 3871/1577/699 3855/1577/699 3869/1577/699
f 3849/1577/644 3871/1577/644 3868/1577/644
f 3849/1577/647 3855/1577/647 3871/1577/647
f 3863/1577/646 3846/1577/646 3872/1577/646
f 3842/1577/650 3863/1577/650 3872/1577/650
f 3863/1577/646 3850/1577/646 3846/1577/646
f 3863/1577/645 3847/1577/645 3850/1577/645
f 3846/1577/644 3842/1577/644 3872/1577/644
o Chimneys
v 18.846102 24.711399 20.748001
v 18.952501 24.711399 20.854401
v 18.846102 24.605000 20.854401
v 18.846102 24.711399 20.854401
v 15.733901 24.711399 20.748001
v 15.733901 24.605000 20.854401
v 15.627501 24.711399 20.854401
v 15.733901 24.711399 20.854401
v 15.733901 24.711399 24.472000
v 15.627501 24.711399 24.365601
v 15.733901 24.605000 24.365601
v 15.733901 24.711399 24.365601
v 18.952501 24.711399 24.365601
v 18.846102 24.711399 24.472000
v 18.846102 24.605000 24.365601
v 18.846102 24.711399 24.365601
v 18.952501 36.468601 20.854401
v 18.846102 36.468601 20.748001
v 18.846102 36.575001 20.854401
v 18.846102 36.468601 20.854401
v 15.733901 36.468601 20.748001
v 15.627501 36.468601 20.854401
v 15.733901 36.575001 20.854401
v 15.733901 36.468601 20.854401
v 15.627501 36.468601 24.365601
v 15.733901 36.468601 24.472000
v 15.733901 36.575001 24.365601
v 15.733901 36.468601 24.365601
v 18.952501 36.468601 24.365601
v 18.846102 36.575001 24.365601
v 18.846102 36.468601 24.472000
v 18.846102 36.468601 24.365601
v 19.138700 27.743799 20.482000
v 19.138700 27.743799 20.561800
v 15.441300 27.743799 20.482000
v 19.138700 28.116199 20.482000
v 15.441300 27.743799 20.561800
v 15.441300 27.664000 20.561800
v 15.441300 27.743799 24.658201
v 15.361501 27.743799 20.561800
v 15.441300 28.116199 20.561800
v 15.441300 27.664000 24.658201
v 15.361501 28.116199 20.561800
v 15.361501 28.116199 24.658201
v 15.361501 27.743799 24.658201
v 15.441300 28.116199 24.658201
v 15.441300 28.195999 24.658201
v 15.441300 28.116199 24.738001
v 19.138700 28.116199 24.658201
v 15.441300 28.195999 20.561800
v 19.138700 28.116199 24.738001
v 19.138700 27.743799 24.738001
v 19.138700 27.743799 24.658201
v 15.441300 27.743799 24.738001
v 19.218502 27.743799 24.658201
v 19.138700 27.664000 24.658201
v 19.138700 27.664000 20.561800
v 19.218502 28.116199 24.658201
v 19.218502 28.116199 20.561800
v 19.218502 27.743799 20.561800
v 19.138700 28.116199 20.561800
v 19.138700 28.195999 20.561800
v 19.138700 28.195999 24.658201
v 15.441300 28.116199 20.482000
v 19.138700 31.733801 20.482000
v 19.138700 31.733801 20.561800
v 15.441300 31.733801 20.482000
v 19.138700 32.106201 20.482000
v 15.441300 31.733801 20.561800
v 15.441300 31.653999 20.561800
v 15.441300 31.733801 24.658201
v 15.361501 31.733801 20.561800
v 15.441300 32.106201 20.561800
v 15.441300 31.653999 24.658201
v 15.361501 32.106201 20.561800
v 15.361501 32.106201 24.658201
v 15.361501 31.733801 24.658201
v 15.441300 32.106201 24.658201
v 15.441300 32.186001 24.658201
v 15.441300 32.106201 24.738001
v 19.138700 32.106201 24.658201
v 15.441300 32.186001 20.561800
v 19.138700 32.106201 24.738001
v 19.138700 31.733801 24.738001
v 19.138700 31.733801 24.658201
v 15.441300 31.733801 24.738001
v 19.218502 31.733801 24.658201
v 19.138700 31.653999 24.658201
v 19.138700 31.653999 20.561800
v 19.218502 32.106201 24.658201
v 19.218502 32.106201 20.561800
v 19.218502 31.733801 20.561800
v 19.138700 32.106201 20.561800
v 19.138700 32.186001 20.561800
v 19.138700 32.186001 24.658201
v 15.441300 32.106201 20.482000
v 19.138700 35.723801 20.482000
v 19.138700 35.723801 20.561800
v 15.441300 35.723801 20.482000
v 19.138700 36.096199 20.482000
v 15.441300 35.723801 20.561800
v 15.441300 35.644001 20.561800
v 15.441300 35.723801 24.658201
v 15.361501 35.723801 20.561800
v 15.441300 36.096199 20.561800
v 15.441300 35.644001 24.658201
v 15.361501 36.096199 20.561800
v 15.361501 36.096199 24.658201
v 15.361501 35.723801 24.658201
v 15.441300 36.096199 24.658201
v 15.441300 36.175999 24.658201
v 15.441300 36.096199 24.738001
v 19.138700 36.096199 24.658201
v 15.441300 36.175999 20.561800
v 19.138700 36.096199 24.738001
v 19.138700 35.723801 24.738001
v 19.138700 35.723801 24.658201
v 15.441300 35.723801 24.738001
v 19.218502 35.723801 24.658201
v 19.138700 35.644001 24.658201
v 19.138700 35.644001 20.561800
v 19.218502 36.096199 24.658201
v 19.218502 36.096199 20.561800
v 19.218502 35.723801 20.561800
v 19.138700 36.096199 20.561800
v 19.138700 36.175999 20.561800
v 19.138700 36.175999 24.658201
v 15.441300 36.096199 20.482000
v -15.733898 24.711399 20.748001
v -15.733898 24.711399 20.854401
v -18.846100 24.711399 20.748001
v -15.733898 36.468601 20.748001
v -18.846100 24.711399 20.854401
v -18.846100 24.605000 20.854401
v -18.846100 24.711399 24.365601
v -18.952499 24.711399 20.854401
v -18.846100 36.468601 20.854401
v -18.846100 24.605000 24.365601
v -18.952499 36.468601 20.854401
v -18.952499 36.468601 24.365601
v -18.952499 24.711399 24.365601
v -18.846100 36.468601 24.365601
v -18.846100 36.575001 24.365601
v -18.846100 36.468601 24.472000
v -15.733898 36.468601 24.365601
v -18.846100 36.575001 20.854401
v -15.733898 36.468601 24.472000
v -15.733898 24.711399 24.472000
v -15.733898 24.711399 24.365601
v -18.846100 24.711399 24.472000
v -15.627499 24.711399 24.365601
v -15.733898 24.605000 24.365601
v -15.733898 24.605000 20.854401
v -15.627499 36.468601 24.365601
v -15.627499 36.468601 20.854401
v -15.627499 24.711399 20.854401
v -15.733898 36.468601 20.854401
v -15.733898 36.575001 20.854401
v -15.733898 36.575001 24.365601
v -18.846100 36.468601 20.748001
v -15.441299 27.743799 20.482000
v -15.441299 27.743799 20.561800
v -19.138699 27.743799 20.482000
v -15.441299 28.116199 20.482000
v -19.138699 27.743799 20.561800
v -19.138699 27.664000 20.561800
v -19.138699 27.743799 24.658201
v -19.218502 27.743799 20.561800
v -19.138699 28.116199 20.561800
v -19.138699 27.664000 24.658201
v -19.218502 28.116199 20.561800
v -19.218502 28.116199 24.658201
v -19.218502 27.743799 24.658201
v -19.138699 28.116199 24.658201
v -19.138699 28.195999 24.658201
v -19.138699 28.116199 24.738001
v -15.441299 28.116199 24.658201
v -19.138699 28.195999 20.561800
v -15.441299 28.116199 24.738001
v -15.441299 27.743799 24.738001
v -15.441299 27.743799 24.658201
v -19.138699 27.743799 24.738001
v -15.361500 27.743799 24.658201
v -15.441299 27.664000 24.658201
v -15.441299 27.664000 20.561800
v -15.361500 28.116199 24.658201
v -15.361500 28.116199 20.561800
v -15.361500 27.743799 20.561800
v -15.441299 28.116199 20.561800
v -15.441299 28.195999 20.561800
v -15.441299 28.195999 24.658201
v -19.138699 28.116199 20.482000
v -15.441299 31.733801 20.482000
v -15.441299 31.733801 20.561800
v -19.138699 31.733801 20.482000
v -15.441299 32.106201 20.482000
v -19.138699 31.733801 20.561800
v -19.138699 31.653999 20.561800
v -19.138699 31.733801 24.658201
v -19.218502 31.733801 20.561800
v -19.138699 32.106201 20.561800
v -19.138699 31.653999 24.658201
v -19.218502 32.106201 20.561800
v -19.218502 32.106201 24.658201
v -19.218502 31.733801 24.658201
v -19.138699 32.106201 24.658201
v -19.138699 32.186001 24.658201
v -19.138699 32.106201 24.738001
v -15.441299 32.106201 24.658201
v -19.138699 32.186001 20.561800
v -15.441299 32.106201 24.738001
v -15.441299 31.733801 24.738001
v -15.441299 31.733801 24.658201
v -19.138699 31.733801 24.738001
v -15.361500 31.733801 24.658201
v -15.441299 31.653999 24.658201
v -15.441299 31.653999 20.561800
v -15.361500 32.106201 24.658201
v -15.361500 32.106201 20.561800
v -15.361500 31.733801 20.561800
v -15.441299 32.106201 20.561800
v -15.441299 32.186001 20.561800
v -15.441299 32.186001 24.658201
v -19.138699 32.106201 20.482000
v -15.441299 35.723801 20.482000
v -15.441299 35.723801 20.561800
v -19.138699 35.723801 20.482000
v -15.441299 36.096199 20.482000
v -19.138699 35.723801 20.561800
v -19.138699 35.644001 20.561800
v -19.138699 35.723801 24.658201
v -19.218502 35.723801 20.561800
v -19.138699 36.096199 20.561800
v -19.138699 35.644001 24.658201
v -19.218502 36.096199 20.561800
v -19.218502 36.096199 24.658201
v -19.218502 35.723801 24.658201
v -19.138699 36.096199 24.658201
v -19.138699 36.175999 24.658201
v -19.138699 36.096199 24.738001
v -15.441299 36.096199 24.658201
v -19.138699 36.175999 20.561800
v -15.441299 36.096199 24.738001
v -15.441299 35.723801 24.738001
v -15.441299 35.723801 24.658201
v -19.138699 35.723801 24.738001
v -15.361500 35.723801 24.658201
v -15.441299 35.644001 24.658201
v -15.441299 35.644001 20.561800
v -15.361500 36.096199 24.658201
v -15.361500 36.096199 20.561800
v -15.361500 35.723801 20.561800
v -15.441299 36.096199 20.561800
v -15.441299 36.175999 20.561800
v -15.441299 36.175999 24.658201
v -19.138699 36.096199 20.482000
vn -0.0000 -0.0000 -1.0000
vn -0.0000 -1.0000 -0.0000
vn 1.0000 -0.0000 -0.0000
vn -0.0000 -0.0000 1.0000
vn -1.0000 -0.0000 -0.0000
vn -0.0000 1.0000 -0.0000
s 0
usemtl WarmWall
f 3875//702 3880//702 3876//702
f 3880//703 3873//703 3876//703
f 3885//703 3876//703 3874//703
f 3888//704 3875//704 3876//704
f 3887//705 3884//705 3883//705
f 3888//703 3881//703 3884//703
f 3883//706 3880//706 3878//706
f 3884//703 3879//703 3880//703
f 3902//704 3892//704 3891//704
f 3904//707 3889//707 3892//707
f 3893//707 3892//707 3890//707
f 3896//702 3891//702 3892//702
f 3897//707 3896//707 3894//707
f 3900//706 3895//706 3896//706
f 3903//707 3900//707 3898//707
f 3904//705 3899//705 3900//705
f 3890//704 3876//704 3873//704
f 3892//702 3874//702 3876//702
f 3894//702 3880//702 3879//702
f 3896//706 3877//706 3880//706
f 3898//706 3884//706 3881//706
f 3900//705 3882//705 3884//705
f 3901//705 3888//705 3885//705
f 3904//704 3886//704 3888//704
f 3877//702 3890//702 3873//702
f 3887//703 3878//703 3875//703
f 3874//704 3901//704 3885//704
f 3882//706 3894//706 3879//706
f 3886//705 3898//705 3881//705
f 3895//707 3902//707 3891//707
f 3875//702 3878//702 3880//702
f 3880//703 3877//703 3873//703
f 3885//703 3888//703 3876//703
f 3888//704 3887//704 3875//704
f 3887//705 3888//705 3884//705
f 3888//703 3886//703 3881//703
f 3883//706 3884//706 3880//706
f 3884//703 3882//703 3879//703
f 3902//704 3904//704 3892//704
f 3904//707 3901//707 3889//707
f 3893//707 3896//707 3892//707
f 3896//702 3895//702 3891//702
f 3897//707 3900//707 3896//707
f 3900//706 3899//706 3895//706
f 3903//707 3904//707 3900//707
f 3904//705 3902//705 3899//705
f 3890//704 3892//704 3876//704
f 3892//702 3889//702 3874//702
f 3894//702 3896//702 3880//702
f 3896//706 3893//706 3877//706
f 3898//706 3900//706 3884//706
f 3900//705 3897//705 3882//705
f 3901//705 3904//705 3888//705
f 3904//704 3903//704 3886//704
f 3877//702 3893//702 3890//702
f 3887//703 3883//703 3878//703
f 3874//704 3889//704 3901//704
f 3882//706 3897//706 3894//706
f 3886//705 3903//705 3898//705
f 3895//707 3899//707 3902//707
usemtl Cream
f 3908//704 3906//704 3905//704
f 3909//703 3905//703 3906//703
f 3909//703 3907//703 3905//703
f 3907//702 3908//702 3905//702
f 3910//702 3909//702 3906//702
f 3914//706 3909//706 3910//706
f 3913//706 3907//706 3909//706
f 3914//706 3911//706 3909//706
f 3911//703 3912//703 3909//703
f 3915//702 3909//702 3912//702
f 3915//702 3913//702 3909//702
f 3916//707 3913//707 3915//707
f 3917//706 3916//706 3915//706
f 3917//706 3915//706 3912//706
f 3911//703 3917//703 3912//703
f 3918//705 3917//705 3911//705
f 3918//705 3916//705 3917//705
f 3916//707 3918//707 3913//707
f 3918//706 3922//706 3913//706
f 3918//706 3919//706 3922//706
f 3921//705 3919//705 3918//705
f 3920//706 3918//706 3911//706
f 3923//707 3918//707 3920//707
f 3923//707 3921//707 3918//707
f 3924//705 3923//705 3920//705
f 3921//704 3923//704 3924//704
f 3925//703 3924//703 3926//703
f 3921//704 3924//704 3925//704
f 3924//705 3920//705 3926//705
f 3920//706 3911//706 3926//706
f 3925//703 3926//703 3911//703
f 3927//703 3925//703 3906//703
f 3930//705 3925//705 3927//705
f 3925//704 3929//704 3906//704
f 3928//705 3925//705 3911//705
f 3925//704 3928//704 3929//704
f 3930//705 3921//705 3925//705
f 3921//707 3930//707 3931//707
f 3932//704 3931//704 3930//704
f 3932//704 3930//704 3927//704
f 3933//702 3932//702 3906//702
f 3927//703 3906//703 3932//703
f 3933//702 3931//702 3932//702
f 3913//702 3934//702 3933//702
f 3935//704 3933//704 3934//704
f 3935//704 3921//704 3933//704
f 3921//707 3931//707 3933//707
f 3908//704 3933//704 3906//704
f 3936//707 3933//707 3908//707
f 3936//707 3913//707 3933//707
f 3907//702 3936//702 3908//702
f 3913//706 3936//706 3907//706
f 3922//707 3935//707 3934//707
f 3921//705 3935//705 3919//705
f 3922//707 3919//707 3935//707
f 3913//702 3922//702 3934//702
f 3910//702 3906//702 3929//702
f 3928//703 3910//703 3929//703
f 3928//703 3914//703 3910//703
f 3928//705 3911//705 3914//705
f 3940//704 3938//704 3937//704
f 3941//703 3937//703 3938//703
f 3941//703 3939//703 3937//703
f 3939//702 3940//702 3937//702
f 3942//702 3941//702 3938//702
f 3946//706 3941//706 3942//706
f 3945//706 3939//706 3941//706
f 3946//706 3943//706 3941//706
f 3943//703 3944//703 3941//703
f 3947//702 3941//702 3944//702
f 3947//702 3945//702 3941//702
f 3948//707 3945//707 3947//707
f 3949//706 3948//706 3947//706
f 3949//706 3947//706 3944//706
f 3943//703 3949//703 3944//703
f 3950//705 3949//705 3943//705
f 3950//705 3948//705 3949//705
f 3948//707 3950//707 3945//707
f 3950//706 3954//706 3945//706
f 3950//706 3951//706 3954//706
f 3953//705 3951//705 3950//705
f 3952//706 3950//706 3943//706
f 3955//707 3950//707 3952//707
f 3955//707 3953//707 3950//707
f 3956//705 3955//705 3952//705
f 3953//704 3955//704 3956//704
f 3957//703 3956//703 3958//703
f 3953//704 3956//704 3957//704
f 3956//705 3952//705 3958//705
f 3952//706 3943//706 3958//706
f 3957//703 3958//703 3943//703
f 3959//703 3957//703 3938//703
f 3962//705 3957//705 3959//705
f 3957//704 3961//704 3938//704
f 3960//705 3957//705 3943//705
f 3957//704 3960//704 3961//704
f 3962//705 3953//705 3957//705
f 3953//707 3962//707 3963//707
f 3964//704 3963//704 3962//704
f 3964//704 3962//704 3959//704
f 3965//702 3964//702 3938//702
f 3959//703 3938//703 3964//703
f 3965//702 3963//702 3964//702
f 3945//702 3966//702 3965//702
f 3967//704 3965//704 3966//704
f 3967//704 3953//704 3965//704
f 3953//707 3963//707 3965//707
f 3940//704 3965//704 3938//704
f 3968//707 3965//707 3940//707
f 3968//707 3945//707 3965//707
f 3939//702 3968//702 3940//702
f 3945//706 3968//706 3939//706
f 3954//707 3967//707 3966//707
f 3953//705 3967//705 3951//705
f 3954//707 3951//707 3967//707
f 3945//702 3954//702 3966//702
f 3942//702 3938//702 3961//702
f 3960//703 3942//703 3961//703
f 3960//703 3946//703 3942//703
f 3960//705 3943//705 3946//705
f 3972//704 3970//704 3969//704
f 3973//703 3969//703 3970//703
f 3973//703 3971//703 3969//703
f 3971//702 3972//702 3969//702
f 3974//702 3973//702 3970//702
f 3978//706 3973//706 3974//706
f 3977//706 3971//706 3973//706
f 3978//706 3975//706 3973//706
f 3975//703 3976//703 3973//703
f 3979//702 3973//702 3976//702
f 3979//702 3977//702 3973//702
f 3980//707 3977//707 3979//707
f 3981//706 3980//706 3979//706
f 3981//706 3979//706 3976//706
f 3975//703 3981//703 3976//703
f 3982//705 3981//705 3975//705
f 3982//705 3980//705 3981//705
f 3980//707 3982//707 3977//707
f 3982//706 3986//706 3977//706
f 3982//706 3983//706 3986//706
f 3985//705 3983//705 3982//705
f 3984//706 3982//706 3975//706
f 3987//707 3982//707 3984//707
f 3987//707 3985//707 3982//707
f 3988//705 3987//705 3984//705
f 3985//704 3987//704 3988//704
f 3989//703 3988//703 3990//703
f 3985//704 3988//704 3989//704
f 3988//705 3984//705 3990//705
f 3984//706 3975//706 3990//706
f 3989//703 3990//703 3975//703
f 3991//703 3989//703 3970//703
f 3994//705 3989//705 3991//705
f 3989//704 3993//704 3970//704
f 3992//705 3989//705 3975//705
f 3989//704 3992//704 3993//704
f 3994//705 3985//705 3989//705
f 3985//707 3994//707 3995//707
f 3996//704 3995//704 3994//704
f 3996//704 3994//704 3991//704
f 3997//702 3996//702 3970//702
f 3991//703 3970//703 3996//703
f 3997//702 3995//702 3996//702
f 3977//702 3998//702 3997//702
f 3999//704 3997//704 3998//704
f 3999//704 3985//704 3997//704
f 3985//707 3995//707 3997//707
f 3972//704 3997//704 3970//704
f 4000//707 3997//707 3972//707
f 4000//707 3977//707 3997//707
f 3971//702 4000//702 3972//702
f 3977//706 4000//706 3971//706
f 3986//707 3999//707 3998//707
f 3985//705 3999//705 3983//705
f 3986//707 3983//707 3999//707
f 3977//702 3986//702 3998//702
f 3974//702 3970//702 3993//702
f 3992//703 3974//703 3993//703
f 3992//703 3978//703 3974//703
f 3992//705 3975//705 3978//705
usemtl FarWall
f 4004//704 4002//704 4001//704
f 4005//703 4001//703 4002//703
f 4005//703 4003//703 4001//703
f 4003//702 4004//702 4001//702
f 4006//702 4005//702 4002//702
f 4010//706 4005//706 4006//706
f 4009//706 4003//706 4005//706
f 4010//706 4007//706 4005//706
f 4007//703 4008//703 4005//703
f 4011//702 4005//702 4008//702
f 4011//702 4009//702 4005//702
f 4012//707 4009//707 4011//707
f 4013//706 4012//706 4011//706
f 4013//706 4011//706 4008//706
f 4007//703 4013//703 4008//703
f 4014//705 4013//705 4007//705
f 4014//705 4012//705 4013//705
f 4012//707 4014//707 4009//707
f 4014//706 4018//706 4009//706
f 4014//706 4015//706 4018//706
f 4017//705 4015//705 4014//705
f 4016//706 4014//706 4007//706
f 4019//707 4014//707 4016//707
f 4019//707 4017//707 4014//707
f 4020//705 4019//705 4016//705
f 4017//704 4019//704 4020//704
f 4021//703 4020//703 4022//703
f 4017//704 4020//704 4021//704
f 4020//705 4016//705 4022//705
f 4016//706 4007//706 4022//706
f 4021//703 4022//703 4007//703
f 4023//703 4021//703 4002//703
f 4026//705 4021//705 4023//705
f 4021//704 4025//704 4002//704
f 4024//705 4021//705 4007//705
f 4021//704 4024//704 4025//704
f 4026//705 4017//705 4021//705
f 4017//707 4026//707 4027//707
f 4028//704 4027//704 4026//704
f 4028//704 4026//704 4023//704
f 4029//702 4028//702 4002//702
f 4023//703 4002//703 4028//703
f 4029//702 4027//702 4028//702
f 4009//702 4030//702 4029//702
f 4031//704 4029//704 4030//704
f 4031//704 4017//704 4029//704
f 4017//707 4027//707 4029//707
f 4004//704 4029//704 4002//704
f 4032//707 4029//707 4004//707
f 4032//707 4009//707 4029//707
f 4003//702 4032//702 4004//702
f 4009//706 4032//706 4003//706
f 4018//707 4031//707 4030//707
f 4017//705 4031//705 4015//705
f 4018//707 4015//707 4031//707
f 4009//702 4018//702 4030//702
f 4006//702 4002//702 4025//702
f 4024//703 4006//703 4025//703
f 4024//703 4010//703 4006//703
f 4024//705 4007//705 4010//705
usemtl Teal
f 4036//704 4034//704 4033//704
f 4037//703 4033//703 4034//703
f 4037//703 4035//703 4033//703
f 4035//702 4036//702 4033//702
f 4038//702 4037//702 4034//702
f 4042//706 4037//706 4038//706
f 4041//706 4035//706 4037//706
f 4042//706 4039//706 4037//706
f 4039//703 4040//703 4037//703
f 4043//702 4037//702 4040//702
f 4043//702 4041//702 4037//702
f 4044//707 4041//707 4043//707
f 4045//706 4044//706 4043//706
f 4045//706 4043//706 4040//706
f 4039//703 4045//703 4040//703
f 4046//705 4045//705 4039//705
f 4046//705 4044//705 4045//705
f 4044//707 4046//707 4041//707
f 4046//706 4050//706 4041//706
f 4046//706 4047//706 4050//706
f 4049//705 4047//705 4046//705
f 4048//706 4046//706 4039//706
f 4051//707 4046//707 4048//707
f 4051//707 4049//707 4046//707
f 4052//705 4051//705 4048//705
f 4049//704 4051//704 4052//704
f 4053//703 4052//703 4054//703
f 4049//704 4052//704 4053//704
f 4052//705 4048//705 4054//705
f 4048//706 4039//706 4054//706
f 4053//703 4054//703 4039//703
f 4055//703 4053//703 4034//703
f 4058//705 4053//705 4055//705
f 4053//704 4057//704 4034//704
f 4056//705 4053//705 4039//705
f 4053//704 4056//704 4057//704
f 4058//705 4049//705 4053//705
f 4049//707 4058//707 4059//707
f 4060//704 4059//704 4058//704
f 4060//704 4058//704 4055//704
f 4061//702 4060//702 4034//702
f 4055//703 4034//703 4060//703
f 4061//702 4059//702 4060//702
f 4041//702 4062//702 4061//702
f 4063//704 4061//704 4062//704
f 4063//704 4049//704 4061//704
f 4049//707 4059//707 4061//707
f 4036//704 4061//704 4034//704
f 4064//707 4061//707 4036//707
f 4064//707 4041//707 4061//707
f 4035//702 4064//702 4036//702
f 4041//706 4064//706 4035//706
f 4050//707 4063//707 4062//707
f 4049//705 4063//705 4047//705
f 4050//707 4047//707 4063//707
f 4041//702 4050//702 4062//702
f 4038//702 4034//702 4057//702
f 4056//703 4038//703 4057//703
f 4056//703 4042//703 4038//703
f 4056//705 4039//705 4042//705
f 4068//704 4066//704 4065//704
f 4069//703 4065//703 4066//703
f 4069//703 4067//703 4065//703
f 4067//702 4068//702 4065//702
f 4070//702 4069//702 4066//702
f 4074//706 4069//706 4070//706
f 4073//706 4067//706 4069//706
f 4074//706 4071//706 4069//706
f 4071//703 4072//703 4069//703
f 4075//702 4069//702 4072//702
f 4075//702 4073//702 4069//702
f 4076//707 4073//707 4075//707
f 4077//706 4076//706 4075//706
f 4077//706 4075//706 4072//706
f 4071//703 4077//703 4072//703
f 4078//705 4077//705 4071//705
f 4078//705 4076//705 4077//705
f 4076//707 4078//707 4073//707
f 4078//706 4082//706 4073//706
f 4078//706 4079//706 4082//706
f 4081//705 4079//705 4078//705
f 4080//706 4078//706 4071//706
f 4083//707 4078//707 4080//707
f 4083//707 4081//707 4078//707
f 4084//705 4083//705 4080//705
f 4081//704 4083//704 4084//704
f 4085//703 4084//703 4086//703
f 4081//704 4084//704 4085//704
f 4084//705 4080//705 4086//705
f 4080//706 4071//706 4086//706
f 4085//703 4086//703 4071//703
f 4087//703 4085//703 4066//703
f 4090//705 4085//705 4087//705
f 4085//704 4089//704 4066//704
f 4088//705 4085//705 4071//705
f 4085//704 4088//704 4089//704
f 4090//705 4081//705 4085//705
f 4081//707 4090//707 4091//707
f 4092//704 4091//704 4090//704
f 4092//704 4090//704 4087//704
f 4093//702 4092//702 4066//702
f 4087//703 4066//703 4092//703
f 4093//702 4091//702 4092//702
f 4073//702 4094//702 4093//702
f 4095//704 4093//704 4094//704
f 4095//704 4081//704 4093//704
f 4081//707 4091//707 4093//707
f 4068//704 4093//704 4066//704
f 4096//707 4093//707 4068//707
f 4096//707 4073//707 4093//707
f 4067//702 4096//702 4068//702
f 4073//706 4096//706 4067//706
f 4082//707 4095//707 4094//707
f 4081//705 4095//705 4079//705
f 4082//707 4079//707 4095//707
f 4073//702 4082//702 4094//702
f 4070//702 4066//702 4089//702
f 4088//703 4070//703 4089//703
f 4088//703 4074//703 4070//703
f 4088//705 4071//705 4074//705
f 4100//704 4098//704 4097//704
f 4101//703 4097//703 4098//703
f 4101//703 4099//703 4097//703
f 4099//702 4100//702 4097//702
f 4102//702 4101//702 4098//702
f 4106//706 4101//706 4102//706
f 4105//706 4099//706 4101//706
f 4106//706 4103//706 4101//706
f 4103//703 4104//703 4101//703
f 4107//702 4101//702 4104//702
f 4107//702 4105//702 4101//702
f 4108//707 4105//707 4107//707
f 4109//706 4108//706 4107//706
f 4109//706 4107//706 4104//706
f 4103//703 4109//703 4104//703
f 4110//705 4109//705 4103//705
f 4110//705 4108//705 4109//705
f 4108//707 4110//707 4105//707
f 4110//706 4114//706 4105//706
f 4110//706 4111//706 4114//706
f 4113//705 4111//705 4110//705
f 4112//706 4110//706 4103//706
f 4115//707 4110//707 4112//707
f 4115//707 4113//707 4110//707
f 4116//705 4115//705 4112//705
f 4113//704 4115//704 4116//704
f 4117//703 4116//703 4118//703
f 4113//704 4116//704 4117//704
f 4116//705 4112//705 4118//705
f 4112//706 4103//706 4118//706
f 4117//703 4118//703 4103//703
f 4119//703 4117//703 4098//703
f 4122//705 4117//705 4119//705
f 4117//704 4121//704 4098//704
f 4120//705 4117//705 4103//705
f 4117//704 4120//704 4121//704
f 4122//705 4113//705 4117//705
f 4113//707 4122//707 4123//707
f 4124//704 4123//704 4122//704
f 4124//704 4122//704 4119//704
f 4125//702 4124//702 4098//702
f 4119//703 4098//703 4124//703
f 4125//702 4123//702 4124//702
f 4105//702 4126//702 4125//702
f 4127//704 4125//704 4126//704
f 4127//704 4113//704 4125//704
f 4113//707 4123//707 4125//707
f 4100//704 4125//704 4098//704
f 4128//707 4125//707 4100//707
f 4128//707 4105//707 4125//707
f 4099//702 4128//702 4100//702
f 4105//706 4128//706 4099//706
f 4114//707 4127//707 4126//707
f 4113//705 4127//705 4111//705
f 4114//707 4111//707 4127//707
f 4105//702 4114//702 4126//702
f 4102//702 4098//702 4121//702
f 4120//703 4102//703 4121//703
f 4120//703 4106//703 4102//703
f 4120//705 4103//705 4106//705
o FarHouse
v -0.272650 1.303400 0.000000
v -0.033250 1.303400 0.239401
v -0.272650 1.064000 0.239401
v -0.272650 1.303401 0.239401
v -21.539351 1.303400 0.000000
v -19.424999 1.310000 1.455999
v -21.539351 1.064000 0.239401
v -19.424999 16.366001 1.455999
v -19.424999 1.310000 30.730000
v -21.778751 1.303400 0.239401
v -21.539351 1.303401 0.239401
v -19.424999 16.366001 30.730000
v -21.539351 1.303400 31.920002
v -21.778751 1.303400 31.680601
v -21.539351 1.064000 31.680601
v -21.539351 1.303401 31.680601
v -0.033250 1.303400 31.680601
v -0.272650 1.303400 31.920002
v -0.272650 1.064000 31.680601
v -0.272650 1.303401 31.680601
v -0.033250 22.104601 0.239401
v -0.272650 22.104601 0.000000
v -0.272650 22.344002 0.239401
v -0.272650 22.104599 0.239401
v -21.539351 22.104601 0.000000
v -21.778751 22.104601 0.239401
v -21.539351 22.344002 0.239401
v -21.539351 22.104599 0.239401
v -21.778751 22.104601 31.680601
v -21.539351 22.104601 31.920002
v -21.539351 22.344002 31.680601
v -21.539351 22.104599 31.680601
v -0.033250 22.104601 31.680601
v -0.272650 22.344002 31.680601
v -0.272650 22.104601 31.920002
v -0.272650 22.104599 31.680601
v -0.033250 2.108291 1.455999
v -0.033250 16.366001 23.006655
v -0.033250 1.310000 1.455999
v -0.033250 1.310000 30.730000
v -0.033250 16.366001 30.730000
v -0.033250 16.366001 1.455999
v -0.066501 1.995000 -0.478800
v -0.066501 1.995000 -0.412298
v -21.745499 1.995000 -0.478800
v -0.066501 2.793000 -0.478800
v -21.745499 1.995000 -0.412298
v -21.745499 1.928500 -0.412298
v -21.745499 1.995000 -0.013300
v -21.812000 1.995000 -0.412298
v -21.745499 2.793000 -0.412298
v -21.745499 1.928500 -0.013300
v -21.812000 2.793000 -0.412298
v -21.812000 2.793000 -0.013300
v -21.812000 1.995000 -0.013300
v -21.745499 2.793000 -0.013300
v -21.745499 2.859500 -0.013300
v -21.745499 2.793000 0.053201
v -0.066501 2.793000 -0.013300
v -21.745499 2.859500 -0.412298
v -0.066501 2.793000 0.053201
v -0.066501 1.995000 0.053201
v -0.066501 1.995000 -0.013300
v -21.745499 1.995000 0.053201
v 0.000000 1.995000 -0.013300
v -0.066501 1.928500 -0.013300
v -0.066501 1.928500 -0.412298
v 0.000000 2.793000 -0.013300
v 0.000000 2.793000 -0.412298
v 0.000000 1.995000 -0.412298
v -0.066501 2.793000 -0.412298
v -0.066501 2.859500 -0.412298
v -0.066501 2.859500 -0.013300
v -21.745499 2.793000 -0.478800
v -0.578550 1.143800 -0.671650
v -0.578550 1.143800 -0.591848
v -1.017450 1.143800 -0.671650
v -0.578550 21.466202 -0.671650
v -1.017450 1.143800 -0.591848
v -1.017450 1.064000 -0.591848
v -1.017450 1.143800 -0.152948
v -1.097250 1.143800 -0.591848
v -1.017450 21.466202 -0.591848
v -1.017450 1.064000 -0.152948
v -1.097250 21.466202 -0.591848
v -1.097250 21.466202 -0.152948
v -1.097250 1.143800 -0.152948
v -1.017450 21.466202 -0.152948
v -1.017450 21.546001 -0.152948
v -1.017450 21.466202 -0.073149
v -0.578550 21.466202 -0.152948
v -1.017450 21.546001 -0.591848
v -0.578550 21.466202 -0.073149
v -0.578550 1.143800 -0.073149
v -0.578550 1.143800 -0.152948
v -1.017450 1.143800 -0.073149
v -0.498750 1.143800 -0.152948
v -0.578550 1.064000 -0.152948
v -0.578550 1.064000 -0.591848
v -0.498750 21.466202 -0.152948
v -0.498750 21.466202 -0.591848
v -0.498750 1.143800 -0.591848
v -0.578550 21.466202 -0.591848
v -0.578550 21.546001 -0.591848
v -0.578550 21.546001 -0.152948
v -1.017450 21.466202 -0.671650
v -20.661551 1.143800 -0.671650
v -20.661551 1.143800 -0.591848
v -21.100451 1.143800 -0.671650
v -20.661551 21.466202 -0.671650
v -21.100451 1.143800 -0.591848
v -21.100451 1.064000 -0.591848
v -21.100451 1.143800 -0.152948
v -21.180250 1.143800 -0.591848
v -21.100451 21.466202 -0.591848
v -21.100451 1.064000 -0.152948
v -21.180250 21.466202 -0.591848
v -21.180250 21.466202 -0.152948
v -21.180250 1.143800 -0.152948
v -21.100451 21.466202 -0.152948
v -21.100451 21.546001 -0.152948
v -21.100451 21.466202 -0.073149
v -20.661551 21.466202 -0.152948
v -21.100451 21.546001 -0.591848
v -20.661551 21.466202 -0.073149
v -20.661551 1.143800 -0.073149
v -20.661551 1.143800 -0.152948
v -21.100451 1.143800 -0.073149
v -20.581751 1.143800 -0.152948
v -20.661551 1.064000 -0.152948
v -20.661551 1.064000 -0.591848
v -20.581751 21.466202 -0.152948
v -20.581751 21.466202 -0.591848
v -20.581751 1.143800 -0.591848
v -20.661551 21.466202 -0.591848
v -20.661551 21.546001 -0.591848
v -20.661551 21.546001 -0.152948
v -21.100451 21.466202 -0.671650
vn -0.0000 -0.0000 -1.0000
vn -0.0000 -1.0000 -0.0000
vn 1.0000 -0.0000 -0.0000
vn -0.0000 -0.0000 1.0000
vn -1.0000 -0.0000 -0.0000
vn -0.0000 1.0000 -0.0000
vt 0.000000 0.000000
vt 0.625000 0.500000
vt 0.375000 0.375214
vt 0.375000 0.500000
vt 0.375000 0.750000
vt 0.375000 0.874786
vt 0.388255 0.874786
vt 0.250214 0.500000
vt 0.250214 0.750000
vt 0.625000 0.750000
vt 0.749786 0.750000
vt 0.749786 0.565957
vt 0.625000 0.375214
vt 0.625000 0.874786
vt 0.749786 0.500000
s 0
usemtl FarWall
f 4135/1612/708 4132/1612/708 4131/1612/708
f 4139/1612/709 4129/1612/709 4132/1612/709
f 4145/1612/709 4132/1612/709 4130/1612/709
f 4148/1612/710 4131/1612/710 4132/1612/710
f 4147/1612/711 4144/1612/711 4143/1612/711
f 4148/1612/709 4141/1612/709 4144/1612/709
f 4143/1612/712 4139/1612/712 4135/1612/712
f 4144/1612/709 4138/1612/709 4139/1612/709
f 4162/1612/710 4152/1612/710 4151/1612/710
f 4164/1612/713 4149/1612/713 4152/1612/713
f 4153/1612/713 4152/1612/713 4150/1612/713
f 4156/1612/708 4151/1612/708 4152/1612/708
f 4157/1612/713 4156/1612/713 4154/1612/713
f 4160/1612/712 4155/1612/712 4156/1612/712
f 4163/1612/713 4160/1612/713 4158/1612/713
f 4164/1612/711 4159/1612/711 4160/1612/711
f 4150/1612/710 4132/1612/710 4129/1612/710
f 4152/1612/708 4130/1612/708 4132/1612/708
f 4154/1612/708 4139/1612/708 4138/1612/708
f 4156/1612/712 4133/1612/712 4139/1612/712
f 4158/1612/712 4144/1612/712 4141/1612/712
f 4160/1612/711 4142/1612/711 4144/1612/711
f 4161/1612/711 4148/1612/711 4145/1612/711
f 4164/1612/710 4146/1612/710 4148/1612/710
f 4133/1612/708 4150/1612/708 4129/1612/708
f 4147/1612/709 4135/1612/709 4131/1612/709
f 4167/1612/710 4168/1612/710 4145/1612/710
f 4142/1612/712 4154/1612/712 4138/1612/712
f 4146/1612/711 4158/1612/711 4141/1612/711
f 4155/1612/713 4162/1612/713 4151/1612/713
f 4135/1612/708 4139/1612/708 4132/1612/708
f 4139/1612/709 4133/1612/709 4129/1612/709
f 4145/1612/709 4148/1612/709 4132/1612/709
f 4148/1612/710 4147/1612/710 4131/1612/710
f 4147/1612/711 4148/1612/711 4144/1612/711
f 4148/1612/709 4146/1612/709 4141/1612/709
f 4143/1612/712 4144/1612/712 4139/1612/712
f 4144/1612/709 4142/1612/709 4138/1612/709
f 4162/1612/710 4164/1612/710 4152/1612/710
f 4164/1612/713 4161/1612/713 4149/1612/713
f 4153/1612/713 4156/1612/713 4152/1612/713
f 4156/1612/708 4155/1612/708 4151/1612/708
f 4157/1612/713 4160/1612/713 4156/1612/713
f 4160/1612/712 4159/1612/712 4155/1612/712
f 4163/1612/713 4164/1612/713 4160/1612/713
f 4164/1612/711 4162/1612/711 4159/1612/711
f 4150/1612/710 4152/1612/710 4132/1612/710
f 4152/1612/708 4149/1612/708 4130/1612/708
f 4154/1612/708 4156/1612/708 4139/1612/708
f 4156/1612/712 4153/1612/712 4133/1612/712
f 4158/1612/712 4160/1612/712 4144/1612/712
f 4160/1612/711 4157/1612/711 4142/1612/711
f 4161/1612/711 4164/1612/711 4148/1612/711
f 4164/1612/710 4163/1612/710 4146/1612/710
f 4133/1612/708 4153/1612/708 4150/1612/708
f 4147/1612/709 4143/1612/709 4135/1612/709
f 4149/1612/710 4166/1612/710 4170/1612/710
f 4142/1612/712 4157/1612/712 4154/1612/712
f 4146/1612/711 4163/1612/711 4158/1612/711
f 4155/1612/713 4159/1612/713 4162/1612/713
f 4140/1613/708 4168/1614/708 4137/1615/708
f 4134/1616/710 4140/1613/710 4137/1615/710
f 4134/1616/711 4167/1617/711 4165/1618/711
f 4134/1616/713 4168/1619/713 4167/1620/713
f 4136/1621/709 4170/1622/709 4166/1623/709
f 4169/1612/710 4166/1612/710 4161/1612/710
f 4130/1612/710 4165/1612/710 4167/1612/710
f 4168/1612/710 4169/1612/710 4145/1612/710
f 4169/1612/710 4161/1612/710 4145/1612/710
f 4130/1612/710 4167/1612/710 4145/1612/710
f 4170/1612/710 4165/1612/710 4130/1612/710
f 4149/1612/710 4161/1612/710 4166/1612/710
f 4170/1612/710 4130/1612/710 4149/1612/710
f 4140/1613/708 4169/1624/708 4168/1614/708
f 4134/1616/710 4136/1621/710 4140/1613/710
f 4170/1625/711 4136/1621/711 4165/1618/711
f 4136/1621/711 4134/1616/711 4165/1618/711
f 4134/1616/713 4137/1615/713 4168/1619/713
f 4166/1623/709 4169/1626/709 4140/1613/709
f 4140/1613/709 4136/1621/709 4166/1623/709
usemtl Teal
f 4174/1612/710 4172/1612/710 4171/1612/710
f 4175/1612/709 4171/1612/709 4172/1612/709
f 4175/1612/709 4173/1612/709 4171/1612/709
f 4173/1612/708 4174/1612/708 4171/1612/708
f 4176/1612/708 4175/1612/708 4172/1612/708
f 4180/1612/712 4175/1612/712 4176/1612/712
f 4179/1612/712 4173/1612/712 4175/1612/712
f 4180/1612/712 4177/1612/712 4175/1612/712
f 4177/1612/709 4178/1612/709 4175/1612/709
f 4181/1612/708 4175/1612/708 4178/1612/708
f 4181/1612/708 4179/1612/708 4175/1612/708
f 4182/1612/713 4179/1612/713 4181/1612/713
f 4183/1612/712 4182/1612/712 4181/1612/712
f 4183/1612/712 4181/1612/712 4178/1612/712
f 4177/1612/709 4183/1612/709 4178/1612/709
f 4184/1612/711 4183/1612/711 4177/1612/711
f 4184/1612/711 4182/1612/711 4183/1612/711
f 4182/1612/713 4184/1612/713 4179/1612/713
f 4184/1612/712 4188/1612/712 4179/1612/712
f 4184/1612/712 4185/1612/712 4188/1612/712
f 4187/1612/711 4185/1612/711 4184/1612/711
f 4186/1612/712 4184/1612/712 4177/1612/712
f 4189/1612/713 4184/1612/713 4186/1612/713
f 4189/1612/713 4187/1612/713 4184/1612/713
f 4190/1612/711 4189/1612/711 4186/1612/711
f 4187/1612/710 4189/1612/710 4190/1612/710
f 4191/1612/709 4190/1612/709 4192/1612/709
f 4187/1612/710 4190/1612/710 4191/1612/710
f 4190/1612/711 4186/1612/711 4192/1612/711
f 4186/1612/712 4177/1612/712 4192/1612/712
f 4191/1612/709 4192/1612/709 4177/1612/709
f 4193/1612/709 4191/1612/709 4172/1612/709
f 4196/1612/711 4191/1612/711 4193/1612/711
f 4191/1612/710 4195/1612/710 4172/1612/710
f 4194/1612/711 4191/1612/711 4177/1612/711
f 4191/1612/710 4194/1612/710 4195/1612/710
f 4196/1612/711 4187/1612/711 4191/1612/711
f 4187/1612/713 4196/1612/713 4197/1612/713
f 4198/1612/710 4197/1612/710 4196/1612/710
f 4198/1612/710 4196/1612/710 4193/1612/710
f 4199/1612/708 4198/1612/708 4172/1612/708
f 4193/1612/709 4172/1612/709 4198/1612/709
f 4199/1612/708 4197/1612/708 4198/1612/708
f 4179/1612/708 4200/1612/708 4199/1612/708
f 4201/1612/710 4199/1612/710 4200/1612/710
f 4201/1612/710 4187/1612/710 4199/1612/710
f 4187/1612/713 4197/1612/713 4199/1612/713
f 4174/1612/710 4199/1612/710 4172/1612/710
f 4202/1612/713 4199/1612/713 4174/1612/713
f 4202/1612/713 4179/1612/713 4199/1612/713
f 4173/1612/708 4202/1612/708 4174/1612/708
f 4179/1612/712 4202/1612/712 4173/1612/712
f 4188/1612/713 4201/1612/713 4200/1612/713
f 4187/1612/711 4201/1612/711 4185/1612/711
f 4188/1612/713 4185/1612/713 4201/1612/713
f 4179/1612/708 4188/1612/708 4200/1612/708
f 4176/1612/708 4172/1612/708 4195/1612/708
f 4194/1612/709 4176/1612/709 4195/1612/709
f 4194/1612/709 4180/1612/709 4176/1612/709
f 4194/1612/711 4177/1612/711 4180/1612/711
f 4206/1612/710 4204/1612/710 4203/1612/710
f 4207/1612/709 4203/1612/709 4204/1612/709
f 4207/1612/709 4205/1612/709 4203/1612/709
f 4205/1612/708 4206/1612/708 4203/1612/708
f 4208/1612/708 4207/1612/708 4204/1612/708
f 4212/1612/712 4207/1612/712 4208/1612/712
f 4211/1612/712 4205/1612/712 4207/1612/712
f 4212/1612/712 4209/1612/712 4207/1612/712
f 4209/1612/709 4210/1612/709 4207/1612/709
f 4213/1612/708 4207/1612/708 4210/1612/708
f 4213/1612/708 4211/1612/708 4207/1612/708
f 4214/1612/713 4211/1612/713 4213/1612/713
f 4215/1612/712 4214/1612/712 4213/1612/712
f 4215/1612/712 4213/1612/712 4210/1612/712
f 4209/1612/709 4215/1612/709 4210/1612/709
f 4216/1612/711 4215/1612/711 4209/1612/711
f 4216/1612/711 4214/1612/711 4215/1612/711
f 4214/1612/713 4216/1612/713 4211/1612/713
f 4216/1612/712 4220/1612/712 4211/1612/712
f 4216/1612/712 4217/1612/712 4220/1612/712
f 4219/1612/711 4217/1612/711 4216/1612/711
f 4218/1612/712 4216/1612/712 4209/1612/712
f 4221/1612/713 4216/1612/713 4218/1612/713
f 4221/1612/713 4219/1612/713 4216/1612/713
f 4222/1612/711 4221/1612/711 4218/1612/711
f 4219/1612/710 4221/1612/710 4222/1612/710
f 4223/1612/709 4222/1612/709 4224/1612/709
f 4219/1612/710 4222/1612/710 4223/1612/710
f 4222/1612/711 4218/1612/711 4224/1612/711
f 4218/1612/712 4209/1612/712 4224/1612/712
f 4223/1612/709 4224/1612/709 4209/1612/709
f 4225/1612/709 4223/1612/709 4204/1612/709
f 4228/1612/711 4223/1612/711 4225/1612/711
f 4223/1612/710 4227/1612/710 4204/1612/710
f 4226/1612/711 4223/1612/711 4209/1612/711
f 4223/1612/710 4226/1612/710 4227/1612/710
f 4228/1612/711 4219/1612/711 4223/1612/711
f 4219/1612/713 4228/1612/713 4229/1612/713
f 4230/1612/710 4229/1612/710 4228/1612/710
f 4230/1612/710 4228/1612/710 4225/1612/710
f 4231/1612/708 4230/1612/708 4204/1612/708
f 4225/1612/709 4204/1612/709 4230/1612/709
f 4231/1612/708 4229/1612/708 4230/1612/708
f 4211/1612/708 4232/1612/708 4231/1612/708
f 4233/1612/710 4231/1612/710 4232/1612/710
f 4233/1612/710 4219/1612/710 4231/1612/710
f 4219/1612/713 4229/1612/713 4231/1612/713
f 4206/1612/710 4231/1612/710 4204/1612/710
f 4234/1612/713 4231/1612/713 4206/1612/713
f 4234/1612/713 4211/1612/713 4231/1612/713
f 4205/1612/708 4234/1612/708 4206/1612/708
f 4211/1612/712 4234/1612/712 4205/1612/712
f 4220/1612/713 4233/1612/713 4232/1612/713
f 4219/1612/711 4233/1612/711 4217/1612/711
f 4220/1612/713 4217/1612/713 4233/1612/713
f 4211/1612/708 4220/1612/708 4232/1612/708
f 4208/1612/708 4204/1612/708 4227/1612/708
f 4226/1612/709 4208/1612/709 4227/1612/709
f 4226/1612/709 4212/1612/709 4208/1612/709
f 4226/1612/711 4209/1612/711 4212/1612/711
f 4238/1612/710 4236/1612/710 4235/1612/710
f 4239/1612/709 4235/1612/709 4236/1612/709
f 4239/1612/709 4237/1612/709 4235/1612/709
f 4237/1612/708 4238/1612/708 4235/1612/708
f 4240/1612/708 4239/1612/708 4236/1612/708
f 4244/1612/712 4239/1612/712 4240/1612/712
f 4243/1612/712 4237/1612/712 4239/1612/712
f 4244/1612/712 4241/1612/712 4239/1612/712
f 4241/1612/709 4242/1612/709 4239/1612/709
f 4245/1612/708 4239/1612/708 4242/1612/708
f 4245/1612/708 4243/1612/708 4239/1612/708
f 4246/1612/713 4243/1612/713 4245/1612/713
f 4247/1612/712 4246/1612/712 4245/1612/712
f 4247/1612/712 4245/1612/712 4242/1612/712
f 4241/1612/709 4247/1612/709 4242/1612/709
f 4248/1612/711 4247/1612/711 4241/1612/711
f 4248/1612/711 4246/1612/711 4247/1612/711
f 4246/1612/713 4248/1612/713 4243/1612/713
f 4248/1612/712 4252/1612/712 4243/1612/712
f 4248/1612/712 4249/1612/712 4252/1612/712
f 4251/1612/711 4249/1612/711 4248/1612/711
f 4250/1612/712 4248/1612/712 4241/1612/712
f 4253/1612/713 4248/1612/713 4250/1612/713
f 4253/1612/713 4251/1612/713 4248/1612/713
f 4254/1612/711 4253/1612/711 4250/1612/711
f 4251/1612/710 4253/1612/710 4254/1612/710
f 4255/1612/709 4254/1612/709 4256/1612/709
f 4251/1612/710 4254/1612/710 4255/1612/710
f 4254/1612/711 4250/1612/711 4256/1612/711
f 4250/1612/712 4241/1612/712 4256/1612/712
f 4255/1612/709 4256/1612/709 4241/1612/709
f 4257/1612/709 4255/1612/709 4236/1612/709
f 4260/1612/711 4255/1612/711 4257/1612/711
f 4255/1612/710 4259/1612/710 4236/1612/710
f 4258/1612/711 4255/1612/711 4241/1612/711
f 4255/1612/710 4258/1612/710 4259/1612/710
f 4260/1612/711 4251/1612/711 4255/1612/711
f 4251/1612/713 4260/1612/713 4261/1612/713
f 4262/1612/710 4261/1612/710 4260/1612/710
f 4262/1612/710 4260/1612/710 4257/1612/710
f 4263/1612/708 4262/1612/708 4236/1612/708
f 4257/1612/709 4236/1612/709 4262/1612/709
f 4263/1612/708 4261/1612/708 4262/1612/708
f 4243/1612/708 4264/1612/708 4263/1612/708
f 4265/1612/710 4263/1612/710 4264/1612/710
f 4265/1612/710 4251/1612/710 4263/1612/710
f 4251/1612/713 4261/1612/713 4263/1612/713
f 4238/1612/710 4263/1612/710 4236/1612/710
f 4266/1612/713 4263/1612/713 4238/1612/713
f 4266/1612/713 4243/1612/713 4263/1612/713
f 4237/1612/708 4266/1612/708 4238/1612/708
f 4243/1612/712 4266/1612/712 4237/1612/712
f 4252/1612/713 4265/1612/713 4264/1612/713
f 4251/1612/711 4265/1612/711 4249/1612/711
f 4252/1612/713 4249/1612/713 4265/1612/713
f 4243/1612/708 4252/1612/708 4264/1612/708
f 4240/1612/708 4236/1612/708 4259/1612/708
f 4258/1612/709 4240/1612/709 4259/1612/709
f 4258/1612/709 4244/1612/709 4240/1612/709
f 4258/1612/711 4241/1612/711 4244/1612/711
o RoofHalf1
v 1.064000 21.479500 -1.995000
v -22.876001 21.479500 -1.995000
v -22.876001 21.945002 -1.995000
v -10.906000 29.925001 -1.995000
v 1.064000 21.945002 -1.995000
v 1.064000 21.479500 33.915001
v -22.876001 21.479500 33.915001
v -22.876001 21.945002 33.915001
v -10.906000 29.925001 33.915001
v 1.064000 21.945002 33.915001
v -10.743694 30.407860 -2.154601
v -10.791233 30.336552 -2.361501
v 1.226306 22.427860 -2.154599
v -10.791233 30.336552 -1.947702
v -10.906000 30.164402 -1.862001
v 1.178768 22.356552 -1.947700
v 1.064000 22.184401 -1.861999
v -10.906000 30.164402 -2.447201
v -11.020767 29.992250 -2.361501
v 0.949233 22.012251 -2.361499
v -11.068305 29.920942 -2.154601
v -11.020767 29.992250 -1.947702
v 0.949233 22.012251 -1.947700
v 0.901695 21.940943 -2.154599
v 1.064000 22.184401 -2.447199
v 1.178768 22.356552 -2.361499
v -11.068307 30.407860 -2.154601
v -11.020769 30.336552 -1.947701
v -23.038307 22.427860 -2.154599
v -11.020769 30.336552 -2.361500
v -10.791234 29.992250 -1.947701
v -10.906001 30.164402 -1.862001
v -22.761232 22.012251 -1.947700
v -10.743696 29.920942 -2.154601
v -10.791234 29.992250 -2.361500
v -10.906001 30.164402 -2.447201
v -22.876001 22.184401 -2.447199
v -22.761232 22.012251 -2.361499
v -22.713696 21.940943 -2.154599
v -22.876001 22.184401 -1.861999
v -22.990770 22.356552 -1.947700
v -22.990770 22.356552 -2.361499
v -10.743694 30.407860 34.074604
v -10.791233 30.336552 33.867702
v 1.226306 22.427860 34.074604
v -10.791233 30.336552 34.281502
v -10.906000 30.164402 34.367203
v 1.178768 22.356552 34.281502
v 1.064000 22.184401 34.367203
v -11.020767 29.992250 33.867702
v -10.906000 30.164402 33.782001
v 0.949233 22.012251 33.867702
v -11.068305 29.920942 34.074604
v -11.020767 29.992250 34.281502
v 0.949233 22.012251 34.281502
v 0.901695 21.940943 34.074604
v 1.064000 22.184401 33.782001
v 1.178768 22.356552 33.867702
v -11.068307 30.407860 34.074604
v -11.020769 30.336552 34.281502
v -23.038307 22.427860 34.074604
v -11.020769 30.336552 33.867702
v -10.906001 30.164402 33.782001
v -22.990770 22.356552 33.867702
v -22.876001 22.184401 33.782001
v -10.906001 30.164402 34.367203
v -10.791234 29.992250 34.281502
v -10.791234 29.992250 33.867702
v -10.743696 29.920942 34.074604
v -22.761232 22.012251 33.867702
v -22.713696 21.940943 34.074604
v -22.761232 22.012251 34.281502
v -22.876001 22.184401 34.367203
v -22.990770 22.356552 34.281502
v -10.859892 30.189732 -1.968400
v -10.859892 30.189732 -1.935150
v -8.432692 28.571600 -1.968400
v -10.985309 30.001604 -1.968400
v -8.432692 28.571600 -1.935150
v -8.414248 28.599266 -1.935150
v -8.432692 28.571600 6.922650
v -8.405026 28.553154 -1.935150
v -8.558110 28.383472 -1.935150
v -10.841447 30.217398 -1.935150
v -8.414248 28.599266 6.922650
v -10.841447 30.217398 6.922650
v -10.859892 30.189732 6.922650
v -10.887556 30.208176 6.922650
v -10.859892 30.189732 6.955900
v -10.985309 30.001604 6.922650
v -8.432692 28.571600 6.955900
v -11.012975 30.020048 6.922650
v -11.012975 30.020048 -1.935150
v -10.887556 30.208176 -1.935150
v -10.985309 30.001604 -1.935150
v -11.003752 29.973938 -1.935150
v -11.003752 29.973938 6.922650
v -8.558110 28.383472 -1.968400
v -8.576553 28.355806 6.922650
v -8.558110 28.383472 6.922650
v -8.576553 28.355806 -1.935150
v -8.530445 28.365026 6.922650
v -8.558110 28.383472 6.955900
v -10.985309 30.001604 6.955900
v -8.405026 28.553154 6.922650
v -8.530445 28.365026 -1.935150
v -10.859892 30.189732 7.009100
v -10.859892 30.189732 7.042350
v -8.432692 28.571600 7.009100
v -10.985309 30.001604 7.009100
v -8.432692 28.571600 7.042350
v -8.414248 28.599266 7.042350
v -8.432692 28.571600 15.900150
v -8.405026 28.553154 7.042350
v -8.558110 28.383472 7.042350
v -10.841447 30.217398 7.042350
v -8.414248 28.599266 15.900150
v -10.841447 30.217398 15.900150
v -10.859892 30.189732 15.900150
v -10.887556 30.208176 15.900150
v -10.859892 30.189732 15.933400
v -10.985309 30.001604 15.900150
v -8.432692 28.571600 15.933400
v -11.012975 30.020048 15.900150
v -11.012975 30.020048 7.042350
v -10.887556 30.208176 7.042350
v -10.985309 30.001604 7.042350
v -11.003752 29.973938 7.042350
v -11.003752 29.973938 15.900150
v -8.558110 28.383472 7.009100
v -8.576553 28.355806 15.900150
v -8.558110 28.383472 15.900150
v -8.576553 28.355806 7.042350
v -8.530445 28.365026 15.900150
v -8.558110 28.383472 15.933400
v -10.985309 30.001604 15.933400
v -8.405026 28.553154 15.900150
v -8.530445 28.365026 7.042350
v -10.859892 30.189732 15.986601
v -10.859892 30.189732 16.019850
v -8.432692 28.571600 15.986601
v -10.985309 30.001604 15.986601
v -8.432692 28.571600 16.019850
v -8.414248 28.599266 16.019850
v -8.432692 28.571600 24.877651
v -8.405026 28.553154 16.019850
v -8.558110 28.383472 16.019850
v -10.841447 30.217398 16.019850
v -8.414248 28.599266 24.877651
v -10.841447 30.217398 24.877651
v -10.859892 30.189732 24.877651
v -10.887556 30.208176 24.877651
v -10.859892 30.189732 24.910900
v -10.985309 30.001604 24.877651
v -8.432692 28.571600 24.910900
v -11.012975 30.020048 24.877651
v -11.012975 30.020048 16.019850
v -10.887556 30.208176 16.019850
v -10.985309 30.001604 16.019850
v -11.003752 29.973938 16.019850
v -11.003752 29.973938 24.877651
v -8.558110 28.383472 15.986601
v -8.576553 28.355806 24.877651
v -8.558110 28.383472 24.877651
v -8.576553 28.355806 16.019850
v -8.530445 28.365026 24.877651
v -8.558110 28.383472 24.910900
v -10.985309 30.001604 24.910900
v -8.405026 28.553154 24.877651
v -8.530445 28.365026 16.019850
v -10.859892 30.189732 24.964102
v -10.859892 30.189732 24.997351
v -8.432692 28.571600 24.964102
v -10.985309 30.001604 24.964102
v -8.432692 28.571600 24.997351
v -8.414248 28.599266 24.997351
v -8.432692 28.571600 33.855152
v -8.405026 28.553154 24.997351
v -8.558110 28.383472 24.997351
v -10.841447 30.217398 24.997351
v -8.414248 28.599266 33.855152
v -10.841447 30.217398 33.855152
v -10.859892 30.189732 33.855152
v -10.887556 30.208176 33.855152
v -10.859892 30.189732 33.888401
v -10.985309 30.001604 33.855152
v -8.432692 28.571600 33.888401
v -11.012975 30.020048 33.855152
v -11.012975 30.020048 24.997351
v -10.887556 30.208176 24.997351
v -10.985309 30.001604 24.997351
v -11.003752 29.973938 24.997351
v -11.003752 29.973938 33.855152
v -8.558110 28.383472 24.964102
v -8.576553 28.355806 33.855152
v -8.558110 28.383472 33.855152
v -8.576553 28.355806 24.997351
v -8.530445 28.365026 33.855152
v -8.558110 28.383472 33.888401
v -10.985309 30.001604 33.888401
v -8.405026 28.553154 33.855152
v -8.530445 28.365026 24.997351
v -8.465891 28.593731 -1.968400
v -8.465891 28.593731 -1.935150
v -6.038692 26.975597 -1.968400
v -8.591309 28.405603 -1.968400
v -6.038692 26.975597 -1.935150
v -6.164110 26.787472 -1.968400
v -6.164110 26.787472 -1.935150
v -8.591309 28.405603 -1.935150
v -8.609753 28.377937 -1.935150
v -8.591309 28.405603 6.922650
v -8.618975 28.424047 -1.935150
v -8.609753 28.377937 6.922650
v -6.182553 26.759806 6.922650
v -6.164110 26.787472 6.922650
v -6.182553 26.759806 -1.935150
v -6.136444 26.769026 6.922650
v -6.164110 26.787472 6.955900
v -6.038692 26.975597 6.922650
v -8.591309 28.405603 6.955900
v -6.011026 26.957153 6.922650
v -6.011026 26.957153 -1.935150
v -6.136444 26.769026 -1.935150
v -8.465891 28.593731 6.955900
v -8.465891 28.593731 6.922650
v -6.038692 26.975597 6.955900
v -8.493556 28.612175 6.922650
v -8.447447 28.621395 6.922650
v -8.447447 28.621395 -1.935150
v -6.020248 27.003263 6.922650
v -8.618975 28.424047 6.922650
v -8.493556 28.612175 -1.935150
v -6.020248 27.003263 -1.935150
v -8.465891 28.593731 7.009100
v -8.465891 28.593731 7.042350
v -6.038692 26.975597 7.009100
v -8.591309 28.405603 7.009100
v -6.038692 26.975597 7.042350
v -6.164110 26.787472 7.009100
v -6.164110 26.787472 7.042350
v -8.591309 28.405603 7.042350
v -8.609753 28.377937 7.042350
v -8.591309 28.405603 15.900150
v -8.618975 28.424047 7.042350
v -8.609753 28.377937 15.900150
v -6.182553 26.759806 15.900150
v -6.164110 26.787472 15.900150
v -6.182553 26.759806 7.042350
v -6.136444 26.769026 15.900150
v -6.164110 26.787472 15.933400
v -6.038692 26.975597 15.900150
v -8.591309 28.405603 15.933400
v -6.011026 26.957153 15.900150
v -6.011026 26.957153 7.042350
v -6.136444 26.769026 7.042350
v -8.465891 28.593731 15.933400
v -8.465891 28.593731 15.900150
v -6.038692 26.975597 15.933400
v -8.493556 28.612175 15.900150
v -8.447447 28.621395 15.900150
v -8.447447 28.621395 7.042350
v -6.020248 27.003263 15.900150
v -8.618975 28.424047 15.900150
v -8.493556 28.612175 7.042350
v -6.020248 27.003263 7.042350
v -8.465891 28.593731 15.986601
v -8.465891 28.593731 16.019850
v -6.038692 26.975597 15.986601
v -8.591309 28.405603 15.986601
v -6.038692 26.975597 16.019850
v -6.164110 26.787472 15.986601
v -6.164110 26.787472 16.019850
v -8.591309 28.405603 16.019850
v -8.609753 28.377937 16.019850
v -8.591309 28.405603 24.877651
v -8.618975 28.424047 16.019850
v -8.609753 28.377937 24.877651
v -6.182553 26.759806 24.877651
v -6.164110 26.787472 24.877651
v -6.182553 26.759806 16.019850
v -6.136444 26.769026 24.877651
v -6.164110 26.787472 24.910900
v -6.038692 26.975597 24.877651
v -8.591309 28.405603 24.910900
v -6.011026 26.957153 24.877651
v -6.011026 26.957153 16.019850
v -6.136444 26.769026 16.019850
v -8.465891 28.593731 24.910900
v -8.465891 28.593731 24.877651
v -6.038692 26.975597 24.910900
v -8.493556 28.612175 24.877651
v -8.447447 28.621395 24.877651
v -8.447447 28.621395 16.019850
v -6.020248 27.003263 24.877651
v -8.618975 28.424047 24.877651
v -8.493556 28.612175 16.019850
v -6.020248 27.003263 16.019850
v -8.465891 28.593731 24.964102
v -8.465891 28.593731 24.997351
v -6.038692 26.975597 24.964102
v -8.591309 28.405603 24.964102
v -6.038692 26.975597 24.997351
v -6.164110 26.787472 24.964102
v -6.164110 26.787472 24.997351
v -8.591309 28.405603 24.997351
v -8.609753 28.377937 24.997351
v -8.591309 28.405603 33.855152
v -8.618975 28.424047 24.997351
v -8.609753 28.377937 33.855152
v -6.182553 26.759806 33.855152
v -6.164110 26.787472 33.855152
v -6.182553 26.759806 24.997351
v -6.136444 26.769026 33.855152
v -6.164110 26.787472 33.888401
v -6.038692 26.975597 33.855152
v -8.591309 28.405603 33.888401
v -6.011026 26.957153 33.855152
v -6.011026 26.957153 24.997351
v -6.136444 26.769026 24.997351
v -8.465891 28.593731 33.888401
v -8.465891 28.593731 33.855152
v -6.038692 26.975597 33.888401
v -8.493556 28.612175 33.855152
v -8.447447 28.621395 33.855152
v -8.447447 28.621395 24.997351
v -6.020248 27.003263 33.855152
v -8.618975 28.424047 33.855152
v -8.493556 28.612175 24.997351
v -6.020248 27.003263 24.997351
v -6.071891 26.997732 -1.968400
v -6.071891 26.997732 -1.935150
v -3.644692 25.379601 -1.968400
v -6.197309 26.809605 -1.968400
v -3.644692 25.379601 -1.935150
v -3.626248 25.407265 -1.935150
v -3.644692 25.379601 6.922650
v -3.617026 25.361155 -1.935150
v -3.770110 25.191473 -1.935150
v -3.626248 25.407265 6.922650
v -6.053447 27.025398 6.922650
v -6.071891 26.997732 6.922650
v -6.053447 27.025398 -1.935150
v -6.099556 27.016176 6.922650
v -6.071891 26.997732 6.955900
v -6.197309 26.809605 6.922650
v -3.644692 25.379601 6.955900
v -6.224974 26.828049 6.922650
v -6.224974 26.828049 -1.935150
v -6.099556 27.016176 -1.935150
v -6.197309 26.809605 -1.935150
v -6.215752 26.781939 -1.935150
v -6.215752 26.781939 6.922650
v -3.770110 25.191473 -1.968400
v -3.788553 25.163807 6.922650
v -3.770110 25.191473 6.922650
v -3.788553 25.163807 -1.935150
v -3.742444 25.173027 6.922650
v -3.770110 25.191473 6.955900
v -6.197309 26.809605 6.955900
v -3.617026 25.361155 6.922650
v -3.742444 25.173027 -1.935150
v -6.071891 26.997732 7.009100
v -6.071891 26.997732 7.042350
v -3.644692 25.379601 7.009100
v -6.197309 26.809605 7.009100
v -3.644692 25.379601 7.042350
v -3.626248 25.407265 7.042350
v -3.644692 25.379601 15.900150
v -3.617026 25.361155 7.042350
v -3.770110 25.191473 7.042350
v -3.626248 25.407265 15.900150
v -6.053447 27.025398 15.900150
v -6.071891 26.997732 15.900150
v -6.053447 27.025398 7.042350
v -6.099556 27.016176 15.900150
v -6.071891 26.997732 15.933400
v -6.197309 26.809605 15.900150
v -3.644692 25.379601 15.933400
v -6.224974 26.828049 15.900150
v -6.224974 26.828049 7.042350
v -6.099556 27.016176 7.042350
v -6.197309 26.809605 7.042350
v -6.215752 26.781939 7.042350
v -6.215752 26.781939 15.900150
v -3.770110 25.191473 7.009100
v -3.788553 25.163807 15.900150
v -3.770110 25.191473 15.900150
v -3.788553 25.163807 7.042350
v -3.742444 25.173027 15.900150
v -3.770110 25.191473 15.933400
v -6.197309 26.809605 15.933400
v -3.617026 25.361155 15.900150
v -3.742444 25.173027 7.042350
v -6.071891 26.997732 15.986601
v -6.071891 26.997732 16.019850
v -3.644692 25.379601 15.986601
v -6.197309 26.809605 15.986601
v -3.644692 25.379601 16.019850
v -3.626248 25.407265 16.019850
v -3.644692 25.379601 24.877651
v -3.617026 25.361155 16.019850
v -3.770110 25.191473 16.019850
v -3.626248 25.407265 24.877651
v -6.053447 27.025398 24.877651
v -6.071891 26.997732 24.877651
v -6.053447 27.025398 16.019850
v -6.099556 27.016176 24.877651
v -6.071891 26.997732 24.910900
v -6.197309 26.809605 24.877651
v -3.644692 25.379601 24.910900
v -6.224974 26.828049 24.877651
v -6.224974 26.828049 16.019850
v -6.099556 27.016176 16.019850
v -6.197309 26.809605 16.019850
v -6.215752 26.781939 16.019850
v -6.215752 26.781939 24.877651
v -3.770110 25.191473 15.986601
v -3.788553 25.163807 24.877651
v -3.770110 25.191473 24.877651
v -3.788553 25.163807 16.019850
v -3.742444 25.173027 24.877651
v -3.770110 25.191473 24.910900
v -6.197309 26.809605 24.910900
v -3.617026 25.361155 24.877651
v -3.742444 25.173027 16.019850
v -6.071891 26.997732 24.964102
v -6.071891 26.997732 24.997351
v -3.644692 25.379601 24.964102
v -6.197309 26.809605 24.964102
v -3.644692 25.379601 24.997351
v -3.626248 25.407265 24.997351
v -3.644692 25.379601 33.855152
v -3.617026 25.361155 24.997351
v -3.770110 25.191473 24.997351
v -3.626248 25.407265 33.855152
v -6.053447 27.025398 33.855152
v -6.071891 26.997732 33.855152
v -6.053447 27.025398 24.997351
v -6.099556 27.016176 33.855152
v -6.071891 26.997732 33.888401
v -6.197309 26.809605 33.855152
v -3.644692 25.379601 33.888401
v -6.224974 26.828049 33.855152
v -6.224974 26.828049 24.997351
v -6.099556 27.016176 24.997351
v -6.197309 26.809605 24.997351
v -6.215752 26.781939 24.997351
v -6.215752 26.781939 33.855152
v -3.770110 25.191473 24.964102
v -3.788553 25.163807 33.855152
v -3.770110 25.191473 33.855152
v -3.788553 25.163807 24.997351
v -3.742444 25.173027 33.855152
v -3.770110 25.191473 33.888401
v -6.197309 26.809605 33.888401
v -3.617026 25.361155 33.855152
v -3.742444 25.173027 24.997351
v -3.677891 25.401730 -1.968400
v -3.677891 25.401730 -1.935150
v -1.250692 23.783598 -1.968400
v -3.803308 25.213604 -1.968400
v -1.250692 23.783598 -1.935150
v -1.232248 23.811264 -1.935150
v -1.250692 23.783598 6.922650
v -1.223026 23.765154 -1.935150
v -1.376109 23.595470 -1.935150
v -1.232248 23.811264 6.922650
v -3.659447 25.429396 6.922650
v -3.677891 25.401730 6.922650
v -3.705556 25.420176 6.922650
v -3.677891 25.401730 6.955900
v -3.803308 25.213604 6.922650
v -3.659447 25.429396 -1.935150
v -1.250692 23.783598 6.955900
v -3.830974 25.232048 6.922650
v -3.830974 25.232048 -1.935150
v -3.705556 25.420176 -1.935150
v -3.803308 25.213604 -1.935150
v -3.821752 25.185938 -1.935150
v -3.821752 25.185938 6.922650
v -1.376109 23.595470 -1.968400
v -1.394553 23.567806 6.922650
v -1.376109 23.595470 6.922650
v -1.394553 23.567806 -1.935150
v -1.348444 23.577026 6.922650
v -1.376109 23.595470 6.955900
v -3.803308 25.213604 6.955900
v -1.223026 23.765154 6.922650
v -1.348444 23.577026 -1.935150
v -3.677891 25.401730 7.009100
v -3.677891 25.401730 7.042350
v -1.250692 23.783598 7.009100
v -3.803308 25.213604 7.009100
v -1.250692 23.783598 7.042350
v -1.232248 23.811264 7.042350
v -1.250692 23.783598 15.900150
v -1.223026 23.765154 7.042350
v -1.376109 23.595470 7.042350
v -1.232248 23.811264 15.900150
v -3.659447 25.429396 15.900150
v -3.677891 25.401730 15.900150
v -3.705556 25.420176 15.900150
v -3.677891 25.401730 15.933400
v -3.803308 25.213604 15.900150
v -3.659447 25.429396 7.042350
v -1.250692 23.783598 15.933400
v -3.830974 25.232048 15.900150
v -3.830974 25.232048 7.042350
v -3.705556 25.420176 7.042350
v -3.803308 25.213604 7.042350
v -3.821752 25.185938 7.042350
v -3.821752 25.185938 15.900150
v -1.376109 23.595470 7.009100
v -1.394553 23.567806 15.900150
v -1.376109 23.595470 15.900150
v -1.394553 23.567806 7.042350
v -1.348444 23.577026 15.900150
v -1.376109 23.595470 15.933400
v -3.803308 25.213604 15.933400
v -1.223026 23.765154 15.900150
v -1.348444 23.577026 7.042350
v -3.677891 25.401730 15.986601
v -3.677891 25.401730 16.019850
v -1.250692 23.783598 15.986601
v -3.803308 25.213604 15.986601
v -1.250692 23.783598 16.019850
v -1.232248 23.811264 16.019850
v -1.250692 23.783598 24.877651
v -1.223026 23.765154 16.019850
v -1.376109 23.595470 16.019850
v -1.232248 23.811264 24.877651
v -3.659447 25.429396 24.877651
v -3.677891 25.401730 24.877651
v -3.705556 25.420176 24.877651
v -3.677891 25.401730 24.910900
v -3.803308 25.213604 24.877651
v -3.659447 25.429396 16.019850
v -1.250692 23.783598 24.910900
v -3.830974 25.232048 24.877651
v -3.830974 25.232048 16.019850
v -3.705556 25.420176 16.019850
v -3.803308 25.213604 16.019850
v -3.821752 25.185938 16.019850
v -3.821752 25.185938 24.877651
v -1.376109 23.595470 15.986601
v -1.394553 23.567806 24.877651
v -1.376109 23.595470 24.877651
v -1.394553 23.567806 16.019850
v -1.348444 23.577026 24.877651
v -1.376109 23.595470 24.910900
v -3.803308 25.213604 24.910900
v -1.223026 23.765154 24.877651
v -1.348444 23.577026 16.019850
v -3.677891 25.401730 24.964102
v -3.677891 25.401730 24.997351
v -1.250692 23.783598 24.964102
v -3.803308 25.213604 24.964102
v -1.250692 23.783598 24.997351
v -1.232248 23.811264 24.997351
v -1.250692 23.783598 33.855152
v -1.223026 23.765154 24.997351
v -1.376109 23.595470 24.997351
v -1.232248 23.811264 33.855152
v -3.659447 25.429396 33.855152
v -3.677891 25.401730 33.855152
v -3.705556 25.420176 33.855152
v -3.677891 25.401730 33.888401
v -3.803308 25.213604 33.855152
v -3.659447 25.429396 24.997351
v -1.250692 23.783598 33.888401
v -3.830974 25.232048 33.855152
v -3.830974 25.232048 24.997351
v -3.705556 25.420176 24.997351
v -3.803308 25.213604 24.997351
v -3.821752 25.185938 24.997351
v -3.821752 25.185938 33.855152
v -1.376109 23.595470 24.964102
v -1.394553 23.567806 33.855152
v -1.376109 23.595470 33.855152
v -1.394553 23.567806 24.997351
v -1.348444 23.577026 33.855152
v -1.376109 23.595470 33.888401
v -3.803308 25.213604 33.888401
v -1.223026 23.765154 33.855152
v -1.348444 23.577026 24.997351
v -1.283891 23.805729 -1.968400
v -1.283891 23.805729 -1.935150
v 1.143308 22.187597 -1.968400
v -1.409308 23.617601 -1.968400
v 1.143308 22.187597 -1.935150
v 1.161752 22.215263 -1.935150
v 1.143308 22.187597 6.922650
v 1.170974 22.169153 -1.935150
v 1.017891 21.999470 -1.935150
v 1.161752 22.215263 6.922650
v -1.265447 23.833395 6.922650
v -1.283891 23.805729 6.922650
v -1.311556 23.824175 6.922650
v -1.283891 23.805729 6.955900
v -1.409308 23.617601 6.922650
v -1.265447 23.833395 -1.935150
v 1.143308 22.187597 6.955900
v -1.436974 23.636047 6.922650
v -1.436974 23.636047 -1.935150
v -1.311556 23.824175 -1.935150
v -1.409308 23.617601 -1.935150
v -1.427752 23.589935 -1.935150
v -1.427752 23.589935 6.922650
v 1.017891 21.999470 -1.968400
v 0.999447 21.971804 6.922650
v 1.017891 21.999470 6.922650
v 0.999447 21.971804 -1.935150
v 1.045556 21.981026 6.922650
v 1.017891 21.999470 6.955900
v -1.409308 23.617601 6.955900
v 1.170974 22.169153 6.922650
v 1.045556 21.981026 -1.935150
v -1.283891 23.805729 7.009100
v -1.283891 23.805729 7.042350
v 1.143308 22.187597 7.009100
v -1.409308 23.617601 7.009100
v 1.143308 22.187597 7.042350
v 1.161752 22.215263 7.042350
v 1.143308 22.187597 15.900150
v 1.170974 22.169153 7.042350
v 1.017891 21.999470 7.042350
v 1.161752 22.215263 15.900150
v -1.265447 23.833395 15.900150
v -1.283891 23.805729 15.900150
v -1.311556 23.824175 15.900150
v -1.283891 23.805729 15.933400
v -1.409308 23.617601 15.900150
v -1.265447 23.833395 7.042350
v 1.143308 22.187597 15.933400
v -1.436974 23.636047 15.900150
v -1.436974 23.636047 7.042350
v -1.311556 23.824175 7.042350
v -1.409308 23.617601 7.042350
v -1.427752 23.589935 7.042350
v -1.427752 23.589935 15.900150
v 1.017891 21.999470 7.009100
v 0.999447 21.971804 15.900150
v 1.017891 21.999470 15.900150
v 0.999447 21.971804 7.042350
v 1.045556 21.981026 15.900150
v 1.017891 21.999470 15.933400
v -1.409308 23.617601 15.933400
v 1.170974 22.169153 15.900150
v 1.045556 21.981026 7.042350
v -1.283891 23.805729 15.986601
v -1.283891 23.805729 16.019850
v 1.143308 22.187597 15.986601
v -1.409308 23.617601 15.986601
v 1.143308 22.187597 16.019850
v 1.161752 22.215263 16.019850
v 1.143308 22.187597 24.877651
v 1.170974 22.169153 16.019850
v 1.017891 21.999470 16.019850
v 1.161752 22.215263 24.877651
v -1.265447 23.833395 24.877651
v -1.283891 23.805729 24.877651
v -1.311556 23.824175 24.877651
v -1.283891 23.805729 24.910900
v -1.409308 23.617601 24.877651
v -1.265447 23.833395 16.019850
v 1.143308 22.187597 24.910900
v -1.436974 23.636047 24.877651
v -1.436974 23.636047 16.019850
v -1.311556 23.824175 16.019850
v -1.409308 23.617601 16.019850
v -1.427752 23.589935 16.019850
v -1.427752 23.589935 24.877651
v 1.017891 21.999470 15.986601
v 0.999447 21.971804 24.877651
v 1.017891 21.999470 24.877651
v 0.999447 21.971804 16.019850
v 1.045556 21.981026 24.877651
v 1.017891 21.999470 24.910900
v -1.409308 23.617601 24.910900
v 1.170974 22.169153 24.877651
v 1.045556 21.981026 16.019850
v -1.283891 23.805729 24.964102
v -1.283891 23.805729 24.997351
v 1.143308 22.187597 24.964102
v -1.409308 23.617601 24.964102
v 1.143308 22.187597 24.997351
v 1.161752 22.215263 24.997351
v 1.143308 22.187597 33.855152
v 1.170974 22.169153 24.997351
v 1.017891 21.999470 24.997351
v 1.161752 22.215263 33.855152
v -1.265447 23.833395 33.855152
v -1.283891 23.805729 33.855152
v -1.311556 23.824175 33.855152
v -1.283891 23.805729 33.888401
v -1.409308 23.617601 33.855152
v -1.265447 23.833395 24.997351
v 1.143308 22.187597 33.888401
v -1.436974 23.636047 33.855152
v -1.436974 23.636047 24.997351
v -1.311556 23.824175 24.997351
v -1.409308 23.617601 24.997351
v -1.427752 23.589935 24.997351
v -1.427752 23.589935 33.855152
v 1.017891 21.999470 24.964102
v 0.999447 21.971804 33.855152
v 1.017891 21.999470 33.855152
v 0.999447 21.971804 24.997351
v 1.045556 21.981026 33.855152
v 1.017891 21.999470 33.888401
v -1.409308 23.617601 33.888401
v 1.170974 22.169153 33.855152
v 1.045556 21.981026 24.997351
v -10.826693 30.001604 -1.968400
v -10.826693 30.001604 -1.935150
v -13.253892 28.383472 -1.968400
v -10.952109 30.189732 -1.968400
v -13.253892 28.383472 -1.935150
v -13.379309 28.571600 -1.968400
v -13.379309 28.571600 -1.935150
v -10.952109 30.189732 -1.935150
v -10.970554 30.217398 -1.935150
v -10.952109 30.189732 6.922650
v -10.924445 30.208176 -1.935150
v -10.970554 30.217398 6.922650
v -10.799026 30.020048 -1.935150
v -10.799026 30.020048 6.922650
v -10.924445 30.208176 6.922650
v -10.826693 30.001604 6.922650
v -10.808249 29.973938 6.922650
v -13.253892 28.383472 6.922650
v -10.826693 30.001604 6.955900
v -10.808249 29.973938 -1.935150
v -13.235447 28.355806 6.922650
v -13.253892 28.383472 6.955900
v -13.379309 28.571600 6.955900
v -13.379309 28.571600 6.922650
v -10.952109 30.189732 6.955900
v -13.406975 28.553154 6.922650
v -13.397753 28.599266 6.922650
v -13.397753 28.599266 -1.935150
v -13.406975 28.553154 -1.935150
v -13.281557 28.365026 6.922650
v -13.281557 28.365026 -1.935150
v -13.235447 28.355806 -1.935150
v -10.826693 30.001604 7.009100
v -10.826693 30.001604 7.042350
v -13.253892 28.383472 7.009100
v -10.952109 30.189732 7.009100
v -13.253892 28.383472 7.042350
v -13.379309 28.571600 7.009100
v -13.379309 28.571600 7.042350
v -10.952109 30.189732 7.042350
v -10.970554 30.217398 7.042350
v -10.952109 30.189732 15.900150
v -10.924445 30.208176 7.042350
v -10.970554 30.217398 15.900150
v -10.799026 30.020048 7.042350
v -10.799026 30.020048 15.900150
v -10.924445 30.208176 15.900150
v -10.826693 30.001604 15.900150
v -10.808249 29.973938 15.900150
v -13.253892 28.383472 15.900150
v -10.826693 30.001604 15.933400
v -10.808249 29.973938 7.042350
v -13.235447 28.355806 15.900150
v -13.253892 28.383472 15.933400
v -13.379309 28.571600 15.933400
v -13.379309 28.571600 15.900150
v -10.952109 30.189732 15.933400
v -13.406975 28.553154 15.900150
v -13.397753 28.599266 15.900150
v -13.397753 28.599266 7.042350
v -13.406975 28.553154 7.042350
v -13.281557 28.365026 15.900150
v -13.281557 28.365026 7.042350
v -13.235447 28.355806 7.042350
v -10.826693 30.001604 15.986601
v -10.826693 30.001604 16.019850
v -13.253892 28.383472 15.986601
v -10.952109 30.189732 15.986601
v -13.253892 28.383472 16.019850
v -13.379309 28.571600 15.986601
v -13.379309 28.571600 16.019850
v -10.952109 30.189732 16.019850
v -10.970554 30.217398 16.019850
v -10.952109 30.189732 24.877651
v -10.924445 30.208176 16.019850
v -10.970554 30.217398 24.877651
v -10.799026 30.020048 16.019850
v -10.799026 30.020048 24.877651
v -10.924445 30.208176 24.877651
v -10.826693 30.001604 24.877651
v -10.808249 29.973938 24.877651
v -13.253892 28.383472 24.877651
v -10.826693 30.001604 24.910900
v -10.808249 29.973938 16.019850
v -13.235447 28.355806 24.877651
v -13.253892 28.383472 24.910900
v -13.379309 28.571600 24.910900
v -13.379309 28.571600 24.877651
v -10.952109 30.189732 24.910900
v -13.406975 28.553154 24.877651
v -13.397753 28.599266 24.877651
v -13.397753 28.599266 16.019850
v -13.406975 28.553154 16.019850
v -13.281557 28.365026 24.877651
v -13.281557 28.365026 16.019850
v -13.235447 28.355806 16.019850
v -10.826693 30.001604 24.964102
v -10.826693 30.001604 24.997351
v -13.253892 28.383472 24.964102
v -10.952109 30.189732 24.964102
v -13.253892 28.383472 24.997351
v -13.379309 28.571600 24.964102
v -13.379309 28.571600 24.997351
v -10.952109 30.189732 24.997351
v -10.970554 30.217398 24.997351
v -10.952109 30.189732 33.855152
v -10.924445 30.208176 24.997351
v -10.970554 30.217398 33.855152
v -10.799026 30.020048 24.997351
v -10.799026 30.020048 33.855152
v -10.924445 30.208176 33.855152
v -10.826693 30.001604 33.855152
v -10.808249 29.973938 33.855152
v -13.253892 28.383472 33.855152
v -10.826693 30.001604 33.888401
v -10.808249 29.973938 24.997351
v -13.235447 28.355806 33.855152
v -13.253892 28.383472 33.888401
v -13.379309 28.571600 33.888401
v -13.379309 28.571600 33.855152
v -10.952109 30.189732 33.888401
v -13.406975 28.553154 33.855152
v -13.397753 28.599266 33.855152
v -13.397753 28.599266 24.997351
v -13.406975 28.553154 24.997351
v -13.281557 28.365026 33.855152
v -13.281557 28.365026 24.997351
v -13.235447 28.355806 24.997351
v -13.220692 28.405603 -1.968400
v -13.220692 28.405603 -1.935150
v -15.647891 26.787472 -1.968400
v -13.346108 28.593731 -1.968400
v -15.647891 26.787472 -1.935150
v -15.773308 26.975597 -1.968400
v -15.773308 26.975597 -1.935150
v -13.346108 28.593731 -1.935150
v -13.364553 28.621395 -1.935150
v -13.346108 28.593731 6.922650
v -13.318444 28.612175 -1.935150
v -13.364553 28.621395 6.922650
v -13.193026 28.424047 -1.935150
v -13.193026 28.424047 6.922650
v -13.318444 28.612175 6.922650
v -13.220692 28.405603 6.922650
v -13.202249 28.377937 6.922650
v -15.647891 26.787472 6.922650
v -13.220692 28.405603 6.955900
v -13.202249 28.377937 -1.935150
v -15.629446 26.759806 6.922650
v -15.647891 26.787472 6.955900
v -15.773308 26.975597 6.955900
v -15.773308 26.975597 6.922650
v -13.346108 28.593731 6.955900
v -15.800974 26.957153 6.922650
v -15.791752 27.003263 6.922650
v -15.791752 27.003263 -1.935150
v -15.800974 26.957153 -1.935150
v -15.675556 26.769026 6.922650
v -15.675556 26.769026 -1.935150
v -15.629446 26.759806 -1.935150
v -13.220692 28.405603 7.009100
v -13.220692 28.405603 7.042350
v -15.647891 26.787472 7.009100
v -13.346108 28.593731 7.009100
v -15.647891 26.787472 7.042350
v -15.773308 26.975597 7.009100
v -15.773308 26.975597 7.042350
v -13.346108 28.593731 7.042350
v -13.364553 28.621395 7.042350
v -13.346108 28.593731 15.900150
v -13.318444 28.612175 7.042350
v -13.364553 28.621395 15.900150
v -13.193026 28.424047 7.042350
v -13.193026 28.424047 15.900150
v -13.318444 28.612175 15.900150
v -13.220692 28.405603 15.900150
v -13.202249 28.377937 15.900150
v -15.647891 26.787472 15.900150
v -13.220692 28.405603 15.933400
v -13.202249 28.377937 7.042350
v -15.629446 26.759806 15.900150
v -15.647891 26.787472 15.933400
v -15.773308 26.975597 15.933400
v -15.773308 26.975597 15.900150
v -13.346108 28.593731 15.933400
v -15.800974 26.957153 15.900150
v -15.791752 27.003263 15.900150
v -15.791752 27.003263 7.042350
v -15.800974 26.957153 7.042350
v -15.675556 26.769026 15.900150
v -15.675556 26.769026 7.042350
v -15.629446 26.759806 7.042350
v -13.220692 28.405603 15.986601
v -13.220692 28.405603 16.019850
v -15.647891 26.787472 15.986601
v -13.346108 28.593731 15.986601
v -15.647891 26.787472 16.019850
v -15.773308 26.975597 15.986601
v -15.773308 26.975597 16.019850
v -13.346108 28.593731 16.019850
v -13.364553 28.621395 16.019850
v -13.346108 28.593731 24.877651
v -13.318444 28.612175 16.019850
v -13.364553 28.621395 24.877651
v -13.193026 28.424047 16.019850
v -13.193026 28.424047 24.877651
v -13.318444 28.612175 24.877651
v -13.220692 28.405603 24.877651
v -13.202249 28.377937 24.877651
v -15.647891 26.787472 24.877651
v -13.220692 28.405603 24.910900
v -13.202249 28.377937 16.019850
v -15.629446 26.759806 24.877651
v -15.647891 26.787472 24.910900
v -15.773308 26.975597 24.910900
v -15.773308 26.975597 24.877651
v -13.346108 28.593731 24.910900
v -15.800974 26.957153 24.877651
v -15.791752 27.003263 24.877651
v -15.791752 27.003263 16.019850
v -15.800974 26.957153 16.019850
v -15.675556 26.769026 24.877651
v -15.675556 26.769026 16.019850
v -15.629446 26.759806 16.019850
v -13.220692 28.405603 24.964102
v -13.220692 28.405603 24.997351
v -15.647891 26.787472 24.964102
v -13.346108 28.593731 24.964102
v -15.647891 26.787472 24.997351
v -15.773308 26.975597 24.964102
v -15.773308 26.975597 24.997351
v -13.346108 28.593731 24.997351
v -13.364553 28.621395 24.997351
v -13.346108 28.593731 33.855152
v -13.318444 28.612175 24.997351
v -13.364553 28.621395 33.855152
v -13.193026 28.424047 24.997351
v -13.193026 28.424047 33.855152
v -13.318444 28.612175 33.855152
v -13.220692 28.405603 33.855152
v -13.202249 28.377937 33.855152
v -15.647891 26.787472 33.855152
v -13.220692 28.405603 33.888401
v -13.202249 28.377937 24.997351
v -15.629446 26.759806 33.855152
v -15.647891 26.787472 33.888401
v -15.773308 26.975597 33.888401
v -15.773308 26.975597 33.855152
v -13.346108 28.593731 33.888401
v -15.800974 26.957153 33.855152
v -15.791752 27.003263 33.855152
v -15.791752 27.003263 24.997351
v -15.800974 26.957153 24.997351
v -15.675556 26.769026 33.855152
v -15.675556 26.769026 24.997351
v -15.629446 26.759806 24.997351
v -15.614693 26.809605 -1.968400
v -15.614693 26.809605 -1.935150
v -18.041891 25.191473 -1.968400
v -15.740110 26.997732 -1.968400
v -18.041891 25.191473 -1.935150
v -18.023447 25.163807 -1.935150
v -18.041891 25.191473 6.922650
v -18.069555 25.173027 -1.935150
v -18.167309 25.379601 -1.935150
v -15.596249 26.781939 -1.935150
v -18.023447 25.163807 6.922650
v -18.194975 25.361155 -1.935150
v -18.194975 25.361155 6.922650
v -18.069555 25.173027 6.922650
v -18.167309 25.379601 6.922650
v -18.185751 25.407265 6.922650
v -18.167309 25.379601 6.955900
v -15.740110 26.997732 6.922650
v -18.185751 25.407265 -1.935150
v -15.740110 26.997732 6.955900
v -15.614693 26.809605 6.955900
v -15.614693 26.809605 6.922650
v -18.041891 25.191473 6.955900
v -15.587027 26.828049 6.922650
v -15.596249 26.781939 6.922650
v -15.587027 26.828049 -1.935150
v -15.712444 27.016176 6.922650
v -15.712444 27.016176 -1.935150
v -15.740110 26.997732 -1.935150
v -15.758554 27.025398 -1.935150
v -15.758554 27.025398 6.922650
v -18.167309 25.379601 -1.968400
v -15.614693 26.809605 7.009100
v -15.614693 26.809605 7.042350
v -18.041891 25.191473 7.009100
v -15.740110 26.997732 7.009100
v -18.041891 25.191473 7.042350
v -18.023447 25.163807 7.042350
v -18.041891 25.191473 15.900150
v -18.069555 25.173027 7.042350
v -18.167309 25.379601 7.042350
v -15.596249 26.781939 7.042350
v -18.023447 25.163807 15.900150
v -18.194975 25.361155 7.042350
v -18.194975 25.361155 15.900150
v -18.069555 25.173027 15.900150
v -18.167309 25.379601 15.900150
v -18.185751 25.407265 15.900150
v -18.167309 25.379601 15.933400
v -15.740110 26.997732 15.900150
v -18.185751 25.407265 7.042350
v -15.740110 26.997732 15.933400
v -15.614693 26.809605 15.933400
v -15.614693 26.809605 15.900150
v -18.041891 25.191473 15.933400
v -15.587027 26.828049 15.900150
v -15.596249 26.781939 15.900150
v -15.587027 26.828049 7.042350
v -15.712444 27.016176 15.900150
v -15.712444 27.016176 7.042350
v -15.740110 26.997732 7.042350
v -15.758554 27.025398 7.042350
v -15.758554 27.025398 15.900150
v -18.167309 25.379601 7.009100
v -15.614693 26.809605 15.986601
v -15.614693 26.809605 16.019850
v -18.041891 25.191473 15.986601
v -15.740110 26.997732 15.986601
v -18.041891 25.191473 16.019850
v -18.023447 25.163807 16.019850
v -18.041891 25.191473 24.877651
v -18.069555 25.173027 16.019850
v -18.167309 25.379601 16.019850
v -15.596249 26.781939 16.019850
v -18.023447 25.163807 24.877651
v -18.194975 25.361155 16.019850
v -18.194975 25.361155 24.877651
v -18.069555 25.173027 24.877651
v -18.167309 25.379601 24.877651
v -18.185751 25.407265 24.877651
v -18.167309 25.379601 24.910900
v -15.740110 26.997732 24.877651
v -18.185751 25.407265 16.019850
v -15.740110 26.997732 24.910900
v -15.614693 26.809605 24.910900
v -15.614693 26.809605 24.877651
v -18.041891 25.191473 24.910900
v -15.587027 26.828049 24.877651
v -15.596249 26.781939 24.877651
v -15.587027 26.828049 16.019850
v -15.712444 27.016176 24.877651
v -15.712444 27.016176 16.019850
v -15.740110 26.997732 16.019850
v -15.758554 27.025398 16.019850
v -15.758554 27.025398 24.877651
v -18.167309 25.379601 15.986601
v -15.614693 26.809605 24.964102
v -15.614693 26.809605 24.997351
v -18.041891 25.191473 24.964102
v -15.740110 26.997732 24.964102
v -18.041891 25.191473 24.997351
v -18.023447 25.163807 24.997351
v -18.041891 25.191473 33.855152
v -18.069555 25.173027 24.997351
v -18.167309 25.379601 24.997351
v -15.596249 26.781939 24.997351
v -18.023447 25.163807 33.855152
v -18.194975 25.361155 24.997351
v -18.194975 25.361155 33.855152
v -18.069555 25.173027 33.855152
v -18.167309 25.379601 33.855152
v -18.185751 25.407265 33.855152
v -18.167309 25.379601 33.888401
v -15.740110 26.997732 33.855152
v -18.185751 25.407265 24.997351
v -15.740110 26.997732 33.888401
v -15.614693 26.809605 33.888401
v -15.614693 26.809605 33.855152
v -18.041891 25.191473 33.888401
v -15.587027 26.828049 33.855152
v -15.596249 26.781939 33.855152
v -15.587027 26.828049 24.997351
v -15.712444 27.016176 33.855152
v -15.712444 27.016176 24.997351
v -15.740110 26.997732 24.997351
v -15.758554 27.025398 24.997351
v -15.758554 27.025398 33.855152
v -18.167309 25.379601 24.964102
v -18.008692 25.213604 -1.968400
v -18.008692 25.213604 -1.935150
v -20.435892 23.595470 -1.968400
v -18.134109 25.401730 -1.968400
v -20.435892 23.595470 -1.935150
v -20.561308 23.783598 -1.968400
v -20.561308 23.783598 -1.935150
v -18.134109 25.401730 -1.935150
v -18.152554 25.429396 -1.935150
v -18.134109 25.401730 6.922650
v -18.106445 25.420176 -1.935150
v -18.152554 25.429396 6.922650
v -17.981026 25.232048 -1.935150
v -17.981026 25.232048 6.922650
v -18.106445 25.420176 6.922650
v -18.008692 25.213604 6.922650
v -17.990250 25.185938 6.922650
v -20.435892 23.595470 6.922650
v -18.008692 25.213604 6.955900
v -17.990250 25.185938 -1.935150
v -20.417446 23.567806 6.922650
v -20.435892 23.595470 6.955900
v -20.561308 23.783598 6.955900
v -20.561308 23.783598 6.922650
v -18.134109 25.401730 6.955900
v -20.588974 23.765154 6.922650
v -20.579752 23.811264 6.922650
v -20.579752 23.811264 -1.935150
v -20.588974 23.765154 -1.935150
v -20.463556 23.577026 6.922650
v -20.463556 23.577026 -1.935150
v -20.417446 23.567806 -1.935150
v -18.008692 25.213604 7.009100
v -18.008692 25.213604 7.042350
v -20.435892 23.595470 7.009100
v -18.134109 25.401730 7.009100
v -20.435892 23.595470 7.042350
v -20.561308 23.783598 7.009100
v -20.561308 23.783598 7.042350
v -18.134109 25.401730 7.042350
v -18.152554 25.429396 7.042350
v -18.134109 25.401730 15.900150
v -18.106445 25.420176 7.042350
v -18.152554 25.429396 15.900150
v -17.981026 25.232048 7.042350
v -17.981026 25.232048 15.900150
v -18.106445 25.420176 15.900150
v -18.008692 25.213604 15.900150
v -17.990250 25.185938 15.900150
v -20.435892 23.595470 15.900150
v -18.008692 25.213604 15.933400
v -17.990250 25.185938 7.042350
v -20.417446 23.567806 15.900150
v -20.435892 23.595470 15.933400
v -20.561308 23.783598 15.933400
v -20.561308 23.783598 15.900150
v -18.134109 25.401730 15.933400
v -20.588974 23.765154 15.900150
v -20.579752 23.811264 15.900150
v -20.579752 23.811264 7.042350
v -20.588974 23.765154 7.042350
v -20.463556 23.577026 15.900150
v -20.463556 23.577026 7.042350
v -20.417446 23.567806 7.042350
v -18.008692 25.213604 15.986601
v -18.008692 25.213604 16.019850
v -20.435892 23.595470 15.986601
v -18.134109 25.401730 15.986601
v -20.435892 23.595470 16.019850
v -20.561308 23.783598 15.986601
v -20.561308 23.783598 16.019850
v -18.134109 25.401730 16.019850
v -18.152554 25.429396 16.019850
v -18.134109 25.401730 24.877651
v -18.106445 25.420176 16.019850
v -18.152554 25.429396 24.877651
v -17.981026 25.232048 16.019850
v -17.981026 25.232048 24.877651
v -18.106445 25.420176 24.877651
v -18.008692 25.213604 24.877651
v -17.990250 25.185938 24.877651
v -20.435892 23.595470 24.877651
v -18.008692 25.213604 24.910900
v -17.990250 25.185938 16.019850
v -20.417446 23.567806 24.877651
v -20.435892 23.595470 24.910900
v -20.561308 23.783598 24.910900
v -20.561308 23.783598 24.877651
v -18.134109 25.401730 24.910900
v -20.588974 23.765154 24.877651
v -20.579752 23.811264 24.877651
v -20.579752 23.811264 16.019850
v -20.588974 23.765154 16.019850
v -20.463556 23.577026 24.877651
v -20.463556 23.577026 16.019850
v -20.417446 23.567806 16.019850
v -18.008692 25.213604 24.964102
v -18.008692 25.213604 24.997351
v -20.435892 23.595470 24.964102
v -18.134109 25.401730 24.964102
v -20.435892 23.595470 24.997351
v -20.561308 23.783598 24.964102
v -20.561308 23.783598 24.997351
v -18.134109 25.401730 24.997351
v -18.152554 25.429396 24.997351
v -18.134109 25.401730 33.855152
v -18.106445 25.420176 24.997351
v -18.152554 25.429396 33.855152
v -17.981026 25.232048 24.997351
v -17.981026 25.232048 33.855152
v -18.106445 25.420176 33.855152
v -18.008692 25.213604 33.855152
v -17.990250 25.185938 33.855152
v -20.435892 23.595470 33.855152
v -18.008692 25.213604 33.888401
v -17.990250 25.185938 24.997351
v -20.417446 23.567806 33.855152
v -20.435892 23.595470 33.888401
v -20.561308 23.783598 33.888401
v -20.561308 23.783598 33.855152
v -18.134109 25.401730 33.888401
v -20.588974 23.765154 33.855152
v -20.579752 23.811264 33.855152
v -20.579752 23.811264 24.997351
v -20.588974 23.765154 24.997351
v -20.463556 23.577026 33.855152
v -20.463556 23.577026 24.997351
v -20.417446 23.567806 24.997351
v -20.402691 23.617601 -1.968400
v -20.402691 23.617601 -1.935150
v -22.829891 21.999470 -1.968400
v -20.528109 23.805729 -1.968400
v -22.829891 21.999470 -1.935150
v -22.955309 22.187597 -1.968400
v -22.955309 22.187597 -1.935150
v -20.528109 23.805729 -1.935150
v -20.546553 23.833395 -1.935150
v -20.528109 23.805729 6.922650
v -20.500444 23.824175 -1.935150
v -20.546553 23.833395 6.922650
v -22.973751 22.215263 -1.935150
v -20.375025 23.636047 -1.935150
v -20.375025 23.636047 6.922650
v -20.500444 23.824175 6.922650
v -20.402691 23.617601 6.922650
v -20.384249 23.589935 6.922650
v -22.829891 21.999470 6.922650
v -20.402691 23.617601 6.955900
v -20.384249 23.589935 -1.935150
v -22.811445 21.971804 6.922650
v -22.829891 21.999470 6.955900
v -22.955309 22.187597 6.955900
v -22.955309 22.187597 6.922650
v -20.528109 23.805729 6.955900
v -22.982973 22.169153 6.922650
v -22.973751 22.215263 6.922650
v -22.982973 22.169153 -1.935150
v -22.857557 21.981026 6.922650
v -22.857557 21.981026 -1.935150
v -22.811445 21.971804 -1.935150
v -20.402691 23.617601 7.009100
v -20.402691 23.617601 7.042350
v -22.829891 21.999470 7.009100
v -20.528109 23.805729 7.009100
v -22.829891 21.999470 7.042350
v -22.955309 22.187597 7.009100
v -22.955309 22.187597 7.042350
v -20.528109 23.805729 7.042350
v -20.546553 23.833395 7.042350
v -20.528109 23.805729 15.900150
v -20.500444 23.824175 7.042350
v -20.546553 23.833395 15.900150
v -22.973751 22.215263 7.042350
v -20.375025 23.636047 7.042350
v -20.375025 23.636047 15.900150
v -20.500444 23.824175 15.900150
v -20.402691 23.617601 15.900150
v -20.384249 23.589935 15.900150
v -22.829891 21.999470 15.900150
v -20.402691 23.617601 15.933400
v -20.384249 23.589935 7.042350
v -22.811445 21.971804 15.900150
v -22.829891 21.999470 15.933400
v -22.955309 22.187597 15.933400
v -22.955309 22.187597 15.900150
v -20.528109 23.805729 15.933400
v -22.982973 22.169153 15.900150
v -22.973751 22.215263 15.900150
v -22.982973 22.169153 7.042350
v -22.857557 21.981026 15.900150
v -22.857557 21.981026 7.042350
v -22.811445 21.971804 7.042350
v -20.402691 23.617601 15.986601
v -20.402691 23.617601 16.019850
v -22.829891 21.999470 15.986601
v -20.528109 23.805729 15.986601
v -22.829891 21.999470 16.019850
v -22.955309 22.187597 15.986601
v -22.955309 22.187597 16.019850
v -20.528109 23.805729 16.019850
v -20.546553 23.833395 16.019850
v -20.528109 23.805729 24.877651
v -20.500444 23.824175 16.019850
v -20.546553 23.833395 24.877651
v -22.973751 22.215263 16.019850
v -20.375025 23.636047 16.019850
v -20.375025 23.636047 24.877651
v -20.500444 23.824175 24.877651
v -20.402691 23.617601 24.877651
v -20.384249 23.589935 24.877651
v -22.829891 21.999470 24.877651
v -20.402691 23.617601 24.910900
v -20.384249 23.589935 16.019850
v -22.811445 21.971804 24.877651
v -22.829891 21.999470 24.910900
v -22.955309 22.187597 24.910900
v -22.955309 22.187597 24.877651
v -20.528109 23.805729 24.910900
v -22.982973 22.169153 24.877651
v -22.973751 22.215263 24.877651
v -22.982973 22.169153 16.019850
v -22.857557 21.981026 24.877651
v -22.857557 21.981026 16.019850
v -22.811445 21.971804 16.019850
v -20.402691 23.617601 24.964102
v -20.402691 23.617601 24.997351
v -22.829891 21.999470 24.964102
v -20.528109 23.805729 24.964102
v -22.829891 21.999470 24.997351
v -22.955309 22.187597 24.964102
v -22.955309 22.187597 24.997351
v -20.528109 23.805729 24.997351
v -20.546553 23.833395 24.997351
v -20.528109 23.805729 33.855152
v -20.500444 23.824175 24.997351
v -20.546553 23.833395 33.855152
v -22.973751 22.215263 24.997351
v -20.375025 23.636047 24.997351
v -20.375025 23.636047 33.855152
v -20.500444 23.824175 33.855152
v -20.402691 23.617601 33.855152
v -20.384249 23.589935 33.855152
v -22.829891 21.999470 33.855152
v -20.402691 23.617601 33.888401
v -20.384249 23.589935 24.997351
v -22.811445 21.971804 33.855152
v -22.829891 21.999470 33.888401
v -22.955309 22.187597 33.888401
v -22.955309 22.187597 33.855152
v -20.528109 23.805729 33.888401
v -22.982973 22.169153 33.855152
v -22.973751 22.215263 33.855152
v -22.982973 22.169153 24.997351
v -22.857557 21.981026 33.855152
v -22.857557 21.981026 24.997351
v -22.811445 21.971804 24.997351
v -10.653300 30.084602 -2.394000
v -10.653300 30.084602 -2.314200
v -11.158700 30.084602 -2.394000
v -10.653300 30.457001 -2.394000
v -11.158700 30.084602 -2.314200
v -11.158700 30.004801 -2.314200
v -11.158700 30.084602 34.234200
v -11.238500 30.084602 -2.314200
v -11.158700 30.457001 -2.314200
v -11.158700 30.004801 34.234200
v -11.238500 30.457001 -2.314200
v -11.238500 30.457001 34.234200
v -11.238500 30.084602 34.234200
v -11.158700 30.457001 34.234200
v -11.158700 30.536802 34.234200
v -11.158700 30.457001 34.313999
v -10.653300 30.457001 34.234200
v -11.158700 30.536802 -2.314200
v -10.653300 30.457001 34.313999
v -10.653300 30.084602 34.313999
v -10.653300 30.084602 34.234200
v -11.158700 30.084602 34.313999
v -10.573500 30.084602 34.234200
v -10.653300 30.004801 34.234200
v -10.653300 30.004801 -2.314200
v -10.573500 30.457001 34.234200
v -10.573500 30.457001 -2.314200
v -10.573500 30.084602 -2.314200
v -10.653300 30.457001 -2.314200
v -10.653300 30.536802 -2.314200
v -10.653300 30.536802 34.234200
v -11.158700 30.457001 -2.394000
vn -0.0000 -0.0000 -1.0000
vn -0.0000 -0.0000 1.0000
vn -0.0000 -1.0000 -0.0000
vn -1.0000 -0.0000 -0.0000
vn -0.5547 0.8321 -0.0000
vn 0.5547 0.8321 -0.0000
vn 1.0000 -0.0000 -0.0000
vn -0.8320 0.5547 -0.0000
vn 0.5125 0.7687 -0.3827
vn 0.5125 0.7687 0.3827
vn 0.2123 0.3184 0.9239
vn -0.8321 0.5547 -0.0000
vn -0.2123 -0.3184 -0.9239
vn -0.5125 -0.7687 -0.3827
vn -0.5125 -0.7687 0.3827
vn -0.2123 -0.3184 0.9239
vn 0.8321 -0.5547 -0.0000
vn 0.8320 -0.5547 -0.0000
vn 0.2123 0.3184 -0.9239
vn 0.8320 0.5547 -0.0000
vn -0.5125 0.7687 0.3827
vn -0.5125 0.7687 -0.3827
vn 0.2123 -0.3184 0.9239
vn 0.5125 -0.7687 0.3827
vn 0.8321 0.5547 -0.0000
vn 0.2123 -0.3184 -0.9239
vn -0.2123 0.3184 -0.9239
vn -0.8320 -0.5547 -0.0000
vn 0.5125 -0.7687 -0.3827
vn -0.8321 -0.5547 -0.0000
vn -0.2123 0.3184 0.9239
vn 0.5547 0.8320 -0.0000
vn -0.8320 0.5548 -0.0000
vn -0.5546 -0.8321 -0.0000
vn -0.5547 -0.8320 -0.0000
vn -0.8321 0.5546 -0.0000
vn -0.5547 -0.8321 -0.0000
vn 0.8321 -0.5546 -0.0000
vn -0.5548 -0.8320 -0.0000
vn 0.5548 0.8320 -0.0000
vn -0.0000 0.0001 1.0000
vn 0.5546 0.8321 -0.0000
vn -0.0000 -0.0001 1.0000
vn 0.8320 -0.5548 -0.0000
vn -0.0000 -0.0001 -1.0000
vn -0.0000 0.0001 -1.0000
vn 0.5547 -0.8320 -0.0000
vn 0.5547 -0.8321 -0.0000
vn -0.5547 0.8320 -0.0000
vn 0.8320 0.5548 -0.0000
vn -0.5546 0.8321 -0.0000
vn 0.5546 -0.8321 -0.0000
vn -0.5548 0.8320 -0.0000
vn 0.5548 -0.8320 -0.0000
vn -0.8320 -0.5548 -0.0000
vn 0.8321 0.5546 -0.0000
vn -0.8321 -0.5546 -0.0000
vn -0.0000 1.0000 -0.0000
vt 0.000000 0.000000
vt 0.580294 0.419706
vt 0.750000 0.490000
vt 0.919706 0.419706
vt 1.000000 1.000000
vt 0.875000 0.500000
vt 1.000000 0.500000
vt 0.125000 0.500000
vt 0.000000 1.000000
vt 0.000000 0.500000
vt 0.510000 0.250000
vt 0.919706 0.080294
vt 0.250000 1.000000
vt 0.250000 0.500000
vt 0.125000 1.000000
vt 0.990000 0.250000
vt 0.750000 0.500000
vt 0.625000 1.000000
vt 0.625000 0.500000
vt 0.500000 0.500000
vt 0.750000 0.010000
vt 0.580294 0.080294
vt 0.375000 1.000000
vt 0.375000 0.500000
vt 0.080294 0.080294
vt 0.250000 0.010000
vt 0.490000 0.250000
vt 0.500000 1.000000
vt 0.010000 0.250000
vt 0.419706 0.419706
vt 0.250000 0.490000
vt 0.875000 1.000000
vt 0.750000 1.000000
vt 0.419706 0.080294
vt 0.080294 0.419706
s 0
usemtl FarRoof
f 4268/1627/714 4269/1627/714 4270/1627/714
f 4275/1627/715 4274/1627/715 4273/1627/715
f 4272/1627/716 4268/1627/716 4267/1627/716
f 4273/1627/717 4269/1627/717 4268/1627/717
f 4274/1627/718 4270/1627/718 4269/1627/718
f 4275/1627/719 4271/1627/719 4270/1627/719
f 4276/1627/720 4267/1627/720 4271/1627/720
f 4270/1627/714 4271/1627/714 4267/1627/714
f 4267/1627/714 4268/1627/714 4270/1627/714
f 4273/1627/715 4272/1627/715 4275/1627/715
f 4272/1627/715 4276/1627/715 4275/1627/715
f 4272/1627/716 4273/1627/716 4268/1627/716
f 4273/1627/717 4274/1627/717 4269/1627/717
f 4274/1627/718 4275/1627/718 4270/1627/718
f 4275/1627/719 4276/1627/719 4271/1627/719
f 4276/1627/720 4272/1627/720 4267/1627/720
f 4344/1627/725 4342/1627/725 4341/1627/725
f 4345/1627/745 4341/1627/745 4342/1627/745
f 4345/1627/719 4343/1627/719 4341/1627/719
f 4343/1627/714 4344/1627/714 4341/1627/714
f 4350/1627/714 4346/1627/714 4345/1627/714
f 4351/1627/730 4345/1627/730 4346/1627/730
f 4350/1627/714 4345/1627/714 4342/1627/714
f 4349/1627/731 4343/1627/731 4345/1627/731
f 4351/1627/731 4347/1627/731 4345/1627/731
f 4347/1627/719 4348/1627/719 4345/1627/719
f 4348/1627/714 4349/1627/714 4345/1627/714
f 4352/1627/715 4347/1627/715 4351/1627/715
f 4352/1627/719 4351/1627/719 4346/1627/719
f 4352/1627/715 4353/1627/715 4347/1627/715
f 4353/1627/725 4352/1627/725 4350/1627/725
f 4352/1627/745 4346/1627/745 4350/1627/745
f 4354/1627/719 4353/1627/719 4342/1627/719
f 4358/1627/715 4353/1627/715 4354/1627/715
f 4353/1627/746 4350/1627/746 4342/1627/746
f 4353/1627/745 4357/1627/745 4347/1627/745
f 4353/1627/719 4355/1627/719 4357/1627/719
f 4356/1627/725 4355/1627/725 4353/1627/725
f 4358/1627/715 4356/1627/715 4353/1627/715
f 4356/1627/747 4358/1627/747 4359/1627/747
f 4360/1627/725 4359/1627/725 4358/1627/725
f 4360/1627/721 4358/1627/721 4354/1627/721
f 4342/1627/714 4359/1627/714 4360/1627/714
f 4354/1627/745 4342/1627/745 4360/1627/745
f 4342/1627/714 4361/1627/714 4359/1627/714
f 4356/1627/748 4359/1627/748 4361/1627/748
f 4349/1627/714 4362/1627/714 4361/1627/714
f 4363/1627/749 4361/1627/749 4362/1627/749
f 4363/1627/721 4356/1627/721 4361/1627/721
f 4344/1627/721 4361/1627/721 4342/1627/721
f 4364/1627/748 4361/1627/748 4344/1627/748
f 4364/1627/750 4349/1627/750 4361/1627/750
f 4343/1627/714 4364/1627/714 4344/1627/714
f 4349/1627/730 4364/1627/730 4343/1627/730
f 4367/1627/750 4363/1627/750 4362/1627/750
f 4366/1627/715 4356/1627/715 4363/1627/715
f 4367/1627/748 4365/1627/748 4363/1627/748
f 4366/1627/715 4363/1627/715 4365/1627/715
f 4349/1627/714 4367/1627/714 4362/1627/714
f 4366/1627/751 4367/1627/751 4349/1627/751
f 4366/1627/730 4365/1627/730 4367/1627/730
f 4366/1627/715 4368/1627/715 4371/1627/715
f 4368/1627/752 4366/1627/752 4349/1627/752
f 4369/1627/730 4366/1627/730 4347/1627/730
f 4370/1627/750 4366/1627/750 4369/1627/750
f 4370/1627/748 4356/1627/748 4366/1627/748
f 4366/1627/715 4371/1627/715 4347/1627/715
f 4347/1627/753 4371/1627/753 4348/1627/753
f 4371/1627/731 4372/1627/731 4348/1627/731
f 4371/1627/731 4368/1627/731 4372/1627/731
f 4348/1627/714 4372/1627/714 4349/1627/714
f 4368/1627/750 4349/1627/750 4372/1627/750
f 4357/1627/715 4370/1627/715 4369/1627/715
f 4356/1627/721 4370/1627/721 4355/1627/721
f 4357/1627/715 4355/1627/715 4370/1627/715
f 4369/1627/731 4347/1627/731 4357/1627/731
f 4376/1627/721 4374/1627/721 4373/1627/721
f 4377/1627/745 4373/1627/745 4374/1627/745
f 4377/1627/745 4375/1627/745 4373/1627/745
f 4375/1627/714 4376/1627/714 4373/1627/714
f 4382/1627/714 4378/1627/714 4377/1627/714
f 4383/1627/730 4377/1627/730 4378/1627/730
f 4382/1627/714 4377/1627/714 4374/1627/714
f 4381/1627/730 4375/1627/730 4377/1627/730
f 4383/1627/731 4379/1627/731 4377/1627/731
f 4379/1627/719 4380/1627/719 4377/1627/719
f 4380/1627/714 4381/1627/714 4377/1627/714
f 4384/1627/715 4379/1627/715 4383/1627/715
f 4384/1627/719 4383/1627/719 4378/1627/719
f 4384/1627/715 4385/1627/715 4379/1627/715
f 4385/1627/725 4384/1627/725 4382/1627/725
f 4384/1627/745 4378/1627/745 4382/1627/745
f 4386/1627/719 4385/1627/719 4374/1627/719
f 4390/1627/715 4385/1627/715 4386/1627/715
f 4385/1627/746 4382/1627/746 4374/1627/746
f 4385/1627/719 4389/1627/719 4379/1627/719
f 4385/1627/745 4387/1627/745 4389/1627/745
f 4388/1627/721 4387/1627/721 4385/1627/721
f 4390/1627/715 4388/1627/715 4385/1627/715
f 4388/1627/747 4390/1627/747 4391/1627/747
f 4392/1627/725 4391/1627/725 4390/1627/725
f 4392/1627/721 4390/1627/721 4386/1627/721
f 4374/1627/714 4391/1627/714 4392/1627/714
f 4386/1627/753 4374/1627/753 4392/1627/753
f 4374/1627/714 4393/1627/714 4391/1627/714
f 4388/1627/752 4391/1627/752 4393/1627/752
f 4381/1627/714 4394/1627/714 4393/1627/714
f 4395/1627/725 4393/1627/725 4394/1627/725
f 4395/1627/721 4388/1627/721 4393/1627/721
f 4376/1627/725 4393/1627/725 4374/1627/725
f 4396/1627/750 4393/1627/750 4376/1627/750
f 4396/1627/748 4381/1627/748 4393/1627/748
f 4375/1627/714 4396/1627/714 4376/1627/714
f 4381/1627/731 4396/1627/731 4375/1627/731
f 4399/1627/750 4395/1627/750 4394/1627/750
f 4398/1627/715 4388/1627/715 4395/1627/715
f 4399/1627/748 4397/1627/748 4395/1627/748
f 4398/1627/715 4395/1627/715 4397/1627/715
f 4381/1627/714 4399/1627/714 4394/1627/714
f 4398/1627/730 4399/1627/730 4381/1627/730
f 4398/1627/730 4397/1627/730 4399/1627/730
f 4398/1627/715 4400/1627/715 4403/1627/715
f 4400/1627/752 4398/1627/752 4381/1627/752
f 4401/1627/730 4398/1627/730 4379/1627/730
f 4402/1627/748 4398/1627/748 4401/1627/748
f 4402/1627/750 4388/1627/750 4398/1627/750
f 4398/1627/715 4403/1627/715 4379/1627/715
f 4379/1627/753 4403/1627/753 4380/1627/753
f 4403/1627/731 4404/1627/731 4380/1627/731
f 4403/1627/731 4400/1627/731 4404/1627/731
f 4380/1627/714 4404/1627/714 4381/1627/714
f 4400/1627/750 4381/1627/750 4404/1627/750
f 4389/1627/715 4402/1627/715 4401/1627/715
f 4388/1627/725 4402/1627/725 4387/1627/725
f 4389/1627/715 4387/1627/715 4402/1627/715
f 4401/1627/731 4379/1627/731 4389/1627/731
f 4408/1627/721 4406/1627/721 4405/1627/721
f 4409/1627/719 4405/1627/719 4406/1627/719
f 4409/1627/745 4407/1627/745 4405/1627/745
f 4407/1627/714 4408/1627/714 4405/1627/714
f 4414/1627/714 4410/1627/714 4409/1627/714
f 4415/1627/730 4409/1627/730 4410/1627/730
f 4414/1627/714 4409/1627/714 4406/1627/714
f 4413/1627/731 4407/1627/731 4409/1627/731
f 4415/1627/731 4411/1627/731 4409/1627/731
f 4411/1627/719 4412/1627/719 4409/1627/719
f 4412/1627/714 4413/1627/714 4409/1627/714
f 4416/1627/715 4411/1627/715 4415/1627/715
f 4416/1627/719 4415/1627/719 4410/1627/719
f 4416/1627/715 4417/1627/715 4411/1627/715
f 4417/1627/725 4416/1627/725 4414/1627/725
f 4416/1627/745 4410/1627/745 4414/1627/745
f 4418/1627/719 4417/1627/719 4406/1627/719
f 4422/1627/754 4417/1627/754 4418/1627/754
f 4417/1627/746 4414/1627/746 4406/1627/746
f 4417/1627/753 4421/1627/753 4411/1627/753
f 4417/1627/755 4419/1627/755 4421/1627/755
f 4420/1627/725 4419/1627/725 4417/1627/725
f 4422/1627/756 4420/1627/756 4417/1627/756
f 4420/1627/747 4422/1627/747 4423/1627/747
f 4424/1627/725 4423/1627/725 4422/1627/725
f 4424/1627/721 4422/1627/721 4418/1627/721
f 4406/1627/714 4423/1627/714 4424/1627/714
f 4418/1627/753 4406/1627/753 4424/1627/753
f 4406/1627/714 4425/1627/714 4423/1627/714
f 4420/1627/752 4423/1627/752 4425/1627/752
f 4413/1627/714 4426/1627/714 4425/1627/714
f 4427/1627/725 4425/1627/725 4426/1627/725
f 4427/1627/721 4420/1627/721 4425/1627/721
f 4408/1627/725 4425/1627/725 4406/1627/725
f 4428/1627/748 4425/1627/748 4408/1627/748
f 4428/1627/750 4413/1627/750 4425/1627/750
f 4407/1627/714 4428/1627/714 4408/1627/714
f 4413/1627/730 4428/1627/730 4407/1627/730
f 4431/1627/750 4427/1627/750 4426/1627/750
f 4430/1627/715 4420/1627/715 4427/1627/715
f 4431/1627/748 4429/1627/748 4427/1627/748
f 4430/1627/715 4427/1627/715 4429/1627/715
f 4413/1627/714 4431/1627/714 4426/1627/714
f 4430/1627/730 4431/1627/730 4413/1627/730
f 4430/1627/730 4429/1627/730 4431/1627/730
f 4430/1627/715 4432/1627/715 4435/1627/715
f 4432/1627/752 4430/1627/752 4413/1627/752
f 4433/1627/730 4430/1627/730 4411/1627/730
f 4434/1627/750 4430/1627/750 4433/1627/750
f 4434/1627/750 4420/1627/750 4430/1627/750
f 4430/1627/715 4435/1627/715 4411/1627/715
f 4411/1627/753 4435/1627/753 4412/1627/753
f 4435/1627/731 4436/1627/731 4412/1627/731
f 4435/1627/731 4432/1627/731 4436/1627/731
f 4412/1627/714 4436/1627/714 4413/1627/714
f 4432/1627/750 4413/1627/750 4436/1627/750
f 4421/1627/715 4434/1627/715 4433/1627/715
f 4420/1627/721 4434/1627/721 4419/1627/721
f 4421/1627/715 4419/1627/715 4434/1627/715
f 4433/1627/757 4411/1627/757 4421/1627/757
f 4440/1627/746 4438/1627/746 4437/1627/746
f 4441/1627/753 4437/1627/753 4438/1627/753
f 4441/1627/755 4439/1627/755 4437/1627/755
f 4439/1627/714 4440/1627/714 4437/1627/714
f 4446/1627/758 4442/1627/758 4441/1627/758
f 4447/1627/730 4441/1627/730 4442/1627/730
f 4446/1627/714 4441/1627/714 4438/1627/714
f 4445/1627/730 4439/1627/730 4441/1627/730
f 4447/1627/731 4443/1627/731 4441/1627/731
f 4443/1627/719 4444/1627/719 4441/1627/719
f 4444/1627/714 4445/1627/714 4441/1627/714
f 4448/1627/756 4443/1627/756 4447/1627/756
f 4448/1627/719 4447/1627/719 4442/1627/719
f 4448/1627/715 4449/1627/715 4443/1627/715
f 4449/1627/725 4448/1627/725 4446/1627/725
f 4448/1627/745 4442/1627/745 4446/1627/745
f 4450/1627/719 4449/1627/719 4438/1627/719
f 4454/1627/715 4449/1627/715 4450/1627/715
f 4449/1627/746 4446/1627/746 4438/1627/746
f 4449/1627/719 4453/1627/719 4443/1627/719
f 4449/1627/719 4451/1627/719 4453/1627/719
f 4452/1627/749 4451/1627/749 4449/1627/749
f 4454/1627/715 4452/1627/715 4449/1627/715
f 4452/1627/747 4454/1627/747 4455/1627/747
f 4456/1627/725 4455/1627/725 4454/1627/725
f 4456/1627/721 4454/1627/721 4450/1627/721
f 4438/1627/759 4455/1627/759 4456/1627/759
f 4450/1627/753 4438/1627/753 4456/1627/753
f 4438/1627/758 4457/1627/758 4455/1627/758
f 4452/1627/752 4455/1627/752 4457/1627/752
f 4445/1627/758 4458/1627/758 4457/1627/758
f 4459/1627/725 4457/1627/725 4458/1627/725
f 4459/1627/721 4452/1627/721 4457/1627/721
f 4440/1627/725 4457/1627/725 4438/1627/725
f 4460/1627/747 4457/1627/747 4440/1627/747
f 4460/1627/752 4445/1627/752 4457/1627/752
f 4439/1627/714 4460/1627/714 4440/1627/714
f 4445/1627/731 4460/1627/731 4439/1627/731
f 4463/1627/750 4459/1627/750 4458/1627/750
f 4462/1627/715 4452/1627/715 4459/1627/715
f 4463/1627/748 4461/1627/748 4459/1627/748
f 4462/1627/715 4459/1627/715 4461/1627/715
f 4445/1627/714 4463/1627/714 4458/1627/714
f 4462/1627/730 4463/1627/730 4445/1627/730
f 4462/1627/730 4461/1627/730 4463/1627/730
f 4462/1627/754 4464/1627/754 4467/1627/754
f 4464/1627/752 4462/1627/752 4445/1627/752
f 4465/1627/751 4462/1627/751 4443/1627/751
f 4466/1627/747 4462/1627/747 4465/1627/747
f 4466/1627/752 4452/1627/752 4462/1627/752
f 4462/1627/756 4467/1627/756 4443/1627/756
f 4443/1627/753 4467/1627/753 4444/1627/753
f 4467/1627/731 4468/1627/731 4444/1627/731
f 4467/1627/731 4464/1627/731 4468/1627/731
f 4444/1627/714 4468/1627/714 4445/1627/714
f 4464/1627/750 4445/1627/750 4468/1627/750
f 4453/1627/715 4466/1627/715 4465/1627/715
f 4452/1627/725 4466/1627/725 4451/1627/725
f 4453/1627/715 4451/1627/715 4466/1627/715
f 4465/1627/731 4443/1627/731 4453/1627/731
f 4472/1627/721 4470/1627/721 4469/1627/721
f 4473/1627/745 4469/1627/745 4470/1627/745
f 4469/1627/714 4471/1627/714 4474/1627/714
f 4473/1627/719 4471/1627/719 4469/1627/719
f 4469/1627/714 4474/1627/714 4472/1627/714
f 4474/1627/750 4476/1627/750 4472/1627/750
f 4475/1627/731 4474/1627/731 4471/1627/731
f 4474/1627/748 4475/1627/748 4476/1627/748
f 4475/1627/714 4477/1627/714 4476/1627/714
f 4480/1627/749 4476/1627/749 4477/1627/749
f 4480/1627/721 4478/1627/721 4476/1627/721
f 4478/1627/747 4479/1627/747 4476/1627/747
f 4470/1627/714 4476/1627/714 4479/1627/714
f 4472/1627/725 4476/1627/725 4470/1627/725
f 4483/1627/750 4480/1627/750 4477/1627/750
f 4482/1627/715 4478/1627/715 4480/1627/715
f 4483/1627/748 4481/1627/748 4480/1627/748
f 4482/1627/715 4480/1627/715 4481/1627/715
f 4475/1627/714 4483/1627/714 4477/1627/714
f 4482/1627/751 4483/1627/751 4475/1627/751
f 4482/1627/730 4481/1627/730 4483/1627/730
f 4482/1627/715 4484/1627/715 4488/1627/715
f 4484/1627/752 4482/1627/752 4475/1627/752
f 4485/1627/730 4482/1627/730 4486/1627/730
f 4487/1627/750 4482/1627/750 4485/1627/750
f 4487/1627/748 4478/1627/748 4482/1627/748
f 4482/1627/715 4488/1627/715 4486/1627/715
f 4486/1627/753 4488/1627/753 4489/1627/753
f 4488/1627/731 4490/1627/731 4489/1627/731
f 4488/1627/730 4484/1627/730 4490/1627/730
f 4489/1627/714 4490/1627/714 4475/1627/714
f 4484/1627/752 4475/1627/752 4490/1627/752
f 4489/1627/714 4475/1627/714 4473/1627/714
f 4486/1627/719 4489/1627/719 4473/1627/719
f 4491/1627/715 4487/1627/715 4485/1627/715
f 4478/1627/721 4487/1627/721 4491/1627/721
f 4492/1627/719 4491/1627/719 4493/1627/719
f 4478/1627/725 4491/1627/725 4492/1627/725
f 4491/1627/715 4485/1627/715 4493/1627/715
f 4485/1627/731 4486/1627/731 4493/1627/731
f 4492/1627/745 4493/1627/745 4486/1627/745
f 4494/1627/719 4492/1627/719 4470/1627/719
f 4498/1627/715 4492/1627/715 4494/1627/715
f 4492/1627/746 4496/1627/746 4470/1627/746
f 4497/1627/715 4495/1627/715 4492/1627/715
f 4492/1627/725 4495/1627/725 4496/1627/725
f 4497/1627/715 4492/1627/715 4486/1627/715
f 4498/1627/715 4478/1627/715 4492/1627/715
f 4478/1627/752 4498/1627/752 4479/1627/752
f 4499/1627/725 4479/1627/725 4498/1627/725
f 4499/1627/721 4498/1627/721 4494/1627/721
f 4470/1627/714 4479/1627/714 4499/1627/714
f 4494/1627/745 4470/1627/745 4499/1627/745
f 4497/1627/731 4486/1627/731 4473/1627/731
f 4495/1627/719 4497/1627/719 4500/1627/719
f 4497/1627/730 4473/1627/730 4500/1627/730
f 4495/1627/745 4500/1627/745 4496/1627/745
f 4500/1627/714 4470/1627/714 4496/1627/714
f 4500/1627/714 4473/1627/714 4470/1627/714
f 4475/1627/731 4471/1627/731 4473/1627/731
f 4504/1627/721 4502/1627/721 4501/1627/721
f 4505/1627/745 4501/1627/745 4502/1627/745
f 4501/1627/714 4503/1627/714 4506/1627/714
f 4505/1627/719 4503/1627/719 4501/1627/719
f 4501/1627/714 4506/1627/714 4504/1627/714
f 4506/1627/750 4508/1627/750 4504/1627/750
f 4507/1627/731 4506/1627/731 4503/1627/731
f 4506/1627/748 4507/1627/748 4508/1627/748
f 4507/1627/714 4509/1627/714 4508/1627/714
f 4512/1627/725 4508/1627/725 4509/1627/725
f 4512/1627/721 4510/1627/721 4508/1627/721
f 4510/1627/750 4511/1627/750 4508/1627/750
f 4502/1627/714 4508/1627/714 4511/1627/714
f 4504/1627/725 4508/1627/725 4502/1627/725
f 4515/1627/750 4512/1627/750 4509/1627/750
f 4514/1627/715 4510/1627/715 4512/1627/715
f 4515/1627/748 4513/1627/748 4512/1627/748
f 4514/1627/715 4512/1627/715 4513/1627/715
f 4507/1627/714 4515/1627/714 4509/1627/714
f 4514/1627/730 4515/1627/730 4507/1627/730
f 4514/1627/730 4513/1627/730 4515/1627/730
f 4514/1627/715 4516/1627/715 4520/1627/715
f 4516/1627/752 4514/1627/752 4507/1627/752
f 4517/1627/731 4514/1627/731 4518/1627/731
f 4519/1627/748 4514/1627/748 4517/1627/748
f 4519/1627/750 4510/1627/750 4514/1627/750
f 4514/1627/715 4520/1627/715 4518/1627/715
f 4518/1627/753 4520/1627/753 4521/1627/753
f 4520/1627/731 4522/1627/731 4521/1627/731
f 4520/1627/730 4516/1627/730 4522/1627/730
f 4521/1627/714 4522/1627/714 4507/1627/714
f 4516/1627/752 4507/1627/752 4522/1627/752
f 4521/1627/714 4507/1627/714 4505/1627/714
f 4518/1627/719 4521/1627/719 4505/1627/719
f 4523/1627/715 4519/1627/715 4517/1627/715
f 4510/1627/725 4519/1627/725 4523/1627/725
f 4524/1627/745 4523/1627/745 4525/1627/745
f 4510/1627/721 4523/1627/721 4524/1627/721
f 4523/1627/715 4517/1627/715 4525/1627/715
f 4517/1627/730 4518/1627/730 4525/1627/730
f 4524/1627/719 4525/1627/719 4518/1627/719
f 4526/1627/719 4524/1627/719 4502/1627/719
f 4530/1627/715 4524/1627/715 4526/1627/715
f 4524/1627/721 4528/1627/721 4502/1627/721
f 4529/1627/715 4527/1627/715 4524/1627/715
f 4524/1627/725 4527/1627/725 4528/1627/725
f 4529/1627/715 4524/1627/715 4518/1627/715
f 4530/1627/715 4510/1627/715 4524/1627/715
f 4510/1627/752 4530/1627/752 4511/1627/752
f 4531/1627/725 4511/1627/725 4530/1627/725
f 4531/1627/721 4530/1627/721 4526/1627/721
f 4502/1627/714 4511/1627/714 4531/1627/714
f 4526/1627/753 4502/1627/753 4531/1627/753
f 4529/1627/731 4518/1627/731 4505/1627/731
f 4527/1627/719 4529/1627/719 4532/1627/719
f 4529/1627/730 4505/1627/730 4532/1627/730
f 4527/1627/745 4532/1627/745 4528/1627/745
f 4532/1627/714 4502/1627/714 4528/1627/714
f 4532/1627/714 4505/1627/714 4502/1627/714
f 4507/1627/730 4503/1627/730 4505/1627/730
f 4536/1627/721 4534/1627/721 4533/1627/721
f 4537/1627/719 4533/1627/719 4534/1627/719
f 4533/1627/714 4535/1627/714 4538/1627/714
f 4537/1627/745 4535/1627/745 4533/1627/745
f 4533/1627/714 4538/1627/714 4536/1627/714
f 4538/1627/748 4540/1627/748 4536/1627/748
f 4539/1627/731 4538/1627/731 4535/1627/731
f 4538/1627/750 4539/1627/750 4540/1627/750
f 4539/1627/714 4541/1627/714 4540/1627/714
f 4544/1627/725 4540/1627/725 4541/1627/725
f 4544/1627/721 4542/1627/721 4540/1627/721
f 4542/1627/750 4543/1627/750 4540/1627/750
f 4534/1627/714 4540/1627/714 4543/1627/714
f 4536/1627/725 4540/1627/725 4534/1627/725
f 4547/1627/750 4544/1627/750 4541/1627/750
f 4546/1627/754 4542/1627/754 4544/1627/754
f 4547/1627/748 4545/1627/748 4544/1627/748
f 4546/1627/756 4544/1627/756 4545/1627/756
f 4539/1627/714 4547/1627/714 4541/1627/714
f 4546/1627/730 4547/1627/730 4539/1627/730
f 4546/1627/730 4545/1627/730 4547/1627/730
f 4546/1627/715 4548/1627/715 4552/1627/715
f 4548/1627/752 4546/1627/752 4539/1627/752
f 4549/1627/730 4546/1627/730 4550/1627/730
f 4551/1627/750 4546/1627/750 4549/1627/750
f 4551/1627/750 4542/1627/750 4546/1627/750
f 4546/1627/715 4552/1627/715 4550/1627/715
f 4550/1627/753 4552/1627/753 4553/1627/753
f 4552/1627/731 4554/1627/731 4553/1627/731
f 4552/1627/730 4548/1627/730 4554/1627/730
f 4553/1627/714 4554/1627/714 4539/1627/714
f 4548/1627/752 4539/1627/752 4554/1627/752
f 4553/1627/714 4539/1627/714 4537/1627/714
f 4550/1627/719 4553/1627/719 4537/1627/719
f 4555/1627/715 4551/1627/715 4549/1627/715
f 4542/1627/721 4551/1627/721 4555/1627/721
f 4556/1627/719 4555/1627/719 4557/1627/719
f 4542/1627/725 4555/1627/725 4556/1627/725
f 4555/1627/715 4549/1627/715 4557/1627/715
f 4549/1627/731 4550/1627/731 4557/1627/731
f 4556/1627/719 4557/1627/719 4550/1627/719
f 4558/1627/719 4556/1627/719 4534/1627/719
f 4562/1627/715 4556/1627/715 4558/1627/715
f 4556/1627/721 4560/1627/721 4534/1627/721
f 4561/1627/754 4559/1627/754 4556/1627/754
f 4556/1627/725 4559/1627/725 4560/1627/725
f 4561/1627/756 4556/1627/756 4550/1627/756
f 4562/1627/715 4542/1627/715 4556/1627/715
f 4542/1627/752 4562/1627/752 4543/1627/752
f 4563/1627/725 4543/1627/725 4562/1627/725
f 4563/1627/721 4562/1627/721 4558/1627/721
f 4534/1627/714 4543/1627/714 4563/1627/714
f 4558/1627/753 4534/1627/753 4563/1627/753
f 4561/1627/731 4550/1627/731 4537/1627/731
f 4559/1627/719 4561/1627/719 4564/1627/719
f 4561/1627/730 4537/1627/730 4564/1627/730
f 4559/1627/745 4564/1627/745 4560/1627/745
f 4564/1627/714 4534/1627/714 4560/1627/714
f 4564/1627/714 4537/1627/714 4534/1627/714
f 4539/1627/730 4535/1627/730 4537/1627/730
f 4568/1627/746 4566/1627/746 4565/1627/746
f 4569/1627/719 4565/1627/719 4566/1627/719
f 4565/1627/714 4567/1627/714 4570/1627/714
f 4569/1627/719 4567/1627/719 4565/1627/719
f 4565/1627/714 4570/1627/714 4568/1627/714
f 4570/1627/750 4572/1627/750 4568/1627/750
f 4571/1627/757 4570/1627/757 4567/1627/757
f 4570/1627/750 4571/1627/750 4572/1627/750
f 4571/1627/759 4573/1627/759 4572/1627/759
f 4576/1627/725 4572/1627/725 4573/1627/725
f 4576/1627/721 4574/1627/721 4572/1627/721
f 4574/1627/750 4575/1627/750 4572/1627/750
f 4566/1627/714 4572/1627/714 4575/1627/714
f 4568/1627/725 4572/1627/725 4566/1627/725
f 4579/1627/750 4576/1627/750 4573/1627/750
f 4578/1627/715 4574/1627/715 4576/1627/715
f 4579/1627/748 4577/1627/748 4576/1627/748
f 4578/1627/715 4576/1627/715 4577/1627/715
f 4571/1627/758 4579/1627/758 4573/1627/758
f 4578/1627/730 4579/1627/730 4571/1627/730
f 4578/1627/730 4577/1627/730 4579/1627/730
f 4578/1627/754 4580/1627/754 4584/1627/754
f 4580/1627/752 4578/1627/752 4571/1627/752
f 4581/1627/751 4578/1627/751 4582/1627/751
f 4583/1627/747 4578/1627/747 4581/1627/747
f 4583/1627/752 4574/1627/752 4578/1627/752
f 4578/1627/756 4584/1627/756 4582/1627/756
f 4582/1627/753 4584/1627/753 4585/1627/753
f 4584/1627/731 4586/1627/731 4585/1627/731
f 4584/1627/730 4580/1627/730 4586/1627/730
f 4585/1627/714 4586/1627/714 4571/1627/714
f 4580/1627/752 4571/1627/752 4586/1627/752
f 4585/1627/714 4571/1627/714 4569/1627/714
f 4582/1627/719 4585/1627/719 4569/1627/719
f 4587/1627/715 4583/1627/715 4581/1627/715
f 4574/1627/725 4583/1627/725 4587/1627/725
f 4588/1627/755 4587/1627/755 4589/1627/755
f 4574/1627/749 4587/1627/749 4588/1627/749
f 4587/1627/715 4581/1627/715 4589/1627/715
f 4581/1627/730 4582/1627/730 4589/1627/730
f 4588/1627/753 4589/1627/753 4582/1627/753
f 4590/1627/719 4588/1627/719 4566/1627/719
f 4594/1627/756 4588/1627/756 4590/1627/756
f 4588/1627/721 4592/1627/721 4566/1627/721
f 4593/1627/715 4591/1627/715 4588/1627/715
f 4588/1627/725 4591/1627/725 4592/1627/725
f 4593/1627/715 4588/1627/715 4582/1627/715
f 4594/1627/754 4574/1627/754 4588/1627/754
f 4574/1627/752 4594/1627/752 4575/1627/752
f 4595/1627/725 4575/1627/725 4594/1627/725
f 4595/1627/721 4594/1627/721 4590/1627/721
f 4566/1627/714 4575/1627/714 4595/1627/714
f 4590/1627/753 4566/1627/753 4595/1627/753
f 4593/1627/731 4582/1627/731 4569/1627/731
f 4591/1627/719 4593/1627/719 4596/1627/719
f 4593/1627/730 4569/1627/730 4596/1627/730
f 4591/1627/745 4596/1627/745 4592/1627/745
f 4596/1627/759 4566/1627/759 4592/1627/759
f 4596/1627/758 4569/1627/758 4566/1627/758
f 4571/1627/730 4567/1627/730 4569/1627/730
f 4600/1627/725 4598/1627/725 4597/1627/725
f 4601/1627/745 4597/1627/745 4598/1627/745
f 4601/1627/719 4599/1627/719 4597/1627/719
f 4599/1627/714 4600/1627/714 4597/1627/714
f 4602/1627/714 4601/1627/714 4598/1627/714
f 4606/1627/730 4601/1627/730 4602/1627/730
f 4605/1627/731 4599/1627/731 4601/1627/731
f 4606/1627/731 4603/1627/731 4601/1627/731
f 4603/1627/753 4604/1627/753 4601/1627/753
f 4604/1627/714 4605/1627/714 4601/1627/714
f 4607/1627/715 4603/1627/715 4606/1627/715
f 4607/1627/719 4606/1627/719 4602/1627/719
f 4607/1627/715 4608/1627/715 4603/1627/715
f 4608/1627/725 4607/1627/725 4609/1627/725
f 4607/1627/745 4602/1627/745 4609/1627/745
f 4608/1627/725 4609/1627/725 4598/1627/725
f 4602/1627/714 4598/1627/714 4609/1627/714
f 4610/1627/753 4608/1627/753 4598/1627/753
f 4614/1627/715 4608/1627/715 4610/1627/715
f 4608/1627/745 4613/1627/745 4603/1627/745
f 4608/1627/719 4611/1627/719 4613/1627/719
f 4612/1627/725 4611/1627/725 4608/1627/725
f 4614/1627/715 4612/1627/715 4608/1627/715
f 4612/1627/750 4614/1627/750 4615/1627/750
f 4616/1627/725 4615/1627/725 4614/1627/725
f 4616/1627/725 4614/1627/725 4610/1627/725
f 4598/1627/714 4615/1627/714 4616/1627/714
f 4610/1627/755 4598/1627/755 4616/1627/755
f 4598/1627/714 4617/1627/714 4615/1627/714
f 4612/1627/748 4615/1627/748 4617/1627/748
f 4605/1627/714 4618/1627/714 4617/1627/714
f 4619/1627/749 4617/1627/749 4618/1627/749
f 4619/1627/721 4612/1627/721 4617/1627/721
f 4600/1627/721 4617/1627/721 4598/1627/721
f 4620/1627/750 4617/1627/750 4600/1627/750
f 4620/1627/750 4605/1627/750 4617/1627/750
f 4599/1627/714 4620/1627/714 4600/1627/714
f 4605/1627/730 4620/1627/730 4599/1627/730
f 4623/1627/750 4619/1627/750 4618/1627/750
f 4622/1627/715 4612/1627/715 4619/1627/715
f 4623/1627/748 4621/1627/748 4619/1627/748
f 4622/1627/715 4619/1627/715 4621/1627/715
f 4605/1627/714 4623/1627/714 4618/1627/714
f 4622/1627/730 4623/1627/730 4605/1627/730
f 4622/1627/730 4621/1627/730 4623/1627/730
f 4622/1627/715 4624/1627/715 4627/1627/715
f 4624/1627/752 4622/1627/752 4605/1627/752
f 4625/1627/730 4622/1627/730 4603/1627/730
f 4626/1627/748 4622/1627/748 4625/1627/748
f 4626/1627/748 4612/1627/748 4622/1627/748
f 4622/1627/715 4627/1627/715 4603/1627/715
f 4603/1627/719 4627/1627/719 4604/1627/719
f 4627/1627/730 4628/1627/730 4604/1627/730
f 4627/1627/730 4624/1627/730 4628/1627/730
f 4604/1627/714 4628/1627/714 4605/1627/714
f 4624/1627/750 4605/1627/750 4628/1627/750
f 4613/1627/715 4626/1627/715 4625/1627/715
f 4612/1627/721 4626/1627/721 4611/1627/721
f 4613/1627/715 4611/1627/715 4626/1627/715
f 4625/1627/731 4603/1627/731 4613/1627/731
f 4632/1627/721 4630/1627/721 4629/1627/721
f 4633/1627/745 4629/1627/745 4630/1627/745
f 4633/1627/719 4631/1627/719 4629/1627/719
f 4631/1627/714 4632/1627/714 4629/1627/714
f 4634/1627/714 4633/1627/714 4630/1627/714
f 4638/1627/730 4633/1627/730 4634/1627/730
f 4637/1627/730 4631/1627/730 4633/1627/730
f 4638/1627/731 4635/1627/731 4633/1627/731
f 4635/1627/753 4636/1627/753 4633/1627/753
f 4636/1627/714 4637/1627/714 4633/1627/714
f 4639/1627/715 4635/1627/715 4638/1627/715
f 4639/1627/719 4638/1627/719 4634/1627/719
f 4639/1627/715 4640/1627/715 4635/1627/715
f 4640/1627/725 4639/1627/725 4641/1627/725
f 4639/1627/745 4634/1627/745 4641/1627/745
f 4640/1627/725 4641/1627/725 4630/1627/725
f 4634/1627/714 4630/1627/714 4641/1627/714
f 4642/1627/753 4640/1627/753 4630/1627/753
f 4646/1627/715 4640/1627/715 4642/1627/715
f 4640/1627/719 4645/1627/719 4635/1627/719
f 4640/1627/745 4643/1627/745 4645/1627/745
f 4644/1627/725 4643/1627/725 4640/1627/725
f 4646/1627/715 4644/1627/715 4640/1627/715
f 4644/1627/750 4646/1627/750 4647/1627/750
f 4648/1627/725 4647/1627/725 4646/1627/725
f 4648/1627/725 4646/1627/725 4642/1627/725
f 4630/1627/714 4647/1627/714 4648/1627/714
f 4642/1627/719 4630/1627/719 4648/1627/719
f 4630/1627/714 4649/1627/714 4647/1627/714
f 4644/1627/752 4647/1627/752 4649/1627/752
f 4637/1627/714 4650/1627/714 4649/1627/714
f 4651/1627/725 4649/1627/725 4650/1627/725
f 4651/1627/721 4644/1627/721 4649/1627/721
f 4632/1627/725 4649/1627/725 4630/1627/725
f 4652/1627/748 4649/1627/748 4632/1627/748
f 4652/1627/748 4637/1627/748 4649/1627/748
f 4631/1627/714 4652/1627/714 4632/1627/714
f 4637/1627/731 4652/1627/731 4631/1627/731
f 4655/1627/750 4651/1627/750 4650/1627/750
f 4654/1627/715 4644/1627/715 4651/1627/715
f 4655/1627/748 4653/1627/748 4651/1627/748
f 4654/1627/715 4651/1627/715 4653/1627/715
f 4637/1627/714 4655/1627/714 4650/1627/714
f 4654/1627/731 4655/1627/731 4637/1627/731
f 4654/1627/730 4653/1627/730 4655/1627/730
f 4654/1627/715 4656/1627/715 4659/1627/715
f 4656/1627/752 4654/1627/752 4637/1627/752
f 4657/1627/731 4654/1627/731 4635/1627/731
f 4658/1627/750 4654/1627/750 4657/1627/750
f 4658/1627/750 4644/1627/750 4654/1627/750
f 4654/1627/715 4659/1627/715 4635/1627/715
f 4635/1627/719 4659/1627/719 4636/1627/719
f 4659/1627/730 4660/1627/730 4636/1627/730
f 4659/1627/730 4656/1627/730 4660/1627/730
f 4636/1627/714 4660/1627/714 4637/1627/714
f 4656/1627/750 4637/1627/750 4660/1627/750
f 4645/1627/715 4658/1627/715 4657/1627/715
f 4644/1627/721 4658/1627/721 4643/1627/721
f 4645/1627/715 4643/1627/715 4658/1627/715
f 4657/1627/731 4635/1627/731 4645/1627/731
f 4664/1627/725 4662/1627/725 4661/1627/725
f 4665/1627/719 4661/1627/719 4662/1627/719
f 4665/1627/745 4663/1627/745 4661/1627/745
f 4663/1627/714 4664/1627/714 4661/1627/714
f 4666/1627/714 4665/1627/714 4662/1627/714
f 4670/1627/730 4665/1627/730 4666/1627/730
f 4669/1627/731 4663/1627/731 4665/1627/731
f 4670/1627/731 4667/1627/731 4665/1627/731
f 4667/1627/753 4668/1627/753 4665/1627/753
f 4668/1627/714 4669/1627/714 4665/1627/714
f 4671/1627/754 4667/1627/754 4670/1627/754
f 4671/1627/719 4670/1627/719 4666/1627/719
f 4671/1627/756 4672/1627/756 4667/1627/756
f 4672/1627/725 4671/1627/725 4673/1627/725
f 4671/1627/745 4666/1627/745 4673/1627/745
f 4672/1627/725 4673/1627/725 4662/1627/725
f 4666/1627/714 4662/1627/714 4673/1627/714
f 4674/1627/753 4672/1627/753 4662/1627/753
f 4678/1627/754 4672/1627/754 4674/1627/754
f 4672/1627/719 4677/1627/719 4667/1627/719
f 4672/1627/719 4675/1627/719 4677/1627/719
f 4676/1627/725 4675/1627/725 4672/1627/725
f 4678/1627/756 4676/1627/756 4672/1627/756
f 4676/1627/750 4678/1627/750 4679/1627/750
f 4680/1627/725 4679/1627/725 4678/1627/725
f 4680/1627/725 4678/1627/725 4674/1627/725
f 4662/1627/714 4679/1627/714 4680/1627/714
f 4674/1627/719 4662/1627/719 4680/1627/719
f 4662/1627/714 4681/1627/714 4679/1627/714
f 4676/1627/752 4679/1627/752 4681/1627/752
f 4669/1627/714 4682/1627/714 4681/1627/714
f 4683/1627/725 4681/1627/725 4682/1627/725
f 4683/1627/721 4676/1627/721 4681/1627/721
f 4664/1627/721 4681/1627/721 4662/1627/721
f 4684/1627/750 4681/1627/750 4664/1627/750
f 4684/1627/750 4669/1627/750 4681/1627/750
f 4663/1627/714 4684/1627/714 4664/1627/714
f 4669/1627/731 4684/1627/731 4663/1627/731
f 4687/1627/750 4683/1627/750 4682/1627/750
f 4686/1627/754 4676/1627/754 4683/1627/754
f 4687/1627/748 4685/1627/748 4683/1627/748
f 4686/1627/756 4683/1627/756 4685/1627/756
f 4669/1627/714 4687/1627/714 4682/1627/714
f 4686/1627/731 4687/1627/731 4669/1627/731
f 4686/1627/730 4685/1627/730 4687/1627/730
f 4686/1627/715 4688/1627/715 4691/1627/715
f 4688/1627/752 4686/1627/752 4669/1627/752
f 4689/1627/730 4686/1627/730 4667/1627/730
f 4690/1627/750 4686/1627/750 4689/1627/750
f 4690/1627/750 4676/1627/750 4686/1627/750
f 4686/1627/715 4691/1627/715 4667/1627/715
f 4667/1627/719 4691/1627/719 4668/1627/719
f 4691/1627/730 4692/1627/730 4668/1627/730
f 4691/1627/730 4688/1627/730 4692/1627/730
f 4668/1627/714 4692/1627/714 4669/1627/714
f 4688/1627/750 4669/1627/750 4692/1627/750
f 4677/1627/715 4690/1627/715 4689/1627/715
f 4676/1627/746 4690/1627/746 4675/1627/746
f 4677/1627/715 4675/1627/715 4690/1627/715
f 4689/1627/731 4667/1627/731 4677/1627/731
f 4696/1627/721 4694/1627/721 4693/1627/721
f 4697/1627/719 4693/1627/719 4694/1627/719
f 4697/1627/719 4695/1627/719 4693/1627/719
f 4695/1627/714 4696/1627/714 4693/1627/714
f 4698/1627/758 4697/1627/758 4694/1627/758
f 4702/1627/730 4697/1627/730 4698/1627/730
f 4701/1627/730 4695/1627/730 4697/1627/730
f 4702/1627/731 4699/1627/731 4697/1627/731
f 4699/1627/753 4700/1627/753 4697/1627/753
f 4700/1627/714 4701/1627/714 4697/1627/714
f 4703/1627/715 4699/1627/715 4702/1627/715
f 4703/1627/719 4702/1627/719 4698/1627/719
f 4703/1627/754 4704/1627/754 4699/1627/754
f 4704/1627/725 4703/1627/725 4705/1627/725
f 4703/1627/745 4698/1627/745 4705/1627/745
f 4704/1627/725 4705/1627/725 4694/1627/725
f 4698/1627/759 4694/1627/759 4705/1627/759
f 4706/1627/753 4704/1627/753 4694/1627/753
f 4710/1627/715 4704/1627/715 4706/1627/715
f 4704/1627/753 4709/1627/753 4699/1627/753
f 4704/1627/755 4707/1627/755 4709/1627/755
f 4708/1627/749 4707/1627/749 4704/1627/749
f 4710/1627/715 4708/1627/715 4704/1627/715
f 4708/1627/750 4710/1627/750 4711/1627/750
f 4712/1627/725 4711/1627/725 4710/1627/725
f 4712/1627/725 4710/1627/725 4706/1627/725
f 4694/1627/759 4711/1627/759 4712/1627/759
f 4706/1627/719 4694/1627/719 4712/1627/719
f 4694/1627/758 4713/1627/758 4711/1627/758
f 4708/1627/752 4711/1627/752 4713/1627/752
f 4701/1627/759 4714/1627/759 4713/1627/759
f 4715/1627/725 4713/1627/725 4714/1627/725
f 4715/1627/721 4708/1627/721 4713/1627/721
f 4696/1627/725 4713/1627/725 4694/1627/725
f 4716/1627/750 4713/1627/750 4696/1627/750
f 4716/1627/750 4701/1627/750 4713/1627/750
f 4695/1627/714 4716/1627/714 4696/1627/714
f 4701/1627/731 4716/1627/731 4695/1627/731
f 4719/1627/750 4715/1627/750 4714/1627/750
f 4718/1627/754 4708/1627/754 4715/1627/754
f 4719/1627/748 4717/1627/748 4715/1627/748
f 4718/1627/756 4715/1627/756 4717/1627/756
f 4701/1627/758 4719/1627/758 4714/1627/758
f 4718/1627/731 4719/1627/731 4701/1627/731
f 4718/1627/730 4717/1627/730 4719/1627/730
f 4718/1627/715 4720/1627/715 4723/1627/715
f 4720/1627/752 4718/1627/752 4701/1627/752
f 4721/1627/731 4718/1627/731 4699/1627/731
f 4722/1627/750 4718/1627/750 4721/1627/750
f 4722/1627/750 4708/1627/750 4718/1627/750
f 4718/1627/756 4723/1627/756 4699/1627/756
f 4699/1627/719 4723/1627/719 4700/1627/719
f 4723/1627/730 4724/1627/730 4700/1627/730
f 4723/1627/730 4720/1627/730 4724/1627/730
f 4700/1627/714 4724/1627/714 4701/1627/714
f 4720/1627/750 4701/1627/750 4724/1627/750
f 4709/1627/715 4722/1627/715 4721/1627/715
f 4708/1627/721 4722/1627/721 4707/1627/721
f 4709/1627/715 4707/1627/715 4722/1627/715
f 4721/1627/731 4699/1627/731 4709/1627/731
f 4728/1627/725 4726/1627/725 4725/1627/725
f 4729/1627/745 4725/1627/745 4726/1627/745
f 4729/1627/719 4727/1627/719 4725/1627/719
f 4727/1627/714 4728/1627/714 4725/1627/714
f 4730/1627/714 4729/1627/714 4726/1627/714
f 4734/1627/730 4729/1627/730 4730/1627/730
f 4733/1627/730 4727/1627/730 4729/1627/730
f 4734/1627/731 4731/1627/731 4729/1627/731
f 4731/1627/753 4732/1627/753 4729/1627/753
f 4732/1627/714 4733/1627/714 4729/1627/714
f 4734/1627/715 4736/1627/715 4731/1627/715
f 4735/1627/719 4734/1627/719 4730/1627/719
f 4734/1627/715 4735/1627/715 4736/1627/715
f 4737/1627/753 4736/1627/753 4726/1627/753
f 4742/1627/715 4736/1627/715 4737/1627/715
f 4736/1627/721 4740/1627/721 4726/1627/721
f 4736/1627/721 4735/1627/721 4740/1627/721
f 4736/1627/745 4741/1627/745 4731/1627/745
f 4736/1627/719 4738/1627/719 4741/1627/719
f 4739/1627/725 4738/1627/725 4736/1627/725
f 4742/1627/715 4739/1627/715 4736/1627/715
f 4739/1627/750 4742/1627/750 4743/1627/750
f 4744/1627/725 4743/1627/725 4742/1627/725
f 4744/1627/721 4742/1627/721 4737/1627/721
f 4726/1627/714 4743/1627/714 4744/1627/714
f 4737/1627/755 4726/1627/755 4744/1627/755
f 4726/1627/714 4745/1627/714 4743/1627/714
f 4739/1627/748 4743/1627/748 4745/1627/748
f 4733/1627/714 4746/1627/714 4745/1627/714
f 4747/1627/725 4745/1627/725 4746/1627/725
f 4747/1627/721 4739/1627/721 4745/1627/721
f 4728/1627/725 4745/1627/725 4726/1627/725
f 4748/1627/750 4745/1627/750 4728/1627/750
f 4748/1627/748 4733/1627/748 4745/1627/748
f 4727/1627/714 4748/1627/714 4728/1627/714
f 4733/1627/731 4748/1627/731 4727/1627/731
f 4751/1627/750 4747/1627/750 4746/1627/750
f 4750/1627/715 4739/1627/715 4747/1627/715
f 4751/1627/750 4749/1627/750 4747/1627/750
f 4750/1627/715 4747/1627/715 4749/1627/715
f 4733/1627/714 4751/1627/714 4746/1627/714
f 4750/1627/751 4751/1627/751 4733/1627/751
f 4750/1627/731 4749/1627/731 4751/1627/731
f 4750/1627/715 4752/1627/715 4755/1627/715
f 4752/1627/752 4750/1627/752 4733/1627/752
f 4753/1627/730 4750/1627/730 4731/1627/730
f 4754/1627/750 4750/1627/750 4753/1627/750
f 4754/1627/748 4739/1627/748 4750/1627/748
f 4750/1627/715 4755/1627/715 4731/1627/715
f 4731/1627/719 4755/1627/719 4732/1627/719
f 4755/1627/730 4756/1627/730 4732/1627/730
f 4755/1627/730 4752/1627/730 4756/1627/730
f 4732/1627/714 4756/1627/714 4733/1627/714
f 4752/1627/752 4733/1627/752 4756/1627/752
f 4741/1627/715 4754/1627/715 4753/1627/715
f 4739/1627/721 4754/1627/721 4738/1627/721
f 4741/1627/715 4738/1627/715 4754/1627/715
f 4753/1627/731 4731/1627/731 4741/1627/731
f 4730/1627/714 4726/1627/714 4740/1627/714
f 4735/1627/719 4730/1627/719 4740/1627/719
f 4760/1627/721 4758/1627/721 4757/1627/721
f 4761/1627/745 4757/1627/745 4758/1627/745
f 4761/1627/719 4759/1627/719 4757/1627/719
f 4759/1627/714 4760/1627/714 4757/1627/714
f 4762/1627/714 4761/1627/714 4758/1627/714
f 4766/1627/730 4761/1627/730 4762/1627/730
f 4765/1627/730 4759/1627/730 4761/1627/730
f 4766/1627/731 4763/1627/731 4761/1627/731
f 4763/1627/753 4764/1627/753 4761/1627/753
f 4764/1627/714 4765/1627/714 4761/1627/714
f 4766/1627/754 4768/1627/754 4763/1627/754
f 4767/1627/719 4766/1627/719 4762/1627/719
f 4766/1627/715 4767/1627/715 4768/1627/715
f 4769/1627/753 4768/1627/753 4758/1627/753
f 4774/1627/715 4768/1627/715 4769/1627/715
f 4768/1627/721 4772/1627/721 4758/1627/721
f 4768/1627/721 4767/1627/721 4772/1627/721
f 4768/1627/719 4773/1627/719 4763/1627/719
f 4768/1627/745 4770/1627/745 4773/1627/745
f 4771/1627/725 4770/1627/725 4768/1627/725
f 4774/1627/715 4771/1627/715 4768/1627/715
f 4771/1627/750 4774/1627/750 4775/1627/750
f 4776/1627/725 4775/1627/725 4774/1627/725
f 4776/1627/721 4774/1627/721 4769/1627/721
f 4758/1627/714 4775/1627/714 4776/1627/714
f 4769/1627/719 4758/1627/719 4776/1627/719
f 4758/1627/714 4777/1627/714 4775/1627/714
f 4771/1627/752 4775/1627/752 4777/1627/752
f 4765/1627/714 4778/1627/714 4777/1627/714
f 4779/1627/721 4777/1627/721 4778/1627/721
f 4779/1627/721 4771/1627/721 4777/1627/721
f 4760/1627/725 4777/1627/725 4758/1627/725
f 4780/1627/750 4777/1627/750 4760/1627/750
f 4780/1627/748 4765/1627/748 4777/1627/748
f 4759/1627/714 4780/1627/714 4760/1627/714
f 4765/1627/731 4780/1627/731 4759/1627/731
f 4783/1627/750 4779/1627/750 4778/1627/750
f 4782/1627/715 4771/1627/715 4779/1627/715
f 4783/1627/750 4781/1627/750 4779/1627/750
f 4782/1627/756 4779/1627/756 4781/1627/756
f 4765/1627/714 4783/1627/714 4778/1627/714
f 4782/1627/730 4783/1627/730 4765/1627/730
f 4782/1627/731 4781/1627/731 4783/1627/731
f 4782/1627/715 4784/1627/715 4787/1627/715
f 4784/1627/752 4782/1627/752 4765/1627/752
f 4785/1627/731 4782/1627/731 4763/1627/731
f 4786/1627/748 4782/1627/748 4785/1627/748
f 4786/1627/750 4771/1627/750 4782/1627/750
f 4782/1627/715 4787/1627/715 4763/1627/715
f 4763/1627/719 4787/1627/719 4764/1627/719
f 4787/1627/730 4788/1627/730 4764/1627/730
f 4787/1627/730 4784/1627/730 4788/1627/730
f 4764/1627/714 4788/1627/714 4765/1627/714
f 4784/1627/748 4765/1627/748 4788/1627/748
f 4773/1627/715 4786/1627/715 4785/1627/715
f 4771/1627/721 4786/1627/721 4770/1627/721
f 4773/1627/715 4770/1627/715 4786/1627/715
f 4785/1627/731 4763/1627/731 4773/1627/731
f 4762/1627/714 4758/1627/714 4772/1627/714
f 4767/1627/719 4762/1627/719 4772/1627/719
f 4792/1627/725 4790/1627/725 4789/1627/725
f 4793/1627/719 4789/1627/719 4790/1627/719
f 4793/1627/745 4791/1627/745 4789/1627/745
f 4791/1627/714 4792/1627/714 4789/1627/714
f 4794/1627/758 4793/1627/758 4790/1627/758
f 4798/1627/730 4793/1627/730 4794/1627/730
f 4797/1627/731 4791/1627/731 4793/1627/731
f 4798/1627/731 4795/1627/731 4793/1627/731
f 4795/1627/753 4796/1627/753 4793/1627/753
f 4796/1627/714 4797/1627/714 4793/1627/714
f 4798/1627/715 4800/1627/715 4795/1627/715
f 4799/1627/719 4798/1627/719 4794/1627/719
f 4798/1627/754 4799/1627/754 4800/1627/754
f 4801/1627/753 4800/1627/753 4790/1627/753
f 4806/1627/715 4800/1627/715 4801/1627/715
f 4800/1627/721 4804/1627/721 4790/1627/721
f 4800/1627/721 4799/1627/721 4804/1627/721
f 4800/1627/719 4805/1627/719 4795/1627/719
f 4800/1627/719 4802/1627/719 4805/1627/719
f 4803/1627/725 4802/1627/725 4800/1627/725
f 4806/1627/715 4803/1627/715 4800/1627/715
f 4803/1627/750 4806/1627/750 4807/1627/750
f 4808/1627/725 4807/1627/725 4806/1627/725
f 4808/1627/721 4806/1627/721 4801/1627/721
f 4790/1627/714 4807/1627/714 4808/1627/714
f 4801/1627/719 4790/1627/719 4808/1627/719
f 4790/1627/714 4809/1627/714 4807/1627/714
f 4803/1627/752 4807/1627/752 4809/1627/752
f 4797/1627/714 4810/1627/714 4809/1627/714
f 4811/1627/721 4809/1627/721 4810/1627/721
f 4811/1627/721 4803/1627/721 4809/1627/721
f 4792/1627/721 4809/1627/721 4790/1627/721
f 4812/1627/748 4809/1627/748 4792/1627/748
f 4812/1627/750 4797/1627/750 4809/1627/750
f 4791/1627/714 4812/1627/714 4792/1627/714
f 4797/1627/731 4812/1627/731 4791/1627/731
f 4815/1627/750 4811/1627/750 4810/1627/750
f 4814/1627/754 4803/1627/754 4811/1627/754
f 4815/1627/750 4813/1627/750 4811/1627/750
f 4814/1627/715 4811/1627/715 4813/1627/715
f 4797/1627/758 4815/1627/758 4810/1627/758
f 4814/1627/730 4815/1627/730 4797/1627/730
f 4814/1627/731 4813/1627/731 4815/1627/731
f 4814/1627/715 4816/1627/715 4819/1627/715
f 4816/1627/752 4814/1627/752 4797/1627/752
f 4817/1627/730 4814/1627/730 4795/1627/730
f 4818/1627/750 4814/1627/750 4817/1627/750
f 4818/1627/750 4803/1627/750 4814/1627/750
f 4814/1627/754 4819/1627/754 4795/1627/754
f 4795/1627/719 4819/1627/719 4796/1627/719
f 4819/1627/730 4820/1627/730 4796/1627/730
f 4819/1627/730 4816/1627/730 4820/1627/730
f 4796/1627/714 4820/1627/714 4797/1627/714
f 4816/1627/748 4797/1627/748 4820/1627/748
f 4805/1627/715 4818/1627/715 4817/1627/715
f 4803/1627/721 4818/1627/721 4802/1627/721
f 4805/1627/715 4802/1627/715 4818/1627/715
f 4817/1627/731 4795/1627/731 4805/1627/731
f 4794/1627/714 4790/1627/714 4804/1627/714
f 4799/1627/719 4794/1627/719 4804/1627/719
f 4824/1627/725 4822/1627/725 4821/1627/725
f 4825/1627/719 4821/1627/719 4822/1627/719
f 4825/1627/719 4823/1627/719 4821/1627/719
f 4823/1627/714 4824/1627/714 4821/1627/714
f 4826/1627/758 4825/1627/758 4822/1627/758
f 4830/1627/730 4825/1627/730 4826/1627/730
f 4829/1627/730 4823/1627/730 4825/1627/730
f 4830/1627/731 4827/1627/731 4825/1627/731
f 4827/1627/753 4828/1627/753 4825/1627/753
f 4828/1627/758 4829/1627/758 4825/1627/758
f 4830/1627/754 4832/1627/754 4827/1627/754
f 4831/1627/719 4830/1627/719 4826/1627/719
f 4830/1627/715 4831/1627/715 4832/1627/715
f 4833/1627/753 4832/1627/753 4822/1627/753
f 4838/1627/756 4832/1627/756 4833/1627/756
f 4832/1627/721 4836/1627/721 4822/1627/721
f 4832/1627/721 4831/1627/721 4836/1627/721
f 4832/1627/753 4837/1627/753 4827/1627/753
f 4832/1627/755 4834/1627/755 4837/1627/755
f 4835/1627/725 4834/1627/725 4832/1627/725
f 4838/1627/715 4835/1627/715 4832/1627/715
f 4835/1627/750 4838/1627/750 4839/1627/750
f 4840/1627/725 4839/1627/725 4838/1627/725
f 4840/1627/721 4838/1627/721 4833/1627/721
f 4822/1627/714 4839/1627/714 4840/1627/714
f 4833/1627/719 4822/1627/719 4840/1627/719
f 4822/1627/714 4841/1627/714 4839/1627/714
f 4835/1627/752 4839/1627/752 4841/1627/752
f 4829/1627/759 4842/1627/759 4841/1627/759
f 4843/1627/721 4841/1627/721 4842/1627/721
f 4843/1627/721 4835/1627/721 4841/1627/721
f 4824/1627/725 4841/1627/725 4822/1627/725
f 4844/1627/750 4841/1627/750 4824/1627/750
f 4844/1627/750 4829/1627/750 4841/1627/750
f 4823/1627/714 4844/1627/714 4824/1627/714
f 4829/1627/731 4844/1627/731 4823/1627/731
f 4847/1627/750 4843/1627/750 4842/1627/750
f 4846/1627/715 4835/1627/715 4843/1627/715
f 4847/1627/750 4845/1627/750 4843/1627/750
f 4846/1627/715 4843/1627/715 4845/1627/715
f 4829/1627/758 4847/1627/758 4842/1627/758
f 4846/1627/730 4847/1627/730 4829/1627/730
f 4846/1627/731 4845/1627/731 4847/1627/731
f 4846/1627/715 4848/1627/715 4851/1627/715
f 4848/1627/752 4846/1627/752 4829/1627/752
f 4849/1627/751 4846/1627/751 4827/1627/751
f 4850/1627/747 4846/1627/747 4849/1627/747
f 4850/1627/752 4835/1627/752 4846/1627/752
f 4846/1627/715 4851/1627/715 4827/1627/715
f 4827/1627/719 4851/1627/719 4828/1627/719
f 4851/1627/730 4852/1627/730 4828/1627/730
f 4851/1627/730 4848/1627/730 4852/1627/730
f 4828/1627/759 4852/1627/759 4829/1627/759
f 4848/1627/748 4829/1627/748 4852/1627/748
f 4837/1627/715 4850/1627/715 4849/1627/715
f 4835/1627/721 4850/1627/721 4834/1627/721
f 4837/1627/715 4834/1627/715 4850/1627/715
f 4849/1627/757 4827/1627/757 4837/1627/757
f 4826/1627/759 4822/1627/759 4836/1627/759
f 4831/1627/719 4826/1627/719 4836/1627/719
f 4856/1627/725 4854/1627/725 4853/1627/725
f 4857/1627/719 4853/1627/719 4854/1627/719
f 4857/1627/719 4855/1627/719 4853/1627/719
f 4855/1627/714 4856/1627/714 4853/1627/714
f 4858/1627/714 4857/1627/714 4854/1627/714
f 4862/1627/730 4857/1627/730 4858/1627/730
f 4861/1627/730 4855/1627/730 4857/1627/730
f 4862/1627/731 4859/1627/731 4857/1627/731
f 4859/1627/753 4860/1627/753 4857/1627/753
f 4860/1627/714 4861/1627/714 4857/1627/714
f 4862/1627/715 4864/1627/715 4859/1627/715
f 4863/1627/719 4862/1627/719 4858/1627/719
f 4862/1627/715 4863/1627/715 4864/1627/715
f 4865/1627/745 4864/1627/745 4854/1627/745
f 4870/1627/715 4864/1627/715 4865/1627/715
f 4864/1627/721 4868/1627/721 4854/1627/721
f 4864/1627/721 4863/1627/721 4868/1627/721
f 4864/1627/745 4869/1627/745 4859/1627/745
f 4864/1627/719 4866/1627/719 4869/1627/719
f 4867/1627/725 4866/1627/725 4864/1627/725
f 4870/1627/715 4867/1627/715 4864/1627/715
f 4867/1627/750 4870/1627/750 4871/1627/750
f 4872/1627/725 4871/1627/725 4870/1627/725
f 4872/1627/725 4870/1627/725 4865/1627/725
f 4854/1627/714 4871/1627/714 4872/1627/714
f 4865/1627/719 4854/1627/719 4872/1627/719
f 4854/1627/714 4873/1627/714 4871/1627/714
f 4867/1627/748 4871/1627/748 4873/1627/748
f 4861/1627/714 4874/1627/714 4873/1627/714
f 4875/1627/725 4873/1627/725 4874/1627/725
f 4875/1627/721 4867/1627/721 4873/1627/721
f 4856/1627/725 4873/1627/725 4854/1627/725
f 4876/1627/750 4873/1627/750 4856/1627/750
f 4876/1627/750 4861/1627/750 4873/1627/750
f 4855/1627/714 4876/1627/714 4856/1627/714
f 4861/1627/731 4876/1627/731 4855/1627/731
f 4879/1627/750 4875/1627/750 4874/1627/750
f 4878/1627/715 4867/1627/715 4875/1627/715
f 4879/1627/750 4877/1627/750 4875/1627/750
f 4878/1627/715 4875/1627/715 4877/1627/715
f 4861/1627/714 4879/1627/714 4874/1627/714
f 4878/1627/751 4879/1627/751 4861/1627/751
f 4878/1627/731 4877/1627/731 4879/1627/731
f 4878/1627/715 4880/1627/715 4883/1627/715
f 4880/1627/752 4878/1627/752 4861/1627/752
f 4881/1627/730 4878/1627/730 4859/1627/730
f 4882/1627/748 4878/1627/748 4881/1627/748
f 4882/1627/748 4867/1627/748 4878/1627/748
f 4878/1627/715 4883/1627/715 4859/1627/715
f 4859/1627/719 4883/1627/719 4860/1627/719
f 4883/1627/730 4884/1627/730 4860/1627/730
f 4883/1627/730 4880/1627/730 4884/1627/730
f 4860/1627/714 4884/1627/714 4861/1627/714
f 4880/1627/748 4861/1627/748 4884/1627/748
f 4869/1627/715 4882/1627/715 4881/1627/715
f 4867/1627/721 4882/1627/721 4866/1627/721
f 4869/1627/715 4866/1627/715 4882/1627/715
f 4881/1627/731 4859/1627/731 4869/1627/731
f 4858/1627/714 4854/1627/714 4868/1627/714
f 4863/1627/719 4858/1627/719 4868/1627/719
f 4888/1627/721 4886/1627/721 4885/1627/721
f 4889/1627/745 4885/1627/745 4886/1627/745
f 4889/1627/719 4887/1627/719 4885/1627/719
f 4887/1627/714 4888/1627/714 4885/1627/714
f 4890/1627/714 4889/1627/714 4886/1627/714
f 4894/1627/730 4889/1627/730 4890/1627/730
f 4893/1627/730 4887/1627/730 4889/1627/730
f 4894/1627/731 4891/1627/731 4889/1627/731
f 4891/1627/753 4892/1627/753 4889/1627/753
f 4892/1627/714 4893/1627/714 4889/1627/714
f 4894/1627/715 4896/1627/715 4891/1627/715
f 4895/1627/719 4894/1627/719 4890/1627/719
f 4894/1627/715 4895/1627/715 4896/1627/715
f 4897/1627/745 4896/1627/745 4886/1627/745
f 4902/1627/715 4896/1627/715 4897/1627/715
f 4896/1627/721 4900/1627/721 4886/1627/721
f 4896/1627/721 4895/1627/721 4900/1627/721
f 4896/1627/719 4901/1627/719 4891/1627/719
f 4896/1627/719 4898/1627/719 4901/1627/719
f 4899/1627/721 4898/1627/721 4896/1627/721
f 4902/1627/715 4899/1627/715 4896/1627/715
f 4899/1627/750 4902/1627/750 4903/1627/750
f 4904/1627/725 4903/1627/725 4902/1627/725
f 4904/1627/725 4902/1627/725 4897/1627/725
f 4886/1627/714 4903/1627/714 4904/1627/714
f 4897/1627/745 4886/1627/745 4904/1627/745
f 4886/1627/714 4905/1627/714 4903/1627/714
f 4899/1627/752 4903/1627/752 4905/1627/752
f 4893/1627/714 4906/1627/714 4905/1627/714
f 4907/1627/721 4905/1627/721 4906/1627/721
f 4907/1627/721 4899/1627/721 4905/1627/721
f 4888/1627/725 4905/1627/725 4886/1627/725
f 4908/1627/748 4905/1627/748 4888/1627/748
f 4908/1627/748 4893/1627/748 4905/1627/748
f 4887/1627/714 4908/1627/714 4888/1627/714
f 4893/1627/731 4908/1627/731 4887/1627/731
f 4911/1627/750 4907/1627/750 4906/1627/750
f 4910/1627/754 4899/1627/754 4907/1627/754
f 4911/1627/750 4909/1627/750 4907/1627/750
f 4910/1627/756 4907/1627/756 4909/1627/756
f 4893/1627/714 4911/1627/714 4906/1627/714
f 4910/1627/730 4911/1627/730 4893/1627/730
f 4910/1627/731 4909/1627/731 4911/1627/731
f 4910/1627/715 4912/1627/715 4915/1627/715
f 4912/1627/752 4910/1627/752 4893/1627/752
f 4913/1627/731 4910/1627/731 4891/1627/731
f 4914/1627/750 4910/1627/750 4913/1627/750
f 4914/1627/750 4899/1627/750 4910/1627/750
f 4910/1627/715 4915/1627/715 4891/1627/715
f 4891/1627/719 4915/1627/719 4892/1627/719
f 4915/1627/730 4916/1627/730 4892/1627/730
f 4915/1627/730 4912/1627/730 4916/1627/730
f 4892/1627/714 4916/1627/714 4893/1627/714
f 4912/1627/748 4893/1627/748 4916/1627/748
f 4901/1627/715 4914/1627/715 4913/1627/715
f 4899/1627/721 4914/1627/721 4898/1627/721
f 4901/1627/715 4898/1627/715 4914/1627/715
f 4913/1627/731 4891/1627/731 4901/1627/731
f 4890/1627/714 4886/1627/714 4900/1627/714
f 4895/1627/719 4890/1627/719 4900/1627/719
f 4920/1627/721 4918/1627/721 4917/1627/721
f 4921/1627/719 4917/1627/719 4918/1627/719
f 4921/1627/719 4919/1627/719 4917/1627/719
f 4919/1627/714 4920/1627/714 4917/1627/714
f 4922/1627/758 4921/1627/758 4918/1627/758
f 4926/1627/730 4921/1627/730 4922/1627/730
f 4925/1627/731 4919/1627/731 4921/1627/731
f 4926/1627/731 4923/1627/731 4921/1627/731
f 4923/1627/753 4924/1627/753 4921/1627/753
f 4924/1627/714 4925/1627/714 4921/1627/714
f 4926/1627/715 4928/1627/715 4923/1627/715
f 4927/1627/719 4926/1627/719 4922/1627/719
f 4926/1627/715 4927/1627/715 4928/1627/715
f 4929/1627/745 4928/1627/745 4918/1627/745
f 4934/1627/756 4928/1627/756 4929/1627/756
f 4928/1627/721 4932/1627/721 4918/1627/721
f 4928/1627/721 4927/1627/721 4932/1627/721
f 4928/1627/753 4933/1627/753 4923/1627/753
f 4928/1627/755 4930/1627/755 4933/1627/755
f 4931/1627/725 4930/1627/725 4928/1627/725
f 4934/1627/715 4931/1627/715 4928/1627/715
f 4931/1627/750 4934/1627/750 4935/1627/750
f 4936/1627/725 4935/1627/725 4934/1627/725
f 4936/1627/725 4934/1627/725 4929/1627/725
f 4918/1627/714 4935/1627/714 4936/1627/714
f 4929/1627/745 4918/1627/745 4936/1627/745
f 4918/1627/714 4937/1627/714 4935/1627/714
f 4931/1627/752 4935/1627/752 4937/1627/752
f 4925/1627/714 4938/1627/714 4937/1627/714
f 4939/1627/721 4937/1627/721 4938/1627/721
f 4939/1627/721 4931/1627/721 4937/1627/721
f 4920/1627/721 4937/1627/721 4918/1627/721
f 4940/1627/750 4937/1627/750 4920/1627/750
f 4940/1627/750 4925/1627/750 4937/1627/750
f 4919/1627/714 4940/1627/714 4920/1627/714
f 4925/1627/731 4940/1627/731 4919/1627/731
f 4943/1627/750 4939/1627/750 4938/1627/750
f 4942/1627/754 4931/1627/754 4939/1627/754
f 4943/1627/750 4941/1627/750 4939/1627/750
f 4942/1627/756 4939/1627/756 4941/1627/756
f 4925/1627/714 4943/1627/714 4938/1627/714
f 4942/1627/730 4943/1627/730 4925/1627/730
f 4942/1627/731 4941/1627/731 4943/1627/731
f 4942/1627/754 4944/1627/754 4947/1627/754
f 4944/1627/752 4942/1627/752 4925/1627/752
f 4945/1627/730 4942/1627/730 4923/1627/730
f 4946/1627/750 4942/1627/750 4945/1627/750
f 4946/1627/750 4931/1627/750 4942/1627/750
f 4942/1627/756 4947/1627/756 4923/1627/756
f 4923/1627/719 4947/1627/719 4924/1627/719
f 4947/1627/730 4948/1627/730 4924/1627/730
f 4947/1627/730 4944/1627/730 4948/1627/730
f 4924/1627/714 4948/1627/714 4925/1627/714
f 4944/1627/748 4925/1627/748 4948/1627/748
f 4933/1627/715 4946/1627/715 4945/1627/715
f 4931/1627/721 4946/1627/721 4930/1627/721
f 4933/1627/715 4930/1627/715 4946/1627/715
f 4945/1627/731 4923/1627/731 4933/1627/731
f 4922/1627/759 4918/1627/759 4932/1627/759
f 4927/1627/719 4922/1627/719 4932/1627/719
f 4952/1627/721 4950/1627/721 4949/1627/721
f 4953/1627/753 4949/1627/753 4950/1627/753
f 4953/1627/755 4951/1627/755 4949/1627/755
f 4951/1627/714 4952/1627/714 4949/1627/714
f 4954/1627/714 4953/1627/714 4950/1627/714
f 4958/1627/730 4953/1627/730 4954/1627/730
f 4957/1627/730 4951/1627/730 4953/1627/730
f 4958/1627/731 4955/1627/731 4953/1627/731
f 4955/1627/753 4956/1627/753 4953/1627/753
f 4956/1627/714 4957/1627/714 4953/1627/714
f 4958/1627/715 4960/1627/715 4955/1627/715
f 4959/1627/719 4958/1627/719 4954/1627/719
f 4958/1627/715 4959/1627/715 4960/1627/715
f 4961/1627/745 4960/1627/745 4950/1627/745
f 4966/1627/715 4960/1627/715 4961/1627/715
f 4960/1627/721 4964/1627/721 4950/1627/721
f 4960/1627/721 4959/1627/721 4964/1627/721
f 4960/1627/719 4965/1627/719 4955/1627/719
f 4960/1627/719 4962/1627/719 4965/1627/719
f 4963/1627/749 4962/1627/749 4960/1627/749
f 4966/1627/715 4963/1627/715 4960/1627/715
f 4963/1627/750 4966/1627/750 4967/1627/750
f 4968/1627/725 4967/1627/725 4966/1627/725
f 4968/1627/725 4966/1627/725 4961/1627/725
f 4950/1627/714 4967/1627/714 4968/1627/714
f 4961/1627/745 4950/1627/745 4968/1627/745
f 4950/1627/714 4969/1627/714 4967/1627/714
f 4963/1627/752 4967/1627/752 4969/1627/752
f 4957/1627/714 4970/1627/714 4969/1627/714
f 4971/1627/721 4969/1627/721 4970/1627/721
f 4971/1627/721 4963/1627/721 4969/1627/721
f 4952/1627/725 4969/1627/725 4950/1627/725
f 4972/1627/750 4969/1627/750 4952/1627/750
f 4972/1627/750 4957/1627/750 4969/1627/750
f 4951/1627/714 4972/1627/714 4952/1627/714
f 4957/1627/731 4972/1627/731 4951/1627/731
f 4975/1627/750 4971/1627/750 4970/1627/750
f 4974/1627/754 4963/1627/754 4971/1627/754
f 4975/1627/750 4973/1627/750 4971/1627/750
f 4974/1627/756 4971/1627/756 4973/1627/756
f 4957/1627/714 4975/1627/714 4970/1627/714
f 4974/1627/730 4975/1627/730 4957/1627/730
f 4974/1627/731 4973/1627/731 4975/1627/731
f 4974/1627/715 4976/1627/715 4979/1627/715
f 4976/1627/752 4974/1627/752 4957/1627/752
f 4977/1627/731 4974/1627/731 4955/1627/731
f 4978/1627/750 4974/1627/750 4977/1627/750
f 4978/1627/750 4963/1627/750 4974/1627/750
f 4974/1627/715 4979/1627/715 4955/1627/715
f 4955/1627/719 4979/1627/719 4956/1627/719
f 4979/1627/730 4980/1627/730 4956/1627/730
f 4979/1627/730 4976/1627/730 4980/1627/730
f 4956/1627/714 4980/1627/714 4957/1627/714
f 4976/1627/748 4957/1627/748 4980/1627/748
f 4965/1627/715 4978/1627/715 4977/1627/715
f 4963/1627/746 4978/1627/746 4962/1627/746
f 4965/1627/715 4962/1627/715 4978/1627/715
f 4977/1627/731 4955/1627/731 4965/1627/731
f 4954/1627/714 4950/1627/714 4964/1627/714
f 4959/1627/719 4954/1627/719 4964/1627/719
f 4984/1627/738 4982/1627/738 4981/1627/738
f 4985/1627/760 4981/1627/760 4982/1627/760
f 4981/1627/714 4983/1627/714 4986/1627/714
f 4985/1627/761 4983/1627/761 4981/1627/761
f 4981/1627/714 4986/1627/714 4984/1627/714
f 4986/1627/718 4988/1627/718 4984/1627/718
f 4987/1627/743 4986/1627/743 4983/1627/743
f 4986/1627/762 4987/1627/762 4988/1627/762
f 4987/1627/714 4989/1627/714 4988/1627/714
f 4992/1627/733 4988/1627/733 4989/1627/733
f 4992/1627/763 4990/1627/763 4988/1627/763
f 4990/1627/764 4991/1627/764 4988/1627/764
f 4988/1627/714 4991/1627/714 4993/1627/714
f 4984/1627/738 4988/1627/738 4982/1627/738
f 4988/1627/714 4993/1627/714 4982/1627/714
f 4994/1627/765 4982/1627/765 4993/1627/765
f 4993/1627/738 4995/1627/738 4994/1627/738
f 4993/1627/733 4991/1627/733 4995/1627/733
f 4994/1627/715 4995/1627/715 4990/1627/715
f 4990/1627/766 4995/1627/766 4991/1627/766
f 4994/1627/767 4996/1627/767 4982/1627/767
f 4994/1627/715 4990/1627/715 4996/1627/715
f 4996/1627/733 5000/1627/733 4982/1627/733
f 5001/1627/715 4997/1627/715 4996/1627/715
f 4996/1627/738 4997/1627/738 5000/1627/738
f 4996/1627/760 5002/1627/760 4998/1627/760
f 5001/1627/715 4996/1627/715 4998/1627/715
f 4996/1627/761 4999/1627/761 5002/1627/761
f 4990/1627/738 4999/1627/738 4996/1627/738
f 5003/1627/741 4998/1627/741 5002/1627/741
f 4999/1627/715 5003/1627/715 5002/1627/715
f 5003/1627/743 5004/1627/743 4998/1627/743
f 5005/1627/718 5004/1627/718 5003/1627/718
f 4999/1627/715 5005/1627/715 5003/1627/715
f 4990/1627/733 5005/1627/733 4999/1627/733
f 5005/1627/762 4990/1627/762 5004/1627/762
f 4998/1627/715 5004/1627/715 5006/1627/715
f 5006/1627/764 5004/1627/764 4987/1627/764
f 5004/1627/768 5008/1627/768 4987/1627/768
f 5004/1627/743 5007/1627/743 5008/1627/743
f 5004/1627/715 4992/1627/715 5007/1627/715
f 5004/1627/715 4990/1627/715 4992/1627/715
f 4987/1627/714 5008/1627/714 4989/1627/714
f 5008/1627/762 4992/1627/762 4989/1627/762
f 5008/1627/718 5007/1627/718 4992/1627/718
f 5010/1627/741 5006/1627/741 5009/1627/741
f 5006/1627/766 4987/1627/766 5009/1627/766
f 4998/1627/715 5006/1627/715 5010/1627/715
f 4998/1627/761 5010/1627/761 5011/1627/761
f 5010/1627/741 5009/1627/741 5011/1627/741
f 5009/1627/714 4985/1627/714 5011/1627/714
f 4998/1627/767 5011/1627/767 4985/1627/767
f 5009/1627/714 4987/1627/714 4985/1627/714
f 5001/1627/743 4998/1627/743 4985/1627/743
f 4997/1627/760 5001/1627/760 5012/1627/760
f 5001/1627/743 4985/1627/743 5012/1627/743
f 4997/1627/761 5012/1627/761 5000/1627/761
f 5012/1627/714 4982/1627/714 5000/1627/714
f 5012/1627/714 4985/1627/714 4982/1627/714
f 4987/1627/743 4983/1627/743 4985/1627/743
f 5016/1627/733 5014/1627/733 5013/1627/733
f 5017/1627/760 5013/1627/760 5014/1627/760
f 5013/1627/714 5015/1627/714 5018/1627/714
f 5017/1627/761 5015/1627/761 5013/1627/761
f 5013/1627/714 5018/1627/714 5016/1627/714
f 5018/1627/718 5020/1627/718 5016/1627/718
f 5019/1627/741 5018/1627/741 5015/1627/741
f 5018/1627/762 5019/1627/762 5020/1627/762
f 5019/1627/714 5021/1627/714 5020/1627/714
f 5024/1627/738 5020/1627/738 5021/1627/738
f 5024/1627/763 5022/1627/763 5020/1627/763
f 5022/1627/718 5023/1627/718 5020/1627/718
f 5020/1627/714 5023/1627/714 5025/1627/714
f 5016/1627/738 5020/1627/738 5014/1627/738
f 5020/1627/714 5025/1627/714 5014/1627/714
f 5026/1627/765 5014/1627/765 5025/1627/765
f 5025/1627/738 5027/1627/738 5026/1627/738
f 5025/1627/733 5023/1627/733 5027/1627/733
f 5026/1627/715 5027/1627/715 5022/1627/715
f 5022/1627/766 5027/1627/766 5023/1627/766
f 5026/1627/767 5028/1627/767 5014/1627/767
f 5026/1627/715 5022/1627/715 5028/1627/715
f 5028/1627/733 5032/1627/733 5014/1627/733
f 5033/1627/715 5029/1627/715 5028/1627/715
f 5028/1627/738 5029/1627/738 5032/1627/738
f 5028/1627/761 5034/1627/761 5030/1627/761
f 5033/1627/715 5028/1627/715 5030/1627/715
f 5028/1627/760 5031/1627/760 5034/1627/760
f 5022/1627/738 5031/1627/738 5028/1627/738
f 5035/1627/743 5030/1627/743 5034/1627/743
f 5031/1627/715 5035/1627/715 5034/1627/715
f 5035/1627/741 5036/1627/741 5030/1627/741
f 5037/1627/762 5036/1627/762 5035/1627/762
f 5031/1627/715 5037/1627/715 5035/1627/715
f 5022/1627/733 5037/1627/733 5031/1627/733
f 5037/1627/718 5022/1627/718 5036/1627/718
f 5030/1627/715 5036/1627/715 5038/1627/715
f 5038/1627/764 5036/1627/764 5019/1627/764
f 5036/1627/741 5040/1627/741 5019/1627/741
f 5036/1627/743 5039/1627/743 5040/1627/743
f 5036/1627/715 5024/1627/715 5039/1627/715
f 5036/1627/715 5022/1627/715 5024/1627/715
f 5019/1627/714 5040/1627/714 5021/1627/714
f 5040/1627/762 5024/1627/762 5021/1627/762
f 5040/1627/718 5039/1627/718 5024/1627/718
f 5042/1627/741 5038/1627/741 5041/1627/741
f 5038/1627/766 5019/1627/766 5041/1627/766
f 5030/1627/715 5038/1627/715 5042/1627/715
f 5030/1627/761 5042/1627/761 5043/1627/761
f 5042/1627/741 5041/1627/741 5043/1627/741
f 5041/1627/714 5017/1627/714 5043/1627/714
f 5030/1627/767 5043/1627/767 5017/1627/767
f 5041/1627/714 5019/1627/714 5017/1627/714
f 5033/1627/743 5030/1627/743 5017/1627/743
f 5029/1627/760 5033/1627/760 5044/1627/760
f 5033/1627/743 5017/1627/743 5044/1627/743
f 5029/1627/761 5044/1627/761 5032/1627/761
f 5044/1627/714 5014/1627/714 5032/1627/714
f 5044/1627/714 5017/1627/714 5014/1627/714
f 5019/1627/743 5015/1627/743 5017/1627/743
f 5048/1627/738 5046/1627/738 5045/1627/738
f 5049/1627/761 5045/1627/761 5046/1627/761
f 5045/1627/714 5047/1627/714 5050/1627/714
f 5049/1627/760 5047/1627/760 5045/1627/760
f 5045/1627/714 5050/1627/714 5048/1627/714
f 5050/1627/762 5052/1627/762 5048/1627/762
f 5051/1627/741 5050/1627/741 5047/1627/741
f 5050/1627/718 5051/1627/718 5052/1627/718
f 5051/1627/714 5053/1627/714 5052/1627/714
f 5056/1627/738 5052/1627/738 5053/1627/738
f 5056/1627/763 5054/1627/763 5052/1627/763
f 5054/1627/718 5055/1627/718 5052/1627/718
f 5052/1627/714 5055/1627/714 5057/1627/714
f 5048/1627/733 5052/1627/733 5046/1627/733
f 5052/1627/714 5057/1627/714 5046/1627/714
f 5058/1627/765 5046/1627/765 5057/1627/765
f 5057/1627/738 5059/1627/738 5058/1627/738
f 5057/1627/733 5055/1627/733 5059/1627/733
f 5058/1627/754 5059/1627/754 5054/1627/754
f 5054/1627/766 5059/1627/766 5055/1627/766
f 5058/1627/767 5060/1627/767 5046/1627/767
f 5058/1627/756 5054/1627/756 5060/1627/756
f 5060/1627/733 5064/1627/733 5046/1627/733
f 5065/1627/754 5061/1627/754 5060/1627/754
f 5060/1627/738 5061/1627/738 5064/1627/738
f 5060/1627/761 5066/1627/761 5062/1627/761
f 5065/1627/715 5060/1627/715 5062/1627/715
f 5060/1627/761 5063/1627/761 5066/1627/761
f 5054/1627/738 5063/1627/738 5060/1627/738
f 5067/1627/741 5062/1627/741 5066/1627/741
f 5063/1627/715 5067/1627/715 5066/1627/715
f 5067/1627/743 5068/1627/743 5062/1627/743
f 5069/1627/718 5068/1627/718 5067/1627/718
f 5063/1627/715 5069/1627/715 5067/1627/715
f 5054/1627/763 5069/1627/763 5063/1627/763
f 5069/1627/718 5054/1627/718 5068/1627/718
f 5062/1627/754 5068/1627/754 5070/1627/754
f 5070/1627/764 5068/1627/764 5051/1627/764
f 5068/1627/741 5072/1627/741 5051/1627/741
f 5068/1627/743 5071/1627/743 5072/1627/743
f 5068/1627/756 5056/1627/756 5071/1627/756
f 5068/1627/715 5054/1627/715 5056/1627/715
f 5051/1627/714 5072/1627/714 5053/1627/714
f 5072/1627/762 5056/1627/762 5053/1627/762
f 5072/1627/718 5071/1627/718 5056/1627/718
f 5074/1627/741 5070/1627/741 5073/1627/741
f 5070/1627/766 5051/1627/766 5073/1627/766
f 5062/1627/756 5070/1627/756 5074/1627/756
f 5062/1627/761 5074/1627/761 5075/1627/761
f 5074/1627/741 5073/1627/741 5075/1627/741
f 5073/1627/714 5049/1627/714 5075/1627/714
f 5062/1627/767 5075/1627/767 5049/1627/767
f 5073/1627/714 5051/1627/714 5049/1627/714
f 5065/1627/743 5062/1627/743 5049/1627/743
f 5061/1627/760 5065/1627/760 5076/1627/760
f 5065/1627/743 5049/1627/743 5076/1627/743
f 5061/1627/761 5076/1627/761 5064/1627/761
f 5076/1627/714 5046/1627/714 5064/1627/714
f 5076/1627/714 5049/1627/714 5046/1627/714
f 5051/1627/743 5047/1627/743 5049/1627/743
f 5080/1627/733 5078/1627/733 5077/1627/733
f 5081/1627/761 5077/1627/761 5078/1627/761
f 5077/1627/714 5079/1627/714 5082/1627/714
f 5081/1627/761 5079/1627/761 5077/1627/761
f 5077/1627/714 5082/1627/714 5080/1627/714
f 5082/1627/718 5084/1627/718 5080/1627/718
f 5083/1627/768 5082/1627/768 5079/1627/768
f 5082/1627/718 5083/1627/718 5084/1627/718
f 5083/1627/758 5085/1627/758 5084/1627/758
f 5088/1627/738 5084/1627/738 5085/1627/738
f 5088/1627/763 5086/1627/763 5084/1627/763
f 5086/1627/718 5087/1627/718 5084/1627/718
f 5084/1627/759 5087/1627/759 5089/1627/759
f 5080/1627/738 5084/1627/738 5078/1627/738
f 5084/1627/758 5089/1627/758 5078/1627/758
f 5090/1627/765 5078/1627/765 5089/1627/765
f 5089/1627/738 5091/1627/738 5090/1627/738
f 5089/1627/733 5087/1627/733 5091/1627/733
f 5090/1627/715 5091/1627/715 5086/1627/715
f 5086/1627/766 5091/1627/766 5087/1627/766
f 5090/1627/767 5092/1627/767 5078/1627/767
f 5090/1627/715 5086/1627/715 5092/1627/715
f 5092/1627/733 5096/1627/733 5078/1627/733
f 5097/1627/754 5093/1627/754 5092/1627/754
f 5092/1627/738 5093/1627/738 5096/1627/738
f 5092/1627/767 5098/1627/767 5094/1627/767
f 5097/1627/715 5092/1627/715 5094/1627/715
f 5092/1627/765 5095/1627/765 5098/1627/765
f 5086/1627/769 5095/1627/769 5092/1627/769
f 5099/1627/743 5094/1627/743 5098/1627/743
f 5095/1627/715 5099/1627/715 5098/1627/715
f 5099/1627/770 5100/1627/770 5094/1627/770
f 5101/1627/764 5100/1627/764 5099/1627/764
f 5095/1627/715 5101/1627/715 5099/1627/715
f 5086/1627/733 5101/1627/733 5095/1627/733
f 5101/1627/766 5086/1627/766 5100/1627/766
f 5094/1627/715 5100/1627/715 5102/1627/715
f 5102/1627/764 5100/1627/764 5083/1627/764
f 5100/1627/741 5104/1627/741 5083/1627/741
f 5100/1627/743 5103/1627/743 5104/1627/743
f 5100/1627/756 5088/1627/756 5103/1627/756
f 5100/1627/715 5086/1627/715 5088/1627/715
f 5083/1627/714 5104/1627/714 5085/1627/714
f 5104/1627/762 5088/1627/762 5085/1627/762
f 5104/1627/718 5103/1627/718 5088/1627/718
f 5106/1627/741 5102/1627/741 5105/1627/741
f 5102/1627/766 5083/1627/766 5105/1627/766
f 5094/1627/715 5102/1627/715 5106/1627/715
f 5094/1627/761 5106/1627/761 5107/1627/761
f 5106/1627/741 5105/1627/741 5107/1627/741
f 5105/1627/758 5081/1627/758 5107/1627/758
f 5094/1627/767 5107/1627/767 5081/1627/767
f 5105/1627/759 5083/1627/759 5081/1627/759
f 5097/1627/743 5094/1627/743 5081/1627/743
f 5093/1627/760 5097/1627/760 5108/1627/760
f 5097/1627/743 5081/1627/743 5108/1627/743
f 5093/1627/761 5108/1627/761 5096/1627/761
f 5108/1627/758 5078/1627/758 5096/1627/758
f 5108/1627/759 5081/1627/759 5078/1627/759
f 5083/1627/743 5079/1627/743 5081/1627/743
f 5112/1627/738 5110/1627/738 5109/1627/738
f 5113/1627/760 5109/1627/760 5110/1627/760
f 5109/1627/714 5111/1627/714 5114/1627/714
f 5113/1627/761 5111/1627/761 5109/1627/761
f 5109/1627/714 5114/1627/714 5112/1627/714
f 5114/1627/718 5116/1627/718 5112/1627/718
f 5115/1627/743 5114/1627/743 5111/1627/743
f 5114/1627/762 5115/1627/762 5116/1627/762
f 5115/1627/714 5117/1627/714 5116/1627/714
f 5120/1627/733 5116/1627/733 5117/1627/733
f 5120/1627/763 5118/1627/763 5116/1627/763
f 5118/1627/764 5119/1627/764 5116/1627/764
f 5116/1627/714 5119/1627/714 5121/1627/714
f 5112/1627/733 5116/1627/733 5110/1627/733
f 5116/1627/714 5121/1627/714 5110/1627/714
f 5122/1627/760 5110/1627/760 5121/1627/760
f 5121/1627/738 5123/1627/738 5122/1627/738
f 5121/1627/733 5119/1627/733 5123/1627/733
f 5122/1627/715 5123/1627/715 5118/1627/715
f 5118/1627/766 5123/1627/766 5119/1627/766
f 5122/1627/765 5124/1627/765 5110/1627/765
f 5122/1627/715 5118/1627/715 5124/1627/715
f 5124/1627/733 5128/1627/733 5110/1627/733
f 5129/1627/715 5125/1627/715 5124/1627/715
f 5124/1627/738 5125/1627/738 5128/1627/738
f 5124/1627/760 5130/1627/760 5126/1627/760
f 5129/1627/715 5124/1627/715 5126/1627/715
f 5124/1627/761 5127/1627/761 5130/1627/761
f 5118/1627/738 5127/1627/738 5124/1627/738
f 5131/1627/741 5126/1627/741 5130/1627/741
f 5127/1627/715 5131/1627/715 5130/1627/715
f 5131/1627/743 5132/1627/743 5126/1627/743
f 5133/1627/718 5132/1627/718 5131/1627/718
f 5127/1627/715 5133/1627/715 5131/1627/715
f 5118/1627/733 5133/1627/733 5127/1627/733
f 5133/1627/762 5118/1627/762 5132/1627/762
f 5126/1627/715 5132/1627/715 5134/1627/715
f 5134/1627/764 5132/1627/764 5115/1627/764
f 5132/1627/768 5136/1627/768 5115/1627/768
f 5132/1627/743 5135/1627/743 5136/1627/743
f 5132/1627/715 5120/1627/715 5135/1627/715
f 5132/1627/715 5118/1627/715 5120/1627/715
f 5115/1627/714 5136/1627/714 5117/1627/714
f 5136/1627/762 5120/1627/762 5117/1627/762
f 5136/1627/718 5135/1627/718 5120/1627/718
f 5138/1627/741 5134/1627/741 5137/1627/741
f 5134/1627/766 5115/1627/766 5137/1627/766
f 5126/1627/715 5134/1627/715 5138/1627/715
f 5126/1627/767 5138/1627/767 5139/1627/767
f 5138/1627/743 5137/1627/743 5139/1627/743
f 5137/1627/714 5113/1627/714 5139/1627/714
f 5126/1627/767 5139/1627/767 5113/1627/767
f 5137/1627/714 5115/1627/714 5113/1627/714
f 5129/1627/743 5126/1627/743 5113/1627/743
f 5125/1627/760 5129/1627/760 5140/1627/760
f 5129/1627/743 5113/1627/743 5140/1627/743
f 5125/1627/761 5140/1627/761 5128/1627/761
f 5140/1627/714 5110/1627/714 5128/1627/714
f 5140/1627/714 5113/1627/714 5110/1627/714
f 5115/1627/741 5111/1627/741 5113/1627/741
f 5144/1627/733 5142/1627/733 5141/1627/733
f 5145/1627/760 5141/1627/760 5142/1627/760
f 5141/1627/714 5143/1627/714 5146/1627/714
f 5145/1627/761 5143/1627/761 5141/1627/761
f 5141/1627/714 5146/1627/714 5144/1627/714
f 5146/1627/718 5148/1627/718 5144/1627/718
f 5147/1627/741 5146/1627/741 5143/1627/741
f 5146/1627/762 5147/1627/762 5148/1627/762
f 5147/1627/714 5149/1627/714 5148/1627/714
f 5152/1627/738 5148/1627/738 5149/1627/738
f 5152/1627/763 5150/1627/763 5148/1627/763
f 5150/1627/718 5151/1627/718 5148/1627/718
f 5148/1627/714 5151/1627/714 5153/1627/714
f 5144/1627/738 5148/1627/738 5142/1627/738
f 5148/1627/714 5153/1627/714 5142/1627/714
f 5154/1627/767 5142/1627/767 5153/1627/767
f 5153/1627/738 5155/1627/738 5154/1627/738
f 5153/1627/733 5151/1627/733 5155/1627/733
f 5154/1627/715 5155/1627/715 5150/1627/715
f 5150/1627/766 5155/1627/766 5151/1627/766
f 5154/1627/765 5156/1627/765 5142/1627/765
f 5154/1627/715 5150/1627/715 5156/1627/715
f 5156/1627/733 5160/1627/733 5142/1627/733
f 5161/1627/715 5157/1627/715 5156/1627/715
f 5156/1627/738 5157/1627/738 5160/1627/738
f 5156/1627/761 5162/1627/761 5158/1627/761
f 5161/1627/715 5156/1627/715 5158/1627/715
f 5156/1627/760 5159/1627/760 5162/1627/760
f 5150/1627/738 5159/1627/738 5156/1627/738
f 5163/1627/741 5158/1627/741 5162/1627/741
f 5159/1627/715 5163/1627/715 5162/1627/715
f 5163/1627/743 5164/1627/743 5158/1627/743
f 5165/1627/762 5164/1627/762 5163/1627/762
f 5159/1627/715 5165/1627/715 5163/1627/715
f 5150/1627/733 5165/1627/733 5159/1627/733
f 5165/1627/718 5150/1627/718 5164/1627/718
f 5158/1627/715 5164/1627/715 5166/1627/715
f 5166/1627/764 5164/1627/764 5147/1627/764
f 5164/1627/741 5168/1627/741 5147/1627/741
f 5164/1627/743 5167/1627/743 5168/1627/743
f 5164/1627/715 5152/1627/715 5167/1627/715
f 5164/1627/715 5150/1627/715 5152/1627/715
f 5147/1627/714 5168/1627/714 5149/1627/714
f 5168/1627/762 5152/1627/762 5149/1627/762
f 5168/1627/718 5167/1627/718 5152/1627/718
f 5170/1627/741 5166/1627/741 5169/1627/741
f 5166/1627/766 5147/1627/766 5169/1627/766
f 5158/1627/715 5166/1627/715 5170/1627/715
f 5158/1627/767 5170/1627/767 5171/1627/767
f 5170/1627/743 5169/1627/743 5171/1627/743
f 5169/1627/714 5145/1627/714 5171/1627/714
f 5158/1627/767 5171/1627/767 5145/1627/767
f 5169/1627/714 5147/1627/714 5145/1627/714
f 5161/1627/743 5158/1627/743 5145/1627/743
f 5157/1627/760 5161/1627/760 5172/1627/760
f 5161/1627/743 5145/1627/743 5172/1627/743
f 5157/1627/761 5172/1627/761 5160/1627/761
f 5172/1627/714 5142/1627/714 5160/1627/714
f 5172/1627/714 5145/1627/714 5142/1627/714
f 5147/1627/743 5143/1627/743 5145/1627/743
f 5176/1627/738 5174/1627/738 5173/1627/738
f 5177/1627/761 5173/1627/761 5174/1627/761
f 5173/1627/714 5175/1627/714 5178/1627/714
f 5177/1627/760 5175/1627/760 5173/1627/760
f 5173/1627/714 5178/1627/714 5176/1627/714
f 5178/1627/762 5180/1627/762 5176/1627/762
f 5179/1627/743 5178/1627/743 5175/1627/743
f 5178/1627/718 5179/1627/718 5180/1627/718
f 5179/1627/714 5181/1627/714 5180/1627/714
f 5184/1627/738 5180/1627/738 5181/1627/738
f 5184/1627/763 5182/1627/763 5180/1627/763
f 5182/1627/718 5183/1627/718 5180/1627/718
f 5180/1627/714 5183/1627/714 5185/1627/714
f 5176/1627/733 5180/1627/733 5174/1627/733
f 5180/1627/714 5185/1627/714 5174/1627/714
f 5186/1627/767 5174/1627/767 5185/1627/767
f 5185/1627/738 5187/1627/738 5186/1627/738
f 5185/1627/733 5183/1627/733 5187/1627/733
f 5186/1627/754 5187/1627/754 5182/1627/754
f 5182/1627/766 5187/1627/766 5183/1627/766
f 5186/1627/765 5188/1627/765 5174/1627/765
f 5186/1627/756 5182/1627/756 5188/1627/756
f 5188/1627/733 5192/1627/733 5174/1627/733
f 5193/1627/754 5189/1627/754 5188/1627/754
f 5188/1627/738 5189/1627/738 5192/1627/738
f 5188/1627/761 5194/1627/761 5190/1627/761
f 5193/1627/715 5188/1627/715 5190/1627/715
f 5188/1627/761 5191/1627/761 5194/1627/761
f 5182/1627/738 5191/1627/738 5188/1627/738
f 5195/1627/768 5190/1627/768 5194/1627/768
f 5191/1627/715 5195/1627/715 5194/1627/715
f 5195/1627/743 5196/1627/743 5190/1627/743
f 5197/1627/718 5196/1627/718 5195/1627/718
f 5191/1627/715 5197/1627/715 5195/1627/715
f 5182/1627/763 5197/1627/763 5191/1627/763
f 5197/1627/718 5182/1627/718 5196/1627/718
f 5190/1627/754 5196/1627/754 5198/1627/754
f 5198/1627/764 5196/1627/764 5179/1627/764
f 5196/1627/741 5200/1627/741 5179/1627/741
f 5196/1627/743 5199/1627/743 5200/1627/743
f 5196/1627/756 5184/1627/756 5199/1627/756
f 5196/1627/715 5182/1627/715 5184/1627/715
f 5179/1627/714 5200/1627/714 5181/1627/714
f 5200/1627/762 5184/1627/762 5181/1627/762
f 5200/1627/718 5199/1627/718 5184/1627/718
f 5202/1627/741 5198/1627/741 5201/1627/741
f 5198/1627/766 5179/1627/766 5201/1627/766
f 5190/1627/756 5198/1627/756 5202/1627/756
f 5190/1627/767 5202/1627/767 5203/1627/767
f 5202/1627/743 5201/1627/743 5203/1627/743
f 5201/1627/714 5177/1627/714 5203/1627/714
f 5190/1627/767 5203/1627/767 5177/1627/767
f 5201/1627/714 5179/1627/714 5177/1627/714
f 5193/1627/743 5190/1627/743 5177/1627/743
f 5189/1627/760 5193/1627/760 5204/1627/760
f 5193/1627/743 5177/1627/743 5204/1627/743
f 5189/1627/761 5204/1627/761 5192/1627/761
f 5204/1627/714 5174/1627/714 5192/1627/714
f 5204/1627/714 5177/1627/714 5174/1627/714
f 5179/1627/741 5175/1627/741 5177/1627/741
f 5208/1627/733 5206/1627/733 5205/1627/733
f 5209/1627/761 5205/1627/761 5206/1627/761
f 5205/1627/714 5207/1627/714 5210/1627/714
f 5209/1627/761 5207/1627/761 5205/1627/761
f 5205/1627/714 5210/1627/714 5208/1627/714
f 5210/1627/718 5212/1627/718 5208/1627/718
f 5211/1627/741 5210/1627/741 5207/1627/741
f 5210/1627/718 5211/1627/718 5212/1627/718
f 5211/1627/758 5213/1627/758 5212/1627/758
f 5216/1627/738 5212/1627/738 5213/1627/738
f 5216/1627/763 5214/1627/763 5212/1627/763
f 5214/1627/718 5215/1627/718 5212/1627/718
f 5212/1627/759 5215/1627/759 5217/1627/759
f 5208/1627/738 5212/1627/738 5206/1627/738
f 5212/1627/758 5217/1627/758 5206/1627/758
f 5218/1627/767 5206/1627/767 5217/1627/767
f 5217/1627/738 5219/1627/738 5218/1627/738
f 5217/1627/733 5215/1627/733 5219/1627/733
f 5218/1627/715 5219/1627/715 5214/1627/715
f 5214/1627/766 5219/1627/766 5215/1627/766
f 5218/1627/765 5220/1627/765 5206/1627/765
f 5218/1627/715 5214/1627/715 5220/1627/715
f 5220/1627/733 5224/1627/733 5206/1627/733
f 5225/1627/754 5221/1627/754 5220/1627/754
f 5220/1627/738 5221/1627/738 5224/1627/738
f 5220/1627/767 5226/1627/767 5222/1627/767
f 5225/1627/715 5220/1627/715 5222/1627/715
f 5220/1627/765 5223/1627/765 5226/1627/765
f 5214/1627/769 5223/1627/769 5220/1627/769
f 5227/1627/741 5222/1627/741 5226/1627/741
f 5223/1627/715 5227/1627/715 5226/1627/715
f 5227/1627/770 5228/1627/770 5222/1627/770
f 5229/1627/764 5228/1627/764 5227/1627/764
f 5223/1627/715 5229/1627/715 5227/1627/715
f 5214/1627/733 5229/1627/733 5223/1627/733
f 5229/1627/766 5214/1627/766 5228/1627/766
f 5222/1627/715 5228/1627/715 5230/1627/715
f 5230/1627/764 5228/1627/764 5211/1627/764
f 5228/1627/741 5232/1627/741 5211/1627/741
f 5228/1627/743 5231/1627/743 5232/1627/743
f 5228/1627/756 5216/1627/756 5231/1627/756
f 5228/1627/715 5214/1627/715 5216/1627/715
f 5211/1627/714 5232/1627/714 5213/1627/714
f 5232/1627/762 5216/1627/762 5213/1627/762
f 5232/1627/718 5231/1627/718 5216/1627/718
f 5234/1627/741 5230/1627/741 5233/1627/741
f 5230/1627/766 5211/1627/766 5233/1627/766
f 5222/1627/715 5230/1627/715 5234/1627/715
f 5222/1627/767 5234/1627/767 5235/1627/767
f 5234/1627/743 5233/1627/743 5235/1627/743
f 5233/1627/758 5209/1627/758 5235/1627/758
f 5222/1627/767 5235/1627/767 5209/1627/767
f 5233/1627/759 5211/1627/759 5209/1627/759
f 5225/1627/743 5222/1627/743 5209/1627/743
f 5221/1627/760 5225/1627/760 5236/1627/760
f 5225/1627/743 5209/1627/743 5236/1627/743
f 5221/1627/761 5236/1627/761 5224/1627/761
f 5236/1627/758 5206/1627/758 5224/1627/758
f 5236/1627/759 5209/1627/759 5206/1627/759
f 5211/1627/743 5207/1627/743 5209/1627/743
f 5240/1627/733 5238/1627/733 5237/1627/733
f 5241/1627/761 5237/1627/761 5238/1627/761
f 5241/1627/760 5239/1627/760 5237/1627/760
f 5239/1627/714 5240/1627/714 5237/1627/714
f 5246/1627/714 5242/1627/714 5241/1627/714
f 5247/1627/770 5241/1627/770 5242/1627/770
f 5246/1627/714 5241/1627/714 5238/1627/714
f 5245/1627/743 5239/1627/743 5241/1627/743
f 5247/1627/741 5243/1627/741 5241/1627/741
f 5243/1627/767 5244/1627/767 5241/1627/767
f 5248/1627/714 5241/1627/714 5244/1627/714
f 5248/1627/714 5245/1627/714 5241/1627/714
f 5249/1627/718 5245/1627/718 5248/1627/718
f 5250/1627/741 5249/1627/741 5248/1627/741
f 5250/1627/741 5248/1627/741 5244/1627/741
f 5243/1627/765 5250/1627/765 5244/1627/765
f 5243/1627/715 5249/1627/715 5250/1627/715
f 5243/1627/715 5251/1627/715 5249/1627/715
f 5249/1627/766 5251/1627/766 5245/1627/766
f 5251/1627/741 5255/1627/741 5245/1627/741
f 5251/1627/743 5252/1627/743 5255/1627/743
f 5254/1627/715 5252/1627/715 5251/1627/715
f 5253/1627/743 5251/1627/743 5243/1627/743
f 5256/1627/762 5251/1627/762 5253/1627/762
f 5256/1627/762 5254/1627/762 5251/1627/762
f 5257/1627/715 5256/1627/715 5253/1627/715
f 5254/1627/733 5256/1627/733 5257/1627/733
f 5258/1627/760 5257/1627/760 5259/1627/760
f 5254/1627/738 5257/1627/738 5258/1627/738
f 5257/1627/715 5253/1627/715 5259/1627/715
f 5253/1627/741 5243/1627/741 5259/1627/741
f 5258/1627/760 5259/1627/760 5243/1627/760
f 5260/1627/767 5258/1627/767 5238/1627/767
f 5260/1627/715 5254/1627/715 5258/1627/715
f 5258/1627/733 5246/1627/733 5238/1627/733
f 5261/1627/715 5258/1627/715 5243/1627/715
f 5258/1627/738 5261/1627/738 5246/1627/738
f 5261/1627/761 5242/1627/761 5246/1627/761
f 5261/1627/760 5247/1627/760 5242/1627/760
f 5261/1627/715 5243/1627/715 5247/1627/715
f 5262/1627/733 5263/1627/733 5260/1627/733
f 5260/1627/765 5238/1627/765 5262/1627/765
f 5260/1627/715 5263/1627/715 5254/1627/715
f 5254/1627/764 5263/1627/764 5264/1627/764
f 5262/1627/733 5264/1627/733 5263/1627/733
f 5265/1627/714 5264/1627/714 5262/1627/714
f 5254/1627/762 5264/1627/762 5265/1627/762
f 5265/1627/714 5255/1627/714 5266/1627/714
f 5267/1627/738 5265/1627/738 5266/1627/738
f 5267/1627/738 5254/1627/738 5265/1627/738
f 5240/1627/733 5265/1627/733 5238/1627/733
f 5268/1627/762 5265/1627/762 5240/1627/762
f 5265/1627/714 5245/1627/714 5255/1627/714
f 5268/1627/718 5245/1627/718 5265/1627/718
f 5265/1627/714 5262/1627/714 5238/1627/714
f 5239/1627/714 5268/1627/714 5240/1627/714
f 5245/1627/741 5268/1627/741 5239/1627/741
f 5255/1627/762 5267/1627/762 5266/1627/762
f 5254/1627/715 5267/1627/715 5252/1627/715
f 5255/1627/718 5252/1627/718 5267/1627/718
f 5272/1627/733 5270/1627/733 5269/1627/733
f 5273/1627/760 5269/1627/760 5270/1627/760
f 5273/1627/760 5271/1627/760 5269/1627/760
f 5271/1627/714 5272/1627/714 5269/1627/714
f 5278/1627/714 5274/1627/714 5273/1627/714
f 5279/1627/743 5273/1627/743 5274/1627/743
f 5278/1627/714 5273/1627/714 5270/1627/714
f 5277/1627/743 5271/1627/743 5273/1627/743
f 5279/1627/741 5275/1627/741 5273/1627/741
f 5275/1627/767 5276/1627/767 5273/1627/767
f 5280/1627/714 5273/1627/714 5276/1627/714
f 5280/1627/714 5277/1627/714 5273/1627/714
f 5281/1627/764 5277/1627/764 5280/1627/764
f 5282/1627/741 5281/1627/741 5280/1627/741
f 5282/1627/741 5280/1627/741 5276/1627/741
f 5275/1627/765 5282/1627/765 5276/1627/765
f 5275/1627/715 5281/1627/715 5282/1627/715
f 5275/1627/715 5283/1627/715 5281/1627/715
f 5281/1627/766 5283/1627/766 5277/1627/766
f 5283/1627/741 5287/1627/741 5277/1627/741
f 5283/1627/743 5284/1627/743 5287/1627/743
f 5286/1627/715 5284/1627/715 5283/1627/715
f 5285/1627/741 5283/1627/741 5275/1627/741
f 5288/1627/762 5283/1627/762 5285/1627/762
f 5288/1627/718 5286/1627/718 5283/1627/718
f 5289/1627/715 5288/1627/715 5285/1627/715
f 5286/1627/738 5288/1627/738 5289/1627/738
f 5290/1627/760 5289/1627/760 5291/1627/760
f 5286/1627/733 5289/1627/733 5290/1627/733
f 5289/1627/715 5285/1627/715 5291/1627/715
f 5285/1627/741 5275/1627/741 5291/1627/741
f 5290/1627/761 5291/1627/761 5275/1627/761
f 5292/1627/767 5290/1627/767 5270/1627/767
f 5292/1627/715 5286/1627/715 5290/1627/715
f 5290/1627/733 5278/1627/733 5270/1627/733
f 5293/1627/715 5290/1627/715 5275/1627/715
f 5290/1627/738 5293/1627/738 5278/1627/738
f 5293/1627/761 5274/1627/761 5278/1627/761
f 5293/1627/760 5279/1627/760 5274/1627/760
f 5293/1627/715 5275/1627/715 5279/1627/715
f 5294/1627/733 5295/1627/733 5292/1627/733
f 5292/1627/765 5270/1627/765 5294/1627/765
f 5292/1627/715 5295/1627/715 5286/1627/715
f 5286/1627/764 5295/1627/764 5296/1627/764
f 5294/1627/733 5296/1627/733 5295/1627/733
f 5297/1627/714 5296/1627/714 5294/1627/714
f 5286/1627/766 5296/1627/766 5297/1627/766
f 5297/1627/714 5287/1627/714 5298/1627/714
f 5299/1627/738 5297/1627/738 5298/1627/738
f 5299/1627/738 5286/1627/738 5297/1627/738
f 5272/1627/738 5297/1627/738 5270/1627/738
f 5300/1627/762 5297/1627/762 5272/1627/762
f 5297/1627/714 5277/1627/714 5287/1627/714
f 5300/1627/762 5277/1627/762 5297/1627/762
f 5297/1627/714 5294/1627/714 5270/1627/714
f 5271/1627/714 5300/1627/714 5272/1627/714
f 5277/1627/741 5300/1627/741 5271/1627/741
f 5287/1627/762 5299/1627/762 5298/1627/762
f 5286/1627/715 5299/1627/715 5284/1627/715
f 5287/1627/718 5284/1627/718 5299/1627/718
f 5304/1627/733 5302/1627/733 5301/1627/733
f 5305/1627/761 5301/1627/761 5302/1627/761
f 5305/1627/760 5303/1627/760 5301/1627/760
f 5303/1627/714 5304/1627/714 5301/1627/714
f 5310/1627/714 5306/1627/714 5305/1627/714
f 5311/1627/743 5305/1627/743 5306/1627/743
f 5310/1627/714 5305/1627/714 5302/1627/714
f 5309/1627/741 5303/1627/741 5305/1627/741
f 5311/1627/741 5307/1627/741 5305/1627/741
f 5307/1627/767 5308/1627/767 5305/1627/767
f 5312/1627/714 5305/1627/714 5308/1627/714
f 5312/1627/714 5309/1627/714 5305/1627/714
f 5313/1627/764 5309/1627/764 5312/1627/764
f 5314/1627/741 5313/1627/741 5312/1627/741
f 5314/1627/741 5312/1627/741 5308/1627/741
f 5307/1627/765 5314/1627/765 5308/1627/765
f 5307/1627/754 5313/1627/754 5314/1627/754
f 5307/1627/715 5315/1627/715 5313/1627/715
f 5313/1627/766 5315/1627/766 5309/1627/766
f 5315/1627/741 5319/1627/741 5309/1627/741
f 5315/1627/743 5316/1627/743 5319/1627/743
f 5318/1627/715 5316/1627/715 5315/1627/715
f 5317/1627/743 5315/1627/743 5307/1627/743
f 5320/1627/764 5315/1627/764 5317/1627/764
f 5320/1627/766 5318/1627/766 5315/1627/766
f 5321/1627/715 5320/1627/715 5317/1627/715
f 5318/1627/733 5320/1627/733 5321/1627/733
f 5322/1627/765 5321/1627/765 5323/1627/765
f 5318/1627/738 5321/1627/738 5322/1627/738
f 5321/1627/715 5317/1627/715 5323/1627/715
f 5317/1627/741 5307/1627/741 5323/1627/741
f 5322/1627/767 5323/1627/767 5307/1627/767
f 5324/1627/767 5322/1627/767 5302/1627/767
f 5324/1627/754 5318/1627/754 5322/1627/754
f 5322/1627/733 5310/1627/733 5302/1627/733
f 5325/1627/715 5322/1627/715 5307/1627/715
f 5322/1627/738 5325/1627/738 5310/1627/738
f 5325/1627/761 5306/1627/761 5310/1627/761
f 5325/1627/760 5311/1627/760 5306/1627/760
f 5325/1627/715 5307/1627/715 5311/1627/715
f 5326/1627/733 5327/1627/733 5324/1627/733
f 5324/1627/765 5302/1627/765 5326/1627/765
f 5324/1627/715 5327/1627/715 5318/1627/715
f 5318/1627/764 5327/1627/764 5328/1627/764
f 5326/1627/733 5328/1627/733 5327/1627/733
f 5329/1627/714 5328/1627/714 5326/1627/714
f 5318/1627/766 5328/1627/766 5329/1627/766
f 5329/1627/714 5319/1627/714 5330/1627/714
f 5331/1627/738 5329/1627/738 5330/1627/738
f 5331/1627/738 5318/1627/738 5329/1627/738
f 5304/1627/738 5329/1627/738 5302/1627/738
f 5332/1627/762 5329/1627/762 5304/1627/762
f 5329/1627/714 5309/1627/714 5319/1627/714
f 5332/1627/718 5309/1627/718 5329/1627/718
f 5329/1627/714 5326/1627/714 5302/1627/714
f 5303/1627/714 5332/1627/714 5304/1627/714
f 5309/1627/741 5332/1627/741 5303/1627/741
f 5319/1627/762 5331/1627/762 5330/1627/762
f 5318/1627/715 5331/1627/715 5316/1627/715
f 5319/1627/718 5316/1627/718 5331/1627/718
f 5336/1627/763 5334/1627/763 5333/1627/763
f 5337/1627/767 5333/1627/767 5334/1627/767
f 5337/1627/765 5335/1627/765 5333/1627/765
f 5335/1627/714 5336/1627/714 5333/1627/714
f 5342/1627/759 5338/1627/759 5337/1627/759
f 5343/1627/743 5337/1627/743 5338/1627/743
f 5342/1627/714 5337/1627/714 5334/1627/714
f 5341/1627/743 5335/1627/743 5337/1627/743
f 5343/1627/741 5339/1627/741 5337/1627/741
f 5339/1627/767 5340/1627/767 5337/1627/767
f 5344/1627/714 5337/1627/714 5340/1627/714
f 5344/1627/758 5341/1627/758 5337/1627/758
f 5345/1627/764 5341/1627/764 5344/1627/764
f 5346/1627/741 5345/1627/741 5344/1627/741
f 5346/1627/741 5344/1627/741 5340/1627/741
f 5339/1627/765 5346/1627/765 5340/1627/765
f 5339/1627/754 5345/1627/754 5346/1627/754
f 5339/1627/756 5347/1627/756 5345/1627/756
f 5345/1627/766 5347/1627/766 5341/1627/766
f 5347/1627/741 5351/1627/741 5341/1627/741
f 5347/1627/743 5348/1627/743 5351/1627/743
f 5350/1627/715 5348/1627/715 5347/1627/715
f 5349/1627/770 5347/1627/770 5339/1627/770
f 5352/1627/718 5347/1627/718 5349/1627/718
f 5352/1627/766 5350/1627/766 5347/1627/766
f 5353/1627/715 5352/1627/715 5349/1627/715
f 5350/1627/738 5352/1627/738 5353/1627/738
f 5354/1627/761 5353/1627/761 5355/1627/761
f 5350/1627/769 5353/1627/769 5354/1627/769
f 5353/1627/715 5349/1627/715 5355/1627/715
f 5349/1627/741 5339/1627/741 5355/1627/741
f 5354/1627/767 5355/1627/767 5339/1627/767
f 5356/1627/767 5354/1627/767 5334/1627/767
f 5356/1627/754 5350/1627/754 5354/1627/754
f 5354/1627/733 5342/1627/733 5334/1627/733
f 5357/1627/715 5354/1627/715 5339/1627/715
f 5354/1627/738 5357/1627/738 5342/1627/738
f 5357/1627/761 5338/1627/761 5342/1627/761
f 5357/1627/760 5343/1627/760 5338/1627/760
f 5357/1627/715 5339/1627/715 5343/1627/715
f 5358/1627/733 5359/1627/733 5356/1627/733
f 5356/1627/765 5334/1627/765 5358/1627/765
f 5356/1627/756 5359/1627/756 5350/1627/756
f 5350/1627/764 5359/1627/764 5360/1627/764
f 5358/1627/733 5360/1627/733 5359/1627/733
f 5361/1627/758 5360/1627/758 5358/1627/758
f 5350/1627/766 5360/1627/766 5361/1627/766
f 5361/1627/714 5351/1627/714 5362/1627/714
f 5363/1627/738 5361/1627/738 5362/1627/738
f 5363/1627/738 5350/1627/738 5361/1627/738
f 5336/1627/738 5361/1627/738 5334/1627/738
f 5364/1627/764 5361/1627/764 5336/1627/764
f 5361/1627/759 5341/1627/759 5351/1627/759
f 5364/1627/766 5341/1627/766 5361/1627/766
f 5361/1627/714 5358/1627/714 5334/1627/714
f 5335/1627/714 5364/1627/714 5336/1627/714
f 5341/1627/741 5364/1627/741 5335/1627/741
f 5351/1627/762 5363/1627/762 5362/1627/762
f 5350/1627/715 5363/1627/715 5348/1627/715
f 5351/1627/718 5348/1627/718 5363/1627/718
f 5368/1627/738 5366/1627/738 5365/1627/738
f 5369/1627/760 5365/1627/760 5366/1627/760
f 5365/1627/714 5367/1627/714 5370/1627/714
f 5369/1627/761 5367/1627/761 5365/1627/761
f 5365/1627/714 5370/1627/714 5368/1627/714
f 5370/1627/718 5372/1627/718 5368/1627/718
f 5371/1627/743 5370/1627/743 5367/1627/743
f 5370/1627/762 5371/1627/762 5372/1627/762
f 5371/1627/714 5373/1627/714 5372/1627/714
f 5376/1627/763 5372/1627/763 5373/1627/763
f 5376/1627/733 5374/1627/733 5372/1627/733
f 5374/1627/766 5375/1627/766 5372/1627/766
f 5372/1627/714 5375/1627/714 5377/1627/714
f 5368/1627/738 5372/1627/738 5366/1627/738
f 5372/1627/714 5377/1627/714 5366/1627/714
f 5378/1627/765 5366/1627/765 5377/1627/765
f 5377/1627/738 5379/1627/738 5378/1627/738
f 5377/1627/733 5375/1627/733 5379/1627/733
f 5378/1627/715 5379/1627/715 5374/1627/715
f 5374/1627/718 5379/1627/718 5375/1627/718
f 5378/1627/767 5380/1627/767 5366/1627/767
f 5378/1627/715 5374/1627/715 5380/1627/715
f 5380/1627/738 5384/1627/738 5366/1627/738
f 5385/1627/715 5381/1627/715 5380/1627/715
f 5380/1627/733 5381/1627/733 5384/1627/733
f 5380/1627/760 5386/1627/760 5382/1627/760
f 5385/1627/715 5380/1627/715 5382/1627/715
f 5380/1627/761 5383/1627/761 5386/1627/761
f 5374/1627/738 5383/1627/738 5380/1627/738
f 5387/1627/741 5382/1627/741 5386/1627/741
f 5383/1627/715 5387/1627/715 5386/1627/715
f 5387/1627/743 5388/1627/743 5382/1627/743
f 5389/1627/718 5388/1627/718 5387/1627/718
f 5383/1627/715 5389/1627/715 5387/1627/715
f 5374/1627/733 5389/1627/733 5383/1627/733
f 5389/1627/762 5374/1627/762 5388/1627/762
f 5382/1627/715 5388/1627/715 5390/1627/715
f 5390/1627/766 5388/1627/766 5371/1627/766
f 5388/1627/741 5392/1627/741 5371/1627/741
f 5388/1627/743 5391/1627/743 5392/1627/743
f 5388/1627/715 5376/1627/715 5391/1627/715
f 5388/1627/715 5374/1627/715 5376/1627/715
f 5371/1627/714 5392/1627/714 5373/1627/714
f 5392/1627/718 5376/1627/718 5373/1627/718
f 5392/1627/718 5391/1627/718 5376/1627/718
f 5394/1627/741 5390/1627/741 5393/1627/741
f 5390/1627/718 5371/1627/718 5393/1627/718
f 5382/1627/715 5390/1627/715 5394/1627/715
f 5382/1627/760 5394/1627/760 5395/1627/760
f 5394/1627/743 5393/1627/743 5395/1627/743
f 5393/1627/714 5369/1627/714 5395/1627/714
f 5382/1627/767 5395/1627/767 5369/1627/767
f 5393/1627/714 5371/1627/714 5369/1627/714
f 5385/1627/743 5382/1627/743 5369/1627/743
f 5381/1627/761 5385/1627/761 5396/1627/761
f 5385/1627/741 5369/1627/741 5396/1627/741
f 5381/1627/761 5396/1627/761 5384/1627/761
f 5396/1627/714 5366/1627/714 5384/1627/714
f 5396/1627/714 5369/1627/714 5366/1627/714
f 5371/1627/741 5367/1627/741 5369/1627/741
f 5400/1627/733 5398/1627/733 5397/1627/733
f 5401/1627/760 5397/1627/760 5398/1627/760
f 5397/1627/714 5399/1627/714 5402/1627/714
f 5401/1627/761 5399/1627/761 5397/1627/761
f 5397/1627/714 5402/1627/714 5400/1627/714
f 5402/1627/718 5404/1627/718 5400/1627/718
f 5403/1627/741 5402/1627/741 5399/1627/741
f 5402/1627/762 5403/1627/762 5404/1627/762
f 5403/1627/714 5405/1627/714 5404/1627/714
f 5408/1627/733 5404/1627/733 5405/1627/733
f 5408/1627/733 5406/1627/733 5404/1627/733
f 5406/1627/766 5407/1627/766 5404/1627/766
f 5404/1627/714 5407/1627/714 5409/1627/714
f 5400/1627/738 5404/1627/738 5398/1627/738
f 5404/1627/714 5409/1627/714 5398/1627/714
f 5410/1627/765 5398/1627/765 5409/1627/765
f 5409/1627/738 5411/1627/738 5410/1627/738
f 5409/1627/733 5407/1627/733 5411/1627/733
f 5410/1627/715 5411/1627/715 5406/1627/715
f 5406/1627/718 5411/1627/718 5407/1627/718
f 5410/1627/767 5412/1627/767 5398/1627/767
f 5410/1627/715 5406/1627/715 5412/1627/715
f 5412/1627/733 5416/1627/733 5398/1627/733
f 5417/1627/715 5413/1627/715 5412/1627/715
f 5412/1627/733 5413/1627/733 5416/1627/733
f 5412/1627/761 5418/1627/761 5414/1627/761
f 5417/1627/715 5412/1627/715 5414/1627/715
f 5412/1627/760 5415/1627/760 5418/1627/760
f 5406/1627/733 5415/1627/733 5412/1627/733
f 5419/1627/741 5414/1627/741 5418/1627/741
f 5415/1627/715 5419/1627/715 5418/1627/715
f 5419/1627/741 5420/1627/741 5414/1627/741
f 5421/1627/762 5420/1627/762 5419/1627/762
f 5415/1627/715 5421/1627/715 5419/1627/715
f 5406/1627/738 5421/1627/738 5415/1627/738
f 5421/1627/718 5406/1627/718 5420/1627/718
f 5414/1627/715 5420/1627/715 5422/1627/715
f 5422/1627/766 5420/1627/766 5403/1627/766
f 5420/1627/741 5424/1627/741 5403/1627/741
f 5420/1627/743 5423/1627/743 5424/1627/743
f 5420/1627/715 5408/1627/715 5423/1627/715
f 5420/1627/715 5406/1627/715 5408/1627/715
f 5403/1627/714 5424/1627/714 5405/1627/714
f 5424/1627/718 5408/1627/718 5405/1627/718
f 5424/1627/718 5423/1627/718 5408/1627/718
f 5426/1627/741 5422/1627/741 5425/1627/741
f 5422/1627/764 5403/1627/764 5425/1627/764
f 5414/1627/715 5422/1627/715 5426/1627/715
f 5414/1627/760 5426/1627/760 5427/1627/760
f 5426/1627/743 5425/1627/743 5427/1627/743
f 5425/1627/714 5401/1627/714 5427/1627/714
f 5414/1627/767 5427/1627/767 5401/1627/767
f 5425/1627/714 5403/1627/714 5401/1627/714
f 5417/1627/743 5414/1627/743 5401/1627/743
f 5413/1627/761 5417/1627/761 5428/1627/761
f 5417/1627/741 5401/1627/741 5428/1627/741
f 5413/1627/761 5428/1627/761 5416/1627/761
f 5428/1627/714 5398/1627/714 5416/1627/714
f 5428/1627/714 5401/1627/714 5398/1627/714
f 5403/1627/743 5399/1627/743 5401/1627/743
f 5432/1627/733 5430/1627/733 5429/1627/733
f 5433/1627/761 5429/1627/761 5430/1627/761
f 5429/1627/714 5431/1627/714 5434/1627/714
f 5433/1627/760 5431/1627/760 5429/1627/760
f 5429/1627/714 5434/1627/714 5432/1627/714
f 5434/1627/762 5436/1627/762 5432/1627/762
f 5435/1627/741 5434/1627/741 5431/1627/741
f 5434/1627/718 5435/1627/718 5436/1627/718
f 5435/1627/714 5437/1627/714 5436/1627/714
f 5440/1627/733 5436/1627/733 5437/1627/733
f 5440/1627/733 5438/1627/733 5436/1627/733
f 5438/1627/766 5439/1627/766 5436/1627/766
f 5436/1627/714 5439/1627/714 5441/1627/714
f 5432/1627/738 5436/1627/738 5430/1627/738
f 5436/1627/714 5441/1627/714 5430/1627/714
f 5442/1627/765 5430/1627/765 5441/1627/765
f 5441/1627/738 5443/1627/738 5442/1627/738
f 5441/1627/733 5439/1627/733 5443/1627/733
f 5442/1627/754 5443/1627/754 5438/1627/754
f 5438/1627/718 5443/1627/718 5439/1627/718
f 5442/1627/767 5444/1627/767 5430/1627/767
f 5442/1627/756 5438/1627/756 5444/1627/756
f 5444/1627/733 5448/1627/733 5430/1627/733
f 5449/1627/754 5445/1627/754 5444/1627/754
f 5444/1627/733 5445/1627/733 5448/1627/733
f 5444/1627/761 5450/1627/761 5446/1627/761
f 5449/1627/715 5444/1627/715 5446/1627/715
f 5444/1627/761 5447/1627/761 5450/1627/761
f 5438/1627/738 5447/1627/738 5444/1627/738
f 5451/1627/741 5446/1627/741 5450/1627/741
f 5447/1627/715 5451/1627/715 5450/1627/715
f 5451/1627/743 5452/1627/743 5446/1627/743
f 5453/1627/718 5452/1627/718 5451/1627/718
f 5447/1627/715 5453/1627/715 5451/1627/715
f 5438/1627/733 5453/1627/733 5447/1627/733
f 5453/1627/718 5438/1627/718 5452/1627/718
f 5446/1627/754 5452/1627/754 5454/1627/754
f 5454/1627/766 5452/1627/766 5435/1627/766
f 5452/1627/741 5456/1627/741 5435/1627/741
f 5452/1627/743 5455/1627/743 5456/1627/743
f 5452/1627/756 5440/1627/756 5455/1627/756
f 5452/1627/715 5438/1627/715 5440/1627/715
f 5435/1627/714 5456/1627/714 5437/1627/714
f 5456/1627/718 5440/1627/718 5437/1627/718
f 5456/1627/718 5455/1627/718 5440/1627/718
f 5458/1627/741 5454/1627/741 5457/1627/741
f 5454/1627/764 5435/1627/764 5457/1627/764
f 5446/1627/756 5454/1627/756 5458/1627/756
f 5446/1627/760 5458/1627/760 5459/1627/760
f 5458/1627/743 5457/1627/743 5459/1627/743
f 5457/1627/714 5433/1627/714 5459/1627/714
f 5446/1627/767 5459/1627/767 5433/1627/767
f 5457/1627/714 5435/1627/714 5433/1627/714
f 5449/1627/743 5446/1627/743 5433/1627/743
f 5445/1627/761 5449/1627/761 5460/1627/761
f 5449/1627/741 5433/1627/741 5460/1627/741
f 5445/1627/761 5460/1627/761 5448/1627/761
f 5460/1627/714 5430/1627/714 5448/1627/714
f 5460/1627/714 5433/1627/714 5430/1627/714
f 5435/1627/741 5431/1627/741 5433/1627/741
f 5464/1627/733 5462/1627/733 5461/1627/733
f 5465/1627/761 5461/1627/761 5462/1627/761
f 5461/1627/714 5463/1627/714 5466/1627/714
f 5465/1627/761 5463/1627/761 5461/1627/761
f 5461/1627/714 5466/1627/714 5464/1627/714
f 5466/1627/718 5468/1627/718 5464/1627/718
f 5467/1627/741 5466/1627/741 5463/1627/741
f 5466/1627/718 5467/1627/718 5468/1627/718
f 5467/1627/758 5469/1627/758 5468/1627/758
f 5472/1627/733 5468/1627/733 5469/1627/733
f 5472/1627/733 5470/1627/733 5468/1627/733
f 5470/1627/766 5471/1627/766 5468/1627/766
f 5468/1627/759 5471/1627/759 5473/1627/759
f 5464/1627/738 5468/1627/738 5462/1627/738
f 5468/1627/758 5473/1627/758 5462/1627/758
f 5474/1627/765 5462/1627/765 5473/1627/765
f 5473/1627/738 5475/1627/738 5474/1627/738
f 5473/1627/733 5471/1627/733 5475/1627/733
f 5474/1627/715 5475/1627/715 5470/1627/715
f 5470/1627/718 5475/1627/718 5471/1627/718
f 5474/1627/767 5476/1627/767 5462/1627/767
f 5474/1627/715 5470/1627/715 5476/1627/715
f 5476/1627/733 5480/1627/733 5462/1627/733
f 5481/1627/754 5477/1627/754 5476/1627/754
f 5476/1627/733 5477/1627/733 5480/1627/733
f 5476/1627/767 5482/1627/767 5478/1627/767
f 5481/1627/715 5476/1627/715 5478/1627/715
f 5476/1627/765 5479/1627/765 5482/1627/765
f 5470/1627/769 5479/1627/769 5476/1627/769
f 5483/1627/741 5478/1627/741 5482/1627/741
f 5479/1627/715 5483/1627/715 5482/1627/715
f 5483/1627/770 5484/1627/770 5478/1627/770
f 5485/1627/764 5484/1627/764 5483/1627/764
f 5479/1627/715 5485/1627/715 5483/1627/715
f 5470/1627/738 5485/1627/738 5479/1627/738
f 5485/1627/766 5470/1627/766 5484/1627/766
f 5478/1627/715 5484/1627/715 5486/1627/715
f 5486/1627/766 5484/1627/766 5467/1627/766
f 5484/1627/741 5488/1627/741 5467/1627/741
f 5484/1627/743 5487/1627/743 5488/1627/743
f 5484/1627/756 5472/1627/756 5487/1627/756
f 5484/1627/715 5470/1627/715 5472/1627/715
f 5467/1627/714 5488/1627/714 5469/1627/714
f 5488/1627/718 5472/1627/718 5469/1627/718
f 5488/1627/718 5487/1627/718 5472/1627/718
f 5490/1627/741 5486/1627/741 5489/1627/741
f 5486/1627/764 5467/1627/764 5489/1627/764
f 5478/1627/715 5486/1627/715 5490/1627/715
f 5478/1627/760 5490/1627/760 5491/1627/760
f 5490/1627/743 5489/1627/743 5491/1627/743
f 5489/1627/758 5465/1627/758 5491/1627/758
f 5478/1627/767 5491/1627/767 5465/1627/767
f 5489/1627/759 5467/1627/759 5465/1627/759
f 5481/1627/743 5478/1627/743 5465/1627/743
f 5477/1627/761 5481/1627/761 5492/1627/761
f 5481/1627/741 5465/1627/741 5492/1627/741
f 5477/1627/761 5492/1627/761 5480/1627/761
f 5492/1627/758 5462/1627/758 5480/1627/758
f 5492/1627/759 5465/1627/759 5462/1627/759
f 5467/1627/743 5463/1627/743 5465/1627/743
f 5496/1627/738 5494/1627/738 5493/1627/738
f 5497/1627/760 5493/1627/760 5494/1627/760
f 5493/1627/714 5495/1627/714 5498/1627/714
f 5497/1627/761 5495/1627/761 5493/1627/761
f 5493/1627/714 5498/1627/714 5496/1627/714
f 5498/1627/718 5500/1627/718 5496/1627/718
f 5499/1627/743 5498/1627/743 5495/1627/743
f 5498/1627/718 5499/1627/718 5500/1627/718
f 5500/1627/714 5505/1627/714 5501/1627/714
f 5504/1627/763 5500/1627/763 5501/1627/763
f 5504/1627/733 5502/1627/733 5500/1627/733
f 5502/1627/718 5503/1627/718 5500/1627/718
f 5500/1627/714 5503/1627/714 5506/1627/714
f 5496/1627/738 5500/1627/738 5494/1627/738
f 5500/1627/714 5499/1627/714 5505/1627/714
f 5500/1627/714 5506/1627/714 5494/1627/714
f 5507/1627/765 5494/1627/765 5506/1627/765
f 5506/1627/738 5508/1627/738 5507/1627/738
f 5506/1627/733 5503/1627/733 5508/1627/733
f 5507/1627/715 5508/1627/715 5502/1627/715
f 5502/1627/762 5508/1627/762 5503/1627/762
f 5507/1627/767 5509/1627/767 5494/1627/767
f 5507/1627/715 5502/1627/715 5509/1627/715
f 5509/1627/738 5513/1627/738 5494/1627/738
f 5514/1627/715 5510/1627/715 5509/1627/715
f 5509/1627/733 5510/1627/733 5513/1627/733
f 5509/1627/760 5515/1627/760 5511/1627/760
f 5514/1627/715 5509/1627/715 5511/1627/715
f 5509/1627/761 5512/1627/761 5515/1627/761
f 5502/1627/738 5512/1627/738 5509/1627/738
f 5516/1627/741 5511/1627/741 5515/1627/741
f 5512/1627/715 5516/1627/715 5515/1627/715
f 5516/1627/743 5517/1627/743 5511/1627/743
f 5518/1627/718 5517/1627/718 5516/1627/718
f 5512/1627/715 5518/1627/715 5516/1627/715
f 5502/1627/733 5518/1627/733 5512/1627/733
f 5518/1627/762 5502/1627/762 5517/1627/762
f 5511/1627/715 5517/1627/715 5519/1627/715
f 5519/1627/766 5517/1627/766 5499/1627/766
f 5517/1627/743 5505/1627/743 5499/1627/743
f 5517/1627/770 5520/1627/770 5505/1627/770
f 5502/1627/715 5520/1627/715 5517/1627/715
f 5505/1627/718 5520/1627/718 5504/1627/718
f 5502/1627/715 5504/1627/715 5520/1627/715
f 5522/1627/743 5519/1627/743 5521/1627/743
f 5519/1627/762 5499/1627/762 5521/1627/762
f 5511/1627/715 5519/1627/715 5522/1627/715
f 5511/1627/760 5522/1627/760 5523/1627/760
f 5522/1627/743 5521/1627/743 5523/1627/743
f 5521/1627/714 5497/1627/714 5523/1627/714
f 5511/1627/767 5523/1627/767 5497/1627/767
f 5521/1627/714 5499/1627/714 5497/1627/714
f 5514/1627/743 5511/1627/743 5497/1627/743
f 5510/1627/761 5514/1627/761 5524/1627/761
f 5514/1627/741 5497/1627/741 5524/1627/741
f 5510/1627/761 5524/1627/761 5513/1627/761
f 5524/1627/714 5494/1627/714 5513/1627/714
f 5524/1627/714 5497/1627/714 5494/1627/714
f 5505/1627/718 5504/1627/718 5501/1627/718
f 5499/1627/741 5495/1627/741 5497/1627/741
f 5528/1627/733 5526/1627/733 5525/1627/733
f 5529/1627/760 5525/1627/760 5526/1627/760
f 5525/1627/714 5527/1627/714 5530/1627/714
f 5529/1627/761 5527/1627/761 5525/1627/761
f 5525/1627/714 5530/1627/714 5528/1627/714
f 5530/1627/718 5532/1627/718 5528/1627/718
f 5531/1627/741 5530/1627/741 5527/1627/741
f 5530/1627/762 5531/1627/762 5532/1627/762
f 5532/1627/714 5537/1627/714 5533/1627/714
f 5536/1627/733 5532/1627/733 5533/1627/733
f 5536/1627/733 5534/1627/733 5532/1627/733
f 5534/1627/762 5535/1627/762 5532/1627/762
f 5532/1627/714 5535/1627/714 5538/1627/714
f 5528/1627/738 5532/1627/738 5526/1627/738
f 5532/1627/714 5531/1627/714 5537/1627/714
f 5532/1627/714 5538/1627/714 5526/1627/714
f 5539/1627/765 5526/1627/765 5538/1627/765
f 5538/1627/738 5540/1627/738 5539/1627/738
f 5538/1627/733 5535/1627/733 5540/1627/733
f 5539/1627/715 5540/1627/715 5534/1627/715
f 5534/1627/762 5540/1627/762 5535/1627/762
f 5539/1627/767 5541/1627/767 5526/1627/767
f 5539/1627/715 5534/1627/715 5541/1627/715
f 5541/1627/733 5545/1627/733 5526/1627/733
f 5546/1627/715 5542/1627/715 5541/1627/715
f 5541/1627/733 5542/1627/733 5545/1627/733
f 5541/1627/761 5547/1627/761 5543/1627/761
f 5546/1627/715 5541/1627/715 5543/1627/715
f 5541/1627/760 5544/1627/760 5547/1627/760
f 5534/1627/733 5544/1627/733 5541/1627/733
f 5548/1627/741 5543/1627/741 5547/1627/741
f 5544/1627/715 5548/1627/715 5547/1627/715
f 5548/1627/741 5549/1627/741 5543/1627/741
f 5550/1627/762 5549/1627/762 5548/1627/762
f 5544/1627/715 5550/1627/715 5548/1627/715
f 5534/1627/733 5550/1627/733 5544/1627/733
f 5550/1627/718 5534/1627/718 5549/1627/718
f 5543/1627/715 5549/1627/715 5551/1627/715
f 5551/1627/766 5549/1627/766 5531/1627/766
f 5549/1627/743 5537/1627/743 5531/1627/743
f 5549/1627/770 5552/1627/770 5537/1627/770
f 5534/1627/715 5552/1627/715 5549/1627/715
f 5537/1627/718 5552/1627/718 5536/1627/718
f 5534/1627/715 5536/1627/715 5552/1627/715
f 5554/1627/743 5551/1627/743 5553/1627/743
f 5551/1627/718 5531/1627/718 5553/1627/718
f 5543/1627/715 5551/1627/715 5554/1627/715
f 5543/1627/760 5554/1627/760 5555/1627/760
f 5554/1627/743 5553/1627/743 5555/1627/743
f 5553/1627/714 5529/1627/714 5555/1627/714
f 5543/1627/767 5555/1627/767 5529/1627/767
f 5553/1627/714 5531/1627/714 5529/1627/714
f 5546/1627/743 5543/1627/743 5529/1627/743
f 5542/1627/761 5546/1627/761 5556/1627/761
f 5546/1627/741 5529/1627/741 5556/1627/741
f 5542/1627/761 5556/1627/761 5545/1627/761
f 5556/1627/714 5526/1627/714 5545/1627/714
f 5556/1627/714 5529/1627/714 5526/1627/714
f 5537/1627/718 5536/1627/718 5533/1627/718
f 5531/1627/743 5527/1627/743 5529/1627/743
f 5560/1627/733 5558/1627/733 5557/1627/733
f 5561/1627/761 5557/1627/761 5558/1627/761
f 5557/1627/714 5559/1627/714 5562/1627/714
f 5561/1627/760 5559/1627/760 5557/1627/760
f 5557/1627/714 5562/1627/714 5560/1627/714
f 5562/1627/762 5564/1627/762 5560/1627/762
f 5563/1627/741 5562/1627/741 5559/1627/741
f 5562/1627/718 5563/1627/718 5564/1627/718
f 5564/1627/714 5569/1627/714 5565/1627/714
f 5568/1627/733 5564/1627/733 5565/1627/733
f 5568/1627/733 5566/1627/733 5564/1627/733
f 5566/1627/762 5567/1627/762 5564/1627/762
f 5564/1627/714 5567/1627/714 5570/1627/714
f 5560/1627/733 5564/1627/733 5558/1627/733
f 5564/1627/714 5563/1627/714 5569/1627/714
f 5564/1627/714 5570/1627/714 5558/1627/714
f 5571/1627/765 5558/1627/765 5570/1627/765
f 5570/1627/738 5572/1627/738 5571/1627/738
f 5570/1627/733 5567/1627/733 5572/1627/733
f 5571/1627/754 5572/1627/754 5566/1627/754
f 5566/1627/762 5572/1627/762 5567/1627/762
f 5571/1627/767 5573/1627/767 5558/1627/767
f 5571/1627/756 5566/1627/756 5573/1627/756
f 5573/1627/733 5577/1627/733 5558/1627/733
f 5578/1627/754 5574/1627/754 5573/1627/754
f 5573/1627/733 5574/1627/733 5577/1627/733
f 5573/1627/761 5579/1627/761 5575/1627/761
f 5578/1627/715 5573/1627/715 5575/1627/715
f 5573/1627/761 5576/1627/761 5579/1627/761
f 5566/1627/738 5576/1627/738 5573/1627/738
f 5580/1627/741 5575/1627/741 5579/1627/741
f 5576/1627/715 5580/1627/715 5579/1627/715
f 5580/1627/743 5581/1627/743 5575/1627/743
f 5582/1627/718 5581/1627/718 5580/1627/718
f 5576/1627/715 5582/1627/715 5580/1627/715
f 5566/1627/733 5582/1627/733 5576/1627/733
f 5582/1627/718 5566/1627/718 5581/1627/718
f 5575/1627/715 5581/1627/715 5583/1627/715
f 5583/1627/766 5581/1627/766 5563/1627/766
f 5581/1627/743 5569/1627/743 5563/1627/743
f 5581/1627/770 5584/1627/770 5569/1627/770
f 5566/1627/715 5584/1627/715 5581/1627/715
f 5569/1627/718 5584/1627/718 5568/1627/718
f 5566/1627/715 5568/1627/715 5584/1627/715
f 5586/1627/743 5583/1627/743 5585/1627/743
f 5583/1627/718 5563/1627/718 5585/1627/718
f 5575/1627/715 5583/1627/715 5586/1627/715
f 5575/1627/760 5586/1627/760 5587/1627/760
f 5586/1627/743 5585/1627/743 5587/1627/743
f 5585/1627/714 5561/1627/714 5587/1627/714
f 5575/1627/767 5587/1627/767 5561/1627/767
f 5585/1627/759 5563/1627/759 5561/1627/759
f 5578/1627/743 5575/1627/743 5561/1627/743
f 5574/1627/761 5578/1627/761 5588/1627/761
f 5578/1627/741 5561/1627/741 5588/1627/741
f 5574/1627/761 5588/1627/761 5577/1627/761
f 5588/1627/714 5558/1627/714 5577/1627/714
f 5588/1627/714 5561/1627/714 5558/1627/714
f 5569/1627/718 5568/1627/718 5565/1627/718
f 5563/1627/741 5559/1627/741 5561/1627/741
f 5592/1627/733 5590/1627/733 5589/1627/733
f 5593/1627/761 5589/1627/761 5590/1627/761
f 5589/1627/714 5591/1627/714 5594/1627/714
f 5593/1627/761 5591/1627/761 5589/1627/761
f 5589/1627/714 5594/1627/714 5592/1627/714
f 5594/1627/718 5596/1627/718 5592/1627/718
f 5595/1627/741 5594/1627/741 5591/1627/741
f 5594/1627/766 5595/1627/766 5596/1627/766
f 5596/1627/714 5601/1627/714 5597/1627/714
f 5600/1627/733 5596/1627/733 5597/1627/733
f 5600/1627/733 5598/1627/733 5596/1627/733
f 5598/1627/762 5599/1627/762 5596/1627/762
f 5596/1627/759 5599/1627/759 5602/1627/759
f 5592/1627/738 5596/1627/738 5590/1627/738
f 5596/1627/714 5595/1627/714 5601/1627/714
f 5596/1627/758 5602/1627/758 5590/1627/758
f 5603/1627/765 5590/1627/765 5602/1627/765
f 5602/1627/738 5604/1627/738 5603/1627/738
f 5602/1627/733 5599/1627/733 5604/1627/733
f 5603/1627/715 5604/1627/715 5598/1627/715
f 5598/1627/762 5604/1627/762 5599/1627/762
f 5603/1627/767 5605/1627/767 5590/1627/767
f 5603/1627/715 5598/1627/715 5605/1627/715
f 5605/1627/733 5609/1627/733 5590/1627/733
f 5610/1627/754 5606/1627/754 5605/1627/754
f 5605/1627/733 5606/1627/733 5609/1627/733
f 5605/1627/767 5611/1627/767 5607/1627/767
f 5610/1627/715 5605/1627/715 5607/1627/715
f 5605/1627/765 5608/1627/765 5611/1627/765
f 5598/1627/769 5608/1627/769 5605/1627/769
f 5612/1627/741 5607/1627/741 5611/1627/741
f 5608/1627/715 5612/1627/715 5611/1627/715
f 5612/1627/770 5613/1627/770 5607/1627/770
f 5614/1627/718 5613/1627/718 5612/1627/718
f 5608/1627/715 5614/1627/715 5612/1627/715
f 5598/1627/733 5614/1627/733 5608/1627/733
f 5614/1627/718 5598/1627/718 5613/1627/718
f 5607/1627/715 5613/1627/715 5615/1627/715
f 5615/1627/766 5613/1627/766 5595/1627/766
f 5613/1627/743 5601/1627/743 5595/1627/743
f 5613/1627/770 5616/1627/770 5601/1627/770
f 5598/1627/715 5616/1627/715 5613/1627/715
f 5601/1627/718 5616/1627/718 5600/1627/718
f 5598/1627/756 5600/1627/756 5616/1627/756
f 5618/1627/743 5615/1627/743 5617/1627/743
f 5615/1627/718 5595/1627/718 5617/1627/718
f 5607/1627/715 5615/1627/715 5618/1627/715
f 5607/1627/760 5618/1627/760 5619/1627/760
f 5618/1627/743 5617/1627/743 5619/1627/743
f 5617/1627/714 5593/1627/714 5619/1627/714
f 5607/1627/767 5619/1627/767 5593/1627/767
f 5617/1627/759 5595/1627/759 5593/1627/759
f 5610/1627/743 5607/1627/743 5593/1627/743
f 5606/1627/761 5610/1627/761 5620/1627/761
f 5610/1627/741 5593/1627/741 5620/1627/741
f 5606/1627/761 5620/1627/761 5609/1627/761
f 5620/1627/758 5590/1627/758 5609/1627/758
f 5620/1627/759 5593/1627/759 5590/1627/759
f 5601/1627/718 5600/1627/718 5597/1627/718
f 5595/1627/743 5591/1627/743 5593/1627/743
usemtl Teal
f 4280/1628/721 4277/1629/721 4278/1630/721
f 4279/1631/722 4278/1632/722 4277/1633/722
f 4280/1634/723 4279/1635/723 4277/1636/723
f 4281/1637/721 4280/1628/721 4285/1638/721
f 4283/1639/724 4280/1634/724 4281/1640/724
f 4280/1634/723 4282/1641/723 4279/1635/723
f 4283/1639/724 4282/1641/724 4280/1634/724
f 4278/1630/721 4284/1642/721 4280/1628/721
f 4284/1642/725 4285/1638/725 4280/1628/725
f 4284/1643/726 4286/1644/726 4285/1645/726
f 4286/1644/727 4287/1646/727 4285/1645/727
f 4285/1638/721 4287/1647/721 4288/1648/721
f 4288/1648/725 4281/1637/725 4285/1638/725
f 4287/1646/728 4289/1649/728 4288/1650/728
f 4289/1649/729 4281/1640/729 4288/1650/729
f 4289/1651/730 4290/1652/730 4291/1653/730
f 4287/1646/728 4290/1654/728 4289/1649/728
f 4283/1655/731 4289/1651/731 4291/1653/731
f 4289/1649/729 4283/1639/729 4281/1640/729
f 4291/1653/731 4292/1656/731 4279/1657/731
f 4278/1632/732 4292/1658/732 4291/1659/732
f 4284/1643/726 4291/1659/726 4286/1644/726
f 4278/1632/732 4291/1659/732 4284/1643/732
f 4290/1652/731 4286/1660/731 4291/1653/731
f 4279/1657/731 4282/1661/731 4291/1653/731
f 4282/1661/730 4283/1655/730 4291/1653/730
f 4279/1631/722 4292/1658/722 4278/1632/722
f 4286/1644/727 4290/1654/727 4287/1646/727
f 4293/1629/733 4294/1630/733 4297/1638/733
f 4295/1631/734 4294/1632/734 4293/1633/734
f 4296/1634/735 4295/1635/735 4293/1636/735
f 4296/1628/733 4293/1629/733 4297/1638/733
f 4294/1630/733 4298/1642/733 4297/1638/733
f 4298/1643/736 4299/1644/736 4297/1645/736
f 4299/1644/737 4300/1646/737 4297/1645/737
f 4297/1638/733 4300/1647/733 4301/1648/733
f 4302/1637/733 4296/1628/733 4297/1638/733
f 4301/1648/738 4302/1637/738 4297/1638/738
f 4304/1649/739 4302/1640/739 4301/1650/739
f 4304/1649/739 4303/1639/739 4302/1640/739
f 4303/1639/740 4296/1634/740 4302/1640/740
f 4303/1655/741 4304/1651/741 4305/1652/741
f 4300/1646/742 4305/1654/742 4304/1649/742
f 4300/1646/742 4304/1649/742 4301/1650/742
f 4305/1652/741 4299/1660/741 4306/1653/741
f 4299/1644/737 4305/1654/737 4300/1646/737
f 4295/1657/743 4303/1655/743 4305/1652/743
f 4306/1653/743 4295/1657/743 4305/1652/743
f 4306/1653/741 4307/1656/741 4295/1657/741
f 4294/1632/744 4307/1658/744 4306/1659/744
f 4298/1643/736 4306/1659/736 4299/1644/736
f 4294/1632/744 4306/1659/744 4298/1643/744
f 4295/1631/734 4307/1658/734 4294/1632/734
f 4303/1639/740 4308/1641/740 4296/1634/740
f 4295/1657/741 4308/1661/741 4303/1655/741
f 4296/1634/735 4308/1641/735 4295/1635/735
f 4312/1628/725 4309/1629/725 4310/1630/725
f 4311/1631/722 4310/1632/722 4309/1633/722
f 4312/1634/723 4311/1635/723 4309/1636/723
f 4313/1637/725 4312/1628/725 4316/1638/725
f 4315/1639/724 4312/1634/724 4313/1640/724
f 4312/1634/723 4314/1641/723 4311/1635/723
f 4315/1639/724 4314/1641/724 4312/1634/724
f 4312/1628/721 4310/1630/721 4316/1638/721
f 4310/1630/725 4317/1642/725 4316/1638/725
f 4317/1643/726 4318/1644/726 4316/1645/726
f 4318/1644/727 4319/1646/727 4316/1645/727
f 4316/1638/725 4319/1647/725 4320/1648/725
f 4320/1648/725 4313/1637/725 4316/1638/725
f 4319/1646/728 4321/1649/728 4320/1650/728
f 4321/1649/729 4313/1640/729 4320/1650/729
f 4321/1651/730 4322/1652/730 4323/1653/730
f 4319/1646/728 4322/1654/728 4321/1649/728
f 4315/1655/731 4321/1651/731 4323/1653/731
f 4321/1649/729 4315/1639/729 4313/1640/729
f 4323/1653/731 4324/1656/731 4311/1657/731
f 4310/1632/732 4324/1658/732 4323/1659/732
f 4317/1643/726 4323/1659/726 4318/1644/726
f 4310/1632/732 4323/1659/732 4317/1643/732
f 4322/1652/731 4318/1660/731 4323/1653/731
f 4311/1657/730 4314/1661/730 4323/1653/730
f 4314/1661/731 4315/1655/731 4323/1653/731
f 4311/1631/722 4324/1658/722 4310/1632/722
f 4318/1644/727 4322/1654/727 4319/1646/727
f 4328/1628/738 4325/1629/738 4326/1630/738
f 4327/1631/734 4326/1632/734 4325/1633/734
f 4328/1634/735 4327/1635/735 4325/1636/735
f 4334/1648/738 4329/1637/738 4328/1628/738
f 4331/1639/740 4328/1634/740 4329/1640/740
f 4328/1634/735 4330/1641/735 4327/1635/735
f 4331/1639/740 4330/1641/740 4328/1634/740
f 4326/1630/733 4332/1642/733 4328/1628/733
f 4332/1642/738 4333/1638/738 4328/1628/738
f 4333/1638/738 4334/1648/738 4328/1628/738
f 4333/1638/738 4335/1647/738 4334/1648/738
f 4335/1646/742 4336/1649/742 4334/1650/742
f 4336/1649/739 4329/1640/739 4334/1650/739
f 4331/1655/741 4336/1651/741 4337/1652/741
f 4335/1646/742 4337/1654/742 4336/1649/742
f 4336/1649/739 4331/1639/739 4329/1640/739
f 4337/1652/743 4338/1660/743 4331/1655/743
f 4338/1644/737 4337/1654/737 4335/1646/737
f 4332/1643/736 4339/1659/736 4338/1644/736
f 4338/1660/741 4339/1653/741 4331/1655/741
f 4338/1644/737 4335/1646/737 4333/1645/737
f 4332/1643/736 4338/1644/736 4333/1645/736
f 4339/1653/741 4340/1656/741 4331/1655/741
f 4326/1632/744 4340/1658/744 4339/1659/744
f 4326/1632/744 4339/1659/744 4332/1643/744
f 4340/1656/743 4327/1657/743 4331/1655/743
f 4327/1631/734 4340/1658/734 4326/1632/734
f 4327/1657/741 4330/1661/741 4331/1655/741
f 5624/1627/720 5622/1627/720 5621/1627/720
f 5625/1627/716 5621/1627/716 5622/1627/716
f 5625/1627/716 5623/1627/716 5621/1627/716
f 5623/1627/714 5624/1627/714 5621/1627/714
f 5626/1627/714 5625/1627/714 5622/1627/714
f 5630/1627/717 5625/1627/717 5626/1627/717
f 5629/1627/717 5623/1627/717 5625/1627/717
f 5630/1627/717 5627/1627/717 5625/1627/717
f 5627/1627/716 5628/1627/716 5625/1627/716
f 5631/1627/714 5625/1627/714 5628/1627/714
f 5631/1627/714 5629/1627/714 5625/1627/714
f 5632/1627/771 5629/1627/771 5631/1627/771
f 5633/1627/717 5632/1627/717 5631/1627/717
f 5633/1627/717 5631/1627/717 5628/1627/717
f 5627/1627/716 5633/1627/716 5628/1627/716
f 5634/1627/715 5633/1627/715 5627/1627/715
f 5634/1627/715 5632/1627/715 5633/1627/715
f 5632/1627/771 5634/1627/771 5629/1627/771
f 5634/1627/717 5638/1627/717 5629/1627/717
f 5634/1627/717 5635/1627/717 5638/1627/717
f 5637/1627/715 5635/1627/715 5634/1627/715
f 5636/1627/717 5634/1627/717 5627/1627/717
f 5639/1627/771 5634/1627/771 5636/1627/771
f 5639/1627/771 5637/1627/771 5634/1627/771
f 5640/1627/715 5639/1627/715 5636/1627/715
f 5637/1627/720 5639/1627/720 5640/1627/720
f 5641/1627/716 5640/1627/716 5642/1627/716
f 5637/1627/720 5640/1627/720 5641/1627/720
f 5640/1627/715 5636/1627/715 5642/1627/715
f 5636/1627/717 5627/1627/717 5642/1627/717
f 5641/1627/716 5642/1627/716 5627/1627/716
f 5643/1627/716 5641/1627/716 5622/1627/716
f 5646/1627/715 5641/1627/715 5643/1627/715
f 5641/1627/720 5645/1627/720 5622/1627/720
f 5644/1627/715 5641/1627/715 5627/1627/715
f 5641/1627/720 5644/1627/720 5645/1627/720
f 5646/1627/715 5637/1627/715 5641/1627/715
f 5637/1627/771 5646/1627/771 5647/1627/771
f 5648/1627/720 5647/1627/720 5646/1627/720
f 5648/1627/720 5646/1627/720 5643/1627/720
f 5649/1627/714 5648/1627/714 5622/1627/714
f 5643/1627/716 5622/1627/716 5648/1627/716
f 5649/1627/714 5647/1627/714 5648/1627/714
f 5629/1627/714 5650/1627/714 5649/1627/714
f 5651/1627/720 5649/1627/720 5650/1627/720
f 5651/1627/720 5637/1627/720 5649/1627/720
f 5637/1627/771 5647/1627/771 5649/1627/771
f 5624/1627/720 5649/1627/720 5622/1627/720
f 5652/1627/771 5649/1627/771 5624/1627/771
f 5652/1627/771 5629/1627/771 5649/1627/771
f 5623/1627/714 5652/1627/714 5624/1627/714
f 5629/1627/717 5652/1627/717 5623/1627/717
f 5638/1627/771 5651/1627/771 5650/1627/771
f 5637/1627/715 5651/1627/715 5635/1627/715
f 5638/1627/771 5635/1627/771 5651/1627/771
f 5629/1627/714 5638/1627/714 5650/1627/714
f 5626/1627/714 5622/1627/714 5645/1627/714
f 5644/1627/716 5626/1627/716 5645/1627/716
f 5644/1627/716 5630/1627/716 5626/1627/716
f 5644/1627/715 5627/1627/715 5630/1627/715
o Dormer1
v -7.714001 22.610001 -3.325000
v -14.098001 22.610001 -3.325000
v -14.098001 27.930000 -3.325000
v -10.906000 32.585003 -3.325000
v -7.714001 27.930000 -3.325000
v -7.714001 22.610001 2.128000
v -14.098001 22.610001 2.128000
v -14.098001 27.930000 2.128000
v -10.906000 32.585003 2.128000
v -7.714001 27.930000 2.128000
v -9.017401 23.780399 -3.604300
v -9.017401 27.937580 -3.604300
v -12.794600 23.780399 -3.604300
v -9.017401 23.780399 -3.364900
v -12.794600 27.937580 -3.604300
v -9.017401 27.937580 -3.364900
v -10.906000 29.805302 -3.364900
v -12.794600 23.780399 -3.364900
v -12.794600 27.937580 -3.364900
v -10.906000 29.805302 -3.604300
v -9.216900 23.940001 -3.803800
v -9.216900 27.858580 -3.803800
v -12.595100 23.940001 -3.803800
v -9.216900 23.940001 -3.484600
v -12.595100 27.858580 -3.803800
v -9.216900 27.858580 -3.484600
v -10.906000 29.619102 -3.484600
v -12.595100 23.940001 -3.484600
v -12.595100 27.858580 -3.484600
v -10.906000 29.619102 -3.803800
v -9.589300 24.152802 -3.930150
v -9.589300 27.704300 -3.930150
v -12.222700 24.152802 -3.930150
v -9.589300 24.152802 -3.757250
v -12.222700 27.704300 -3.930150
v -9.589300 27.704300 -3.757250
v -10.906000 29.299902 -3.757250
v -12.222700 24.152802 -3.757250
v -12.222700 27.704300 -3.757250
v -10.906000 29.299902 -3.930150
v -10.852800 24.126202 -4.056500
v -10.852800 24.126202 -4.029900
v -10.959200 24.126202 -4.056500
v -10.852800 28.275801 -4.056500
v -10.959200 24.126202 -4.029900
v -10.959200 24.099602 -4.029900
v -10.959200 24.126202 -3.923500
v -10.985801 24.126202 -4.029900
v -10.959200 28.275801 -4.029900
v -10.985801 28.275801 -4.029900
v -10.985801 28.275801 -3.923500
v -10.959200 28.275801 -3.923500
v -10.985801 24.126202 -3.923500
v -10.959200 28.302402 -3.923500
v -10.959200 28.275801 -3.896900
v -10.852800 28.275801 -3.923500
v -10.959200 28.302402 -4.029900
v -10.852800 28.302402 -4.029900
v -10.852800 28.302402 -3.923500
v -10.852800 28.275801 -4.029900
v -10.826200 28.275801 -4.029900
v -10.959200 28.275801 -4.056500
v -10.826200 24.126202 -4.029900
v -10.826200 24.126202 -3.923500
v -10.852800 24.126202 -3.923500
v -10.826200 28.275801 -3.923500
v -10.852800 24.099602 -3.923500
v -10.852800 24.126202 -3.896900
v -10.852800 24.099602 -4.029900
v -10.959200 24.126202 -3.896900
v -10.852800 28.275801 -3.896900
v -10.959200 24.099602 -3.923500
v -9.569350 25.815300 -4.056500
v -9.569350 25.815300 -4.029900
v -12.242650 25.815300 -4.056500
v -9.569350 25.948299 -4.056500
v -12.242650 25.815300 -4.029900
v -12.242650 25.788700 -4.029900
v -12.242650 25.815300 -3.923500
v -12.269250 25.815300 -4.029900
v -12.242650 25.948299 -4.029900
v -12.269250 25.948299 -4.029900
v -12.269250 25.948299 -3.923500
v -12.242650 25.948299 -3.923500
v -12.269250 25.815300 -3.923500
v -12.242650 25.974899 -3.923500
v -12.242650 25.948299 -3.896900
v -9.569350 25.948299 -3.923500
v -12.242650 25.974899 -4.029900
v -9.569350 25.948299 -3.896900
v -9.569350 25.815300 -3.896900
v -9.569350 25.815300 -3.923500
v -12.242650 25.815300 -3.896900
v -9.542750 25.815300 -3.923500
v -9.569350 25.788700 -3.923500
v -9.542750 25.815300 -4.029900
v -9.569350 25.788700 -4.029900
v -9.542750 25.948299 -3.923500
v -9.542750 25.948299 -4.029900
v -9.569350 25.948299 -4.029900
v -9.569350 25.974899 -4.029900
v -9.569350 25.974899 -3.923500
v -12.242650 25.948299 -4.056500
v -12.242650 25.788700 -3.923500
v -9.030701 23.767099 -4.269300
v -9.030701 23.767099 -4.202800
v -12.781300 23.767099 -4.269300
v -9.030701 24.006500 -4.269300
v -12.781300 23.767099 -4.202800
v -12.781300 23.700600 -4.202800
v -12.781300 23.767099 -3.404800
v -12.847800 23.767099 -4.202800
v -12.781300 24.006500 -4.202800
v -12.781300 23.700600 -3.404800
v -12.847800 24.006500 -4.202800
v -12.847800 24.006500 -3.404800
v -12.847800 23.767099 -3.404800
v -12.781300 24.006500 -3.404800
v -12.781300 24.072998 -3.404800
v -12.781300 24.006500 -3.338300
v -9.030701 24.006500 -3.404800
v -12.781300 24.072998 -4.202800
v -9.030701 24.006500 -3.338300
v -9.030701 23.767099 -3.338300
v -9.030701 23.767099 -3.404800
v -12.781300 23.767099 -3.338300
v -8.964200 23.767099 -3.404800
v -9.030701 23.700600 -3.404800
v -9.030701 23.700600 -4.202800
v -8.964200 24.006500 -3.404800
v -8.964200 24.006500 -4.202800
v -8.964200 23.767099 -4.202800
v -9.030701 24.006500 -4.202800
v -9.030701 24.072998 -4.202800
v -9.030701 24.072998 -3.404800
v -12.781300 24.006500 -4.269300
vn -0.0000 -0.0000 -1.0000
vn -0.0000 -0.0000 1.0000
vn -0.0000 -1.0000 -0.0000
vn -1.0000 -0.0000 -0.0000
vn -0.8247 0.5655 -0.0000
vn 0.8247 0.5655 -0.0000
vn 1.0000 -0.0000 -0.0000
vn 0.7032 0.7110 -0.0000
vn -0.7032 0.7110 -0.0000
vn 0.7216 0.6923 -0.0000
vn -0.7216 0.6923 -0.0000
vn 0.7713 0.6365 -0.0000
vn -0.7713 0.6365 -0.0000
vn -0.0000 1.0000 -0.0000
vn 0.0001 1.0000 -0.0000
s 0
usemtl FarWall
f 5653//772 5654//772 5655//772
f 5662//773 5660//773 5659//773
f 5658//774 5654//774 5653//774
f 5659//775 5655//775 5654//775
f 5660//776 5656//776 5655//776
f 5661//777 5657//777 5656//777
f 5662//778 5653//778 5657//778
f 5656//772 5657//772 5655//772
f 5657//772 5653//772 5655//772
f 5659//773 5658//773 5662//773
f 5662//773 5661//773 5660//773
f 5658//774 5659//774 5654//774
f 5659//775 5660//775 5655//775
f 5660//776 5661//776 5656//776
f 5661//777 5662//777 5657//777
f 5662//778 5658//778 5653//778
usemtl Ink
f 5664//772 5663//772 5667//772
f 5668//778 5663//778 5664//778
f 5666//774 5665//774 5663//774
f 5663//772 5665//772 5667//772
f 5668//778 5666//778 5663//778
f 5670//773 5666//773 5668//773
f 5669//779 5668//779 5664//779
f 5668//773 5669//773 5671//773
f 5668//773 5671//773 5670//773
f 5670//775 5671//775 5667//775
f 5671//780 5669//780 5672//780
f 5671//780 5672//780 5667//780
f 5672//772 5664//772 5667//772
f 5669//779 5664//779 5672//779
f 5666//774 5670//774 5665//774
f 5670//775 5667//775 5665//775
usemtl Teal
f 5674//772 5673//772 5677//772
f 5678//778 5673//778 5674//778
f 5676//774 5675//774 5673//774
f 5673//772 5675//772 5677//772
f 5678//778 5676//778 5673//778
f 5680//773 5676//773 5678//773
f 5679//781 5678//781 5674//781
f 5678//773 5679//773 5681//773
f 5678//773 5681//773 5680//773
f 5680//775 5681//775 5677//775
f 5681//782 5679//782 5682//782
f 5681//782 5682//782 5677//782
f 5682//772 5674//772 5677//772
f 5679//781 5674//781 5682//781
f 5676//774 5680//774 5675//774
f 5680//775 5677//775 5675//775
f 5696//778 5694//778 5693//778
f 5697//774 5693//774 5694//774
f 5697//774 5695//774 5693//774
f 5695//772 5696//772 5693//772
f 5698//772 5697//772 5694//772
f 5698//775 5699//775 5697//775
f 5701//775 5695//775 5697//775
f 5699//774 5700//774 5697//774
f 5702//772 5697//772 5700//772
f 5702//772 5701//772 5697//772
f 5702//785 5704//785 5701//785
f 5705//775 5703//775 5702//775
f 5702//786 5703//786 5704//786
f 5705//775 5702//775 5700//775
f 5699//774 5705//774 5700//774
f 5704//773 5705//773 5699//773
f 5704//773 5703//773 5705//773
f 5704//775 5709//775 5701//775
f 5704//775 5706//775 5709//775
f 5708//773 5706//773 5704//773
f 5707//775 5704//775 5699//775
f 5707//785 5708//785 5704//785
f 5701//772 5709//772 5710//772
f 5709//785 5711//785 5710//785
f 5709//785 5706//785 5711//785
f 5711//778 5712//778 5710//778
f 5708//773 5711//773 5706//773
f 5711//778 5708//778 5712//778
f 5701//772 5710//772 5712//772
f 5708//785 5713//785 5712//785
f 5712//772 5713//772 5715//772
f 5696//778 5712//778 5694//778
f 5714//785 5712//785 5696//785
f 5714//785 5701//785 5712//785
f 5712//772 5715//772 5694//772
f 5715//774 5717//774 5694//774
f 5715//774 5716//774 5717//774
f 5715//778 5718//778 5716//778
f 5715//778 5713//778 5718//778
f 5718//773 5708//773 5717//773
f 5708//785 5718//785 5713//785
f 5718//773 5717//773 5716//773
f 5717//778 5721//778 5694//778
f 5719//773 5717//773 5699//773
f 5717//778 5719//778 5721//778
f 5717//774 5722//774 5699//774
f 5717//774 5720//774 5722//774
f 5708//778 5720//778 5717//778
f 5707//775 5699//775 5722//775
f 5720//773 5707//773 5722//773
f 5698//772 5694//772 5721//772
f 5719//774 5698//774 5721//774
f 5720//773 5723//773 5707//773
f 5708//778 5723//778 5720//778
f 5707//785 5723//785 5708//785
f 5719//774 5724//774 5698//774
f 5719//773 5699//773 5724//773
f 5698//775 5724//775 5699//775
f 5695//772 5714//772 5696//772
f 5701//775 5714//775 5695//775
f 5728//778 5726//778 5725//778
f 5729//774 5725//774 5726//774
f 5729//774 5727//774 5725//774
f 5727//772 5728//772 5725//772
f 5730//772 5729//772 5726//772
f 5730//775 5731//775 5729//775
f 5733//775 5727//775 5729//775
f 5731//774 5732//774 5729//774
f 5734//772 5729//772 5732//772
f 5734//772 5733//772 5729//772
f 5734//785 5736//785 5733//785
f 5737//775 5735//775 5734//775
f 5734//785 5735//785 5736//785
f 5737//775 5734//775 5732//775
f 5731//774 5737//774 5732//774
f 5736//773 5737//773 5731//773
f 5736//773 5735//773 5737//773
f 5736//775 5741//775 5733//775
f 5736//775 5738//775 5741//775
f 5740//773 5738//773 5736//773
f 5739//775 5736//775 5731//775
f 5742//785 5736//785 5739//785
f 5742//785 5740//785 5736//785
f 5743//773 5742//773 5739//773
f 5740//778 5742//778 5743//778
f 5744//774 5743//774 5745//774
f 5740//778 5743//778 5744//778
f 5743//773 5739//773 5745//773
f 5739//775 5731//775 5745//775
f 5744//774 5745//774 5731//774
f 5748//774 5746//774 5744//774
f 5750//773 5744//773 5746//773
f 5744//778 5749//778 5726//778
f 5748//774 5744//774 5726//774
f 5747//773 5744//773 5731//773
f 5744//778 5747//778 5749//778
f 5750//773 5740//773 5744//773
f 5740//785 5750//785 5751//785
f 5748//778 5751//778 5750//778
f 5748//778 5750//778 5746//778
f 5752//772 5751//772 5748//772
f 5740//785 5751//785 5752//785
f 5733//772 5753//772 5752//772
f 5754//778 5752//778 5753//778
f 5754//778 5740//778 5752//778
f 5728//778 5752//778 5726//778
f 5755//785 5752//785 5728//785
f 5755//785 5733//785 5752//785
f 5752//772 5748//772 5726//772
f 5727//772 5755//772 5728//772
f 5733//775 5755//775 5727//775
f 5741//785 5754//785 5753//785
f 5740//773 5754//773 5738//773
f 5741//785 5738//785 5754//785
f 5733//772 5741//772 5753//772
f 5730//772 5726//772 5749//772
f 5747//774 5730//774 5749//774
f 5747//774 5756//774 5730//774
f 5747//773 5731//773 5756//773
f 5730//775 5756//775 5731//775
f 5760//778 5758//778 5757//778
f 5761//774 5757//774 5758//774
f 5761//774 5759//774 5757//774
f 5759//772 5760//772 5757//772
f 5762//772 5761//772 5758//772
f 5766//775 5761//775 5762//775
f 5765//775 5759//775 5761//775
f 5766//775 5763//775 5761//775
f 5763//774 5764//774 5761//774
f 5767//772 5761//772 5764//772
f 5767//772 5765//772 5761//772
f 5768//785 5765//785 5767//785
f 5769//775 5768//775 5767//775
f 5769//775 5767//775 5764//775
f 5763//774 5769//774 5764//774
f 5770//773 5769//773 5763//773
f 5770//773 5768//773 5769//773
f 5768//785 5770//785 5765//785
f 5770//775 5774//775 5765//775
f 5770//775 5771//775 5774//775
f 5773//773 5771//773 5770//773
f 5772//775 5770//775 5763//775
f 5775//785 5770//785 5772//785
f 5775//785 5773//785 5770//785
f 5776//773 5775//773 5772//773
f 5773//778 5775//778 5776//778
f 5777//774 5776//774 5778//774
f 5773//778 5776//778 5777//778
f 5776//773 5772//773 5778//773
f 5772//775 5763//775 5778//775
f 5777//774 5778//774 5763//774
f 5779//774 5777//774 5758//774
f 5782//773 5777//773 5779//773
f 5777//778 5781//778 5758//778
f 5780//773 5777//773 5763//773
f 5777//778 5780//778 5781//778
f 5782//773 5773//773 5777//773
f 5773//785 5782//785 5783//785
f 5784//778 5783//778 5782//778
f 5784//778 5782//778 5779//778
f 5785//772 5784//772 5758//772
f 5779//774 5758//774 5784//774
f 5785//772 5783//772 5784//772
f 5765//772 5786//772 5785//772
f 5787//778 5785//778 5786//778
f 5787//778 5773//778 5785//778
f 5773//785 5783//785 5785//785
f 5760//778 5785//778 5758//778
f 5788//785 5785//785 5760//785
f 5788//785 5765//785 5785//785
f 5759//772 5788//772 5760//772
f 5765//775 5788//775 5759//775
f 5774//785 5787//785 5786//785
f 5773//773 5787//773 5771//773
f 5774//785 5771//785 5787//785
f 5765//772 5774//772 5786//772
f 5762//772 5758//772 5781//772
f 5780//774 5762//774 5781//774
f 5780//774 5766//774 5762//774
f 5780//773 5763//773 5766//773
usemtl DarkGlass
f 5684//772 5683//772 5687//772
f 5688//778 5683//778 5684//778
f 5686//774 5685//774 5683//774
f 5683//772 5685//772 5687//772
f 5688//778 5686//778 5683//778
f 5690//773 5686//773 5688//773
f 5689//783 5688//783 5684//783
f 5688//773 5689//773 5691//773
f 5688//773 5691//773 5690//773
f 5690//775 5691//775 5687//775
f 5691//784 5689//784 5692//784
f 5691//784 5692//784 5687//784
f 5692//772 5684//772 5687//772
f 5689//783 5684//783 5692//783
f 5686//774 5690//774 5685//774
f 5690//775 5687//775 5685//775
o Dormer_roof1
v -6.916000 28.129501 -3.990000
v -14.896000 28.129501 -3.990000
v -14.896000 28.595001 -3.990000
v -10.906000 33.250000 -3.990000
v -6.916000 28.595001 -3.990000
v -6.916000 28.129501 2.926000
v -14.896000 28.129501 2.926000
v -14.896000 28.595001 2.926000
v -10.906000 33.250000 2.926000
v -6.916000 28.595001 2.926000
v -10.683841 33.679821 -4.149601
v -10.748910 33.624050 -4.356500
v -6.693842 29.024822 -4.149599
v -10.748910 33.624050 -3.942701
v -6.758910 28.969048 -4.356499
v -6.758910 28.969048 -3.942700
v -11.063089 33.354755 -4.356500
v -10.906000 33.489403 -4.442201
v -7.073090 28.699753 -4.356499
v -11.128158 33.298981 -4.149601
v -6.916000 28.834402 -4.442199
v -7.138159 28.643980 -4.149599
v -7.073091 28.699753 -3.942700
v -11.063089 33.354755 -3.942701
v -6.916000 28.834402 -3.856999
v -10.906000 33.489403 -3.857001
v -11.128160 33.679821 -4.149601
v -11.063089 33.624050 -3.942701
v -15.118158 29.024822 -4.149599
v -11.063089 33.624050 -4.356500
v -15.053090 28.969048 -3.942700
v -15.053090 28.969048 -4.356499
v -10.748910 33.354755 -3.942701
v -10.906000 33.489403 -3.857001
v -14.738911 28.699753 -3.942700
v -10.683842 33.298981 -4.149601
v -14.896000 28.834402 -3.856999
v -14.673841 28.643980 -4.149599
v -10.748910 33.354755 -4.356500
v -14.738911 28.699753 -4.356499
v -10.906000 33.489403 -4.442201
v -14.896000 28.834402 -4.442199
v -10.683841 33.679821 3.085600
v -10.748910 33.624050 2.878700
v -6.693842 29.024822 3.085601
v -10.748910 33.624050 3.292499
v -6.758910 28.969048 2.878702
v -6.758910 28.969048 3.292500
v -11.063089 33.354755 2.878700
v -10.906000 33.489403 2.793000
v -7.073090 28.699753 2.878702
v -11.128158 33.298981 3.085600
v -6.916000 28.834402 2.793001
v -7.138159 28.643980 3.085601
v -7.073091 28.699753 3.292500
v -11.063089 33.354755 3.292499
v -6.916000 28.834402 3.378201
v -10.906000 33.489403 3.378199
v -11.128160 33.679821 3.085600
v -11.063089 33.624050 3.292499
v -15.118158 29.024822 3.085601
v -11.063089 33.624050 2.878700
v -15.053090 28.969048 3.292500
v -15.053090 28.969048 2.878702
v -10.748910 33.354755 3.292499
v -10.906000 33.489403 3.378199
v -14.738911 28.699753 3.292500
v -10.683842 33.298981 3.085600
v -14.896000 28.834402 3.378201
v -14.673841 28.643980 3.085601
v -10.748910 33.354755 2.878700
v -14.738911 28.699753 2.878702
v -10.906000 33.489403 2.793000
v -14.896000 28.834402 2.793001
v -10.833149 33.498322 -3.963400
v -10.833149 33.498322 -3.930150
v -9.477182 31.916359 -3.963400
v -11.004818 33.351177 -3.963400
v -9.477183 31.916359 -3.930150
v -9.648851 31.769215 -3.963400
v -9.648851 31.769215 -3.930150
v -11.004818 33.351177 -3.930150
v -11.030063 33.329540 -3.930150
v -11.004818 33.351177 -2.320850
v -11.026456 33.376423 -3.930150
v -11.030063 33.329540 -2.320850
v -10.854788 33.523567 -3.930150
v -10.854788 33.523567 -2.320850
v -11.026456 33.376423 -2.320850
v -10.833149 33.498322 -2.320850
v -10.807904 33.519958 -2.320850
v -9.477183 31.916359 -2.320850
v -10.833149 33.498322 -2.287600
v -10.807904 33.519958 -3.930150
v -9.451938 31.937998 -2.320850
v -9.451938 31.937998 -3.930150
v -9.477182 31.916359 -2.287600
v -11.004818 33.351177 -2.287600
v -9.648851 31.769215 -2.287600
v -9.648851 31.769215 -2.320850
v -9.627212 31.743969 -2.320850
v -9.674096 31.747576 -2.320850
v -9.674096 31.747576 -3.930150
v -9.627212 31.743969 -3.930150
v -9.455544 31.891115 -2.320850
v -9.455544 31.891115 -3.930150
v -10.833149 33.498322 -2.234400
v -10.833149 33.498322 -2.201150
v -9.477182 31.916359 -2.234400
v -11.004818 33.351177 -2.234400
v -9.477183 31.916359 -2.201150
v -9.648851 31.769215 -2.234400
v -9.648851 31.769215 -2.201150
v -11.004818 33.351177 -2.201150
v -11.030063 33.329540 -2.201150
v -11.004818 33.351177 -0.591850
v -11.026456 33.376423 -2.201150
v -11.030063 33.329540 -0.591850
v -10.854788 33.523567 -2.201150
v -10.854788 33.523567 -0.591850
v -11.026456 33.376423 -0.591850
v -10.833149 33.498322 -0.591850
v -10.807904 33.519958 -0.591850
v -9.477183 31.916359 -0.591850
v -10.833149 33.498322 -0.558600
v -10.807904 33.519958 -2.201150
v -9.451938 31.937998 -0.591850
v -9.451938 31.937998 -2.201150
v -9.477182 31.916359 -0.558600
v -11.004818 33.351177 -0.558600
v -9.648851 31.769215 -0.558600
v -9.648851 31.769215 -0.591850
v -9.627212 31.743969 -0.591850
v -9.674096 31.747576 -0.591850
v -9.674096 31.747576 -2.201150
v -9.627212 31.743969 -2.201150
v -9.455544 31.891115 -0.591850
v -9.455544 31.891115 -2.201150
v -10.833149 33.498322 -0.505400
v -10.833149 33.498322 -0.472150
v -9.477182 31.916359 -0.505400
v -11.004818 33.351177 -0.505400
v -9.477183 31.916359 -0.472150
v -9.648851 31.769215 -0.505400
v -9.648851 31.769215 -0.472150
v -11.004818 33.351177 -0.472150
v -11.030063 33.329540 -0.472150
v -11.004818 33.351177 1.137150
v -11.026456 33.376423 -0.472150
v -11.030063 33.329540 1.137150
v -10.854788 33.523567 -0.472150
v -10.854788 33.523567 1.137150
v -11.026456 33.376423 1.137150
v -10.833149 33.498322 1.137150
v -10.807904 33.519958 1.137150
v -9.477183 31.916359 1.137150
v -10.833149 33.498322 1.170400
v -10.807904 33.519958 -0.472150
v -9.451938 31.937998 1.137150
v -9.451938 31.937998 -0.472150
v -9.477182 31.916359 1.170400
v -11.004818 33.351177 1.170400
v -9.648851 31.769215 1.170400
v -9.648851 31.769215 1.137150
v -9.627212 31.743969 1.137150
v -9.674096 31.747576 1.137150
v -9.674096 31.747576 -0.472150
v -9.627212 31.743969 -0.472150
v -9.455544 31.891115 1.137150
v -9.455544 31.891115 -0.472150
v -10.833149 33.498322 1.223600
v -10.833149 33.498322 1.256850
v -9.477182 31.916359 1.223600
v -11.004818 33.351177 1.223600
v -9.477183 31.916359 1.256850
v -9.648851 31.769215 1.223600
v -9.648851 31.769215 1.256850
v -11.004818 33.351177 1.256850
v -11.030063 33.329540 1.256850
v -11.004818 33.351177 2.866150
v -11.026456 33.376423 1.256850
v -11.030063 33.329540 2.866150
v -10.854788 33.523567 1.256850
v -10.854788 33.523567 2.866150
v -11.026456 33.376423 2.866150
v -10.833149 33.498322 2.866150
v -10.807904 33.519958 2.866150
v -9.477183 31.916359 2.866150
v -10.833149 33.498322 2.899400
v -10.807904 33.519958 1.256850
v -9.451938 31.937998 2.866150
v -9.451938 31.937998 1.256850
v -9.477182 31.916359 2.899400
v -11.004818 33.351177 2.899400
v -9.648851 31.769215 2.899400
v -9.648851 31.769215 2.866150
v -9.627212 31.743969 2.866150
v -9.674096 31.747576 2.866150
v -9.674096 31.747576 1.256850
v -9.627212 31.743969 1.256850
v -9.455544 31.891115 2.866150
v -9.455544 31.891115 1.256850
v -9.503149 31.946655 -3.963400
v -9.503149 31.946655 -3.930150
v -8.147182 30.364693 -3.963400
v -9.674817 31.799511 -3.963400
v -8.147183 30.364693 -3.930150
v -9.674817 31.799511 -3.930150
v -8.318851 30.217550 -3.963400
v -8.318851 30.217550 -3.930150
v -8.344096 30.195911 -3.930150
v -8.297212 30.192303 -3.930150
v -8.318851 30.217550 -2.320850
v -9.700062 31.777874 -3.930150
v -8.297212 30.192303 -2.320850
v -8.125544 30.339449 -2.320850
v -8.147183 30.364693 -2.320850
v -8.121938 30.386332 -2.320850
v -9.503149 31.946655 -2.320850
v -8.147182 30.364693 -2.287600
v -9.503149 31.946655 -2.287600
v -8.125544 30.339449 -3.930150
v -8.318851 30.217550 -2.287600
v -9.674817 31.799511 -2.287600
v -9.674817 31.799511 -2.320850
v -9.700062 31.777874 -2.320850
v -9.696456 31.824755 -2.320850
v -9.696456 31.824755 -3.930150
v -9.524788 31.971901 -2.320850
v -9.524788 31.971901 -3.930150
v -8.344096 30.195911 -2.320850
v -9.477904 31.968294 -2.320850
v -9.477904 31.968294 -3.930150
v -8.121938 30.386332 -3.930150
v -9.503149 31.946655 -2.234400
v -9.503149 31.946655 -2.201150
v -8.147182 30.364693 -2.234400
v -9.674817 31.799511 -2.234400
v -8.147183 30.364693 -2.201150
v -9.674817 31.799511 -2.201150
v -8.318851 30.217550 -2.234400
v -8.318851 30.217550 -2.201150
v -8.344096 30.195911 -2.201150
v -8.297212 30.192303 -2.201150
v -8.318851 30.217550 -0.591850
v -9.700062 31.777874 -2.201150
v -8.297212 30.192303 -0.591850
v -8.125544 30.339449 -0.591850
v -8.147183 30.364693 -0.591850
v -8.121938 30.386332 -0.591850
v -9.503149 31.946655 -0.591850
v -8.147182 30.364693 -0.558600
v -9.503149 31.946655 -0.558600
v -8.125544 30.339449 -2.201150
v -8.318851 30.217550 -0.558600
v -9.674817 31.799511 -0.558600
v -9.674817 31.799511 -0.591850
v -9.700062 31.777874 -0.591850
v -9.696456 31.824755 -0.591850
v -9.696456 31.824755 -2.201150
v -9.524788 31.971901 -0.591850
v -9.524788 31.971901 -2.201150
v -8.344096 30.195911 -0.591850
v -9.477904 31.968294 -0.591850
v -9.477904 31.968294 -2.201150
v -8.121938 30.386332 -2.201150
v -9.503149 31.946655 -0.505400
v -9.503149 31.946655 -0.472150
v -8.147182 30.364693 -0.505400
v -9.674817 31.799511 -0.505400
v -8.147183 30.364693 -0.472150
v -9.674817 31.799511 -0.472150
v -8.318851 30.217550 -0.505400
v -8.318851 30.217550 -0.472150
v -8.344096 30.195911 -0.472150
v -8.297212 30.192303 -0.472150
v -8.318851 30.217550 1.137150
v -9.700062 31.777874 -0.472150
v -8.297212 30.192303 1.137150
v -8.125544 30.339449 1.137150
v -8.147183 30.364693 1.137150
v -8.121938 30.386332 1.137150
v -9.503149 31.946655 1.137150
v -8.147182 30.364693 1.170400
v -9.503149 31.946655 1.170400
v -8.125544 30.339449 -0.472150
v -8.318851 30.217550 1.170400
v -9.674817 31.799511 1.170400
v -9.674817 31.799511 1.137150
v -9.700062 31.777874 1.137150
v -9.696456 31.824755 1.137150
v -9.696456 31.824755 -0.472150
v -9.524788 31.971901 1.137150
v -9.524788 31.971901 -0.472150
v -8.344096 30.195911 1.137150
v -9.477904 31.968294 1.137150
v -9.477904 31.968294 -0.472150
v -8.121938 30.386332 -0.472150
v -9.503149 31.946655 1.223600
v -9.503149 31.946655 1.256850
v -8.147182 30.364693 1.223600
v -9.674817 31.799511 1.223600
v -8.147183 30.364693 1.256850
v -9.674817 31.799511 1.256850
v -8.318851 30.217550 1.223600
v -8.318851 30.217550 1.256850
v -8.344096 30.195911 1.256850
v -8.297212 30.192303 1.256850
v -8.318851 30.217550 2.866150
v -9.700062 31.777874 1.256850
v -8.297212 30.192303 2.866150
v -8.125544 30.339449 2.866150
v -8.147183 30.364693 2.866150
v -8.121938 30.386332 2.866150
v -9.503149 31.946655 2.866150
v -8.147182 30.364693 2.899400
v -9.503149 31.946655 2.899400
v -8.125544 30.339449 1.256850
v -8.318851 30.217550 2.899400
v -9.674817 31.799511 2.899400
v -9.674817 31.799511 2.866150
v -9.700062 31.777874 2.866150
v -9.696456 31.824755 2.866150
v -9.696456 31.824755 1.256850
v -9.524788 31.971901 2.866150
v -9.524788 31.971901 1.256850
v -8.344096 30.195911 2.866150
v -9.477904 31.968294 2.866150
v -9.477904 31.968294 1.256850
v -8.121938 30.386332 1.256850
v -8.173149 30.394987 -3.963400
v -8.173149 30.394987 -3.930150
v -6.817183 28.813025 -3.963400
v -8.344817 30.247843 -3.963400
v -6.817183 28.813025 -3.930150
v -8.344817 30.247843 -3.930150
v -6.988851 28.665880 -3.963400
v -6.988851 28.665880 -3.930150
v -7.014096 28.644241 -3.930150
v -6.967212 28.640635 -3.930150
v -6.988851 28.665880 -2.320850
v -8.370062 30.226204 -3.930150
v -6.967212 28.640635 -2.320850
v -6.795544 28.787781 -2.320850
v -6.817183 28.813025 -2.320850
v -6.791938 28.834663 -2.320850
v -8.173149 30.394987 -2.320850
v -6.817183 28.813025 -2.287600
v -8.173149 30.394987 -2.287600
v -6.795544 28.787781 -3.930150
v -6.988851 28.665880 -2.287600
v -8.344817 30.247843 -2.287600
v -8.344817 30.247843 -2.320850
v -8.370062 30.226204 -2.320850
v -8.366456 30.273087 -2.320850
v -8.366456 30.273087 -3.930150
v -8.194788 30.420233 -2.320850
v -8.194788 30.420233 -3.930150
v -7.014096 28.644241 -2.320850
v -8.147904 30.416626 -2.320850
v -8.147904 30.416626 -3.930150
v -6.791938 28.834663 -3.930150
v -8.173149 30.394987 -2.234400
v -8.173149 30.394987 -2.201150
v -6.817183 28.813025 -2.234400
v -8.344817 30.247843 -2.234400
v -6.817183 28.813025 -2.201150
v -8.344817 30.247843 -2.201150
v -6.988851 28.665880 -2.234400
v -6.988851 28.665880 -2.201150
v -7.014096 28.644241 -2.201150
v -6.967212 28.640635 -2.201150
v -6.988851 28.665880 -0.591850
v -8.370062 30.226204 -2.201150
v -6.967212 28.640635 -0.591850
v -6.795544 28.787781 -0.591850
v -6.817183 28.813025 -0.591850
v -6.791938 28.834663 -0.591850
v -8.173149 30.394987 -0.591850
v -6.817183 28.813025 -0.558600
v -8.173149 30.394987 -0.558600
v -6.795544 28.787781 -2.201150
v -6.988851 28.665880 -0.558600
v -8.344817 30.247843 -0.558600
v -8.344817 30.247843 -0.591850
v -8.370062 30.226204 -0.591850
v -8.366456 30.273087 -0.591850
v -8.366456 30.273087 -2.201150
v -8.194788 30.420233 -0.591850
v -8.194788 30.420233 -2.201150
v -7.014096 28.644241 -0.591850
v -8.147904 30.416626 -0.591850
v -8.147904 30.416626 -2.201150
v -6.791938 28.834663 -2.201150
v -8.173149 30.394987 -0.505400
v -8.173149 30.394987 -0.472150
v -6.817183 28.813025 -0.505400
v -8.344817 30.247843 -0.505400
v -6.817183 28.813025 -0.472150
v -8.344817 30.247843 -0.472150
v -6.988851 28.665880 -0.505400
v -6.988851 28.665880 -0.472150
v -7.014096 28.644241 -0.472150
v -6.967212 28.640635 -0.472150
v -6.988851 28.665880 1.137150
v -8.370062 30.226204 -0.472150
v -6.967212 28.640635 1.137150
v -6.795544 28.787781 1.137150
v -6.817183 28.813025 1.137150
v -6.791938 28.834663 1.137150
v -8.173149 30.394987 1.137150
v -6.817183 28.813025 1.170400
v -8.173149 30.394987 1.170400
v -6.795544 28.787781 -0.472150
v -6.988851 28.665880 1.170400
v -8.344817 30.247843 1.170400
v -8.344817 30.247843 1.137150
v -8.370062 30.226204 1.137150
v -8.366456 30.273087 1.137150
v -8.366456 30.273087 -0.472150
v -8.194788 30.420233 1.137150
v -8.194788 30.420233 -0.472150
v -7.014096 28.644241 1.137150
v -8.147904 30.416626 1.137150
v -8.147904 30.416626 -0.472150
v -6.791938 28.834663 -0.472150
v -8.173149 30.394987 1.223600
v -8.173149 30.394987 1.256850
v -6.817183 28.813025 1.223600
v -8.344817 30.247843 1.223600
v -6.817183 28.813025 1.256850
v -8.344817 30.247843 1.256850
v -6.988851 28.665880 1.223600
v -6.988851 28.665880 1.256850
v -7.014096 28.644241 1.256850
v -6.967212 28.640635 1.256850
v -6.988851 28.665880 2.866150
v -8.370062 30.226204 1.256850
v -6.967212 28.640635 2.866150
v -6.795544 28.787781 2.866150
v -6.817183 28.813025 2.866150
v -6.791938 28.834663 2.866150
v -8.173149 30.394987 2.866150
v -6.817183 28.813025 2.899400
v -8.173149 30.394987 2.899400
v -6.795544 28.787781 1.256850
v -6.988851 28.665880 2.899400
v -8.344817 30.247843 2.899400
v -8.344817 30.247843 2.866150
v -8.370062 30.226204 2.866150
v -8.366456 30.273087 2.866150
v -8.366456 30.273087 1.256850
v -8.194788 30.420233 2.866150
v -8.194788 30.420233 1.256850
v -7.014096 28.644241 2.866150
v -8.147904 30.416626 2.866150
v -8.147904 30.416626 1.256850
v -6.791938 28.834663 1.256850
v -10.807182 33.351177 -3.963400
v -10.807182 33.351177 -3.930150
v -12.163149 31.769215 -3.963400
v -10.978851 33.498322 -3.963400
v -12.163149 31.769215 -3.930150
v -12.137904 31.747576 -3.930150
v -12.163149 31.769215 -2.320850
v -12.184788 31.743969 -3.930150
v -12.334818 31.916359 -3.930150
v -10.781938 33.329540 -3.930150
v -12.137904 31.747576 -2.320850
v -10.781938 33.329540 -2.320850
v -10.807182 33.351177 -2.320850
v -10.785544 33.376423 -2.320850
v -10.807182 33.351177 -2.287600
v -10.978851 33.498322 -2.320850
v -12.163149 31.769215 -2.287600
v -10.957212 33.523567 -2.320850
v -10.957212 33.523567 -3.930150
v -10.785544 33.376423 -3.930150
v -10.978851 33.498322 -3.930150
v -11.004096 33.519958 -3.930150
v -11.004096 33.519958 -2.320850
v -12.334818 31.916359 -3.963400
v -12.360063 31.937998 -3.930150
v -12.360063 31.937998 -2.320850
v -12.334818 31.916359 -2.320850
v -12.356457 31.891115 -2.320850
v -12.334818 31.916359 -2.287600
v -10.978851 33.498322 -2.287600
v -12.184788 31.743969 -2.320850
v -12.356457 31.891115 -3.930150
v -10.807182 33.351177 -2.234400
v -10.807182 33.351177 -2.201150
v -12.163149 31.769215 -2.234400
v -10.978851 33.498322 -2.234400
v -12.163149 31.769215 -2.201150
v -12.137904 31.747576 -2.201150
v -12.163149 31.769215 -0.591850
v -12.184788 31.743969 -2.201150
v -12.334818 31.916359 -2.201150
v -10.781938 33.329540 -2.201150
v -12.137904 31.747576 -0.591850
v -10.781938 33.329540 -0.591850
v -10.807182 33.351177 -0.591850
v -10.785544 33.376423 -0.591850
v -10.807182 33.351177 -0.558600
v -10.978851 33.498322 -0.591850
v -12.163149 31.769215 -0.558600
v -10.957212 33.523567 -0.591850
v -10.957212 33.523567 -2.201150
v -10.785544 33.376423 -2.201150
v -10.978851 33.498322 -2.201150
v -11.004096 33.519958 -2.201150
v -11.004096 33.519958 -0.591850
v -12.334818 31.916359 -2.234400
v -12.360063 31.937998 -2.201150
v -12.360063 31.937998 -0.591850
v -12.334818 31.916359 -0.591850
v -12.356457 31.891115 -0.591850
v -12.334818 31.916359 -0.558600
v -10.978851 33.498322 -0.558600
v -12.184788 31.743969 -0.591850
v -12.356457 31.891115 -2.201150
v -10.807182 33.351177 -0.505400
v -10.807182 33.351177 -0.472150
v -12.163149 31.769215 -0.505400
v -10.978851 33.498322 -0.505400
v -12.163149 31.769215 -0.472150
v -12.137904 31.747576 -0.472150
v -12.163149 31.769215 1.137150
v -12.184788 31.743969 -0.472150
v -12.334818 31.916359 -0.472150
v -10.781938 33.329540 -0.472150
v -12.137904 31.747576 1.137150
v -10.781938 33.329540 1.137150
v -10.807182 33.351177 1.137150
v -10.785544 33.376423 1.137150
v -10.807182 33.351177 1.170400
v -10.978851 33.498322 1.137150
v -12.163149 31.769215 1.170400
v -10.957212 33.523567 1.137150
v -10.957212 33.523567 -0.472150
v -10.785544 33.376423 -0.472150
v -10.978851 33.498322 -0.472150
v -11.004096 33.519958 -0.472150
v -11.004096 33.519958 1.137150
v -12.334818 31.916359 -0.505400
v -12.360063 31.937998 -0.472150
v -12.360063 31.937998 1.137150
v -12.334818 31.916359 1.137150
v -12.356457 31.891115 1.137150
v -12.334818 31.916359 1.170400
v -10.978851 33.498322 1.170400
v -12.184788 31.743969 1.137150
v -12.356457 31.891115 -0.472150
v -10.807182 33.351177 1.223600
v -10.807182 33.351177 1.256850
v -12.163149 31.769215 1.223600
v -10.978851 33.498322 1.223600
v -12.163149 31.769215 1.256850
v -12.137904 31.747576 1.256850
v -12.163149 31.769215 2.866150
v -12.184788 31.743969 1.256850
v -12.334818 31.916359 1.256850
v -10.781938 33.329540 1.256850
v -12.137904 31.747576 2.866150
v -10.781938 33.329540 2.866150
v -10.807182 33.351177 2.866150
v -10.785544 33.376423 2.866150
v -10.807182 33.351177 2.899400
v -10.978851 33.498322 2.866150
v -12.163149 31.769215 2.899400
v -10.957212 33.523567 2.866150
v -10.957212 33.523567 1.256850
v -10.785544 33.376423 1.256850
v -10.978851 33.498322 1.256850
v -11.004096 33.519958 1.256850
v -11.004096 33.519958 2.866150
v -12.334818 31.916359 1.223600
v -12.360063 31.937998 1.256850
v -12.360063 31.937998 2.866150
v -12.334818 31.916359 2.866150
v -12.356457 31.891115 2.866150
v -12.334818 31.916359 2.899400
v -10.978851 33.498322 2.899400
v -12.184788 31.743969 2.866150
v -12.356457 31.891115 1.256850
v -12.137182 31.799511 -3.963400
v -12.137182 31.799509 -3.930150
v -13.493149 30.217550 -3.963400
v -12.308851 31.946655 -3.963400
v -12.308851 31.946655 -3.930150
v -12.334096 31.968294 -3.930150
v -12.308851 31.946655 -2.320850
v -12.287212 31.971901 -3.930150
v -13.664818 30.364695 -3.930150
v -12.334096 31.968294 -2.320850
v -13.690063 30.386333 -3.930150
v -12.115544 31.824755 -3.930150
v -12.115544 31.824755 -2.320850
v -12.287212 31.971901 -2.320850
v -12.137182 31.799509 -2.320850
v -12.111938 31.777870 -2.320850
v -13.493149 30.217550 -2.320850
v -12.137182 31.799511 -2.287600
v -12.111938 31.777870 -3.930150
v -13.493149 30.217550 -2.287600
v -13.664818 30.364693 -2.287600
v -12.308851 31.946655 -2.287600
v -13.664818 30.364695 -2.320850
v -13.686457 30.339449 -2.320850
v -13.690063 30.386333 -2.320850
v -13.686457 30.339449 -3.930150
v -13.514788 30.192303 -2.320850
v -13.514788 30.192303 -3.930150
v -13.493149 30.217550 -3.930150
v -13.467904 30.195911 -3.930150
v -13.467904 30.195911 -2.320850
v -13.664818 30.364693 -3.963400
v -12.137182 31.799511 -2.234400
v -12.137182 31.799509 -2.201150
v -13.493149 30.217550 -2.234400
v -12.308851 31.946655 -2.234400
v -12.308851 31.946655 -2.201150
v -12.334096 31.968294 -2.201150
v -12.308851 31.946655 -0.591850
v -12.287212 31.971901 -2.201150
v -13.664818 30.364695 -2.201150
v -12.334096 31.968294 -0.591850
v -13.690063 30.386333 -2.201150
v -12.115544 31.824755 -2.201150
v -12.115544 31.824755 -0.591850
v -12.287212 31.971901 -0.591850
v -12.137182 31.799509 -0.591850
v -12.111938 31.777870 -0.591850
v -13.493149 30.217550 -0.591850
v -12.137182 31.799511 -0.558600
v -12.111938 31.777870 -2.201150
v -13.493149 30.217550 -0.558600
v -13.664818 30.364693 -0.558600
v -12.308851 31.946655 -0.558600
v -13.664818 30.364695 -0.591850
v -13.686457 30.339449 -0.591850
v -13.690063 30.386333 -0.591850
v -13.686457 30.339449 -2.201150
v -13.514788 30.192303 -0.591850
v -13.514788 30.192303 -2.201150
v -13.493149 30.217550 -2.201150
v -13.467904 30.195911 -2.201150
v -13.467904 30.195911 -0.591850
v -13.664818 30.364693 -2.234400
v -12.137182 31.799511 -0.505400
v -12.137182 31.799509 -0.472150
v -13.493149 30.217550 -0.505400
v -12.308851 31.946655 -0.505400
v -12.308851 31.946655 -0.472150
v -12.334096 31.968294 -0.472150
v -12.308851 31.946655 1.137150
v -12.287212 31.971901 -0.472150
v -13.664818 30.364695 -0.472150
v -12.334096 31.968294 1.137150
v -13.690063 30.386333 -0.472150
v -12.115544 31.824755 -0.472150
v -12.115544 31.824755 1.137150
v -12.287212 31.971901 1.137150
v -12.137182 31.799509 1.137150
v -12.111938 31.777870 1.137150
v -13.493149 30.217550 1.137150
v -12.137182 31.799511 1.170400
v -12.111938 31.777870 -0.472150
v -13.493149 30.217550 1.170400
v -13.664818 30.364693 1.170400
v -12.308851 31.946655 1.170400
v -13.664818 30.364695 1.137150
v -13.686457 30.339449 1.137150
v -13.690063 30.386333 1.137150
v -13.686457 30.339449 -0.472150
v -13.514788 30.192303 1.137150
v -13.514788 30.192303 -0.472150
v -13.493149 30.217550 -0.472150
v -13.467904 30.195911 -0.472150
v -13.467904 30.195911 1.137150
v -13.664818 30.364693 -0.505400
v -12.137182 31.799511 1.223600
v -12.137182 31.799509 1.256850
v -13.493149 30.217550 1.223600
v -12.308851 31.946655 1.223600
v -12.308851 31.946655 1.256850
v -12.334096 31.968294 1.256850
v -12.308851 31.946655 2.866150
v -12.287212 31.971901 1.256850
v -13.664818 30.364695 1.256850
v -12.334096 31.968294 2.866150
v -13.690063 30.386333 1.256850
v -12.115544 31.824755 1.256850
v -12.115544 31.824755 2.866150
v -12.287212 31.971901 2.866150
v -12.137182 31.799509 2.866150
v -12.111938 31.777870 2.866150
v -13.493149 30.217550 2.866150
v -12.137182 31.799511 2.899400
v -12.111938 31.777870 1.256850
v -13.493149 30.217550 2.899400
v -13.664818 30.364693 2.899400
v -12.308851 31.946655 2.899400
v -13.664818 30.364695 2.866150
v -13.686457 30.339449 2.866150
v -13.690063 30.386333 2.866150
v -13.686457 30.339449 1.256850
v -13.514788 30.192303 2.866150
v -13.514788 30.192303 1.256850
v -13.493149 30.217550 1.256850
v -13.467904 30.195911 1.256850
v -13.467904 30.195911 2.866150
v -13.664818 30.364693 1.223600
v -13.467183 30.247843 -3.963400
v -13.467183 30.247841 -3.930150
v -14.823149 28.665880 -3.963400
v -13.638851 30.394987 -3.963400
v -13.638851 30.394987 -3.930150
v -13.664096 30.416626 -3.930150
v -13.638851 30.394987 -2.320850
v -13.617212 30.420233 -3.930150
v -14.994818 28.813026 -3.930150
v -13.664096 30.416626 -2.320850
v -15.020062 28.834665 -3.930150
v -13.445544 30.273087 -3.930150
v -13.445544 30.273087 -2.320850
v -13.617212 30.420233 -2.320850
v -13.467183 30.247841 -2.320850
v -13.441938 30.226202 -2.320850
v -14.823149 28.665880 -2.320850
v -13.467183 30.247843 -2.287600
v -13.441938 30.226202 -3.930150
v -14.823149 28.665880 -2.287600
v -14.994818 28.813025 -2.287600
v -13.638851 30.394987 -2.287600
v -14.994818 28.813026 -2.320850
v -15.016457 28.787781 -2.320850
v -15.020062 28.834665 -2.320850
v -15.016457 28.787781 -3.930150
v -14.844788 28.640635 -2.320850
v -14.844788 28.640635 -3.930150
v -14.823149 28.665880 -3.930150
v -14.797904 28.644241 -3.930150
v -14.797904 28.644241 -2.320850
v -14.994818 28.813025 -3.963400
v -13.467183 30.247843 -2.234400
v -13.467183 30.247841 -2.201150
v -14.823149 28.665880 -2.234400
v -13.638851 30.394987 -2.234400
v -13.638851 30.394987 -2.201150
v -13.664096 30.416626 -2.201150
v -13.638851 30.394987 -0.591850
v -13.617212 30.420233 -2.201150
v -14.994818 28.813026 -2.201150
v -13.664096 30.416626 -0.591850
v -15.020062 28.834665 -2.201150
v -13.445544 30.273087 -2.201150
v -13.445544 30.273087 -0.591850
v -13.617212 30.420233 -0.591850
v -13.467183 30.247841 -0.591850
v -13.441938 30.226202 -0.591850
v -14.823149 28.665880 -0.591850
v -13.467183 30.247843 -0.558600
v -13.441938 30.226202 -2.201150
v -14.823149 28.665880 -0.558600
v -14.994818 28.813025 -0.558600
v -13.638851 30.394987 -0.558600
v -14.994818 28.813026 -0.591850
v -15.016457 28.787781 -0.591850
v -15.020062 28.834665 -0.591850
v -15.016457 28.787781 -2.201150
v -14.844788 28.640635 -0.591850
v -14.844788 28.640635 -2.201150
v -14.823149 28.665880 -2.201150
v -14.797904 28.644241 -2.201150
v -14.797904 28.644241 -0.591850
v -14.994818 28.813025 -2.234400
v -13.467183 30.247843 -0.505400
v -13.467183 30.247841 -0.472150
v -14.823149 28.665880 -0.505400
v -13.638851 30.394987 -0.505400
v -13.638851 30.394987 -0.472150
v -13.664096 30.416626 -0.472150
v -13.638851 30.394987 1.137150
v -13.617212 30.420233 -0.472150
v -14.994818 28.813026 -0.472150
v -13.664096 30.416626 1.137150
v -15.020062 28.834665 -0.472150
v -13.445544 30.273087 -0.472150
v -13.445544 30.273087 1.137150
v -13.617212 30.420233 1.137150
v -13.467183 30.247841 1.137150
v -13.441938 30.226202 1.137150
v -14.823149 28.665880 1.137150
v -13.467183 30.247843 1.170400
v -13.441938 30.226202 -0.472150
v -14.823149 28.665880 1.170400
v -14.994818 28.813025 1.170400
v -13.638851 30.394987 1.170400
v -14.994818 28.813026 1.137150
v -15.016457 28.787781 1.137150
v -15.020062 28.834665 1.137150
v -15.016457 28.787781 -0.472150
v -14.844788 28.640635 1.137150
v -14.844788 28.640635 -0.472150
v -14.823149 28.665880 -0.472150
v -14.797904 28.644241 -0.472150
v -14.797904 28.644241 1.137150
v -14.994818 28.813025 -0.505400
v -13.467183 30.247843 1.223600
v -13.467183 30.247841 1.256850
v -14.823149 28.665880 1.223600
v -13.638851 30.394987 1.223600
v -13.638851 30.394987 1.256850
v -13.664096 30.416626 1.256850
v -13.638851 30.394987 2.866150
v -13.617212 30.420233 1.256850
v -14.994818 28.813026 1.256850
v -13.664096 30.416626 2.866150
v -15.020062 28.834665 1.256850
v -13.445544 30.273087 1.256850
v -13.445544 30.273087 2.866150
v -13.617212 30.420233 2.866150
v -13.467183 30.247841 2.866150
v -13.441938 30.226202 2.866150
v -14.823149 28.665880 2.866150
v -13.467183 30.247843 2.899400
v -13.441938 30.226202 1.256850
v -14.823149 28.665880 2.899400
v -14.994818 28.813025 2.899400
v -13.638851 30.394987 2.899400
v -14.994818 28.813026 2.866150
v -15.016457 28.787781 2.866150
v -15.020062 28.834665 2.866150
v -15.016457 28.787781 1.256850
v -14.844788 28.640635 2.866150
v -14.844788 28.640635 1.256850
v -14.823149 28.665880 1.256850
v -14.797904 28.644241 1.256850
v -14.797904 28.644241 2.866150
v -14.994818 28.813025 1.223600
v -10.653300 33.409603 -4.389000
v -10.653300 33.409603 -4.309200
v -11.158700 33.409603 -4.389000
v -10.653300 33.782001 -4.389000
v -11.158700 33.409603 -4.309200
v -11.158700 33.329800 -4.309200
v -11.158700 33.409603 3.245200
v -11.238500 33.409603 -4.309200
v -11.158700 33.782001 -4.309200
v -11.158700 33.329800 3.245200
v -11.238500 33.409603 3.245200
v -11.238500 33.782001 -4.309200
v -11.238500 33.782001 3.245200
v -11.158700 33.782001 3.245200
v -11.158700 33.861801 3.245200
v -11.158700 33.782001 3.325000
v -10.653300 33.782001 3.245200
v -10.653300 33.782001 3.325000
v -10.653300 33.409603 3.325000
v -10.653300 33.409603 3.245200
v -11.158700 33.409603 3.325000
v -10.573500 33.409603 3.245200
v -10.653300 33.329800 3.245200
v -10.573500 33.782001 3.245200
v -10.573500 33.782001 -4.309200
v -10.653300 33.782001 -4.309200
v -10.573500 33.409603 -4.309200
v -10.653300 33.861801 -4.309200
v -10.653300 33.861801 3.245200
v -11.158700 33.782001 -4.389000
v -11.158700 33.861801 -4.309200
v -10.653300 33.329800 -4.309200
vn -0.0000 -0.0000 -1.0000
vn -0.0000 -0.0000 1.0000
vn -0.0000 -1.0000 -0.0000
vn -1.0000 -0.0000 -0.0000
vn -0.7593 0.6508 -0.0000
vn 0.7593 0.6508 -0.0000
vn 1.0000 -0.0000 -0.0000
vn -0.6508 0.7593 -0.0000
vn 0.7015 0.6013 -0.3827
vn 0.7015 0.6013 0.3827
vn -0.2906 -0.2490 -0.9239
vn -0.7015 -0.6013 -0.3827
vn 0.6508 -0.7592 -0.0000
vn -0.7015 -0.6013 0.3827
vn 0.6508 -0.7593 -0.0000
vn -0.2906 -0.2490 0.9239
vn 0.2906 0.2490 0.9239
vn 0.2906 0.2490 -0.9239
vn 0.6508 0.7593 -0.0000
vn -0.7015 0.6013 0.3827
vn -0.7015 0.6013 -0.3827
vn 0.2906 -0.2490 0.9239
vn 0.7015 -0.6013 0.3827
vn 0.6508 0.7592 -0.0000
vn 0.7015 -0.6013 -0.3827
vn 0.2906 -0.2490 -0.9239
vn -0.2906 0.2490 -0.9239
vn -0.6508 -0.7592 -0.0000
vn -0.6508 -0.7593 -0.0000
vn -0.2906 0.2491 0.9239
vn -0.2906 0.2490 0.9239
vn -0.6508 0.7592 -0.0000
vn 0.7015 -0.6012 -0.3827
vn 0.2906 -0.2491 -0.9239
vn -0.2906 0.2491 -0.9239
vn -0.7593 -0.6508 -0.0000
vn -0.7592 -0.6508 -0.0000
vn 0.7592 0.6509 -0.0000
vn 0.7592 0.6508 -0.0000
vn -0.7592 -0.6509 -0.0000
vn 0.6507 -0.7593 -0.0000
vn -0.6507 0.7593 -0.0000
vn 0.7593 -0.6508 -0.0000
vn 0.7592 -0.6508 -0.0000
vn -0.7592 0.6509 -0.0000
vn -0.7592 0.6508 -0.0000
vn 0.6508 0.7593 0.0001
vn 0.6508 0.7593 -0.0001
vn 0.6508 0.7592 -0.0001
vn -0.0001 -1.0000 -0.0000
vn 0.0001 1.0000 -0.0000
vn -0.0000 1.0000 -0.0000
vn -0.0001 1.0000 -0.0000
vn 0.0001 -1.0000 -0.0000
vt 0.000000 0.000000
vt 0.750000 0.490000
vt 0.919706 0.419706
vt 0.919706 0.080294
vt 1.000000 0.500000
vt 0.875000 1.000000
vt 0.875000 0.500000
vt 0.125000 1.000000
vt 0.000000 1.000000
vt 0.000000 0.500000
vt 1.000000 1.000000
vt 0.580294 0.419706
vt 0.125000 0.500000
vt 0.990000 0.250000
vt 0.750000 1.000000
vt 0.625000 0.500000
vt 0.750000 0.500000
vt 0.625000 1.000000
vt 0.500000 1.000000
vt 0.750000 0.010000
vt 0.500000 0.500000
vt 0.250000 0.010000
vt 0.419706 0.080294
vt 0.490000 0.250000
vt 0.375000 0.500000
vt 0.010000 0.250000
vt 0.080294 0.080294
vt 0.375000 1.000000
vt 0.250000 0.490000
vt 0.250000 1.000000
vt 0.250000 0.500000
vt 0.080294 0.419706
vt 0.580294 0.080294
vt 0.510000 0.250000
vt 0.419706 0.419706
s 0
usemtl FarRoof
f 5789/1662/787 5790/1662/787 5791/1662/787
f 5798/1662/788 5796/1662/788 5795/1662/788
f 5794/1662/789 5790/1662/789 5789/1662/789
f 5795/1662/790 5791/1662/790 5790/1662/790
f 5796/1662/791 5792/1662/791 5791/1662/791
f 5797/1662/792 5793/1662/792 5792/1662/792
f 5798/1662/793 5789/1662/793 5793/1662/793
f 5792/1662/787 5793/1662/787 5791/1662/787
f 5793/1662/787 5789/1662/787 5791/1662/787
f 5795/1662/788 5794/1662/788 5798/1662/788
f 5798/1662/788 5797/1662/788 5796/1662/788
f 5794/1662/789 5795/1662/789 5790/1662/789
f 5795/1662/790 5796/1662/790 5791/1662/790
f 5796/1662/791 5797/1662/791 5792/1662/791
f 5797/1662/792 5798/1662/792 5793/1662/792
f 5798/1662/793 5794/1662/793 5789/1662/793
f 5866/1662/794 5864/1662/794 5863/1662/794
f 5867/1662/792 5863/1662/792 5864/1662/792
f 5863/1662/787 5865/1662/787 5868/1662/787
f 5867/1662/792 5865/1662/792 5863/1662/792
f 5863/1662/787 5868/1662/787 5866/1662/787
f 5868/1662/822 5870/1662/822 5866/1662/822
f 5867/1662/801 5869/1662/801 5868/1662/801
f 5868/1662/822 5869/1662/822 5870/1662/822
f 5867/1662/801 5868/1662/801 5865/1662/801
f 5869/1662/787 5871/1662/787 5870/1662/787
f 5874/1662/794 5870/1662/794 5871/1662/794
f 5874/1662/818 5872/1662/818 5870/1662/818
f 5872/1662/822 5873/1662/822 5870/1662/822
f 5870/1662/787 5873/1662/787 5875/1662/787
f 5866/1662/794 5870/1662/794 5864/1662/794
f 5870/1662/787 5875/1662/787 5864/1662/787
f 5876/1662/792 5864/1662/792 5875/1662/792
f 5875/1662/794 5877/1662/794 5876/1662/794
f 5875/1662/794 5873/1662/794 5877/1662/794
f 5876/1662/788 5877/1662/788 5872/1662/788
f 5872/1662/823 5877/1662/823 5873/1662/823
f 5876/1662/792 5878/1662/792 5864/1662/792
f 5876/1662/788 5872/1662/788 5878/1662/788
f 5878/1662/818 5882/1662/818 5864/1662/818
f 5883/1662/788 5879/1662/788 5878/1662/788
f 5878/1662/794 5879/1662/794 5882/1662/794
f 5880/1662/792 5878/1662/792 5881/1662/792
f 5883/1662/788 5878/1662/788 5880/1662/788
f 5872/1662/794 5881/1662/794 5878/1662/794
f 5883/1662/799 5880/1662/799 5867/1662/799
f 5879/1662/792 5883/1662/792 5884/1662/792
f 5883/1662/799 5867/1662/799 5884/1662/799
f 5879/1662/792 5884/1662/792 5882/1662/792
f 5884/1662/787 5864/1662/787 5882/1662/787
f 5884/1662/787 5867/1662/787 5864/1662/787
f 5881/1662/788 5887/1662/788 5885/1662/788
f 5880/1662/792 5881/1662/792 5885/1662/792
f 5881/1662/788 5886/1662/788 5887/1662/788
f 5872/1662/794 5886/1662/794 5881/1662/794
f 5887/1662/801 5888/1662/801 5880/1662/801
f 5886/1662/822 5888/1662/822 5887/1662/822
f 5887/1662/801 5880/1662/801 5885/1662/801
f 5880/1662/788 5888/1662/788 5889/1662/788
f 5889/1662/822 5888/1662/822 5869/1662/822
f 5888/1662/799 5891/1662/799 5869/1662/799
f 5888/1662/799 5890/1662/799 5891/1662/799
f 5888/1662/788 5874/1662/788 5890/1662/788
f 5888/1662/788 5872/1662/788 5874/1662/788
f 5886/1662/822 5872/1662/822 5888/1662/822
f 5869/1662/787 5891/1662/787 5871/1662/787
f 5891/1662/822 5874/1662/822 5871/1662/822
f 5891/1662/822 5890/1662/822 5874/1662/822
f 5893/1662/801 5889/1662/801 5892/1662/801
f 5889/1662/822 5869/1662/822 5892/1662/822
f 5880/1662/788 5889/1662/788 5893/1662/788
f 5880/1662/824 5893/1662/824 5894/1662/824
f 5893/1662/799 5892/1662/799 5894/1662/799
f 5892/1662/787 5867/1662/787 5894/1662/787
f 5880/1662/792 5894/1662/792 5867/1662/792
f 5892/1662/787 5869/1662/787 5867/1662/787
f 5898/1662/794 5896/1662/794 5895/1662/794
f 5899/1662/792 5895/1662/792 5896/1662/792
f 5895/1662/787 5897/1662/787 5900/1662/787
f 5899/1662/792 5897/1662/792 5895/1662/792
f 5895/1662/787 5900/1662/787 5898/1662/787
f 5900/1662/822 5902/1662/822 5898/1662/822
f 5899/1662/801 5901/1662/801 5900/1662/801
f 5900/1662/822 5901/1662/822 5902/1662/822
f 5899/1662/801 5900/1662/801 5897/1662/801
f 5901/1662/787 5903/1662/787 5902/1662/787
f 5906/1662/794 5902/1662/794 5903/1662/794
f 5906/1662/818 5904/1662/818 5902/1662/818
f 5904/1662/822 5905/1662/822 5902/1662/822
f 5902/1662/787 5905/1662/787 5907/1662/787
f 5898/1662/794 5902/1662/794 5896/1662/794
f 5902/1662/787 5907/1662/787 5896/1662/787
f 5908/1662/792 5896/1662/792 5907/1662/792
f 5907/1662/794 5909/1662/794 5908/1662/794
f 5907/1662/794 5905/1662/794 5909/1662/794
f 5908/1662/788 5909/1662/788 5904/1662/788
f 5904/1662/823 5909/1662/823 5905/1662/823
f 5908/1662/792 5910/1662/792 5896/1662/792
f 5908/1662/788 5904/1662/788 5910/1662/788
f 5910/1662/818 5914/1662/818 5896/1662/818
f 5915/1662/788 5911/1662/788 5910/1662/788
f 5910/1662/794 5911/1662/794 5914/1662/794
f 5912/1662/792 5910/1662/792 5913/1662/792
f 5915/1662/788 5910/1662/788 5912/1662/788
f 5904/1662/794 5913/1662/794 5910/1662/794
f 5915/1662/799 5912/1662/799 5899/1662/799
f 5911/1662/792 5915/1662/792 5916/1662/792
f 5915/1662/799 5899/1662/799 5916/1662/799
f 5911/1662/792 5916/1662/792 5914/1662/792
f 5916/1662/787 5896/1662/787 5914/1662/787
f 5916/1662/787 5899/1662/787 5896/1662/787
f 5913/1662/788 5919/1662/788 5917/1662/788
f 5912/1662/792 5913/1662/792 5917/1662/792
f 5913/1662/788 5918/1662/788 5919/1662/788
f 5904/1662/794 5918/1662/794 5913/1662/794
f 5919/1662/801 5920/1662/801 5912/1662/801
f 5918/1662/822 5920/1662/822 5919/1662/822
f 5919/1662/801 5912/1662/801 5917/1662/801
f 5912/1662/788 5920/1662/788 5921/1662/788
f 5921/1662/822 5920/1662/822 5901/1662/822
f 5920/1662/799 5923/1662/799 5901/1662/799
f 5920/1662/799 5922/1662/799 5923/1662/799
f 5920/1662/788 5906/1662/788 5922/1662/788
f 5920/1662/788 5904/1662/788 5906/1662/788
f 5918/1662/822 5904/1662/822 5920/1662/822
f 5901/1662/787 5923/1662/787 5903/1662/787
f 5923/1662/822 5906/1662/822 5903/1662/822
f 5923/1662/822 5922/1662/822 5906/1662/822
f 5925/1662/801 5921/1662/801 5924/1662/801
f 5921/1662/822 5901/1662/822 5924/1662/822
f 5912/1662/788 5921/1662/788 5925/1662/788
f 5912/1662/824 5925/1662/824 5926/1662/824
f 5925/1662/799 5924/1662/799 5926/1662/799
f 5924/1662/787 5899/1662/787 5926/1662/787
f 5912/1662/792 5926/1662/792 5899/1662/792
f 5924/1662/787 5901/1662/787 5899/1662/787
f 5930/1662/794 5928/1662/794 5927/1662/794
f 5931/1662/792 5927/1662/792 5928/1662/792
f 5927/1662/787 5929/1662/787 5932/1662/787
f 5931/1662/792 5929/1662/792 5927/1662/792
f 5927/1662/787 5932/1662/787 5930/1662/787
f 5932/1662/822 5934/1662/822 5930/1662/822
f 5931/1662/801 5933/1662/801 5932/1662/801
f 5932/1662/822 5933/1662/822 5934/1662/822
f 5931/1662/801 5932/1662/801 5929/1662/801
f 5933/1662/787 5935/1662/787 5934/1662/787
f 5938/1662/794 5934/1662/794 5935/1662/794
f 5938/1662/818 5936/1662/818 5934/1662/818
f 5936/1662/822 5937/1662/822 5934/1662/822
f 5934/1662/787 5937/1662/787 5939/1662/787
f 5930/1662/794 5934/1662/794 5928/1662/794
f 5934/1662/787 5939/1662/787 5928/1662/787
f 5940/1662/792 5928/1662/792 5939/1662/792
f 5939/1662/794 5941/1662/794 5940/1662/794
f 5939/1662/794 5937/1662/794 5941/1662/794
f 5940/1662/788 5941/1662/788 5936/1662/788
f 5936/1662/823 5941/1662/823 5937/1662/823
f 5940/1662/792 5942/1662/792 5928/1662/792
f 5940/1662/788 5936/1662/788 5942/1662/788
f 5942/1662/818 5946/1662/818 5928/1662/818
f 5947/1662/788 5943/1662/788 5942/1662/788
f 5942/1662/794 5943/1662/794 5946/1662/794
f 5944/1662/792 5942/1662/792 5945/1662/792
f 5947/1662/788 5942/1662/788 5944/1662/788
f 5936/1662/794 5945/1662/794 5942/1662/794
f 5947/1662/799 5944/1662/799 5931/1662/799
f 5943/1662/792 5947/1662/792 5948/1662/792
f 5947/1662/799 5931/1662/799 5948/1662/799
f 5943/1662/792 5948/1662/792 5946/1662/792
f 5948/1662/787 5928/1662/787 5946/1662/787
f 5948/1662/787 5931/1662/787 5928/1662/787
f 5945/1662/788 5951/1662/788 5949/1662/788
f 5944/1662/792 5945/1662/792 5949/1662/792
f 5945/1662/788 5950/1662/788 5951/1662/788
f 5936/1662/794 5950/1662/794 5945/1662/794
f 5951/1662/801 5952/1662/801 5944/1662/801
f 5950/1662/822 5952/1662/822 5951/1662/822
f 5951/1662/801 5944/1662/801 5949/1662/801
f 5944/1662/788 5952/1662/788 5953/1662/788
f 5953/1662/822 5952/1662/822 5933/1662/822
f 5952/1662/799 5955/1662/799 5933/1662/799
f 5952/1662/799 5954/1662/799 5955/1662/799
f 5952/1662/788 5938/1662/788 5954/1662/788
f 5952/1662/788 5936/1662/788 5938/1662/788
f 5950/1662/822 5936/1662/822 5952/1662/822
f 5933/1662/787 5955/1662/787 5935/1662/787
f 5955/1662/822 5938/1662/822 5935/1662/822
f 5955/1662/822 5954/1662/822 5938/1662/822
f 5957/1662/801 5953/1662/801 5956/1662/801
f 5953/1662/822 5933/1662/822 5956/1662/822
f 5944/1662/788 5953/1662/788 5957/1662/788
f 5944/1662/824 5957/1662/824 5958/1662/824
f 5957/1662/799 5956/1662/799 5958/1662/799
f 5956/1662/787 5931/1662/787 5958/1662/787
f 5944/1662/792 5958/1662/792 5931/1662/792
f 5956/1662/787 5933/1662/787 5931/1662/787
f 5962/1662/818 5960/1662/818 5959/1662/818
f 5963/1662/792 5959/1662/792 5960/1662/792
f 5959/1662/787 5961/1662/787 5964/1662/787
f 5963/1662/792 5961/1662/792 5959/1662/792
f 5959/1662/787 5964/1662/787 5962/1662/787
f 5964/1662/822 5966/1662/822 5962/1662/822
f 5963/1662/801 5965/1662/801 5964/1662/801
f 5964/1662/822 5965/1662/822 5966/1662/822
f 5963/1662/801 5964/1662/801 5961/1662/801
f 5965/1662/787 5967/1662/787 5966/1662/787
f 5970/1662/794 5966/1662/794 5967/1662/794
f 5970/1662/818 5968/1662/818 5966/1662/818
f 5968/1662/822 5969/1662/822 5966/1662/822
f 5966/1662/787 5969/1662/787 5971/1662/787
f 5962/1662/794 5966/1662/794 5960/1662/794
f 5966/1662/787 5971/1662/787 5960/1662/787
f 5972/1662/792 5960/1662/792 5971/1662/792
f 5971/1662/794 5973/1662/794 5972/1662/794
f 5971/1662/794 5969/1662/794 5973/1662/794
f 5972/1662/788 5973/1662/788 5968/1662/788
f 5968/1662/823 5973/1662/823 5969/1662/823
f 5972/1662/792 5974/1662/792 5960/1662/792
f 5972/1662/788 5968/1662/788 5974/1662/788
f 5974/1662/794 5978/1662/794 5960/1662/794
f 5979/1662/788 5975/1662/788 5974/1662/788
f 5974/1662/818 5975/1662/818 5978/1662/818
f 5976/1662/792 5974/1662/792 5977/1662/792
f 5979/1662/788 5974/1662/788 5976/1662/788
f 5968/1662/818 5977/1662/818 5974/1662/818
f 5979/1662/799 5976/1662/799 5963/1662/799
f 5975/1662/792 5979/1662/792 5980/1662/792
f 5979/1662/799 5963/1662/799 5980/1662/799
f 5975/1662/792 5980/1662/792 5978/1662/792
f 5980/1662/787 5960/1662/787 5978/1662/787
f 5980/1662/787 5963/1662/787 5960/1662/787
f 5977/1662/788 5983/1662/788 5981/1662/788
f 5976/1662/825 5977/1662/825 5981/1662/825
f 5977/1662/788 5982/1662/788 5983/1662/788
f 5968/1662/794 5982/1662/794 5977/1662/794
f 5983/1662/801 5984/1662/801 5976/1662/801
f 5982/1662/823 5984/1662/823 5983/1662/823
f 5983/1662/801 5976/1662/801 5981/1662/801
f 5976/1662/788 5984/1662/788 5985/1662/788
f 5985/1662/822 5984/1662/822 5965/1662/822
f 5984/1662/799 5987/1662/799 5965/1662/799
f 5984/1662/799 5986/1662/799 5987/1662/799
f 5984/1662/788 5970/1662/788 5986/1662/788
f 5984/1662/788 5968/1662/788 5970/1662/788
f 5982/1662/822 5968/1662/822 5984/1662/822
f 5965/1662/787 5987/1662/787 5967/1662/787
f 5987/1662/822 5970/1662/822 5967/1662/822
f 5987/1662/822 5986/1662/822 5970/1662/822
f 5989/1662/801 5985/1662/801 5988/1662/801
f 5985/1662/822 5965/1662/822 5988/1662/822
f 5976/1662/788 5985/1662/788 5989/1662/788
f 5976/1662/824 5989/1662/824 5990/1662/824
f 5989/1662/799 5988/1662/799 5990/1662/799
f 5988/1662/787 5963/1662/787 5990/1662/787
f 5976/1662/792 5990/1662/792 5963/1662/792
f 5988/1662/787 5965/1662/787 5963/1662/787
f 5991/1662/794 5996/1662/794 5992/1662/794
f 5995/1662/792 5991/1662/792 5992/1662/792
f 5991/1662/787 5993/1662/787 5997/1662/787
f 5995/1662/792 5993/1662/792 5991/1662/792
f 5991/1662/794 5994/1662/794 5996/1662/794
f 5991/1662/787 5997/1662/787 5994/1662/787
f 5997/1662/822 5996/1662/822 5994/1662/822
f 5995/1662/801 5998/1662/801 5997/1662/801
f 5997/1662/822 5998/1662/822 5996/1662/822
f 5995/1662/801 5997/1662/801 5993/1662/801
f 5998/1662/787 6002/1662/787 5996/1662/787
f 5998/1662/787 5999/1662/787 6002/1662/787
f 6001/1662/799 5999/1662/799 5998/1662/799
f 6000/1662/787 5998/1662/787 5995/1662/787
f 6003/1662/822 5998/1662/822 6000/1662/822
f 6003/1662/822 6001/1662/822 5998/1662/822
f 6004/1662/799 6003/1662/799 6000/1662/799
f 6005/1662/788 6001/1662/788 6003/1662/788
f 6005/1662/788 6003/1662/788 6004/1662/788
f 6006/1662/799 6005/1662/799 5995/1662/799
f 6006/1662/788 6007/1662/788 6005/1662/788
f 6005/1662/792 6007/1662/792 6009/1662/792
f 6011/1662/801 6005/1662/801 6008/1662/801
f 6005/1662/792 6009/1662/792 6008/1662/792
f 6005/1662/825 6010/1662/825 5995/1662/825
f 6005/1662/792 6004/1662/792 6010/1662/792
f 6011/1662/801 6001/1662/801 6005/1662/801
f 6011/1662/822 6013/1662/822 6001/1662/822
f 6009/1662/788 6012/1662/788 6011/1662/788
f 6011/1662/822 6012/1662/822 6013/1662/822
f 6009/1662/788 6011/1662/788 6008/1662/788
f 6001/1662/788 6013/1662/788 6014/1662/788
f 6014/1662/818 6013/1662/818 5996/1662/818
f 6013/1662/826 6016/1662/826 5996/1662/826
f 6017/1662/788 6015/1662/788 6013/1662/788
f 6013/1662/822 6015/1662/822 6016/1662/822
f 6013/1662/794 6012/1662/794 6009/1662/794
f 6013/1662/794 6009/1662/794 6007/1662/794
f 6017/1662/788 6013/1662/788 6007/1662/788
f 6018/1662/794 6015/1662/794 6017/1662/794
f 6017/1662/792 5992/1662/792 6018/1662/792
f 6017/1662/792 6007/1662/792 5992/1662/792
f 5996/1662/787 6018/1662/787 5992/1662/787
f 6018/1662/794 6016/1662/794 6015/1662/794
f 5996/1662/787 6016/1662/787 6018/1662/787
f 5999/1662/822 6014/1662/822 6002/1662/822
f 6014/1662/818 5996/1662/818 6002/1662/818
f 5999/1662/822 6019/1662/822 6014/1662/822
f 6001/1662/788 6014/1662/788 6019/1662/788
f 6001/1662/801 6019/1662/801 5999/1662/801
f 6000/1662/787 5995/1662/787 6010/1662/787
f 6004/1662/801 6000/1662/801 6010/1662/801
f 6007/1662/818 6021/1662/818 5992/1662/818
f 6006/1662/788 6020/1662/788 6007/1662/788
f 6007/1662/818 6020/1662/818 6021/1662/818
f 6022/1662/787 5992/1662/787 6021/1662/787
f 6020/1662/792 6022/1662/792 6021/1662/792
f 6022/1662/787 5995/1662/787 5992/1662/787
f 6006/1662/827 5995/1662/827 6022/1662/827
f 6020/1662/792 6006/1662/792 6022/1662/792
f 6023/1662/794 6028/1662/794 6024/1662/794
f 6027/1662/792 6023/1662/792 6024/1662/792
f 6023/1662/787 6025/1662/787 6029/1662/787
f 6027/1662/792 6025/1662/792 6023/1662/792
f 6023/1662/794 6026/1662/794 6028/1662/794
f 6023/1662/787 6029/1662/787 6026/1662/787
f 6029/1662/822 6028/1662/822 6026/1662/822
f 6027/1662/801 6030/1662/801 6029/1662/801
f 6029/1662/822 6030/1662/822 6028/1662/822
f 6027/1662/801 6029/1662/801 6025/1662/801
f 6030/1662/787 6034/1662/787 6028/1662/787
f 6030/1662/787 6031/1662/787 6034/1662/787
f 6033/1662/799 6031/1662/799 6030/1662/799
f 6032/1662/787 6030/1662/787 6027/1662/787
f 6035/1662/822 6030/1662/822 6032/1662/822
f 6035/1662/822 6033/1662/822 6030/1662/822
f 6036/1662/799 6035/1662/799 6032/1662/799
f 6037/1662/788 6033/1662/788 6035/1662/788
f 6037/1662/788 6035/1662/788 6036/1662/788
f 6038/1662/799 6037/1662/799 6027/1662/799
f 6038/1662/788 6039/1662/788 6037/1662/788
f 6037/1662/792 6039/1662/792 6041/1662/792
f 6043/1662/801 6037/1662/801 6040/1662/801
f 6037/1662/792 6041/1662/792 6040/1662/792
f 6037/1662/825 6042/1662/825 6027/1662/825
f 6037/1662/792 6036/1662/792 6042/1662/792
f 6043/1662/801 6033/1662/801 6037/1662/801
f 6043/1662/822 6045/1662/822 6033/1662/822
f 6041/1662/788 6044/1662/788 6043/1662/788
f 6043/1662/822 6044/1662/822 6045/1662/822
f 6041/1662/788 6043/1662/788 6040/1662/788
f 6033/1662/788 6045/1662/788 6046/1662/788
f 6046/1662/818 6045/1662/818 6028/1662/818
f 6045/1662/826 6048/1662/826 6028/1662/826
f 6049/1662/788 6047/1662/788 6045/1662/788
f 6045/1662/822 6047/1662/822 6048/1662/822
f 6045/1662/794 6044/1662/794 6041/1662/794
f 6045/1662/794 6041/1662/794 6039/1662/794
f 6049/1662/788 6045/1662/788 6039/1662/788
f 6050/1662/794 6047/1662/794 6049/1662/794
f 6049/1662/792 6024/1662/792 6050/1662/792
f 6049/1662/792 6039/1662/792 6024/1662/792
f 6028/1662/787 6050/1662/787 6024/1662/787
f 6050/1662/794 6048/1662/794 6047/1662/794
f 6028/1662/787 6048/1662/787 6050/1662/787
f 6031/1662/822 6046/1662/822 6034/1662/822
f 6046/1662/818 6028/1662/818 6034/1662/818
f 6031/1662/822 6051/1662/822 6046/1662/822
f 6033/1662/788 6046/1662/788 6051/1662/788
f 6033/1662/801 6051/1662/801 6031/1662/801
f 6032/1662/787 6027/1662/787 6042/1662/787
f 6036/1662/801 6032/1662/801 6042/1662/801
f 6039/1662/818 6053/1662/818 6024/1662/818
f 6038/1662/788 6052/1662/788 6039/1662/788
f 6039/1662/818 6052/1662/818 6053/1662/818
f 6054/1662/787 6024/1662/787 6053/1662/787
f 6052/1662/792 6054/1662/792 6053/1662/792
f 6054/1662/787 6027/1662/787 6024/1662/787
f 6038/1662/827 6027/1662/827 6054/1662/827
f 6052/1662/792 6038/1662/792 6054/1662/792
f 6055/1662/794 6060/1662/794 6056/1662/794
f 6059/1662/792 6055/1662/792 6056/1662/792
f 6055/1662/787 6057/1662/787 6061/1662/787
f 6059/1662/792 6057/1662/792 6055/1662/792
f 6055/1662/794 6058/1662/794 6060/1662/794
f 6055/1662/787 6061/1662/787 6058/1662/787
f 6061/1662/822 6060/1662/822 6058/1662/822
f 6059/1662/801 6062/1662/801 6061/1662/801
f 6061/1662/822 6062/1662/822 6060/1662/822
f 6059/1662/801 6061/1662/801 6057/1662/801
f 6062/1662/787 6066/1662/787 6060/1662/787
f 6062/1662/787 6063/1662/787 6066/1662/787
f 6065/1662/799 6063/1662/799 6062/1662/799
f 6064/1662/787 6062/1662/787 6059/1662/787
f 6067/1662/822 6062/1662/822 6064/1662/822
f 6067/1662/822 6065/1662/822 6062/1662/822
f 6068/1662/799 6067/1662/799 6064/1662/799
f 6069/1662/788 6065/1662/788 6067/1662/788
f 6069/1662/788 6067/1662/788 6068/1662/788
f 6070/1662/799 6069/1662/799 6059/1662/799
f 6070/1662/788 6071/1662/788 6069/1662/788
f 6069/1662/792 6071/1662/792 6073/1662/792
f 6075/1662/801 6069/1662/801 6072/1662/801
f 6069/1662/792 6073/1662/792 6072/1662/792
f 6069/1662/825 6074/1662/825 6059/1662/825
f 6069/1662/792 6068/1662/792 6074/1662/792
f 6075/1662/801 6065/1662/801 6069/1662/801
f 6075/1662/822 6077/1662/822 6065/1662/822
f 6073/1662/788 6076/1662/788 6075/1662/788
f 6075/1662/822 6076/1662/822 6077/1662/822
f 6073/1662/788 6075/1662/788 6072/1662/788
f 6065/1662/788 6077/1662/788 6078/1662/788
f 6078/1662/818 6077/1662/818 6060/1662/818
f 6077/1662/826 6080/1662/826 6060/1662/826
f 6081/1662/788 6079/1662/788 6077/1662/788
f 6077/1662/822 6079/1662/822 6080/1662/822
f 6077/1662/794 6076/1662/794 6073/1662/794
f 6077/1662/794 6073/1662/794 6071/1662/794
f 6081/1662/788 6077/1662/788 6071/1662/788
f 6082/1662/794 6079/1662/794 6081/1662/794
f 6081/1662/792 6056/1662/792 6082/1662/792
f 6081/1662/792 6071/1662/792 6056/1662/792
f 6060/1662/787 6082/1662/787 6056/1662/787
f 6082/1662/794 6080/1662/794 6079/1662/794
f 6060/1662/787 6080/1662/787 6082/1662/787
f 6063/1662/822 6078/1662/822 6066/1662/822
f 6078/1662/818 6060/1662/818 6066/1662/818
f 6063/1662/822 6083/1662/822 6078/1662/822
f 6065/1662/788 6078/1662/788 6083/1662/788
f 6065/1662/801 6083/1662/801 6063/1662/801
f 6064/1662/787 6059/1662/787 6074/1662/787
f 6068/1662/801 6064/1662/801 6074/1662/801
f 6071/1662/818 6085/1662/818 6056/1662/818
f 6070/1662/788 6084/1662/788 6071/1662/788
f 6071/1662/818 6084/1662/818 6085/1662/818
f 6086/1662/787 6056/1662/787 6085/1662/787
f 6084/1662/792 6086/1662/792 6085/1662/792
f 6086/1662/787 6059/1662/787 6056/1662/787
f 6070/1662/827 6059/1662/827 6086/1662/827
f 6084/1662/792 6070/1662/792 6086/1662/792
f 6087/1662/794 6092/1662/794 6088/1662/794
f 6091/1662/792 6087/1662/792 6088/1662/792
f 6087/1662/787 6089/1662/787 6093/1662/787
f 6091/1662/792 6089/1662/792 6087/1662/792
f 6087/1662/794 6090/1662/794 6092/1662/794
f 6087/1662/787 6093/1662/787 6090/1662/787
f 6093/1662/822 6092/1662/822 6090/1662/822
f 6091/1662/801 6094/1662/801 6093/1662/801
f 6093/1662/822 6094/1662/822 6092/1662/822
f 6091/1662/801 6093/1662/801 6089/1662/801
f 6094/1662/787 6098/1662/787 6092/1662/787
f 6094/1662/787 6095/1662/787 6098/1662/787
f 6097/1662/801 6095/1662/801 6094/1662/801
f 6096/1662/787 6094/1662/787 6091/1662/787
f 6099/1662/822 6094/1662/822 6096/1662/822
f 6099/1662/822 6097/1662/822 6094/1662/822
f 6100/1662/799 6099/1662/799 6096/1662/799
f 6101/1662/788 6097/1662/788 6099/1662/788
f 6101/1662/788 6099/1662/788 6100/1662/788
f 6102/1662/799 6101/1662/799 6091/1662/799
f 6102/1662/788 6103/1662/788 6101/1662/788
f 6101/1662/792 6103/1662/792 6105/1662/792
f 6107/1662/801 6101/1662/801 6104/1662/801
f 6101/1662/825 6105/1662/825 6104/1662/825
f 6101/1662/825 6106/1662/825 6091/1662/825
f 6101/1662/792 6100/1662/792 6106/1662/792
f 6107/1662/801 6097/1662/801 6101/1662/801
f 6107/1662/822 6109/1662/822 6097/1662/822
f 6105/1662/788 6108/1662/788 6107/1662/788
f 6107/1662/823 6108/1662/823 6109/1662/823
f 6105/1662/788 6107/1662/788 6104/1662/788
f 6097/1662/788 6109/1662/788 6110/1662/788
f 6110/1662/818 6109/1662/818 6092/1662/818
f 6109/1662/826 6112/1662/826 6092/1662/826
f 6113/1662/788 6111/1662/788 6109/1662/788
f 6109/1662/822 6111/1662/822 6112/1662/822
f 6109/1662/794 6108/1662/794 6105/1662/794
f 6109/1662/794 6105/1662/794 6103/1662/794
f 6113/1662/788 6109/1662/788 6103/1662/788
f 6114/1662/794 6111/1662/794 6113/1662/794
f 6113/1662/792 6088/1662/792 6114/1662/792
f 6113/1662/792 6103/1662/792 6088/1662/792
f 6092/1662/787 6114/1662/787 6088/1662/787
f 6114/1662/794 6112/1662/794 6111/1662/794
f 6092/1662/787 6112/1662/787 6114/1662/787
f 6095/1662/822 6110/1662/822 6098/1662/822
f 6110/1662/818 6092/1662/818 6098/1662/818
f 6095/1662/822 6115/1662/822 6110/1662/822
f 6097/1662/788 6110/1662/788 6115/1662/788
f 6097/1662/799 6115/1662/799 6095/1662/799
f 6096/1662/787 6091/1662/787 6106/1662/787
f 6100/1662/801 6096/1662/801 6106/1662/801
f 6103/1662/818 6117/1662/818 6088/1662/818
f 6102/1662/788 6116/1662/788 6103/1662/788
f 6103/1662/818 6116/1662/818 6117/1662/818
f 6118/1662/787 6088/1662/787 6117/1662/787
f 6116/1662/792 6118/1662/792 6117/1662/792
f 6118/1662/787 6091/1662/787 6088/1662/787
f 6102/1662/827 6091/1662/827 6118/1662/827
f 6116/1662/792 6102/1662/792 6118/1662/792
f 6119/1662/794 6124/1662/794 6120/1662/794
f 6123/1662/792 6119/1662/792 6120/1662/792
f 6119/1662/787 6121/1662/787 6125/1662/787
f 6123/1662/792 6121/1662/792 6119/1662/792
f 6119/1662/794 6122/1662/794 6124/1662/794
f 6119/1662/787 6125/1662/787 6122/1662/787
f 6125/1662/822 6124/1662/822 6122/1662/822
f 6123/1662/801 6126/1662/801 6125/1662/801
f 6125/1662/822 6126/1662/822 6124/1662/822
f 6123/1662/801 6125/1662/801 6121/1662/801
f 6126/1662/787 6130/1662/787 6124/1662/787
f 6126/1662/787 6127/1662/787 6130/1662/787
f 6129/1662/801 6127/1662/801 6126/1662/801
f 6128/1662/787 6126/1662/787 6123/1662/787
f 6131/1662/822 6126/1662/822 6128/1662/822
f 6131/1662/822 6129/1662/822 6126/1662/822
f 6132/1662/799 6131/1662/799 6128/1662/799
f 6133/1662/788 6129/1662/788 6131/1662/788
f 6133/1662/788 6131/1662/788 6132/1662/788
f 6134/1662/799 6133/1662/799 6123/1662/799
f 6134/1662/788 6135/1662/788 6133/1662/788
f 6133/1662/792 6135/1662/792 6137/1662/792
f 6139/1662/801 6133/1662/801 6136/1662/801
f 6133/1662/792 6137/1662/792 6136/1662/792
f 6133/1662/825 6138/1662/825 6123/1662/825
f 6133/1662/792 6132/1662/792 6138/1662/792
f 6139/1662/801 6129/1662/801 6133/1662/801
f 6139/1662/822 6141/1662/822 6129/1662/822
f 6137/1662/788 6140/1662/788 6139/1662/788
f 6139/1662/822 6140/1662/822 6141/1662/822
f 6137/1662/788 6139/1662/788 6136/1662/788
f 6129/1662/788 6141/1662/788 6142/1662/788
f 6142/1662/818 6141/1662/818 6124/1662/818
f 6141/1662/823 6144/1662/823 6124/1662/823
f 6145/1662/788 6143/1662/788 6141/1662/788
f 6141/1662/822 6143/1662/822 6144/1662/822
f 6141/1662/794 6140/1662/794 6137/1662/794
f 6141/1662/794 6137/1662/794 6135/1662/794
f 6145/1662/788 6141/1662/788 6135/1662/788
f 6146/1662/818 6143/1662/818 6145/1662/818
f 6145/1662/792 6120/1662/792 6146/1662/792
f 6145/1662/792 6135/1662/792 6120/1662/792
f 6124/1662/787 6146/1662/787 6120/1662/787
f 6146/1662/794 6144/1662/794 6143/1662/794
f 6124/1662/787 6144/1662/787 6146/1662/787
f 6127/1662/822 6142/1662/822 6130/1662/822
f 6142/1662/828 6124/1662/828 6130/1662/828
f 6127/1662/822 6147/1662/822 6142/1662/822
f 6129/1662/788 6142/1662/788 6147/1662/788
f 6129/1662/799 6147/1662/799 6127/1662/799
f 6128/1662/787 6123/1662/787 6138/1662/787
f 6132/1662/801 6128/1662/801 6138/1662/801
f 6135/1662/794 6149/1662/794 6120/1662/794
f 6134/1662/788 6148/1662/788 6135/1662/788
f 6135/1662/818 6148/1662/818 6149/1662/818
f 6150/1662/787 6120/1662/787 6149/1662/787
f 6148/1662/792 6150/1662/792 6149/1662/792
f 6150/1662/787 6123/1662/787 6120/1662/787
f 6134/1662/799 6123/1662/799 6150/1662/799
f 6148/1662/792 6134/1662/792 6150/1662/792
f 6151/1662/794 6156/1662/794 6152/1662/794
f 6155/1662/792 6151/1662/792 6152/1662/792
f 6151/1662/787 6153/1662/787 6157/1662/787
f 6155/1662/792 6153/1662/792 6151/1662/792
f 6151/1662/794 6154/1662/794 6156/1662/794
f 6151/1662/787 6157/1662/787 6154/1662/787
f 6157/1662/822 6156/1662/822 6154/1662/822
f 6155/1662/801 6158/1662/801 6157/1662/801
f 6157/1662/822 6158/1662/822 6156/1662/822
f 6155/1662/801 6157/1662/801 6153/1662/801
f 6158/1662/787 6162/1662/787 6156/1662/787
f 6158/1662/787 6159/1662/787 6162/1662/787
f 6161/1662/801 6159/1662/801 6158/1662/801
f 6160/1662/787 6158/1662/787 6155/1662/787
f 6163/1662/822 6158/1662/822 6160/1662/822
f 6163/1662/822 6161/1662/822 6158/1662/822
f 6164/1662/799 6163/1662/799 6160/1662/799
f 6165/1662/788 6161/1662/788 6163/1662/788
f 6165/1662/788 6163/1662/788 6164/1662/788
f 6166/1662/799 6165/1662/799 6155/1662/799
f 6166/1662/788 6167/1662/788 6165/1662/788
f 6165/1662/792 6167/1662/792 6169/1662/792
f 6171/1662/801 6165/1662/801 6168/1662/801
f 6165/1662/792 6169/1662/792 6168/1662/792
f 6165/1662/825 6170/1662/825 6155/1662/825
f 6165/1662/792 6164/1662/792 6170/1662/792
f 6171/1662/801 6161/1662/801 6165/1662/801
f 6171/1662/822 6173/1662/822 6161/1662/822
f 6169/1662/788 6172/1662/788 6171/1662/788
f 6171/1662/822 6172/1662/822 6173/1662/822
f 6169/1662/788 6171/1662/788 6168/1662/788
f 6161/1662/788 6173/1662/788 6174/1662/788
f 6174/1662/818 6173/1662/818 6156/1662/818
f 6173/1662/823 6176/1662/823 6156/1662/823
f 6177/1662/788 6175/1662/788 6173/1662/788
f 6173/1662/822 6175/1662/822 6176/1662/822
f 6173/1662/794 6172/1662/794 6169/1662/794
f 6173/1662/794 6169/1662/794 6167/1662/794
f 6177/1662/788 6173/1662/788 6167/1662/788
f 6178/1662/818 6175/1662/818 6177/1662/818
f 6177/1662/792 6152/1662/792 6178/1662/792
f 6177/1662/792 6167/1662/792 6152/1662/792
f 6156/1662/787 6178/1662/787 6152/1662/787
f 6178/1662/794 6176/1662/794 6175/1662/794
f 6156/1662/787 6176/1662/787 6178/1662/787
f 6159/1662/822 6174/1662/822 6162/1662/822
f 6174/1662/828 6156/1662/828 6162/1662/828
f 6159/1662/822 6179/1662/822 6174/1662/822
f 6161/1662/788 6174/1662/788 6179/1662/788
f 6161/1662/799 6179/1662/799 6159/1662/799
f 6160/1662/787 6155/1662/787 6170/1662/787
f 6164/1662/801 6160/1662/801 6170/1662/801
f 6167/1662/794 6181/1662/794 6152/1662/794
f 6166/1662/788 6180/1662/788 6167/1662/788
f 6167/1662/818 6180/1662/818 6181/1662/818
f 6182/1662/787 6152/1662/787 6181/1662/787
f 6180/1662/792 6182/1662/792 6181/1662/792
f 6182/1662/787 6155/1662/787 6152/1662/787
f 6166/1662/799 6155/1662/799 6182/1662/799
f 6180/1662/792 6166/1662/792 6182/1662/792
f 6183/1662/794 6188/1662/794 6184/1662/794
f 6187/1662/792 6183/1662/792 6184/1662/792
f 6183/1662/787 6185/1662/787 6189/1662/787
f 6187/1662/792 6185/1662/792 6183/1662/792
f 6183/1662/794 6186/1662/794 6188/1662/794
f 6183/1662/787 6189/1662/787 6186/1662/787
f 6189/1662/822 6188/1662/822 6186/1662/822
f 6187/1662/801 6190/1662/801 6189/1662/801
f 6189/1662/822 6190/1662/822 6188/1662/822
f 6187/1662/801 6189/1662/801 6185/1662/801
f 6190/1662/787 6194/1662/787 6188/1662/787
f 6190/1662/787 6191/1662/787 6194/1662/787
f 6193/1662/801 6191/1662/801 6190/1662/801
f 6192/1662/787 6190/1662/787 6187/1662/787
f 6195/1662/822 6190/1662/822 6192/1662/822
f 6195/1662/822 6193/1662/822 6190/1662/822
f 6196/1662/799 6195/1662/799 6192/1662/799
f 6197/1662/788 6193/1662/788 6195/1662/788
f 6197/1662/788 6195/1662/788 6196/1662/788
f 6198/1662/799 6197/1662/799 6187/1662/799
f 6198/1662/788 6199/1662/788 6197/1662/788
f 6197/1662/792 6199/1662/792 6201/1662/792
f 6203/1662/801 6197/1662/801 6200/1662/801
f 6197/1662/792 6201/1662/792 6200/1662/792
f 6197/1662/825 6202/1662/825 6187/1662/825
f 6197/1662/792 6196/1662/792 6202/1662/792
f 6203/1662/801 6193/1662/801 6197/1662/801
f 6203/1662/822 6205/1662/822 6193/1662/822
f 6201/1662/788 6204/1662/788 6203/1662/788
f 6203/1662/822 6204/1662/822 6205/1662/822
f 6201/1662/788 6203/1662/788 6200/1662/788
f 6193/1662/788 6205/1662/788 6206/1662/788
f 6206/1662/818 6205/1662/818 6188/1662/818
f 6205/1662/823 6208/1662/823 6188/1662/823
f 6209/1662/788 6207/1662/788 6205/1662/788
f 6205/1662/822 6207/1662/822 6208/1662/822
f 6205/1662/794 6204/1662/794 6201/1662/794
f 6205/1662/794 6201/1662/794 6199/1662/794
f 6209/1662/788 6205/1662/788 6199/1662/788
f 6210/1662/818 6207/1662/818 6209/1662/818
f 6209/1662/792 6184/1662/792 6210/1662/792
f 6209/1662/792 6199/1662/792 6184/1662/792
f 6188/1662/787 6210/1662/787 6184/1662/787
f 6210/1662/794 6208/1662/794 6207/1662/794
f 6188/1662/787 6208/1662/787 6210/1662/787
f 6191/1662/822 6206/1662/822 6194/1662/822
f 6206/1662/828 6188/1662/828 6194/1662/828
f 6191/1662/822 6211/1662/822 6206/1662/822
f 6193/1662/788 6206/1662/788 6211/1662/788
f 6193/1662/799 6211/1662/799 6191/1662/799
f 6192/1662/787 6187/1662/787 6202/1662/787
f 6196/1662/801 6192/1662/801 6202/1662/801
f 6199/1662/794 6213/1662/794 6184/1662/794
f 6198/1662/788 6212/1662/788 6199/1662/788
f 6199/1662/818 6212/1662/818 6213/1662/818
f 6214/1662/787 6184/1662/787 6213/1662/787
f 6212/1662/792 6214/1662/792 6213/1662/792
f 6214/1662/787 6187/1662/787 6184/1662/787
f 6198/1662/799 6187/1662/799 6214/1662/799
f 6212/1662/792 6198/1662/792 6214/1662/792
f 6215/1662/794 6220/1662/794 6216/1662/794
f 6219/1662/792 6215/1662/792 6216/1662/792
f 6215/1662/787 6217/1662/787 6221/1662/787
f 6219/1662/792 6217/1662/792 6215/1662/792
f 6215/1662/794 6218/1662/794 6220/1662/794
f 6215/1662/787 6221/1662/787 6218/1662/787
f 6221/1662/822 6220/1662/822 6218/1662/822
f 6219/1662/801 6222/1662/801 6221/1662/801
f 6221/1662/822 6222/1662/822 6220/1662/822
f 6219/1662/801 6221/1662/801 6217/1662/801
f 6222/1662/787 6226/1662/787 6220/1662/787
f 6222/1662/787 6223/1662/787 6226/1662/787
f 6225/1662/799 6223/1662/799 6222/1662/799
f 6224/1662/787 6222/1662/787 6219/1662/787
f 6227/1662/822 6222/1662/822 6224/1662/822
f 6227/1662/822 6225/1662/822 6222/1662/822
f 6228/1662/801 6227/1662/801 6224/1662/801
f 6229/1662/788 6225/1662/788 6227/1662/788
f 6229/1662/788 6227/1662/788 6228/1662/788
f 6230/1662/799 6229/1662/799 6219/1662/799
f 6230/1662/788 6231/1662/788 6229/1662/788
f 6229/1662/792 6231/1662/792 6233/1662/792
f 6235/1662/801 6229/1662/801 6232/1662/801
f 6229/1662/825 6233/1662/825 6232/1662/825
f 6229/1662/824 6234/1662/824 6219/1662/824
f 6229/1662/792 6228/1662/792 6234/1662/792
f 6235/1662/801 6225/1662/801 6229/1662/801
f 6235/1662/822 6237/1662/822 6225/1662/822
f 6233/1662/788 6236/1662/788 6235/1662/788
f 6235/1662/823 6236/1662/823 6237/1662/823
f 6233/1662/788 6235/1662/788 6232/1662/788
f 6225/1662/788 6237/1662/788 6238/1662/788
f 6238/1662/818 6237/1662/818 6220/1662/818
f 6237/1662/823 6240/1662/823 6220/1662/823
f 6241/1662/788 6239/1662/788 6237/1662/788
f 6237/1662/822 6239/1662/822 6240/1662/822
f 6237/1662/794 6236/1662/794 6233/1662/794
f 6237/1662/794 6233/1662/794 6231/1662/794
f 6241/1662/788 6237/1662/788 6231/1662/788
f 6242/1662/818 6239/1662/818 6241/1662/818
f 6241/1662/792 6216/1662/792 6242/1662/792
f 6241/1662/792 6231/1662/792 6216/1662/792
f 6220/1662/787 6242/1662/787 6216/1662/787
f 6242/1662/794 6240/1662/794 6239/1662/794
f 6220/1662/787 6240/1662/787 6242/1662/787
f 6223/1662/822 6238/1662/822 6226/1662/822
f 6238/1662/828 6220/1662/828 6226/1662/828
f 6223/1662/822 6243/1662/822 6238/1662/822
f 6225/1662/788 6238/1662/788 6243/1662/788
f 6225/1662/799 6243/1662/799 6223/1662/799
f 6224/1662/787 6219/1662/787 6234/1662/787
f 6228/1662/801 6224/1662/801 6234/1662/801
f 6231/1662/818 6245/1662/818 6216/1662/818
f 6230/1662/788 6244/1662/788 6231/1662/788
f 6231/1662/794 6244/1662/794 6245/1662/794
f 6246/1662/787 6216/1662/787 6245/1662/787
f 6244/1662/792 6246/1662/792 6245/1662/792
f 6246/1662/787 6219/1662/787 6216/1662/787
f 6230/1662/799 6219/1662/799 6246/1662/799
f 6244/1662/792 6230/1662/792 6246/1662/792
f 6250/1662/805 6248/1662/805 6247/1662/805
f 6251/1662/829 6247/1662/829 6248/1662/829
f 6251/1662/829 6249/1662/829 6247/1662/829
f 6249/1662/787 6250/1662/787 6247/1662/787
f 6256/1662/787 6252/1662/787 6251/1662/787
f 6257/1662/814 6251/1662/814 6252/1662/814
f 6256/1662/787 6251/1662/787 6248/1662/787
f 6255/1662/815 6249/1662/815 6251/1662/815
f 6257/1662/814 6253/1662/814 6251/1662/814
f 6253/1662/829 6254/1662/829 6251/1662/829
f 6254/1662/787 6255/1662/787 6251/1662/787
f 6258/1662/788 6253/1662/788 6257/1662/788
f 6258/1662/829 6257/1662/829 6252/1662/829
f 6258/1662/788 6259/1662/788 6253/1662/788
f 6259/1662/805 6258/1662/805 6256/1662/805
f 6258/1662/829 6252/1662/829 6256/1662/829
f 6260/1662/829 6259/1662/829 6248/1662/829
f 6264/1662/788 6259/1662/788 6260/1662/788
f 6259/1662/810 6256/1662/810 6248/1662/810
f 6259/1662/829 6263/1662/829 6253/1662/829
f 6259/1662/829 6261/1662/829 6263/1662/829
f 6262/1662/805 6261/1662/805 6259/1662/805
f 6264/1662/788 6262/1662/788 6259/1662/788
f 6262/1662/791 6264/1662/791 6265/1662/791
f 6266/1662/805 6265/1662/805 6264/1662/805
f 6266/1662/805 6264/1662/805 6260/1662/805
f 6248/1662/787 6265/1662/787 6266/1662/787
f 6260/1662/830 6248/1662/830 6266/1662/830
f 6248/1662/787 6267/1662/787 6265/1662/787
f 6262/1662/791 6265/1662/791 6267/1662/791
f 6267/1662/787 6271/1662/787 6268/1662/787
f 6269/1662/805 6267/1662/805 6268/1662/805
f 6269/1662/810 6262/1662/810 6267/1662/810
f 6250/1662/805 6267/1662/805 6248/1662/805
f 6270/1662/791 6267/1662/791 6250/1662/791
f 6267/1662/787 6255/1662/787 6271/1662/787
f 6270/1662/791 6255/1662/791 6267/1662/791
f 6273/1662/814 6271/1662/814 6255/1662/814
f 6271/1662/791 6269/1662/791 6268/1662/791
f 6271/1662/791 6272/1662/791 6269/1662/791
f 6273/1662/814 6272/1662/814 6271/1662/814
f 6273/1662/788 6274/1662/788 6277/1662/788
f 6274/1662/791 6273/1662/791 6255/1662/791
f 6262/1662/788 6272/1662/788 6273/1662/788
f 6275/1662/815 6273/1662/815 6253/1662/815
f 6276/1662/791 6273/1662/791 6275/1662/791
f 6276/1662/791 6262/1662/791 6273/1662/791
f 6273/1662/788 6277/1662/788 6253/1662/788
f 6253/1662/829 6277/1662/829 6254/1662/829
f 6277/1662/815 6278/1662/815 6254/1662/815
f 6277/1662/814 6274/1662/814 6278/1662/814
f 6254/1662/787 6278/1662/787 6255/1662/787
f 6274/1662/831 6255/1662/831 6278/1662/831
f 6263/1662/788 6276/1662/788 6275/1662/788
f 6262/1662/805 6276/1662/805 6261/1662/805
f 6263/1662/788 6261/1662/788 6276/1662/788
f 6275/1662/815 6253/1662/815 6263/1662/815
f 6262/1662/788 6269/1662/788 6272/1662/788
f 6249/1662/787 6270/1662/787 6250/1662/787
f 6255/1662/815 6270/1662/815 6249/1662/815
f 6282/1662/805 6280/1662/805 6279/1662/805
f 6283/1662/829 6279/1662/829 6280/1662/829
f 6283/1662/829 6281/1662/829 6279/1662/829
f 6281/1662/787 6282/1662/787 6279/1662/787
f 6288/1662/787 6284/1662/787 6283/1662/787
f 6289/1662/814 6283/1662/814 6284/1662/814
f 6288/1662/787 6283/1662/787 6280/1662/787
f 6287/1662/815 6281/1662/815 6283/1662/815
f 6289/1662/814 6285/1662/814 6283/1662/814
f 6285/1662/829 6286/1662/829 6283/1662/829
f 6286/1662/787 6287/1662/787 6283/1662/787
f 6290/1662/788 6285/1662/788 6289/1662/788
f 6290/1662/829 6289/1662/829 6284/1662/829
f 6290/1662/788 6291/1662/788 6285/1662/788
f 6291/1662/805 6290/1662/805 6288/1662/805
f 6290/1662/829 6284/1662/829 6288/1662/829
f 6292/1662/829 6291/1662/829 6280/1662/829
f 6296/1662/788 6291/1662/788 6292/1662/788
f 6291/1662/810 6288/1662/810 6280/1662/810
f 6291/1662/829 6295/1662/829 6285/1662/829
f 6291/1662/829 6293/1662/829 6295/1662/829
f 6294/1662/805 6293/1662/805 6291/1662/805
f 6296/1662/788 6294/1662/788 6291/1662/788
f 6294/1662/791 6296/1662/791 6297/1662/791
f 6298/1662/805 6297/1662/805 6296/1662/805
f 6298/1662/805 6296/1662/805 6292/1662/805
f 6280/1662/787 6297/1662/787 6298/1662/787
f 6292/1662/830 6280/1662/830 6298/1662/830
f 6280/1662/787 6299/1662/787 6297/1662/787
f 6294/1662/791 6297/1662/791 6299/1662/791
f 6299/1662/787 6303/1662/787 6300/1662/787
f 6301/1662/805 6299/1662/805 6300/1662/805
f 6301/1662/810 6294/1662/810 6299/1662/810
f 6282/1662/805 6299/1662/805 6280/1662/805
f 6302/1662/791 6299/1662/791 6282/1662/791
f 6299/1662/787 6287/1662/787 6303/1662/787
f 6302/1662/791 6287/1662/791 6299/1662/791
f 6305/1662/814 6303/1662/814 6287/1662/814
f 6303/1662/791 6301/1662/791 6300/1662/791
f 6303/1662/791 6304/1662/791 6301/1662/791
f 6305/1662/814 6304/1662/814 6303/1662/814
f 6305/1662/788 6306/1662/788 6309/1662/788
f 6306/1662/791 6305/1662/791 6287/1662/791
f 6294/1662/788 6304/1662/788 6305/1662/788
f 6307/1662/815 6305/1662/815 6285/1662/815
f 6308/1662/791 6305/1662/791 6307/1662/791
f 6308/1662/791 6294/1662/791 6305/1662/791
f 6305/1662/788 6309/1662/788 6285/1662/788
f 6285/1662/829 6309/1662/829 6286/1662/829
f 6309/1662/815 6310/1662/815 6286/1662/815
f 6309/1662/814 6306/1662/814 6310/1662/814
f 6286/1662/787 6310/1662/787 6287/1662/787
f 6306/1662/831 6287/1662/831 6310/1662/831
f 6295/1662/788 6308/1662/788 6307/1662/788
f 6294/1662/805 6308/1662/805 6293/1662/805
f 6295/1662/788 6293/1662/788 6308/1662/788
f 6307/1662/815 6285/1662/815 6295/1662/815
f 6294/1662/788 6301/1662/788 6304/1662/788
f 6281/1662/787 6302/1662/787 6282/1662/787
f 6287/1662/815 6302/1662/815 6281/1662/815
f 6314/1662/805 6312/1662/805 6311/1662/805
f 6315/1662/829 6311/1662/829 6312/1662/829
f 6315/1662/829 6313/1662/829 6311/1662/829
f 6313/1662/787 6314/1662/787 6311/1662/787
f 6320/1662/787 6316/1662/787 6315/1662/787
f 6321/1662/814 6315/1662/814 6316/1662/814
f 6320/1662/787 6315/1662/787 6312/1662/787
f 6319/1662/815 6313/1662/815 6315/1662/815
f 6321/1662/814 6317/1662/814 6315/1662/814
f 6317/1662/829 6318/1662/829 6315/1662/829
f 6318/1662/787 6319/1662/787 6315/1662/787
f 6322/1662/788 6317/1662/788 6321/1662/788
f 6322/1662/829 6321/1662/829 6316/1662/829
f 6322/1662/788 6323/1662/788 6317/1662/788
f 6323/1662/805 6322/1662/805 6320/1662/805
f 6322/1662/829 6316/1662/829 6320/1662/829
f 6324/1662/829 6323/1662/829 6312/1662/829
f 6328/1662/788 6323/1662/788 6324/1662/788
f 6323/1662/810 6320/1662/810 6312/1662/810
f 6323/1662/829 6327/1662/829 6317/1662/829
f 6323/1662/829 6325/1662/829 6327/1662/829
f 6326/1662/805 6325/1662/805 6323/1662/805
f 6328/1662/788 6326/1662/788 6323/1662/788
f 6326/1662/791 6328/1662/791 6329/1662/791
f 6330/1662/805 6329/1662/805 6328/1662/805
f 6330/1662/805 6328/1662/805 6324/1662/805
f 6312/1662/787 6329/1662/787 6330/1662/787
f 6324/1662/830 6312/1662/830 6330/1662/830
f 6312/1662/787 6331/1662/787 6329/1662/787
f 6326/1662/791 6329/1662/791 6331/1662/791
f 6331/1662/787 6335/1662/787 6332/1662/787
f 6333/1662/805 6331/1662/805 6332/1662/805
f 6333/1662/810 6326/1662/810 6331/1662/810
f 6314/1662/805 6331/1662/805 6312/1662/805
f 6334/1662/791 6331/1662/791 6314/1662/791
f 6331/1662/787 6319/1662/787 6335/1662/787
f 6334/1662/791 6319/1662/791 6331/1662/791
f 6337/1662/814 6335/1662/814 6319/1662/814
f 6335/1662/791 6333/1662/791 6332/1662/791
f 6335/1662/791 6336/1662/791 6333/1662/791
f 6337/1662/814 6336/1662/814 6335/1662/814
f 6337/1662/788 6338/1662/788 6341/1662/788
f 6338/1662/791 6337/1662/791 6319/1662/791
f 6326/1662/788 6336/1662/788 6337/1662/788
f 6339/1662/815 6337/1662/815 6317/1662/815
f 6340/1662/791 6337/1662/791 6339/1662/791
f 6340/1662/791 6326/1662/791 6337/1662/791
f 6337/1662/788 6341/1662/788 6317/1662/788
f 6317/1662/829 6341/1662/829 6318/1662/829
f 6341/1662/815 6342/1662/815 6318/1662/815
f 6341/1662/814 6338/1662/814 6342/1662/814
f 6318/1662/787 6342/1662/787 6319/1662/787
f 6338/1662/831 6319/1662/831 6342/1662/831
f 6327/1662/788 6340/1662/788 6339/1662/788
f 6326/1662/805 6340/1662/805 6325/1662/805
f 6327/1662/788 6325/1662/788 6340/1662/788
f 6339/1662/815 6317/1662/815 6327/1662/815
f 6326/1662/788 6333/1662/788 6336/1662/788
f 6313/1662/787 6334/1662/787 6314/1662/787
f 6319/1662/815 6334/1662/815 6313/1662/815
f 6346/1662/805 6344/1662/805 6343/1662/805
f 6347/1662/829 6343/1662/829 6344/1662/829
f 6347/1662/829 6345/1662/829 6343/1662/829
f 6345/1662/787 6346/1662/787 6343/1662/787
f 6352/1662/787 6348/1662/787 6347/1662/787
f 6353/1662/814 6347/1662/814 6348/1662/814
f 6352/1662/787 6347/1662/787 6344/1662/787
f 6351/1662/815 6345/1662/815 6347/1662/815
f 6353/1662/814 6349/1662/814 6347/1662/814
f 6349/1662/829 6350/1662/829 6347/1662/829
f 6350/1662/787 6351/1662/787 6347/1662/787
f 6354/1662/788 6349/1662/788 6353/1662/788
f 6354/1662/829 6353/1662/829 6348/1662/829
f 6354/1662/788 6355/1662/788 6349/1662/788
f 6355/1662/805 6354/1662/805 6352/1662/805
f 6354/1662/829 6348/1662/829 6352/1662/829
f 6356/1662/829 6355/1662/829 6344/1662/829
f 6360/1662/788 6355/1662/788 6356/1662/788
f 6355/1662/810 6352/1662/810 6344/1662/810
f 6355/1662/829 6359/1662/829 6349/1662/829
f 6355/1662/830 6357/1662/830 6359/1662/830
f 6358/1662/810 6357/1662/810 6355/1662/810
f 6360/1662/788 6358/1662/788 6355/1662/788
f 6358/1662/791 6360/1662/791 6361/1662/791
f 6362/1662/805 6361/1662/805 6360/1662/805
f 6362/1662/805 6360/1662/805 6356/1662/805
f 6344/1662/787 6361/1662/787 6362/1662/787
f 6356/1662/830 6344/1662/830 6362/1662/830
f 6344/1662/787 6363/1662/787 6361/1662/787
f 6358/1662/791 6361/1662/791 6363/1662/791
f 6363/1662/787 6367/1662/787 6364/1662/787
f 6365/1662/810 6363/1662/810 6364/1662/810
f 6365/1662/805 6358/1662/805 6363/1662/805
f 6346/1662/805 6363/1662/805 6344/1662/805
f 6366/1662/791 6363/1662/791 6346/1662/791
f 6363/1662/787 6351/1662/787 6367/1662/787
f 6366/1662/791 6351/1662/791 6363/1662/791
f 6369/1662/814 6367/1662/814 6351/1662/814
f 6367/1662/791 6365/1662/791 6364/1662/791
f 6367/1662/791 6368/1662/791 6365/1662/791
f 6369/1662/814 6368/1662/814 6367/1662/814
f 6369/1662/788 6370/1662/788 6373/1662/788
f 6370/1662/791 6369/1662/791 6351/1662/791
f 6358/1662/788 6368/1662/788 6369/1662/788
f 6371/1662/815 6369/1662/815 6349/1662/815
f 6372/1662/832 6369/1662/832 6371/1662/832
f 6372/1662/791 6358/1662/791 6369/1662/791
f 6369/1662/788 6373/1662/788 6349/1662/788
f 6349/1662/829 6373/1662/829 6350/1662/829
f 6373/1662/815 6374/1662/815 6350/1662/815
f 6373/1662/814 6370/1662/814 6374/1662/814
f 6350/1662/787 6374/1662/787 6351/1662/787
f 6370/1662/831 6351/1662/831 6374/1662/831
f 6359/1662/788 6372/1662/788 6371/1662/788
f 6358/1662/805 6372/1662/805 6357/1662/805
f 6359/1662/788 6357/1662/788 6372/1662/788
f 6371/1662/815 6349/1662/815 6359/1662/815
f 6358/1662/788 6365/1662/788 6368/1662/788
f 6345/1662/787 6366/1662/787 6346/1662/787
f 6351/1662/815 6366/1662/815 6345/1662/815
f 6375/1662/833 6379/1662/833 6376/1662/833
f 6376/1662/829 6377/1662/829 6375/1662/829
f 6377/1662/787 6378/1662/787 6375/1662/787
f 6375/1662/805 6378/1662/805 6379/1662/805
f 6379/1662/787 6385/1662/787 6380/1662/787
f 6384/1662/810 6379/1662/810 6380/1662/810
f 6384/1662/810 6381/1662/810 6379/1662/810
f 6381/1662/791 6382/1662/791 6379/1662/791
f 6379/1662/787 6382/1662/787 6386/1662/787
f 6378/1662/791 6383/1662/791 6379/1662/791
f 6379/1662/787 6383/1662/787 6385/1662/787
f 6379/1662/787 6386/1662/787 6376/1662/787
f 6387/1662/829 6376/1662/829 6386/1662/829
f 6386/1662/805 6388/1662/805 6387/1662/805
f 6386/1662/805 6382/1662/805 6388/1662/805
f 6387/1662/788 6388/1662/788 6381/1662/788
f 6381/1662/791 6388/1662/791 6382/1662/791
f 6387/1662/829 6389/1662/829 6376/1662/829
f 6387/1662/788 6381/1662/788 6389/1662/788
f 6389/1662/805 6393/1662/805 6376/1662/805
f 6390/1662/788 6389/1662/788 6391/1662/788
f 6389/1662/810 6390/1662/810 6393/1662/810
f 6389/1662/829 6394/1662/829 6391/1662/829
f 6389/1662/829 6392/1662/829 6394/1662/829
f 6381/1662/834 6392/1662/834 6389/1662/834
f 6395/1662/815 6391/1662/815 6394/1662/815
f 6394/1662/788 6392/1662/788 6396/1662/788
f 6394/1662/788 6396/1662/788 6395/1662/788
f 6396/1662/791 6397/1662/791 6395/1662/791
f 6381/1662/805 6396/1662/805 6392/1662/805
f 6396/1662/791 6381/1662/791 6397/1662/791
f 6391/1662/788 6397/1662/788 6398/1662/788
f 6398/1662/791 6397/1662/791 6383/1662/791
f 6397/1662/814 6385/1662/814 6383/1662/814
f 6397/1662/815 6399/1662/815 6385/1662/815
f 6381/1662/788 6399/1662/788 6397/1662/788
f 6395/1662/815 6397/1662/815 6391/1662/815
f 6385/1662/791 6399/1662/791 6384/1662/791
f 6381/1662/788 6384/1662/788 6399/1662/788
f 6401/1662/815 6398/1662/815 6400/1662/815
f 6398/1662/791 6383/1662/791 6400/1662/791
f 6391/1662/788 6398/1662/788 6401/1662/788
f 6391/1662/829 6401/1662/829 6402/1662/829
f 6401/1662/814 6400/1662/814 6402/1662/814
f 6400/1662/787 6403/1662/787 6402/1662/787
f 6391/1662/829 6402/1662/829 6403/1662/829
f 6393/1662/787 6404/1662/787 6403/1662/787
f 6405/1662/815 6403/1662/815 6404/1662/815
f 6376/1662/829 6403/1662/829 6377/1662/829
f 6393/1662/787 6403/1662/787 6376/1662/787
f 6403/1662/815 6406/1662/815 6377/1662/815
f 6405/1662/814 6391/1662/814 6403/1662/814
f 6403/1662/815 6383/1662/815 6406/1662/815
f 6400/1662/787 6383/1662/787 6403/1662/787
f 6377/1662/787 6406/1662/787 6378/1662/787
f 6378/1662/791 6406/1662/791 6383/1662/791
f 6390/1662/788 6391/1662/788 6405/1662/788
f 6390/1662/829 6405/1662/829 6404/1662/829
f 6390/1662/829 6404/1662/829 6393/1662/829
f 6385/1662/791 6384/1662/791 6380/1662/791
f 6407/1662/833 6411/1662/833 6408/1662/833
f 6408/1662/829 6409/1662/829 6407/1662/829
f 6409/1662/787 6410/1662/787 6407/1662/787
f 6407/1662/805 6410/1662/805 6411/1662/805
f 6411/1662/787 6417/1662/787 6412/1662/787
f 6416/1662/810 6411/1662/810 6412/1662/810
f 6416/1662/810 6413/1662/810 6411/1662/810
f 6413/1662/791 6414/1662/791 6411/1662/791
f 6411/1662/787 6414/1662/787 6418/1662/787
f 6410/1662/791 6415/1662/791 6411/1662/791
f 6411/1662/787 6415/1662/787 6417/1662/787
f 6411/1662/787 6418/1662/787 6408/1662/787
f 6419/1662/829 6408/1662/829 6418/1662/829
f 6418/1662/805 6420/1662/805 6419/1662/805
f 6418/1662/805 6414/1662/805 6420/1662/805
f 6419/1662/788 6420/1662/788 6413/1662/788
f 6413/1662/791 6420/1662/791 6414/1662/791
f 6419/1662/829 6421/1662/829 6408/1662/829
f 6419/1662/788 6413/1662/788 6421/1662/788
f 6421/1662/805 6425/1662/805 6408/1662/805
f 6422/1662/788 6421/1662/788 6423/1662/788
f 6421/1662/810 6422/1662/810 6425/1662/810
f 6421/1662/829 6426/1662/829 6423/1662/829
f 6421/1662/829 6424/1662/829 6426/1662/829
f 6413/1662/834 6424/1662/834 6421/1662/834
f 6427/1662/815 6423/1662/815 6426/1662/815
f 6426/1662/788 6424/1662/788 6428/1662/788
f 6426/1662/788 6428/1662/788 6427/1662/788
f 6428/1662/791 6429/1662/791 6427/1662/791
f 6413/1662/805 6428/1662/805 6424/1662/805
f 6428/1662/791 6413/1662/791 6429/1662/791
f 6423/1662/788 6429/1662/788 6430/1662/788
f 6430/1662/791 6429/1662/791 6415/1662/791
f 6429/1662/814 6417/1662/814 6415/1662/814
f 6429/1662/815 6431/1662/815 6417/1662/815
f 6413/1662/788 6431/1662/788 6429/1662/788
f 6427/1662/815 6429/1662/815 6423/1662/815
f 6417/1662/791 6431/1662/791 6416/1662/791
f 6413/1662/788 6416/1662/788 6431/1662/788
f 6433/1662/815 6430/1662/815 6432/1662/815
f 6430/1662/791 6415/1662/791 6432/1662/791
f 6423/1662/788 6430/1662/788 6433/1662/788
f 6423/1662/829 6433/1662/829 6434/1662/829
f 6433/1662/814 6432/1662/814 6434/1662/814
f 6432/1662/787 6435/1662/787 6434/1662/787
f 6423/1662/829 6434/1662/829 6435/1662/829
f 6425/1662/787 6436/1662/787 6435/1662/787
f 6437/1662/815 6435/1662/815 6436/1662/815
f 6408/1662/829 6435/1662/829 6409/1662/829
f 6425/1662/787 6435/1662/787 6408/1662/787
f 6435/1662/815 6438/1662/815 6409/1662/815
f 6437/1662/814 6423/1662/814 6435/1662/814
f 6435/1662/815 6415/1662/815 6438/1662/815
f 6432/1662/787 6415/1662/787 6435/1662/787
f 6409/1662/787 6438/1662/787 6410/1662/787
f 6410/1662/791 6438/1662/791 6415/1662/791
f 6422/1662/788 6423/1662/788 6437/1662/788
f 6422/1662/829 6437/1662/829 6436/1662/829
f 6422/1662/829 6436/1662/829 6425/1662/829
f 6417/1662/791 6416/1662/791 6412/1662/791
f 6439/1662/833 6443/1662/833 6440/1662/833
f 6440/1662/829 6441/1662/829 6439/1662/829
f 6441/1662/787 6442/1662/787 6439/1662/787
f 6439/1662/805 6442/1662/805 6443/1662/805
f 6443/1662/787 6449/1662/787 6444/1662/787
f 6448/1662/810 6443/1662/810 6444/1662/810
f 6448/1662/810 6445/1662/810 6443/1662/810
f 6445/1662/791 6446/1662/791 6443/1662/791
f 6443/1662/787 6446/1662/787 6450/1662/787
f 6442/1662/791 6447/1662/791 6443/1662/791
f 6443/1662/787 6447/1662/787 6449/1662/787
f 6443/1662/787 6450/1662/787 6440/1662/787
f 6451/1662/829 6440/1662/829 6450/1662/829
f 6450/1662/805 6452/1662/805 6451/1662/805
f 6450/1662/805 6446/1662/805 6452/1662/805
f 6451/1662/788 6452/1662/788 6445/1662/788
f 6445/1662/791 6452/1662/791 6446/1662/791
f 6451/1662/829 6453/1662/829 6440/1662/829
f 6451/1662/788 6445/1662/788 6453/1662/788
f 6453/1662/805 6457/1662/805 6440/1662/805
f 6454/1662/788 6453/1662/788 6455/1662/788
f 6453/1662/810 6454/1662/810 6457/1662/810
f 6453/1662/829 6458/1662/829 6455/1662/829
f 6453/1662/829 6456/1662/829 6458/1662/829
f 6445/1662/835 6456/1662/835 6453/1662/835
f 6459/1662/815 6455/1662/815 6458/1662/815
f 6458/1662/788 6456/1662/788 6460/1662/788
f 6458/1662/788 6460/1662/788 6459/1662/788
f 6460/1662/791 6461/1662/791 6459/1662/791
f 6445/1662/805 6460/1662/805 6456/1662/805
f 6460/1662/791 6445/1662/791 6461/1662/791
f 6455/1662/788 6461/1662/788 6462/1662/788
f 6462/1662/791 6461/1662/791 6447/1662/791
f 6461/1662/814 6449/1662/814 6447/1662/814
f 6461/1662/815 6463/1662/815 6449/1662/815
f 6445/1662/788 6463/1662/788 6461/1662/788
f 6459/1662/814 6461/1662/814 6455/1662/814
f 6449/1662/791 6463/1662/791 6448/1662/791
f 6445/1662/788 6448/1662/788 6463/1662/788
f 6465/1662/815 6462/1662/815 6464/1662/815
f 6462/1662/791 6447/1662/791 6464/1662/791
f 6455/1662/788 6462/1662/788 6465/1662/788
f 6455/1662/829 6465/1662/829 6466/1662/829
f 6465/1662/814 6464/1662/814 6466/1662/814
f 6464/1662/787 6467/1662/787 6466/1662/787
f 6455/1662/829 6466/1662/829 6467/1662/829
f 6457/1662/787 6468/1662/787 6467/1662/787
f 6469/1662/815 6467/1662/815 6468/1662/815
f 6440/1662/829 6467/1662/829 6441/1662/829
f 6457/1662/787 6467/1662/787 6440/1662/787
f 6467/1662/815 6470/1662/815 6441/1662/815
f 6469/1662/814 6455/1662/814 6467/1662/814
f 6467/1662/815 6447/1662/815 6470/1662/815
f 6464/1662/787 6447/1662/787 6467/1662/787
f 6441/1662/787 6470/1662/787 6442/1662/787
f 6442/1662/791 6470/1662/791 6447/1662/791
f 6454/1662/788 6455/1662/788 6469/1662/788
f 6454/1662/829 6469/1662/829 6468/1662/829
f 6454/1662/829 6468/1662/829 6457/1662/829
f 6449/1662/791 6448/1662/791 6444/1662/791
f 6471/1662/833 6475/1662/833 6472/1662/833
f 6472/1662/829 6473/1662/829 6471/1662/829
f 6473/1662/787 6474/1662/787 6471/1662/787
f 6471/1662/810 6474/1662/810 6475/1662/810
f 6475/1662/787 6481/1662/787 6476/1662/787
f 6480/1662/810 6475/1662/810 6476/1662/810
f 6480/1662/810 6477/1662/810 6475/1662/810
f 6477/1662/791 6478/1662/791 6475/1662/791
f 6475/1662/787 6478/1662/787 6482/1662/787
f 6474/1662/791 6479/1662/791 6475/1662/791
f 6475/1662/787 6479/1662/787 6481/1662/787
f 6475/1662/787 6482/1662/787 6472/1662/787
f 6483/1662/829 6472/1662/829 6482/1662/829
f 6482/1662/805 6484/1662/805 6483/1662/805
f 6482/1662/805 6478/1662/805 6484/1662/805
f 6483/1662/788 6484/1662/788 6477/1662/788
f 6477/1662/791 6484/1662/791 6478/1662/791
f 6483/1662/829 6485/1662/829 6472/1662/829
f 6483/1662/788 6477/1662/788 6485/1662/788
f 6485/1662/805 6489/1662/805 6472/1662/805
f 6486/1662/788 6485/1662/788 6487/1662/788
f 6485/1662/810 6486/1662/810 6489/1662/810
f 6485/1662/829 6490/1662/829 6487/1662/829
f 6485/1662/830 6488/1662/830 6490/1662/830
f 6477/1662/835 6488/1662/835 6485/1662/835
f 6491/1662/815 6487/1662/815 6490/1662/815
f 6490/1662/788 6488/1662/788 6492/1662/788
f 6490/1662/788 6492/1662/788 6491/1662/788
f 6492/1662/832 6493/1662/832 6491/1662/832
f 6477/1662/805 6492/1662/805 6488/1662/805
f 6492/1662/791 6477/1662/791 6493/1662/791
f 6487/1662/788 6493/1662/788 6494/1662/788
f 6494/1662/791 6493/1662/791 6479/1662/791
f 6493/1662/814 6481/1662/814 6479/1662/814
f 6493/1662/814 6495/1662/814 6481/1662/814
f 6477/1662/788 6495/1662/788 6493/1662/788
f 6491/1662/814 6493/1662/814 6487/1662/814
f 6481/1662/791 6495/1662/791 6480/1662/791
f 6477/1662/788 6480/1662/788 6495/1662/788
f 6497/1662/815 6494/1662/815 6496/1662/815
f 6494/1662/791 6479/1662/791 6496/1662/791
f 6487/1662/788 6494/1662/788 6497/1662/788
f 6487/1662/829 6497/1662/829 6498/1662/829
f 6497/1662/814 6496/1662/814 6498/1662/814
f 6496/1662/787 6499/1662/787 6498/1662/787
f 6487/1662/829 6498/1662/829 6499/1662/829
f 6489/1662/787 6500/1662/787 6499/1662/787
f 6501/1662/814 6499/1662/814 6500/1662/814
f 6472/1662/829 6499/1662/829 6473/1662/829
f 6489/1662/787 6499/1662/787 6472/1662/787
f 6499/1662/815 6502/1662/815 6473/1662/815
f 6501/1662/815 6487/1662/815 6499/1662/815
f 6499/1662/814 6479/1662/814 6502/1662/814
f 6496/1662/787 6479/1662/787 6499/1662/787
f 6473/1662/787 6502/1662/787 6474/1662/787
f 6474/1662/791 6502/1662/791 6479/1662/791
f 6486/1662/788 6487/1662/788 6501/1662/788
f 6486/1662/829 6501/1662/829 6500/1662/829
f 6486/1662/829 6500/1662/829 6489/1662/829
f 6481/1662/791 6480/1662/791 6476/1662/791
f 6503/1662/833 6507/1662/833 6504/1662/833
f 6504/1662/829 6505/1662/829 6503/1662/829
f 6505/1662/787 6506/1662/787 6503/1662/787
f 6503/1662/805 6506/1662/805 6507/1662/805
f 6507/1662/787 6513/1662/787 6508/1662/787
f 6512/1662/810 6507/1662/810 6508/1662/810
f 6512/1662/805 6509/1662/805 6507/1662/805
f 6509/1662/791 6510/1662/791 6507/1662/791
f 6507/1662/787 6510/1662/787 6514/1662/787
f 6506/1662/791 6511/1662/791 6507/1662/791
f 6507/1662/787 6511/1662/787 6513/1662/787
f 6507/1662/787 6514/1662/787 6504/1662/787
f 6515/1662/829 6504/1662/829 6514/1662/829
f 6514/1662/805 6516/1662/805 6515/1662/805
f 6514/1662/810 6510/1662/810 6516/1662/810
f 6515/1662/788 6516/1662/788 6509/1662/788
f 6509/1662/791 6516/1662/791 6510/1662/791
f 6515/1662/829 6517/1662/829 6504/1662/829
f 6515/1662/788 6509/1662/788 6517/1662/788
f 6517/1662/810 6521/1662/810 6504/1662/810
f 6518/1662/788 6517/1662/788 6519/1662/788
f 6517/1662/810 6518/1662/810 6521/1662/810
f 6517/1662/829 6522/1662/829 6519/1662/829
f 6517/1662/829 6520/1662/829 6522/1662/829
f 6509/1662/834 6520/1662/834 6517/1662/834
f 6523/1662/815 6519/1662/815 6522/1662/815
f 6522/1662/788 6520/1662/788 6524/1662/788
f 6522/1662/788 6524/1662/788 6523/1662/788
f 6524/1662/791 6525/1662/791 6523/1662/791
f 6509/1662/805 6524/1662/805 6520/1662/805
f 6524/1662/791 6509/1662/791 6525/1662/791
f 6519/1662/788 6525/1662/788 6526/1662/788
f 6526/1662/791 6525/1662/791 6511/1662/791
f 6525/1662/814 6513/1662/814 6511/1662/814
f 6525/1662/814 6527/1662/814 6513/1662/814
f 6509/1662/788 6527/1662/788 6525/1662/788
f 6523/1662/814 6525/1662/814 6519/1662/814
f 6513/1662/791 6527/1662/791 6512/1662/791
f 6509/1662/788 6512/1662/788 6527/1662/788
f 6529/1662/815 6526/1662/815 6528/1662/815
f 6526/1662/791 6511/1662/791 6528/1662/791
f 6519/1662/788 6526/1662/788 6529/1662/788
f 6519/1662/829 6529/1662/829 6530/1662/829
f 6529/1662/814 6528/1662/814 6530/1662/814
f 6528/1662/787 6531/1662/787 6530/1662/787
f 6519/1662/829 6530/1662/829 6531/1662/829
f 6521/1662/787 6532/1662/787 6531/1662/787
f 6533/1662/814 6531/1662/814 6532/1662/814
f 6504/1662/829 6531/1662/829 6505/1662/829
f 6521/1662/787 6531/1662/787 6504/1662/787
f 6531/1662/815 6534/1662/815 6505/1662/815
f 6533/1662/815 6519/1662/815 6531/1662/815
f 6531/1662/814 6511/1662/814 6534/1662/814
f 6528/1662/787 6511/1662/787 6531/1662/787
f 6505/1662/787 6534/1662/787 6506/1662/787
f 6506/1662/791 6534/1662/791 6511/1662/791
f 6518/1662/788 6519/1662/788 6533/1662/788
f 6518/1662/829 6533/1662/829 6532/1662/829
f 6518/1662/829 6532/1662/829 6521/1662/829
f 6513/1662/791 6512/1662/791 6508/1662/791
f 6535/1662/833 6539/1662/833 6536/1662/833
f 6536/1662/829 6537/1662/829 6535/1662/829
f 6537/1662/787 6538/1662/787 6535/1662/787
f 6535/1662/805 6538/1662/805 6539/1662/805
f 6539/1662/787 6545/1662/787 6540/1662/787
f 6544/1662/810 6539/1662/810 6540/1662/810
f 6544/1662/805 6541/1662/805 6539/1662/805
f 6541/1662/791 6542/1662/791 6539/1662/791
f 6539/1662/787 6542/1662/787 6546/1662/787
f 6538/1662/791 6543/1662/791 6539/1662/791
f 6539/1662/787 6543/1662/787 6545/1662/787
f 6539/1662/787 6546/1662/787 6536/1662/787
f 6547/1662/829 6536/1662/829 6546/1662/829
f 6546/1662/805 6548/1662/805 6547/1662/805
f 6546/1662/810 6542/1662/810 6548/1662/810
f 6547/1662/788 6548/1662/788 6541/1662/788
f 6541/1662/791 6548/1662/791 6542/1662/791
f 6547/1662/829 6549/1662/829 6536/1662/829
f 6547/1662/788 6541/1662/788 6549/1662/788
f 6549/1662/810 6553/1662/810 6536/1662/810
f 6550/1662/788 6549/1662/788 6551/1662/788
f 6549/1662/810 6550/1662/810 6553/1662/810
f 6549/1662/829 6554/1662/829 6551/1662/829
f 6549/1662/829 6552/1662/829 6554/1662/829
f 6541/1662/834 6552/1662/834 6549/1662/834
f 6555/1662/815 6551/1662/815 6554/1662/815
f 6554/1662/788 6552/1662/788 6556/1662/788
f 6554/1662/788 6556/1662/788 6555/1662/788
f 6556/1662/791 6557/1662/791 6555/1662/791
f 6541/1662/805 6556/1662/805 6552/1662/805
f 6556/1662/791 6541/1662/791 6557/1662/791
f 6551/1662/788 6557/1662/788 6558/1662/788
f 6558/1662/791 6557/1662/791 6543/1662/791
f 6557/1662/814 6545/1662/814 6543/1662/814
f 6557/1662/814 6559/1662/814 6545/1662/814
f 6541/1662/788 6559/1662/788 6557/1662/788
f 6555/1662/814 6557/1662/814 6551/1662/814
f 6545/1662/791 6559/1662/791 6544/1662/791
f 6541/1662/788 6544/1662/788 6559/1662/788
f 6561/1662/815 6558/1662/815 6560/1662/815
f 6558/1662/791 6543/1662/791 6560/1662/791
f 6551/1662/788 6558/1662/788 6561/1662/788
f 6551/1662/829 6561/1662/829 6562/1662/829
f 6561/1662/814 6560/1662/814 6562/1662/814
f 6560/1662/787 6563/1662/787 6562/1662/787
f 6551/1662/829 6562/1662/829 6563/1662/829
f 6553/1662/787 6564/1662/787 6563/1662/787
f 6565/1662/814 6563/1662/814 6564/1662/814
f 6536/1662/829 6563/1662/829 6537/1662/829
f 6553/1662/787 6563/1662/787 6536/1662/787
f 6563/1662/815 6566/1662/815 6537/1662/815
f 6565/1662/815 6551/1662/815 6563/1662/815
f 6563/1662/814 6543/1662/814 6566/1662/814
f 6560/1662/787 6543/1662/787 6563/1662/787
f 6537/1662/787 6566/1662/787 6538/1662/787
f 6538/1662/791 6566/1662/791 6543/1662/791
f 6550/1662/788 6551/1662/788 6565/1662/788
f 6550/1662/829 6565/1662/829 6564/1662/829
f 6550/1662/829 6564/1662/829 6553/1662/829
f 6545/1662/791 6544/1662/791 6540/1662/791
f 6567/1662/833 6571/1662/833 6568/1662/833
f 6568/1662/829 6569/1662/829 6567/1662/829
f 6569/1662/787 6570/1662/787 6567/1662/787
f 6567/1662/805 6570/1662/805 6571/1662/805
f 6571/1662/787 6577/1662/787 6572/1662/787
f 6576/1662/810 6571/1662/810 6572/1662/810
f 6576/1662/805 6573/1662/805 6571/1662/805
f 6573/1662/791 6574/1662/791 6571/1662/791
f 6571/1662/787 6574/1662/787 6578/1662/787
f 6570/1662/791 6575/1662/791 6571/1662/791
f 6571/1662/787 6575/1662/787 6577/1662/787
f 6571/1662/787 6578/1662/787 6568/1662/787
f 6579/1662/829 6568/1662/829 6578/1662/829
f 6578/1662/805 6580/1662/805 6579/1662/805
f 6578/1662/810 6574/1662/810 6580/1662/810
f 6579/1662/788 6580/1662/788 6573/1662/788
f 6573/1662/791 6580/1662/791 6574/1662/791
f 6579/1662/829 6581/1662/829 6568/1662/829
f 6579/1662/788 6573/1662/788 6581/1662/788
f 6581/1662/810 6585/1662/810 6568/1662/810
f 6582/1662/788 6581/1662/788 6583/1662/788
f 6581/1662/810 6582/1662/810 6585/1662/810
f 6581/1662/829 6586/1662/829 6583/1662/829
f 6581/1662/829 6584/1662/829 6586/1662/829
f 6573/1662/834 6584/1662/834 6581/1662/834
f 6587/1662/815 6583/1662/815 6586/1662/815
f 6586/1662/788 6584/1662/788 6588/1662/788
f 6586/1662/788 6588/1662/788 6587/1662/788
f 6588/1662/791 6589/1662/791 6587/1662/791
f 6573/1662/805 6588/1662/805 6584/1662/805
f 6588/1662/791 6573/1662/791 6589/1662/791
f 6583/1662/788 6589/1662/788 6590/1662/788
f 6590/1662/791 6589/1662/791 6575/1662/791
f 6589/1662/814 6577/1662/814 6575/1662/814
f 6589/1662/814 6591/1662/814 6577/1662/814
f 6573/1662/788 6591/1662/788 6589/1662/788
f 6587/1662/815 6589/1662/815 6583/1662/815
f 6577/1662/791 6591/1662/791 6576/1662/791
f 6573/1662/788 6576/1662/788 6591/1662/788
f 6593/1662/815 6590/1662/815 6592/1662/815
f 6590/1662/791 6575/1662/791 6592/1662/791
f 6583/1662/788 6590/1662/788 6593/1662/788
f 6583/1662/829 6593/1662/829 6594/1662/829
f 6593/1662/814 6592/1662/814 6594/1662/814
f 6592/1662/787 6595/1662/787 6594/1662/787
f 6583/1662/829 6594/1662/829 6595/1662/829
f 6585/1662/787 6596/1662/787 6595/1662/787
f 6597/1662/814 6595/1662/814 6596/1662/814
f 6568/1662/829 6595/1662/829 6569/1662/829
f 6585/1662/787 6595/1662/787 6568/1662/787
f 6595/1662/815 6598/1662/815 6569/1662/815
f 6597/1662/815 6583/1662/815 6595/1662/815
f 6595/1662/814 6575/1662/814 6598/1662/814
f 6592/1662/787 6575/1662/787 6595/1662/787
f 6569/1662/787 6598/1662/787 6570/1662/787
f 6570/1662/791 6598/1662/791 6575/1662/791
f 6582/1662/788 6583/1662/788 6597/1662/788
f 6582/1662/829 6597/1662/829 6596/1662/829
f 6582/1662/829 6596/1662/829 6585/1662/829
f 6577/1662/791 6576/1662/791 6572/1662/791
f 6599/1662/833 6603/1662/833 6600/1662/833
f 6600/1662/829 6601/1662/829 6599/1662/829
f 6601/1662/787 6602/1662/787 6599/1662/787
f 6599/1662/805 6602/1662/805 6603/1662/805
f 6603/1662/787 6609/1662/787 6604/1662/787
f 6608/1662/805 6603/1662/805 6604/1662/805
f 6608/1662/810 6605/1662/810 6603/1662/810
f 6605/1662/791 6606/1662/791 6603/1662/791
f 6603/1662/787 6606/1662/787 6610/1662/787
f 6602/1662/791 6607/1662/791 6603/1662/791
f 6603/1662/787 6607/1662/787 6609/1662/787
f 6603/1662/787 6610/1662/787 6600/1662/787
f 6611/1662/829 6600/1662/829 6610/1662/829
f 6610/1662/805 6612/1662/805 6611/1662/805
f 6610/1662/810 6606/1662/810 6612/1662/810
f 6611/1662/788 6612/1662/788 6605/1662/788
f 6605/1662/791 6612/1662/791 6606/1662/791
f 6611/1662/829 6613/1662/829 6600/1662/829
f 6611/1662/788 6605/1662/788 6613/1662/788
f 6613/1662/810 6617/1662/810 6600/1662/810
f 6614/1662/788 6613/1662/788 6615/1662/788
f 6613/1662/805 6614/1662/805 6617/1662/805
f 6613/1662/829 6618/1662/829 6615/1662/829
f 6613/1662/830 6616/1662/830 6618/1662/830
f 6605/1662/835 6616/1662/835 6613/1662/835
f 6619/1662/815 6615/1662/815 6618/1662/815
f 6618/1662/788 6616/1662/788 6620/1662/788
f 6618/1662/788 6620/1662/788 6619/1662/788
f 6620/1662/832 6621/1662/832 6619/1662/832
f 6605/1662/805 6620/1662/805 6616/1662/805
f 6620/1662/791 6605/1662/791 6621/1662/791
f 6615/1662/788 6621/1662/788 6622/1662/788
f 6622/1662/791 6621/1662/791 6607/1662/791
f 6621/1662/815 6609/1662/815 6607/1662/815
f 6621/1662/814 6623/1662/814 6609/1662/814
f 6605/1662/788 6623/1662/788 6621/1662/788
f 6619/1662/814 6621/1662/814 6615/1662/814
f 6609/1662/791 6623/1662/791 6608/1662/791
f 6605/1662/788 6608/1662/788 6623/1662/788
f 6625/1662/815 6622/1662/815 6624/1662/815
f 6622/1662/791 6607/1662/791 6624/1662/791
f 6615/1662/788 6622/1662/788 6625/1662/788
f 6615/1662/829 6625/1662/829 6626/1662/829
f 6625/1662/815 6624/1662/815 6626/1662/815
f 6624/1662/787 6627/1662/787 6626/1662/787
f 6615/1662/829 6626/1662/829 6627/1662/829
f 6617/1662/787 6628/1662/787 6627/1662/787
f 6629/1662/814 6627/1662/814 6628/1662/814
f 6600/1662/829 6627/1662/829 6601/1662/829
f 6617/1662/787 6627/1662/787 6600/1662/787
f 6627/1662/815 6630/1662/815 6601/1662/815
f 6629/1662/814 6615/1662/814 6627/1662/814
f 6627/1662/815 6607/1662/815 6630/1662/815
f 6624/1662/787 6607/1662/787 6627/1662/787
f 6601/1662/787 6630/1662/787 6602/1662/787
f 6602/1662/791 6630/1662/791 6607/1662/791
f 6614/1662/788 6615/1662/788 6629/1662/788
f 6614/1662/829 6629/1662/829 6628/1662/829
f 6614/1662/829 6628/1662/829 6617/1662/829
f 6609/1662/791 6608/1662/791 6604/1662/791
usemtl Teal
f 5799/1663/794 5800/1664/794 5805/1665/794
f 5799/1666/795 5803/1667/795 5800/1668/795
f 5804/1669/796 5801/1670/796 5799/1671/796
f 5799/1666/795 5801/1672/795 5803/1667/795
f 5802/1673/794 5799/1663/794 5805/1665/794
f 5804/1669/796 5799/1671/796 5802/1674/796
f 5800/1664/794 5806/1675/794 5805/1665/794
f 5809/1676/797 5805/1677/797 5806/1678/797
f 5805/1677/798 5807/1679/798 5810/1680/798
f 5809/1676/797 5807/1679/797 5805/1677/797
f 5805/1665/794 5808/1681/794 5802/1673/794
f 5805/1677/798 5810/1680/798 5808/1682/798
f 5810/1683/799 5807/1684/799 5809/1685/799
f 5810/1680/800 5812/1686/800 5808/1682/800
f 5813/1687/799 5811/1688/799 5810/1683/799
f 5810/1680/800 5811/1689/800 5812/1686/800
f 5801/1690/801 5813/1687/801 5810/1683/801
f 5809/1685/801 5801/1690/801 5810/1683/801
f 5811/1689/802 5813/1691/802 5814/1692/802
f 5813/1691/803 5802/1674/803 5814/1692/803
f 5813/1691/803 5804/1669/803 5802/1674/803
f 5801/1690/801 5804/1693/801 5813/1687/801
f 5812/1694/794 5814/1695/794 5802/1673/794
f 5811/1689/802 5814/1692/802 5812/1686/802
f 5808/1681/794 5812/1694/794 5802/1673/794
f 5809/1685/801 5803/1696/801 5801/1690/801
f 5803/1667/804 5809/1676/804 5806/1678/804
f 5803/1667/804 5806/1678/804 5800/1668/804
f 5815/1663/805 5816/1664/805 5821/1665/805
f 5815/1666/806 5819/1667/806 5816/1668/806
f 5820/1669/807 5817/1670/807 5815/1671/807
f 5815/1666/806 5817/1672/806 5819/1667/806
f 5818/1673/805 5815/1663/805 5821/1665/805
f 5820/1669/807 5815/1671/807 5818/1674/807
f 5816/1664/805 5822/1675/805 5821/1665/805
f 5825/1676/808 5821/1677/808 5822/1678/808
f 5821/1677/809 5823/1679/809 5826/1680/809
f 5825/1676/808 5823/1679/808 5821/1677/808
f 5821/1665/810 5824/1681/810 5827/1694/810
f 5821/1677/809 5826/1680/809 5824/1682/809
f 5821/1665/805 5827/1694/805 5818/1673/805
f 5826/1680/811 5827/1686/811 5824/1682/811
f 5826/1680/811 5828/1689/811 5827/1686/811
f 5828/1689/812 5829/1692/812 5827/1686/812
f 5827/1694/805 5829/1695/805 5818/1673/805
f 5828/1689/812 5830/1691/812 5829/1692/812
f 5830/1691/813 5818/1674/813 5829/1692/813
f 5830/1687/814 5828/1688/814 5826/1683/814
f 5830/1691/813 5820/1669/813 5818/1674/813
f 5817/1690/815 5820/1693/815 5830/1687/815
f 5825/1685/815 5817/1690/815 5830/1687/815
f 5826/1683/815 5823/1684/815 5830/1687/815
f 5823/1684/815 5825/1685/815 5830/1687/815
f 5825/1685/815 5819/1696/815 5817/1690/815
f 5819/1667/816 5825/1676/816 5822/1678/816
f 5819/1667/817 5822/1678/817 5816/1668/817
f 5831/1663/818 5832/1664/818 5837/1665/818
f 5831/1666/795 5835/1667/795 5832/1668/795
f 5836/1669/796 5833/1670/796 5831/1671/796
f 5831/1666/795 5833/1672/795 5835/1667/795
f 5834/1673/794 5831/1663/794 5837/1665/794
f 5836/1669/796 5831/1671/796 5834/1674/796
f 5832/1664/794 5838/1675/794 5837/1665/794
f 5841/1676/797 5837/1677/797 5838/1678/797
f 5837/1677/798 5839/1679/798 5842/1680/798
f 5841/1676/797 5839/1679/797 5837/1677/797
f 5837/1665/794 5840/1681/794 5834/1673/794
f 5837/1677/798 5842/1680/798 5840/1682/798
f 5842/1683/799 5839/1684/799 5841/1685/799
f 5842/1680/800 5844/1686/800 5840/1682/800
f 5845/1687/801 5843/1688/801 5842/1683/801
f 5842/1680/800 5843/1689/800 5844/1686/800
f 5833/1690/801 5845/1687/801 5842/1683/801
f 5841/1685/801 5833/1690/801 5842/1683/801
f 5843/1689/802 5845/1691/802 5846/1692/802
f 5845/1691/803 5834/1674/803 5846/1692/803
f 5845/1691/803 5836/1669/803 5834/1674/803
f 5833/1690/801 5836/1693/801 5845/1687/801
f 5844/1694/794 5846/1695/794 5834/1673/794
f 5843/1689/802 5846/1692/802 5844/1686/802
f 5840/1681/794 5844/1694/794 5834/1673/794
f 5841/1685/801 5835/1696/801 5833/1690/801
f 5835/1667/804 5841/1676/804 5838/1678/804
f 5835/1667/804 5838/1678/804 5832/1668/804
f 5847/1663/805 5848/1664/805 5853/1665/805
f 5847/1666/806 5851/1667/806 5848/1668/806
f 5852/1669/807 5849/1670/807 5847/1671/807
f 5847/1666/806 5849/1672/806 5851/1667/806
f 5850/1673/805 5847/1663/805 5853/1665/805
f 5852/1669/807 5847/1671/807 5850/1674/807
f 5848/1664/805 5854/1675/805 5853/1665/805
f 5857/1676/808 5853/1677/808 5854/1678/808
f 5853/1677/809 5855/1679/809 5858/1680/809
f 5857/1676/808 5855/1679/808 5853/1677/808
f 5853/1665/810 5856/1681/810 5859/1694/810
f 5853/1677/809 5858/1680/809 5856/1682/809
f 5853/1665/805 5859/1694/805 5850/1673/805
f 5858/1680/811 5859/1686/811 5856/1682/811
f 5858/1680/819 5860/1689/819 5859/1686/819
f 5860/1689/820 5861/1692/820 5859/1686/820
f 5859/1694/805 5861/1695/805 5850/1673/805
f 5860/1689/812 5862/1691/812 5861/1692/812
f 5862/1691/813 5850/1674/813 5861/1692/813
f 5862/1687/814 5860/1688/814 5858/1683/814
f 5862/1691/821 5852/1669/821 5850/1674/821
f 5849/1690/815 5852/1693/815 5862/1687/815
f 5849/1690/815 5862/1687/815 5858/1683/815
f 5858/1683/815 5855/1684/815 5857/1685/815
f 5857/1685/815 5849/1690/815 5858/1683/815
f 5857/1685/815 5851/1696/815 5849/1690/815
f 5851/1667/817 5857/1676/817 5854/1678/817
f 5851/1667/817 5854/1678/817 5848/1668/817
f 6634/1662/793 6632/1662/793 6631/1662/793
f 6635/1662/789 6631/1662/789 6632/1662/789
f 6635/1662/789 6633/1662/789 6631/1662/789
f 6633/1662/787 6634/1662/787 6631/1662/787
f 6636/1662/787 6635/1662/787 6632/1662/787
f 6640/1662/790 6635/1662/790 6636/1662/790
f 6639/1662/790 6633/1662/790 6635/1662/790
f 6635/1662/789 6637/1662/789 6641/1662/789
f 6640/1662/790 6637/1662/790 6635/1662/790
f 6642/1662/787 6635/1662/787 6638/1662/787
f 6635/1662/836 6641/1662/836 6638/1662/836
f 6642/1662/787 6639/1662/787 6635/1662/787
f 6643/1662/837 6639/1662/837 6642/1662/837
f 6641/1662/790 6643/1662/790 6642/1662/790
f 6641/1662/790 6642/1662/790 6638/1662/790
f 6644/1662/788 6643/1662/788 6641/1662/788
f 6643/1662/838 6644/1662/838 6639/1662/838
f 6639/1662/790 6644/1662/790 6645/1662/790
f 6647/1662/788 6645/1662/788 6644/1662/788
f 6646/1662/790 6644/1662/790 6637/1662/790
f 6648/1662/838 6644/1662/838 6646/1662/838
f 6648/1662/838 6647/1662/838 6644/1662/838
f 6644/1662/788 6641/1662/788 6637/1662/788
f 6649/1662/788 6648/1662/788 6646/1662/788
f 6647/1662/793 6648/1662/793 6649/1662/793
f 6650/1662/789 6649/1662/789 6651/1662/789
f 6647/1662/793 6649/1662/793 6650/1662/793
f 6649/1662/788 6646/1662/788 6651/1662/788
f 6646/1662/790 6637/1662/790 6651/1662/790
f 6650/1662/789 6651/1662/789 6637/1662/789
f 6652/1662/789 6650/1662/789 6632/1662/789
f 6654/1662/788 6650/1662/788 6652/1662/788
f 6632/1662/793 6650/1662/793 6653/1662/793
f 6653/1662/788 6650/1662/788 6637/1662/788
f 6654/1662/788 6647/1662/788 6650/1662/788
f 6656/1662/838 6647/1662/838 6654/1662/838
f 6657/1662/793 6655/1662/793 6654/1662/793
f 6656/1662/839 6654/1662/839 6655/1662/839
f 6657/1662/793 6654/1662/793 6652/1662/793
f 6656/1662/787 6657/1662/787 6632/1662/787
f 6652/1662/840 6632/1662/840 6657/1662/840
f 6656/1662/787 6655/1662/787 6657/1662/787
f 6639/1662/787 6658/1662/787 6656/1662/787
f 6659/1662/793 6656/1662/793 6658/1662/793
f 6659/1662/793 6647/1662/793 6656/1662/793
f 6634/1662/793 6656/1662/793 6632/1662/793
f 6660/1662/838 6656/1662/838 6634/1662/838
f 6660/1662/838 6639/1662/838 6656/1662/838
f 6633/1662/787 6660/1662/787 6634/1662/787
f 6639/1662/790 6660/1662/790 6633/1662/790
f 6661/1662/838 6659/1662/838 6658/1662/838
f 6647/1662/788 6659/1662/788 6645/1662/788
f 6661/1662/838 6645/1662/838 6659/1662/838
f 6639/1662/787 6661/1662/787 6658/1662/787
f 6639/1662/790 6645/1662/790 6661/1662/790
f 6653/1662/789 6636/1662/789 6662/1662/789
f 6632/1662/793 6653/1662/793 6662/1662/793
f 6653/1662/789 6640/1662/789 6636/1662/789
f 6653/1662/788 6637/1662/788 6640/1662/788
f 6636/1662/787 6632/1662/787 6662/1662/787
o Windows
v 19.112101 5.027400 -0.292600
v 15.467900 5.027400 -0.292600
v 15.467900 9.826971 -0.292600
v 17.290001 11.983301 -0.292600
v 19.112101 9.826971 -0.292600
v 19.112101 5.027400 -0.053200
v 15.467900 5.027400 -0.053200
v 15.467900 9.826971 -0.053200
v 17.290001 11.983301 -0.053200
v 19.112101 9.826971 -0.053200
v 18.912601 5.187000 -0.492100
v 18.912601 9.747970 -0.492100
v 15.667400 5.187000 -0.492100
v 18.912601 5.187000 -0.172900
v 15.667400 9.747970 -0.492100
v 18.912601 9.747970 -0.172900
v 17.290001 11.797100 -0.172900
v 15.667400 5.187000 -0.172900
v 15.667400 9.747970 -0.172900
v 17.290001 11.797100 -0.492100
v 18.540199 5.399800 -0.618450
v 18.540199 9.593690 -0.618450
v 16.039801 5.399800 -0.618450
v 18.540199 5.399800 -0.445550
v 16.039801 9.593690 -0.618450
v 18.540199 9.593690 -0.445550
v 17.290001 11.477901 -0.445550
v 16.039801 5.399800 -0.445550
v 16.039801 9.593690 -0.445550
v 17.290001 11.477901 -0.618450
v 17.343201 5.377855 -0.744800
v 17.343201 5.377855 -0.718200
v 17.236801 5.377855 -0.744800
v 17.343201 10.262946 -0.744800
v 17.236801 5.377855 -0.718200
v 17.236801 5.351255 -0.718200
v 17.236801 5.377855 -0.611800
v 17.210199 5.377855 -0.718200
v 17.236801 10.262946 -0.718200
v 17.236801 5.351255 -0.611800
v 17.210199 5.377855 -0.611800
v 17.210199 10.262946 -0.718200
v 17.210199 10.262946 -0.611800
v 17.236801 10.262946 -0.611800
v 17.236801 10.289546 -0.611800
v 17.236801 10.262946 -0.585200
v 17.343201 10.262946 -0.611800
v 17.343201 10.262946 -0.585200
v 17.343201 5.377855 -0.585200
v 17.343201 5.377855 -0.611800
v 17.236801 5.377855 -0.585200
v 17.369801 5.377855 -0.611800
v 17.343201 5.351255 -0.611800
v 17.369801 10.262946 -0.611800
v 17.369801 10.262946 -0.718200
v 17.343201 10.262946 -0.718200
v 17.369801 5.377855 -0.718200
v 17.343201 10.289546 -0.718200
v 17.343201 10.289546 -0.611800
v 17.236801 10.262946 -0.744800
v 17.236801 10.289546 -0.718200
v 17.343201 5.351255 -0.718200
v 18.560150 7.378840 -0.744800
v 18.560150 7.378840 -0.718200
v 16.019850 7.378840 -0.744800
v 18.560150 7.511840 -0.744800
v 16.019850 7.378840 -0.718200
v 16.019850 7.352240 -0.718200
v 16.019850 7.378840 -0.611800
v 15.993250 7.378840 -0.718200
v 16.019850 7.511840 -0.718200
v 16.019850 7.352240 -0.611800
v 15.993250 7.378840 -0.611800
v 15.993250 7.511840 -0.718200
v 15.993250 7.511840 -0.611800
v 16.019850 7.511840 -0.611800
v 16.019850 7.538441 -0.611800
v 16.019850 7.511840 -0.585200
v 18.560150 7.511840 -0.611800
v 18.560150 7.511840 -0.585200
v 18.560150 7.378840 -0.585200
v 18.560150 7.378840 -0.611800
v 16.019850 7.378840 -0.585200
v 18.586752 7.378840 -0.611800
v 18.560150 7.352240 -0.611800
v 18.586752 7.511840 -0.611800
v 18.586752 7.511840 -0.718200
v 18.560150 7.511840 -0.718200
v 18.586752 7.378840 -0.718200
v 18.560150 7.538441 -0.718200
v 18.560150 7.538441 -0.611800
v 16.019850 7.511840 -0.744800
v 16.019850 7.538441 -0.718200
v 18.560150 7.352240 -0.718200
v 19.098801 5.014100 -0.957600
v 19.098801 5.014100 -0.891100
v 15.481201 5.014100 -0.957600
v 19.098801 5.253500 -0.957600
v 15.481199 5.014100 -0.891100
v 15.481201 4.947600 -0.891100
v 15.481199 5.014100 -0.093100
v 15.414701 5.014100 -0.891100
v 15.481199 5.253500 -0.891100
v 15.481201 4.947600 -0.093100
v 15.414701 5.253500 -0.891100
v 15.414701 5.253500 -0.093100
v 15.414701 5.014100 -0.093100
v 15.481199 5.253500 -0.093100
v 15.481201 5.320000 -0.093100
v 15.481201 5.253500 -0.026600
v 19.098801 5.253500 -0.093100
v 15.481201 5.320000 -0.891100
v 19.098801 5.253500 -0.026600
v 19.098801 5.014100 -0.026600
v 19.098801 5.014100 -0.093100
v 15.481201 5.014100 -0.026600
v 19.165300 5.014100 -0.093100
v 19.098801 4.947600 -0.093100
v 19.098801 4.947600 -0.891100
v 19.165300 5.253500 -0.093100
v 19.165300 5.253500 -0.891100
v 19.165300 5.014100 -0.891100
v 19.098801 5.253500 -0.891100
v 19.098801 5.320000 -0.891100
v 19.098801 5.320000 -0.093100
v 15.481201 5.253500 -0.957600
v 6.477100 5.027400 -0.292600
v 6.477100 9.826971 -0.292600
v 2.832900 5.027400 -0.292600
v 6.477100 5.027400 -0.053200
v 2.832900 9.826971 -0.292600
v 6.477100 9.826971 -0.053200
v 4.655000 11.983301 -0.053200
v 2.832900 5.027400 -0.053200
v 2.832900 9.826971 -0.053200
v 4.655000 11.983301 -0.292600
v 6.277600 5.187000 -0.492100
v 6.277600 9.747970 -0.492100
v 3.032400 5.187000 -0.492100
v 6.277600 5.187000 -0.172900
v 3.032400 9.747970 -0.492100
v 6.277600 9.747970 -0.172900
v 4.655000 11.797100 -0.172900
v 3.032400 5.187000 -0.172900
v 3.032400 9.747970 -0.172900
v 4.655000 11.797100 -0.492100
v 5.905200 5.399800 -0.618450
v 5.905200 9.593690 -0.618450
v 3.404800 5.399800 -0.618450
v 5.905200 5.399800 -0.445550
v 3.404800 9.593690 -0.618450
v 5.905200 9.593690 -0.445550
v 4.655000 11.477901 -0.445550
v 3.404800 5.399800 -0.445550
v 3.404800 9.593690 -0.445550
v 4.655000 11.477901 -0.618450
v 4.708200 5.377855 -0.744800
v 4.708200 5.377855 -0.718200
v 4.601800 5.377855 -0.744800
v 4.708200 10.262946 -0.744800
v 4.601800 5.377855 -0.718200
v 4.601800 5.351255 -0.718200
v 4.601800 5.377855 -0.611800
v 4.575200 5.377855 -0.718200
v 4.601800 10.262946 -0.718200
v 4.601800 5.351255 -0.611800
v 4.575200 5.377855 -0.611800
v 4.575200 10.262946 -0.718200
v 4.575200 10.262946 -0.611800
v 4.601800 10.262946 -0.611800
v 4.601800 10.289546 -0.611800
v 4.601800 10.262946 -0.585200
v 4.708200 10.262946 -0.611800
v 4.708200 10.262946 -0.585200
v 4.708200 5.377855 -0.585200
v 4.708200 5.377855 -0.611800
v 4.601800 5.377855 -0.585200
v 4.734800 5.377855 -0.611800
v 4.708200 5.351255 -0.611800
v 4.734800 10.262946 -0.611800
v 4.734800 10.262946 -0.718200
v 4.708200 10.262946 -0.718200
v 4.734800 5.377855 -0.718200
v 4.708200 10.289546 -0.718200
v 4.708200 10.289546 -0.611800
v 4.601800 10.262946 -0.744800
v 4.601800 10.289546 -0.718200
v 4.708200 5.351255 -0.718200
v 5.925150 7.378840 -0.744800
v 5.925150 7.378840 -0.718200
v 3.384850 7.378840 -0.744800
v 5.925150 7.511840 -0.744800
v 5.925150 7.511840 -0.718200
v 3.384850 7.511840 -0.744800
v 3.384850 7.511840 -0.718200
v 3.384850 7.538441 -0.718200
v 3.358250 7.511840 -0.718200
v 3.384850 7.511840 -0.611800
v 3.384850 7.378840 -0.718200
v 3.358250 7.511840 -0.611800
v 3.384850 7.538441 -0.611800
v 5.925150 7.538441 -0.611800
v 5.925150 7.511840 -0.611800
v 5.951750 7.511840 -0.611800
v 5.925150 7.511840 -0.585200
v 5.925150 7.378840 -0.611800
v 3.384850 7.511840 -0.585200
v 5.925150 7.378840 -0.585200
v 3.384850 7.378840 -0.585200
v 3.384850 7.378840 -0.611800
v 3.384850 7.352240 -0.611800
v 3.358250 7.378840 -0.611800
v 3.358250 7.378840 -0.718200
v 5.925150 7.352240 -0.611800
v 3.384850 7.352240 -0.718200
v 5.925150 7.352240 -0.718200
v 5.951750 7.378840 -0.611800
v 5.951750 7.378840 -0.718200
v 5.951750 7.511840 -0.718200
v 5.925150 7.538441 -0.718200
v 6.463800 5.014100 -0.957600
v 6.463800 5.014100 -0.891100
v 2.846200 5.014100 -0.957600
v 6.463800 5.253500 -0.957600
v 2.846200 5.014100 -0.891100
v 2.846200 4.947600 -0.891100
v 2.846200 5.014100 -0.093100
v 2.779700 5.014100 -0.891100
v 2.846200 5.253500 -0.891100
v 2.846200 4.947600 -0.093100
v 2.779700 5.253500 -0.891100
v 2.779700 5.253500 -0.093100
v 2.779700 5.014100 -0.093100
v 2.846200 5.253500 -0.093100
v 2.846200 5.320000 -0.093100
v 2.846200 5.253500 -0.026600
v 6.463800 5.253500 -0.093100
v 2.846200 5.320000 -0.891100
v 6.463800 5.253500 -0.026600
v 6.463800 5.014100 -0.026600
v 6.463800 5.014100 -0.093100
v 2.846200 5.014100 -0.026600
v 6.530300 5.014100 -0.093100
v 6.463800 4.947600 -0.093100
v 6.463800 4.947600 -0.891100
v 6.530300 5.253500 -0.093100
v 6.530300 5.253500 -0.891100
v 6.530300 5.014100 -0.891100
v 6.463800 5.253500 -0.891100
v 6.463800 5.320000 -0.891100
v 6.463800 5.320000 -0.093100
v 2.846200 5.253500 -0.957600
v -4.827900 5.027400 -0.292600
v -4.827900 10.102281 -0.292600
v -9.004100 5.027400 -0.292600
v -4.827900 5.027400 -0.053200
v -9.004100 10.102281 -0.292600
v -4.827900 10.102281 -0.053200
v -6.916000 12.382301 -0.053200
v -9.004100 5.027400 -0.053200
v -9.004100 10.102281 -0.053200
v -6.916000 12.382301 -0.292600
v -5.027400 5.187000 -0.492100
v -5.027400 10.023279 -0.492100
v -8.804600 5.187000 -0.492100
v -5.027400 5.187000 -0.172900
v -8.804600 10.023279 -0.492100
v -5.027400 10.023279 -0.172900
v -6.916000 12.196100 -0.172900
v -8.804600 5.187000 -0.172900
v -8.804600 10.023279 -0.172900
v -6.916000 12.196100 -0.492100
v -5.399800 5.399800 -0.618450
v -5.399800 9.868999 -0.618450
v -8.432200 5.399800 -0.618450
v -5.399800 5.399800 -0.445550
v -8.432200 9.868999 -0.618450
v -5.399800 9.868999 -0.445550
v -6.916000 11.876901 -0.445550
v -8.432200 5.399800 -0.445550
v -8.432200 9.868999 -0.445550
v -6.916000 11.876901 -0.618450
v -6.862800 5.379850 -0.744800
v -6.862800 5.379850 -0.718200
v -6.969200 5.379850 -0.744800
v -6.862800 10.580151 -0.744800
v -6.969200 5.379850 -0.718200
v -6.969200 5.353251 -0.718200
v -6.969200 5.379850 -0.611800
v -6.995800 5.379850 -0.718200
v -6.969200 10.580151 -0.718200
v -6.969200 5.353251 -0.611800
v -6.995800 5.379850 -0.611800
v -6.995800 10.580151 -0.718200
v -6.995800 10.580151 -0.611800
v -6.969200 10.580151 -0.611800
v -6.969200 10.606750 -0.611800
v -6.969200 10.580151 -0.585200
v -6.862800 10.580151 -0.611800
v -6.862800 10.580151 -0.585200
v -6.862800 5.379850 -0.585200
v -6.862800 5.379850 -0.611800
v -6.969200 5.379850 -0.585200
v -6.836200 5.379850 -0.611800
v -6.862800 5.353251 -0.611800
v -6.836200 10.580151 -0.611800
v -6.836200 10.580151 -0.718200
v -6.862800 10.580151 -0.718200
v -6.836200 5.379850 -0.718200
v -6.862800 10.606750 -0.718200
v -6.862800 10.606750 -0.611800
v -6.969200 10.580151 -0.744800
v -6.969200 10.606750 -0.718200
v -6.862800 5.353251 -0.718200
v -5.379850 7.514500 -0.744800
v -5.379850 7.514500 -0.718200
v -8.452149 7.514500 -0.744800
v -5.379850 7.647500 -0.744800
v -8.452149 7.514500 -0.718200
v -8.452149 7.487900 -0.718200
v -8.452149 7.514500 -0.611800
v -8.478750 7.514500 -0.718200
v -8.452149 7.647500 -0.718200
v -8.452149 7.487900 -0.611800
v -8.478750 7.514500 -0.611800
v -8.478750 7.647500 -0.718200
v -8.478750 7.647500 -0.611800
v -8.452149 7.647500 -0.611800
v -8.452149 7.674100 -0.611800
v -8.452149 7.647500 -0.585200
v -5.379850 7.647500 -0.611800
v -5.379850 7.647500 -0.585200
v -5.379850 7.514500 -0.585200
v -5.379850 7.514500 -0.611800
v -8.452149 7.514500 -0.585200
v -5.353250 7.514500 -0.611800
v -5.379850 7.487900 -0.611800
v -5.353250 7.647500 -0.611800
v -5.353250 7.647500 -0.718200
v -5.379850 7.647500 -0.718200
v -5.353250 7.514500 -0.718200
v -5.379850 7.674100 -0.718200
v -5.379850 7.674100 -0.611800
v -8.452149 7.647500 -0.744800
v -8.452149 7.674100 -0.718200
v -5.379850 7.487900 -0.718200
v -4.841200 5.014100 -0.957600
v -4.841200 5.014100 -0.891100
v -8.990800 5.014100 -0.957600
v -4.841200 5.253500 -0.957600
v -8.990800 5.014100 -0.891100
v -8.990800 4.947600 -0.891100
v -8.990800 5.014100 -0.093100
v -9.057301 5.014100 -0.891100
v -8.990800 5.253500 -0.891100
v -8.990800 4.947600 -0.093100
v -9.057301 5.253500 -0.891100
v -9.057301 5.253500 -0.093100
v -9.057301 5.014100 -0.093100
v -8.990800 5.253500 -0.093100
v -8.990800 5.320000 -0.093100
v -8.990800 5.253500 -0.026600
v -4.841200 5.253500 -0.093100
v -8.990800 5.320000 -0.891100
v -4.841200 5.253500 -0.026600
v -4.841200 5.014100 -0.026600
v -4.841200 5.014100 -0.093100
v -8.990800 5.014100 -0.026600
v -4.774700 5.014100 -0.093100
v -4.841200 4.947600 -0.093100
v -4.841200 4.947600 -0.891100
v -4.774700 5.253500 -0.093100
v -4.774700 5.253500 -0.891100
v -4.774700 5.014100 -0.891100
v -4.841200 5.253500 -0.891100
v -4.841200 5.320000 -0.891100
v -4.841200 5.320000 -0.093100
v -8.990800 5.253500 -0.957600
v -13.073900 5.027400 -0.292600
v -13.073900 10.102281 -0.292600
v -17.250101 5.027400 -0.292600
v -13.073900 5.027400 -0.053200
v -17.250101 10.102281 -0.292600
v -13.073900 10.102281 -0.053200
v -15.162000 12.382301 -0.053200
v -17.250101 5.027400 -0.053200
v -17.250101 10.102281 -0.053200
v -15.162000 12.382301 -0.292600
v -13.273399 5.187000 -0.492100
v -13.273399 10.023279 -0.492100
v -17.050600 5.187000 -0.492100
v -13.273399 5.187000 -0.172900
v -17.050600 10.023279 -0.492100
v -13.273399 10.023279 -0.172900
v -15.162000 12.196100 -0.172900
v -17.050600 5.187000 -0.172900
v -17.050600 10.023279 -0.172900
v -15.162000 12.196100 -0.492100
v -13.645801 5.399800 -0.618450
v -13.645801 9.868999 -0.618450
v -16.678200 5.399800 -0.618450
v -13.645801 5.399800 -0.445550
v -16.678200 9.868999 -0.618450
v -13.645801 9.868999 -0.445550
v -15.162000 11.876901 -0.445550
v -16.678200 5.399800 -0.445550
v -16.678200 9.868999 -0.445550
v -15.162000 11.876901 -0.618450
v -15.108800 5.379850 -0.744800
v -15.108800 5.379850 -0.718200
v -15.215199 5.379850 -0.744800
v -15.108800 10.580151 -0.744800
v -15.215199 5.379850 -0.718200
v -15.215199 5.353251 -0.718200
v -15.215199 5.379850 -0.611800
v -15.241800 5.379850 -0.718200
v -15.215199 10.580151 -0.718200
v -15.215199 5.353251 -0.611800
v -15.241800 5.379850 -0.611800
v -15.241800 10.580151 -0.718200
v -15.241800 10.580151 -0.611800
v -15.215199 10.580151 -0.611800
v -15.215199 10.606750 -0.611800
v -15.215199 10.580151 -0.585200
v -15.108800 10.580151 -0.611800
v -15.108800 10.580151 -0.585200
v -15.108800 5.379850 -0.585200
v -15.108800 5.379850 -0.611800
v -15.215199 5.379850 -0.585200
v -15.082199 5.379850 -0.611800
v -15.108800 5.353251 -0.611800
v -15.082199 10.580151 -0.611800
v -15.082199 10.580151 -0.718200
v -15.108800 10.580151 -0.718200
v -15.082199 5.379850 -0.718200
v -15.108800 10.606750 -0.718200
v -15.108800 10.606750 -0.611800
v -15.215199 10.580151 -0.744800
v -15.215199 10.606750 -0.718200
v -15.108800 5.353251 -0.718200
v -13.625851 7.514500 -0.744800
v -13.625851 7.514500 -0.718200
v -16.698149 7.514500 -0.744800
v -13.625851 7.647500 -0.744800
v -16.698149 7.514500 -0.718200
v -16.698149 7.487900 -0.718200
v -16.698149 7.514500 -0.611800
v -16.724751 7.514500 -0.718200
v -16.698149 7.647500 -0.718200
v -16.698149 7.487900 -0.611800
v -16.724751 7.514500 -0.611800
v -16.724751 7.647500 -0.718200
v -16.724751 7.647500 -0.611800
v -16.698149 7.647500 -0.611800
v -16.698149 7.674100 -0.611800
v -16.698149 7.647500 -0.585200
v -13.625851 7.647500 -0.611800
v -13.625851 7.647500 -0.585200
v -13.625851 7.514500 -0.585200
v -13.625851 7.514500 -0.611800
v -16.698149 7.514500 -0.585200
v -13.599250 7.514500 -0.611800
v -13.625851 7.487900 -0.611800
v -13.599250 7.647500 -0.611800
v -13.599250 7.647500 -0.718200
v -13.625851 7.647500 -0.718200
v -13.599250 7.514500 -0.718200
v -13.625851 7.674100 -0.718200
v -13.625851 7.674100 -0.611800
v -16.698149 7.647500 -0.744800
v -16.698149 7.674100 -0.718200
v -13.625851 7.487900 -0.718200
v -13.087199 5.014100 -0.957600
v -13.087200 5.014100 -0.891100
v -17.236801 5.014100 -0.957600
v -13.087199 5.253500 -0.957600
v -17.236799 5.014100 -0.891100
v -17.236801 4.947600 -0.891100
v -17.236799 5.014100 -0.093100
v -17.303299 5.014100 -0.891100
v -17.236799 5.253500 -0.891100
v -17.236801 4.947600 -0.093100
v -17.303299 5.253500 -0.891100
v -17.303299 5.253500 -0.093100
v -17.303299 5.014100 -0.093100
v -17.236799 5.253500 -0.093100
v -17.236801 5.320000 -0.093100
v -17.236801 5.253500 -0.026600
v -13.087200 5.253500 -0.093100
v -17.236801 5.320000 -0.891100
v -13.087199 5.253500 -0.026600
v -13.087199 5.014100 -0.026600
v -13.087200 5.014100 -0.093100
v -17.236801 5.014100 -0.026600
v -13.020700 5.014100 -0.093100
v -13.087199 4.947600 -0.093100
v -13.087199 4.947600 -0.891100
v -13.020700 5.253500 -0.093100
v -13.020700 5.253500 -0.891100
v -13.020700 5.014100 -0.891100
v -13.087200 5.253500 -0.891100
v -13.087199 5.320000 -0.891100
v -13.087199 5.320000 -0.093100
v -17.236801 5.253500 -0.957600
vn -0.0000 -0.0000 -1.0000
vn -0.0000 -0.0000 1.0000
vn -0.0000 -1.0000 -0.0000
vn -1.0000 -0.0000 -0.0000
vn -0.7638 0.6454 -0.0000
vn 0.7638 0.6454 -0.0000
vn 1.0000 -0.0000 -0.0000
vn 0.7840 0.6208 -0.0000
vn -0.7840 0.6208 -0.0000
vn 0.8333 0.5529 -0.0000
vn -0.8333 0.5529 -0.0000
vn -0.0000 1.0000 -0.0000
vn 1.0000 -0.0000 -0.0001
vn 1.0000 -0.0000 0.0001
vn -1.0000 -0.0000 0.0001
vn -1.0000 -0.0000 -0.0001
vn 0.7375 0.6754 -0.0000
vn -0.7375 0.6754 -0.0000
vn 0.7547 0.6560 -0.0000
vn -0.7547 0.6560 -0.0000
vn 0.7980 0.6026 -0.0000
vn -0.7980 0.6026 -0.0000
s 0
usemtl Ink
f 6663//841 6664//841 6665//841
f 6672//842 6670//842 6669//842
f 6668//843 6664//843 6663//843
f 6669//844 6665//844 6664//844
f 6670//845 6666//845 6665//845
f 6671//846 6667//846 6666//846
f 6672//847 6663//847 6667//847
f 6666//841 6667//841 6665//841
f 6667//841 6663//841 6665//841
f 6669//842 6668//842 6672//842
f 6672//842 6671//842 6670//842
f 6668//843 6669//843 6664//843
f 6669//844 6670//844 6665//844
f 6670//845 6671//845 6666//845
f 6671//846 6672//846 6667//846
f 6672//847 6668//847 6663//847
f 6790//841 6789//841 6793//841
f 6794//847 6789//847 6790//847
f 6792//843 6791//843 6789//843
f 6789//841 6791//841 6793//841
f 6794//847 6792//847 6789//847
f 6796//842 6792//842 6794//842
f 6795//846 6794//846 6790//846
f 6794//842 6795//842 6797//842
f 6794//842 6797//842 6796//842
f 6796//844 6797//844 6793//844
f 6797//845 6795//845 6798//845
f 6797//845 6798//845 6793//845
f 6798//841 6790//841 6793//841
f 6795//846 6790//846 6798//846
f 6792//843 6796//843 6791//843
f 6796//844 6793//844 6791//844
f 6916//841 6915//841 6919//841
f 6920//847 6915//847 6916//847
f 6918//843 6917//843 6915//843
f 6915//841 6917//841 6919//841
f 6920//847 6918//847 6915//847
f 6922//842 6918//842 6920//842
f 6921//857 6920//857 6916//857
f 6920//842 6921//842 6923//842
f 6920//842 6923//842 6922//842
f 6922//844 6923//844 6919//844
f 6923//858 6921//858 6924//858
f 6923//858 6924//858 6919//858
f 6924//841 6916//841 6919//841
f 6921//857 6916//857 6924//857
f 6918//843 6922//843 6917//843
f 6922//844 6919//844 6917//844
f 7042//841 7041//841 7045//841
f 7046//847 7041//847 7042//847
f 7044//843 7043//843 7041//843
f 7041//841 7043//841 7045//841
f 7046//847 7044//847 7041//847
f 7048//842 7044//842 7046//842
f 7047//857 7046//857 7042//857
f 7046//842 7047//842 7049//842
f 7046//842 7049//842 7048//842
f 7048//844 7049//844 7045//844
f 7049//858 7047//858 7050//858
f 7049//858 7050//858 7045//858
f 7050//841 7042//841 7045//841
f 7047//857 7042//857 7050//857
f 7044//843 7048//843 7043//843
f 7048//844 7045//844 7043//844
usemtl Cream
f 6674//841 6673//841 6677//841
f 6678//847 6673//847 6674//847
f 6676//843 6675//843 6673//843
f 6673//841 6675//841 6677//841
f 6678//847 6676//847 6673//847
f 6680//842 6676//842 6678//842
f 6679//848 6678//848 6674//848
f 6678//842 6679//842 6681//842
f 6678//842 6681//842 6680//842
f 6680//844 6681//844 6677//844
f 6681//849 6679//849 6682//849
f 6681//849 6682//849 6677//849
f 6682//841 6674//841 6677//841
f 6679//848 6674//848 6682//848
f 6676//843 6680//843 6675//843
f 6680//844 6677//844 6675//844
f 6696//847 6694//847 6693//847
f 6697//843 6693//843 6694//843
f 6697//843 6695//843 6693//843
f 6695//841 6696//841 6693//841
f 6698//841 6697//841 6694//841
f 6702//844 6697//844 6698//844
f 6701//844 6695//844 6697//844
f 6697//843 6699//843 6703//843
f 6702//844 6699//844 6697//844
f 6704//841 6697//841 6700//841
f 6697//843 6703//843 6700//843
f 6704//841 6701//841 6697//841
f 6705//852 6701//852 6704//852
f 6703//844 6705//844 6704//844
f 6703//844 6704//844 6700//844
f 6706//842 6705//842 6703//842
f 6705//852 6706//852 6701//852
f 6701//844 6706//844 6707//844
f 6709//842 6707//842 6706//842
f 6708//844 6706//844 6699//844
f 6710//852 6706//852 6708//852
f 6710//852 6709//852 6706//852
f 6706//842 6703//842 6699//842
f 6711//842 6710//842 6708//842
f 6709//847 6710//847 6711//847
f 6712//843 6711//843 6713//843
f 6709//847 6711//847 6712//847
f 6711//842 6708//842 6713//842
f 6708//844 6699//844 6713//844
f 6712//843 6713//843 6699//843
f 6714//843 6712//843 6694//843
f 6716//842 6712//842 6714//842
f 6694//847 6712//847 6715//847
f 6715//842 6712//842 6699//842
f 6716//842 6709//842 6712//842
f 6718//852 6709//852 6716//852
f 6719//847 6717//847 6716//847
f 6718//852 6716//852 6717//852
f 6719//847 6716//847 6714//847
f 6718//841 6719//841 6694//841
f 6714//843 6694//843 6719//843
f 6718//841 6717//841 6719//841
f 6701//841 6720//841 6718//841
f 6721//847 6718//847 6720//847
f 6721//847 6709//847 6718//847
f 6696//847 6718//847 6694//847
f 6722//852 6718//852 6696//852
f 6722//852 6701//852 6718//852
f 6695//841 6722//841 6696//841
f 6701//844 6722//844 6695//844
f 6723//852 6721//852 6720//852
f 6709//842 6721//842 6707//842
f 6723//852 6707//852 6721//852
f 6701//841 6723//841 6720//841
f 6701//844 6707//844 6723//844
f 6715//843 6698//843 6724//843
f 6694//847 6715//847 6724//847
f 6715//843 6702//843 6698//843
f 6715//842 6699//842 6702//842
f 6698//841 6694//841 6724//841
f 6728//847 6726//847 6725//847
f 6729//843 6725//843 6726//843
f 6729//843 6727//843 6725//843
f 6727//841 6728//841 6725//841
f 6730//841 6729//841 6726//841
f 6734//844 6729//844 6730//844
f 6733//844 6727//844 6729//844
f 6729//843 6731//843 6735//843
f 6734//844 6731//844 6729//844
f 6736//841 6729//841 6732//841
f 6729//843 6735//843 6732//843
f 6736//841 6733//841 6729//841
f 6737//852 6733//852 6736//852
f 6735//844 6737//844 6736//844
f 6735//844 6736//844 6732//844
f 6738//842 6737//842 6735//842
f 6737//852 6738//852 6733//852
f 6733//844 6738//844 6739//844
f 6741//842 6739//842 6738//842
f 6740//844 6738//844 6731//844
f 6742//852 6738//852 6740//852
f 6742//852 6741//852 6738//852
f 6738//842 6735//842 6731//842
f 6743//842 6742//842 6740//842
f 6741//847 6742//847 6743//847
f 6744//843 6743//843 6745//843
f 6741//847 6743//847 6744//847
f 6743//842 6740//842 6745//842
f 6740//844 6731//844 6745//844
f 6744//843 6745//843 6731//843
f 6746//843 6744//843 6726//843
f 6748//842 6744//842 6746//842
f 6726//847 6744//847 6747//847
f 6747//842 6744//842 6731//842
f 6748//842 6741//842 6744//842
f 6750//852 6741//852 6748//852
f 6751//847 6749//847 6748//847
f 6750//852 6748//852 6749//852
f 6751//847 6748//847 6746//847
f 6750//841 6751//841 6726//841
f 6746//843 6726//843 6751//843
f 6750//841 6749//841 6751//841
f 6733//841 6752//841 6750//841
f 6753//847 6750//847 6752//847
f 6753//847 6741//847 6750//847
f 6728//847 6750//847 6726//847
f 6754//852 6750//852 6728//852
f 6754//852 6733//852 6750//852
f 6727//841 6754//841 6728//841
f 6733//844 6754//844 6727//844
f 6755//852 6753//852 6752//852
f 6741//842 6753//842 6739//842
f 6755//852 6739//852 6753//852
f 6733//841 6755//841 6752//841
f 6733//844 6739//844 6755//844
f 6747//843 6730//843 6756//843
f 6726//847 6747//847 6756//847
f 6747//843 6734//843 6730//843
f 6747//842 6731//842 6734//842
f 6730//841 6726//841 6756//841
f 6760//853 6758//853 6757//853
f 6761//843 6757//843 6758//843
f 6761//843 6759//843 6757//843
f 6759//841 6760//841 6757//841
f 6762//841 6761//841 6758//841
f 6766//844 6761//844 6762//844
f 6765//844 6759//844 6761//844
f 6766//844 6763//844 6761//844
f 6763//843 6764//843 6761//843
f 6767//841 6761//841 6764//841
f 6767//841 6765//841 6761//841
f 6768//852 6765//852 6767//852
f 6769//844 6768//844 6767//844
f 6769//844 6767//844 6764//844
f 6763//843 6769//843 6764//843
f 6770//842 6769//842 6763//842
f 6770//842 6768//842 6769//842
f 6768//852 6770//852 6765//852
f 6770//844 6774//844 6765//844
f 6770//844 6771//844 6774//844
f 6773//842 6771//842 6770//842
f 6772//844 6770//844 6763//844
f 6775//852 6770//852 6772//852
f 6775//852 6773//852 6770//852
f 6776//842 6775//842 6772//842
f 6773//854 6775//854 6776//854
f 6777//843 6776//843 6778//843
f 6773//847 6776//847 6777//847
f 6776//842 6772//842 6778//842
f 6772//855 6763//855 6778//855
f 6777//843 6778//843 6763//843
f 6779//843 6777//843 6758//843
f 6782//842 6777//842 6779//842
f 6777//847 6781//847 6758//847
f 6780//842 6777//842 6763//842
f 6777//847 6780//847 6781//847
f 6782//842 6773//842 6777//842
f 6773//852 6782//852 6783//852
f 6784//847 6783//847 6782//847
f 6784//847 6782//847 6779//847
f 6785//841 6784//841 6758//841
f 6779//843 6758//843 6784//843
f 6785//841 6783//841 6784//841
f 6765//841 6786//841 6785//841
f 6787//847 6785//847 6786//847
f 6787//847 6773//847 6785//847
f 6773//852 6783//852 6785//852
f 6760//847 6785//847 6758//847
f 6788//852 6785//852 6760//852
f 6788//852 6765//852 6785//852
f 6759//841 6788//841 6760//841
f 6765//856 6788//856 6759//856
f 6774//852 6787//852 6786//852
f 6773//842 6787//842 6771//842
f 6774//852 6771//852 6787//852
f 6765//841 6774//841 6786//841
f 6762//841 6758//841 6781//841
f 6780//843 6762//843 6781//843
f 6780//843 6766//843 6762//843
f 6780//842 6763//842 6766//842
f 6800//841 6799//841 6803//841
f 6804//847 6799//847 6800//847
f 6802//843 6801//843 6799//843
f 6799//841 6801//841 6803//841
f 6804//847 6802//847 6799//847
f 6806//842 6802//842 6804//842
f 6805//848 6804//848 6800//848
f 6804//842 6805//842 6807//842
f 6804//842 6807//842 6806//842
f 6806//844 6807//844 6803//844
f 6807//849 6805//849 6808//849
f 6807//849 6808//849 6803//849
f 6808//841 6800//841 6803//841
f 6805//848 6800//848 6808//848
f 6802//843 6806//843 6801//843
f 6806//844 6803//844 6801//844
f 6822//847 6820//847 6819//847
f 6823//843 6819//843 6820//843
f 6823//843 6821//843 6819//843
f 6821//841 6822//841 6819//841
f 6824//841 6823//841 6820//841
f 6828//844 6823//844 6824//844
f 6827//844 6821//844 6823//844
f 6823//843 6825//843 6829//843
f 6828//844 6825//844 6823//844
f 6830//841 6823//841 6826//841
f 6823//843 6829//843 6826//843
f 6830//841 6827//841 6823//841
f 6831//852 6827//852 6830//852
f 6829//844 6831//844 6830//844
f 6829//844 6830//844 6826//844
f 6832//842 6831//842 6829//842
f 6831//852 6832//852 6827//852
f 6827//844 6832//844 6833//844
f 6835//842 6833//842 6832//842
f 6834//844 6832//844 6825//844
f 6836//852 6832//852 6834//852
f 6836//852 6835//852 6832//852
f 6832//842 6829//842 6825//842
f 6837//842 6836//842 6834//842
f 6835//847 6836//847 6837//847
f 6838//843 6837//843 6839//843
f 6835//847 6837//847 6838//847
f 6837//842 6834//842 6839//842
f 6834//844 6825//844 6839//844
f 6838//843 6839//843 6825//843
f 6840//843 6838//843 6820//843
f 6842//842 6838//842 6840//842
f 6820//847 6838//847 6841//847
f 6841//842 6838//842 6825//842
f 6842//842 6835//842 6838//842
f 6844//852 6835//852 6842//852
f 6845//847 6843//847 6842//847
f 6844//852 6842//852 6843//852
f 6845//847 6842//847 6840//847
f 6844//841 6845//841 6820//841
f 6840//843 6820//843 6845//843
f 6844//841 6843//841 6845//841
f 6827//841 6846//841 6844//841
f 6847//847 6844//847 6846//847
f 6847//847 6835//847 6844//847
f 6822//847 6844//847 6820//847
f 6848//852 6844//852 6822//852
f 6848//852 6827//852 6844//852
f 6821//841 6848//841 6822//841
f 6827//844 6848//844 6821//844
f 6849//852 6847//852 6846//852
f 6835//842 6847//842 6833//842
f 6849//852 6833//852 6847//852
f 6827//841 6849//841 6846//841
f 6827//844 6833//844 6849//844
f 6841//843 6824//843 6850//843
f 6820//847 6841//847 6850//847
f 6841//843 6828//843 6824//843
f 6841//842 6825//842 6828//842
f 6824//841 6820//841 6850//841
f 6854//847 6852//847 6851//847
f 6852//843 6853//843 6851//843
f 6853//841 6854//841 6851//841
f 6854//847 6855//847 6852//847
f 6856//852 6855//852 6854//852
f 6853//841 6856//841 6854//841
f 6857//844 6856//844 6853//844
f 6856//852 6857//852 6855//852
f 6855//841 6857//841 6858//841
f 6857//844 6863//844 6858//844
f 6859//841 6857//841 6861//841
f 6862//852 6857//852 6859//852
f 6857//844 6860//844 6863//844
f 6862//852 6860//852 6857//852
f 6857//844 6853//844 6861//844
f 6865//842 6863//842 6860//842
f 6858//852 6863//852 6864//852
f 6865//842 6864//842 6863//842
f 6864//847 6865//847 6855//847
f 6855//852 6865//852 6866//852
f 6866//842 6865//842 6868//842
f 6865//847 6867//847 6870//847
f 6869//852 6867//852 6865//852
f 6869//852 6865//852 6860//852
f 6865//847 6870//847 6868//847
f 6868//843 6870//843 6871//843
f 6870//842 6869//842 6871//842
f 6870//842 6867//842 6869//842
f 6869//844 6872//844 6871//844
f 6868//843 6871//843 6872//843
f 6873//844 6872//844 6861//844
f 6873//842 6868//842 6872//842
f 6861//843 6872//843 6874//843
f 6860//842 6874//842 6872//842
f 6869//844 6860//844 6872//844
f 6874//844 6859//844 6875//844
f 6861//843 6874//843 6875//843
f 6874//844 6862//844 6859//844
f 6860//842 6862//842 6874//842
f 6859//841 6861//841 6875//841
f 6876//843 6873//843 6877//843
f 6873//842 6876//842 6868//842
f 6873//844 6861//844 6877//844
f 6876//843 6877//843 6878//843
f 6877//841 6852//841 6878//841
f 6877//841 6861//841 6852//841
f 6852//847 6876//847 6878//847
f 6852//847 6868//847 6876//847
f 6879//843 6868//843 6852//843
f 6866//842 6868//842 6879//842
f 6880//847 6866//847 6879//847
f 6879//843 6852//843 6880//843
f 6855//841 6880//841 6852//841
f 6880//847 6881//847 6866//847
f 6855//841 6881//841 6880//841
f 6855//852 6866//852 6881//852
f 6858//852 6864//852 6882//852
f 6864//847 6855//847 6882//847
f 6855//841 6858//841 6882//841
f 6852//843 6861//843 6853//843
f 6886//847 6884//847 6883//847
f 6887//843 6883//843 6884//843
f 6887//843 6885//843 6883//843
f 6885//841 6886//841 6883//841
f 6888//841 6887//841 6884//841
f 6892//844 6887//844 6888//844
f 6891//844 6885//844 6887//844
f 6892//844 6889//844 6887//844
f 6889//843 6890//843 6887//843
f 6893//841 6887//841 6890//841
f 6893//841 6891//841 6887//841
f 6894//852 6891//852 6893//852
f 6895//844 6894//844 6893//844
f 6895//844 6893//844 6890//844
f 6889//843 6895//843 6890//843
f 6896//842 6895//842 6889//842
f 6896//842 6894//842 6895//842
f 6894//852 6896//852 6891//852
f 6896//844 6900//844 6891//844
f 6896//844 6897//844 6900//844
f 6899//842 6897//842 6896//842
f 6898//844 6896//844 6889//844
f 6901//852 6896//852 6898//852
f 6901//852 6899//852 6896//852
f 6902//842 6901//842 6898//842
f 6899//847 6901//847 6902//847
f 6903//843 6902//843 6904//843
f 6899//847 6902//847 6903//847
f 6902//842 6898//842 6904//842
f 6898//844 6889//844 6904//844
f 6903//843 6904//843 6889//843
f 6905//843 6903//843 6884//843
f 6908//842 6903//842 6905//842
f 6903//847 6907//847 6884//847
f 6906//842 6903//842 6889//842
f 6903//847 6906//847 6907//847
f 6908//842 6899//842 6903//842
f 6899//852 6908//852 6909//852
f 6910//847 6909//847 6908//847
f 6910//847 6908//847 6905//847
f 6911//841 6910//841 6884//841
f 6905//843 6884//843 6910//843
f 6911//841 6909//841 6910//841
f 6891//841 6912//841 6911//841
f 6913//847 6911//847 6912//847
f 6913//847 6899//847 6911//847
f 6899//852 6909//852 6911//852
f 6886//847 6911//847 6884//847
f 6914//852 6911//852 6886//852
f 6914//852 6891//852 6911//852
f 6885//841 6914//841 6886//841
f 6891//844 6914//844 6885//844
f 6900//852 6913//852 6912//852
f 6899//842 6913//842 6897//842
f 6900//852 6897//852 6913//852
f 6891//841 6900//841 6912//841
f 6888//841 6884//841 6907//841
f 6906//843 6888//843 6907//843
f 6906//843 6892//843 6888//843
f 6906//842 6889//842 6892//842
usemtl Amber
f 6684//841 6683//841 6687//841
f 6688//847 6683//847 6684//847
f 6686//843 6685//843 6683//843
f 6683//841 6685//841 6687//841
f 6688//847 6686//847 6683//847
f 6690//842 6686//842 6688//842
f 6689//850 6688//850 6684//850
f 6688//842 6689//842 6691//842
f 6688//842 6691//842 6690//842
f 6690//844 6691//844 6687//844
f 6691//851 6689//851 6692//851
f 6691//851 6692//851 6687//851
f 6692//841 6684//841 6687//841
f 6689//850 6684//850 6692//850
f 6686//843 6690//843 6685//843
f 6690//844 6687//844 6685//844
f 6810//841 6809//841 6813//841
f 6814//847 6809//847 6810//847
f 6812//843 6811//843 6809//843
f 6809//841 6811//841 6813//841
f 6814//847 6812//847 6809//847
f 6816//842 6812//842 6814//842
f 6815//850 6814//850 6810//850
f 6814//842 6815//842 6817//842
f 6814//842 6817//842 6816//842
f 6816//844 6817//844 6813//844
f 6817//851 6815//851 6818//851
f 6817//851 6818//851 6813//851
f 6818//841 6810//841 6813//841
f 6815//850 6810//850 6818//850
f 6812//843 6816//843 6811//843
f 6816//844 6813//844 6811//844
usemtl Teal
f 6926//841 6925//841 6929//841
f 6930//847 6925//847 6926//847
f 6928//843 6927//843 6925//843
f 6925//841 6927//841 6929//841
f 6930//847 6928//847 6925//847
f 6932//842 6928//842 6930//842
f 6931//859 6930//859 6926//859
f 6930//842 6931//842 6933//842
f 6930//842 6933//842 6932//842
f 6932//844 6933//844 6929//844
f 6933//860 6931//860 6934//860
f 6933//860 6934//860 6929//860
f 6934//841 6926//841 6929//841
f 6931//859 6926//859 6934//859
f 6928//843 6932//843 6927//843
f 6932//844 6929//844 6927//844
f 6948//847 6946//847 6945//847
f 6949//843 6945//843 6946//843
f 6949//843 6947//843 6945//843
f 6947//841 6948//841 6945//841
f 6950//841 6949//841 6946//841
f 6954//844 6949//844 6950//844
f 6953//844 6947//844 6949//844
f 6949//843 6951//843 6955//843
f 6954//844 6951//844 6949//844
f 6956//841 6949//841 6952//841
f 6949//843 6955//843 6952//843
f 6956//841 6953//841 6949//841
f 6957//852 6953//852 6956//852
f 6955//844 6957//844 6956//844
f 6955//844 6956//844 6952//844
f 6958//842 6957//842 6955//842
f 6957//852 6958//852 6953//852
f 6953//844 6958//844 6959//844
f 6961//842 6959//842 6958//842
f 6960//844 6958//844 6951//844
f 6962//852 6958//852 6960//852
f 6962//852 6961//852 6958//852
f 6958//842 6955//842 6951//842
f 6963//842 6962//842 6960//842
f 6961//847 6962//847 6963//847
f 6964//843 6963//843 6965//843
f 6961//847 6963//847 6964//847
f 6963//842 6960//842 6965//842
f 6960//844 6951//844 6965//844
f 6964//843 6965//843 6951//843
f 6966//843 6964//843 6946//843
f 6968//842 6964//842 6966//842
f 6946//847 6964//847 6967//847
f 6967//842 6964//842 6951//842
f 6968//842 6961//842 6964//842
f 6970//852 6961//852 6968//852
f 6971//847 6969//847 6968//847
f 6970//852 6968//852 6969//852
f 6971//847 6968//847 6966//847
f 6970//841 6971//841 6946//841
f 6966//843 6946//843 6971//843
f 6970//841 6969//841 6971//841
f 6953//841 6972//841 6970//841
f 6973//847 6970//847 6972//847
f 6973//847 6961//847 6970//847
f 6948//847 6970//847 6946//847
f 6974//852 6970//852 6948//852
f 6974//852 6953//852 6970//852
f 6947//841 6974//841 6948//841
f 6953//844 6974//844 6947//844
f 6975//852 6973//852 6972//852
f 6961//842 6973//842 6959//842
f 6975//852 6959//852 6973//852
f 6953//841 6975//841 6972//841
f 6953//844 6959//844 6975//844
f 6967//843 6950//843 6976//843
f 6946//847 6967//847 6976//847
f 6967//843 6954//843 6950//843
f 6967//842 6951//842 6954//842
f 6950//841 6946//841 6976//841
f 6980//847 6978//847 6977//847
f 6981//843 6977//843 6978//843
f 6981//843 6979//843 6977//843
f 6979//841 6980//841 6977//841
f 6982//841 6981//841 6978//841
f 6986//844 6981//844 6982//844
f 6985//844 6979//844 6981//844
f 6981//843 6983//843 6987//843
f 6986//844 6983//844 6981//844
f 6988//841 6981//841 6984//841
f 6981//843 6987//843 6984//843
f 6988//841 6985//841 6981//841
f 6989//852 6985//852 6988//852
f 6987//844 6989//844 6988//844
f 6987//844 6988//844 6984//844
f 6990//842 6989//842 6987//842
f 6989//852 6990//852 6985//852
f 6985//844 6990//844 6991//844
f 6993//842 6991//842 6990//842
f 6992//844 6990//844 6983//844
f 6994//852 6990//852 6992//852
f 6994//852 6993//852 6990//852
f 6990//842 6987//842 6983//842
f 6995//842 6994//842 6992//842
f 6993//847 6994//847 6995//847
f 6996//843 6995//843 6997//843
f 6993//847 6995//847 6996//847
f 6995//842 6992//842 6997//842
f 6992//844 6983//844 6997//844
f 6996//843 6997//843 6983//843
f 6998//843 6996//843 6978//843
f 7000//842 6996//842 6998//842
f 6978//847 6996//847 6999//847
f 6999//842 6996//842 6983//842
f 7000//842 6993//842 6996//842
f 7002//852 6993//852 7000//852
f 7003//847 7001//847 7000//847
f 7002//852 7000//852 7001//852
f 7003//847 7000//847 6998//847
f 7002//841 7003//841 6978//841
f 6998//843 6978//843 7003//843
f 7002//841 7001//841 7003//841
f 6985//841 7004//841 7002//841
f 7005//847 7002//847 7004//847
f 7005//847 6993//847 7002//847
f 6980//847 7002//847 6978//847
f 7006//852 7002//852 6980//852
f 7006//852 6985//852 7002//852
f 6979//841 7006//841 6980//841
f 6985//844 7006//844 6979//844
f 7007//852 7005//852 7004//852
f 6993//842 7005//842 6991//842
f 7007//852 6991//852 7005//852
f 6985//841 7007//841 7004//841
f 6985//844 6991//844 7007//844
f 6999//843 6982//843 7008//843
f 6978//847 6999//847 7008//847
f 6999//843 6986//843 6982//843
f 6999//842 6983//842 6986//842
f 6982//841 6978//841 7008//841
f 7012//847 7010//847 7009//847
f 7013//843 7009//843 7010//843
f 7013//843 7011//843 7009//843
f 7011//841 7012//841 7009//841
f 7014//841 7013//841 7010//841
f 7018//844 7013//844 7014//844
f 7017//844 7011//844 7013//844
f 7018//844 7015//844 7013//844
f 7015//843 7016//843 7013//843
f 7019//841 7013//841 7016//841
f 7019//841 7017//841 7013//841
f 7020//852 7017//852 7019//852
f 7021//844 7020//844 7019//844
f 7021//844 7019//844 7016//844
f 7015//843 7021//843 7016//843
f 7022//842 7021//842 7015//842
f 7022//842 7020//842 7021//842
f 7020//852 7022//852 7017//852
f 7022//844 7026//844 7017//844
f 7022//844 7023//844 7026//844
f 7025//842 7023//842 7022//842
f 7024//844 7022//844 7015//844
f 7027//852 7022//852 7024//852
f 7027//852 7025//852 7022//852
f 7028//842 7027//842 7024//842
f 7025//847 7027//847 7028//847
f 7029//843 7028//843 7030//843
f 7025//847 7028//847 7029//847
f 7028//842 7024//842 7030//842
f 7024//844 7015//844 7030//844
f 7029//843 7030//843 7015//843
f 7031//843 7029//843 7010//843
f 7034//842 7029//842 7031//842
f 7029//847 7033//847 7010//847
f 7032//842 7029//842 7015//842
f 7029//847 7032//847 7033//847
f 7034//842 7025//842 7029//842
f 7025//852 7034//852 7035//852
f 7036//847 7035//847 7034//847
f 7036//847 7034//847 7031//847
f 7037//841 7036//841 7010//841
f 7031//843 7010//843 7036//843
f 7037//841 7035//841 7036//841
f 7017//841 7038//841 7037//841
f 7039//847 7037//847 7038//847
f 7039//847 7025//847 7037//847
f 7025//852 7035//852 7037//852
f 7012//847 7037//847 7010//847
f 7040//852 7037//852 7012//852
f 7040//852 7017//852 7037//852
f 7011//841 7040//841 7012//841
f 7017//844 7040//844 7011//844
f 7026//852 7039//852 7038//852
f 7025//842 7039//842 7023//842
f 7026//852 7023//852 7039//852
f 7017//841 7026//841 7038//841
f 7014//841 7010//841 7033//841
f 7032//843 7014//843 7033//843
f 7032//843 7018//843 7014//843
f 7032//842 7015//842 7018//842
f 7052//841 7051//841 7055//841
f 7056//847 7051//847 7052//847
f 7054//843 7053//843 7051//843
f 7051//841 7053//841 7055//841
f 7056//847 7054//847 7051//847
f 7058//842 7054//842 7056//842
f 7057//859 7056//859 7052//859
f 7056//842 7057//842 7059//842
f 7056//842 7059//842 7058//842
f 7058//844 7059//844 7055//844
f 7059//860 7057//860 7060//860
f 7059//860 7060//860 7055//860
f 7060//841 7052//841 7055//841
f 7057//859 7052//859 7060//859
f 7054//843 7058//843 7053//843
f 7058//844 7055//844 7053//844
f 7074//847 7072//847 7071//847
f 7075//843 7071//843 7072//843
f 7075//843 7073//843 7071//843
f 7073//841 7074//841 7071//841
f 7076//841 7075//841 7072//841
f 7080//844 7075//844 7076//844
f 7079//844 7073//844 7075//844
f 7075//843 7077//843 7081//843
f 7080//844 7077//844 7075//844
f 7082//841 7075//841 7078//841
f 7075//843 7081//843 7078//843
f 7082//841 7079//841 7075//841
f 7083//852 7079//852 7082//852
f 7081//844 7083//844 7082//844
f 7081//844 7082//844 7078//844
f 7084//842 7083//842 7081//842
f 7083//852 7084//852 7079//852
f 7079//844 7084//844 7085//844
f 7087//842 7085//842 7084//842
f 7086//844 7084//844 7077//844
f 7088//852 7084//852 7086//852
f 7088//852 7087//852 7084//852
f 7084//842 7081//842 7077//842
f 7089//842 7088//842 7086//842
f 7087//847 7088//847 7089//847
f 7090//843 7089//843 7091//843
f 7087//847 7089//847 7090//847
f 7089//842 7086//842 7091//842
f 7086//844 7077//844 7091//844
f 7090//843 7091//843 7077//843
f 7092//843 7090//843 7072//843
f 7094//842 7090//842 7092//842
f 7072//847 7090//847 7093//847
f 7093//842 7090//842 7077//842
f 7094//842 7087//842 7090//842
f 7096//852 7087//852 7094//852
f 7097//847 7095//847 7094//847
f 7096//852 7094//852 7095//852
f 7097//847 7094//847 7092//847
f 7096//841 7097//841 7072//841
f 7092//843 7072//843 7097//843
f 7096//841 7095//841 7097//841
f 7079//841 7098//841 7096//841
f 7099//847 7096//847 7098//847
f 7099//847 7087//847 7096//847
f 7074//847 7096//847 7072//847
f 7100//852 7096//852 7074//852
f 7100//852 7079//852 7096//852
f 7073//841 7100//841 7074//841
f 7079//844 7100//844 7073//844
f 7101//852 7099//852 7098//852
f 7087//842 7099//842 7085//842
f 7101//852 7085//852 7099//852
f 7079//841 7101//841 7098//841
f 7079//844 7085//844 7101//844
f 7093//843 7076//843 7102//843
f 7072//847 7093//847 7102//847
f 7093//843 7080//843 7076//843
f 7093//842 7077//842 7080//842
f 7076//841 7072//841 7102//841
f 7106//847 7104//847 7103//847
f 7107//843 7103//843 7104//843
f 7107//843 7105//843 7103//843
f 7105//841 7106//841 7103//841
f 7108//841 7107//841 7104//841
f 7112//844 7107//844 7108//844
f 7111//844 7105//844 7107//844
f 7107//843 7109//843 7113//843
f 7112//844 7109//844 7107//844
f 7114//841 7107//841 7110//841
f 7107//843 7113//843 7110//843
f 7114//841 7111//841 7107//841
f 7115//852 7111//852 7114//852
f 7113//844 7115//844 7114//844
f 7113//844 7114//844 7110//844
f 7116//842 7115//842 7113//842
f 7115//852 7116//852 7111//852
f 7111//844 7116//844 7117//844
f 7119//842 7117//842 7116//842
f 7118//844 7116//844 7109//844
f 7120//852 7116//852 7118//852
f 7120//852 7119//852 7116//852
f 7116//842 7113//842 7109//842
f 7121//842 7120//842 7118//842
f 7119//847 7120//847 7121//847
f 7122//843 7121//843 7123//843
f 7119//847 7121//847 7122//847
f 7121//842 7118//842 7123//842
f 7118//844 7109//844 7123//844
f 7122//843 7123//843 7109//843
f 7124//843 7122//843 7104//843
f 7126//842 7122//842 7124//842
f 7104//847 7122//847 7125//847
f 7125//842 7122//842 7109//842
f 7126//842 7119//842 7122//842
f 7128//852 7119//852 7126//852
f 7129//847 7127//847 7126//847
f 7128//852 7126//852 7127//852
f 7129//847 7126//847 7124//847
f 7128//841 7129//841 7104//841
f 7124//843 7104//843 7129//843
f 7128//841 7127//841 7129//841
f 7111//841 7130//841 7128//841
f 7131//847 7128//847 7130//847
f 7131//847 7119//847 7128//847
f 7106//847 7128//847 7104//847
f 7132//852 7128//852 7106//852
f 7132//852 7111//852 7128//852
f 7105//841 7132//841 7106//841
f 7111//844 7132//844 7105//844
f 7133//852 7131//852 7130//852
f 7119//842 7131//842 7117//842
f 7133//852 7117//852 7131//852
f 7111//841 7133//841 7130//841
f 7111//844 7117//844 7133//844
f 7125//843 7108//843 7134//843
f 7104//847 7125//847 7134//847
f 7125//843 7112//843 7108//843
f 7125//842 7109//842 7112//842
f 7108//841 7104//841 7134//841
f 7138//854 7136//854 7135//854
f 7139//843 7135//843 7136//843
f 7139//843 7137//843 7135//843
f 7137//841 7138//841 7135//841
f 7140//841 7139//841 7136//841
f 7144//844 7139//844 7140//844
f 7143//844 7137//844 7139//844
f 7144//844 7141//844 7139//844
f 7141//843 7142//843 7139//843
f 7145//841 7139//841 7142//841
f 7145//841 7143//841 7139//841
f 7146//852 7143//852 7145//852
f 7147//844 7146//844 7145//844
f 7147//844 7145//844 7142//844
f 7141//843 7147//843 7142//843
f 7148//842 7147//842 7141//842
f 7148//842 7146//842 7147//842
f 7146//852 7148//852 7143//852
f 7148//844 7152//844 7143//844
f 7148//844 7149//844 7152//844
f 7151//842 7149//842 7148//842
f 7150//844 7148//844 7141//844
f 7153//852 7148//852 7150//852
f 7153//852 7151//852 7148//852
f 7154//842 7153//842 7150//842
f 7151//853 7153//853 7154//853
f 7155//843 7154//843 7156//843
f 7151//847 7154//847 7155//847
f 7154//842 7150//842 7156//842
f 7150//856 7141//856 7156//856
f 7155//843 7156//843 7141//843
f 7157//843 7155//843 7136//843
f 7160//842 7155//842 7157//842
f 7155//847 7159//847 7136//847
f 7158//842 7155//842 7141//842
f 7155//847 7158//847 7159//847
f 7160//842 7151//842 7155//842
f 7151//852 7160//852 7161//852
f 7162//847 7161//847 7160//847
f 7162//847 7160//847 7157//847
f 7163//841 7162//841 7136//841
f 7157//843 7136//843 7162//843
f 7163//841 7161//841 7162//841
f 7143//841 7164//841 7163//841
f 7165//847 7163//847 7164//847
f 7165//847 7151//847 7163//847
f 7151//852 7161//852 7163//852
f 7138//847 7163//847 7136//847
f 7166//852 7163//852 7138//852
f 7166//852 7143//852 7163//852
f 7137//841 7166//841 7138//841
f 7143//855 7166//855 7137//855
f 7152//852 7165//852 7164//852
f 7151//842 7165//842 7149//842
f 7152//852 7149//852 7165//852
f 7143//841 7152//841 7164//841
f 7140//841 7136//841 7159//841
f 7158//843 7140//843 7159//843
f 7158//843 7144//843 7140//843
f 7158//842 7141//842 7144//842
usemtl DarkGlass
f 6936//841 6935//841 6939//841
f 6940//847 6935//847 6936//847
f 6938//843 6937//843 6935//843
f 6935//841 6937//841 6939//841
f 6940//847 6938//847 6935//847
f 6942//842 6938//842 6940//842
f 6941//861 6940//861 6936//861
f 6940//842 6941//842 6943//842
f 6940//842 6943//842 6942//842
f 6942//844 6943//844 6939//844
f 6943//862 6941//862 6944//862
f 6943//862 6944//862 6939//862
f 6944//841 6936//841 6939//841
f 6941//861 6936//861 6944//861
f 6938//843 6942//843 6937//843
f 6942//844 6939//844 6937//844
f 7062//841 7061//841 7065//841
f 7066//847 7061//847 7062//847
f 7064//843 7063//843 7061//843
f 7061//841 7063//841 7065//841
f 7066//847 7064//847 7061//847
f 7068//842 7064//842 7066//842
f 7067//861 7066//861 7062//861
f 7066//842 7067//842 7069//842
f 7066//842 7069//842 7068//842
f 7068//844 7069//844 7065//844
f 7069//862 7067//862 7070//862
f 7069//862 7070//862 7065//862
f 7070//841 7062//841 7065//841
f 7067//861 7062//861 7070//861
f 7064//843 7068//843 7063//843
f 7068//844 7065//844 7063//844
o HouseFX_RingRim_1_01
v -1.463000 25.802000 41.496002
v -2.394000 27.265001 41.496002
v -1.463000 27.265001 42.008049
v -0.532000 27.265001 41.496002
v -1.463000 27.265001 40.983952
v -1.463000 28.728001 41.496002
vn -0.4607 -0.2932 0.8377
vn 0.4607 -0.2932 0.8377
vn 0.4607 -0.2932 -0.8377
vn -0.4607 -0.2932 -0.8377
vn -0.4607 0.2932 0.8377
vn 0.4607 0.2932 0.8377
vn 0.4607 0.2932 -0.8377
vn -0.4607 0.2932 -0.8377
s 0
usemtl Teal
f 7167//863 7169//863 7168//863
f 7167//864 7170//864 7169//864
f 7167//865 7171//865 7170//865
f 7167//866 7168//866 7171//866
f 7172//867 7168//867 7169//867
f 7172//868 7169//868 7170//868
f 7172//869 7170//869 7171//869
f 7172//870 7171//870 7168//870
o HouseFX_RingRim_2_01
v -1.463000 38.570000 38.074825
v -2.394000 40.033001 38.074825
v -1.463000 40.033001 38.586876
v -0.532000 40.033001 38.074825
v -1.463000 40.033001 37.562775
v -1.463000 41.496002 38.074825
vn -0.4607 -0.2932 0.8377
vn 0.4607 -0.2932 0.8377
vn 0.4607 -0.2932 -0.8377
vn -0.4607 -0.2932 -0.8377
vn -0.4607 0.2932 0.8377
vn 0.4607 0.2932 0.8377
vn 0.4607 0.2932 -0.8377
vn -0.4607 0.2932 -0.8377
s 0
usemtl Glow
f 7173//871 7175//871 7174//871
f 7173//872 7176//872 7175//872
f 7173//873 7177//873 7176//873
f 7173//874 7174//874 7177//874
f 7178//875 7174//875 7175//875
f 7178//876 7175//876 7176//876
f 7178//877 7176//877 7177//877
f 7178//878 7177//878 7174//878
o HouseFX_RingRim_3_01
v -1.463000 47.916824 28.728001
v -2.394000 49.379829 28.728001
v -1.463000 49.379829 29.240051
v -0.532000 49.379829 28.728001
v -1.463000 49.379829 28.215952
v -1.463000 50.842827 28.728001
vn -0.4607 -0.2932 0.8377
vn 0.4607 -0.2932 0.8377
vn 0.4607 -0.2932 -0.8377
vn -0.4607 -0.2932 -0.8377
vn -0.4607 0.2932 0.8377
vn 0.4607 0.2932 0.8377
vn 0.4607 0.2932 -0.8377
vn -0.4607 0.2932 -0.8377
s 0
usemtl Teal
f 7179//879 7181//879 7180//879
f 7179//880 7182//880 7181//880
f 7179//881 7183//881 7182//881
f 7179//882 7180//882 7183//882
f 7184//883 7180//883 7181//883
f 7184//884 7181//884 7182//884
f 7184//885 7182//885 7183//885
f 7184//886 7183//886 7180//886
o HouseFX_RingRim_4_01
v -1.463000 51.338001 15.960001
v -2.394000 52.801003 15.960001
v -1.463000 52.801003 16.472052
v -0.532000 52.801003 15.960001
v -1.463000 52.801003 15.447950
v -1.463000 54.264000 15.960001
vn -0.4607 -0.2932 0.8377
vn 0.4607 -0.2932 0.8377
vn 0.4607 -0.2932 -0.8377
vn -0.4607 -0.2932 -0.8377
vn -0.4607 0.2932 0.8377
vn 0.4607 0.2932 0.8377
vn 0.4607 0.2932 -0.8377
vn -0.4607 0.2932 -0.8377
s 0
usemtl Glow
f 7185//887 7187//887 7186//887
f 7185//888 7188//888 7187//888
f 7185//889 7189//889 7188//889
f 7185//890 7186//890 7189//890
f 7190//891 7186//891 7187//891
f 7190//892 7187//892 7188//892
f 7190//893 7188//893 7189//893
f 7190//894 7189//894 7186//894
o HouseFX_RingRim_5_01
v -1.463000 47.916824 3.192000
v -2.394000 49.379829 3.192000
v -1.463000 49.379829 3.704050
v -0.532000 49.379829 3.192000
v -1.463000 49.379829 2.679950
v -1.463000 50.842827 3.192000
vn -0.4607 -0.2932 0.8377
vn 0.4607 -0.2932 0.8377
vn 0.4607 -0.2932 -0.8377
vn -0.4607 -0.2932 -0.8377
vn -0.4607 0.2932 0.8377
vn 0.4607 0.2932 0.8377
vn 0.4607 0.2932 -0.8377
vn -0.4607 0.2932 -0.8377
s 0
usemtl Teal
f 7191//895 7193//895 7192//895
f 7191//896 7194//896 7193//896
f 7191//897 7195//897 7194//897
f 7191//898 7192//898 7195//898
f 7196//899 7192//899 7193//899
f 7196//900 7193//900 7194//900
f 7196//901 7194//901 7195//901
f 7196//902 7195//902 7192//902
o HouseFX_RingRim_6_01
v -1.463000 38.570000 -6.154825
v -2.394000 40.033001 -6.154825
v -1.463000 40.033001 -5.642775
v -0.532000 40.033001 -6.154825
v -1.463000 40.033001 -6.666875
v -1.463000 41.496002 -6.154825
vn -0.4607 -0.2932 0.8377
vn 0.4607 -0.2932 0.8377
vn 0.4607 -0.2932 -0.8377
vn -0.4607 -0.2932 -0.8377
vn -0.4607 0.2932 0.8377
vn 0.4607 0.2932 0.8377
vn 0.4607 0.2932 -0.8377
vn -0.4607 0.2932 -0.8377
s 0
usemtl Glow
f 7197//903 7199//903 7198//903
f 7197//904 7200//904 7199//904
f 7197//905 7201//905 7200//905
f 7197//906 7198//906 7201//906
f 7202//907 7198//907 7199//907
f 7202//908 7199//908 7200//908
f 7202//909 7200//909 7201//909
f 7202//910 7201//910 7198//910
o HouseFX_RingRim_7_01
v -1.463000 25.802000 -9.576000
v -2.394000 27.265001 -9.576000
v -1.463000 27.265001 -9.063951
v -0.532000 27.265001 -9.576000
v -1.463000 27.265001 -10.088051
v -1.463000 28.728001 -9.576000
vn -0.4607 -0.2932 0.8377
vn 0.4607 -0.2932 0.8377
vn 0.4607 -0.2932 -0.8377
vn -0.4607 -0.2932 -0.8377
vn -0.4607 0.2932 0.8377
vn 0.4607 0.2932 0.8377
vn 0.4607 0.2932 -0.8377
vn -0.4607 0.2932 -0.8377
s 0
usemtl Teal
f 7203//911 7205//911 7204//911
f 7203//912 7206//912 7205//912
f 7203//913 7207//913 7206//913
f 7203//914 7204//914 7207//914
f 7208//915 7204//915 7205//915
f 7208//916 7205//916 7206//916
f 7208//917 7206//917 7207//917
f 7208//918 7207//918 7204//918
o HouseFX_RingRim_8_01
v -1.463000 13.034000 -6.154825
v -2.394000 14.497000 -6.154825
v -1.463000 14.497000 -5.642775
v -0.532000 14.497000 -6.154825
v -1.463000 14.497000 -6.666875
v -1.463000 15.960001 -6.154825
vn -0.4607 -0.2932 0.8377
vn 0.4607 -0.2932 0.8377
vn 0.4607 -0.2932 -0.8377
vn -0.4607 -0.2932 -0.8377
vn -0.4607 0.2932 0.8377
vn 0.4607 0.2932 0.8377
vn 0.4607 0.2932 -0.8377
vn -0.4607 0.2932 -0.8377
s 0
usemtl Glow
f 7209//919 7211//919 7210//919
f 7209//920 7212//920 7211//920
f 7209//921 7213//921 7212//921
f 7209//922 7210//922 7213//922
f 7214//923 7210//923 7211//923
f 7214//924 7211//924 7212//924
f 7214//925 7212//925 7213//925
f 7214//926 7213//926 7210//926
o HouseFX_RingRim_10_01
v -1.463000 0.266000 15.960001
v -2.127364 1.310001 15.960001
v -1.463000 1.310001 16.325401
v -0.798636 1.310001 15.960001
v -1.463000 1.310001 15.594600
vn -0.4607 -0.2932 0.8377
vn 0.4607 -0.2932 0.8377
vn 0.4607 -0.2932 -0.8377
vn -0.4607 -0.2932 -0.8377
vn -0.0000 1.0000 -0.0000
vt 0.000000 0.000000
vt 0.259414 0.623015
vt 0.259414 0.629256
vt 0.263690 0.626136
vt 0.255139 0.626136
s 0
usemtl Glow
f 7217/1697/927 7216/1697/927 7215/1697/927
f 7215/1697/928 7218/1697/928 7217/1697/928
f 7215/1697/929 7219/1697/929 7218/1697/929
f 7219/1697/930 7215/1697/930 7216/1697/930
f 7217/1698/931 7219/1699/931 7216/1700/931
f 7217/1698/931 7218/1701/931 7219/1699/931
o HouseFX_RingRim_12_01
v -1.463000 13.034000 38.074825
v -2.394000 14.497000 38.074825
v -1.463000 14.497000 38.586876
v -0.532000 14.497000 38.074825
v -1.463000 14.497000 37.562775
v -1.463000 15.960001 38.074825
vn -0.4607 -0.2932 0.8377
vn 0.4607 -0.2932 0.8377
vn 0.4607 -0.2932 -0.8377
vn -0.4607 -0.2932 -0.8377
vn -0.4607 0.2932 0.8377
vn 0.4607 0.2932 0.8377
vn 0.4607 0.2932 -0.8377
vn -0.4607 0.2932 -0.8377
s 0
usemtl Glow
f 7220//932 7222//932 7221//932
f 7220//933 7223//933 7222//933
f 7220//934 7224//934 7223//934
f 7220//935 7221//935 7224//935
f 7225//936 7221//936 7222//936
f 7225//937 7222//937 7223//937
f 7225//938 7223//938 7224//938
f 7225//939 7224//939 7221//939
o HouseFX_DecorStep_1_01
v -26.294102 11.730600 10.972500
v -26.134501 11.730600 11.132100
v -26.294102 11.571000 11.132100
v -26.294102 11.730600 11.132100
v -30.895901 11.730600 10.972500
v -30.895901 11.571000 11.132100
v -31.055502 11.730600 11.132100
v -30.895901 11.730600 11.132100
v -30.895901 11.730600 15.627501
v -31.055502 11.730600 15.467900
v -30.895901 11.571000 15.467900
v -30.895901 11.730600 15.467900
v -26.134501 11.730600 15.467900
v -26.294102 11.730600 15.627501
v -26.294102 11.571000 15.467900
v -26.294102 11.730600 15.467900
v -26.134501 12.209400 11.132100
v -26.294102 12.209400 10.972500
v -26.294102 12.369000 11.132100
v -26.294102 12.209400 11.132100
v -30.895901 12.209400 10.972500
v -31.055502 12.209400 11.132100
v -30.895901 12.369000 11.132100
v -30.895901 12.209400 11.132100
v -31.055502 12.209400 15.467900
v -30.895901 12.209400 15.627501
v -30.895901 12.369000 15.467900
v -30.895901 12.209400 15.467900
v -26.134501 12.209400 15.467900
v -26.294102 12.369000 15.467900
v -26.294102 12.209400 15.627501
v -26.294102 12.209400 15.467900
vn -0.0000 -0.0000 -1.0000
vn -0.0000 -1.0000 -0.0000
vn 1.0000 -0.0000 -0.0000
vn -0.0000 -0.0000 1.0000
vn -1.0000 -0.0000 -0.0000
vn -0.0000 1.0000 -0.0000
s 0
usemtl Teal
f 7231//940 7229//940 7228//940
f 7233//941 7226//941 7229//941
f 7238//941 7229//941 7227//941
f 7241//942 7228//942 7229//942
f 7240//943 7237//943 7236//943
f 7241//941 7234//941 7237//941
f 7236//944 7233//944 7231//944
f 7237//941 7232//941 7233//941
f 7255//942 7245//942 7244//942
f 7257//945 7242//945 7245//945
f 7246//945 7245//945 7243//945
f 7249//940 7244//940 7245//940
f 7250//945 7249//945 7247//945
f 7253//944 7248//944 7249//944
f 7256//945 7253//945 7251//945
f 7257//943 7252//943 7253//943
f 7243//942 7229//942 7226//942
f 7245//940 7227//940 7229//940
f 7247//940 7233//940 7232//940
f 7249//944 7230//944 7233//944
f 7251//944 7237//944 7234//944
f 7253//943 7235//943 7237//943
f 7254//943 7241//943 7238//943
f 7257//942 7239//942 7241//942
f 7230//940 7243//940 7226//940
f 7240//941 7231//941 7228//941
f 7227//942 7254//942 7238//942
f 7235//944 7247//944 7232//944
f 7239//943 7251//943 7234//943
f 7248//945 7255//945 7244//945
f 7231//940 7233//940 7229//940
f 7233//941 7230//941 7226//941
f 7238//941 7241//941 7229//941
f 7241//942 7240//942 7228//942
f 7240//943 7241//943 7237//943
f 7241//941 7239//941 7234//941
f 7236//944 7237//944 7233//944
f 7237//941 7235//941 7232//941
f 7255//942 7257//942 7245//942
f 7257//945 7254//945 7242//945
f 7246//945 7249//945 7245//945
f 7249//940 7248//940 7244//940
f 7250//945 7253//945 7249//945
f 7253//944 7252//944 7248//944
f 7256//945 7257//945 7253//945
f 7257//943 7255//943 7252//943
f 7243//942 7245//942 7229//942
f 7245//940 7242//940 7227//940
f 7247//940 7249//940 7233//940
f 7249//944 7246//944 7230//944
f 7251//944 7253//944 7237//944
f 7253//943 7250//943 7235//943
f 7254//943 7257//943 7241//943
f 7257//942 7256//942 7239//942
f 7230//940 7246//940 7243//940
f 7240//941 7236//941 7231//941
f 7227//942 7242//942 7254//942
f 7235//944 7250//944 7247//944
f 7239//943 7256//943 7251//943
f 7248//945 7252//945 7255//945
o HouseFX_DecorStep_2_01
v -26.294102 17.050600 13.632501
v -26.134501 17.050600 13.792101
v -26.294102 16.891001 13.792101
v -26.294102 17.050600 13.792101
v -30.895901 17.050600 13.632501
v -30.895901 16.891001 13.792101
v -31.055502 17.050600 13.792101
v -30.895901 17.050600 13.792101
v -30.895901 17.050600 18.287500
v -31.055502 17.050600 18.127901
v -30.895901 16.891001 18.127901
v -30.895901 17.050600 18.127901
v -26.134501 17.050600 18.127901
v -26.294102 17.050600 18.287500
v -26.294102 16.891001 18.127901
v -26.294102 17.050600 18.127901
v -26.134501 17.529402 13.792101
v -26.294102 17.529402 13.632501
v -26.294102 17.689001 13.792101
v -26.294102 17.529402 13.792101
v -30.895901 17.529402 13.632501
v -31.055502 17.529402 13.792101
v -30.895901 17.689001 13.792101
v -30.895901 17.529402 13.792101
v -31.055502 17.529402 18.127901
v -30.895901 17.529402 18.287500
v -30.895901 17.689001 18.127901
v -30.895901 17.529402 18.127901
v -26.134501 17.529402 18.127901
v -26.294102 17.689001 18.127901
v -26.294102 17.529402 18.287500
v -26.294102 17.529402 18.127901
vn -0.0000 -0.0000 -1.0000
vn -0.0000 -1.0000 -0.0000
vn 1.0000 -0.0000 -0.0000
vn -0.0000 -0.0000 1.0000
vn -1.0000 -0.0000 -0.0000
vn -0.0000 1.0000 -0.0000
s 0
usemtl Teal
f 7263//946 7261//946 7260//946
f 7265//947 7258//947 7261//947
f 7270//947 7261//947 7259//947
f 7273//948 7260//948 7261//948
f 7272//949 7269//949 7268//949
f 7273//947 7266//947 7269//947
f 7268//950 7265//950 7263//950
f 7269//947 7264//947 7265//947
f 7287//948 7277//948 7276//948
f 7289//951 7274//951 7277//951
f 7278//951 7277//951 7275//951
f 7281//946 7276//946 7277//946
f 7282//951 7281//951 7279//951
f 7285//950 7280//950 7281//950
f 7288//951 7285//951 7283//951
f 7289//949 7284//949 7285//949
f 7275//948 7261//948 7258//948
f 7277//946 7259//946 7261//946
f 7279//946 7265//946 7264//946
f 7281//950 7262//950 7265//950
f 7283//950 7269//950 7266//950
f 7285//949 7267//949 7269//949
f 7286//949 7273//949 7270//949
f 7289//948 7271//948 7273//948
f 7262//946 7275//946 7258//946
f 7272//947 7263//947 7260//947
f 7259//948 7286//948 7270//948
f 7267//950 7279//950 7264//950
f 7271//949 7283//949 7266//949
f 7280//951 7287//951 7276//951
f 7263//946 7265//946 7261//946
f 7265//947 7262//947 7258//947
f 7270//947 7273//947 7261//947
f 7273//948 7272//948 7260//948
f 7272//949 7273//949 7269//949
f 7273//947 7271//947 7266//947
f 7268//950 7269//950 7265//950
f 7269//947 7267//947 7264//947
f 7287//948 7289//948 7277//948
f 7289//951 7286//951 7274//951
f 7278//951 7281//951 7277//951
f 7281//946 7280//946 7276//946
f 7282//951 7285//951 7281//951
f 7285//950 7284//950 7280//950
f 7288//951 7289//951 7285//951
f 7289//949 7287//949 7284//949
f 7275//948 7277//948 7261//948
f 7277//946 7274//946 7259//946
f 7279//946 7281//946 7265//946
f 7281//950 7278//950 7262//950
f 7283//950 7285//950 7269//950
f 7285//949 7282//949 7267//949
f 7286//949 7289//949 7273//949
f 7289//948 7288//948 7271//948
f 7262//946 7278//946 7275//946
f 7272//947 7268//947 7263//947
f 7259//948 7274//948 7286//948
f 7267//950 7282//950 7279//950
f 7271//949 7288//949 7283//949
f 7280//951 7284//951 7287//951
o HouseFX_DecorStep_3_01
v -26.294102 22.370600 16.292501
v -26.134501 22.370600 16.452101
v -26.294102 22.211000 16.452101
v -26.294102 22.370600 16.452101
v -30.895901 22.370600 16.292501
v -30.895901 22.211000 16.452101
v -31.055502 22.370600 16.452101
v -30.895901 22.370600 16.452101
v -30.895901 22.370600 20.947500
v -31.055502 22.370600 20.787901
v -30.895901 22.211000 20.787901
v -30.895901 22.370600 20.787901
v -26.134501 22.370600 20.787901
v -26.294102 22.370600 20.947500
v -26.294102 22.211000 20.787901
v -26.294102 22.370600 20.787901
v -26.134501 22.849401 16.452101
v -26.294102 22.849401 16.292501
v -26.294102 23.009001 16.452101
v -26.294102 22.849401 16.452101
v -30.895901 22.849401 16.292501
v -31.055502 22.849401 16.452101
v -30.895901 23.009001 16.452101
v -30.895901 22.849401 16.452101
v -31.055502 22.849401 20.787901
v -30.895901 22.849401 20.947500
v -30.895901 23.009001 20.787901
v -30.895901 22.849401 20.787901
v -26.134501 22.849401 20.787901
v -26.294102 23.009001 20.787901
v -26.294102 22.849401 20.947500
v -26.294102 22.849401 20.787901
vn -0.0000 -0.0000 -1.0000
vn -0.0000 -1.0000 -0.0000
vn 1.0000 -0.0000 -0.0000
vn -0.0000 -0.0000 1.0000
vn -1.0000 -0.0000 -0.0000
vn -0.0000 1.0000 -0.0000
s 0
usemtl Teal
f 7295//952 7293//952 7292//952
f 7297//953 7290//953 7293//953
f 7302//953 7293//953 7291//953
f 7305//954 7292//954 7293//954
f 7304//955 7301//955 7300//955
f 7305//953 7298//953 7301//953
f 7300//956 7297//956 7295//956
f 7301//953 7296//953 7297//953
f 7319//954 7309//954 7308//954
f 7321//957 7306//957 7309//957
f 7310//957 7309//957 7307//957
f 7313//952 7308//952 7309//952
f 7314//957 7313//957 7311//957
f 7317//956 7312//956 7313//956
f 7320//957 7317//957 7315//957
f 7321//955 7316//955 7317//955
f 7307//954 7293//954 7290//954
f 7309//952 7291//952 7293//952
f 7311//952 7297//952 7296//952
f 7313//956 7294//956 7297//956
f 7315//956 7301//956 7298//956
f 7317//955 7299//955 7301//955
f 7318//955 7305//955 7302//955
f 7321//954 7303//954 7305//954
f 7294//952 7307//952 7290//952
f 7304//953 7295//953 7292//953
f 7291//954 7318//954 7302//954
f 7299//956 7311//956 7296//956
f 7303//955 7315//955 7298//955
f 7312//957 7319//957 7308//957
f 7295//952 7297//952 7293//952
f 7297//953 7294//953 7290//953
f 7302//953 7305//953 7293//953
f 7305//954 7304//954 7292//954
f 7304//955 7305//955 7301//955
f 7305//953 7303//953 7298//953
f 7300//956 7301//956 7297//956
f 7301//953 7299//953 7296//953
f 7319//954 7321//954 7309//954
f 7321//957 7318//957 7306//957
f 7310//957 7313//957 7309//957
f 7313//952 7312//952 7308//952
f 7314//957 7317//957 7313//957
f 7317//956 7316//956 7312//956
f 7320//957 7321//957 7317//957
f 7321//955 7319//955 7316//955
f 7307//954 7309//954 7293//954
f 7309//952 7306//952 7291//952
f 7311//952 7313//952 7297//952
f 7313//956 7310//956 7294//956
f 7315//956 7317//956 7301//956
f 7317//955 7314//955 7299//955
f 7318//955 7321//955 7305//955
f 7321//954 7320//954 7303//954
f 7294//952 7310//952 7307//952
f 7304//953 7300//953 7295//953
f 7291//954 7306//954 7318//954
f 7299//956 7314//956 7311//956
f 7303//955 7320//955 7315//955
f 7312//957 7316//957 7319//957
o Approach
v 14.842800 0.053200 -4.661650
v 14.896000 0.053200 -4.608450
v 14.842800 0.000000 -4.608450
v 14.842800 0.053200 -4.608450
v 6.969200 0.053200 -4.661650
v 6.969200 0.000000 -4.608450
v 6.916000 0.053200 -4.608450
v 6.969200 0.053200 -4.608450
v 14.896000 0.279300 -4.608450
v 14.842800 0.279300 -4.661650
v 14.842800 0.332500 -4.608450
v 14.842800 0.279300 -4.608450
v 6.969200 0.279300 -4.661650
v 6.916000 0.279300 -4.608450
v 6.969200 0.332500 -4.608450
v 6.969200 0.279300 -4.608450
v 14.887328 0.053200 -3.684500
v 14.896000 0.053200 -3.684500
v 14.842800 0.053200 -3.684500
v 14.842800 0.044528 -3.684500
v 6.969200 0.008672 -3.684500
v 6.969200 0.000000 -3.684500
v 6.960527 0.053200 -3.684500
v 6.969200 0.053200 -3.684500
v 14.842800 0.332500 -3.684500
v 14.842800 0.323828 -3.684500
v 14.851473 0.279300 -3.684500
v 14.842800 0.279300 -3.684500
v 6.924672 0.279300 -3.684500
v 6.916000 0.279300 -3.684500
v 6.969200 0.287972 -3.684500
v 6.969200 0.279300 -3.684500
v 13.559299 0.000000 -3.684500
v 14.842800 0.000000 -3.684500
v 14.896000 0.242443 -3.684500
v 6.916000 0.090057 -3.684500
v 6.916000 0.053200 -3.684500
v 13.559299 0.332500 -3.684500
v 14.896000 0.279300 -3.684500
v 6.969200 0.332500 -3.684500
v 6.969200 0.053200 -0.113050
v 6.969200 0.000000 -0.113050
v 6.916000 0.053200 -0.113050
v 14.842800 0.053200 -0.059850
v 14.842800 0.053200 -0.113050
v 6.969200 0.053200 -0.059850
v 14.896000 0.053200 -0.113050
v 14.842800 0.000000 -0.113050
v 6.916000 1.010001 -0.113050
v 6.957600 1.010001 -0.113050
v 6.969200 1.010001 -0.113050
v 6.969200 1.010001 -0.071450
v 8.685997 1.010001 -0.059850
v 14.842800 1.010001 -0.059850
v 14.842800 1.010001 -0.101450
v 14.842800 1.010001 -0.113050
v 6.969200 1.010001 -0.059850
v 14.884400 1.010001 -0.113050
v 14.896000 1.010001 -0.113050
v 14.896000 1.010001 -0.353750
v 6.969200 0.035733 -0.854500
v 6.969200 0.000000 -0.854500
v 6.969200 0.053200 -0.854500
v 6.933467 0.053200 -0.854500
v 6.916000 0.875049 -0.854500
v 6.916000 1.010001 -0.854500
v 6.916000 0.053200 -0.854500
v 14.842800 0.053200 -0.854500
v 14.860268 0.053200 -0.854500
v 14.842800 0.017467 -0.854500
v 14.842800 0.000000 -0.854500
v 14.896000 1.010001 -0.854500
v 14.896000 0.454951 -0.854500
v 14.896000 0.053200 -0.854500
v 9.554382 0.000000 -0.854500
vn -0.0000 -0.0000 -1.0000
vn -0.0000 -1.0000 -0.0000
vn 1.0000 -0.0000 -0.0000
vn -1.0000 -0.0000 -0.0000
vn -0.0000 1.0000 -0.0000
vn -0.0000 -0.0000 1.0000
vt 0.000000 0.000000
vt 0.385604 0.756422
vt 0.423540 0.756422
vt 0.391788 0.754819
vt 0.371958 0.655318
vt 0.371958 0.652933
vt 0.318773 0.652268
vt 0.385604 0.256422
vt 0.379609 0.256422
vt 0.376678 0.415711
vt 0.417356 0.995181
vt 0.423540 0.995181
vt 0.423540 0.993840
vt 0.423540 0.993578
vt 0.385604 0.994920
vt 0.385604 0.995181
vt 0.385604 0.993578
vt 0.376678 0.954919
vt 0.376678 0.993578
vt 0.384149 0.993578
vt 0.378133 0.756422
vt 0.376678 0.756422
vt 0.431011 0.993578
vt 0.432466 0.993578
vt 0.432466 0.954919
vt 0.432466 0.756422
vt 0.424995 0.756422
vt 0.385604 0.756161
vt 0.385604 0.754819
vt 0.423540 0.755081
vt 0.423540 0.754819
vt 0.126394 0.697827
vt 0.373606 0.697827
vt 0.373606 0.655318
vt 0.372317 0.655318
vt 0.126753 0.655318
vt 0.126394 0.655318
vt 0.126394 0.669118
vt 0.128042 0.655318
vt 0.128042 0.652268
vt 0.128042 0.654653
vt 0.371958 0.652267
vt 0.453012 0.254819
vt 0.385604 0.254819
vt 0.385604 0.255896
vt 0.546141 0.495181
vt 0.546141 0.254819
vt 0.385604 0.494655
vt 0.385604 0.495181
vt 0.523498 0.495181
vt 0.385604 0.493578
vt 0.376678 0.493578
vt 0.382673 0.493578
vt 0.376678 0.256422
s 0
usemtl Stone
f 7327/1702/958 7325/1702/958 7324/1702/958
f 7329/1702/959 7322/1702/959 7325/1702/959
f 7323/1702/959 7338/1702/959 7325/1702/959
f 7325/1702/960 7341/1702/960 7324/1702/960
f 7327/1702/961 7342/1702/961 7329/1702/961
f 7329/1702/959 7344/1702/959 7328/1702/959
f 7332/1702/960 7347/1702/960 7333/1702/960
f 7348/1702/962 7333/1702/962 7349/1702/962
f 7334/1702/962 7333/1702/962 7331/1702/962
f 7337/1702/958 7332/1702/958 7333/1702/958
f 7350/1702/962 7335/1702/962 7351/1702/962
f 7337/1702/961 7352/1702/961 7336/1702/961
f 7331/1702/960 7325/1702/960 7322/1702/960
f 7325/1702/958 7330/1702/958 7323/1702/958
f 7328/1702/958 7337/1702/958 7329/1702/958
f 7337/1702/961 7326/1702/961 7329/1702/961
f 7326/1702/958 7331/1702/958 7322/1702/958
f 7324/1702/959 7354/1702/959 7327/1702/959
f 7323/1702/960 7356/1702/960 7339/1702/960
f 7328/1702/961 7357/1702/961 7335/1702/961
f 7332/1702/962 7359/1702/962 7346/1702/962
f 7327/1702/958 7329/1702/958 7325/1702/958
f 7329/1702/959 7326/1702/959 7322/1702/959
f 7325/1702/959 7338/1702/959 7340/1702/959
f 7324/1702/960 7341/1702/960 7355/1702/960
f 7329/1702/961 7342/1702/961 7345/1702/961
f 7328/1702/959 7344/1702/959 7358/1702/959
f 7333/1702/960 7347/1702/960 7349/1702/960
f 7360/1702/962 7330/1702/962 7348/1702/962
f 7334/1702/962 7337/1702/962 7333/1702/962
f 7337/1702/958 7336/1702/958 7332/1702/958
f 7353/1702/962 7337/1702/962 7350/1702/962
f 7336/1702/961 7352/1702/961 7361/1702/961
f 7331/1702/960 7333/1702/960 7325/1702/960
f 7325/1702/958 7333/1702/958 7330/1702/958
f 7328/1702/958 7335/1702/958 7337/1702/958
f 7337/1702/961 7334/1702/961 7326/1702/961
f 7326/1702/958 7334/1702/958 7331/1702/958
f 7327/1702/959 7354/1702/959 7343/1702/959
f 7330/1702/960 7356/1702/960 7323/1702/960
f 7335/1702/961 7357/1702/961 7351/1702/961
f 7359/1702/962 7336/1702/962 7361/1702/962
f 7345/1703/963 7353/1704/963 7357/1705/963
f 7382/1702/961 7383/1702/961 7363/1702/961
f 7362/1702/961 7382/1702/961 7363/1702/961
f 7385/1702/959 7384/1702/959 7362/1702/959
f 7370/1702/961 7386/1702/961 7364/1702/961
f 7388/1702/961 7364/1702/961 7386/1702/961
f 7364/1702/959 7385/1702/959 7362/1702/959
f 7362/1702/963 7371/1702/963 7364/1702/963
f 7364/1702/963 7371/1702/963 7370/1702/963
f 7372/1702/961 7362/1702/961 7373/1702/961
f 7374/1702/963 7365/1702/963 7375/1702/963
f 7365/1702/960 7376/1702/960 7375/1702/960
f 7366/1702/959 7365/1702/959 7367/1702/959
f 7366/1702/960 7376/1702/960 7365/1702/960
f 7367/1702/963 7374/1702/963 7378/1702/963
f 7373/1702/961 7367/1702/961 7378/1702/961
f 7366/1702/959 7367/1702/959 7362/1702/959
f 7366/1702/959 7390/1702/959 7368/1702/959
f 7368/1702/963 7379/1702/963 7366/1702/963
f 7389/1702/960 7366/1702/960 7391/1702/960
f 7369/1702/963 7366/1702/963 7362/1702/963
f 7391/1702/960 7369/1702/960 7392/1702/960
f 7366/1702/963 7379/1702/963 7377/1702/963
f 7393/1702/960 7381/1702/960 7394/1702/960
f 7381/1702/960 7368/1702/960 7394/1702/960
f 7390/1702/959 7395/1702/959 7368/1702/959
f 7396/1702/959 7392/1702/959 7369/1702/959
f 7363/1702/959 7396/1702/959 7369/1702/959
f 7369/1702/963 7362/1702/963 7363/1702/963
f 7372/1706/962 7373/1707/962 7374/1708/962
f 7323/1702/959 7339/1702/959 7338/1702/959
f 7325/1702/960 7340/1702/960 7341/1702/960
f 7327/1702/961 7343/1702/961 7342/1702/961
f 7329/1702/959 7345/1702/959 7344/1702/959
f 7332/1702/960 7346/1702/960 7347/1702/960
f 7348/1702/962 7330/1702/962 7333/1702/962
f 7350/1702/962 7337/1702/962 7335/1702/962
f 7337/1702/961 7353/1702/961 7352/1702/961
f 7324/1702/959 7355/1702/959 7354/1702/959
f 7328/1702/961 7358/1702/961 7357/1702/961
f 7332/1702/962 7336/1702/962 7359/1702/962
f 7330/1702/960 7360/1702/960 7356/1702/960
f 7356/1712/963 7360/1713/963 7348/1714/963
f 7356/1712/963 7348/1714/963 7349/1715/963
f 7338/1716/963 7339/1717/963 7356/1712/963
f 7340/1718/963 7338/1716/963 7356/1712/963
f 7340/1718/963 7356/1712/963 7349/1715/963
f 7354/1719/963 7355/1720/963 7341/1721/963
f 7354/1719/963 7341/1721/963 7340/1718/963
f 7342/1722/963 7343/1723/963 7354/1719/963
f 7345/1703/963 7342/1722/963 7354/1719/963
f 7354/1719/963 7340/1718/963 7349/1715/963
f 7347/1724/963 7346/1725/963 7359/1726/963
f 7354/1719/963 7349/1715/963 7359/1726/963
f 7349/1715/963 7347/1724/963 7359/1726/963
f 7345/1703/963 7354/1719/963 7353/1704/963
f 7353/1704/963 7354/1719/963 7359/1726/963
f 7359/1726/963 7361/1727/963 7352/1728/963
f 7359/1726/963 7352/1728/963 7353/1704/963
f 7344/1729/963 7345/1703/963 7357/1705/963
f 7357/1705/963 7358/1730/963 7344/1729/963
f 7350/1731/963 7351/1732/963 7357/1705/963
f 7353/1704/963 7350/1731/963 7357/1705/963
f 7362/1702/961 7384/1702/961 7382/1702/961
f 7370/1702/961 7387/1702/961 7386/1702/961
f 7364/1702/959 7388/1702/959 7385/1702/959
f 7362/1702/963 7372/1702/963 7371/1702/963
f 7366/1702/960 7377/1702/960 7376/1702/960
f 7367/1702/963 7365/1702/963 7374/1702/963
f 7373/1702/961 7362/1702/961 7367/1702/961
f 7366/1702/959 7389/1702/959 7390/1702/959
f 7368/1702/963 7380/1702/963 7379/1702/963
f 7391/1702/960 7366/1702/960 7369/1702/960
f 7380/1702/960 7368/1702/960 7381/1702/960
f 7368/1702/960 7395/1702/960 7394/1702/960
f 7363/1702/959 7383/1702/959 7396/1702/959
f 7393/1733/962 7387/1734/962 7374/1708/962
f 7387/1734/962 7370/1735/962 7371/1736/962
f 7387/1734/962 7371/1736/962 7372/1706/962
f 7379/1737/962 7380/1738/962 7381/1739/962
f 7381/1739/962 7393/1733/962 7377/1740/962
f 7387/1734/962 7372/1706/962 7374/1708/962
f 7377/1740/962 7379/1737/962 7381/1739/962
f 7374/1708/962 7375/1741/962 7376/1742/962
f 7393/1733/962 7374/1708/962 7377/1740/962
f 7374/1708/962 7376/1742/962 7377/1740/962
f 7373/1707/962 7378/1743/962 7374/1708/962
usemtl WalkWall
f 7389/1709/958 7391/1710/958 7396/1711/958
f 7394/1744/958 7395/1745/958 7390/1746/958
f 7394/1744/958 7390/1746/958 7389/1709/958
f 7387/1747/958 7393/1748/958 7396/1711/958
f 7393/1748/958 7394/1744/958 7396/1711/958
f 7385/1749/958 7388/1750/958 7386/1751/958
f 7386/1751/958 7387/1747/958 7396/1711/958
f 7394/1744/958 7389/1709/958 7396/1711/958
f 7384/1752/958 7385/1749/958 7386/1751/958
f 7396/1711/958 7383/1753/958 7382/1754/958
f 7384/1752/958 7386/1751/958 7396/1711/958
f 7396/1711/958 7382/1754/958 7384/1752/958
f 7391/1710/958 7392/1755/958 7396/1711/958
