# Blender 5.2.1 LTS
# www.blender.org
mtllib beehive-cottage-visual.mtl
o BeehiveShell
v 0.000000 0.910000 21.400000
v 6.440000 0.980000 5.860000
v 0.000000 3.090000 22.600000
v -1.833849 0.910000 21.219381
v 6.440000 0.980000 18.139999
v -2.067957 3.090000 22.396324
v -3.597224 0.910000 20.684467
v -6.440000 0.980000 5.860000
v -4.056445 3.090000 21.793123
v -5.222360 0.910000 19.815815
v -6.440000 0.980000 18.139999
v -5.889045 3.090000 20.813578
v -6.646803 0.910000 18.646803
v -7.495332 3.090000 19.495333
v -7.815814 0.910000 17.222361
v -8.813578 3.090000 17.889046
v -8.684467 0.910000 15.597224
v -9.793123 3.090000 16.056444
v -9.219381 0.910000 13.833849
v -10.396324 3.090000 14.067957
v -9.400000 0.910000 12.000000
v -10.600000 3.090000 12.000000
v -9.219381 0.910000 10.166151
v -10.396324 3.090000 9.932043
v -8.684467 0.910000 8.402776
v -9.793123 3.090000 7.943555
v -7.815814 0.910000 6.777640
v -8.813578 3.090000 6.110955
v -6.646803 0.910000 5.353197
v -7.495332 3.090000 4.504668
v -5.222360 0.910000 4.184186
v -5.889045 3.090000 3.186422
v -3.597224 0.910000 3.315533
v -4.056445 3.090000 2.206877
v 3.597224 0.910000 3.315533
v 4.056445 3.090000 2.206877
v 5.222360 0.910000 4.184186
v 5.889045 3.090000 3.186422
v 6.646803 0.910000 5.353197
v 7.495332 3.090000 4.504668
v 7.815814 0.910000 6.777640
v 8.813578 3.090000 6.110955
v 8.684467 0.910000 8.402776
v 9.793123 3.090000 7.943555
v 9.219381 0.910000 10.166151
v 10.396324 3.090000 9.932043
v 9.400000 0.910000 12.000000
v 10.600000 3.090000 12.000000
v 9.219381 0.910000 13.833849
v 10.396324 3.090000 14.067957
v 8.684467 0.910000 15.597224
v 9.793123 3.090000 16.056444
v 7.815814 0.910000 17.222361
v 8.813578 3.090000 17.889046
v 6.646803 0.910000 18.646803
v 7.495332 3.090000 19.495333
v 5.222360 0.910000 19.815815
v 5.889045 3.090000 20.813578
v 3.597224 0.910000 20.684467
v 4.056445 3.090000 21.793123
v 1.833849 0.910000 21.219381
v 2.067957 3.090000 22.396324
v -6.440000 3.090000 16.038712
v -6.440000 3.090000 5.860000
v -4.056445 3.090000 5.860000
v -4.056445 3.090000 18.139999
v -5.569618 3.090000 18.139999
v 5.569618 3.090000 5.860000
v 6.440000 3.090000 5.860000
v 6.440000 3.090000 7.961289
v -6.440000 3.090000 18.139999
v -2.543271 3.090000 18.139999
v 4.056445 3.090000 5.860000
v 4.056445 3.090000 18.139999
v 6.440000 3.090000 18.139999
v -3.045000 2.097939 2.467972
v -3.045000 0.910000 3.148017
v 3.045000 1.697206 2.697374
v 3.045000 0.910000 3.148017
v 3.045000 0.910000 6.040561
v 3.045000 0.910000 7.000000
v -0.994562 0.910000 7.000000
v -3.045000 3.090000 1.900059
v 3.045000 3.090000 1.900059
v 3.045000 3.090000 2.206877
v -3.045000 3.090000 2.206877
v -3.045000 3.090000 2.107258
v -3.045000 3.090000 2.005688
v 3.045000 3.090000 5.860000
v 3.045000 3.090000 4.648720
v -3.045000 3.090000 5.860000
v -3.045000 0.910000 3.589884
v -3.045000 0.910000 3.427993
v -3.045000 0.910000 3.282294
v 3.045000 0.910000 3.751082
v 3.045000 0.910000 3.523691
v 3.045000 0.910000 3.282294
v -3.045000 0.910000 4.593235
v -3.045000 0.910000 7.000000
v -3.045000 0.980000 5.860000
v 3.045000 0.980000 5.860000
v 3.045000 0.980000 7.000000
v -3.045000 0.980000 7.000000
v 9.589999 1.140000 11.999998
v 9.495000 1.304545 11.999998
v 9.405729 1.140000 10.129082
v 9.495000 0.975455 11.999998
v 9.405730 1.140000 13.870913
v 9.312556 1.304545 10.147615
v 9.312556 0.975455 10.147615
v 9.312556 1.304545 13.852380
v 8.772236 1.304545 15.633581
v 9.126206 1.304545 13.815312
v 8.596698 1.304545 15.560871
v 9.304999 1.304545 11.999999
v 9.126206 1.304545 10.184683
v 9.210000 1.140000 11.999999
v 9.033032 1.140000 10.203217
v 9.126206 0.975455 10.184683
v 8.508930 1.140000 8.475485
v 9.304999 0.975455 11.999999
v 9.126206 0.975455 13.815312
v 9.312556 0.975455 13.852380
v 8.772236 0.975455 15.633581
v 8.860003 1.140000 15.669936
v 7.973794 1.140000 17.327917
v 6.781151 1.140000 18.781157
v 7.894804 1.304545 17.275139
v 7.894804 0.975455 17.275139
v 7.736825 0.975455 17.169580
v 6.713976 0.975455 18.713982
v 8.596698 0.975455 15.560871
v 8.508930 1.140000 15.524517
v 7.657836 1.140000 17.116800
v 9.033032 1.140000 13.796779
v 7.736825 1.304545 17.169580
v 6.512451 1.140000 18.512457
v 6.579626 1.304545 18.579632
v 5.116802 1.140000 19.657835
v 6.579626 0.975455 18.579632
v 5.169580 1.304545 19.736824
v 5.169580 0.975455 19.736824
v 3.560873 0.975455 20.596697
v 5.275139 0.975455 19.894804
v 3.524518 1.140000 20.508928
v 3.633583 0.975455 20.772234
v 1.852381 0.975455 21.312557
v 3.669937 1.140000 20.860003
v 1.870914 1.140000 21.405731
v 3.633583 1.304545 20.772234
v 5.327919 1.140000 19.973793
v 1.852381 1.304545 21.312557
v 0.000002 1.304545 21.494999
v 1.815314 1.304545 21.126207
v 3.560873 1.304545 20.596697
v 1.796780 1.140000 21.033033
v 0.000002 1.140000 21.209999
v 1.815314 0.975455 21.126207
v 0.000002 1.304545 21.305000
v 0.000002 0.975455 21.305000
v -1.815318 0.975455 21.126205
v 0.000002 0.975455 21.494999
v -1.852386 0.975455 21.312555
v -3.633579 0.975455 20.772236
v -1.870919 1.140000 21.405729
v 0.000002 1.140000 21.590000
v -1.852386 1.304545 21.312555
v -3.633579 1.304545 20.772236
v -1.815318 1.304545 21.126205
v -3.560869 1.304545 20.596699
v -1.796785 1.140000 21.033031
v -3.524514 1.140000 20.508930
v -5.116806 1.140000 19.657833
v -3.560869 0.975455 20.596699
v -5.169585 0.975455 19.736822
v -5.275144 0.975455 19.894802
v -6.713979 0.975455 18.713978
v -5.327922 1.140000 19.973789
v -6.579629 0.975455 18.579628
v -6.781154 1.140000 18.781153
v -7.973791 1.140000 17.327921
v -6.713979 1.304545 18.713978
v -5.275144 1.304545 19.894802
v -5.169585 1.304545 19.736822
v -6.579629 1.304545 18.579628
v -7.736823 1.304545 17.169582
v -6.512454 1.140000 18.512453
v -7.894802 1.304545 17.275143
v -7.657834 1.140000 17.116804
v -8.508931 1.140000 15.524512
v -7.736823 0.975455 17.169582
v -8.596699 0.975455 15.560867
v -9.126206 0.975455 13.815317
v -8.772237 0.975455 15.633577
v -9.312556 0.975455 13.852384
v -8.860004 1.140000 15.669931
v -7.894802 0.975455 17.275143
v -9.405730 1.140000 13.870917
v -8.772237 1.304545 15.633577
v -9.312556 1.304545 13.852384
v -9.495000 1.304545 12.000001
v -9.126206 1.304545 13.815317
v -9.589999 1.140000 12.000001
v -9.304999 1.304545 12.000001
v -9.126206 1.304545 10.184687
v -9.210000 1.140000 12.000001
v -9.312556 1.304545 10.147619
v -9.033032 1.140000 13.796783
v -9.304999 0.975455 12.000001
v -8.596699 1.304545 15.560867
v -9.126206 0.975455 10.184687
v -9.495000 0.975455 12.000001
v -9.312556 0.975455 10.147619
v -8.772237 0.975455 8.366422
v -9.405730 1.140000 10.129086
v -8.860004 1.140000 8.330067
v -7.973793 1.140000 6.672082
v -8.772237 1.304545 8.366422
v -7.894804 1.304545 6.724860
v -8.596699 1.304545 8.439132
v -7.736825 1.304545 6.830419
v -8.508931 1.140000 8.475487
v -7.657835 1.140000 6.883198
v -6.512456 1.140000 5.487549
v -7.736825 0.975455 6.830419
v -6.579631 1.304545 5.420374
v -6.579631 0.975455 5.420374
v -8.596699 0.975455 8.439132
v -7.894804 0.975455 6.724860
v -6.713981 0.975455 5.286024
v -6.781156 1.140000 5.218849
v -5.327917 1.140000 4.026206
v -6.713981 1.304545 5.286024
v -5.275137 1.304545 4.105196
v -5.169579 1.304545 4.263175
v -3.560871 1.304545 3.403303
v -5.116800 1.140000 4.342165
v -3.524516 1.140000 3.491071
v -3.560871 0.975455 3.403303
v -3.633581 0.975455 3.227765
v -3.669936 1.140000 3.139997
v -5.275137 0.975455 4.105196
v -3.633581 1.304545 3.227765
v 3.560870 1.304545 3.403301
v 3.633580 1.304545 3.227764
v 3.560870 0.975455 3.403301
v 3.633580 0.975455 3.227764
v 5.275137 0.975455 4.105194
v 3.669935 1.140000 3.139996
v 5.169579 0.975455 4.263174
v 5.327916 1.140000 4.026205
v 6.781152 1.140000 5.218845
v 5.275137 1.304545 4.105194
v 6.713977 1.304545 5.286020
v 5.169579 1.304545 4.263174
v 6.579627 1.304545 5.420371
v 5.116800 1.140000 4.342163
v 6.512452 1.140000 5.487545
v 3.524515 1.140000 3.491070
v 7.657834 1.140000 6.883197
v 6.579627 0.975455 5.420371
v 7.736823 0.975455 6.830418
v 8.596698 0.975455 8.439131
v 7.894803 0.975455 6.724860
v 6.713977 0.975455 5.286020
v 7.973792 1.140000 6.672081
v 8.860003 1.140000 8.330066
v 7.894803 1.304545 6.724860
v 8.772236 1.304545 8.366420
v 7.736823 1.304545 6.830418
v 8.596698 1.304545 8.439131
v 8.772236 0.975455 8.366420
v -5.169579 0.975455 4.263175
v -9.033032 1.140000 10.203219
v -3.669933 1.140000 20.860004
v 5.275139 1.304545 19.894804
v 6.713976 1.304545 18.713982
v -3.045000 1.304545 3.246815
v -3.045000 1.186163 3.317894
v -3.045000 1.140000 3.345611
v -3.045000 1.093837 3.317894
v -3.045000 0.975455 3.246815
v -3.045000 0.975455 3.113183
v -3.045000 0.975455 3.049220
v -3.045000 1.030399 3.016232
v -3.045000 1.140000 2.950425
v -3.045000 1.304545 3.049220
v -3.045000 1.249601 3.016232
v -3.045000 1.304545 3.113183
v 3.045000 1.304545 3.049220
v 3.045000 1.304545 3.113182
v 3.045000 1.256427 3.275704
v 3.045000 1.304545 3.246814
v 3.045000 1.023573 3.275704
v 3.045000 0.975455 3.246814
v 3.045000 0.975455 3.113182
v 3.045000 0.975455 3.049220
v 3.045000 1.140000 2.950424
v 3.045000 1.030399 3.016232
v 3.045000 1.249601 3.016232
v 3.045000 1.140000 3.345611
v 0.000000 2.910000 22.600000
v -2.067957 2.910000 22.396324
v 0.000000 5.190000 23.200001
v 2.067957 2.910000 22.396324
v 2.185012 5.190000 22.984795
v 4.286055 5.190000 22.347450
v 4.056445 2.910000 21.793123
v 5.889045 2.910000 20.813578
v 7.495332 2.910000 19.495333
v 6.222387 5.190000 21.312458
v 7.919596 5.190000 19.919596
v 8.813578 2.910000 17.889046
v 10.396324 2.910000 9.932043
v 9.793123 2.910000 7.943555
v 10.984795 5.190000 9.814988
v 10.600000 2.910000 12.000000
v 8.813578 2.910000 6.110955
v 10.396324 2.910000 14.067957
v -4.056445 2.910000 2.206877
v -5.889045 2.910000 3.186422
v -10.396324 2.910000 14.067957
v 5.889045 2.910000 3.186422
v 4.056445 2.910000 2.206877
v 6.222387 5.190000 2.687541
v 7.495332 2.910000 4.504668
v 4.286055 5.190000 1.652550
v 7.919596 5.190000 4.080404
v -4.286055 5.190000 1.652550
v 10.347450 5.190000 7.713945
v -7.919596 5.190000 4.080404
v -10.347450 5.190000 7.713945
v -4.286055 5.190000 22.347450
v -10.347450 5.190000 16.286055
v -9.312459 5.190000 18.222387
v -9.793123 2.910000 16.056444
v -10.984795 5.190000 14.185012
v -8.813578 2.910000 17.889046
v -10.984795 5.190000 9.814988
v -11.200000 5.190000 12.000000
v -7.919596 5.190000 19.919596
v -6.222387 5.190000 21.312458
v -7.495332 2.910000 19.495333
v -5.889045 2.910000 20.813578
v -4.056445 2.910000 21.793123
v -2.185012 5.190000 22.984795
v -10.600000 2.910000 12.000000
v -10.396324 2.910000 9.932043
v -9.793123 2.910000 7.943555
v -8.813578 2.910000 6.110955
v -9.312459 5.190000 5.777613
v -7.495332 2.910000 4.504668
v 10.347450 5.190000 16.286055
v 10.984795 5.190000 14.185012
v 9.793123 2.910000 16.056444
v 9.312459 5.190000 18.222387
v 11.200000 5.190000 12.000000
v -6.222387 5.190000 2.687541
v 9.312459 5.190000 5.777613
v 6.440000 2.910000 15.853100
v 6.440000 2.910000 18.139999
v 4.911942 2.910000 18.139999
v 6.440000 2.910000 5.860000
v 4.302082 2.910000 5.860000
v 6.440000 2.910000 7.288511
v 1.221322 2.910000 18.139999
v -4.911942 2.910000 5.860000
v -6.440000 2.910000 8.146900
v -6.440000 2.910000 5.860000
v -6.440000 2.910000 16.711489
v -4.302082 2.910000 18.139999
v 6.440000 5.190000 5.860000
v 6.440000 5.190000 11.621395
v -0.078604 5.190000 18.139999
v -2.543272 5.190000 18.139999
v -6.440000 5.190000 6.095427
v -5.871630 5.190000 5.860000
v -6.440000 5.190000 5.860000
v -6.440000 5.190000 12.378605
v -6.440000 5.190000 18.139999
v -6.440000 2.910000 18.139999
v 6.440000 5.190000 17.904573
v 5.871630 5.190000 18.139999
v 6.440000 5.190000 18.139999
v 3.045000 2.910000 5.020045
v 3.045000 2.910000 3.721532
v 3.045000 2.910000 5.860000
v -3.045000 2.910000 2.008380
v -3.045000 2.910000 1.900059
v -3.045000 4.142261 1.562819
v -3.045000 2.910000 3.065924
v 3.045000 2.910000 2.620707
v 3.045000 2.910000 2.008380
v -3.045000 2.910000 5.860000
v 3.045000 2.910000 1.900059
v 3.045000 5.190000 1.276080
v 3.045000 5.190000 1.652550
v -3.045000 5.190000 1.652550
v -3.045000 5.190000 1.530316
v 3.045000 4.142261 1.562819
v 3.045000 5.190000 1.899411
v -3.045000 5.190000 3.110787
v 3.045000 5.190000 5.860000
v 3.045000 5.190000 4.648720
v 3.045000 5.190000 2.166612
v -3.045000 5.190000 4.689172
v 3.045000 5.190000 2.893604
v -3.045000 5.190000 5.860000
v -3.045000 5.190000 1.276080
v -3.045000 5.190000 1.405688
v 10.790000 3.140000 11.999998
v 10.695001 3.304545 11.999998
v 10.582673 3.140000 9.894973
v 10.695001 2.975455 11.999998
v 10.582673 3.140000 14.105021
v 10.489499 3.304545 9.913507
v 10.489499 2.975455 9.913507
v 10.489499 3.304545 14.086488
v 9.880892 3.304545 16.092802
v 10.303150 3.304545 14.049420
v 9.705354 3.304545 16.020092
v 8.734590 3.304545 17.836264
v 9.617586 3.140000 15.983738
v 8.892569 3.304545 17.941822
v 8.655601 3.140000 17.783485
v 10.209976 3.140000 14.030888
v 10.303150 2.975455 14.049420
v 10.410001 3.140000 11.999998
v 9.705354 2.975455 16.020092
v 8.734590 2.975455 17.836264
v 9.880892 2.975455 16.092802
v 8.892569 2.975455 17.941822
v 10.489499 2.975455 14.086488
v 7.562504 2.975455 19.562511
v 8.971558 3.140000 17.994602
v 7.428154 2.975455 19.428160
v 7.629679 3.140000 19.629684
v 9.968659 3.140000 16.129158
v 5.994603 3.140000 20.971558
v 7.562504 3.304545 19.562511
v 5.941824 3.304545 20.892569
v 7.428154 3.304545 19.428160
v 5.836266 3.304545 20.734589
v 4.020093 3.304545 21.705353
v 5.783487 3.140000 20.655600
v 4.092803 3.304545 21.880890
v 4.129158 3.140000 21.968658
v 2.086489 3.304545 22.489500
v 2.049422 3.304545 22.303150
v 0.000002 3.304545 22.505001
v 2.030889 3.140000 22.209976
v 3.983739 3.140000 21.617584
v 4.020093 2.975455 21.705353
v 2.049422 2.975455 22.303150
v 0.000002 2.975455 22.505001
v 2.086489 2.975455 22.489500
v 0.000002 2.975455 22.695000
v 4.092803 2.975455 21.880890
v 5.941824 2.975455 20.892569
v 5.836266 2.975455 20.734589
v 7.360979 3.140000 19.360985
v -2.086495 2.975455 22.489498
v 0.000002 3.140000 22.790001
v -2.105028 3.140000 22.582672
v -4.129154 3.140000 21.968660
v -2.086495 3.304545 22.489498
v -4.092799 3.304545 21.880894
v -5.941828 3.304545 20.892565
v -4.020089 3.304545 21.705357
v -5.836270 3.304545 20.734585
v -7.428158 3.304545 19.428156
v -5.783491 3.140000 20.655598
v -7.360983 3.140000 19.360981
v -8.655598 3.140000 17.783489
v -7.428158 2.975455 19.428156
v -5.836270 2.975455 20.734585
v -5.941828 2.975455 20.892565
v -4.020089 2.975455 21.705357
v -7.562508 2.975455 19.562506
v -4.092799 2.975455 21.880894
v -8.892567 2.975455 17.941826
v -7.629683 3.140000 19.629681
v -8.734587 2.975455 17.836267
v -8.971556 3.140000 17.994606
v -5.994607 3.140000 20.971554
v -7.562508 3.304545 19.562506
v -8.892567 3.304545 17.941826
v -8.734587 3.304545 17.836267
v -9.705356 3.304545 16.020088
v -9.880893 3.304545 16.092796
v -9.617587 3.140000 15.983732
v -10.209976 3.140000 14.030891
v -9.705356 2.975455 16.020088
v -10.303150 3.304545 14.049425
v -10.303150 2.975455 14.049425
v -10.505000 2.975455 12.000001
v -10.489499 2.975455 14.086493
v -10.695001 2.975455 12.000001
v -10.489499 2.975455 9.913511
v -10.790000 3.140000 12.000001
v -10.582673 3.140000 9.894978
v -9.968660 3.140000 7.870847
v -10.489499 3.304545 9.913511
v -9.880893 3.304545 7.907201
v -8.892569 3.304545 6.058176
v -9.705356 3.304545 7.979911
v -8.734589 3.304545 6.163735
v -7.428160 3.304545 4.571846
v -8.655600 3.140000 6.216514
v -7.360985 3.140000 4.639021
v -9.617587 3.140000 8.016266
v -9.705356 2.975455 7.979911
v -10.209976 3.140000 9.969111
v -8.734589 2.975455 6.163735
v -7.428160 2.975455 4.571846
v -8.892569 2.975455 6.058176
v -7.562510 2.975455 4.437496
v -9.880893 2.975455 7.907201
v -8.971558 3.140000 6.005397
v -7.629685 3.140000 4.370321
v -7.562510 3.304545 4.437496
v -5.941823 3.304545 3.107431
v -5.994601 3.140000 3.028442
v -4.129157 3.140000 2.031342
v -5.941823 2.975455 3.107431
v -4.092802 3.304545 2.119109
v -4.020092 3.304545 2.294646
v -5.836264 3.304545 3.265410
v -5.783485 3.140000 3.344400
v -3.983737 3.140000 2.382415
v -4.020092 2.975455 2.294646
v -5.836264 2.975455 3.265410
v -4.092802 2.975455 2.119109
v 4.092801 2.975455 2.119108
v 4.020091 2.975455 2.294645
v 4.129155 3.140000 2.031340
v 5.994600 3.140000 3.028440
v 4.092801 3.304545 2.119108
v 5.941822 3.304545 3.107430
v 4.020091 3.304545 2.294645
v 5.836263 3.304545 3.265409
v 7.428155 3.304545 4.571842
v 5.783484 3.140000 3.344398
v 7.360981 3.140000 4.639017
v 5.836263 2.975455 3.265409
v 3.983736 3.140000 2.382413
v 7.428155 2.975455 4.571842
v 8.734588 2.975455 6.163733
v 7.562506 2.975455 4.437491
v 8.892567 2.975455 6.058175
v 9.880892 2.975455 7.907200
v 8.971556 3.140000 6.005395
v 9.705354 2.975455 7.979910
v 9.968659 3.140000 7.870845
v 7.629681 3.140000 4.370317
v 7.562506 3.304545 4.437491
v 8.892567 3.304545 6.058175
v 9.880892 3.304545 7.907200
v 8.734588 3.304545 6.163733
v 9.705354 3.304545 7.979910
v 10.303149 3.304545 9.950574
v 9.617586 3.140000 8.016264
v 10.209975 3.140000 9.969108
v 10.303149 2.975455 9.950574
v 10.505000 3.304545 11.999998
v 10.505000 2.975455 11.999998
v 8.655599 3.140000 6.216512
v 5.941822 2.975455 3.107430
v -10.303150 3.304545 9.950578
v -10.303150 2.975455 9.950578
v -10.410001 3.140000 12.000001
v -10.505000 3.304545 12.000001
v -10.695001 3.304545 12.000001
v -10.489499 3.304545 14.086493
v -10.582673 3.140000 14.105026
v -9.968660 3.140000 16.129152
v -9.880893 2.975455 16.092796
v -3.983734 3.140000 21.617588
v -2.049427 2.975455 22.303148
v -2.030894 3.140000 22.209974
v -2.049427 3.304545 22.303148
v 0.000002 3.140000 22.410000
v 0.000002 3.304545 22.695000
v 2.105023 3.140000 22.582674
v -3.045000 3.227333 1.754902
v -3.045000 3.304545 1.801261
v -3.045000 3.304545 1.902584
v -3.045000 3.304545 1.998856
v -3.045000 3.219855 2.049705
v -3.045000 3.140000 2.097651
v -3.045000 3.060145 2.049705
v -3.045000 2.975455 1.998856
v -3.045000 2.975455 1.902584
v -3.045000 3.052667 1.754902
v -3.045000 2.975455 1.801261
v -3.045000 3.140000 1.702465
v 3.045000 2.975455 1.899211
v 3.045000 2.975455 1.998856
v 3.045000 3.052667 1.754902
v 3.045000 2.975455 1.801261
v 3.045000 3.140000 1.702465
v 3.045000 3.304545 1.801261
v 3.045000 3.227333 1.754902
v 3.045000 3.304545 1.899211
v 3.045000 3.304545 1.998856
v 3.045000 3.219855 2.049705
v 3.045000 3.140000 2.097651
v 3.045000 3.056114 2.047284
v 0.000000 5.010000 23.200001
v -2.185012 5.010000 22.984795
v 0.000000 7.290000 23.299999
v 2.185012 5.010000 22.984795
v 2.204521 7.290000 23.082874
v 4.324323 7.290000 22.439838
v -4.324323 7.290000 22.439838
v 4.286055 5.010000 22.347450
v 6.222387 5.010000 21.312458
v 6.277944 7.290000 21.395607
v 7.990307 7.290000 19.990307
v 9.395607 7.290000 18.277945
v 7.919596 5.010000 19.919596
v 9.312459 5.010000 18.222387
v 10.439838 7.290000 16.324324
v 11.082873 7.290000 14.204521
v 10.347450 5.010000 16.286055
v 10.439838 7.290000 7.675677
v 4.324323 7.290000 1.560162
v 4.286055 5.010000 1.652550
v 6.277944 7.290000 2.604393
v 7.990307 7.290000 4.009693
v -4.324323 7.290000 1.560162
v -10.439838 7.290000 7.675677
v -11.082873 7.290000 9.795479
v -10.347450 5.010000 7.713945
v -9.395607 7.290000 5.722056
v -7.990307 7.290000 4.009693
v -11.300000 7.290000 12.000000
v -11.082873 7.290000 14.204521
v -10.439838 7.290000 16.324324
v -9.395607 7.290000 18.277945
v -10.347450 5.010000 16.286055
v -7.990307 7.290000 19.990307
v -6.277944 7.290000 21.395607
v -7.919596 5.010000 19.919596
v -6.222387 5.010000 21.312458
v -9.312459 5.010000 18.222387
v -10.984795 5.010000 14.185012
v -11.200000 5.010000 12.000000
v -10.984795 5.010000 9.814988
v -9.312459 5.010000 5.777613
v -7.919596 5.010000 4.080404
v -6.222387 5.010000 2.687541
v -4.286055 5.010000 1.652550
v 6.222387 5.010000 2.687541
v 10.984795 5.010000 9.814988
v 10.347450 5.010000 7.713945
v 11.082873 7.290000 9.795479
v 11.200000 5.010000 12.000000
v 9.312459 5.010000 5.777613
v 10.984795 5.010000 14.185012
v 11.300000 7.290000 12.000000
v 7.919596 5.010000 4.080404
v 9.395607 7.290000 5.722056
v -6.277944 7.290000 2.604393
v -4.286055 5.010000 22.347450
v -2.204521 7.290000 23.082874
v 6.440000 7.290000 5.860000
v 6.105374 7.290000 5.860000
v 6.440000 7.290000 6.667858
v 6.440000 7.290000 17.981110
v 6.440000 7.290000 18.139999
v 6.056406 7.290000 18.139999
v -2.543272 7.290000 18.139999
v -6.056406 7.290000 5.860000
v -6.440000 7.290000 6.018890
v -6.440000 7.290000 5.860000
v -6.440000 7.290000 17.332142
v -6.105374 7.290000 18.139999
v -6.440000 7.290000 18.139999
v -1.052177 5.010000 18.139999
v -5.065736 5.010000 18.139999
v -6.440000 5.010000 17.221746
v -6.440000 5.010000 10.076551
v -6.440000 5.010000 18.139999
v 1.221322 5.010000 18.139999
v -6.440000 5.010000 5.860000
v 6.440000 5.010000 5.860000
v 6.440000 5.010000 6.778254
v 5.065736 5.010000 5.860000
v 6.440000 5.010000 13.923449
v 6.440000 5.010000 18.139999
v 3.045000 7.290000 4.648720
v 3.045000 7.290000 5.860000
v 3.045000 7.290000 1.172083
v 3.045000 7.290000 1.560162
v -3.045000 7.290000 1.560162
v -3.045000 7.290000 1.434159
v 3.045000 6.369384 1.214075
v 3.045000 7.290000 2.090075
v -3.045000 7.290000 4.612635
v -3.045000 7.290000 5.860000
v -3.045000 5.010000 1.589831
v -3.045000 5.010000 1.371425
v -3.045000 5.010000 5.860000
v -3.045000 5.010000 1.276080
v -3.045000 6.369384 1.214075
v 3.045000 5.010000 1.530316
v 3.045000 5.010000 1.276080
v 3.045000 5.010000 2.055519
v 3.045000 5.010000 4.509788
v 3.045000 5.010000 5.860000
v -3.045000 7.290000 1.305688
v -3.045000 7.290000 1.172083
v 11.389999 5.240000 11.999998
v 11.295000 5.404545 11.999998
v 11.171144 5.240000 9.777919
v 11.295000 5.075455 11.999998
v 11.171144 5.240000 14.222075
v 11.077970 5.075455 9.796453
v 11.077971 5.404545 14.203542
v 11.077971 5.075455 14.203542
v 10.891621 5.075455 14.166474
v 10.435219 5.075455 16.322412
v 10.259681 5.075455 16.249702
v 11.105000 5.075455 11.999998
v 11.010000 5.240000 11.999998
v 10.891620 5.075455 9.833519
v 10.798446 5.240000 9.852053
v 10.891620 5.404545 9.833519
v 10.171913 5.240000 7.786654
v 10.259681 5.404545 7.750300
v 10.259681 5.075455 7.750300
v 10.435219 5.075455 7.677590
v 9.233468 5.075455 5.830391
v 9.154479 5.240000 5.883170
v 9.391448 5.075455 5.724833
v 9.470437 5.240000 5.672054
v 7.986769 5.075455 4.013227
v 7.852419 5.075455 4.147578
v 8.053944 5.240000 3.946053
v 7.986769 5.404545 4.013227
v 6.327942 5.240000 2.529559
v 9.391448 5.404545 5.724833
v 10.435219 5.404545 7.677590
v 9.233468 5.404545 5.830391
v 7.852419 5.404545 4.147578
v 7.785244 5.240000 4.214753
v 6.169605 5.404545 2.766528
v 6.275163 5.404545 2.608548
v 6.116826 5.240000 2.845517
v 4.249701 5.404545 1.740318
v 4.322411 5.404545 1.564780
v 4.213346 5.240000 1.828086
v -4.358767 5.240000 1.477014
v -4.322412 5.404545 1.564782
v -4.322412 5.075455 1.564782
v -6.327943 5.240000 2.529561
v -6.275164 5.075455 2.608550
v -6.169605 5.075455 2.766529
v -7.986774 5.075455 4.013232
v -7.852423 5.075455 4.147583
v -8.053948 5.240000 3.946057
v -7.986774 5.404545 4.013232
v -9.470438 5.240000 5.672055
v -6.275164 5.404545 2.608550
v -6.169605 5.404545 2.766529
v -7.852423 5.404545 4.147583
v -7.785249 5.240000 4.214757
v -9.233470 5.404545 5.830393
v -6.116827 5.240000 2.845518
v -9.391449 5.404545 5.724834
v -10.435220 5.404545 7.677591
v -10.522988 5.240000 7.641237
v -10.259683 5.404545 7.750301
v -11.077971 5.404545 9.796456
v -11.171144 5.240000 9.777924
v -10.891621 5.404545 9.833524
v -11.295000 5.404545 12.000001
v -11.389999 5.240000 12.000001
v -11.295000 5.075455 12.000001
v -11.171144 5.240000 14.222080
v -11.077971 5.075455 9.796456
v -11.077971 5.404545 14.203547
v -11.077971 5.075455 14.203547
v -10.891621 5.075455 14.166479
v -10.435220 5.075455 16.322407
v -10.522988 5.240000 16.358761
v -10.435220 5.404545 16.322407
v -9.470436 5.240000 18.327948
v -9.391447 5.404545 18.275169
v -9.391447 5.075455 18.275169
v -8.053946 5.240000 20.053944
v -7.986772 5.404545 19.986771
v -7.986772 5.075455 19.986771
v -6.327950 5.240000 21.470436
v -6.275171 5.404545 21.391445
v -6.275171 5.075455 21.391445
v -4.358764 5.240000 22.522987
v -4.322409 5.404545 22.435219
v -4.322409 5.075455 22.435219
v -4.249699 5.075455 22.259682
v -2.203549 5.075455 23.077969
v -6.169612 5.075455 21.233467
v -2.222082 5.240000 23.171143
v -2.203549 5.404545 23.077969
v 0.000003 5.240000 23.389999
v 0.000003 5.075455 23.295000
v 0.000003 5.075455 23.105000
v 2.203543 5.075455 23.077971
v 2.166476 5.075455 22.891621
v 2.222077 5.240000 23.171144
v 2.203543 5.404545 23.077971
v 4.358768 5.240000 22.522985
v 0.000003 5.404545 23.295000
v 0.000003 5.404545 23.105000
v -2.166481 5.404545 22.891619
v -4.249699 5.404545 22.259682
v -2.147948 5.240000 22.798445
v 0.000002 5.240000 23.010000
v 2.147943 5.240000 22.798447
v -2.166481 5.075455 22.891619
v 2.166476 5.404545 22.891621
v 4.213349 5.240000 22.171913
v 4.249703 5.404545 22.259680
v 4.249703 5.075455 22.259680
v 6.116828 5.240000 21.154480
v 6.169608 5.404545 21.233471
v 6.169608 5.075455 21.233471
v 7.785243 5.240000 19.785250
v 7.852417 5.404545 19.852425
v 7.852417 5.075455 19.852425
v 9.154481 5.240000 18.116827
v 9.233470 5.404545 18.169605
v 9.391450 5.404545 18.275166
v 10.259681 5.404545 16.249702
v 7.986768 5.404545 19.986774
v 10.435219 5.404545 16.322412
v 10.171913 5.240000 16.213348
v 10.798447 5.240000 14.147942
v 9.233470 5.075455 18.169605
v 10.891621 5.404545 14.166474
v 11.105000 5.404545 11.999998
v 11.077970 5.404545 9.796453
v 10.522986 5.240000 7.641235
v 9.391450 5.075455 18.275166
v 7.986768 5.075455 19.986774
v 6.275166 5.075455 21.391449
v 8.053943 5.240000 20.053949
v 9.470439 5.240000 18.327944
v 10.522986 5.240000 16.358767
v 6.327945 5.240000 21.470440
v 6.275166 5.404545 21.391449
v 4.322413 5.404545 22.435219
v 4.322413 5.075455 22.435219
v -4.213344 5.240000 22.171913
v -6.116833 5.240000 21.154476
v -6.169612 5.404545 21.233467
v -7.852421 5.404545 19.852419
v -9.233468 5.404545 18.169609
v -7.785247 5.240000 19.785244
v -9.154479 5.240000 18.116831
v -7.852421 5.075455 19.852419
v -9.233468 5.075455 18.169609
v -10.259683 5.075455 16.249697
v -10.171914 5.240000 16.213343
v -10.259683 5.404545 16.249697
v -10.798447 5.240000 14.147946
v -10.891621 5.404545 14.166479
v -11.010000 5.240000 12.000001
v -11.105000 5.404545 12.000001
v -10.798447 5.240000 9.852057
v -11.105000 5.075455 12.000001
v -10.891621 5.075455 9.833524
v -10.259683 5.075455 7.750301
v -10.171914 5.240000 7.786656
v -9.233470 5.075455 5.830393
v -10.435220 5.075455 7.677591
v -9.391449 5.075455 5.724834
v -9.154481 5.240000 5.883172
v -4.213347 5.240000 1.828088
v -4.249701 5.404545 1.740319
v -4.249701 5.075455 1.740319
v 4.322411 5.075455 1.564780
v 4.249701 5.075455 1.740318
v 6.169605 5.075455 2.766528
v 6.275163 5.075455 2.608548
v 4.358765 5.240000 1.477013
v 3.045000 5.404545 1.258541
v 3.045000 5.404545 1.177282
v 3.045000 5.404545 1.374877
v 3.045000 5.333921 1.417280
v 3.045000 5.304469 1.117195
v -3.045000 5.340302 1.138710
v -3.045000 5.240000 1.078486
v -3.045000 5.139698 1.138710
v -3.045000 5.404545 1.177283
v -3.045000 5.075455 1.177283
v -3.045000 5.310229 1.431505
v -3.045000 5.240000 1.473673
v -3.045000 5.169770 1.431505
v -3.045000 5.075455 1.374877
v -3.045000 5.075455 1.258540
v 3.045000 5.075455 1.258541
v 3.045000 5.075455 1.374877
v 3.045000 5.075455 1.177282
v 3.045000 5.175530 1.117195
v 3.045000 5.240000 1.473673
v 3.045000 5.169770 1.431505
v 3.045000 5.240000 1.078486
v -3.045000 5.404545 1.374877
v -3.045000 5.404545 1.258540
v 0.000000 7.110000 23.299999
v -2.204521 7.110000 23.082874
v 0.000000 9.389999 22.900000
v 2.204521 7.110000 23.082874
v 4.324323 7.110000 22.439838
v 2.126484 9.389999 22.690559
v 4.171249 9.389999 22.070286
v 9.395607 7.110000 18.277945
v 7.990307 7.110000 19.990307
v 6.277944 7.110000 21.395607
v -11.082873 7.110000 14.204521
v 11.082873 7.110000 9.795479
v 11.082873 7.110000 14.204521
v -4.324323 7.110000 1.560162
v -2.126484 9.389999 1.309442
v -4.171249 9.389999 1.929714
v 0.000000 9.389999 1.100000
v -9.395607 7.110000 5.722056
v -7.990307 7.110000 4.009693
v -6.277944 7.110000 2.604393
v -11.082873 7.110000 9.795479
v -11.300000 7.110000 12.000000
v -10.690558 9.389999 9.873516
v -10.439838 7.110000 7.675677
v -10.900000 9.389999 12.000000
v -10.070286 9.389999 7.828751
v -9.063018 9.389999 5.944284
v -10.070286 9.389999 16.171249
v 4.171249 9.389999 1.929714
v 2.126484 9.389999 1.309442
v 4.324323 7.110000 1.560162
v 6.055716 9.389999 2.936982
v 6.277944 7.110000 2.604393
v 10.070286 9.389999 7.828751
v -4.171249 9.389999 22.070286
v -2.126484 9.389999 22.690559
v -4.324323 7.110000 22.439838
v -6.055716 9.389999 21.063019
v -6.277944 7.110000 21.395607
v 10.070286 9.389999 16.171249
v 10.690558 9.389999 14.126484
v 10.439838 7.110000 16.324324
v 9.063018 9.389999 18.055716
v 10.900000 9.389999 12.000000
v 10.690558 9.389999 9.873516
v 11.300000 7.110000 12.000000
v 7.707464 9.389999 19.707464
v 6.055716 9.389999 21.063019
v -7.990307 7.110000 19.990307
v -7.707464 9.389999 19.707464
v -9.395607 7.110000 18.277945
v -9.063018 9.389999 18.055716
v -10.439838 7.110000 16.324324
v 9.063018 9.389999 5.944284
v 10.439838 7.110000 7.675677
v 7.707464 9.389999 4.292536
v 7.990307 7.110000 4.009693
v 9.395607 7.110000 5.722056
v -10.690558 9.389999 14.126484
v -7.707464 9.389999 4.292536
v -6.055716 9.389999 2.936982
v -5.193012 7.110000 18.139999
v -6.440000 7.110000 18.139999
v -6.440000 7.110000 17.306789
v 1.221322 7.110000 18.139999
v -6.440000 7.110000 7.255970
v -5.507243 7.110000 5.860000
v 6.440000 7.110000 16.744030
v 6.440000 7.110000 18.139999
v 5.507243 7.110000 18.139999
v 6.440000 7.110000 6.693211
v 5.193012 7.110000 5.860000
v 6.440000 7.110000 5.860000
v -6.440000 7.110000 5.860000
v -5.317301 9.389999 5.860000
v -6.440000 9.389999 6.325037
v -6.440000 9.389999 5.860000
v 0.240963 9.389999 5.860000
v -6.440000 9.389999 12.540964
v 6.440000 9.389999 11.459036
v 6.440000 9.389999 5.860000
v -0.240963 9.389999 18.139999
v -2.543272 9.389999 18.139999
v 2.543272 9.389999 5.860000
v -6.440000 9.389999 18.139999
v 6.440000 9.389999 17.674963
v 6.440000 9.389999 18.139999
v 5.317301 9.389999 18.139999
v -3.045000 7.110000 5.860000
v -3.045000 7.110000 2.174993
v 3.045000 7.110000 4.424744
v 3.045000 7.110000 5.860000
v -3.045000 7.110000 1.265265
v -3.045000 7.110000 1.172083
v -3.045000 8.084355 1.349854
v -2.131618 9.240000 1.283631
v -0.145034 9.240000 1.087969
v -3.045000 9.240000 1.560702
v 0.000000 9.240000 1.073685
v -3.045000 7.110000 1.757607
v -3.045000 7.110000 1.478717
v -3.045000 7.110000 1.366372
v 3.045000 7.110000 1.757607
v 3.045000 8.084355 1.349854
v 3.045000 9.240000 1.560702
v 2.131618 9.240000 1.283631
v 3.045000 7.110000 1.172083
v 3.045000 7.110000 1.265265
v 0.145034 9.240000 1.087969
v -3.045000 9.240000 5.860000
v 3.045000 9.240000 5.860000
v 11.490000 7.340000 11.999998
v 11.395000 7.504545 11.999998
v 11.269222 7.340000 9.758410
v 11.395000 7.175455 11.999998
v 11.269223 7.340000 14.241585
v 11.176049 7.504545 14.223051
v 11.176049 7.175455 14.223051
v 10.989699 7.175455 14.185984
v 10.527607 7.175455 16.360680
v 10.352070 7.175455 16.287971
v 11.205000 7.175455 11.999998
v 11.110001 7.340000 11.999998
v 10.989698 7.175455 9.814011
v 10.896524 7.340000 9.832544
v 11.176048 7.175455 9.776943
v 10.896525 7.340000 14.167450
v 10.989699 7.504545 14.185984
v 10.264301 7.340000 16.251616
v 10.352070 7.504545 16.287971
v 11.205000 7.504545 11.999998
v 10.989698 7.504545 9.814011
v 11.176048 7.504545 9.776943
v 10.527607 7.504545 7.639321
v 10.615375 7.340000 7.602967
v 10.527607 7.175455 7.639321
v 9.553584 7.340000 5.616497
v 9.474595 7.175455 5.669275
v 9.316616 7.175455 5.774834
v 8.057480 7.175455 3.942516
v 7.923129 7.175455 4.076867
v 7.855955 7.340000 4.144042
v 6.225162 7.175455 2.683381
v 6.172383 7.340000 2.762370
v 6.330720 7.175455 2.525401
v 6.383499 7.340000 2.446412
v 4.360679 7.175455 1.472392
v 8.124655 7.340000 3.875341
v 4.287969 7.175455 1.647930
v 4.251614 7.340000 1.735698
v 4.397034 7.340000 1.384624
v -4.287970 7.175455 1.647931
v -4.251616 7.340000 1.735699
v -4.287970 7.504545 1.647931
v -6.172384 7.340000 2.762371
v -6.225163 7.504545 2.683382
v -6.330721 7.504545 2.525402
v -7.923135 7.504545 4.076872
v -4.360680 7.504545 1.472394
v -8.057485 7.504545 3.942521
v -7.855959 7.340000 4.144046
v -7.923135 7.175455 4.076872
v -9.237628 7.340000 5.827614
v -6.225163 7.175455 2.683382
v -6.330721 7.175455 2.525402
v -4.360680 7.175455 1.472394
v -8.057485 7.175455 3.942521
v -8.124660 7.340000 3.875346
v -9.474597 7.175455 5.669277
v -9.316617 7.175455 5.774836
v -9.553586 7.340000 5.616498
v -10.527608 7.175455 7.639323
v -10.352071 7.175455 7.712033
v -10.615376 7.340000 7.602968
v -11.176049 7.175455 9.776947
v -10.989699 7.175455 9.814014
v -11.269223 7.340000 9.758414
v -11.395000 7.175455 12.000001
v -11.205000 7.175455 12.000001
v -11.110001 7.340000 12.000001
v -10.989699 7.175455 14.185988
v -10.896525 7.340000 14.167456
v -10.989699 7.504545 14.185988
v -10.264303 7.340000 16.251610
v -11.205000 7.504545 12.000001
v -10.352071 7.504545 16.287966
v -10.352071 7.175455 16.287966
v -10.527609 7.175455 16.360676
v -9.316615 7.175455 18.225166
v -9.237626 7.340000 18.172388
v -9.474595 7.175455 18.330727
v -9.553584 7.340000 18.383505
v -8.057483 7.175455 20.057480
v -10.615376 7.340000 16.397030
v -8.124658 7.340000 20.124657
v -8.057483 7.504545 20.057480
v -6.383507 7.340000 21.553581
v -9.474595 7.504545 18.330727
v -6.330728 7.504545 21.474594
v -6.330728 7.175455 21.474594
v -6.225169 7.175455 21.316614
v -4.360677 7.175455 22.527607
v -7.923132 7.175455 19.923130
v -7.855958 7.340000 19.855955
v -6.172390 7.340000 21.237625
v -6.225169 7.504545 21.316614
v -4.251613 7.340000 22.264303
v -7.923132 7.504545 19.923130
v -9.316615 7.504545 18.225166
v -4.287967 7.504545 22.352070
v -4.287967 7.175455 22.352070
v -2.167457 7.340000 22.896524
v -2.185991 7.504545 22.989698
v -2.185991 7.175455 22.989698
v 0.000003 7.340000 23.110001
v 0.000003 7.504545 23.205000
v 0.000003 7.504545 23.395000
v 2.185985 7.504545 22.989700
v -2.223058 7.504545 23.176048
v -2.241592 7.340000 23.269222
v -4.360677 7.504545 22.527607
v 0.000003 7.340000 23.490000
v 0.000003 7.175455 23.395000
v 2.241586 7.340000 23.269222
v -2.223058 7.175455 23.176048
v 2.223053 7.175455 23.176050
v 2.185985 7.175455 22.989700
v 4.360682 7.175455 22.527607
v 4.287972 7.175455 22.352068
v 4.397037 7.340000 22.615374
v 6.330723 7.175455 21.474598
v 6.225164 7.175455 21.316616
v 6.383502 7.340000 21.553585
v 8.057479 7.175455 20.057486
v 7.923129 7.175455 19.923134
v 8.124654 7.340000 20.124660
v 9.474597 7.175455 18.330723
v 9.316618 7.175455 18.225163
v 9.553586 7.340000 18.383501
v 10.615375 7.340000 16.397036
v 10.527607 7.504545 16.360680
v 9.474597 7.504545 18.330723
v 8.057479 7.504545 20.057486
v 9.316618 7.504545 18.225163
v 7.923129 7.504545 19.923134
v 6.225164 7.504545 21.316616
v 7.855954 7.340000 19.855961
v 9.237629 7.340000 18.172384
v 6.172386 7.340000 21.237629
v 4.251617 7.340000 22.264301
v 4.287972 7.504545 22.352068
v 4.360682 7.504545 22.527607
v 6.330723 7.504545 21.474598
v 2.223053 7.504545 23.176050
v 2.167452 7.340000 22.896526
v 0.000003 7.175455 23.205000
v -4.397032 7.340000 22.615376
v -10.527609 7.504545 16.360676
v -11.176049 7.504545 14.223056
v -11.269223 7.340000 14.241590
v -11.395000 7.504545 12.000001
v -11.490000 7.340000 12.000001
v -11.176049 7.504545 9.776947
v -10.989699 7.504545 9.814014
v -10.352071 7.504545 7.712033
v -10.896525 7.340000 9.832548
v -10.264303 7.340000 7.748388
v -10.527608 7.504545 7.639323
v -9.316617 7.504545 5.774836
v -9.474597 7.504545 5.669277
v -11.176049 7.175455 14.223056
v -6.383500 7.340000 2.446413
v -4.397035 7.340000 1.384625
v 4.287969 7.504545 1.647930
v 4.360679 7.504545 1.472392
v 6.225162 7.504545 2.683381
v 6.330720 7.504545 2.525401
v 8.057480 7.504545 3.942516
v 7.923129 7.504545 4.076867
v 9.316616 7.504545 5.774834
v 9.474595 7.504545 5.669275
v 10.352070 7.504545 7.712031
v 9.237627 7.340000 5.827613
v 10.264301 7.340000 7.748386
v 10.352070 7.175455 7.712031
v 3.045000 7.243883 1.311965
v 3.045000 7.175455 1.270880
v 3.045000 7.175455 1.151938
v 3.045000 7.175455 1.073286
v 3.045000 7.237667 1.035933
v 3.045000 7.340000 0.974490
v -3.045000 7.340000 1.369676
v -3.045000 7.243883 1.311965
v -3.045000 7.175455 1.270880
v -3.045000 7.175455 1.151938
v -3.045000 7.504545 1.270880
v -3.045000 7.436118 1.311965
v -3.045000 7.340000 0.974490
v -3.045000 7.277616 1.011947
v -3.045000 7.402384 1.011947
v -3.045000 7.504545 1.073286
v -3.045000 7.175455 1.073286
v 3.045000 7.504545 1.151938
v 3.045000 7.504545 1.270880
v 3.045000 7.436117 1.311965
v 3.045000 7.340000 1.369676
v 3.045000 7.504545 1.073286
v 3.045000 7.402384 1.011947
v -3.045000 7.504545 1.151938
v 0.000000 9.210001 22.900000
v -2.126484 9.210001 22.690559
v 6.440000 11.139999 5.860000
v 0.000000 11.490001 22.000000
v 2.126484 9.210001 22.690559
v 6.440000 11.139999 18.139999
v 1.950903 11.490001 21.807854
v 3.826835 11.490001 21.238796
v -6.440000 11.139999 5.860000
v 5.555702 11.490001 20.314697
v 4.171249 9.210001 22.070286
v -6.440000 11.139999 18.139999
v 7.071068 11.490001 19.071068
v 8.314696 11.490001 17.555702
v 9.238795 11.490001 15.826835
v 9.807853 11.490001 13.950903
v 10.070286 9.210001 16.171249
v 10.690558 9.210001 14.126484
v 9.238795 11.490001 8.173165
v -3.826835 11.490001 21.238796
v -1.950903 11.490001 21.807854
v -4.171249 9.210001 22.070286
v -5.555702 11.490001 20.314697
v -9.238795 11.490001 15.826835
v 3.826835 11.490001 2.761205
v 1.950903 11.490001 2.192147
v 4.171249 9.210001 1.929714
v 5.555702 11.490001 3.685304
v 0.000000 11.490001 2.000000
v -9.238795 11.490001 8.173165
v -9.807853 11.490001 10.049097
v -10.070286 9.210001 7.828751
v -8.314696 11.490001 6.444298
v -10.690558 9.210001 9.873516
v -3.826835 11.490001 2.761205
v -10.000000 11.490001 12.000000
v -9.807853 11.490001 13.950903
v -10.690558 9.210001 14.126484
v -10.900000 9.210001 12.000000
v -10.070286 9.210001 16.171249
v -6.055716 9.210001 21.063019
v -9.063018 9.210001 5.944284
v -7.707464 9.210001 4.292536
v -7.071068 11.490001 4.928932
v -6.055716 9.210001 2.936982
v -4.171249 9.210001 1.929714
v -1.950903 11.490001 2.192147
v 10.690558 9.210001 9.873516
v 9.063018 9.210001 18.055716
v 7.707464 9.210001 19.707464
v 6.055716 9.210001 21.063019
v 10.070286 9.210001 7.828751
v 9.807853 11.490001 10.049097
v 10.900000 9.210001 12.000000
v 6.055716 9.210001 2.936982
v 7.707464 9.210001 4.292536
v 7.071068 11.490001 4.928932
v 9.063018 9.210001 5.944284
v 8.314696 11.490001 6.444298
v 10.000000 11.490001 12.000000
v -5.555702 11.490001 3.685304
v -7.707464 9.210001 19.707464
v -7.071068 11.490001 19.071068
v -9.063018 9.210001 18.055716
v -8.314696 11.490001 17.555702
v -0.914102 9.210001 18.139999
v -4.683908 9.210001 18.139999
v -6.440000 9.210001 9.869908
v -6.440000 9.210001 16.966618
v -6.440000 9.210001 18.139999
v 1.221322 9.210001 18.139999
v -6.440000 9.210001 5.860000
v 6.440000 9.210001 5.860000
v 6.440000 9.210001 7.033383
v 4.683908 9.210001 5.860000
v 6.440000 9.210001 14.130092
v 6.440000 9.210001 18.139999
v 2.124174 9.240000 1.321056
v 2.148857 9.240000 1.328544
v 3.045000 9.210001 1.588070
v 3.045000 9.240000 1.600386
v -3.045000 9.210001 1.923174
v -3.045000 9.210001 1.588070
v -3.045000 9.210001 5.860000
v -2.148857 9.240000 1.328544
v -3.045000 9.240000 1.600386
v -2.124174 9.240000 1.321056
v -0.025670 9.240000 1.114370
v 3.045000 9.210001 4.764917
v 3.045000 9.210001 2.227957
v 3.045000 9.210001 5.860000
v 3.045000 9.210001 1.689903
v 0.000000 9.240000 1.111842
v 2.098505 9.240000 1.318528
v -3.045000 9.240000 5.860000
v 3.045000 9.240000 5.860000
v 11.089999 9.440000 11.999998
v 10.995000 9.604545 11.999998
v 10.876907 9.440000 9.836446
v 10.995000 9.275455 11.999998
v 10.876908 9.440000 14.163548
v 10.783733 9.275455 9.854980
v 10.783734 9.604545 14.145015
v 10.783734 9.275455 14.145015
v 10.597384 9.275455 14.107947
v 10.158054 9.275455 16.207607
v 9.982517 9.275455 16.134897
v 10.245823 9.440000 16.243961
v 10.804999 9.275455 11.999998
v 10.710000 9.440000 11.999998
v 10.597384 9.275455 9.892047
v 10.504210 9.440000 9.910580
v 10.597384 9.604545 9.892047
v 9.894750 9.440000 7.901460
v 9.982517 9.604545 7.865105
v 9.982517 9.275455 7.865105
v 10.158054 9.275455 7.792395
v 8.984028 9.275455 5.997062
v 8.905039 9.440000 6.049841
v 8.984028 9.604545 5.997062
v 7.573112 9.440000 4.426885
v 7.640286 9.604545 4.359710
v 7.640286 9.275455 4.359710
v 5.950155 9.440000 3.094958
v 6.002934 9.604545 3.015969
v 6.002934 9.275455 3.015969
v 4.098541 9.440000 2.105250
v 4.134895 9.604545 2.017482
v 4.134895 9.275455 2.017482
v 2.089417 9.440000 1.495790
v 2.107951 9.604545 1.402616
v 2.107951 9.275455 1.402616
v -0.000001 9.440000 1.290000
v -0.000001 9.604545 1.195001
v -0.000001 9.604545 1.005000
v -2.107953 9.604545 1.402616
v -2.145020 9.604545 1.216267
v -2.163553 9.440000 1.123093
v -4.207607 9.604545 1.841946
v -0.000001 9.440000 0.910001
v -4.243961 9.440000 1.754178
v -4.207607 9.275455 1.841946
v -6.161272 9.440000 2.779002
v -6.108493 9.604545 2.857991
v -6.108493 9.275455 2.857991
v -7.841816 9.440000 4.158189
v -7.774642 9.604545 4.225364
v -7.774642 9.275455 4.225364
v -9.220998 9.440000 5.838727
v -9.142009 9.604545 5.891505
v -9.142009 9.275455 5.891505
v -10.245824 9.440000 7.756042
v -10.158056 9.275455 7.792397
v -9.982518 9.275455 7.865107
v -10.783734 9.275455 9.854984
v -10.597384 9.275455 9.892051
v -10.504210 9.440000 9.910584
v -10.804999 9.275455 12.000001
v -10.710000 9.440000 12.000001
v -10.804999 9.604545 12.000001
v -10.504210 9.440000 14.089418
v -10.597384 9.604545 14.107952
v -10.783734 9.604545 14.145020
v -9.982518 9.604545 16.134892
v -10.158056 9.604545 16.207602
v -10.245824 9.440000 16.243958
v -9.142007 9.604545 18.108498
v -10.876908 9.440000 14.163553
v -11.089999 9.440000 12.000001
v -10.783734 9.275455 14.145020
v -10.995000 9.604545 12.000001
v -10.158056 9.275455 16.207602
v -9.982518 9.275455 16.134892
v -9.142007 9.275455 18.108498
v -10.597384 9.275455 14.107952
v -8.984027 9.275455 18.002939
v -8.905038 9.440000 17.950161
v -7.640289 9.275455 19.640287
v -7.573114 9.440000 19.573112
v -7.774640 9.275455 19.774637
v -7.841815 9.440000 19.841812
v -6.108499 9.275455 21.142006
v -9.220996 9.440000 18.161276
v -7.774640 9.604545 19.774637
v -7.640289 9.604545 19.640287
v -6.108499 9.604545 21.142006
v -8.984027 9.604545 18.002939
v -6.161278 9.440000 21.220993
v -6.002941 9.604545 20.984026
v -4.207604 9.604545 22.158056
v -4.243958 9.440000 22.245823
v -4.134894 9.604545 21.982517
v -4.098539 9.440000 21.894751
v -2.107954 9.604545 22.597383
v -5.950161 9.440000 20.905037
v -2.145022 9.604545 22.783733
v -2.163555 9.440000 22.876907
v 0.000002 9.604545 22.994999
v 0.000003 9.440000 23.090000
v 0.000002 9.604545 22.805000
v 2.145016 9.604545 22.783735
v 2.107949 9.604545 22.597385
v 2.089416 9.440000 22.504211
v 4.134898 9.604545 21.982517
v 0.000002 9.440000 22.709999
v -2.089421 9.440000 22.504210
v 0.000002 9.275455 22.805000
v -2.107954 9.275455 22.597383
v 2.107949 9.275455 22.597385
v 2.145016 9.275455 22.783735
v 4.134898 9.275455 21.982517
v 0.000002 9.275455 22.994999
v -2.145022 9.275455 22.783733
v -4.207604 9.275455 22.158056
v -4.134894 9.275455 21.982517
v -6.002941 9.275455 20.984026
v 4.098544 9.440000 21.894749
v 4.207608 9.275455 22.158054
v 6.002936 9.275455 20.984028
v 6.108495 9.275455 21.142010
v 6.161273 9.440000 21.220997
v 7.774636 9.275455 19.774643
v 4.243963 9.440000 22.245821
v 2.163550 9.440000 22.876909
v 4.207608 9.604545 22.158054
v 6.108495 9.604545 21.142010
v 6.002936 9.604545 20.984028
v 7.774636 9.604545 19.774643
v 7.841811 9.440000 19.841818
v 7.640285 9.604545 19.640291
v 9.142009 9.604545 18.108494
v 9.220998 9.440000 18.161272
v 9.142009 9.275455 18.108494
v 10.158054 9.604545 16.207607
v 9.982517 9.604545 16.134897
v 8.984030 9.604545 18.002935
v 8.905041 9.440000 17.950155
v 7.573111 9.440000 19.573116
v 5.950158 9.440000 20.905041
v 7.640285 9.275455 19.640291
v 8.984030 9.275455 18.002935
v 9.894750 9.440000 16.098541
v 10.504210 9.440000 14.089414
v 10.597384 9.604545 14.107947
v 10.804999 9.604545 11.999998
v 10.783733 9.604545 9.854980
v 10.158054 9.604545 7.792395
v 10.245823 9.440000 7.756041
v 9.220996 9.440000 5.838725
v 9.142007 9.604545 5.891504
v 9.142007 9.275455 5.891504
v 7.841812 9.440000 4.158185
v 7.774637 9.604545 4.225359
v 7.774637 9.275455 4.225359
v 6.161271 9.440000 2.779000
v 6.108492 9.275455 2.857989
v 4.207605 9.275455 1.841945
v 4.243960 9.440000 1.754177
v 2.145018 9.275455 1.216267
v 2.163552 9.440000 1.123093
v -0.000001 9.275455 1.005000
v -0.000001 9.275455 1.195001
v -2.145020 9.275455 1.216267
v -2.107953 9.275455 1.402616
v -2.089419 9.440000 1.495790
v -4.134897 9.275455 2.017484
v -4.098542 9.440000 2.105251
v -4.134897 9.604545 2.017484
v -5.950156 9.440000 3.094959
v -6.002934 9.604545 3.015970
v -6.002934 9.275455 3.015970
v -7.573116 9.440000 4.426889
v -7.640291 9.604545 4.359715
v -7.640291 9.275455 4.359715
v -8.984029 9.275455 5.997064
v -8.905040 9.440000 6.049843
v -8.984029 9.604545 5.997064
v -9.894751 9.440000 7.901461
v -9.982518 9.604545 7.865107
v -10.158056 9.604545 7.792397
v -10.597384 9.604545 9.892051
v -10.783734 9.604545 9.854984
v -10.876908 9.440000 9.836451
v -10.995000 9.275455 12.000001
v 2.145018 9.604545 1.216267
v 4.207605 9.604545 1.841945
v 6.108492 9.604545 2.857989
v -9.894751 9.440000 16.098537
v 0.000000 11.309999 22.000000
v -1.950903 11.309999 21.807854
v 0.000000 13.590000 20.799999
v 1.950903 11.309999 21.807854
v 3.826835 11.309999 21.238796
v 1.716795 13.590000 20.630909
v 8.314696 11.309999 17.555702
v 7.071068 11.309999 19.071068
v 5.555702 11.309999 20.314697
v -5.555702 11.309999 20.314697
v -1.950903 11.309999 2.192147
v 5.555702 11.309999 3.685304
v 9.807853 11.309999 10.049097
v 9.238795 11.309999 8.173165
v 8.630910 13.590000 10.283205
v 10.000000 11.309999 12.000000
v 8.800000 13.590000 12.000000
v 7.071068 11.309999 4.928932
v 8.314696 11.309999 6.444298
v 9.807853 11.309999 13.950903
v 8.630910 13.590000 13.716795
v 9.238795 11.309999 15.826835
v 8.130139 13.590000 15.367615
v 7.316933 13.590000 16.889019
v 3.367615 13.590000 20.130138
v 8.130139 13.590000 8.632385
v -3.367615 13.590000 20.130138
v 3.367615 13.590000 3.869861
v 1.716795 13.590000 3.369090
v 3.826835 11.309999 2.761205
v 4.889018 13.590000 4.683067
v -3.367615 13.590000 3.869861
v -8.130139 13.590000 8.632385
v -8.630910 13.590000 10.283205
v -9.238795 11.309999 8.173165
v -7.316933 13.590000 7.110982
v -8.314696 11.309999 6.444298
v -8.800000 13.590000 12.000000
v -8.630910 13.590000 13.716795
v -8.130139 13.590000 15.367615
v -7.316933 13.590000 16.889019
v -9.238795 11.309999 15.826835
v -6.222540 13.590000 18.222540
v -4.889018 13.590000 19.316933
v -7.071068 11.309999 19.071068
v -8.314696 11.309999 17.555702
v -9.807853 11.309999 13.950903
v -10.000000 11.309999 12.000000
v -9.807853 11.309999 10.049097
v -7.071068 11.309999 4.928932
v -6.222540 13.590000 5.777460
v -5.555702 11.309999 3.685304
v -4.889018 13.590000 4.683067
v -3.826835 11.309999 2.761205
v -1.716795 13.590000 3.369090
v 0.000000 13.590000 3.200000
v 0.000000 11.309999 2.000000
v 1.950903 11.309999 2.192147
v 6.222540 13.590000 5.777460
v 7.316933 13.590000 7.110982
v -1.716795 13.590000 20.630909
v -3.826835 11.309999 21.238796
v 4.889018 13.590000 19.316933
v 6.222540 13.590000 18.222540
v 10.190000 11.540000 11.999998
v 10.095000 11.704545 11.999998
v 9.994202 11.540000 10.012028
v 10.095000 11.375455 11.999998
v 9.994202 11.540000 13.987967
v 9.901028 11.704545 10.030560
v 9.901028 11.375455 10.030560
v 9.901028 11.704545 13.969434
v 9.901028 11.375455 13.969434
v 9.714678 11.375455 13.932366
v 9.326564 11.375455 15.863192
v 9.151026 11.375455 15.790482
v 9.905000 11.375455 11.999998
v 9.810000 11.540000 11.999998
v 9.714678 11.375455 10.067628
v 9.621504 11.540000 10.086162
v 9.714678 11.704545 10.067628
v 9.063258 11.540000 8.245874
v 9.905000 11.704545 11.999998
v 9.714678 11.704545 13.932366
v 9.151026 11.704545 15.790482
v 9.621504 11.540000 13.913834
v 9.063258 11.540000 15.754128
v 8.156718 11.540000 17.450142
v 8.235707 11.704545 17.502922
v 8.235707 11.375455 17.502922
v 7.003890 11.375455 19.003895
v 8.393686 11.375455 17.608480
v 6.936715 11.540000 18.936722
v 7.003890 11.704545 19.003895
v 5.450145 11.540000 20.156717
v 5.502923 11.704545 20.235706
v 3.754128 11.540000 21.063257
v 5.502923 11.375455 20.235706
v 3.790483 11.375455 21.151024
v 5.608482 11.375455 20.393686
v 3.863193 11.375455 21.326561
v 5.661261 11.540000 20.472675
v 7.138240 11.375455 19.138247
v 7.205415 11.540000 19.205421
v 7.138240 11.704545 19.138247
v 8.472675 11.540000 17.661259
v 5.608482 11.704545 20.393686
v 3.863193 11.704545 21.326561
v 3.790483 11.704545 21.151024
v 1.932368 11.704545 21.714680
v 1.913835 11.540000 21.621506
v 0.000002 11.540000 21.810001
v 1.932368 11.375455 21.714680
v 0.000002 11.375455 21.904999
v 1.969435 11.375455 21.901028
v 0.000002 11.375455 22.095001
v -1.969440 11.375455 21.901028
v 0.000002 11.540000 22.189999
v -1.987974 11.540000 21.994202
v -3.899544 11.540000 21.414333
v -1.969440 11.704545 21.901028
v -3.863189 11.704545 21.326565
v -3.863189 11.375455 21.326565
v 0.000002 11.704545 22.095001
v 0.000002 11.704545 21.904999
v 1.969435 11.704545 21.901028
v 1.987969 11.540000 21.994202
v 3.899548 11.540000 21.414330
v -1.932373 11.704545 21.714676
v -1.913839 11.540000 21.621502
v -3.754124 11.540000 21.063259
v -1.932373 11.375455 21.714676
v -3.790479 11.375455 21.151028
v -5.502927 11.375455 20.235703
v -5.450148 11.540000 20.156715
v -5.608486 11.375455 20.393684
v -7.138244 11.375455 19.138243
v -5.661264 11.540000 20.472672
v -7.205419 11.540000 19.205418
v -5.608486 11.704545 20.393684
v -7.138244 11.704545 19.138243
v -8.393684 11.704545 17.608484
v -7.003893 11.704545 19.003891
v -8.235704 11.704545 17.502926
v -5.502927 11.704545 20.235703
v -3.790479 11.704545 21.151028
v -6.936718 11.540000 18.936718
v -8.156715 11.540000 17.450148
v -7.003893 11.375455 19.003891
v -8.235704 11.375455 17.502926
v -9.151027 11.375455 15.790477
v -8.393684 11.375455 17.608484
v -9.326565 11.375455 15.863187
v -8.472673 11.540000 17.661263
v -9.414332 11.540000 15.899542
v -9.994202 11.540000 13.987971
v -9.326565 11.704545 15.863187
v -9.901028 11.704545 13.969439
v -10.095000 11.704545 12.000001
v -9.714678 11.704545 13.932371
v -9.905000 11.704545 12.000001
v -9.621504 11.540000 13.913837
v -9.151027 11.704545 15.790477
v -9.810000 11.540000 12.000001
v -9.621504 11.540000 10.086165
v -9.905000 11.375455 12.000001
v -9.714678 11.375455 10.067632
v -9.151027 11.375455 8.209521
v -9.901028 11.375455 10.030565
v -9.063259 11.540000 8.245876
v -9.326565 11.375455 8.136811
v -8.393686 11.375455 6.391519
v -9.414332 11.540000 8.100457
v -8.472675 11.540000 6.338740
v -7.205420 11.540000 4.794585
v -8.393686 11.704545 6.391519
v -7.138246 11.704545 4.861760
v -8.235706 11.704545 6.497077
v -9.326565 11.704545 8.136811
v -9.151027 11.704545 8.209521
v -9.714678 11.704545 10.067632
v -8.156717 11.540000 6.549856
v -6.936720 11.540000 5.063285
v -8.235706 11.375455 6.497077
v -7.003895 11.704545 4.996110
v -7.003895 11.375455 4.996110
v -5.502922 11.375455 3.764293
v -7.138246 11.375455 4.861760
v -5.608480 11.375455 3.606314
v -5.661259 11.540000 3.527325
v -3.899546 11.540000 2.585670
v -5.608480 11.704545 3.606314
v -3.863192 11.704545 2.673437
v -5.502922 11.704545 3.764293
v -3.790482 11.704545 2.848975
v -1.932371 11.704545 2.285322
v -3.754127 11.540000 2.936743
v -5.450143 11.540000 3.843282
v -3.790482 11.375455 2.848975
v -1.932371 11.375455 2.285322
v -3.863192 11.375455 2.673437
v -1.969438 11.375455 2.098972
v -1.987972 11.540000 2.005798
v -0.000001 11.540000 1.810000
v -1.969438 11.704545 2.098972
v -0.000001 11.704545 1.905000
v 1.969437 11.704545 2.098972
v -0.000001 11.704545 2.095000
v 1.932370 11.704545 2.285322
v -0.000001 11.540000 2.190000
v 1.913836 11.540000 2.378496
v 3.754126 11.540000 2.936741
v 1.932370 11.375455 2.285322
v 3.790480 11.375455 2.848973
v 1.969437 11.375455 2.098972
v -0.000001 11.375455 2.095000
v 3.863190 11.375455 2.673436
v 5.608479 11.375455 3.606312
v 3.899545 11.540000 2.585668
v 5.661258 11.540000 3.527323
v 7.205416 11.540000 4.794581
v 5.608479 11.704545 3.606312
v 7.138241 11.704545 4.861755
v 7.138241 11.375455 4.861755
v 3.863190 11.704545 2.673436
v 3.790480 11.704545 2.848973
v 5.502921 11.704545 3.764292
v 7.003891 11.704545 4.996106
v 5.450142 11.540000 3.843281
v 6.936716 11.540000 5.063281
v 8.156716 11.540000 6.549854
v 7.003891 11.375455 4.996106
v 5.502921 11.375455 3.764292
v 8.235705 11.375455 6.497076
v 8.393684 11.375455 6.391517
v 9.326564 11.375455 8.136810
v 8.472673 11.540000 6.338738
v 9.414331 11.540000 8.100455
v 8.393684 11.704545 6.391517
v 9.326564 11.704545 8.136810
v 9.151026 11.704545 8.209520
v 8.235705 11.704545 6.497076
v 9.151026 11.375455 8.209520
v 1.987970 11.540000 2.005798
v -0.000001 11.375455 1.905000
v -1.913838 11.540000 2.378496
v -9.901028 11.704545 10.030565
v -9.994202 11.540000 10.012032
v -10.190000 11.540000 12.000001
v -10.095000 11.375455 12.000001
v -9.901028 11.375455 13.969439
v -9.714678 11.375455 13.932371
v -9.063259 11.540000 15.754123
v 8.393686 11.704545 17.608480
v 9.414331 11.540000 15.899547
v 9.326564 11.704545 15.863192
v 0.000000 13.410000 20.799999
v -1.716795 13.410000 20.630909
v 0.000000 15.690001 19.100000
v 1.716795 13.410000 20.630909
v 3.367615 13.410000 20.130138
v 1.385141 15.690001 18.963575
v 2.717052 15.690001 18.559544
v 7.316933 13.410000 16.889019
v -8.630910 13.410000 13.716795
v 8.630910 13.410000 10.283205
v 8.630910 13.410000 13.716795
v -1.716795 13.410000 3.369090
v -3.367615 13.410000 3.869861
v -1.385141 15.690001 5.036425
v 0.000000 13.410000 3.200000
v -2.717052 15.690001 5.440455
v 0.000000 15.690001 4.900000
v -7.316933 13.410000 7.110982
v 1.716795 13.410000 3.369090
v -8.630910 13.410000 10.283205
v -8.800000 13.410000 12.000000
v -6.963575 15.690001 10.614859
v -8.130139 13.410000 8.632385
v -7.100000 15.690001 12.000000
v -6.559545 15.690001 9.282948
v -5.903434 15.690001 8.055451
v -3.944549 15.690001 6.096566
v -5.020458 15.690001 6.979542
v -6.559545 15.690001 14.717052
v 2.717052 15.690001 5.440455
v 1.385141 15.690001 5.036425
v 3.367615 13.410000 3.869861
v 3.944549 15.690001 6.096566
v 6.559545 15.690001 9.282948
v -2.717052 15.690001 18.559544
v -1.385141 15.690001 18.963575
v -3.367615 13.410000 20.130138
v -3.944549 15.690001 17.903435
v 6.559545 15.690001 14.717052
v 6.963575 15.690001 13.385141
v 8.130139 13.410000 15.367615
v 5.903434 15.690001 15.944549
v 7.100000 15.690001 12.000000
v 6.963575 15.690001 10.614859
v 8.800000 13.410000 12.000000
v 5.020458 15.690001 17.020458
v 6.222540 13.410000 18.222540
v 3.944549 15.690001 17.903435
v 4.889018 13.410000 19.316933
v -4.889018 13.410000 19.316933
v -5.020458 15.690001 17.020458
v -6.222540 13.410000 18.222540
v -5.903434 15.690001 15.944549
v -7.316933 13.410000 16.889019
v -8.130139 13.410000 15.367615
v 5.903434 15.690001 8.055451
v 8.130139 13.410000 8.632385
v 5.020458 15.690001 6.979542
v 6.222540 13.410000 5.777460
v 4.889018 13.410000 4.683067
v 7.316933 13.410000 7.110982
v -6.963575 15.690001 13.385141
v -6.222540 13.410000 5.777460
v -4.889018 13.410000 4.683067
v 8.990000 13.640000 11.999999
v 8.895000 13.804545 11.999999
v 8.817259 13.640000 10.246136
v 8.895000 13.475455 11.999999
v 8.817260 13.640000 13.753860
v 8.724086 13.804545 13.735326
v 8.724086 13.475455 13.735326
v 8.537736 13.475455 13.698258
v 8.217909 13.475455 15.403972
v 8.705000 13.475455 11.999999
v 8.610001 13.640000 11.999999
v 8.537736 13.475455 10.301737
v 8.444562 13.640000 10.320271
v 8.537736 13.804545 10.301737
v 7.954603 13.640000 8.705095
v 8.042371 13.804545 8.668740
v 8.042371 13.475455 8.668740
v 7.158953 13.640000 7.216539
v 7.237942 13.804545 7.163760
v 7.237942 13.475455 7.163760
v 6.088188 13.640000 5.911809
v 6.155363 13.804545 5.844634
v 6.289713 13.804545 5.710283
v 4.836237 13.804545 4.762055
v 7.395922 13.804545 7.058201
v 7.474911 13.640000 7.005423
v 8.217908 13.804545 8.596030
v 6.356888 13.640000 5.643109
v 6.289713 13.475455 5.710283
v 4.994575 13.640000 4.525086
v 7.395922 13.475455 7.058201
v 8.217908 13.475455 8.596030
v 6.155363 13.475455 5.844634
v 4.836237 13.475455 4.762055
v 4.783458 13.640000 4.841044
v 3.294905 13.640000 4.045397
v 3.331260 13.804545 3.957628
v 3.331260 13.475455 3.957628
v 1.679728 13.640000 3.555438
v 1.698261 13.804545 3.462264
v 1.698261 13.475455 3.462264
v -0.000001 13.640000 3.389999
v -0.000001 13.804545 3.295000
v -0.000001 13.475455 3.295000
v -1.679729 13.640000 3.555438
v -1.698263 13.804545 3.462264
v -1.698263 13.475455 3.462264
v -3.294906 13.640000 4.045397
v -3.331261 13.804545 3.957630
v -3.331261 13.475455 3.957630
v -4.783459 13.640000 4.841046
v -4.836237 13.804545 4.762057
v -4.836237 13.475455 4.762057
v -6.088192 13.640000 5.911813
v -6.155367 13.804545 5.844638
v -6.155367 13.475455 5.844638
v -7.158954 13.640000 7.216540
v -7.237943 13.804545 7.163761
v -7.237943 13.475455 7.163761
v -7.954604 13.640000 8.705096
v -8.042372 13.804545 8.668741
v -8.042372 13.475455 8.668741
v -8.444562 13.640000 10.320273
v -8.537736 13.804545 10.301741
v -8.537736 13.475455 10.301741
v -8.724086 13.475455 10.264673
v -8.705000 13.475455 12.000001
v -8.217910 13.475455 8.596031
v -8.610001 13.640000 12.000001
v -8.895000 13.475455 12.000001
v -8.990000 13.640000 12.000001
v -8.724086 13.475455 13.735330
v -8.817260 13.640000 10.246140
v -8.537736 13.475455 13.698262
v -8.817260 13.640000 13.753863
v -8.724086 13.804545 13.735330
v -8.305677 13.640000 15.440322
v -8.895000 13.804545 12.000001
v -8.724086 13.804545 10.264673
v -8.705000 13.804545 12.000001
v -8.537736 13.804545 13.698262
v -8.444562 13.640000 13.679729
v -8.042372 13.804545 15.331257
v -8.217909 13.804545 15.403967
v -7.954604 13.640000 15.294903
v -8.042372 13.475455 15.331257
v -7.158952 13.640000 16.783463
v -7.237941 13.804545 16.836241
v -7.237941 13.475455 16.836241
v -6.088190 13.640000 18.088188
v -6.155365 13.804545 18.155363
v -6.155365 13.475455 18.155363
v -6.289716 13.475455 18.289715
v -4.836243 13.475455 19.237942
v -7.395921 13.475455 16.941799
v -4.941802 13.475455 19.395920
v -4.994580 13.640000 19.474909
v -3.403969 13.475455 20.217911
v -6.356890 13.640000 18.356890
v -3.331259 13.475455 20.042372
v -3.440324 13.640000 20.305677
v -3.403969 13.804545 20.217911
v -1.753865 13.640000 20.817259
v -4.941802 13.804545 19.395920
v -6.289716 13.804545 18.289715
v -4.836243 13.804545 19.237942
v -3.331259 13.804545 20.042372
v -3.294904 13.640000 19.954603
v -1.698264 13.804545 20.537735
v -4.783464 13.640000 19.158951
v -1.735331 13.804545 20.724085
v 0.000002 13.804545 20.895000
v 0.000002 13.640000 20.990000
v 0.000002 13.475455 20.895000
v 1.753860 13.640000 20.817261
v 1.735327 13.804545 20.724087
v 1.735327 13.475455 20.724087
v 1.698260 13.475455 20.537737
v 3.403973 13.475455 20.217907
v 3.440327 13.640000 20.305676
v 3.403973 13.804545 20.217907
v 4.994576 13.640000 19.474911
v 4.941797 13.804545 19.395924
v 4.941797 13.475455 19.395924
v 6.356887 13.640000 18.356892
v 6.289713 13.804545 18.289719
v 6.289713 13.475455 18.289719
v 6.155362 13.475455 18.155367
v 7.395924 13.475455 16.941797
v 4.836239 13.475455 19.237942
v 7.237944 13.475455 16.836239
v 7.474913 13.640000 16.994576
v 7.395924 13.804545 16.941797
v 8.305676 13.640000 15.440327
v 8.217909 13.804545 15.403972
v 8.042371 13.804545 15.331262
v 7.237944 13.804545 16.836239
v 7.954603 13.640000 15.294907
v 8.537736 13.804545 13.698258
v 8.444562 13.640000 13.679725
v 8.705000 13.804545 11.999999
v 7.158955 13.640000 16.783459
v 8.042371 13.475455 15.331262
v 6.088188 13.640000 18.088192
v 6.155362 13.804545 18.155367
v 4.836239 13.804545 19.237942
v 4.783460 13.640000 19.158955
v 3.294908 13.640000 19.954601
v 3.331262 13.804545 20.042370
v 1.679726 13.640000 20.444563
v 3.331262 13.475455 20.042370
v 1.698260 13.804545 20.537737
v 0.000002 13.640000 20.610001
v 0.000002 13.804545 20.705000
v 0.000002 13.475455 20.705000
v -1.698264 13.475455 20.537735
v -1.735331 13.475455 20.724085
v -1.679731 13.640000 20.444561
v -7.395921 13.804545 16.941799
v -7.474910 13.640000 16.994579
v -8.217909 13.475455 15.403967
v -8.217910 13.804545 8.596031
v -8.305677 13.640000 8.559677
v -7.395923 13.804545 7.058202
v -7.474912 13.640000 7.005424
v -6.289718 13.804545 5.710288
v -6.356892 13.640000 5.643113
v -4.941796 13.804545 4.604077
v -4.994575 13.640000 4.525088
v -3.403971 13.804545 3.782092
v -3.440326 13.640000 3.694324
v -1.753863 13.640000 3.182741
v -3.403971 13.475455 3.782092
v -4.941796 13.475455 4.604077
v -6.289718 13.475455 5.710288
v -7.395923 13.475455 7.058202
v -1.735330 13.475455 3.275915
v -0.000001 13.475455 3.105000
v 1.735329 13.475455 3.275915
v -0.000001 13.640000 3.010000
v 1.753862 13.640000 3.182741
v 3.440325 13.640000 3.694323
v 1.735329 13.804545 3.275915
v 3.403970 13.804545 3.782091
v -0.000001 13.804545 3.105000
v -1.735330 13.804545 3.275915
v 4.941795 13.804545 4.604075
v 3.403970 13.475455 3.782091
v 4.941795 13.475455 4.604075
v 8.724085 13.475455 10.264669
v 8.305676 13.640000 8.559675
v 8.724085 13.804545 10.264669
v 0.000000 15.509999 19.100000
v -1.385141 15.509999 18.963575
v 0.000000 17.790001 16.799999
v 1.385141 15.509999 18.963575
v 2.717052 15.509999 18.559544
v 0.936434 17.790001 16.707769
v 1.836881 17.790001 16.434622
v -2.717052 15.509999 18.559544
v -3.944549 15.509999 17.903435
v 5.903434 15.509999 15.944549
v -6.963575 15.509999 13.385141
v -5.903434 15.509999 8.055451
v -1.385141 15.509999 5.036425
v -2.717052 15.509999 5.440455
v -0.936434 17.790001 7.292231
v 0.000000 15.509999 4.900000
v -1.836881 17.790001 7.565378
v 0.000000 17.790001 7.200000
v 1.385141 15.509999 5.036425
v 2.717052 15.509999 5.440455
v 3.944549 15.509999 6.096566
v 6.963575 15.509999 10.614859
v 6.559545 15.509999 9.282948
v 4.707769 17.790001 11.063566
v 7.100000 15.509999 12.000000
v 4.434622 17.790001 10.163119
v 4.800000 17.790001 12.000000
v 6.963575 15.509999 13.385141
v 6.559545 15.509999 14.717052
v 4.434622 17.790001 13.836881
v 4.707769 17.790001 12.936434
v 3.991054 17.790001 14.666738
v 3.394113 17.790001 15.394113
v 5.020458 15.509999 17.020458
v 3.944549 15.509999 17.903435
v 2.666737 17.790001 15.991055
v -1.836881 17.790001 16.434622
v 1.836881 17.790001 7.565378
v 0.936434 17.790001 7.292231
v 2.666737 17.790001 8.008945
v 3.394113 17.790001 8.605887
v -4.434622 17.790001 10.163119
v -4.707769 17.790001 11.063566
v -6.559545 15.509999 9.282948
v -3.991054 17.790001 9.333262
v -3.394113 17.790001 8.605887
v -4.800000 17.790001 12.000000
v -4.707769 17.790001 12.936434
v -4.434622 17.790001 13.836881
v -3.991054 17.790001 14.666738
v -6.559545 15.509999 14.717052
v -3.394113 17.790001 15.394113
v -2.666737 17.790001 15.991055
v -5.020458 15.509999 17.020458
v -5.903434 15.509999 15.944549
v -7.100000 15.509999 12.000000
v -6.963575 15.509999 10.614859
v -5.020458 15.509999 6.979542
v -2.666737 17.790001 8.008945
v -3.944549 15.509999 6.096566
v 5.020458 15.509999 6.979542
v 3.991054 17.790001 9.333262
v 5.903434 15.509999 8.055451
v -0.936434 17.790001 16.707769
v 7.290000 15.740000 11.999999
v 7.195000 15.904545 11.999999
v 7.149924 15.740000 10.577790
v 7.195000 15.575455 11.999999
v 7.149925 15.740000 13.422206
v 7.056749 15.904545 10.596324
v 7.056749 15.575455 10.596324
v 6.870401 15.575455 10.633390
v 6.647313 15.575455 9.246593
v 6.471776 15.575455 9.319302
v 6.735082 15.740000 9.210238
v 6.647313 15.904545 9.246593
v 6.061413 15.740000 7.949892
v 5.982423 15.904545 8.002671
v 5.982423 15.575455 8.002671
v 5.154807 15.740000 6.845191
v 5.087632 15.904545 6.912365
v 5.087632 15.575455 6.912365
v 4.050105 15.740000 5.938585
v 3.997326 15.904545 6.017575
v 3.997326 15.575455 6.017575
v 2.789763 15.740000 5.264918
v 2.753408 15.904545 5.352687
v 2.753408 15.575455 5.352687
v 2.680698 15.575455 5.528224
v 1.403675 15.575455 4.943251
v 3.891768 15.575455 6.175554
v 3.838989 15.740000 6.254544
v 4.953281 15.575455 7.046716
v 4.886106 15.740000 7.113891
v 5.824444 15.575455 8.108230
v 5.745454 15.740000 8.161009
v 5.824444 15.904545 8.108230
v 6.384007 15.740000 9.355658
v 6.471776 15.904545 9.319302
v 6.777226 15.740000 10.651924
v 6.870401 15.904545 10.633390
v 6.910000 15.740000 11.999999
v 7.005000 15.904545 11.999999
v 7.005000 15.575455 11.999999
v 6.777226 15.740000 13.348072
v 6.870401 15.575455 13.366606
v 6.471776 15.575455 14.680699
v 7.056750 15.575455 13.403672
v 6.384007 15.740000 14.644344
v 6.471776 15.904545 14.680699
v 5.745455 15.740000 15.838989
v 6.870401 15.904545 13.366606
v 7.056750 15.904545 13.403672
v 6.647312 15.904545 14.753408
v 6.735081 15.740000 14.789764
v 6.061414 15.740000 16.050106
v 6.647312 15.575455 14.753408
v 5.982424 15.575455 15.997327
v 5.824445 15.575455 15.891768
v 4.953281 15.575455 16.953285
v 4.886106 15.740000 16.886110
v 3.891770 15.575455 17.824444
v 5.087631 15.575455 17.087635
v 3.997328 15.575455 17.982424
v 5.154807 15.740000 17.154810
v 4.050107 15.740000 18.061413
v 5.087631 15.904545 17.087635
v 3.997328 15.904545 17.982424
v 5.982424 15.904545 15.997327
v 5.824445 15.904545 15.891768
v 4.953281 15.904545 16.953285
v 3.891770 15.904545 17.824444
v 2.680700 15.904545 18.471775
v 3.838990 15.740000 17.745455
v 2.753410 15.904545 18.647312
v 2.789765 15.740000 18.735081
v 1.403674 15.904545 19.056751
v 1.422207 15.740000 19.149925
v 0.000002 15.904545 19.195000
v 1.366607 15.904545 18.870401
v 0.000002 15.904545 19.005001
v 1.348073 15.740000 18.777227
v 0.000002 15.740000 18.910000
v 1.366607 15.575455 18.870401
v 2.644345 15.740000 18.384007
v 0.000002 15.575455 19.005001
v 2.680700 15.575455 18.471775
v 2.753410 15.575455 18.647312
v 1.403674 15.575455 19.056751
v 0.000002 15.575455 19.195000
v 0.000002 15.740000 19.290001
v -1.422211 15.740000 19.149923
v -1.403677 15.904545 19.056749
v -2.753407 15.904545 18.647312
v -1.366610 15.904545 18.870399
v -2.680697 15.904545 18.471777
v -1.348076 15.740000 18.777225
v -2.644342 15.740000 18.384008
v -3.838993 15.740000 17.745453
v -2.680697 15.575455 18.471777
v -1.366610 15.575455 18.870399
v -1.403677 15.575455 19.056749
v -2.753407 15.575455 18.647312
v -3.997331 15.575455 17.982422
v -2.789762 15.740000 18.735083
v -4.050110 15.740000 18.061411
v -5.154809 15.740000 17.154808
v -3.997331 15.904545 17.982422
v -5.087633 15.904545 17.087633
v -3.891773 15.904545 17.824442
v -4.953283 15.904545 16.953283
v -4.886108 15.740000 16.886108
v -5.745454 15.740000 15.838992
v -4.953283 15.575455 16.953283
v -3.891773 15.575455 17.824442
v -5.087633 15.575455 17.087633
v -5.982422 15.575455 15.997330
v -5.824444 15.575455 15.891771
v -6.647314 15.575455 14.753406
v -6.061412 15.740000 16.050110
v -6.735082 15.740000 14.789761
v -7.149925 15.740000 13.422210
v -6.647314 15.904545 14.753406
v -7.056750 15.904545 13.403676
v -7.056750 15.575455 13.403676
v -5.982422 15.904545 15.997330
v -5.824444 15.904545 15.891771
v -6.471777 15.904545 14.680696
v -6.384008 15.740000 14.644341
v -6.777226 15.740000 13.348075
v -6.471777 15.575455 14.680696
v -6.870401 15.575455 13.366609
v -7.005000 15.575455 12.000000
v -7.195000 15.575455 12.000000
v -7.056750 15.575455 10.596327
v -7.290000 15.740000 12.000000
v -6.870401 15.575455 10.633393
v -7.149925 15.740000 10.577793
v -6.735082 15.740000 9.210238
v -7.056750 15.904545 10.596327
v -6.647313 15.904545 9.246593
v -6.870401 15.904545 10.633393
v -7.195000 15.904545 12.000000
v -6.471776 15.904545 9.319304
v -5.824445 15.904545 8.108231
v -6.384008 15.740000 9.355658
v -5.745455 15.740000 8.161010
v -6.471776 15.575455 9.319304
v -6.777226 15.740000 10.651927
v -5.824445 15.575455 8.108231
v -4.953285 15.575455 7.046719
v -5.982423 15.575455 8.002672
v -6.647313 15.575455 9.246593
v -6.061413 15.740000 7.949893
v -5.154810 15.740000 6.845194
v -5.982423 15.904545 8.002672
v -5.087635 15.904545 6.912369
v -3.997327 15.904545 6.017576
v -4.953285 15.904545 7.046719
v -3.891768 15.904545 6.175555
v -2.680699 15.904545 5.528224
v -3.838989 15.740000 6.254544
v -4.886110 15.740000 7.113894
v -3.891768 15.575455 6.175555
v -2.680699 15.575455 5.528224
v -3.997327 15.575455 6.017576
v -5.087635 15.575455 6.912369
v -4.050106 15.740000 5.938586
v -2.789764 15.740000 5.264919
v -2.753409 15.904545 5.352688
v -1.403676 15.904545 4.943251
v -1.366609 15.904545 5.129599
v -0.000001 15.904545 4.995000
v -1.348075 15.740000 5.222774
v -0.000001 15.904545 4.805000
v -2.644344 15.740000 5.615993
v -1.366609 15.575455 5.129599
v -0.000001 15.575455 4.995000
v -1.403676 15.575455 4.943251
v -0.000001 15.575455 4.805000
v -2.753409 15.575455 5.352688
v -0.000001 15.740000 4.710000
v 1.422208 15.740000 4.850076
v -1.422210 15.740000 4.850076
v 1.403675 15.904545 4.943251
v 1.366608 15.904545 5.129599
v 2.680698 15.904545 5.528224
v 3.891768 15.904545 6.175554
v 2.644343 15.740000 5.615993
v 1.348074 15.740000 5.222774
v 1.366608 15.575455 5.129599
v -0.000001 15.740000 5.090000
v 4.953281 15.904545 7.046716
v -6.910000 15.740000 12.000000
v -7.005000 15.904545 12.000000
v -6.870401 15.904545 13.366609
v 0.000000 17.610001 16.799999
v -0.936434 17.610001 16.707769
v 0.000000 19.290001 14.300000
v 0.936434 17.610001 16.707769
v 1.836881 17.610001 16.434622
v 0.448708 19.290001 14.255806
v 0.880172 19.290001 14.124923
v 3.991054 17.610001 14.666738
v 3.394113 17.610001 15.394113
v 2.666737 17.610001 15.991055
v -4.707769 17.610001 12.936434
v 4.707769 17.610001 11.063566
v 4.707769 17.610001 12.936434
v -0.936434 17.610001 7.292231
v -1.836881 17.610001 7.565378
v -0.448708 19.290001 9.744194
v 0.000000 17.610001 7.200000
v -0.880172 19.290001 9.875077
v 0.000000 19.290001 9.700000
v -3.991054 17.610001 9.333262
v -3.394113 17.610001 8.605887
v -2.666737 17.610001 8.008945
v 0.936434 17.610001 7.292231
v -4.707769 17.610001 11.063566
v -4.800000 17.610001 12.000000
v -2.255806 19.290001 11.551292
v -4.434622 17.610001 10.163119
v -2.300000 19.290001 12.000000
v -2.124923 19.290001 11.119828
v -1.912380 19.290001 10.722189
v -1.626346 19.290001 10.373654
v -2.255806 19.290001 12.448708
v -2.124923 19.290001 12.880172
v 0.880172 19.290001 9.875077
v -0.880172 19.290001 14.124923
v -0.448708 19.290001 14.255806
v -1.836881 17.610001 16.434622
v -1.277812 19.290001 13.912380
v -1.626346 19.290001 13.626346
v 2.124923 19.290001 12.880172
v 2.255806 19.290001 12.448708
v 4.434622 17.610001 13.836881
v 1.912380 19.290001 13.277811
v 1.626346 19.290001 13.626346
v 2.124923 19.290001 11.119828
v 1.912380 19.290001 10.722189
v 4.434622 17.610001 10.163119
v 2.255806 19.290001 11.551292
v 2.300000 19.290001 12.000000
v 1.626346 19.290001 10.373654
v 1.277812 19.290001 10.087620
v 3.394113 17.610001 8.605887
v 2.666737 17.610001 8.008945
v 3.991054 17.610001 9.333262
v 1.836881 17.610001 7.565378
v 4.800000 17.610001 12.000000
v 1.277812 19.290001 13.912380
v -3.394113 17.610001 15.394113
v -1.912380 19.290001 13.277811
v -3.991054 17.610001 14.666738
v -4.434622 17.610001 13.836881
v -2.666737 17.610001 15.991055
v 0.448708 19.290001 9.744194
v -1.277812 19.290001 10.087620
v 4.990000 17.840000 11.999999
v 4.895000 18.004545 11.999999
v 4.894119 17.840000 11.026498
v 4.895000 17.675455 11.999999
v 4.894119 17.840000 12.973499
v 4.800944 18.004545 11.045032
v 4.800944 17.675455 11.045032
v 4.614595 17.675455 11.082099
v 4.522390 17.675455 10.126764
v 4.610159 17.840000 10.090409
v 4.522390 18.004545 10.126764
v 4.149033 17.840000 9.227703
v 4.070043 18.004545 9.280483
v 4.070043 17.675455 9.280483
v 3.528462 17.840000 8.471537
v 3.461287 18.004545 8.538712
v 3.461287 17.675455 8.538712
v 2.772294 17.840000 7.850965
v 2.719515 18.004545 7.929955
v 2.719515 17.675455 7.929955
v 2.613957 17.675455 8.087934
v 1.873236 17.675455 7.477610
v 1.800526 17.675455 7.653146
v 1.764171 17.840000 7.740915
v 0.917900 17.675455 7.385405
v 0.899366 17.840000 7.478580
v 0.954967 17.675455 7.199056
v 0.973501 17.840000 7.105881
v -0.000000 17.675455 7.105000
v -0.000000 17.675455 7.295000
v -0.000000 17.840000 7.390000
v -0.917901 17.675455 7.385405
v -0.899367 17.840000 7.478580
v -0.954968 17.675455 7.199056
v -1.800527 17.675455 7.653147
v -1.764172 17.840000 7.740916
v -1.873237 17.675455 7.477610
v -1.909592 17.840000 7.389842
v -2.719516 17.675455 7.929956
v -2.613957 17.675455 8.087934
v -2.772295 17.840000 7.850966
v -3.461289 17.675455 8.538713
v -3.326939 17.675455 8.673063
v -3.528464 17.840000 8.471539
v -4.070044 17.675455 9.280483
v -3.912065 17.675455 9.386042
v -4.149034 17.840000 9.227705
v -4.070044 18.004545 9.280483
v -4.610159 17.840000 10.090410
v -3.461289 18.004545 8.538713
v -2.719516 18.004545 7.929956
v -3.326939 18.004545 8.673063
v -2.613957 18.004545 8.087934
v -3.912065 18.004545 9.386042
v -3.833075 17.840000 9.438821
v -4.346854 18.004545 10.199474
v -3.259764 17.840000 8.740239
v -2.561178 17.840000 8.166924
v -1.800527 18.004545 7.653147
v -1.873237 18.004545 7.477610
v -0.917901 18.004545 7.385405
v -0.954968 18.004545 7.199056
v -0.000000 18.004545 7.295000
v -0.000000 18.004545 7.105000
v 0.917900 18.004545 7.385405
v 0.954967 18.004545 7.199056
v 1.800526 18.004545 7.653146
v 1.873236 18.004545 7.477610
v 2.613957 18.004545 8.087934
v 3.326937 18.004545 8.673061
v 2.561178 17.840000 8.166924
v 3.259762 17.840000 8.740237
v 3.326937 17.675455 8.673061
v 3.912064 17.675455 9.386042
v 3.833075 17.840000 9.438821
v 3.912064 18.004545 9.386042
v 4.259084 17.840000 10.235829
v 4.346853 18.004545 10.199474
v 4.521420 17.840000 11.100633
v 4.346853 17.675455 10.199474
v 4.614595 18.004545 11.082099
v 4.610000 17.840000 11.999999
v 4.705000 17.675455 11.999999
v 4.614595 17.675455 12.917898
v 4.521420 17.840000 12.899365
v 4.346853 17.675455 13.800527
v 4.800944 17.675455 12.954966
v 4.522390 17.675455 13.873237
v 4.070044 17.675455 14.719516
v 4.610159 17.840000 13.909592
v 4.149034 17.840000 14.772295
v 3.528462 17.840000 15.528464
v 4.070044 18.004545 14.719516
v 3.461286 18.004545 15.461289
v 4.522390 18.004545 13.873237
v 4.346853 18.004545 13.800527
v 4.800944 18.004545 12.954966
v 4.614595 18.004545 12.917898
v 4.705000 18.004545 11.999999
v 3.912065 18.004545 14.613957
v 4.259085 17.840000 13.764172
v 3.833076 17.840000 14.561178
v 3.912065 17.675455 14.613957
v 3.326936 17.675455 15.326939
v 3.259761 17.840000 15.259764
v 2.613958 17.675455 15.912065
v 3.461286 17.675455 15.461289
v 2.719517 17.675455 16.070044
v 1.873237 17.675455 16.522388
v 2.772296 17.840000 16.149033
v 1.909592 17.840000 16.610157
v 2.719517 18.004545 16.070044
v 1.873237 18.004545 16.522388
v 0.954966 18.004545 16.800945
v 1.800527 18.004545 16.346853
v 0.917899 18.004545 16.614595
v 2.613958 18.004545 15.912065
v 2.561179 17.840000 15.833075
v 3.326936 18.004545 15.326939
v 1.764172 17.840000 16.259083
v 0.899366 17.840000 16.521420
v 1.800527 17.675455 16.346853
v 0.917899 17.675455 16.614595
v 0.000001 17.675455 16.705000
v 0.954966 17.675455 16.800945
v 0.000001 17.675455 16.895000
v -0.954969 17.675455 16.800943
v 0.000001 17.840000 16.990000
v -0.973502 17.840000 16.894119
v 0.000001 18.004545 16.895000
v 0.973500 17.840000 16.894119
v -0.954969 18.004545 16.800943
v -1.873235 18.004545 16.522390
v -0.917902 18.004545 16.614595
v -1.800525 18.004545 16.346853
v -2.613960 18.004545 15.912064
v -1.764170 17.840000 16.259085
v -2.719518 18.004545 16.070042
v -2.561181 17.840000 15.833074
v -3.259763 17.840000 15.259762
v -2.613960 17.675455 15.912064
v -1.800525 17.675455 16.346853
v -1.873235 17.675455 16.522390
v -0.917902 17.675455 16.614595
v -2.719518 17.675455 16.070042
v -0.899368 17.840000 16.521420
v 0.000001 17.840000 16.610001
v 0.000001 18.004545 16.705000
v -3.461288 17.675455 15.461287
v -2.772298 17.840000 16.149033
v -1.909590 17.840000 16.610159
v -3.528463 17.840000 15.528462
v -3.461288 18.004545 15.461287
v -4.070043 18.004545 14.719518
v -3.326938 18.004545 15.326937
v -4.149033 17.840000 14.772297
v -3.912064 18.004545 14.613959
v -4.346854 18.004545 13.800525
v -3.833074 17.840000 14.561180
v -4.522390 18.004545 13.873234
v -4.610159 17.840000 13.909590
v -4.800944 18.004545 12.954967
v -4.614595 18.004545 12.917901
v -4.705000 18.004545 12.000000
v -4.521420 17.840000 12.899367
v -4.895000 18.004545 12.000000
v -4.259085 17.840000 13.764170
v -4.346854 17.675455 13.800525
v -4.614595 17.675455 12.917901
v -4.705000 17.675455 12.000000
v -4.800944 17.675455 12.954967
v -4.895000 17.675455 12.000000
v -4.522390 17.675455 13.873234
v -4.070043 17.675455 14.719518
v -3.912064 17.675455 14.613959
v -3.326938 17.675455 15.326937
v -4.800944 17.675455 11.045033
v -4.990000 17.840000 12.000000
v -4.614595 17.675455 11.082101
v -4.894119 17.840000 11.026500
v -4.894119 17.840000 12.973501
v -4.800944 18.004545 11.045033
v -4.522391 18.004545 10.126765
v -4.522391 17.675455 10.126765
v -4.346854 17.675455 10.199474
v -4.259085 17.840000 10.235829
v -4.521420 17.840000 11.100635
v -4.614595 18.004545 11.082101
v -4.610000 17.840000 12.000000
v 1.909591 17.840000 7.389841
v -0.000000 17.840000 7.010000
v -0.973502 17.840000 7.105881
v 0.000000 18.800001 14.400000
v -0.621166 18.800001 14.318222
v 0.000000 20.100000 12.800000
v 0.621166 18.800001 14.318222
v 1.200000 18.800001 14.078461
v 0.207055 20.100000 12.772740
v 0.400000 20.100000 12.692821
v 2.318222 18.800001 12.621166
v 2.078461 18.800001 13.200000
v 1.697056 18.800001 13.697056
v -1.697056 18.800001 13.697056
v 1.697056 18.800001 10.302944
v 2.318222 18.800001 11.378834
v 2.078461 18.800001 10.800000
v 0.772741 20.100000 11.792945
v 2.400000 18.800001 12.000000
v 0.692820 20.100000 11.600000
v 0.800000 20.100000 12.000000
v 0.772741 20.100000 12.207055
v 0.692820 20.100000 12.400000
v 0.400000 20.100000 11.307179
v -0.400000 20.100000 12.692821
v -0.400000 20.100000 11.307179
v -0.565685 20.100000 11.434315
v -1.200000 18.800001 9.921539
v -0.207055 20.100000 11.227260
v -0.621166 18.800001 9.681778
v 0.000000 20.100000 11.200000
v -0.692820 20.100000 11.600000
v -0.800000 20.100000 12.000000
v -0.692820 20.100000 12.400000
v -0.565685 20.100000 12.565685
v -2.078461 18.800001 13.200000
v -0.772741 20.100000 12.207055
v -2.318222 18.800001 12.621166
v -2.400000 18.800001 12.000000
v -2.318222 18.800001 11.378834
v -0.772741 20.100000 11.792945
v -2.078461 18.800001 10.800000
v -1.697056 18.800001 10.302944
v -1.200000 18.800001 14.078461
v -0.207055 20.100000 12.772740
v 0.000000 18.800001 9.600000
v 0.207055 20.100000 11.227260
v 0.621166 18.800001 9.681778
v 1.200000 18.800001 9.921539
v 0.565685 20.100000 11.434315
v 0.565685 20.100000 12.565685
vn -0.0860 -0.4804 0.8728
vn -0.2546 -0.4804 0.8393
vn -0.4134 -0.4804 0.7735
vn -0.5564 -0.4804 0.6780
vn -0.6780 -0.4804 0.5564
vn -0.7735 -0.4804 0.4134
vn -0.8393 -0.4804 0.2546
vn -0.8728 -0.4804 0.0860
vn -0.8728 -0.4804 -0.0860
vn -0.8393 -0.4804 -0.2546
vn -0.7735 -0.4804 -0.4134
vn -0.6780 -0.4804 -0.5564
vn -0.5564 -0.4804 -0.6780
vn -0.4134 -0.4804 -0.7735
vn -0.2546 -0.4804 -0.8393
vn 0.2546 -0.4804 -0.8393
vn 0.4134 -0.4804 -0.7735
vn 0.5564 -0.4804 -0.6780
vn 0.6780 -0.4804 -0.5564
vn 0.7735 -0.4804 -0.4134
vn 0.8393 -0.4804 -0.2546
vn 0.8728 -0.4804 -0.0860
vn 0.8728 -0.4804 0.0860
vn 0.8393 -0.4804 0.2546
vn 0.7735 -0.4804 0.4134
vn 0.6780 -0.4804 0.5564
vn 0.5564 -0.4804 0.6780
vn 0.4134 -0.4804 0.7735
vn -0.0000 1.0000 -0.0000
vn 0.2546 -0.4804 0.8393
vn 0.0860 -0.4804 0.8728
vn -0.0000 -1.0000 -0.0000
vn -1.0000 -0.0000 -0.0000
vn -0.0000 -0.0000 -1.0000
vn 1.0000 -0.0000 -0.0000
vn -0.0000 -0.0000 1.0000
vn 0.8629 0.4982 0.0850
vn 0.8629 0.4982 -0.0850
vn 0.8629 -0.4982 -0.0850
vn 0.8629 -0.4982 0.0850
vn 0.8297 0.4982 0.2517
vn -0.8629 0.4982 0.0850
vn -0.8629 0.4982 -0.0850
vn -0.8297 0.4982 0.2517
vn -0.8629 -0.4982 0.0850
vn -0.8297 -0.4982 0.2517
vn -0.8629 -0.4982 -0.0850
vn 0.8297 -0.4982 0.2517
vn 0.7647 -0.4982 0.4087
vn 0.7647 0.4982 0.4087
vn 0.6703 -0.4982 0.5501
vn 0.6703 0.4982 0.5501
vn -0.7647 -0.4982 -0.4087
vn -0.8297 -0.4982 -0.2517
vn -0.8297 0.4982 -0.2517
vn -0.6703 0.4982 -0.5501
vn -0.7647 0.4982 -0.4087
vn -0.6703 -0.4982 -0.5501
vn -0.5501 0.4982 -0.6703
vn -0.5501 -0.4982 -0.6703
vn -0.4087 -0.4982 -0.7647
vn 0.2517 -0.4982 0.8297
vn 0.4087 -0.4982 0.7647
vn 0.2517 0.4982 0.8297
vn 0.4087 0.4982 0.7647
vn 0.0850 0.4982 0.8629
vn -0.2517 0.4982 -0.8297
vn -0.4087 0.4982 -0.7647
vn -0.0850 0.4982 -0.8629
vn -0.0850 -0.4982 -0.8629
vn -0.2517 -0.4982 -0.8297
vn 0.0850 -0.4982 -0.8629
vn -0.2517 -0.4982 0.8297
vn -0.0850 -0.4982 0.8629
vn -0.0850 0.4982 0.8629
vn 0.0850 -0.4982 0.8629
vn -0.2517 0.4982 0.8297
vn 0.2517 0.4982 -0.8297
vn 0.0850 0.4982 -0.8629
vn 0.4087 0.4982 -0.7647
vn 0.4087 -0.4982 -0.7647
vn 0.2517 -0.4982 -0.8297
vn -0.5501 -0.4982 0.6703
vn -0.4087 -0.4982 0.7647
vn -0.6703 -0.4982 0.5501
vn -0.6703 0.4982 0.5501
vn -0.5501 0.4982 0.6703
vn -0.4087 0.4982 0.7647
vn 0.6703 0.4982 -0.5501
vn 0.5501 0.4982 -0.6703
vn 0.7647 0.4982 -0.4087
vn 0.7647 -0.4982 -0.4087
vn 0.6703 -0.4982 -0.5501
vn 0.8297 -0.4982 -0.2517
vn -0.7647 -0.4982 0.4087
vn -0.7647 0.4982 0.4087
vn 0.8297 0.4982 -0.2517
vn 0.5501 0.4982 0.6703
vn -0.2517 0.4981 0.8298
vn -0.2517 -0.4981 0.8298
vn 0.5501 -0.4982 -0.6703
vn 0.5501 -0.4982 0.6703
vn -0.0948 -0.2533 0.9627
vn 0.0948 -0.2533 0.9627
vn 0.2808 -0.2533 0.9257
vn 0.4560 -0.2533 0.8531
vn 0.6137 -0.2533 0.7478
vn 0.9257 -0.2533 -0.2808
vn 0.9627 -0.2533 -0.0948
vn -0.2808 -0.2533 -0.9257
vn 0.4560 -0.2533 -0.8531
vn 0.6137 -0.2533 -0.7478
vn 0.2808 -0.2533 -0.9257
vn -0.8531 -0.2533 0.4560
vn -0.9257 -0.2533 0.2808
vn -0.6137 -0.2533 0.7478
vn -0.7478 -0.2533 0.6137
vn -0.4560 -0.2533 0.8531
vn -0.2808 -0.2533 0.9257
vn -0.9627 -0.2533 0.0948
vn -0.9627 -0.2533 -0.0948
vn -0.9257 -0.2533 -0.2808
vn -0.8531 -0.2533 -0.4560
vn -0.7478 -0.2533 -0.6137
vn -0.6137 -0.2533 -0.7478
vn 0.9257 -0.2533 0.2808
vn 0.8531 -0.2533 0.4560
vn 0.7478 -0.2533 0.6137
vn 0.9627 -0.2533 0.0948
vn -0.4560 -0.2533 -0.8531
vn 0.8531 -0.2533 -0.4560
vn 0.7478 -0.2533 -0.6137
vn 0.5501 0.4982 -0.6702
vn -0.0979 -0.0436 0.9942
vn 0.0979 -0.0436 0.9942
vn 0.2900 -0.0436 0.9560
vn 0.4709 -0.0436 0.8811
vn 0.6338 -0.0436 0.7723
vn 0.7723 -0.0436 0.6338
vn 0.9560 -0.0436 0.2900
vn 0.8811 -0.0436 0.4709
vn 0.2900 -0.0436 -0.9560
vn 0.4709 -0.0436 -0.8811
vn -0.9560 -0.0436 -0.2900
vn -0.8811 -0.0436 -0.4709
vn -0.8811 -0.0436 0.4709
vn -0.9560 -0.0436 0.2900
vn -0.6338 -0.0436 0.7723
vn -0.7723 -0.0436 0.6338
vn -0.9942 -0.0436 0.0979
vn -0.7723 -0.0436 -0.6338
vn -0.2900 -0.0436 -0.9560
vn 0.9560 -0.0436 -0.2900
vn 0.9942 -0.0436 -0.0979
vn 0.9942 -0.0436 0.0979
vn 0.7723 -0.0436 -0.6338
vn 0.8811 -0.0436 -0.4709
vn 0.6338 -0.0436 -0.7723
vn -0.4709 -0.0436 -0.8811
vn -0.6338 -0.0436 -0.7723
vn -0.9942 -0.0436 -0.0979
vn -0.4709 -0.0436 0.8811
vn -0.2900 -0.0436 0.9560
vn 0.5501 0.4982 0.6702
vn -0.0966 0.1720 0.9804
vn 0.0966 0.1720 0.9804
vn 0.2860 0.1720 0.9427
vn -0.2860 0.1720 -0.9427
vn -0.0966 0.1720 -0.9804
vn -0.9804 0.1720 -0.0966
vn -0.9427 0.1720 -0.2860
vn -0.8688 0.1720 -0.4644
vn 0.2860 0.1720 -0.9427
vn 0.4644 0.1720 -0.8688
vn -0.2860 0.1720 0.9427
vn -0.4644 0.1720 0.8688
vn 0.9427 0.1720 0.2860
vn 0.8688 0.1720 0.4644
vn 0.9427 0.1720 -0.2860
vn 0.9804 0.1720 -0.0966
vn 0.9804 0.1720 0.0966
vn 0.7615 0.1720 0.6249
vn 0.6249 0.1720 0.7615
vn 0.4644 0.1720 0.8688
vn -0.6249 0.1720 0.7615
vn -0.7615 0.1720 0.6249
vn -0.8688 0.1720 0.4644
vn -0.9427 0.1720 0.2860
vn 0.8688 0.1720 -0.4644
vn 0.6249 0.1720 -0.7615
vn 0.7615 0.1720 -0.6249
vn 0.0966 0.1720 -0.9804
vn -0.9804 0.1720 0.0966
vn -0.7615 0.1720 -0.6249
vn -0.6249 0.1720 -0.7615
vn -0.4644 0.1720 -0.8688
vn 0.5501 -0.4982 -0.6702
vn 0.6702 -0.4982 -0.5501
vn -0.0912 0.3656 0.9263
vn 0.0912 0.3656 0.9263
vn 0.2702 0.3656 0.8907
vn 0.4388 0.3656 0.8209
vn 0.8907 0.3656 0.2702
vn 0.8209 0.3656 0.4388
vn -0.2702 0.3656 0.8907
vn -0.4388 0.3656 0.8209
vn 0.2702 0.3656 -0.8907
vn 0.4388 0.3656 -0.8209
vn -0.8907 0.3656 -0.2702
vn -0.8209 0.3656 -0.4388
vn -0.8907 0.3656 0.2702
vn -0.9263 0.3656 0.0912
vn -0.9263 0.3656 -0.0912
vn -0.7195 0.3656 -0.5905
vn -0.2702 0.3656 -0.8907
vn -0.0912 0.3656 -0.9263
vn 0.7195 0.3656 0.5905
vn 0.5905 0.3656 0.7195
vn 0.8907 0.3656 -0.2702
vn 0.9263 0.3656 -0.0912
vn 0.5905 0.3656 -0.7195
vn 0.7195 0.3656 -0.5905
vn 0.8209 0.3656 -0.4388
vn 0.9263 0.3656 0.0912
vn 0.0912 0.3656 -0.9263
vn -0.4388 0.3656 -0.8209
vn -0.5905 0.3656 -0.7195
vn -0.5905 0.3656 0.7195
vn -0.7195 0.3656 0.5905
vn -0.8209 0.3656 0.4388
vn -0.0868 0.4640 0.8816
vn 0.0868 0.4640 0.8816
vn 0.2571 0.4640 0.8477
vn 0.8477 0.4640 -0.2571
vn 0.8816 0.4640 -0.0868
vn 0.8816 0.4640 0.0868
vn 0.8477 0.4640 0.2571
vn 0.7812 0.4640 0.4176
vn 0.2571 0.4640 -0.8477
vn 0.4176 0.4640 -0.7812
vn -0.8477 0.4640 -0.2571
vn -0.7812 0.4640 -0.4176
vn -0.7812 0.4640 0.4176
vn -0.8477 0.4640 0.2571
vn -0.4176 0.4640 0.7812
vn -0.5620 0.4640 0.6848
vn -0.6848 0.4640 0.5620
vn -0.8816 0.4640 0.0868
vn -0.8816 0.4640 -0.0868
vn -0.6848 0.4640 -0.5620
vn -0.5620 0.4640 -0.6848
vn -0.4176 0.4640 -0.7812
vn -0.2571 0.4640 -0.8477
vn -0.0868 0.4640 -0.8816
vn 0.0868 0.4640 -0.8816
vn 0.5620 0.4640 -0.6848
vn 0.6848 0.4640 -0.5620
vn 0.7812 0.4640 -0.4176
vn -0.2571 0.4640 0.8477
vn 0.4176 0.4640 0.7812
vn 0.6848 0.4640 0.5620
vn 0.5620 0.4640 0.6848
vn -0.0787 0.5959 0.7992
vn 0.0787 0.5959 0.7992
vn 0.2331 0.5959 0.7685
vn -0.2331 0.5959 -0.7685
vn -0.0787 0.5959 -0.7992
vn -0.7992 0.5959 -0.0787
vn -0.7685 0.5959 -0.2331
vn -0.7082 0.5959 -0.3786
vn 0.2331 0.5959 -0.7685
vn 0.3786 0.5959 -0.7082
vn -0.2331 0.5959 0.7685
vn -0.3786 0.5959 0.7082
vn 0.7685 0.5959 0.2331
vn 0.7082 0.5959 0.3786
vn 0.7992 0.5959 -0.0787
vn 0.7992 0.5959 0.0787
vn 0.7685 0.5959 -0.2331
vn 0.6208 0.5959 0.5095
vn 0.5095 0.5959 0.6208
vn 0.3786 0.5959 0.7082
vn -0.5095 0.5959 0.6208
vn -0.6208 0.5959 0.5095
vn -0.7082 0.5959 0.3786
vn -0.7685 0.5959 0.2331
vn 0.7082 0.5959 -0.3786
vn 0.5095 0.5959 -0.6208
vn 0.6208 0.5959 -0.5095
vn 0.0787 0.5959 -0.7992
vn -0.7992 0.5959 0.0787
vn -0.6208 0.5959 -0.5095
vn -0.5095 0.5959 -0.6208
vn -0.3786 0.5959 -0.7082
vn -0.0692 0.7085 0.7023
vn 0.0692 0.7085 0.7023
vn 0.2049 0.7085 0.6753
vn -0.2049 0.7085 -0.6753
vn -0.0692 0.7085 -0.7023
vn 0.6753 0.7085 -0.2049
vn 0.7023 0.7085 -0.0692
vn 0.6753 0.7085 0.2049
vn 0.6224 0.7085 0.3327
vn 0.5455 0.7085 0.4477
vn 0.4477 0.7085 0.5455
vn 0.3327 0.7085 0.6224
vn 0.7023 0.7085 0.0692
vn 0.2049 0.7085 -0.6753
vn 0.3327 0.7085 -0.6224
vn -0.6753 0.7085 -0.2049
vn -0.6224 0.7085 -0.3327
vn -0.6224 0.7085 0.3327
vn -0.6753 0.7085 0.2049
vn -0.4477 0.7085 0.5455
vn -0.5455 0.7085 0.4477
vn -0.3327 0.7085 0.6224
vn -0.7023 0.7085 0.0692
vn -0.7023 0.7085 -0.0692
vn -0.5455 0.7085 -0.4477
vn -0.4477 0.7085 -0.5455
vn -0.3327 0.7085 -0.6224
vn 0.4477 0.7085 -0.5455
vn 0.5455 0.7085 -0.4477
vn 0.6224 0.7085 -0.3327
vn 0.0692 0.7085 -0.7023
vn -0.2049 0.7085 0.6753
vn 0.6702 0.4982 -0.5501
vn -0.6702 -0.4982 0.5501
vn -0.6702 -0.4982 -0.5501
vn 0.6702 -0.4982 0.5501
vn -0.6702 0.4982 -0.5501
vn -0.5501 0.4982 0.6702
vn -0.6702 0.4982 0.5501
vn 0.6702 0.4982 0.5501
vn -0.0549 0.8288 0.5569
vn 0.0549 0.8288 0.5569
vn 0.1624 0.8288 0.5355
vn -0.1624 0.8288 -0.5355
vn -0.0549 0.8288 -0.5569
vn -0.5569 0.8288 -0.0549
vn -0.5355 0.8288 -0.1624
vn -0.4935 0.8288 -0.2638
vn -0.1624 0.8288 0.5355
vn -0.2638 0.8288 0.4935
vn 0.5355 0.8288 0.1624
vn 0.4935 0.8288 0.2638
vn 0.4935 0.8288 -0.2638
vn 0.5355 0.8288 -0.1624
vn 0.3550 0.8288 -0.4326
vn 0.4326 0.8288 -0.3550
vn 0.2638 0.8288 -0.4935
vn 0.1624 0.8288 -0.5355
vn 0.5569 0.8288 -0.0549
vn 0.5569 0.8288 0.0549
vn 0.4326 0.8288 0.3550
vn 0.3550 0.8288 0.4326
vn 0.2638 0.8288 0.4935
vn -0.3550 0.8288 0.4326
vn -0.4326 0.8288 0.3550
vn -0.4935 0.8288 0.2638
vn -0.5355 0.8288 0.1624
vn 0.0549 0.8288 -0.5569
vn -0.5569 0.8288 0.0549
vn -0.4326 0.8288 -0.3550
vn -0.3550 0.8288 -0.4326
vn -0.2638 0.8288 -0.4935
vn -0.5501 -0.4982 0.6702
vn -0.5501 0.4982 -0.6702
vn -0.0827 0.7735 0.6284
vn 0.0827 0.7735 0.6284
vn 0.2426 0.7735 0.5856
vn 0.5856 0.7735 -0.2426
vn 0.6284 0.7735 -0.0827
vn 0.6284 0.7735 0.0827
vn -0.3859 0.7735 -0.5029
vn -0.2426 0.7735 -0.5856
vn -0.5029 0.7735 0.3859
vn -0.5856 0.7735 0.2426
vn -0.6284 0.7735 0.0827
vn -0.6284 0.7735 -0.0827
vn -0.5856 0.7735 -0.2426
vn -0.5029 0.7735 -0.3859
vn -0.3859 0.7735 0.5029
vn -0.2426 0.7735 0.5856
vn -0.0827 0.7735 -0.6284
vn 0.0827 0.7735 -0.6284
vn 0.2426 0.7735 -0.5856
vn 0.3859 0.7735 -0.5029
vn 0.5029 0.7735 -0.3859
vn 0.5856 0.7735 0.2426
vn 0.5029 0.7735 0.3859
vn 0.3859 0.7735 0.5029
vt 1.000000 1.000000
vt 0.968750 0.500000
vt 1.000000 0.500000
vt 0.968750 1.000000
vt 0.937500 0.500000
vt 0.937500 1.000000
vt 0.906250 0.500000
vt 0.906250 1.000000
vt 0.875000 0.500000
vt 0.843750 1.000000
vt 0.843750 0.500000
vt 0.812500 0.500000
vt 0.812500 1.000000
vt 0.781250 0.500000
vt 0.781250 1.000000
vt 0.750000 0.500000
vt 0.750000 1.000000
vt 0.718750 0.500000
vt 0.718750 1.000000
vt 0.687500 0.500000
vt 0.687500 1.000000
vt 0.656250 0.500000
vt 0.656250 1.000000
vt 0.625000 0.500000
vt 0.593750 1.000000
vt 0.593750 0.500000
vt 0.562500 0.500000
vt 0.548279 0.772463
vt 0.552714 0.500000
vt 0.437500 0.500000
vt 0.447286 0.500000
vt 0.448785 0.680552
vt 0.437500 1.000000
vt 0.406250 0.500000
vt 0.406250 1.000000
vt 0.375000 0.500000
vt 0.343750 1.000000
vt 0.343750 0.500000
vt 0.312500 0.500000
vt 0.312500 1.000000
vt 0.281250 0.500000
vt 0.281250 1.000000
vt 0.250000 0.500000
vt 0.250000 1.000000
vt 0.218750 0.500000
vt 0.218750 1.000000
vt 0.187500 0.500000
vt 0.187500 1.000000
vt 0.156250 0.500000
vt 0.156250 1.000000
vt 0.125000 0.500000
vt 0.093750 1.000000
vt 0.093750 0.500000
vt 0.062500 0.500000
vt 0.395811 0.110981
vt 0.341844 0.028269
vt 0.471731 0.158156
vt 0.341844 0.471731
vt 0.341844 0.389019
vt 0.376105 0.389019
vt 0.062500 1.000000
vt 0.031250 0.500000
vt 0.031250 1.000000
vt 0.000000 0.500000
vt 0.672255 0.122340
vt 0.672255 0.097844
vt 0.514612 0.203178
vt 0.875000 1.000000
vt 0.625000 1.000000
vt 0.562500 1.000000
vt 0.546605 1.000000
vt 0.375000 1.000000
vt 0.125000 1.000000
vt 0.296822 0.485388
vt 0.158156 0.471731
vt 0.250000 0.490000
vt 0.203178 0.485388
vt 0.116663 0.449553
vt 0.028269 0.341844
vt 0.080294 0.419706
vt 0.050447 0.383337
vt 0.014612 0.296822
vt 0.010000 0.250000
vt 0.014612 0.203178
vt 0.028269 0.158156
vt 0.050447 0.116663
vt 0.080294 0.080294
vt 0.116663 0.050447
vt 0.158156 0.028269
vt 0.181057 0.021322
vt 0.181057 0.028269
vt 0.318943 0.028269
vt 0.318943 0.026013
vt 0.318943 0.023714
vt 0.318943 0.021322
vt 0.383337 0.050447
vt 0.419706 0.080294
vt 0.449553 0.116663
vt 0.485388 0.203178
vt 0.471731 0.341844
vt 0.490000 0.250000
vt 0.485388 0.296822
vt 0.449553 0.383337
vt 0.419706 0.419706
vt 0.383337 0.449553
vt 0.123895 0.110981
vt 0.104189 0.110981
vt 0.395811 0.389019
vt 0.181057 0.083556
vt 0.158156 0.110981
vt 0.307583 0.389019
vt 0.158156 0.389019
vt 0.104189 0.389019
vt 0.341844 0.110981
vt 0.000000 1.000000
vt 0.703178 0.485388
vt 0.750000 0.490000
vt 0.883337 0.449553
vt 0.796822 0.485388
vt 0.841844 0.471731
vt 0.919706 0.419706
vt 0.985388 0.296822
vt 0.949553 0.383337
vt 0.971731 0.341844
vt 0.990000 0.250000
vt 0.949553 0.116663
vt 0.985388 0.203178
vt 0.971731 0.158156
vt 0.827745 0.035274
vt 0.919706 0.080294
vt 0.827745 0.031140
vt 0.883337 0.050447
vt 0.827745 0.027420
vt 0.841844 0.028269
vt 0.827745 0.023992
vt 0.616663 0.050447
vt 0.672255 0.039389
vt 0.672255 0.033584
vt 0.672255 0.027420
vt 0.658156 0.028269
vt 0.672255 0.023992
vt 0.580294 0.080294
vt 0.550447 0.116663
vt 0.528269 0.158156
vt 0.510000 0.250000
vt 0.550447 0.383337
vt 0.514612 0.296822
vt 0.528269 0.341844
vt 0.580294 0.419706
vt 0.616663 0.449553
vt 0.658156 0.471731
vt 0.827745 0.060891
vt 0.827745 0.122340
vt 0.775393 0.122340
vt 0.375000 0.250000
vt 0.426919 0.250000
vt 0.426919 0.042779
vt 0.426919 0.453735
vt 0.426919 0.424365
vt 0.375000 0.750000
vt 0.426919 0.750000
vt 0.426919 0.542779
vt 0.426919 0.953735
vt 0.426919 0.934103
vt 0.375000 0.934103
vt 0.375000 0.815897
vt 0.426919 0.815897
vt 0.426919 0.796265
vt 0.190897 0.726792
vt 0.309103 0.726792
vt 0.404708 0.138533
vt 0.381717 0.159940
vt 0.381717 0.165831
vt 0.381717 0.415828
vt 0.381717 0.500000
vt 0.383762 0.500000
vt 0.381717 0.596314
vt 0.381717 0.599792
vt 0.416412 0.617410
vt 0.500000 0.500000
vt 0.500000 0.666667
vt 0.468750 0.666667
vt 0.531250 0.666667
vt 0.531250 0.333333
vt 0.531250 0.500000
vt 0.500000 0.333333
vt 0.468750 0.500000
vt 0.437500 0.666667
vt 0.437500 0.833333
vt 0.468750 0.833333
vt 0.500000 0.833333
vt 0.531250 0.833333
vt 0.531250 1.000000
vt 0.500000 1.000000
vt 0.531250 -0.000000
vt 0.500000 0.166667
vt 0.500000 -0.000000
vt 0.531250 0.166667
vt 0.562500 -0.000000
vt 0.468750 0.166667
vt 0.468750 0.333333
vt 0.437500 0.333333
vt 0.406250 0.333333
vt 0.406250 0.666667
vt 0.406250 0.166667
vt 0.375000 0.333333
vt 0.437500 0.166667
vt 0.406250 -0.000000
vt 0.437500 -0.000000
vt 0.468750 -0.000000
vt 0.468750 1.000000
vt 0.406250 0.833333
vt 0.375000 -0.000000
vt 0.343750 0.833333
vt 0.375000 0.833333
vt 0.343750 0.166667
vt 0.343750 -0.000000
vt 0.375000 0.166667
vt 0.312500 -0.000000
vt 0.312500 0.333333
vt 0.312500 0.166667
vt 0.343750 0.333333
vt 0.281250 0.333333
vt 0.281250 0.666667
vt 0.312500 0.666667
vt 0.250000 0.666667
vt 0.281250 0.833333
vt 0.312500 0.833333
vt 0.250000 0.833333
vt 0.281250 -0.000000
vt 0.250000 0.166667
vt 0.250000 -0.000000
vt 0.281250 0.166667
vt 0.218750 0.166667
vt 0.218750 0.333333
vt 0.250000 0.333333
vt 0.187500 0.333333
vt 0.218750 0.666667
vt 0.187500 0.666667
vt 0.218750 0.833333
vt 0.187500 0.833333
vt 0.156250 -0.000000
vt 0.187500 -0.000000
vt 0.187500 0.166667
vt 0.218750 -0.000000
vt 0.156250 0.333333
vt 0.156250 0.166667
vt 0.125000 0.166667
vt 0.125000 0.333333
vt 0.125000 0.666667
vt 0.156250 0.666667
vt 0.125000 0.833333
vt 0.156250 0.833333
vt 0.093750 0.666667
vt 0.093750 0.833333
vt 0.093750 -0.000000
vt 0.062500 0.166667
vt 0.062500 -0.000000
vt 0.093750 0.166667
vt 0.125000 -0.000000
vt 0.031250 0.166667
vt 0.062500 0.333333
vt 0.031250 0.333333
vt 0.093750 0.333333
vt 0.031250 0.666667
vt 0.062500 0.666667
vt 0.000000 0.833333
vt 0.000000 0.666667
vt 0.031250 0.833333
vt 0.968750 0.666667
vt 1.000000 0.666667
vt 1.000000 0.833333
vt 0.968750 0.833333
vt 0.062500 0.833333
vt 0.031250 -0.000000
vt 0.000000 0.166667
vt 0.000000 -0.000000
vt 1.000000 -0.000000
vt 1.000000 0.166667
vt 0.968750 0.166667
vt 0.968750 0.333333
vt 1.000000 0.333333
vt 0.000000 0.333333
vt 0.937500 0.333333
vt 0.937500 0.666667
vt 0.906250 0.666667
vt 0.937500 0.833333
vt 0.906250 0.833333
vt 0.875000 0.833333
vt 0.906250 -0.000000
vt 0.875000 0.166667
vt 0.875000 -0.000000
vt 0.906250 0.166667
vt 0.937500 0.166667
vt 0.937500 -0.000000
vt 0.906250 0.333333
vt 0.875000 0.333333
vt 0.875000 0.666667
vt 0.843750 0.833333
vt 0.843750 0.666667
vt 0.812500 0.833333
vt 0.803733 0.953242
vt 0.803265 0.833333
vt 0.803827 -0.000000
vt 0.812500 -0.000000
vt 0.803733 0.046758
vt 0.803827 1.000000
vt 0.812500 0.166667
vt 0.843750 -0.000000
vt 0.802384 0.279383
vt 0.812500 0.333333
vt 0.802174 0.333333
vt 0.803265 0.166667
vt 0.843750 0.333333
vt 0.802065 0.388986
vt 0.802174 0.666667
vt 0.802065 0.611014
vt 0.812500 0.666667
vt 0.801645 0.500000
vt 0.802384 0.720618
vt 0.687500 0.666667
vt 0.697826 0.666667
vt 0.697616 0.720617
vt 0.687500 0.833333
vt 0.696735 0.833333
vt 0.696638 0.882071
vt 0.687500 0.166667
vt 0.696638 0.117929
vt 0.696735 0.166667
vt 0.687500 0.333333
vt 0.697616 0.279383
vt 0.697826 0.333333
vt 0.656250 0.166667
vt 0.656250 0.333333
vt 0.697935 0.388986
vt 0.698355 0.500000
vt 0.697935 0.611014
vt 0.656250 0.666667
vt 0.625000 0.666667
vt 0.656250 0.833333
vt 0.625000 0.833333
vt 0.696173 1.000000
vt 0.687500 -0.000000
vt 0.656250 -0.000000
vt 0.625000 -0.000000
vt 0.593750 0.166667
vt 0.593750 -0.000000
vt 0.625000 0.166667
vt 0.562500 0.166667
vt 0.593750 0.333333
vt 0.625000 0.333333
vt 0.593750 0.666667
vt 0.562500 0.833333
vt 0.562500 0.666667
vt 0.593750 0.833333
vt 0.562500 0.333333
vt 0.843750 0.166667
vt 0.968750 -0.000000
vt 0.343750 0.666667
vt 0.375000 0.666667
vt 0.393240 0.149305
vt 0.391636 0.146794
vt 0.385234 0.146794
vt 0.385234 0.603207
vt 0.391636 0.603206
vt 0.393240 0.600695
vt 0.203178 0.485388
vt 0.616663 0.449553
vt 0.658156 0.471731
vt 0.550447 0.383337
vt 0.514612 0.203178
vt 0.604189 0.389019
vt 0.638786 0.389019
vt 0.550447 0.116663
vt 0.604189 0.110981
vt 0.604189 0.143325
vt 0.604189 0.337240
vt 0.652594 0.110981
vt 0.681057 0.110981
vt 0.681057 0.091963
vt 0.722347 0.389019
vt 0.818943 0.023775
vt 0.841844 0.028269
vt 0.818943 0.021322
vt 0.545610 0.770233
vt 0.546605 0.500000
vt 0.895811 0.110981
vt 0.883337 0.050447
vt 0.616663 0.050447
vt 0.681057 0.037639
vt 0.681057 0.023775
vt 0.895811 0.356675
vt 0.895811 0.162760
vt 0.818943 0.110981
vt 0.861214 0.110981
vt 0.818943 0.047719
vt 0.847406 0.389019
vt 0.681057 0.062563
vt 0.658156 0.028269
vt 0.681057 0.021322
vt 0.184750 0.020202
vt 0.184750 0.028269
vt 0.315250 0.028269
vt 0.315250 0.025650
vt 0.454390 0.770233
vt 0.455959 1.000000
vt 0.116663 0.050447
vt 0.184750 0.033559
vt 0.315250 0.059517
vt 0.112000 0.118429
vt 0.251684 0.381571
vt 0.304499 0.381571
vt 0.184750 0.039285
vt 0.375821 0.118429
vt 0.315250 0.093339
vt 0.184750 0.054863
vt 0.315250 0.118429
vt 0.388000 0.258113
vt 0.184750 0.092473
vt 0.388000 0.381571
vt 0.449553 0.383337
vt 0.485388 0.203178
vt 0.383337 0.449553
vt 0.949553 0.383337
vt 0.883337 0.449553
vt 0.841844 0.471731
vt 0.985388 0.203178
vt 0.949553 0.116663
vt 0.449553 0.116663
vt 0.895811 0.389019
vt 0.112000 0.381571
vt 0.112000 0.376527
vt 0.112000 0.241887
vt 0.124179 0.381571
vt 0.050447 0.383337
vt 0.010000 0.250000
vt 0.014612 0.203178
vt 0.383337 0.050447
vt 0.050447 0.116663
vt 0.315250 0.022979
vt 0.315250 0.020202
vt 0.453395 0.500000
vt 0.116663 0.449553
vt 0.422490 0.203443
vt 0.422490 0.250000
vt 0.478593 0.245207
vt 0.422490 0.351294
vt 0.422490 0.458503
vt 0.478593 0.424365
vt 0.422490 0.703443
vt 0.422490 0.750000
vt 0.478593 0.745207
vt 0.422490 0.779660
vt 0.478593 0.815897
vt 0.478593 0.761032
vt 0.478593 0.934103
vt 0.422490 0.934103
vt 0.422490 0.958503
vt 0.506717 0.189086
vt 0.506717 0.143617
vt 0.440129 0.165066
vt 0.476117 0.640860
vt 0.506717 0.641702
vt 0.506717 0.638535
vt 0.795914 0.588459
vt 0.796476 0.752130
vt 0.796180 0.666667
vt 0.797334 0.919115
vt 0.797037 0.833333
vt 0.797478 -0.000000
vt 0.797334 0.080885
vt 0.797478 1.000000
vt 0.796476 0.247870
vt 0.797037 0.166667
vt 0.795914 0.411541
vt 0.796180 0.333333
vt 0.795762 0.500000
vt 0.702963 0.166667
vt 0.703259 0.250715
vt 0.704086 0.411541
vt 0.703820 0.333333
vt 0.704238 0.500000
vt 0.704086 0.588459
vt 0.703259 0.749285
vt 0.702666 0.919115
vt 0.702963 0.833333
vt 0.702819 0.084968
vt 0.702522 1.000000
vt 0.451651 0.117855
vt 0.449396 0.114117
vt 0.444295 0.114117
vt 0.442040 0.632057
vt 0.444295 0.635883
vt 0.451651 0.632057
vt 0.616663 0.449553
vt 0.050447 0.383337
vt 0.113221 0.119593
vt 0.113221 0.380407
vt 0.113221 0.377032
vt 0.113221 0.136751
vt 0.304016 0.380407
vt 0.121368 0.380407
vt 0.120328 0.119593
vt 0.185327 0.093867
vt 0.185327 0.119593
vt 0.185327 0.020027
vt 0.185327 0.028269
vt 0.314673 0.028269
vt 0.314673 0.025593
vt 0.456132 0.798111
vt 0.116663 0.050447
vt 0.185327 0.039524
vt 0.386779 0.119593
vt 0.378632 0.119593
vt 0.314673 0.119593
vt 0.314673 0.093100
vt 0.386779 0.363249
vt 0.386779 0.122968
vt 0.379672 0.380407
vt 0.386779 0.380407
vt 0.883337 0.449553
vt 0.949553 0.383337
vt 0.949553 0.116663
vt 0.858552 0.381571
vt 0.772547 0.381571
vt 0.888000 0.208783
vt 0.888000 0.361895
vt 0.888000 0.381571
vt 0.883337 0.050447
vt 0.815250 0.026925
vt 0.815250 0.022245
vt 0.723829 0.381571
vt 0.815250 0.118429
vt 0.888000 0.118429
vt 0.815250 0.020202
vt 0.543868 0.798111
vt 0.544041 0.500000
vt 0.684750 0.025650
vt 0.684750 0.020202
vt 0.684750 0.036904
vt 0.641448 0.118429
vt 0.684750 0.089495
vt 0.616663 0.050447
vt 0.612000 0.381571
vt 0.612000 0.291217
vt 0.612000 0.138105
vt 0.684750 0.118429
vt 0.550447 0.116663
vt 0.550447 0.383337
vt 0.050447 0.116663
vt 0.455959 0.500000
vt 0.314673 0.022864
vt 0.314673 0.020027
vt 0.383337 0.050447
vt 0.474163 0.164158
vt 0.530266 0.246765
vt 0.530266 0.016447
vt 0.530266 0.424365
vt 0.530266 0.257446
vt 0.474163 0.351294
vt 0.474163 0.664158
vt 0.530266 0.746765
vt 0.530266 0.516447
vt 0.474163 0.815897
vt 0.530266 0.815897
vt 0.530266 0.757446
vt 0.530266 0.934103
vt 0.474163 0.934103
vt 0.474163 0.973326
vt 0.501460 0.108298
vt 0.501460 0.121905
vt 0.541162 0.100106
vt 0.541162 0.649894
vt 0.568049 0.644193
vt 0.568049 0.640929
vt 0.705899 0.735206
vt 0.705337 0.904867
vt 0.705571 0.833333
vt 0.706506 0.565301
vt 0.706340 0.666667
vt 0.793451 0.601596
vt 0.793286 0.500000
vt 0.793451 0.398404
vt 0.793660 0.333333
vt 0.794588 0.928865
vt 0.794823 1.000000
vt 0.794588 0.071135
vt 0.794823 -0.000000
vt 0.794428 0.166667
vt 0.794101 0.264794
vt 0.705571 0.166667
vt 0.705899 0.264794
vt 0.706340 0.333333
vt 0.706506 0.434699
vt 0.705412 0.071135
vt 0.705177 1.000000
vt 0.706714 0.500000
vt 0.794428 0.833333
vt 0.794101 0.735206
vt 0.793660 0.666667
vt 0.503372 0.101258
vt 0.506127 0.105738
vt 0.510921 0.105370
vt 0.506126 0.644262
vt 0.503372 0.648742
vt 0.512983 0.648742
vt 0.886779 0.380407
vt 0.860294 0.380407
vt 0.724060 0.380407
vt 0.886779 0.362711
vt 0.886779 0.149242
vt 0.814673 0.119593
vt 0.866968 0.119593
vt 0.814673 0.041327
vt 0.613221 0.380407
vt 0.613221 0.350758
vt 0.613221 0.137289
vt 0.639706 0.119593
vt 0.685327 0.119593
vt 0.685327 0.089110
vt 0.633032 0.380407
vt 0.814673 0.022006
vt 0.814673 0.020027
vt 0.544605 0.713674
vt 0.543640 0.500000
vt 0.502056 0.967105
vt 0.531250 0.967105
vt 0.545209 0.967105
vt 0.500000 0.967105
vt 0.814673 0.032462
vt 0.814673 0.026539
vt 0.814673 0.024153
vt 0.883337 0.050447
vt 0.613221 0.119593
vt 0.685327 0.032462
vt 0.886779 0.119593
vt 0.341844 0.028269
vt 0.391798 0.114807
vt 0.244694 0.114807
vt 0.158156 0.028269
vt 0.367078 0.114807
vt 0.391798 0.261911
vt 0.391798 0.125047
vt 0.203178 0.014612
vt 0.454791 0.967105
vt 0.455395 0.713674
vt 0.028269 0.158156
vt 0.108202 0.114807
vt 0.255306 0.385193
vt 0.305999 0.385193
vt 0.194001 0.114807
vt 0.391798 0.385193
vt 0.108202 0.385193
vt 0.028269 0.341844
vt 0.132922 0.385193
vt 0.108202 0.238089
vt 0.108202 0.374953
vt 0.014612 0.296822
vt 0.014612 0.203178
vt 0.616663 0.050447
vt 0.685327 0.022006
vt 0.685327 0.020027
vt 0.250000 0.010000
vt 0.497944 0.967105
vt 0.468750 0.967105
vt 0.296822 0.014612
vt 0.525837 0.221580
vt 0.525837 0.250000
vt 0.581939 0.240533
vt 0.525837 0.351294
vt 0.525837 0.475796
vt 0.581939 0.424365
vt 0.525837 0.721580
vt 0.525837 0.750000
vt 0.581939 0.740533
vt 0.578248 0.815897
vt 0.581939 0.879677
vt 0.581939 0.771792
vt 0.591249 0.103623
vt 0.562792 0.114187
vt 0.562792 0.183284
vt 0.562792 0.635813
vt 0.562792 0.643038
vt 0.591249 0.646377
vt 0.875000 0.529534
vt 0.744046 0.653161
vt 0.755954 0.653161
vt 0.705754 0.097357
vt 0.706311 0.266991
vt 0.706734 0.333333
vt 0.705979 0.166667
vt 0.706935 0.396347
vt 0.707102 0.500000
vt 0.794408 -0.000000
vt 0.794246 0.097357
vt 0.794021 0.166667
vt 0.793689 0.266991
vt 0.794246 0.902643
vt 0.794021 0.833333
vt 0.794408 1.000000
vt 0.793098 0.436812
vt 0.793098 0.563188
vt 0.792898 0.500000
vt 0.793266 0.666667
vt 0.793266 0.333333
vt 0.706311 0.733009
vt 0.705979 0.833333
vt 0.705754 0.902643
vt 0.705592 1.000000
vt 0.705592 -0.000000
vt 0.706902 0.563188
vt 0.706734 0.666667
vt 0.793689 0.733009
vt 0.572317 0.102642
vt 0.574315 0.098496
vt 0.564704 0.098496
vt 0.567687 0.655131
vt 0.571331 0.655131
vt 0.574315 0.651504
vt 0.116663 0.449553
vt 0.050447 0.383337
vt 0.014612 0.296822
vt 0.383337 0.449553
vt 0.203178 0.014612
vt 0.250000 0.010000
vt 0.468339 0.506579
vt 0.468750 0.506579
vt 0.454712 0.500000
vt 0.454643 0.506579
vt 0.116663 0.050447
vt 0.449553 0.116663
vt 0.853132 0.385193
vt 0.770127 0.385193
vt 0.891798 0.203099
vt 0.891798 0.359357
vt 0.891798 0.385193
vt 0.841844 0.028269
vt 0.817046 0.028125
vt 0.817046 0.020746
vt 0.723109 0.385193
vt 0.891798 0.114807
vt 0.531661 0.506579
vt 0.545357 0.506579
vt 0.531250 0.506579
vt 0.500411 0.506579
vt 0.608202 0.114807
vt 0.682954 0.034836
vt 0.608202 0.296901
vt 0.608202 0.140643
vt 0.646868 0.114807
vt 0.682954 0.114807
vt 0.682954 0.090695
vt 0.608202 0.385193
vt 0.682954 0.022989
vt 0.658156 0.028269
vt 0.682954 0.020746
vt 0.050447 0.116663
vt 0.014612 0.203178
vt 0.500000 0.506579
vt 0.469161 0.506579
vt 0.296822 0.014612
vt 0.383337 0.050447
vt 0.449553 0.383337
vt 0.577510 0.023888
vt 0.577510 0.168365
vt 0.625000 0.000000
vt 0.577510 0.392743
vt 0.577510 0.465914
vt 0.577510 0.523888
vt 0.577510 0.668365
vt 0.578248 0.815897
vt 0.578248 0.934103
vt 0.625000 0.750000
vt 0.624124 0.126372
vt 0.624124 0.192096
vt 0.625000 0.110114
vt 0.625000 0.529534
vt 0.624124 0.529534
vt 0.624124 0.631524
vt 0.748946 0.652478
vt 0.750000 0.652543
vt 0.718750 -0.000000
vt 0.718750 0.833333
vt 0.750000 0.833333
vt 0.718750 0.166667
vt 0.750000 -0.000000
vt 0.750000 0.666667
vt 0.781250 0.666667
vt 0.781250 0.833333
vt 0.718750 0.333333
vt 0.750000 0.333333
vt 0.750000 0.166667
vt 0.781250 0.333333
vt 0.781250 0.166667
vt 0.781250 -0.000000
vt 0.718750 0.666667
vt 0.796822 0.014612
vt 0.616663 0.050447
vt 0.028269 0.341844
vt 0.028269 0.158156
vt 0.050447 0.383337
vt 0.158156 0.028269
vt 0.341844 0.028269
vt 0.116663 0.050447
vt 0.449553 0.116663
vt 0.883337 0.050447
vt 0.383337 0.050447
vt 0.750000 0.010000
vt 0.703178 0.014612
vt 0.050447 0.116663
vt 0.116663 0.449553
vt 0.796822 0.014612
vt 0.841844 0.028269
vt 0.949553 0.116663
vt 0.750000 0.010000
vt 0.703178 0.014612
vt 0.490000 0.250000
vt 0.419706 0.080294
vt 0.203178 0.014612
vt 0.250000 0.010000
vt 0.250000 0.490000
vt 0.010000 0.250000
vt 0.014612 0.203178
vt 0.080294 0.419706
vt 0.080294 0.080294
vt 0.550447 0.116663
vt 0.658156 0.028269
vt 0.750000 0.490000
vt 0.750000 0.010000
vt 0.203178 0.014612
vt 0.116663 0.050447
vt 0.919706 0.080294
vt 0.050447 0.116663
vt 0.580294 0.080294
vt 0.296822 0.014612
vt 0.796822 0.014612
vt 0.703178 0.014612
vt 0.687883 0.481822
vt 0.812117 0.481822
vt 0.958333 0.500000
vt 0.041666 0.500000
vt -0.000000 1.000000
vt -0.000000 0.500000
vt 0.630000 0.457846
vt 0.083333 1.000000
vt 0.083333 0.500000
vt 0.041666 1.000000
vt 0.518178 0.187883
vt 0.518178 0.312117
vt 0.542154 0.370000
vt 0.542154 0.130000
vt 0.333333 1.000000
vt 0.291667 0.500000
vt 0.333333 0.500000
vt 0.291667 1.000000
vt 0.250000 1.000000
vt 0.250000 0.500000
vt 0.018178 0.187883
vt 0.130000 0.042154
vt 0.208333 0.500000
vt 0.042154 0.370000
vt 0.018178 0.312117
vt 0.208333 1.000000
vt 0.130000 0.457846
vt 0.370000 0.042154
vt 0.370000 0.457846
vt 0.457846 0.130000
vt 0.625000 1.000000
vt 0.583333 1.000000
vt 0.583333 0.500000
vt 0.541666 0.500000
vt 0.312117 0.018178
vt 0.541666 1.000000
vt 0.457846 0.370000
vt 0.875000 1.000000
vt 0.833333 1.000000
vt 0.833333 0.500000
vt 0.791667 0.500000
vt 0.481822 0.312117
vt 0.791667 1.000000
vt 0.957846 0.370000
vt 0.981822 0.312117
vt 0.981822 0.187883
vt 0.750000 1.000000
vt 0.750000 0.500000
vt 0.708333 0.500000
vt 0.708333 1.000000
vt 0.666667 0.500000
vt 0.957846 0.130000
vt 0.625000 0.500000
vt 0.870000 0.042154
vt 0.812117 0.018178
vt 0.666667 1.000000
vt 0.481822 0.187883
vt 0.875000 0.500000
vt 0.916667 0.500000
vt 0.916667 1.000000
vt 0.870000 0.457846
vt 0.958333 1.000000
vt 0.312117 0.481822
vt 0.500000 1.000000
vt 0.458333 0.500000
vt 0.500000 0.500000
vt 0.187883 0.018178
vt 0.458333 1.000000
vt 0.687883 0.018178
vt 0.416666 0.500000
vt 0.630000 0.042154
vt 0.416666 1.000000
vt 0.375000 1.000000
vt 0.375000 0.500000
vt 0.042154 0.130000
vt 0.166666 1.000000
vt 0.166666 0.500000
vt 0.125000 1.000000
vt 0.125000 0.500000
vt 0.187883 0.481822
vt 0.395811 0.341442
vt 0.453395 1.000000
vt 0.104189 0.158558
vt 0.181057 0.110981
vt 0.318943 0.110981
vt 0.426919 0.000000
vt 0.375000 0.000000
vt 0.426919 0.296265
vt 0.426919 0.500000
vt 0.426919 0.483106
vt 0.426919 1.000000
vt 0.426919 0.983106
vt 0.309103 0.750000
vt 0.125000 0.750000
vt 0.190897 0.750000
vt 0.383762 0.220466
vt 0.445386 0.220466
vt 0.445386 0.189086
vt 0.445386 0.125826
vt 0.445386 0.117877
vt 0.381717 0.250000
vt 0.383762 0.250000
vt 0.381717 0.225144
vt 0.381717 0.150208
vt 0.381717 0.153686
vt 0.383762 0.529534
vt 0.381717 0.562351
vt 0.381717 0.588345
vt 0.445386 0.529534
vt 0.445386 0.624174
vt 0.381717 0.592539
vt 0.445386 0.626755
vt 0.445386 0.632123
vt 0.445386 0.629386
vt 0.696173 -0.000000
vt 0.383629 0.147648
vt 0.383629 0.149305
vt 0.383629 0.152767
vt 0.385034 0.153516
vt 0.388435 0.155327
vt 0.391835 0.153516
vt 0.393240 0.152767
vt 0.393240 0.147648
vt 0.388435 0.145089
vt 0.393240 0.597233
vt 0.389783 0.595391
vt 0.388435 0.594673
vt 0.387086 0.595391
vt 0.383629 0.597233
vt 0.383629 0.600695
vt 0.383629 0.602352
vt 0.388435 0.604911
vt 0.393240 0.602352
vt 0.184750 0.118429
vt 0.388000 0.123473
vt 0.388000 0.118429
vt 0.544041 1.000000
vt 0.478593 0.117292
vt 0.478593 0.000000
vt 0.422490 0.029082
vt 0.422490 0.000000
vt 0.478593 0.250000
vt 0.478593 0.261032
vt 0.422490 0.279660
vt 0.478593 0.376526
vt 0.422490 0.500000
vt 0.478593 0.500000
vt 0.478593 0.617292
vt 0.422490 0.529082
vt 0.478593 0.750000
vt 0.422490 0.815897
vt 0.422490 1.000000
vt 0.478593 1.000000
vt 0.506717 0.111465
vt 0.506717 0.101712
vt 0.476117 0.109140
vt 0.440129 0.117877
vt 0.440129 0.120683
vt 0.440129 0.136547
vt 0.506717 0.117860
vt 0.506717 0.124783
vt 0.440129 0.198706
vt 0.440129 0.220466
vt 0.506717 0.220466
vt 0.506717 0.529534
vt 0.440129 0.529534
vt 0.506717 0.559866
vt 0.440129 0.601919
vt 0.440129 0.629317
vt 0.440129 0.632123
vt 0.506717 0.600757
vt 0.506717 0.648288
vt 0.506717 0.644930
vt 0.703820 0.666667
vt 0.702522 -0.000000
vt 0.442040 0.115318
vt 0.442040 0.117855
vt 0.442040 0.120437
vt 0.444396 0.121691
vt 0.446846 0.122996
vt 0.449178 0.121754
vt 0.451651 0.120437
vt 0.451651 0.115318
vt 0.446846 0.112758
vt 0.446846 0.637242
vt 0.449396 0.635883
vt 0.451651 0.634682
vt 0.451651 0.629563
vt 0.449178 0.628246
vt 0.446846 0.627004
vt 0.444514 0.628246
vt 0.442040 0.629563
vt 0.442040 0.634682
vt 0.456360 1.000000
vt 0.612000 0.118429
vt 0.543640 1.000000
vt 0.474163 0.250000
vt 0.530266 0.250000
vt 0.530266 0.000000
vt 0.474163 0.000000
vt 0.474163 0.018694
vt 0.474163 0.473326
vt 0.474163 0.500000
vt 0.530266 0.493505
vt 0.530266 0.500000
vt 0.474163 0.395423
vt 0.474163 0.750000
vt 0.530266 0.750000
vt 0.474163 0.518694
vt 0.474163 1.000000
vt 0.530266 0.993505
vt 0.530266 1.000000
vt 0.501460 0.220466
vt 0.568049 0.220466
vt 0.568049 0.189086
vt 0.501460 0.185487
vt 0.568049 0.122800
vt 0.568049 0.109072
vt 0.568049 0.099018
vt 0.501460 0.101712
vt 0.568049 0.529534
vt 0.501460 0.529534
vt 0.568049 0.561849
vt 0.501460 0.640160
vt 0.501460 0.645818
vt 0.501460 0.648288
vt 0.568049 0.650982
vt 0.568049 0.647521
vt 0.705177 -0.000000
vt 0.512983 0.104271
vt 0.512983 0.101258
vt 0.512983 0.099152
vt 0.510060 0.097596
vt 0.508178 0.096593
vt 0.506295 0.097596
vt 0.503372 0.099152
vt 0.503372 0.104271
vt 0.508178 0.106831
vt 0.503372 0.650848
vt 0.505248 0.651847
vt 0.508178 0.653407
vt 0.511107 0.651847
vt 0.512983 0.650848
vt 0.512983 0.645729
vt 0.510229 0.644262
vt 0.503372 0.645729
vt 0.508178 0.643169
vt 0.456360 0.500000
vt 0.581939 0.113987
vt 0.581939 0.000000
vt 0.525837 0.016963
vt 0.525837 0.000000
vt 0.581939 0.250000
vt 0.581939 0.271792
vt 0.525837 0.268105
vt 0.581939 0.379677
vt 0.525837 0.500000
vt 0.581939 0.500000
vt 0.581939 0.613987
vt 0.525837 0.516963
vt 0.581939 0.750000
vt 0.525837 0.975796
vt 0.525837 1.000000
vt 0.581939 1.000000
vt 0.525837 0.934103
vt 0.578248 0.934103
vt 0.581939 0.924365
vt 0.525837 0.768105
vt 0.525837 0.815897
vt 0.562792 0.099018
vt 0.562792 0.101432
vt 0.625000 0.220466
vt 0.625000 0.109086
vt 0.562792 0.220466
vt 0.625000 0.640914
vt 0.562792 0.625000
vt 0.562792 0.529534
vt 0.562792 0.650982
vt 0.562792 0.648568
vt 0.562792 0.645949
vt 0.662495 0.648093
vt 0.750000 0.653531
vt 0.837505 0.648093
vt 0.875000 0.640914
vt 0.569509 0.093899
vt 0.566521 0.095490
vt 0.571331 0.094869
vt 0.564704 0.096458
vt 0.564704 0.101577
vt 0.566702 0.102642
vt 0.574315 0.096458
vt 0.574315 0.101577
vt 0.569509 0.104137
vt 0.574315 0.648423
vt 0.572317 0.647358
vt 0.569509 0.645863
vt 0.566702 0.647358
vt 0.564704 0.648423
vt 0.564704 0.651504
vt 0.564704 0.653542
vt 0.569509 0.656101
vt 0.574315 0.653542
vt 0.817046 0.114807
vt 0.545288 0.500000
vt 0.577510 0.250000
vt 0.625000 0.250000
vt 0.577510 0.000000
vt 0.577510 0.500000
vt 0.577510 0.351294
vt 0.577510 0.750000
vt 0.577510 0.965914
vt 0.577510 1.000000
vt 0.577510 0.815897
vt 0.577510 0.934103
vt 0.875000 0.750000
vt 0.624124 0.220466
vt 0.624124 0.109795
vt 0.624124 0.112433
vt 0.624124 0.640206
vt 0.625000 0.639886
vt 0.837199 0.647123
vt 0.838213 0.646929
vt 0.836146 0.647188
vt 0.875000 0.639886
vt 0.661788 0.646929
vt 0.662801 0.647123
s 0
usemtl Wax
f 3/1/1 4/2/1 1/3/1
f 6/4/2 7/5/2 4/2/2
f 9/6/3 10/7/3 7/5/3
f 12/8/4 13/9/4 10/7/4
f 13/9/5 16/10/5 15/11/5
f 16/10/6 17/12/6 15/11/6
f 18/13/7 19/14/7 17/12/7
f 20/15/8 21/16/8 19/14/8
f 22/17/9 23/18/9 21/16/9
f 24/19/10 25/20/10 23/18/10
f 26/21/11 27/22/11 25/20/11
f 28/23/12 29/24/12 27/22/12
f 29/24/13 32/25/13 31/26/13
f 32/25/14 33/27/14 31/26/14
f 33/27/15 76/28/15 77/29/15
f 35/30/16 79/31/16 78/32/16
f 36/33/17 37/34/17 35/30/17
f 38/35/18 39/36/18 37/34/18
f 39/36/19 42/37/19 41/38/19
f 42/37/20 43/39/20 41/38/20
f 44/40/21 45/41/21 43/39/21
f 46/42/22 47/43/22 45/41/22
f 48/44/23 49/45/23 47/43/23
f 50/46/24 51/47/24 49/45/24
f 52/48/25 53/49/25 51/47/25
f 54/50/26 55/51/26 53/49/26
f 55/51/27 58/52/27 57/53/27
f 58/52/28 59/54/28 57/53/28
f 64/55/29 34/56/29 26/57/29
f 9/58/29 66/59/29 67/60/29
f 60/61/30 61/62/30 59/54/30
f 62/63/31 1/64/31 61/62/31
f 81/65/32 80/66/32 45/67/32
f 3/1/1 6/4/1 4/2/1
f 6/4/2 9/6/2 7/5/2
f 9/6/3 12/8/3 10/7/3
f 12/8/4 14/68/4 13/9/4
f 13/9/5 14/68/5 16/10/5
f 16/10/6 18/13/6 17/12/6
f 18/13/7 20/15/7 19/14/7
f 20/15/8 22/17/8 21/16/8
f 22/17/9 24/19/9 23/18/9
f 24/19/10 26/21/10 25/20/10
f 26/21/11 28/23/11 27/22/11
f 28/23/12 30/69/12 29/24/12
f 29/24/13 30/69/13 32/25/13
f 32/25/14 34/70/14 33/27/14
f 83/71/15 76/28/15 34/70/15
f 78/32/16 36/33/16 35/30/16
f 36/33/17 38/35/17 37/34/17
f 38/35/18 40/72/18 39/36/18
f 39/36/19 40/72/19 42/37/19
f 42/37/20 44/40/20 43/39/20
f 44/40/21 46/42/21 45/41/21
f 46/42/22 48/44/22 47/43/22
f 48/44/23 50/46/23 49/45/23
f 50/46/24 52/48/24 51/47/24
f 52/48/25 54/50/25 53/49/25
f 54/50/26 56/73/26 55/51/26
f 55/51/27 56/73/27 58/52/27
f 58/52/28 60/61/28 59/54/28
f 9/58/29 6/74/29 60/75/29
f 6/74/29 3/76/29 60/75/29
f 3/76/29 62/77/29 60/75/29
f 58/78/29 52/79/29 60/75/29
f 56/80/29 52/79/29 58/78/29
f 56/80/29 54/81/29 52/79/29
f 52/79/29 50/82/29 48/83/29
f 48/83/29 46/84/29 52/79/29
f 46/84/29 44/85/29 52/79/29
f 44/85/29 42/86/29 40/87/29
f 40/87/29 38/88/29 36/89/29
f 36/89/29 84/90/29 85/91/29
f 34/56/29 86/92/29 87/93/29
f 87/93/29 88/94/29 34/56/29
f 88/94/29 83/95/29 34/56/29
f 34/56/29 32/96/29 26/57/29
f 32/96/29 30/97/29 26/57/29
f 30/97/29 28/98/29 26/57/29
f 26/57/29 24/99/29 18/100/29
f 24/99/29 22/101/29 18/100/29
f 22/101/29 20/102/29 18/100/29
f 18/100/29 16/103/29 14/104/29
f 14/104/29 12/105/29 9/58/29
f 44/85/29 40/87/29 52/79/29
f 40/87/29 68/106/29 69/107/29
f 18/100/29 14/104/29 26/57/29
f 14/104/29 67/60/29 71/108/29
f 90/109/29 73/110/29 36/89/29
f 72/111/29 60/75/29 74/112/29
f 68/106/29 36/89/29 73/110/29
f 75/113/29 60/75/29 52/79/29
f 36/89/29 85/91/29 90/109/29
f 65/114/29 86/92/29 34/56/29
f 66/59/29 9/58/29 72/111/29
f 60/61/30 62/63/30 61/62/30
f 62/63/31 3/115/31 1/64/31
f 61/116/32 1/117/32 10/118/32
f 1/117/32 4/119/32 10/118/32
f 4/119/32 7/120/32 10/118/32
f 10/118/32 13/121/32 19/122/32
f 13/121/32 15/123/32 19/122/32
f 15/123/32 17/124/32 19/122/32
f 19/122/32 21/125/32 27/126/32
f 21/125/32 23/127/32 27/126/32
f 23/127/32 25/128/32 27/126/32
f 92/129/32 29/130/32 93/131/32
f 93/131/32 31/132/32 94/133/32
f 94/133/32 33/134/32 77/135/32
f 37/136/32 95/137/32 96/138/32
f 37/136/32 96/138/32 97/139/32
f 35/140/32 97/139/32 79/141/32
f 37/136/32 39/142/32 45/67/32
f 39/142/32 41/143/32 45/67/32
f 41/143/32 43/144/32 45/67/32
f 45/67/32 47/145/32 53/146/32
f 47/145/32 49/147/32 53/146/32
f 49/147/32 51/148/32 53/146/32
f 53/146/32 55/149/32 61/116/32
f 55/149/32 57/150/32 61/116/32
f 57/150/32 59/151/32 61/116/32
f 61/116/32 10/118/32 19/122/32
f 98/152/32 27/126/32 92/129/32
f 37/136/32 80/66/32 95/137/32
f 45/67/32 53/146/32 61/116/32
f 19/122/32 99/153/32 82/154/32
f 5/155/33 75/156/33 70/157/33
f 11/36/34 66/158/34 72/159/34
f 8/160/35 64/161/35 63/162/35
f 73/163/36 89/164/36 101/165/36
f 100/166/36 91/167/36 65/168/36
f 11/36/29 102/169/29 103/170/29
f 360/444/33 361/445/33 382/446/33
f 366/447/34 371/448/34 375/449/34
f 368/450/35 369/451/35 376/452/35
f 367/453/36 408/454/36 377/455/36
f 403/456/36 387/457/36 364/458/36
f 612/116/32 609/117/32 610/119/32
f 611/1/134 610/2/134 609/3/134
f 613/63/135 611/115/135 609/64/135
f 613/63/135 609/64/135 612/62/135
f 616/54/136 614/61/136 613/63/136
f 613/367/29 614/75/29 615/58/29
f 616/54/136 613/63/136 612/62/136
f 611/76/29 613/367/29 615/58/29
f 617/495/32 616/369/32 612/116/32
f 618/52/137 616/54/137 617/53/137
f 618/52/137 614/61/137 616/54/137
f 614/75/29 618/443/29 619/80/29
f 619/73/138 618/52/138 617/53/138
f 619/80/29 620/496/29 623/79/29
f 622/49/139 620/50/139 619/73/139
f 619/73/138 617/53/138 621/51/138
f 622/49/139 619/73/139 621/51/139
f 619/80/29 623/79/29 614/75/29
f 623/79/29 624/82/29 626/85/29
f 624/46/140 623/48/140 625/47/140
f 625/47/141 623/48/141 620/50/141
f 626/85/29 627/89/29 667/497/29
f 671/498/29 614/75/29 623/79/29
f 670/499/29 623/79/29 669/500/29
f 673/501/29 615/58/29 672/502/29
f 668/503/29 692/504/29 693/505/29
f 627/89/29 694/506/29 695/507/29
f 631/56/29 696/508/29 697/509/29
f 698/510/142 627/33/142 628/30/142
f 628/30/143 627/33/143 629/35/143
f 630/87/29 629/511/29 627/89/29
f 626/85/29 630/87/29 627/89/29
f 627/89/29 695/507/29 699/512/29
f 676/513/29 674/514/29 631/56/29
f 627/89/29 699/512/29 692/504/29
f 674/514/29 701/515/29 700/516/29
f 632/57/29 677/517/29 675/518/29
f 615/58/29 673/501/29 678/519/29
f 632/57/29 633/422/29 637/101/29
f 633/19/144 632/21/144 634/20/144
f 634/20/145 632/21/145 635/23/145
f 636/97/29 635/429/29 632/57/29
f 631/56/29 636/97/29 632/57/29
f 637/101/29 638/102/29 632/57/29
f 638/102/29 639/100/29 632/57/29
f 639/100/29 615/58/29 679/520/29
f 639/100/29 640/421/29 642/104/29
f 640/10/146 639/13/146 641/12/146
f 641/12/147 639/13/147 638/15/147
f 642/104/29 615/58/29 639/100/29
f 642/104/29 643/423/29 615/58/29
f 645/7/148 643/8/148 642/68/148
f 642/68/149 646/11/149 644/9/149
f 645/7/148 642/68/148 644/9/148
f 642/68/149 640/10/149 646/11/149
f 645/521/32 644/121/32 646/522/32
f 640/10/146 641/12/146 646/11/146
f 646/522/32 641/124/32 647/122/32
f 646/522/32 647/122/32 645/521/32
f 641/12/147 638/15/147 647/14/147
f 638/15/150 648/16/150 647/14/150
f 647/122/32 648/125/32 649/127/32
f 649/127/32 634/128/32 647/122/32
f 634/128/32 650/523/32 647/122/32
f 612/116/32 681/524/32 680/525/32
f 647/122/32 683/526/32 682/527/32
f 645/521/32 647/122/32 684/528/32
f 634/20/145 635/23/145 650/22/145
f 650/22/151 635/23/151 636/69/151
f 650/523/32 651/130/32 652/529/32
f 650/22/151 636/69/151 651/24/151
f 702/530/32 652/529/32 703/531/32
f 612/116/32 680/525/32 685/532/32
f 702/530/32 704/533/32 686/534/32
f 703/531/32 653/383/32 705/535/32
f 653/27/152 706/536/152 705/537/152
f 628/399/32 707/538/32 708/539/32
f 628/399/32 709/540/32 707/538/32
f 689/541/32 710/542/32 654/543/32
f 612/116/32 685/532/32 691/544/32
f 655/67/32 690/545/32 688/546/32
f 689/541/32 711/547/32 710/542/32
f 659/548/32 656/144/32 655/67/32
f 656/39/153 657/42/153 655/41/153
f 657/42/154 658/43/154 655/41/154
f 655/67/32 658/145/32 660/147/32
f 655/67/32 654/543/32 659/548/32
f 660/147/32 625/148/32 655/67/32
f 625/148/32 622/549/32 655/67/32
f 661/44/155 660/45/155 658/43/155
f 661/44/155 624/46/155 660/45/155
f 624/46/140 625/47/140 660/45/140
f 661/436/29 657/437/29 626/85/29
f 657/42/154 661/44/154 658/43/154
f 624/82/29 661/436/29 626/85/29
f 654/543/32 662/142/32 659/548/32
f 630/72/156 659/38/156 662/36/156
f 630/72/156 663/37/156 659/38/156
f 663/37/157 656/39/157 659/38/157
f 626/85/29 663/550/29 630/87/29
f 663/37/157 626/40/157 656/39/157
f 654/34/158 630/72/158 662/36/158
f 656/39/153 626/40/153 657/42/153
f 628/30/143 629/35/143 654/34/143
f 654/34/158 629/35/158 630/72/158
f 628/30/142 708/551/142 698/510/142
f 712/552/29 713/553/29 631/56/29
f 697/509/29 712/552/29 631/56/29
f 631/70/152 706/536/152 653/27/152
f 664/25/159 653/27/159 652/26/159
f 664/25/159 631/70/159 653/27/159
f 631/56/29 664/554/29 636/97/29
f 636/69/160 664/25/160 652/26/160
f 636/69/160 652/26/160 651/24/160
f 637/17/161 649/18/161 648/16/161
f 637/17/161 633/19/161 649/18/161
f 633/19/144 634/20/144 649/18/144
f 638/15/150 637/17/150 648/16/150
f 665/426/32 645/521/32 612/116/32
f 665/5/162 643/8/162 645/7/162
f 610/119/32 665/426/32 612/116/32
f 666/4/163 665/5/163 610/2/163
f 665/5/162 615/6/162 643/8/162
f 666/4/163 615/6/163 665/5/163
f 615/58/29 666/74/29 611/76/29
f 611/1/134 666/4/134 610/2/134
f 625/47/141 620/50/141 622/49/141
f 622/549/32 621/149/32 617/495/32
f 622/549/32 617/495/32 612/116/32
f 690/555/33 670/556/33 669/557/33
f 673/558/34 672/559/34 685/560/34
f 683/561/35 675/562/35 677/563/35
f 704/564/36 701/565/36 674/566/36
f 693/567/36 711/568/36 689/569/36
f 979/667/33 980/668/33 997/669/33
f 976/670/34 973/671/34 994/672/34
f 977/673/35 985/674/35 987/675/35
f 1021/676/36 989/677/36 986/678/36
f 1225/116/32 1221/117/32 1222/119/32
f 1224/1/199 1222/2/199 1221/3/199
f 1227/63/200 1224/115/200 1221/64/200
f 1227/63/200 1221/64/200 1225/62/200
f 1228/61/201 1227/63/201 1225/62/201
f 1224/76/29 1227/367/29 1228/75/29
f 1228/75/29 1230/720/29 1233/80/29
f 1230/52/202 1228/61/202 1231/54/202
f 1228/61/201 1225/62/201 1231/54/201
f 1224/76/29 1228/75/29 1235/79/29
f 1233/80/29 1234/721/29 1228/75/29
f 1234/721/29 1235/79/29 1228/75/29
f 1235/79/29 1236/722/29 1239/85/29
f 1238/45/203 1236/46/203 1235/48/203
f 1237/47/204 1235/48/204 1234/50/204
f 1238/45/203 1235/48/203 1237/47/203
f 1235/79/29 1239/85/29 1240/58/29
f 1240/58/29 1224/76/29 1235/79/29
f 1240/58/29 1241/74/29 1224/76/29
f 1222/2/205 1241/4/205 1240/6/205
f 1242/5/206 1240/6/206 1243/8/206
f 1222/2/205 1240/6/205 1242/5/205
f 1243/723/29 1240/58/29 1244/100/29
f 1244/100/29 1240/58/29 1245/89/29
f 1239/85/29 1245/89/29 1240/58/29
f 1245/89/29 1246/724/29 1249/725/29
f 1246/211/207 1299/726/207 1298/727/207
f 1247/30/208 1245/33/208 1248/35/208
f 1247/30/207 1300/728/207 1301/729/207
f 1248/730/29 1245/89/29 1239/85/29
f 1245/89/29 1249/725/29 1250/57/29
f 1250/57/29 1244/100/29 1245/89/29
f 1250/57/29 1251/422/29 1256/101/29
f 1254/18/209 1251/19/209 1250/21/209
f 1252/20/210 1250/21/210 1253/23/210
f 1254/18/209 1250/21/209 1252/20/209
f 1253/731/29 1250/57/29 1255/56/29
f 1249/725/29 1255/56/29 1250/57/29
f 1256/101/29 1257/102/29 1250/57/29
f 1257/102/29 1244/100/29 1250/57/29
f 1244/13/211 1257/15/211 1258/14/211
f 1257/15/212 1259/16/212 1258/14/212
f 1257/15/212 1256/17/212 1259/16/212
f 1258/122/32 1259/125/32 1254/127/32
f 1256/17/213 1254/18/213 1259/16/213
f 1260/124/32 1258/122/32 1261/425/32
f 1244/13/211 1258/14/211 1260/12/211
f 1261/425/32 1258/122/32 1222/119/32
f 1254/127/32 1252/128/32 1258/122/32
f 1252/128/32 1262/428/32 1258/122/32
f 1225/116/32 1287/732/32 1286/733/32
f 1258/122/32 1288/734/32 1289/735/32
f 1290/736/32 1222/119/32 1258/122/32
f 1252/20/210 1253/23/210 1262/22/210
f 1262/22/214 1253/23/214 1264/69/214
f 1265/388/32 1262/428/32 1263/130/32
f 1262/22/214 1264/69/214 1263/24/214
f 1266/737/32 1262/428/32 1265/388/32
f 1302/738/32 1266/737/32 1303/739/32
f 1225/116/32 1286/733/32 1291/740/32
f 1292/741/32 1262/428/32 1302/738/32
f 1255/70/215 1305/742/215 1306/743/215
f 1305/742/215 1267/193/215 1307/744/215
f 1307/744/216 1267/193/216 1308/745/216
f 1293/746/32 1310/747/32 1268/67/32
f 1268/67/32 1296/748/32 1294/749/32
f 1295/750/32 1311/751/32 1309/752/32
f 1297/753/32 1269/370/32 1225/116/32
f 1237/148/32 1269/370/32 1268/67/32
f 1237/47/204 1234/50/204 1269/49/204
f 1269/49/217 1234/50/217 1233/73/217
f 1270/149/32 1271/368/32 1269/370/32
f 1269/49/217 1233/73/217 1270/51/217
f 1271/368/32 1231/369/32 1269/370/32
f 1231/369/32 1225/116/32 1269/370/32
f 1233/73/218 1271/53/218 1270/51/218
f 1233/73/218 1230/52/218 1271/53/218
f 1230/52/202 1231/54/202 1271/53/202
f 1268/67/32 1275/389/32 1272/144/32
f 1239/40/219 1268/41/219 1272/39/219
f 1239/40/219 1273/42/219 1268/41/219
f 1273/42/220 1274/43/220 1268/41/220
f 1268/67/32 1274/145/32 1238/147/32
f 1275/389/32 1310/747/32 1312/754/32
f 1238/147/32 1237/148/32 1268/67/32
f 1247/755/32 1312/754/32 1300/756/32
f 1247/30/208 1248/35/208 1275/34/208
f 1275/34/221 1248/35/221 1277/72/221
f 1278/374/32 1275/389/32 1276/142/32
f 1275/34/221 1277/72/221 1276/36/221
f 1272/144/32 1275/389/32 1278/374/32
f 1277/72/222 1278/38/222 1276/36/222
f 1277/72/222 1279/37/222 1278/38/222
f 1279/37/223 1272/39/223 1278/38/223
f 1239/85/29 1279/757/29 1277/87/29
f 1279/37/223 1239/40/223 1272/39/223
f 1277/87/29 1248/730/29 1239/85/29
f 1273/42/220 1280/44/220 1274/43/220
f 1280/44/224 1238/45/224 1274/43/224
f 1280/436/29 1273/758/29 1239/85/29
f 1236/722/29 1280/436/29 1239/85/29
f 1280/44/224 1236/46/224 1238/45/224
f 1249/194/216 1308/745/216 1267/193/216
f 1313/759/225 1249/194/225 1314/760/225
f 1249/725/29 1267/761/29 1255/56/29
f 1281/25/226 1266/27/226 1265/26/226
f 1281/25/226 1255/70/226 1266/27/226
f 1255/56/29 1281/762/29 1264/97/29
f 1264/69/227 1281/25/227 1265/26/227
f 1264/69/227 1265/26/227 1263/24/227
f 1264/97/29 1253/731/29 1255/56/29
f 1222/119/32 1242/426/32 1261/425/32
f 1242/5/206 1243/8/206 1261/7/206
f 1261/7/228 1243/8/228 1283/68/228
f 1282/121/32 1284/424/32 1261/425/32
f 1261/7/228 1283/68/228 1282/9/228
f 1284/424/32 1260/124/32 1261/425/32
f 1283/68/229 1284/11/229 1282/9/229
f 1283/68/229 1285/10/229 1284/11/229
f 1285/10/230 1260/12/230 1284/11/230
f 1244/100/29 1285/763/29 1283/104/29
f 1285/10/230 1244/13/230 1260/12/230
f 1283/104/29 1243/723/29 1244/100/29
f 1256/17/213 1251/19/213 1254/18/213
f 1246/211/225 1314/760/225 1249/194/225
f 1224/1/199 1241/4/199 1222/2/199
f 1294/764/33 1296/765/33 1223/766/33
f 1286/767/34 1287/768/34 1232/24/34
f 1289/769/35 1288/770/35 1232/24/35
f 1223/69/36 1315/771/36 1316/772/36
f 1229/773/32 1226/9/32 1232/24/32
f 1768/116/32 1765/117/32 1766/119/32
f 1767/1/263 1766/2/263 1765/3/263
f 1768/62/264 1767/115/264 1765/64/264
f 1769/369/32 1768/116/32 1772/146/32
f 1771/61/265 1768/62/265 1769/54/265
f 1768/62/264 1770/63/264 1767/115/264
f 1771/61/265 1770/63/265 1768/62/265
f 1768/116/32 1766/119/32 1773/122/32
f 1775/147/32 1772/146/32 1768/116/32
f 1768/116/32 1773/122/32 1776/812/32
f 1774/67/32 1775/147/32 1768/116/32
f 1776/812/32 1774/67/32 1768/116/32
f 1777/813/32 1776/812/32 1782/814/32
f 1780/70/266 1776/185/266 1777/27/266
f 1776/185/267 1778/193/267 1781/194/267
f 1780/70/266 1778/193/266 1776/185/266
f 1776/812/32 1779/815/32 1783/816/32
f 1776/185/267 1781/194/267 1779/180/267
f 1784/127/32 1782/814/32 1776/812/32
f 1776/812/32 1783/816/32 1774/67/32
f 1773/122/32 1784/127/32 1776/812/32
f 1773/122/32 1785/125/32 1784/127/32
f 1788/17/268 1784/18/268 1785/16/268
f 1784/18/269 1786/19/269 1789/21/269
f 1788/17/268 1786/19/268 1784/18/268
f 1784/127/32 1787/128/32 1782/814/32
f 1784/18/269 1789/21/269 1787/20/269
f 1789/57/29 1786/99/29 1788/817/29
f 1787/20/270 1789/21/270 1790/23/270
f 1792/818/29 1790/805/29 1789/57/29
f 1794/640/29 1780/637/29 1789/57/29
f 1780/637/29 1791/807/29 1789/57/29
f 1791/807/29 1792/818/29 1789/57/29
f 1789/57/29 1788/817/29 1793/100/29
f 1789/57/29 1793/100/29 1794/640/29
f 1794/640/29 1795/819/29 1781/820/29
f 1783/187/271 1795/211/271 1794/33/271
f 1796/30/272 1794/33/272 1797/35/272
f 1783/187/271 1794/33/271 1796/30/271
f 1797/804/29 1794/640/29 1798/647/29
f 1798/647/29 1794/640/29 1799/58/29
f 1794/640/29 1781/820/29 1780/637/29
f 1793/100/29 1799/58/29 1794/640/29
f 1799/58/29 1800/74/29 1767/821/29
f 1766/2/273 1800/4/273 1799/6/273
f 1801/5/274 1799/6/274 1802/8/274
f 1766/2/273 1799/6/273 1801/5/273
f 1802/723/29 1799/58/29 1793/100/29
f 1799/58/29 1767/821/29 1771/75/29
f 1799/58/29 1771/75/29 1803/654/29
f 1803/654/29 1798/647/29 1799/58/29
f 1803/654/29 1804/658/29 1807/822/29
f 1775/45/275 1804/46/275 1803/48/275
f 1805/47/276 1803/48/276 1806/50/276
f 1775/45/275 1803/48/275 1805/47/275
f 1806/801/29 1803/654/29 1771/75/29
f 1803/654/29 1807/822/29 1798/647/29
f 1807/822/29 1808/823/29 1798/647/29
f 1774/41/277 1808/42/277 1807/44/277
f 1807/44/278 1775/45/278 1809/43/278
f 1774/41/277 1807/44/277 1809/43/277
f 1807/44/278 1804/46/278 1775/45/278
f 1774/67/32 1809/145/32 1775/147/32
f 1798/40/279 1808/42/279 1774/41/279
f 1772/49/280 1806/50/280 1810/73/280
f 1805/47/276 1806/50/276 1772/49/276
f 1810/824/29 1806/801/29 1771/75/29
f 1810/73/281 1813/53/281 1811/51/281
f 1772/49/280 1810/73/280 1811/51/280
f 1771/75/29 1812/811/29 1810/824/29
f 1810/73/281 1812/52/281 1813/53/281
f 1772/146/32 1811/149/32 1813/150/32
f 1812/52/282 1769/54/282 1813/53/282
f 1813/150/32 1769/369/32 1772/146/32
f 1812/52/282 1771/61/282 1769/54/282
f 1775/147/32 1805/148/32 1772/146/32
f 1814/7/283 1802/8/283 1815/68/283
f 1801/5/274 1802/8/274 1814/7/274
f 1815/104/29 1802/723/29 1793/100/29
f 1815/68/284 1818/11/284 1816/9/284
f 1814/7/283 1815/68/283 1816/9/283
f 1793/100/29 1817/763/29 1815/104/29
f 1815/68/284 1817/10/284 1818/11/284
f 1814/118/32 1816/121/32 1818/123/32
f 1817/10/285 1819/12/285 1818/11/285
f 1818/123/32 1819/124/32 1814/118/32
f 1817/10/285 1793/13/285 1819/12/285
f 1793/13/286 1773/14/286 1819/12/286
f 1819/124/32 1773/122/32 1814/118/32
f 1766/119/32 1801/426/32 1814/118/32
f 1766/119/32 1814/118/32 1773/122/32
f 1767/1/263 1800/4/263 1766/2/263
f 1798/647/29 1820/810/29 1822/825/29
f 1820/37/287 1798/40/287 1821/39/287
f 1798/40/279 1774/41/279 1821/39/279
f 1822/825/29 1797/804/29 1798/647/29
f 1824/34/288 1797/35/288 1822/72/288
f 1822/72/289 1825/38/289 1823/36/289
f 1824/34/288 1822/72/288 1823/36/288
f 1822/72/289 1820/37/289 1825/38/289
f 1824/136/32 1823/142/32 1825/826/32
f 1820/37/287 1821/39/287 1825/38/287
f 1825/826/32 1821/144/32 1824/136/32
f 1783/816/32 1796/827/32 1824/136/32
f 1796/30/272 1797/35/272 1824/34/272
f 1783/816/32 1824/136/32 1774/67/32
f 1821/144/32 1774/67/32 1824/136/32
f 1781/194/290 1795/211/290 1783/187/290
f 1788/817/29 1826/102/29 1793/100/29
f 1793/13/286 1826/15/286 1773/14/286
f 1773/14/291 1826/15/291 1788/17/291
f 1782/22/292 1790/23/292 1792/69/292
f 1792/69/293 1828/26/293 1827/24/293
f 1782/22/292 1792/69/292 1827/24/292
f 1792/69/293 1791/25/293 1828/26/293
f 1782/814/32 1827/130/32 1828/132/32
f 1791/25/294 1777/27/294 1828/26/294
f 1828/132/32 1777/813/32 1782/814/32
f 1791/25/294 1780/70/294 1777/27/294
f 1787/20/270 1790/23/270 1782/22/270
f 1773/14/291 1788/17/291 1785/16/291
f 1781/194/290 1783/187/290 1779/180/290
f 1781/820/29 1778/666/29 1780/637/29
f 1767/821/29 1770/77/29 1771/75/29
f 2280/116/32 2277/117/32 2278/119/32
f 2279/1/335 2278/2/335 2277/3/335
f 2280/62/336 2279/115/336 2277/64/336
f 2286/150/32 2281/369/32 2280/116/32
f 2283/61/337 2280/62/337 2281/54/337
f 2280/62/336 2282/63/336 2279/115/336
f 2283/61/337 2282/63/337 2280/62/337
f 2280/116/32 2278/119/32 2287/122/32
f 2289/147/32 2284/146/32 2280/116/32
f 2284/146/32 2285/149/32 2280/116/32
f 2285/149/32 2286/150/32 2280/116/32
f 2280/116/32 2287/122/32 2290/836/32
f 2288/67/32 2289/147/32 2280/116/32
f 2290/836/32 2288/67/32 2280/116/32
f 2298/132/32 2291/383/32 2290/836/32
f 2294/70/338 2290/185/338 2291/27/338
f 2290/185/339 2292/193/339 2295/194/339
f 2294/70/338 2292/193/338 2290/185/338
f 2290/836/32 2293/815/32 2299/837/32
f 2290/185/339 2295/194/339 2293/180/339
f 2300/127/32 2296/126/32 2290/836/32
f 2296/126/32 2297/832/32 2290/836/32
f 2297/832/32 2298/132/32 2290/836/32
f 2290/836/32 2299/837/32 2288/67/32
f 2287/122/32 2300/127/32 2290/836/32
f 2287/122/32 2301/125/32 2300/127/32
f 2304/17/340 2300/18/340 2301/16/340
f 2300/18/341 2302/19/341 2305/21/341
f 2304/17/340 2302/19/340 2300/18/340
f 2300/127/32 2303/128/32 2296/126/32
f 2300/18/341 2305/21/341 2303/20/341
f 2305/57/29 2302/422/29 2304/101/29
f 2303/20/342 2305/21/342 2306/23/342
f 2307/818/29 2306/98/29 2305/57/29
f 2294/637/29 2307/818/29 2305/57/29
f 2304/101/29 2308/102/29 2305/57/29
f 2308/102/29 2309/100/29 2305/57/29
f 2305/57/29 2309/100/29 2311/58/29
f 2310/640/29 2294/637/29 2305/57/29
f 2310/640/29 2305/57/29 2311/58/29
f 2311/58/29 2312/74/29 2279/76/29
f 2278/2/343 2312/4/343 2311/6/343
f 2313/5/344 2311/6/344 2314/8/344
f 2278/2/343 2311/6/343 2313/5/343
f 2315/104/29 2314/105/29 2311/58/29
f 2279/76/29 2282/367/29 2311/58/29
f 2282/367/29 2283/75/29 2311/58/29
f 2311/58/29 2283/75/29 2316/654/29
f 2309/100/29 2315/104/29 2311/58/29
f 2311/58/29 2316/654/29 2310/640/29
f 2316/654/29 2317/658/29 2321/647/29
f 2289/45/345 2317/46/345 2316/48/345
f 2318/47/346 2316/48/346 2319/50/346
f 2289/45/345 2316/48/345 2318/47/345
f 2320/824/29 2319/81/29 2316/654/29
f 2283/75/29 2320/824/29 2316/654/29
f 2316/654/29 2321/647/29 2310/640/29
f 2321/647/29 2322/86/29 2326/825/29
f 2322/37/347 2321/40/347 2323/39/347
f 2321/40/348 2288/41/348 2323/39/348
f 2325/83/29 2324/659/29 2321/647/29
f 2321/40/348 2324/42/348 2288/41/348
f 2317/658/29 2325/83/29 2321/647/29
f 2321/647/29 2326/825/29 2310/640/29
f 2326/825/29 2327/88/29 2310/640/29
f 2327/35/349 2326/72/349 2328/36/349
f 2328/36/350 2326/72/350 2322/37/350
f 2329/136/32 2328/834/32 2288/67/32
f 2327/35/349 2328/36/349 2329/34/349
f 2328/834/32 2330/143/32 2288/67/32
f 2328/36/350 2322/37/350 2330/38/350
f 2322/37/347 2323/39/347 2330/38/347
f 2330/143/32 2323/144/32 2288/67/32
f 2299/837/32 2331/399/32 2329/136/32
f 2331/30/351 2327/35/351 2329/34/351
f 2299/837/32 2329/136/32 2288/67/32
f 2299/187/352 2310/33/352 2331/30/352
f 2331/30/351 2310/33/351 2327/35/351
f 2288/41/353 2324/42/353 2325/44/353
f 2325/44/354 2289/45/354 2332/43/354
f 2288/41/353 2325/44/353 2332/43/353
f 2325/44/354 2317/46/354 2289/45/354
f 2288/67/32 2332/145/32 2289/147/32
f 2319/50/355 2320/73/355 2285/51/355
f 2285/51/356 2320/73/356 2333/52/356
f 2283/75/29 2333/78/29 2320/824/29
f 2333/52/357 2281/54/357 2286/53/357
f 2285/51/356 2333/52/356 2286/53/356
f 2333/52/357 2283/61/357 2281/54/357
f 2319/50/355 2285/51/355 2284/49/355
f 2318/47/346 2319/50/346 2284/49/346
f 2289/147/32 2318/148/32 2284/146/32
f 2314/8/358 2315/68/358 2334/9/358
f 2334/9/359 2315/68/359 2335/10/359
f 2309/100/29 2335/103/29 2315/104/29
f 2335/10/360 2337/12/360 2336/11/360
f 2334/9/359 2335/10/359 2336/11/359
f 2335/10/360 2309/13/360 2337/12/360
f 2336/123/32 2337/124/32 2287/122/32
f 2309/13/361 2287/14/361 2337/12/361
f 2334/121/32 2336/123/32 2287/122/32
f 2338/118/32 2334/121/32 2287/122/32
f 2314/8/358 2334/9/358 2338/7/358
f 2278/119/32 2313/426/32 2338/118/32
f 2313/5/344 2314/8/344 2338/7/344
f 2278/119/32 2338/118/32 2287/122/32
f 2279/1/335 2312/4/335 2278/2/335
f 2310/640/29 2339/644/29 2294/637/29
f 2299/187/352 2339/211/352 2310/33/352
f 2339/644/29 2295/663/29 2294/637/29
f 2295/194/362 2339/211/362 2299/187/362
f 2309/13/361 2308/15/361 2287/14/361
f 2287/14/363 2308/15/363 2304/17/363
f 2306/23/364 2307/69/364 2297/24/364
f 2297/24/365 2307/69/365 2340/25/365
f 2294/637/29 2340/96/29 2307/818/29
f 2340/25/366 2291/27/366 2298/26/366
f 2297/24/365 2340/25/365 2298/26/365
f 2340/25/366 2294/70/366 2291/27/366
f 2306/23/364 2297/24/364 2296/22/364
f 2303/20/342 2306/23/342 2296/22/342
f 2287/14/363 2304/17/363 2301/16/363
f 2295/194/362 2299/187/362 2293/180/362
f 2295/663/29 2292/666/29 2294/637/29
f 33/27/15 34/70/15 76/28/15
f 64/55/29 65/114/29 34/56/29
f 26/57/29 63/918/29 64/55/29
f 45/67/32 61/116/32 81/65/32
f 61/116/32 82/154/32 81/65/32
f 78/32/16 84/919/16 36/33/16
f 69/107/29 70/920/29 40/87/29
f 70/920/29 52/79/29 40/87/29
f 40/87/29 36/89/29 68/106/29
f 71/108/29 63/918/29 14/104/29
f 63/918/29 26/57/29 14/104/29
f 14/104/29 9/58/29 67/60/29
f 90/109/29 89/921/29 73/110/29
f 72/111/29 9/58/29 60/75/29
f 75/113/29 74/112/29 60/75/29
f 52/79/29 70/920/29 75/113/29
f 65/114/29 91/922/29 86/92/29
f 92/129/32 27/126/32 29/130/32
f 93/131/32 29/130/32 31/132/32
f 94/133/32 31/132/32 33/134/32
f 35/140/32 37/136/32 97/139/32
f 98/152/32 19/122/32 27/126/32
f 37/136/32 45/67/32 80/66/32
f 82/154/32 61/116/32 19/122/32
f 19/122/32 98/152/32 99/153/32
f 70/157/33 69/923/33 2/924/33
f 2/924/33 5/155/33 70/157/33
f 74/925/34 75/156/34 5/155/34
f 5/155/34 11/36/34 72/159/34
f 11/36/34 71/926/34 67/927/34
f 11/36/34 67/927/34 66/158/34
f 72/159/34 74/925/34 5/155/34
f 63/162/35 71/926/35 11/36/35
f 11/36/35 8/160/35 63/162/35
f 101/165/36 2/72/36 73/163/36
f 2/72/36 69/928/36 68/929/36
f 2/72/36 68/929/36 73/163/36
f 65/168/36 64/161/36 8/160/36
f 8/160/36 100/166/36 65/168/36
f 100/930/29 8/160/29 103/170/29
f 8/160/29 11/36/29 103/170/29
f 11/36/29 5/51/29 102/169/29
f 5/51/29 2/931/29 102/169/29
f 2/931/29 101/932/29 102/169/29
f 373/975/33 372/976/33 365/977/33
f 372/976/33 363/978/33 365/977/33
f 361/445/33 384/979/33 382/446/33
f 382/446/33 373/975/33 360/444/33
f 373/975/33 365/977/33 360/444/33
f 383/980/34 384/979/34 361/445/34
f 383/980/34 361/445/34 362/981/34
f 374/982/34 383/980/34 366/447/34
f 383/980/34 362/981/34 366/447/34
f 381/983/34 380/984/34 371/448/34
f 380/984/34 375/449/34 371/448/34
f 375/449/34 374/982/34 366/447/34
f 379/985/35 380/984/35 370/986/35
f 380/984/35 381/983/35 370/986/35
f 369/451/35 378/987/35 376/452/35
f 376/452/35 379/985/35 368/450/35
f 379/985/35 370/986/35 368/450/35
f 377/455/36 378/987/36 369/451/36
f 367/453/36 394/988/36 408/454/36
f 377/455/36 369/451/36 367/453/36
f 364/458/36 363/989/36 372/990/36
f 372/990/36 403/456/36 364/458/36
f 667/497/29 669/500/29 626/85/29
f 669/500/29 623/79/29 626/85/29
f 627/89/29 668/503/29 667/497/29
f 671/498/29 672/502/29 614/75/29
f 672/502/29 615/58/29 614/75/29
f 623/79/29 670/499/29 671/498/29
f 668/503/29 627/89/29 692/504/29
f 698/510/142 694/1031/142 627/33/142
f 674/514/29 700/516/29 631/56/29
f 700/516/29 696/508/29 631/56/29
f 631/56/29 632/57/29 676/513/29
f 632/57/29 675/518/29 676/513/29
f 679/520/29 677/517/29 639/100/29
f 677/517/29 632/57/29 639/100/29
f 615/58/29 678/519/29 679/520/29
f 647/122/32 650/523/32 683/526/32
f 684/528/32 681/524/32 645/521/32
f 681/524/32 612/116/32 645/521/32
f 647/122/32 682/527/32 684/528/32
f 702/530/32 650/523/32 652/529/32
f 686/534/32 683/526/32 650/523/32
f 650/523/32 702/530/32 686/534/32
f 703/531/32 652/529/32 653/383/32
f 628/399/32 654/543/32 709/540/32
f 709/540/32 654/543/32 710/542/32
f 654/543/32 655/67/32 687/1032/32
f 655/67/32 688/546/32 687/1032/32
f 687/1032/32 689/541/32 654/543/32
f 691/544/32 690/545/32 622/549/32
f 622/549/32 612/116/32 691/544/32
f 655/67/32 622/549/32 690/545/32
f 631/70/152 713/1033/152 706/536/152
f 690/555/33 691/1034/33 670/556/33
f 691/1034/33 671/1035/33 670/556/33
f 667/1036/33 687/1037/33 669/557/33
f 687/1037/33 688/1038/33 669/557/33
f 688/1038/33 690/555/33 669/557/33
f 681/1039/34 684/1040/34 678/1041/34
f 684/1040/34 679/1042/34 678/1041/34
f 680/1043/34 681/1039/34 673/558/34
f 681/1039/34 678/1041/34 673/558/34
f 671/1035/34 691/1034/34 672/559/34
f 691/1034/34 685/560/34 672/559/34
f 685/560/34 680/1043/34 673/558/34
f 683/561/35 686/1044/35 675/562/35
f 686/1044/35 676/1045/35 675/562/35
f 679/1042/35 684/1040/35 677/563/35
f 684/1040/35 682/1046/35 677/563/35
f 682/1046/35 683/561/35 677/563/35
f 674/566/36 676/1045/36 686/1044/36
f 686/1044/36 704/564/36 674/566/36
f 689/569/36 687/1047/36 668/1048/36
f 687/1047/36 667/1049/36 668/1048/36
f 668/1048/36 693/567/36 689/569/36
f 991/1086/33 992/1087/33 982/1088/33
f 992/1087/33 984/1089/33 982/1088/33
f 980/668/33 998/1090/33 997/669/33
f 997/669/33 991/1086/33 979/667/33
f 991/1086/33 982/1088/33 979/667/33
f 999/1091/34 998/1090/34 981/1092/34
f 998/1090/34 980/668/34 981/1092/34
f 993/1093/34 999/1091/34 976/670/34
f 999/1091/34 981/1092/34 976/670/34
f 974/1094/34 996/1095/34 973/671/34
f 996/1095/34 994/672/34 973/671/34
f 994/672/34 993/1093/34 976/670/34
f 990/1096/35 996/1095/35 975/1097/35
f 996/1095/35 974/1094/35 975/1097/35
f 985/674/35 988/1098/35 987/675/35
f 987/675/35 990/1096/35 977/673/35
f 990/1096/35 975/1097/35 977/673/35
f 983/1099/36 984/1100/36 992/1101/36
f 1003/1102/36 983/1099/36 1022/1103/36
f 983/1099/36 992/1101/36 1022/1103/36
f 1022/1103/36 992/1101/36 995/1104/36
f 978/1105/36 1000/1106/36 986/678/36
f 1000/1106/36 1021/676/36 986/678/36
f 1021/676/36 1022/1103/36 989/677/36
f 1022/1103/36 995/1104/36 989/677/36
f 985/674/36 978/1105/36 988/1098/36
f 986/678/36 988/1098/36 978/1105/36
f 1246/211/207 1245/33/207 1299/726/207
f 1301/729/207 1299/726/207 1245/33/207
f 1245/33/207 1247/30/207 1301/729/207
f 1258/122/32 1262/428/32 1288/734/32
f 1290/736/32 1287/732/32 1222/119/32
f 1287/732/32 1225/116/32 1222/119/32
f 1258/122/32 1289/735/32 1290/736/32
f 1302/738/32 1262/428/32 1266/737/32
f 1292/741/32 1288/734/32 1262/428/32
f 1302/738/32 1304/1140/32 1292/741/32
f 1303/1141/215 1266/27/215 1306/743/215
f 1266/27/215 1255/70/215 1306/743/215
f 1305/742/215 1255/70/215 1267/193/215
f 1293/746/32 1295/750/32 1310/747/32
f 1295/750/32 1309/752/32 1310/747/32
f 1268/67/32 1294/749/32 1293/746/32
f 1268/67/32 1269/370/32 1296/748/32
f 1297/753/32 1296/748/32 1269/370/32
f 1225/116/32 1291/740/32 1297/753/32
f 1275/389/32 1268/67/32 1310/747/32
f 1247/755/32 1275/389/32 1312/754/32
f 1249/194/216 1313/759/216 1308/745/216
f 1246/211/225 1298/727/225 1314/760/225
f 1296/765/33 1297/1142/33 1226/1143/33
f 1226/1143/33 1223/766/33 1296/765/33
f 1223/766/33 1293/1144/33 1294/764/33
f 1287/768/34 1290/1145/34 1232/24/34
f 1232/24/34 1226/1143/34 1286/767/34
f 1226/1143/34 1297/1142/34 1291/1146/34
f 1226/1143/34 1291/1146/34 1286/767/34
f 1288/770/35 1292/1147/35 1229/773/35
f 1229/773/35 1232/24/35 1288/770/35
f 1232/24/35 1290/1145/35 1289/769/35
f 1295/1148/36 1293/1149/36 1223/69/36
f 1223/69/36 1229/773/36 1315/771/36
f 1229/773/36 1292/1147/36 1315/771/36
f 1292/1147/36 1304/1150/36 1315/771/36
f 1316/772/36 1311/1151/36 1295/1148/36
f 1316/772/36 1295/1148/36 1223/69/36
f 1229/773/32 1223/1152/32 1226/9/32
usemtl WaxDark
f 104/180/37 105/181/37 111/182/37
f 104/180/38 109/183/38 105/181/38
f 110/184/39 106/185/39 104/180/39
f 104/180/38 106/185/38 109/183/38
f 107/186/40 104/180/40 108/187/40
f 110/184/39 104/180/39 107/186/39
f 104/180/37 111/182/37 108/187/37
f 108/187/41 111/182/41 112/188/41
f 111/182/29 114/189/29 112/188/29
f 111/182/29 113/190/29 114/189/29
f 111/182/29 115/191/29 113/190/29
f 111/182/29 105/181/29 115/191/29
f 109/183/29 115/191/29 105/181/29
f 115/191/42 116/192/42 118/193/42
f 109/183/29 116/192/29 115/191/29
f 113/190/43 115/191/43 117/194/43
f 115/191/42 118/193/42 117/194/42
f 116/192/44 120/70/44 118/193/44
f 118/195/45 121/196/45 117/197/45
f 118/195/45 119/198/45 121/196/45
f 120/199/46 119/198/46 118/195/46
f 117/197/47 121/196/47 122/200/47
f 121/196/32 119/198/32 110/184/32
f 121/196/32 107/186/32 123/201/32
f 121/196/32 110/184/32 107/186/32
f 121/196/32 123/201/32 122/200/32
f 122/200/32 123/201/32 124/202/32
f 123/201/48 125/30/48 124/202/48
f 123/201/48 108/187/48 125/30/48
f 107/186/40 108/187/40 123/201/40
f 124/202/49 125/30/49 126/34/49
f 126/34/50 125/30/50 112/188/50
f 108/187/41 112/188/41 125/30/41
f 129/203/51 126/34/51 127/36/51
f 127/36/52 126/34/52 128/204/52
f 126/34/50 112/188/50 128/204/50
f 124/202/49 126/34/49 129/203/49
f 130/205/32 129/203/32 131/206/32
f 132/207/32 129/203/32 130/205/32
f 129/203/51 127/36/51 131/206/51
f 132/207/32 124/202/32 129/203/32
f 134/208/53 133/209/53 132/207/53
f 135/210/54 132/207/54 133/209/54
f 134/208/53 132/207/53 130/205/53
f 122/200/32 124/202/32 132/207/32
f 135/210/54 122/200/54 132/207/54
f 113/190/55 135/211/55 133/33/55
f 113/190/43 117/194/43 135/211/43
f 117/197/47 122/200/47 135/210/47
f 136/212/56 134/35/56 137/72/56
f 114/189/57 134/35/57 136/212/57
f 137/213/58 134/208/58 130/205/58
f 114/189/57 133/33/57 134/35/57
f 141/214/59 138/215/59 137/72/59
f 136/212/56 137/72/56 138/215/56
f 137/213/60 142/216/60 139/217/60
f 141/214/59 137/72/59 139/37/59
f 137/213/60 140/218/60 142/216/60
f 137/213/58 130/205/58 140/218/58
f 145/219/61 139/217/61 142/216/61
f 142/216/32 146/220/32 143/221/32
f 145/219/61 142/216/61 143/221/61
f 142/216/32 144/222/32 146/220/32
f 140/218/32 144/222/32 142/216/32
f 143/221/32 146/220/32 147/223/32
f 147/223/62 146/220/62 148/39/62
f 144/222/63 148/39/63 146/220/63
f 147/223/62 148/39/62 149/41/62
f 148/39/64 152/224/64 149/41/64
f 148/39/64 150/225/64 152/224/64
f 151/38/65 150/225/65 148/39/65
f 144/222/63 151/38/63 148/39/63
f 149/41/66 152/224/66 153/226/66
f 153/226/29 152/224/29 154/227/29
f 152/224/29 155/228/29 154/227/29
f 152/224/29 150/225/29 155/228/29
f 150/225/29 141/214/29 155/228/29
f 155/228/67 156/42/67 154/227/67
f 155/228/67 145/40/67 156/42/67
f 141/214/68 145/40/68 155/228/68
f 159/229/69 154/227/69 156/42/69
f 156/230/70 160/231/70 157/232/70
f 159/229/69 156/42/69 157/44/69
f 156/230/70 158/233/70 160/231/70
f 156/230/71 143/221/71 158/233/71
f 156/230/71 145/219/71 143/221/71
f 157/232/72 160/231/72 161/234/72
f 160/231/32 163/235/32 161/234/32
f 160/231/32 162/236/32 163/235/32
f 158/233/32 162/236/32 160/231/32
f 161/234/32 163/235/32 164/237/32
f 164/237/73 163/235/73 165/45/73
f 163/235/74 166/43/74 165/45/74
f 163/235/74 162/236/74 166/43/74
f 166/43/75 167/238/75 165/45/75
f 166/43/75 153/226/75 167/238/75
f 149/41/66 153/226/66 166/43/66
f 162/236/76 149/41/76 166/43/76
f 165/45/77 167/238/77 168/239/77
f 168/239/29 167/238/29 169/240/29
f 167/238/29 159/229/29 169/240/29
f 167/238/29 153/226/29 159/229/29
f 169/240/78 172/48/78 170/241/78
f 168/239/29 169/240/29 170/241/29
f 169/240/78 171/46/78 172/48/78
f 169/240/79 157/44/79 171/46/79
f 169/240/79 159/229/79 157/44/79
f 170/241/80 172/48/80 173/50/80
f 173/242/81 172/243/81 174/244/81
f 172/243/82 161/234/82 174/244/82
f 172/243/82 171/245/82 161/234/82
f 174/244/32 176/246/32 175/247/32
f 173/242/81 174/244/81 175/247/81
f 174/244/32 164/237/32 176/246/32
f 161/234/32 164/237/32 174/244/32
f 179/248/32 175/247/32 176/246/32
f 176/246/83 180/51/83 177/249/83
f 179/248/32 176/246/32 177/249/32
f 176/246/83 178/49/83 180/51/83
f 164/237/84 178/49/84 176/246/84
f 177/249/85 180/51/85 181/53/85
f 181/53/86 180/51/86 182/250/86
f 180/51/87 183/251/87 182/250/87
f 180/51/87 178/49/87 183/251/87
f 178/49/88 168/239/88 183/251/88
f 183/251/29 185/252/29 182/250/29
f 183/251/29 184/253/29 185/252/29
f 183/251/29 170/241/29 184/253/29
f 183/251/29 168/239/29 170/241/29
f 188/254/29 182/250/29 185/252/29
f 185/252/89 189/52/89 186/255/89
f 188/254/29 185/252/29 186/255/29
f 185/252/89 187/73/89 189/52/89
f 185/252/90 173/50/90 187/73/90
f 185/252/90 184/253/90 173/50/90
f 186/255/91 189/52/91 190/61/91
f 189/256/92 192/257/92 190/258/92
f 189/256/92 191/259/92 192/257/92
f 189/256/93 179/248/93 191/259/93
f 189/256/93 187/260/93 179/248/93
f 190/258/94 192/257/94 193/261/94
f 193/261/32 192/257/32 194/262/32
f 191/259/32 194/262/32 192/257/32
f 195/263/46 194/262/46 196/54/46
f 193/261/32 194/262/32 195/263/32
f 197/264/95 196/54/95 194/262/95
f 191/259/32 197/264/32 194/262/32
f 179/248/32 197/264/32 191/259/32
f 197/264/95 181/53/95 196/54/95
f 177/249/85 181/53/85 197/264/85
f 179/248/32 177/249/32 197/264/32
f 195/263/46 196/54/46 198/62/46
f 196/54/44 200/265/44 198/62/44
f 196/54/44 199/266/44 200/265/44
f 196/54/96 188/254/96 199/266/96
f 196/54/96 181/53/96 188/254/96
f 203/64/42 198/62/42 200/265/42
f 200/265/29 204/267/29 201/268/29
f 203/64/42 200/265/42 201/268/42
f 200/265/29 202/269/29 204/267/29
f 199/266/29 202/269/29 200/265/29
f 207/270/29 201/271/29 204/272/29
f 205/273/37 204/272/37 206/1/37
f 207/270/29 204/272/29 205/273/29
f 204/267/38 208/63/38 206/115/38
f 204/267/38 202/269/38 208/63/38
f 210/274/97 208/63/97 202/269/97
f 208/275/39 209/276/39 206/277/39
f 208/275/39 193/261/39 209/276/39
f 190/258/94 193/261/94 208/275/94
f 210/274/97 190/61/97 208/63/97
f 199/266/29 210/274/29 202/269/29
f 199/266/29 186/255/29 210/274/29
f 186/255/91 190/61/91 210/274/91
f 206/278/40 209/279/40 211/280/40
f 209/279/32 213/281/32 211/280/32
f 209/279/32 212/282/32 213/281/32
f 209/276/32 195/263/32 212/283/32
f 209/276/32 193/261/32 195/263/32
f 211/280/32 213/281/32 214/284/32
f 213/281/54 216/5/54 214/284/54
f 213/281/54 215/2/54 216/5/54
f 212/282/47 215/2/47 213/281/47
f 214/284/53 216/5/53 217/7/53
f 217/7/57 216/5/57 218/285/57
f 215/2/55 218/285/55 216/5/55
f 219/286/29 218/285/29 220/287/29
f 217/7/57 218/285/57 219/286/57
f 218/285/29 205/273/29 220/287/29
f 218/285/29 207/270/29 205/273/29
f 215/2/55 207/270/55 218/285/55
f 220/287/50 223/8/50 221/288/50
f 219/286/29 220/287/29 221/288/29
f 220/287/50 222/6/50 223/8/50
f 205/273/41 222/6/41 220/287/41
f 226/289/52 221/288/52 223/8/52
f 223/290/51 227/291/51 224/292/51
f 226/289/52 223/8/52 224/68/52
f 223/290/51 225/293/51 227/291/51
f 223/290/49 228/294/49 225/293/49
f 223/290/49 222/295/49 228/294/49
f 222/295/48 211/280/48 228/294/48
f 228/294/32 229/296/32 225/293/32
f 228/294/32 214/284/32 229/296/32
f 211/280/32 214/284/32 228/294/32
f 227/291/32 225/293/32 229/296/32
f 229/296/58 231/9/58 230/297/58
f 227/291/32 229/296/32 230/297/32
f 229/296/58 217/7/58 231/9/58
f 214/284/53 217/7/53 229/296/53
f 230/297/60 231/9/60 232/11/60
f 232/11/59 231/9/59 233/298/59
f 231/9/56 219/286/56 233/298/56
f 231/9/56 217/7/56 219/286/56
f 233/298/29 235/299/29 234/300/29
f 232/11/59 233/298/59 234/300/59
f 233/298/29 226/289/29 235/299/29
f 219/286/29 226/289/29 233/298/29
f 234/300/29 235/299/29 236/301/29
f 235/299/65 238/13/65 236/301/65
f 235/299/65 237/10/65 238/13/65
f 226/289/98 237/10/98 235/299/98
f 236/301/64 279/302/64 278/303/64
f 280/304/62 238/305/62 281/306/62
f 279/302/64 238/13/64 280/307/64
f 239/308/62 281/306/62 238/305/62
f 237/309/63 239/308/63 238/305/63
f 283/310/32 240/311/32 284/312/32
f 240/311/32 282/313/32 239/308/32
f 239/308/32 242/314/32 240/311/32
f 285/315/71 284/312/71 240/311/71
f 241/12/71 285/315/71 240/311/71
f 242/314/61 241/12/61 240/311/61
f 287/316/67 288/317/67 243/318/67
f 241/12/67 288/317/67 286/319/67
f 241/12/68 234/300/68 243/318/68
f 289/320/29 287/316/29 243/318/29
f 243/318/29 278/303/29 289/320/29
f 234/300/29 236/301/29 243/318/29
f 245/321/29 290/322/29 291/323/29
f 244/324/99 293/325/99 292/326/99
f 245/321/29 293/325/29 244/324/29
f 246/327/100 294/328/100 295/329/100
f 247/330/32 295/329/32 296/331/32
f 247/330/32 296/331/32 297/332/32
f 250/333/32 246/327/32 247/330/32
f 247/330/81 251/22/81 248/334/81
f 250/333/32 247/330/32 248/334/32
f 247/330/81 249/20/81 251/22/81
f 249/20/82 299/335/82 298/336/82
f 247/330/82 297/332/82 299/335/82
f 300/337/78 249/20/78 298/336/78
f 245/321/78 300/337/78 290/322/78
f 248/334/101 251/22/101 252/24/101
f 252/24/90 251/22/90 253/338/90
f 251/22/80 245/321/80 253/338/80
f 251/22/80 249/20/80 245/321/80
f 254/339/29 253/338/29 255/340/29
f 252/24/90 253/338/90 254/339/90
f 245/321/29 255/340/29 253/338/29
f 255/340/87 258/69/87 256/341/87
f 254/339/29 255/340/29 256/341/29
f 255/340/87 257/23/87 258/69/87
f 255/340/88 259/21/88 257/23/88
f 255/340/88 244/324/88 259/21/88
f 245/321/29 244/324/29 255/340/29
f 259/21/77 292/326/77 301/342/77
f 259/343/84 250/333/84 257/344/84
f 259/343/84 246/327/84 250/333/84
f 259/343/73 294/328/73 246/327/73
f 256/341/86 258/69/86 260/25/86
f 258/345/85 262/346/85 260/347/85
f 258/345/85 261/348/85 262/346/85
f 258/345/83 250/333/83 261/348/83
f 258/345/83 257/344/83 250/333/83
f 260/347/95 262/346/95 263/349/95
f 263/349/32 262/346/32 264/350/32
f 262/346/32 265/351/32 264/350/32
f 262/346/32 261/348/32 265/351/32
f 250/333/32 265/351/32 261/348/32
f 265/351/93 266/26/93 264/350/93
f 265/351/93 252/24/93 266/26/93
f 248/334/101 252/24/101 265/351/101
f 250/333/32 248/334/32 265/351/32
f 264/350/92 266/26/92 267/27/92
f 267/27/91 266/26/91 268/352/91
f 266/26/89 254/339/89 268/352/89
f 266/26/89 252/24/89 254/339/89
f 268/352/29 271/353/29 269/354/29
f 267/27/91 268/352/91 269/354/91
f 268/352/29 270/355/29 271/353/29
f 254/339/29 270/355/29 268/352/29
f 269/354/29 271/353/29 116/192/29
f 116/192/44 271/353/44 120/70/44
f 271/353/96 260/25/96 120/70/96
f 271/353/96 270/355/96 260/25/96
f 256/341/86 260/25/86 270/355/86
f 254/339/29 256/341/29 270/355/29
f 106/185/97 267/27/97 269/354/97
f 269/354/29 116/192/29 109/183/29
f 106/185/97 269/354/97 109/183/97
f 272/356/94 267/27/94 106/185/94
f 264/350/92 267/27/92 272/356/92
f 119/198/32 263/349/32 272/356/32
f 263/349/32 264/350/32 272/356/32
f 272/356/94 106/185/94 110/184/94
f 119/198/32 272/356/32 110/184/32
f 120/199/46 263/349/46 119/198/46
f 260/347/95 263/349/95 120/199/95
f 239/308/32 273/357/32 242/314/32
f 273/357/32 230/297/32 242/314/32
f 242/314/61 232/11/61 241/12/61
f 230/297/60 232/11/60 242/314/60
f 237/309/63 273/357/63 239/308/63
f 237/309/102 227/291/102 273/357/102
f 273/357/32 227/291/32 230/297/32
f 241/12/68 232/11/68 234/300/68
f 237/309/102 224/292/102 227/291/102
f 226/289/98 224/68/98 237/10/98
f 219/286/29 221/288/29 226/289/29
f 222/295/48 274/358/48 211/280/48
f 205/273/41 274/4/41 222/6/41
f 205/273/37 206/1/37 274/4/37
f 206/278/40 211/280/40 274/358/40
f 203/3/43 207/270/43 215/2/43
f 212/282/47 203/3/47 215/2/47
f 195/263/45 203/64/45 212/283/45
f 203/3/43 201/271/43 207/270/43
f 195/263/45 198/62/45 203/64/45
f 199/266/29 188/254/29 186/255/29
f 181/53/86 182/250/86 188/254/86
f 173/242/101 179/248/101 187/260/101
f 170/241/80 173/50/80 184/253/80
f 173/242/101 175/247/101 179/248/101
f 164/237/84 275/47/84 178/49/84
f 178/49/88 275/47/88 168/239/88
f 165/45/77 168/239/77 275/47/77
f 164/237/73 165/45/73 275/47/73
f 157/232/72 161/234/72 171/245/72
f 162/236/76 147/223/76 149/41/76
f 158/233/32 147/223/32 162/236/32
f 153/226/29 154/227/29 159/229/29
f 143/221/32 147/223/32 158/233/32
f 151/38/65 276/359/65 150/225/65
f 127/36/98 276/359/98 151/38/98
f 131/206/102 151/38/102 144/222/102
f 131/206/102 127/36/102 151/38/102
f 150/225/29 276/359/29 141/214/29
f 276/359/29 138/215/29 141/214/29
f 276/359/29 277/360/29 138/215/29
f 127/36/98 277/360/98 276/359/98
f 127/36/52 128/204/52 277/360/52
f 277/360/29 136/212/29 138/215/29
f 277/360/29 128/204/29 136/212/29
f 141/214/68 139/37/68 145/40/68
f 140/218/32 131/206/32 144/222/32
f 130/205/32 131/206/32 140/218/32
f 128/204/29 114/189/29 136/212/29
f 113/190/55 133/33/55 114/189/55
f 128/204/29 112/188/29 114/189/29
f 411/180/37 412/181/37 418/182/37
f 411/180/38 416/183/38 412/181/38
f 417/184/39 413/185/39 411/180/39
f 411/180/38 413/185/38 416/183/38
f 414/186/40 411/180/40 415/187/40
f 417/184/39 411/180/39 414/186/39
f 411/180/37 418/182/37 415/187/37
f 415/187/41 418/182/41 419/188/41
f 418/182/29 421/189/29 419/188/29
f 418/182/29 420/190/29 421/189/29
f 412/181/29 420/190/29 418/182/29
f 424/204/29 419/188/29 421/189/29
f 421/189/57 425/35/57 422/212/57
f 424/204/29 421/189/29 422/212/29
f 421/189/57 423/33/57 425/35/57
f 421/189/55 426/211/55 423/33/55
f 421/189/55 420/190/55 426/211/55
f 420/190/43 428/194/43 426/211/43
f 426/210/54 429/207/54 423/209/54
f 426/210/54 427/200/54 429/207/54
f 428/197/47 427/200/47 426/210/47
f 423/209/53 429/207/53 430/205/53
f 429/207/32 432/203/32 430/205/32
f 429/207/32 431/202/32 432/203/32
f 429/207/32 433/201/32 431/202/32
f 429/207/32 427/200/32 433/201/32
f 427/200/32 414/186/32 433/201/32
f 431/202/48 433/201/48 415/187/48
f 414/186/40 415/187/40 433/201/40
f 436/218/32 430/205/32 432/203/32
f 432/203/51 437/36/51 434/206/51
f 436/218/32 432/203/32 434/206/32
f 432/203/51 435/34/51 437/36/51
f 432/203/49 438/30/49 435/34/49
f 432/203/49 431/202/49 438/30/49
f 438/30/50 424/204/50 435/34/50
f 438/30/50 419/188/50 424/204/50
f 415/187/41 419/188/41 438/30/41
f 431/202/48 415/187/48 438/30/48
f 434/206/102 437/36/102 439/38/102
f 439/38/98 437/36/98 440/360/98
f 437/36/52 424/204/52 440/360/52
f 437/36/52 435/34/52 424/204/52
f 440/360/29 443/214/29 441/359/29
f 439/38/98 440/360/98 441/359/98
f 440/360/29 442/215/29 443/214/29
f 424/204/29 442/215/29 440/360/29
f 446/225/29 441/359/29 443/214/29
f 444/228/68 443/214/68 445/37/68
f 446/225/29 443/214/29 444/228/29
f 442/215/59 445/37/59 443/214/59
f 447/39/64 446/225/64 448/224/64
f 439/38/65 446/225/65 447/39/65
f 446/225/29 449/227/29 448/224/29
f 446/225/29 444/228/29 449/227/29
f 439/38/65 441/359/65 446/225/65
f 448/224/29 449/227/29 450/229/29
f 450/229/69 449/227/69 451/42/69
f 449/227/67 452/40/67 451/42/67
f 449/227/67 444/228/67 452/40/67
f 444/228/68 445/37/68 452/40/68
f 452/219/71 454/233/71 451/230/71
f 452/219/71 453/221/71 454/233/71
f 445/217/61 453/221/61 452/219/61
f 451/230/70 454/233/70 455/231/70
f 454/233/32 457/236/32 455/231/32
f 454/233/32 456/223/32 457/236/32
f 454/233/32 458/220/32 456/223/32
f 454/233/32 453/221/32 458/220/32
f 460/216/32 458/220/32 453/221/32
f 456/223/62 458/220/62 447/39/62
f 458/220/63 439/38/63 447/39/63
f 458/220/63 459/222/63 439/38/63
f 460/216/32 459/222/32 458/220/32
f 445/217/61 460/216/61 453/221/61
f 461/213/60 460/216/60 445/217/60
f 460/216/32 434/206/32 459/222/32
f 460/216/32 436/218/32 434/206/32
f 461/213/60 436/218/60 460/216/60
f 442/215/59 461/72/59 445/37/59
f 422/212/56 461/72/56 442/215/56
f 425/208/58 436/218/58 461/213/58
f 422/212/56 425/35/56 461/72/56
f 434/206/102 439/38/102 459/222/102
f 455/231/32 457/236/32 462/235/32
f 457/236/74 464/45/74 462/235/74
f 457/236/74 463/43/74 464/45/74
f 456/223/76 463/43/76 457/236/76
f 462/235/73 464/45/73 465/47/73
f 464/45/77 467/239/77 465/47/77
f 464/45/77 466/238/77 467/239/77
f 463/43/75 466/238/75 464/45/75
f 465/47/88 467/239/88 468/251/88
f 467/239/29 470/253/29 468/251/29
f 467/239/29 469/241/29 470/253/29
f 466/238/29 469/241/29 467/239/29
f 468/251/29 470/253/29 471/252/29
f 470/253/133 473/73/133 471/252/133
f 470/253/90 472/50/90 473/73/90
f 469/241/80 472/50/80 470/253/80
f 471/252/89 473/73/89 474/52/89
f 474/256/93 473/260/93 475/248/93
f 473/260/101 476/247/101 475/248/101
f 473/260/101 472/242/101 476/247/101
f 472/242/81 478/244/81 476/247/81
f 476/247/32 479/249/32 475/248/32
f 476/247/32 477/246/32 479/249/32
f 476/247/32 480/237/32 477/246/32
f 476/247/32 478/244/32 480/237/32
f 478/244/32 462/235/32 480/237/32
f 477/246/84 480/237/84 465/47/84
f 462/235/73 465/47/73 480/237/73
f 483/259/32 475/248/32 479/249/32
f 479/249/85 484/53/85 481/264/85
f 483/259/32 479/249/32 481/264/32
f 479/249/85 482/51/85 484/53/85
f 479/249/83 485/49/83 482/51/83
f 479/249/83 477/246/83 485/49/83
f 485/49/87 486/250/87 482/51/87
f 485/49/87 468/251/87 486/250/87
f 465/47/88 468/251/88 485/49/88
f 477/246/84 465/47/84 485/49/84
f 482/51/86 486/250/86 487/254/86
f 486/250/29 488/255/29 487/254/29
f 486/250/29 471/252/29 488/255/29
f 468/251/29 471/252/29 486/250/29
f 490/266/29 487/254/29 488/255/29
f 488/255/91 491/61/91 489/274/91
f 490/266/29 488/255/29 489/274/29
f 488/255/91 474/52/91 491/61/91
f 471/252/89 474/52/89 488/255/89
f 494/269/97 489/274/97 491/61/97
f 491/258/94 495/261/94 492/275/94
f 494/269/97 491/61/97 492/63/97
f 491/258/94 493/257/94 495/261/94
f 491/258/92 483/259/92 493/257/92
f 491/258/92 474/256/92 483/259/92
f 492/275/39 495/261/39 496/276/39
f 495/261/32 498/283/32 496/276/32
f 495/261/32 497/263/32 498/283/32
f 493/257/32 497/263/32 495/261/32
f 496/279/32 498/282/32 499/281/32
f 498/282/47 501/2/47 499/281/47
f 498/282/47 500/3/47 501/2/47
f 497/263/45 500/64/45 498/283/45
f 499/281/54 501/2/54 502/5/54
f 501/2/55 504/285/55 502/5/55
f 501/2/55 503/270/55 504/285/55
f 500/3/43 503/270/43 501/2/43
f 502/5/57 504/285/57 505/286/57
f 504/285/29 507/288/29 505/286/29
f 504/285/29 506/287/29 507/288/29
f 503/270/29 506/287/29 504/285/29
f 505/286/29 507/288/29 508/289/29
f 507/288/52 510/68/52 508/289/52
f 507/288/52 509/8/52 510/68/52
f 507/288/50 511/6/50 509/8/50
f 507/288/50 506/287/50 511/6/50
f 506/287/41 513/4/41 511/6/41
f 511/295/49 514/293/49 509/290/49
f 511/295/49 512/294/49 514/293/49
f 513/358/48 512/294/48 511/295/48
f 509/290/51 514/293/51 515/291/51
f 514/293/32 517/297/32 515/291/32
f 514/293/32 516/296/32 517/297/32
f 514/293/32 518/284/32 516/296/32
f 514/293/32 512/294/32 518/284/32
f 512/294/32 499/281/32 518/284/32
f 518/284/53 519/7/53 516/296/53
f 518/284/53 502/5/53 519/7/53
f 499/281/54 502/5/54 518/284/54
f 516/296/58 519/7/58 520/9/58
f 519/7/56 521/298/56 520/9/56
f 519/7/56 505/286/56 521/298/56
f 502/5/57 505/286/57 519/7/57
f 523/11/59 520/9/59 521/298/59
f 522/300/29 521/298/29 508/289/29
f 523/11/59 521/298/59 522/300/59
f 505/286/29 508/289/29 521/298/29
f 525/314/61 523/11/61 524/12/61
f 523/11/68 526/318/68 524/12/68
f 523/11/68 522/300/68 526/318/68
f 517/297/60 523/11/60 525/314/60
f 517/297/60 520/9/60 523/11/60
f 526/318/67 585/465/67 524/12/67
f 587/466/29 586/467/29 526/318/29
f 527/301/29 587/466/29 526/318/29
f 526/318/29 528/299/29 527/301/29
f 526/318/29 522/300/29 528/299/29
f 522/300/29 508/289/29 528/299/29
f 528/299/65 530/13/65 527/301/65
f 528/299/65 529/10/65 530/13/65
f 508/289/98 529/10/98 528/299/98
f 527/301/64 589/468/64 588/469/64
f 590/470/62 530/305/62 591/471/62
f 589/468/64 530/13/64 590/472/64
f 531/308/62 591/471/62 530/305/62
f 530/305/63 532/357/63 531/308/63
f 530/305/63 529/309/63 532/357/63
f 529/309/102 515/291/102 532/357/102
f 532/357/32 533/311/32 531/308/32
f 532/357/32 525/314/32 533/311/32
f 515/291/32 525/314/32 532/357/32
f 531/308/32 593/473/32 592/474/32
f 533/311/71 594/475/71 595/476/71
f 593/473/32 533/311/32 595/476/32
f 525/314/61 524/12/61 533/311/61
f 596/477/71 594/475/71 524/12/71
f 535/327/32 598/478/32 597/479/32
f 534/330/82 599/480/82 536/20/82
f 534/330/32 597/479/32 600/481/32
f 536/20/82 599/480/82 601/482/82
f 534/330/81 536/20/81 537/22/81
f 537/22/80 536/20/80 538/321/80
f 603/483/78 538/321/78 536/20/78
f 536/20/78 601/482/78 603/483/78
f 538/321/29 541/340/29 539/338/29
f 537/22/80 538/321/80 539/338/80
f 538/321/29 540/324/29 541/340/29
f 538/321/29 604/484/29 540/324/29
f 539/338/29 541/340/29 542/341/29
f 542/341/87 541/340/87 543/23/87
f 540/324/88 543/23/88 541/340/88
f 543/344/83 547/348/83 544/345/83
f 542/341/87 543/23/87 544/69/87
f 543/344/83 545/333/83 547/348/83
f 543/344/84 535/327/84 545/333/84
f 543/344/84 546/343/84 535/327/84
f 540/324/88 546/21/88 543/23/88
f 544/345/85 547/348/85 548/346/85
f 547/348/32 550/350/32 548/346/32
f 547/348/32 549/351/32 550/350/32
f 545/333/32 549/351/32 547/348/32
f 553/349/32 548/346/32 550/350/32
f 550/350/92 554/27/92 551/356/92
f 553/349/32 550/350/32 551/356/32
f 550/350/92 552/26/92 554/27/92
f 550/350/93 555/24/93 552/26/93
f 550/350/93 549/351/93 555/24/93
f 555/24/89 557/352/89 552/26/89
f 555/24/89 556/339/89 557/352/89
f 537/22/90 556/339/90 555/24/90
f 549/351/101 537/22/101 555/24/101
f 554/27/91 552/26/91 557/352/91
f 557/352/29 560/353/29 558/354/29
f 554/27/91 557/352/91 558/354/91
f 557/352/29 559/355/29 560/353/29
f 557/352/29 542/341/29 559/355/29
f 557/352/29 556/339/29 542/341/29
f 558/354/29 560/353/29 561/192/29
f 560/353/44 563/193/44 561/192/44
f 560/353/44 562/70/44 563/193/44
f 559/355/96 562/70/96 560/353/96
f 565/191/42 561/192/42 563/193/42
f 563/195/45 566/196/45 428/197/45
f 565/191/42 563/193/42 428/194/42
f 563/195/45 564/198/45 566/196/45
f 562/199/46 564/198/46 563/195/46
f 428/197/47 566/196/47 427/200/47
f 566/196/32 564/198/32 417/184/32
f 427/200/32 566/196/32 414/186/32
f 566/196/32 417/184/32 414/186/32
f 412/181/29 565/191/29 420/190/29
f 416/183/29 565/191/29 412/181/29
f 416/183/29 561/192/29 565/191/29
f 420/190/43 565/191/43 428/194/43
f 564/198/32 551/356/32 417/184/32
f 564/198/32 553/349/32 551/356/32
f 562/199/46 553/349/46 564/198/46
f 567/347/95 553/349/95 562/199/95
f 559/355/96 567/25/96 562/70/96
f 559/355/86 544/69/86 567/25/86
f 567/347/95 548/346/95 553/349/95
f 544/345/85 548/346/85 567/347/85
f 558/354/29 561/192/29 416/183/29
f 559/355/86 542/341/86 544/69/86
f 413/185/97 554/27/97 558/354/97
f 413/185/97 558/354/97 416/183/97
f 539/338/29 542/341/29 556/339/29
f 537/22/90 539/338/90 556/339/90
f 551/356/94 554/27/94 413/185/94
f 551/356/94 413/185/94 417/184/94
f 549/351/101 568/334/101 537/22/101
f 545/333/32 568/334/32 549/351/32
f 545/333/32 534/330/32 568/334/32
f 534/330/81 537/22/81 568/334/81
f 606/485/77 540/324/77 605/486/77
f 546/343/73 608/487/73 535/327/73
f 546/21/77 606/485/77 607/488/77
f 540/324/29 604/484/29 605/486/29
f 535/327/73 608/487/73 598/478/73
f 545/333/32 535/327/32 534/330/32
f 585/465/67 596/477/67 524/12/67
f 529/309/102 510/292/102 515/291/102
f 508/289/98 510/68/98 529/10/98
f 515/291/32 517/297/32 525/314/32
f 516/296/58 520/9/58 517/297/58
f 509/290/51 515/291/51 510/292/51
f 506/287/41 569/273/41 513/4/41
f 569/273/37 571/1/37 513/4/37
f 513/358/48 570/280/48 512/294/48
f 571/278/40 570/280/40 513/358/40
f 569/273/37 572/272/37 571/1/37
f 572/267/38 492/63/38 571/115/38
f 571/278/40 496/279/40 570/280/40
f 492/275/39 496/276/39 571/277/39
f 573/271/29 572/272/29 569/273/29
f 574/265/29 572/267/29 573/268/29
f 572/267/38 494/269/38 492/63/38
f 574/265/29 494/269/29 572/267/29
f 500/64/42 575/62/42 574/265/42
f 576/54/44 574/265/44 575/62/44
f 500/64/42 574/265/42 573/268/42
f 574/265/29 489/274/29 494/269/29
f 574/265/29 490/266/29 489/274/29
f 576/54/44 490/266/44 574/265/44
f 497/263/46 576/54/46 575/62/46
f 484/53/96 490/266/96 576/54/96
f 497/263/46 577/262/46 576/54/46
f 481/264/95 576/54/95 577/262/95
f 481/264/95 484/53/95 576/54/95
f 493/257/32 577/262/32 497/263/32
f 483/259/32 577/262/32 493/257/32
f 483/259/32 481/264/32 577/262/32
f 497/263/45 575/62/45 500/64/45
f 500/3/43 573/271/43 503/270/43
f 573/271/29 569/273/29 503/270/29
f 512/294/32 570/280/32 499/281/32
f 496/279/32 499/281/32 570/280/32
f 503/270/29 569/273/29 506/287/29
f 484/53/96 487/254/96 490/266/96
f 482/51/86 487/254/86 484/53/86
f 474/256/93 475/248/93 483/259/93
f 472/242/81 578/243/81 478/244/81
f 580/245/82 478/244/82 578/243/82
f 478/244/32 579/234/32 462/235/32
f 580/245/82 579/234/82 478/244/82
f 469/241/78 581/240/78 580/46/78
f 581/240/79 582/44/79 580/46/79
f 469/241/78 580/46/78 578/48/78
f 582/232/72 579/234/72 580/245/72
f 581/240/79 450/229/79 582/44/79
f 450/229/69 451/42/69 582/44/69
f 582/232/72 455/231/72 579/234/72
f 451/230/70 455/231/70 582/232/70
f 466/238/29 581/240/29 469/241/29
f 583/226/29 581/240/29 466/238/29
f 583/226/29 450/229/29 581/240/29
f 463/43/75 583/226/75 466/238/75
f 584/41/66 583/226/66 463/43/66
f 448/224/29 450/229/29 583/226/29
f 584/41/66 448/224/66 583/226/66
f 456/223/76 584/41/76 463/43/76
f 447/39/64 448/224/64 584/41/64
f 456/223/62 447/39/62 584/41/62
f 455/231/32 462/235/32 579/234/32
f 469/241/80 578/48/80 472/50/80
f 424/204/29 422/212/29 442/215/29
f 425/208/58 430/205/58 436/218/58
f 423/209/53 430/205/53 425/208/53
f 714/180/37 715/181/37 720/182/37
f 716/185/38 715/181/38 714/180/38
f 719/184/39 716/185/39 714/180/39
f 721/201/40 717/186/40 714/180/40
f 719/184/39 714/180/39 717/186/39
f 721/201/40 714/180/40 718/187/40
f 714/180/37 720/182/37 718/187/37
f 724/207/32 722/200/32 721/201/32
f 725/196/32 721/201/32 722/200/32
f 723/202/48 721/201/48 718/187/48
f 724/207/32 721/201/32 723/202/32
f 725/196/32 717/186/32 721/201/32
f 726/197/47 725/196/47 722/200/47
f 728/195/45 725/196/45 726/197/45
f 725/196/32 727/198/32 719/184/32
f 728/195/45 727/198/45 725/196/45
f 725/196/32 719/184/32 717/186/32
f 729/192/42 728/193/42 726/194/42
f 731/353/44 728/193/44 729/192/44
f 728/195/46 732/349/46 727/198/46
f 728/195/46 730/199/46 732/349/46
f 731/353/44 730/70/44 728/193/44
f 735/347/95 732/349/95 730/199/95
f 727/198/32 732/349/32 733/356/32
f 732/349/32 736/350/32 733/356/32
f 732/349/32 734/346/32 736/350/32
f 735/347/95 734/346/95 732/349/95
f 739/348/32 736/350/32 734/346/32
f 733/356/92 736/350/92 737/26/92
f 736/350/93 740/24/93 737/26/93
f 736/350/93 738/351/93 740/24/93
f 739/348/32 738/351/32 736/350/32
f 740/24/89 743/352/89 737/26/89
f 740/24/89 741/339/89 743/352/89
f 742/22/90 741/339/90 740/24/90
f 738/351/101 742/22/101 740/24/101
f 737/26/91 743/352/91 744/354/91
f 743/352/29 731/353/29 744/354/29
f 743/352/29 745/355/29 731/353/29
f 743/352/29 746/341/29 745/355/29
f 743/352/29 741/339/29 746/341/29
f 741/339/29 748/340/29 746/341/29
f 746/341/86 735/25/86 745/355/86
f 746/341/86 747/69/86 735/25/86
f 748/340/87 747/69/87 746/341/87
f 741/339/29 749/338/29 748/340/29
f 749/338/29 751/324/29 748/340/29
f 748/340/87 750/23/87 747/69/87
f 751/324/88 750/23/88 748/340/88
f 749/338/29 752/321/29 751/324/29
f 752/321/29 888/576/29 751/324/29
f 751/324/88 753/21/88 750/23/88
f 891/577/77 751/324/77 890/578/77
f 751/324/29 888/576/29 890/578/29
f 752/321/78 892/579/78 889/580/78
f 893/581/67 894/582/67 754/12/67
f 894/582/71 895/583/71 754/12/71
f 755/318/67 893/581/67 754/12/67
f 757/11/68 755/318/68 754/12/68
f 756/311/71 895/583/71 897/584/71
f 758/314/61 754/12/61 756/311/61
f 758/314/61 757/11/61 754/12/61
f 759/357/32 758/314/32 756/311/32
f 761/291/32 758/314/32 759/357/32
f 758/314/60 762/9/60 757/11/60
f 758/314/60 760/297/60 762/9/60
f 761/291/32 760/297/32 758/314/32
f 762/9/59 765/300/59 757/11/59
f 762/9/59 763/298/59 765/300/59
f 764/7/56 763/298/56 762/9/56
f 760/297/58 764/7/58 762/9/58
f 757/11/68 765/300/68 755/318/68
f 755/318/29 765/300/29 766/299/29
f 765/300/29 767/289/29 766/299/29
f 765/300/29 763/298/29 767/289/29
f 771/286/29 767/289/29 763/298/29
f 767/289/98 770/10/98 766/299/98
f 767/289/98 768/68/98 770/10/98
f 769/288/52 768/68/52 767/289/52
f 771/286/29 769/288/29 767/289/29
f 764/7/56 771/286/56 763/298/56
f 764/7/57 772/285/57 771/286/57
f 772/285/29 769/288/29 771/286/29
f 764/7/57 773/5/57 772/285/57
f 773/5/55 775/270/55 772/285/55
f 772/285/29 774/287/29 769/288/29
f 775/270/29 774/287/29 772/285/29
f 773/5/55 776/2/55 775/270/55
f 779/3/43 775/270/43 776/2/43
f 775/270/29 777/273/29 774/287/29
f 778/271/29 777/273/29 775/270/29
f 779/3/43 778/271/43 775/270/43
f 782/281/47 779/3/47 776/2/47
f 779/64/42 783/265/42 778/268/42
f 782/281/47 780/282/47 779/3/47
f 784/263/45 779/64/45 780/283/45
f 784/263/45 781/62/45 779/64/45
f 779/64/42 781/62/42 783/265/42
f 785/261/32 784/263/32 780/283/32
f 785/261/32 786/262/32 784/263/32
f 784/263/46 787/54/46 781/62/46
f 784/263/46 786/262/46 787/54/46
f 787/54/44 783/265/44 781/62/44
f 787/54/44 788/266/44 783/265/44
f 789/53/96 788/266/96 787/54/96
f 786/262/95 789/53/95 787/54/95
f 789/53/96 790/254/96 788/266/96
f 792/51/86 790/254/86 789/53/86
f 786/262/95 791/264/95 789/53/95
f 791/264/85 792/51/85 789/53/85
f 792/51/86 793/250/86 790/254/86
f 795/49/87 793/250/87 792/51/87
f 791/264/85 794/249/85 792/51/85
f 794/249/83 795/49/83 792/51/83
f 795/49/87 796/251/87 793/250/87
f 795/49/88 799/239/88 796/251/88
f 794/249/83 797/246/83 795/49/83
f 800/237/84 795/49/84 797/246/84
f 800/237/84 798/47/84 795/49/84
f 795/49/88 798/47/88 799/239/88
f 803/247/32 801/244/32 800/237/32
f 801/244/32 802/235/32 800/237/32
f 803/247/32 800/237/32 797/246/32
f 800/237/73 804/45/73 798/47/73
f 800/237/73 802/235/73 804/45/73
f 804/45/77 799/239/77 798/47/77
f 804/45/77 805/238/77 799/239/77
f 806/43/75 805/238/75 804/45/75
f 807/236/74 804/45/74 802/235/74
f 807/236/74 806/43/74 804/45/74
f 808/231/32 807/236/32 802/235/32
f 810/233/32 807/236/32 808/231/32
f 807/236/76 811/41/76 806/43/76
f 807/236/76 809/223/76 811/41/76
f 810/233/32 809/223/32 807/236/32
f 811/41/66 814/226/66 806/43/66
f 811/41/66 812/224/66 814/226/66
f 813/39/64 812/224/64 811/41/64
f 809/223/62 813/39/62 811/41/62
f 806/43/75 814/226/75 805/238/75
f 814/226/29 816/240/29 805/238/29
f 814/226/29 815/229/29 816/240/29
f 812/224/29 815/229/29 814/226/29
f 805/238/29 816/240/29 817/241/29
f 817/241/78 816/240/78 818/46/78
f 816/240/79 819/44/79 818/46/79
f 816/240/79 815/229/79 819/44/79
f 815/229/69 820/42/69 819/44/69
f 819/232/72 821/234/72 818/245/72
f 819/232/72 808/231/72 821/234/72
f 820/230/70 808/231/70 819/232/70
f 818/245/82 821/234/82 801/244/82
f 801/244/32 821/234/32 802/235/32
f 808/231/32 802/235/32 821/234/32
f 815/229/69 822/227/69 820/42/69
f 822/227/67 823/40/67 820/42/67
f 820/230/70 810/233/70 808/231/70
f 823/219/71 810/233/71 820/230/71
f 822/227/67 824/228/67 823/40/67
f 824/228/68 826/37/68 823/40/68
f 823/219/71 825/221/71 810/233/71
f 826/217/61 825/221/61 823/219/61
f 824/228/68 827/214/68 826/37/68
f 827/214/59 829/72/59 826/37/59
f 826/217/61 828/216/61 825/221/61
f 829/213/60 828/216/60 826/217/60
f 827/214/59 830/215/59 829/72/59
f 833/212/56 829/72/56 830/215/56
f 829/213/60 831/218/60 828/216/60
f 832/208/58 831/218/58 829/213/58
f 833/212/56 832/35/56 829/72/56
f 836/360/29 834/204/29 833/212/29
f 837/188/29 833/212/29 834/204/29
f 836/360/29 833/212/29 830/215/29
f 833/212/57 838/33/57 832/35/57
f 833/212/57 835/189/57 838/33/57
f 837/188/29 835/189/29 833/212/29
f 841/190/55 838/33/55 835/189/55
f 838/209/53 840/205/53 832/208/53
f 838/209/53 724/207/53 840/205/53
f 838/209/54 722/200/54 724/207/54
f 838/209/54 839/210/54 722/200/54
f 841/190/55 839/211/55 838/33/55
f 720/182/29 841/190/29 835/189/29
f 715/181/29 841/190/29 720/182/29
f 842/191/43 839/211/43 841/190/43
f 715/181/29 842/191/29 841/190/29
f 843/183/29 842/191/29 715/181/29
f 843/183/29 729/192/29 842/191/29
f 729/192/42 726/194/42 842/191/42
f 842/191/43 726/194/43 839/211/43
f 716/185/38 843/183/38 715/181/38
f 844/27/97 843/183/97 716/185/97
f 744/354/29 729/192/29 843/183/29
f 844/27/97 744/354/97 843/183/97
f 719/184/94 844/27/94 716/185/94
f 737/26/91 744/354/91 844/27/91
f 719/184/94 733/356/94 844/27/94
f 733/356/92 737/26/92 844/27/92
f 832/208/58 840/205/58 831/218/58
f 840/205/32 846/206/32 831/218/32
f 840/205/32 845/203/32 846/206/32
f 840/205/32 723/202/32 845/203/32
f 840/205/32 724/207/32 723/202/32
f 831/218/32 846/206/32 847/222/32
f 847/222/102 846/206/102 848/36/102
f 846/206/51 849/34/51 848/36/51
f 846/206/51 845/203/51 849/34/51
f 849/34/52 836/360/52 848/36/52
f 849/34/52 834/204/52 836/360/52
f 849/34/50 837/188/50 834/204/50
f 723/202/49 849/34/49 845/203/49
f 723/202/49 850/30/49 849/34/49
f 849/34/50 850/30/50 837/188/50
f 718/187/41 837/188/41 850/30/41
f 723/202/48 718/187/48 850/30/48
f 847/222/102 848/36/102 851/38/102
f 848/36/98 852/359/98 851/38/98
f 848/36/164 836/360/164 852/359/164
f 851/38/65 852/359/65 853/225/65
f 852/359/29 824/228/29 853/225/29
f 852/359/29 827/214/29 824/228/29
f 836/360/29 827/214/29 852/359/29
f 813/39/64 853/225/64 812/224/64
f 851/38/65 853/225/65 813/39/65
f 853/225/29 822/227/29 812/224/29
f 853/225/29 824/228/29 822/227/29
f 847/222/63 851/38/63 813/39/63
f 825/221/32 828/216/32 847/222/32
f 831/218/32 847/222/32 828/216/32
f 847/222/63 813/39/63 854/220/63
f 825/221/32 847/222/32 854/220/32
f 810/233/32 825/221/32 854/220/32
f 809/223/62 854/220/62 813/39/62
f 810/233/32 854/220/32 809/223/32
f 726/197/47 722/200/47 839/210/47
f 720/182/29 835/189/29 837/188/29
f 718/187/41 720/182/41 837/188/41
f 836/360/29 830/215/29 827/214/29
f 812/224/29 822/227/29 815/229/29
f 818/245/82 801/244/82 855/243/82
f 817/241/78 818/46/78 855/48/78
f 857/253/80 817/241/80 855/48/80
f 855/243/81 803/247/81 856/242/81
f 857/253/80 855/48/80 856/50/80
f 855/243/81 801/244/81 803/247/81
f 793/250/29 796/251/29 857/253/29
f 799/239/29 857/253/29 796/251/29
f 858/252/90 857/253/90 856/50/90
f 793/250/29 857/253/29 858/252/29
f 799/239/29 817/241/29 857/253/29
f 790/254/29 793/250/29 858/252/29
f 859/255/89 858/252/89 860/73/89
f 790/254/29 858/252/29 859/255/29
f 858/252/90 856/50/90 860/73/90
f 860/260/93 863/259/93 861/256/93
f 859/255/89 860/73/89 861/52/89
f 860/260/93 862/248/93 863/259/93
f 856/242/101 862/248/101 860/260/101
f 865/258/92 861/256/92 863/259/92
f 863/259/32 786/262/32 864/257/32
f 865/258/92 863/259/92 864/257/92
f 863/259/32 791/264/32 786/262/32
f 862/248/32 791/264/32 863/259/32
f 866/274/97 865/61/97 867/63/97
f 859/255/91 865/61/91 866/274/91
f 867/275/94 865/258/94 864/257/94
f 859/255/91 861/52/91 865/61/91
f 868/269/38 867/63/38 869/115/38
f 866/274/97 867/63/97 868/269/97
f 869/277/39 867/275/39 785/261/39
f 867/275/94 864/257/94 785/261/94
f 777/273/37 870/272/37 869/1/37
f 868/269/38 869/115/38 870/267/38
f 869/278/40 873/280/40 871/358/40
f 777/273/37 869/1/37 871/4/37
f 869/278/40 872/279/40 873/280/40
f 869/277/39 785/261/39 872/276/39
f 871/358/48 873/280/48 874/294/48
f 874/294/32 873/280/32 782/281/32
f 873/280/32 780/282/32 782/281/32
f 873/280/32 872/279/32 780/282/32
f 875/295/49 874/294/49 876/293/49
f 871/358/48 874/294/48 875/295/48
f 876/293/32 874/294/32 877/284/32
f 874/294/32 782/281/32 877/284/32
f 877/284/53 764/7/53 878/296/53
f 876/293/32 877/284/32 878/296/32
f 877/284/53 773/5/53 764/7/53
f 782/281/54 773/5/54 877/284/54
f 876/293/32 878/296/32 760/297/32
f 760/297/58 878/296/58 764/7/58
f 768/292/51 879/290/51 876/293/51
f 875/295/49 876/293/49 879/290/49
f 876/293/32 760/297/32 761/291/32
f 768/292/51 876/293/51 761/291/51
f 769/288/52 879/8/52 768/68/52
f 774/287/50 879/8/50 769/288/50
f 774/287/50 875/6/50 879/8/50
f 774/287/41 871/4/41 875/6/41
f 785/261/32 780/283/32 872/276/32
f 774/287/41 777/273/41 871/4/41
f 778/271/29 870/272/29 777/273/29
f 778/268/29 868/269/29 870/267/29
f 778/268/29 783/265/29 868/269/29
f 788/266/29 868/269/29 783/265/29
f 788/266/29 866/274/29 868/269/29
f 788/266/29 859/255/29 866/274/29
f 785/261/32 864/257/32 786/262/32
f 862/248/32 794/249/32 791/264/32
f 803/247/32 794/249/32 862/248/32
f 856/242/101 803/247/101 862/248/101
f 788/266/29 790/254/29 859/255/29
f 805/238/29 817/241/29 799/239/29
f 803/247/32 797/246/32 794/249/32
f 782/281/54 776/2/54 773/5/54
f 766/299/65 770/10/65 880/13/65
f 880/305/63 770/309/63 759/357/63
f 770/309/102 761/291/102 759/357/102
f 770/309/102 768/292/102 761/291/102
f 898/585/64 880/13/64 899/586/64
f 766/299/65 880/13/65 881/301/65
f 880/305/62 900/587/62 899/588/62
f 880/305/63 759/357/63 882/308/63
f 901/589/32 882/308/32 902/590/32
f 900/587/62 882/308/62 901/589/62
f 756/311/32 902/590/32 882/308/32
f 759/357/32 756/311/32 882/308/32
f 884/327/32 904/591/32 903/592/32
f 883/330/82 905/593/82 906/594/82
f 883/330/32 903/592/32 905/593/32
f 750/344/84 753/343/84 884/327/84
f 753/343/73 908/595/73 884/327/73
f 884/327/32 886/334/32 885/333/32
f 750/344/84 884/327/84 885/333/84
f 884/327/32 883/330/32 886/334/32
f 884/327/73 908/595/73 904/591/73
f 753/21/77 891/577/77 907/596/77
f 885/333/32 886/334/32 738/351/32
f 738/351/101 886/334/101 742/22/101
f 883/330/81 742/22/81 886/334/81
f 747/345/83 750/344/83 885/333/83
f 885/333/32 738/351/32 739/348/32
f 747/345/83 885/333/83 739/348/83
f 883/330/81 887/20/81 742/22/81
f 887/20/82 906/594/82 909/597/82
f 887/20/80 749/338/80 742/22/80
f 887/20/80 752/321/80 749/338/80
f 892/579/78 887/20/78 909/597/78
f 910/598/29 911/599/29 881/301/29
f 910/598/64 881/301/64 898/585/64
f 755/318/29 911/599/29 896/600/29
f 755/318/29 766/299/29 881/301/29
f 742/22/90 749/338/90 741/339/90
f 735/347/85 747/345/85 739/348/85
f 745/355/96 730/70/96 731/353/96
f 745/355/96 735/25/96 730/70/96
f 744/354/29 731/353/29 729/192/29
f 735/347/85 739/348/85 734/346/85
f 727/198/32 733/356/32 719/184/32
f 1023/180/37 1024/181/37 1028/182/37
f 1025/185/38 1024/181/38 1023/180/38
f 1026/186/39 1025/185/39 1023/180/39
f 1029/201/40 1026/186/40 1023/180/40
f 1029/201/40 1023/180/40 1027/187/40
f 1023/180/37 1028/182/37 1027/187/37
f 1032/207/32 1030/200/32 1029/201/32
f 1033/196/32 1029/201/32 1030/200/32
f 1031/202/48 1029/201/48 1027/187/48
f 1032/207/32 1029/201/32 1031/202/32
f 1033/196/32 1026/186/32 1029/201/32
f 1038/210/47 1034/197/47 1033/196/47
f 1036/195/45 1033/196/45 1034/197/45
f 1033/196/32 1035/198/32 1037/184/32
f 1036/195/45 1035/198/45 1033/196/45
f 1033/196/32 1037/184/32 1026/186/32
f 1038/210/47 1033/196/47 1030/200/47
f 1041/189/55 1039/190/55 1038/211/55
f 1042/191/43 1038/211/43 1039/190/43
f 1038/210/54 1032/207/54 1040/209/54
f 1041/189/55 1038/211/55 1040/33/55
f 1038/210/54 1030/200/54 1032/207/54
f 1042/191/43 1034/194/43 1038/211/43
f 1028/182/29 1024/181/29 1042/191/29
f 1044/183/29 1042/191/29 1024/181/29
f 1044/183/29 1043/192/29 1042/191/29
f 1043/192/42 1034/194/42 1042/191/42
f 1028/182/29 1042/191/29 1039/190/29
f 1025/185/38 1044/183/38 1024/181/38
f 1046/27/97 1044/183/97 1025/185/97
f 1045/354/29 1043/192/29 1044/183/29
f 1046/27/97 1045/354/97 1044/183/97
f 1037/184/94 1046/27/94 1025/185/94
f 1048/26/91 1045/354/91 1046/27/91
f 1037/184/94 1047/356/94 1046/27/94
f 1049/350/92 1046/27/92 1047/356/92
f 1049/350/92 1048/26/92 1046/27/92
f 1050/346/32 1049/350/32 1047/356/32
f 1052/348/32 1049/350/32 1050/346/32
f 1051/351/93 1048/26/93 1049/350/93
f 1052/348/32 1051/351/32 1049/350/32
f 1053/345/85 1052/348/85 1050/346/85
f 1055/344/83 1052/348/83 1053/345/83
f 1052/348/32 1056/334/32 1051/351/32
f 1052/348/32 1054/333/32 1056/334/32
f 1055/344/83 1054/333/83 1052/348/83
f 1060/327/32 1056/334/32 1054/333/32
f 1056/334/197 1059/24/197 1051/351/197
f 1056/334/101 1057/22/101 1059/24/101
f 1058/330/81 1057/22/81 1056/334/81
f 1060/327/32 1058/330/32 1056/334/32
f 1055/344/84 1061/343/84 1060/327/84
f 1197/688/73 1060/327/73 1061/343/73
f 1055/344/84 1060/327/84 1054/333/84
f 1058/330/32 1199/689/32 1200/690/32
f 1060/327/32 1198/691/32 1199/689/32
f 1058/330/82 1201/692/82 1062/20/82
f 1062/20/82 1201/692/82 1202/693/82
f 1203/694/62 1064/305/62 1204/695/62
f 1205/696/32 1063/308/32 1206/697/32
f 1063/308/62 1204/695/62 1064/305/62
f 1065/301/64 1208/698/64 1207/699/64
f 1067/299/65 1064/13/65 1065/301/65
f 1208/698/64 1064/13/64 1203/700/64
f 1066/309/63 1063/308/63 1064/305/63
f 1067/299/65 1066/10/65 1064/13/65
f 1070/318/29 1068/300/29 1067/299/29
f 1071/298/29 1067/299/29 1068/300/29
f 1070/318/29 1067/299/29 1065/301/29
f 1067/299/98 1072/68/98 1066/10/98
f 1067/299/98 1069/289/98 1072/68/98
f 1071/298/29 1069/289/29 1067/299/29
f 1069/289/52 1074/8/52 1072/68/52
f 1072/292/102 1075/357/102 1066/309/102
f 1072/292/102 1073/291/102 1075/357/102
f 1074/290/51 1073/291/51 1072/292/51
f 1066/309/63 1075/357/63 1063/308/63
f 1075/357/32 1077/311/32 1063/308/32
f 1075/357/32 1076/314/32 1077/311/32
f 1075/357/32 1078/297/32 1076/314/32
f 1075/357/32 1073/291/32 1078/297/32
f 1073/291/32 1080/296/32 1078/297/32
f 1076/314/60 1078/297/60 1079/9/60
f 1080/296/58 1079/9/58 1078/297/58
f 1073/291/32 1081/293/32 1080/296/32
f 1081/293/32 1083/284/32 1080/296/32
f 1080/296/58 1082/7/58 1079/9/58
f 1083/284/53 1082/7/53 1080/296/53
f 1081/293/32 1084/294/32 1083/284/32
f 1084/294/32 1086/281/32 1083/284/32
f 1083/284/53 1085/5/53 1082/7/53
f 1086/281/54 1085/5/54 1083/284/54
f 1084/294/32 1087/280/32 1086/281/32
f 1090/279/32 1086/281/32 1087/280/32
f 1086/281/54 1088/2/54 1085/5/54
f 1089/282/47 1088/2/47 1086/281/47
f 1090/279/32 1089/282/32 1086/281/32
f 1091/278/40 1090/279/40 1087/280/40
f 1093/275/39 1090/276/39 1091/277/39
f 1092/261/32 1089/283/32 1090/276/32
f 1093/275/39 1092/261/39 1090/276/39
f 1096/267/38 1094/269/38 1093/63/38
f 1097/274/97 1093/63/97 1094/269/97
f 1096/267/38 1093/63/38 1091/115/38
f 1093/275/94 1098/257/94 1092/261/94
f 1093/275/94 1095/258/94 1098/257/94
f 1097/274/97 1095/61/97 1093/63/97
f 1101/256/92 1098/257/92 1095/258/92
f 1092/261/32 1098/257/32 1099/262/32
f 1098/257/32 1102/264/32 1099/262/32
f 1098/257/32 1100/259/32 1102/264/32
f 1101/256/92 1100/259/92 1098/257/92
f 1100/259/32 1104/249/32 1102/264/32
f 1102/264/95 1105/54/95 1099/262/95
f 1102/264/95 1103/53/95 1105/54/95
f 1102/264/85 1106/51/85 1103/53/85
f 1102/264/85 1104/249/85 1106/51/85
f 1106/51/86 1109/254/86 1103/53/86
f 1106/51/86 1107/250/86 1109/254/86
f 1106/51/87 1110/251/87 1107/250/87
f 1111/246/83 1106/51/83 1104/249/83
f 1111/246/83 1108/49/83 1106/51/83
f 1106/51/87 1108/49/87 1110/251/87
f 1114/248/32 1112/247/32 1111/246/32
f 1112/247/32 1113/237/32 1111/246/32
f 1114/248/32 1111/246/32 1104/249/32
f 1113/237/84 1108/49/84 1111/246/84
f 1115/260/93 1114/248/93 1100/259/93
f 1116/242/101 1114/248/101 1115/260/101
f 1100/259/32 1114/248/32 1104/249/32
f 1116/242/101 1112/247/101 1114/248/101
f 1119/252/90 1117/253/90 1116/50/90
f 1117/253/80 1118/48/80 1116/50/80
f 1119/252/90 1116/50/90 1115/73/90
f 1118/243/81 1112/247/81 1116/242/81
f 1107/250/29 1119/252/29 1120/255/29
f 1110/251/29 1119/252/29 1107/250/29
f 1120/255/89 1119/252/89 1115/73/89
f 1110/251/29 1117/253/29 1119/252/29
f 1109/254/29 1120/255/29 1097/274/29
f 1107/250/29 1120/255/29 1109/254/29
f 1120/255/91 1095/61/91 1097/274/91
f 1120/255/91 1101/52/91 1095/61/91
f 1120/255/89 1115/73/89 1101/52/89
f 1117/253/80 1121/241/80 1118/48/80
f 1121/241/78 1123/46/78 1118/48/78
f 1118/243/81 1122/244/81 1112/247/81
f 1123/245/82 1122/244/82 1118/243/82
f 1121/241/78 1124/240/78 1123/46/78
f 1127/229/79 1123/46/79 1124/240/79
f 1123/245/82 1125/234/82 1122/244/82
f 1126/232/72 1125/234/72 1123/245/72
f 1127/229/79 1126/44/79 1123/46/79
f 1130/238/29 1128/226/29 1127/229/29
f 1128/226/29 1129/227/29 1127/229/29
f 1130/238/29 1127/229/29 1124/240/29
f 1129/227/69 1126/44/69 1127/229/69
f 1131/45/77 1130/238/77 1132/239/77
f 1133/43/75 1130/238/75 1131/45/75
f 1130/238/29 1121/241/29 1132/239/29
f 1130/238/29 1124/240/29 1121/241/29
f 1133/43/75 1128/226/75 1130/238/75
f 1136/235/74 1133/43/74 1131/45/74
f 1135/41/66 1128/226/66 1133/43/66
f 1136/235/74 1134/236/74 1133/43/74
f 1137/223/76 1133/43/76 1134/236/76
f 1137/223/76 1135/41/76 1133/43/76
f 1138/233/32 1137/223/32 1134/236/32
f 1138/233/32 1139/220/32 1137/223/32
f 1139/220/62 1135/41/62 1137/223/62
f 1138/233/32 1140/221/32 1139/220/32
f 1140/221/32 1142/222/32 1139/220/32
f 1139/220/62 1141/39/62 1135/41/62
f 1142/222/63 1141/39/63 1139/220/63
f 1140/221/32 1143/216/32 1142/222/32
f 1143/216/32 1145/206/32 1142/222/32
f 1142/222/63 1144/38/63 1141/39/63
f 1145/206/102 1144/38/102 1142/222/102
f 1143/216/32 1146/218/32 1145/206/32
f 1146/218/32 1148/203/32 1145/206/32
f 1145/206/102 1147/36/102 1144/38/102
f 1148/203/51 1147/36/51 1145/206/51
f 1146/218/32 1149/205/32 1148/203/32
f 1149/205/32 1031/202/32 1148/203/32
f 1148/203/51 1150/34/51 1147/36/51
f 1148/203/49 1151/30/49 1150/34/49
f 1148/203/49 1031/202/49 1151/30/49
f 1151/30/50 1153/204/50 1150/34/50
f 1151/30/50 1152/188/50 1153/204/50
f 1027/187/41 1152/188/41 1151/30/41
f 1031/202/48 1027/187/48 1151/30/48
f 1150/34/52 1153/204/52 1154/360/52
f 1153/204/29 1156/215/29 1154/360/29
f 1153/204/29 1155/212/29 1156/215/29
f 1152/188/29 1155/212/29 1153/204/29
f 1154/360/29 1156/215/29 1157/214/29
f 1157/214/59 1156/215/59 1158/72/59
f 1156/215/56 1159/35/56 1158/72/56
f 1156/215/56 1155/212/56 1159/35/56
f 1155/212/57 1040/33/57 1159/35/57
f 1159/208/58 1146/218/58 1158/213/58
f 1159/208/58 1149/205/58 1146/218/58
f 1040/209/53 1149/205/53 1159/208/53
f 1158/213/60 1143/216/60 1160/217/60
f 1157/214/59 1158/72/59 1160/37/59
f 1158/213/60 1146/218/60 1143/216/60
f 1162/228/68 1157/214/68 1160/37/68
f 1160/217/61 1140/221/61 1161/219/61
f 1162/228/68 1160/37/68 1161/40/68
f 1160/217/61 1143/216/61 1140/221/61
f 1163/225/29 1162/228/29 1129/227/29
f 1164/359/29 1162/228/29 1163/225/29
f 1129/227/67 1162/228/67 1161/40/67
f 1164/359/29 1157/214/29 1162/228/29
f 1144/38/65 1164/359/65 1163/225/65
f 1144/38/98 1154/360/98 1164/359/98
f 1154/360/29 1157/214/29 1164/359/29
f 1141/39/64 1163/225/64 1165/224/64
f 1144/38/65 1163/225/65 1141/39/65
f 1163/225/29 1129/227/29 1165/224/29
f 1135/41/66 1165/224/66 1128/226/66
f 1141/39/64 1165/224/64 1135/41/64
f 1128/226/29 1165/224/29 1129/227/29
f 1161/219/71 1138/233/71 1166/230/71
f 1129/227/67 1161/40/67 1166/42/67
f 1161/219/71 1140/221/71 1138/233/71
f 1129/227/69 1166/42/69 1126/44/69
f 1166/230/70 1167/231/70 1126/232/70
f 1166/230/70 1138/233/70 1167/231/70
f 1126/232/72 1167/231/72 1125/234/72
f 1167/231/32 1136/235/32 1125/234/32
f 1167/231/32 1134/236/32 1136/235/32
f 1138/233/32 1134/236/32 1167/231/32
f 1155/212/57 1041/189/57 1040/33/57
f 1152/188/29 1041/189/29 1155/212/29
f 1144/38/98 1147/36/98 1154/360/98
f 1150/34/52 1154/360/52 1147/36/52
f 1028/182/29 1041/189/29 1152/188/29
f 1027/187/41 1028/182/41 1152/188/41
f 1149/205/32 1032/207/32 1031/202/32
f 1040/209/53 1032/207/53 1149/205/53
f 1122/244/32 1125/234/32 1136/235/32
f 1113/237/73 1136/235/73 1131/45/73
f 1122/244/32 1136/235/32 1113/237/32
f 1108/49/88 1168/47/88 1132/239/88
f 1131/45/77 1132/239/77 1168/47/77
f 1132/239/29 1117/253/29 1110/251/29
f 1108/49/88 1132/239/88 1110/251/88
f 1132/239/29 1121/241/29 1117/253/29
f 1113/237/84 1168/47/84 1108/49/84
f 1113/237/73 1131/45/73 1168/47/73
f 1112/247/32 1122/244/32 1113/237/32
f 1115/260/93 1100/259/93 1101/256/93
f 1103/53/96 1109/254/96 1169/266/96
f 1109/254/29 1097/274/29 1169/266/29
f 1105/54/44 1169/266/44 1170/265/44
f 1103/53/96 1169/266/96 1105/54/96
f 1169/266/29 1094/269/29 1170/265/29
f 1169/266/29 1097/274/29 1094/269/29
f 1171/62/42 1170/265/42 1172/268/42
f 1105/54/44 1170/265/44 1171/62/44
f 1170/265/29 1096/267/29 1172/268/29
f 1170/265/29 1094/269/29 1096/267/29
f 1173/3/43 1172/271/43 1174/270/43
f 1171/62/42 1172/268/42 1173/64/42
f 1172/271/29 1175/273/29 1174/270/29
f 1172/271/29 1096/272/29 1175/273/29
f 1174/270/29 1175/273/29 1176/287/29
f 1175/273/41 1178/6/41 1176/287/41
f 1175/273/41 1177/4/41 1178/6/41
f 1096/272/37 1177/4/37 1175/273/37
f 1176/287/50 1178/6/50 1074/8/50
f 1074/290/49 1178/295/49 1084/294/49
f 1178/295/48 1087/280/48 1084/294/48
f 1178/295/48 1177/358/48 1087/280/48
f 1091/278/40 1087/280/40 1177/358/40
f 1096/272/37 1091/1/37 1177/4/37
f 1179/285/29 1176/287/29 1180/288/29
f 1174/270/29 1176/287/29 1179/285/29
f 1176/287/50 1074/8/50 1180/288/50
f 1181/286/29 1180/288/29 1069/289/29
f 1179/285/29 1180/288/29 1181/286/29
f 1069/289/52 1180/288/52 1074/8/52
f 1082/7/56 1181/286/56 1071/298/56
f 1082/7/57 1179/285/57 1181/286/57
f 1181/286/29 1069/289/29 1071/298/29
f 1082/7/57 1085/5/57 1179/285/57
f 1085/5/55 1174/270/55 1179/285/55
f 1085/5/55 1088/2/55 1174/270/55
f 1173/3/43 1174/270/43 1088/2/43
f 1089/282/47 1173/3/47 1088/2/47
f 1182/263/45 1173/64/45 1089/283/45
f 1182/263/45 1171/62/45 1173/64/45
f 1092/261/32 1182/263/32 1089/283/32
f 1092/261/32 1099/262/32 1182/263/32
f 1182/263/46 1105/54/46 1171/62/46
f 1182/263/46 1099/262/46 1105/54/46
f 1074/290/49 1084/294/49 1081/293/49
f 1082/7/56 1071/298/56 1079/9/56
f 1074/290/51 1081/293/51 1073/291/51
f 1076/314/60 1079/9/60 1183/11/60
f 1079/9/59 1068/300/59 1183/11/59
f 1079/9/59 1071/298/59 1068/300/59
f 1076/314/61 1183/11/61 1184/12/61
f 1183/11/68 1070/318/68 1184/12/68
f 1183/11/68 1068/300/68 1070/318/68
f 1184/12/71 1210/701/71 1077/311/71
f 1184/12/67 1211/702/67 1209/703/67
f 1076/314/61 1184/12/61 1077/311/61
f 1212/704/67 1211/702/67 1070/318/67
f 1210/701/71 1213/705/71 1077/311/71
f 1185/324/29 1214/706/29 1215/707/29
f 1216/708/77 1185/324/77 1215/707/77
f 1061/21/77 1216/708/77 1217/709/77
f 1061/343/73 1217/710/73 1197/688/73
f 1188/338/29 1186/321/29 1185/324/29
f 1186/321/29 1214/706/29 1185/324/29
f 1185/324/88 1055/23/88 1187/340/88
f 1188/338/29 1185/324/29 1187/340/29
f 1185/324/88 1061/21/88 1055/23/88
f 1059/24/90 1057/22/90 1188/338/90
f 1062/20/80 1188/338/80 1057/22/80
f 1188/338/29 1190/341/29 1189/339/29
f 1059/24/90 1188/338/90 1189/339/90
f 1188/338/29 1187/340/29 1190/341/29
f 1062/20/80 1186/321/80 1188/338/80
f 1192/352/29 1189/339/29 1190/341/29
f 1191/355/86 1190/341/86 1053/69/86
f 1192/352/29 1190/341/29 1191/355/29
f 1190/341/87 1055/23/87 1053/69/87
f 1190/341/87 1187/340/87 1055/23/87
f 1048/26/91 1192/352/91 1045/354/91
f 1059/24/89 1192/352/89 1048/26/89
f 1045/354/29 1192/352/29 1191/355/29
f 1059/24/89 1189/339/89 1192/352/89
f 1191/355/96 1195/70/96 1193/353/96
f 1045/354/29 1191/355/29 1193/353/29
f 1191/355/96 1194/25/96 1195/70/96
f 1191/355/86 1053/69/86 1194/25/86
f 1193/353/44 1195/70/44 1036/193/44
f 1036/195/46 1195/199/46 1196/349/46
f 1195/199/95 1050/346/95 1196/349/95
f 1195/199/95 1194/347/95 1050/346/95
f 1196/349/32 1037/184/32 1035/198/32
f 1036/195/46 1196/349/46 1035/198/46
f 1196/349/32 1047/356/32 1037/184/32
f 1050/346/32 1047/356/32 1196/349/32
f 1053/345/85 1050/346/85 1194/347/85
f 1045/354/29 1193/353/29 1043/192/29
f 1193/353/44 1036/193/44 1043/192/44
f 1219/711/78 1062/20/78 1202/693/78
f 1186/321/78 1219/711/78 1218/712/78
f 1207/699/29 1220/713/29 1065/301/29
f 1070/318/29 1220/713/29 1212/704/29
f 1077/311/32 1206/697/32 1063/308/32
f 1058/330/81 1062/20/81 1057/22/81
f 1051/351/198 1059/24/198 1048/26/198
f 1043/192/42 1036/193/42 1034/194/42
f 1028/182/29 1039/190/29 1041/189/29
f 1026/186/39 1037/184/39 1025/185/39
f 1317/180/37 1318/181/37 1323/182/37
f 1319/185/38 1318/181/38 1317/180/38
f 1322/184/39 1319/185/39 1317/180/39
f 1324/201/40 1320/186/40 1317/180/40
f 1322/184/39 1317/180/39 1320/186/39
f 1324/201/40 1317/180/40 1321/187/40
f 1317/180/37 1323/182/37 1321/187/37
f 1327/207/32 1325/200/32 1324/201/32
f 1329/196/32 1324/201/32 1325/200/32
f 1324/201/48 1328/30/48 1326/202/48
f 1327/207/32 1324/201/32 1326/202/32
f 1324/201/48 1321/187/48 1328/30/48
f 1329/196/32 1320/186/32 1324/201/32
f 1330/197/47 1329/196/47 1325/200/47
f 1332/195/45 1329/196/45 1330/197/45
f 1329/196/32 1331/198/32 1322/184/32
f 1332/195/45 1331/198/45 1329/196/45
f 1329/196/32 1322/184/32 1320/186/32
f 1333/192/42 1332/193/42 1330/194/42
f 1335/353/44 1332/193/44 1333/192/44
f 1332/195/46 1336/349/46 1331/198/46
f 1332/195/46 1334/199/46 1336/349/46
f 1335/353/44 1334/70/44 1332/193/44
f 1339/347/95 1336/349/95 1334/199/95
f 1336/349/32 1322/184/32 1331/198/32
f 1336/349/32 1337/356/32 1322/184/32
f 1338/346/32 1337/356/32 1336/349/32
f 1339/347/95 1338/346/95 1336/349/95
f 1335/353/96 1340/355/96 1339/25/96
f 1340/355/86 1341/69/86 1339/25/86
f 1335/353/96 1339/25/96 1334/70/96
f 1341/345/85 1338/346/85 1339/347/85
f 1340/355/86 1342/341/86 1341/69/86
f 1342/341/87 1344/23/87 1341/69/87
f 1341/345/85 1343/348/85 1338/346/85
f 1344/344/83 1343/348/83 1341/345/83
f 1342/341/87 1345/340/87 1344/23/87
f 1345/340/88 1347/21/88 1344/23/88
f 1344/344/83 1346/333/83 1343/348/83
f 1347/343/84 1346/333/84 1344/344/84
f 1345/340/88 1348/324/88 1347/21/88
f 1348/324/77 1350/19/77 1347/21/77
f 1347/343/84 1349/327/84 1346/333/84
f 1350/782/73 1349/327/73 1347/343/73
f 1348/324/77 1351/783/77 1350/19/77
f 1354/784/75 1350/19/75 1351/783/75
f 1350/782/73 1352/785/73 1349/327/73
f 1353/786/74 1352/785/74 1350/782/74
f 1354/784/75 1353/17/75 1350/19/75
f 1355/787/29 1354/784/29 1351/783/29
f 1357/788/29 1354/784/29 1355/787/29
f 1356/789/66 1353/17/66 1354/784/66
f 1357/788/29 1356/789/29 1354/784/29
f 1360/16/69 1358/14/69 1357/788/69
f 1361/12/67 1357/788/67 1358/14/67
f 1360/16/69 1357/788/69 1355/787/69
f 1359/318/29 1356/789/29 1357/788/29
f 1361/12/67 1359/318/67 1357/788/67
f 1362/311/71 1361/12/71 1358/14/71
f 1363/11/68 1359/318/68 1361/12/68
f 1362/311/61 1363/11/61 1361/12/61
f 1363/11/68 1364/300/68 1359/318/68
f 1366/9/59 1364/300/59 1363/11/59
f 1362/311/61 1365/314/61 1363/11/61
f 1365/314/60 1366/9/60 1363/11/60
f 1366/9/59 1367/298/59 1364/300/59
f 1369/7/56 1367/298/56 1366/9/56
f 1365/314/60 1368/297/60 1366/9/60
f 1368/297/58 1369/7/58 1366/9/58
f 1369/7/56 1370/286/56 1367/298/56
f 1372/5/57 1370/286/57 1369/7/57
f 1368/297/58 1371/296/58 1369/7/58
f 1373/284/53 1369/7/53 1371/296/53
f 1373/284/53 1372/5/53 1369/7/53
f 1374/294/32 1373/284/32 1371/296/32
f 1376/280/32 1373/284/32 1374/294/32
f 1375/281/54 1372/5/54 1373/284/54
f 1376/280/32 1375/281/32 1373/284/32
f 1377/358/48 1376/280/48 1374/294/48
f 1379/278/40 1376/280/40 1377/358/40
f 1378/279/32 1375/281/32 1376/280/32
f 1379/278/40 1378/279/40 1376/280/40
f 1380/272/37 1379/1/37 1377/4/37
f 1382/269/38 1379/115/38 1380/267/38
f 1381/275/39 1378/276/39 1379/277/39
f 1382/269/38 1381/63/38 1379/115/38
f 1383/265/29 1382/269/29 1380/267/29
f 1385/266/29 1382/269/29 1383/265/29
f 1384/274/97 1381/63/97 1382/269/97
f 1385/266/29 1384/274/29 1382/269/29
f 1388/62/44 1386/54/44 1385/266/44
f 1386/54/96 1387/254/96 1385/266/96
f 1388/62/44 1385/266/44 1383/265/44
f 1387/254/29 1384/274/29 1385/266/29
f 1390/263/45 1388/62/45 1389/64/45
f 1388/62/42 1391/268/42 1389/64/42
f 1388/62/42 1383/265/42 1391/268/42
f 1392/262/46 1388/62/46 1390/263/46
f 1392/262/46 1386/54/46 1388/62/46
f 1395/261/32 1393/257/32 1392/262/32
f 1396/259/32 1392/262/32 1393/257/32
f 1395/261/32 1392/262/32 1390/263/32
f 1394/264/95 1386/54/95 1392/262/95
f 1396/259/32 1394/264/32 1392/262/32
f 1397/256/92 1396/259/92 1393/257/92
f 1399/260/93 1396/259/93 1397/256/93
f 1396/259/32 1400/249/32 1394/264/32
f 1396/259/32 1398/248/32 1400/249/32
f 1399/260/93 1398/248/93 1396/259/93
f 1398/248/32 1402/246/32 1400/249/32
f 1400/249/85 1403/53/85 1394/264/85
f 1400/249/85 1401/51/85 1403/53/85
f 1402/246/83 1401/51/83 1400/249/83
f 1394/264/95 1403/53/95 1386/54/95
f 1386/54/96 1403/53/96 1387/254/96
f 1403/53/86 1404/250/86 1387/254/86
f 1403/53/86 1401/51/86 1404/250/86
f 1401/51/87 1406/251/87 1404/250/87
f 1404/250/29 1407/255/29 1387/254/29
f 1404/250/29 1405/252/29 1407/255/29
f 1406/251/29 1405/252/29 1404/250/29
f 1387/254/29 1407/255/29 1384/274/29
f 1384/274/91 1407/255/91 1397/52/91
f 1405/252/89 1397/52/89 1407/255/89
f 1401/51/87 1408/49/87 1406/251/87
f 1411/47/88 1406/251/88 1408/49/88
f 1406/251/29 1409/253/29 1405/252/29
f 1406/251/29 1412/241/29 1409/253/29
f 1406/251/29 1410/239/29 1412/241/29
f 1411/47/88 1410/239/88 1406/251/88
f 1416/238/29 1412/241/29 1410/239/29
f 1412/241/80 1415/50/80 1409/253/80
f 1412/241/80 1413/48/80 1415/50/80
f 1414/240/78 1413/48/78 1412/241/78
f 1416/238/29 1414/240/29 1412/241/29
f 1417/45/77 1416/238/77 1410/239/77
f 1417/45/75 1418/226/75 1416/238/75
f 1418/226/29 1414/240/29 1416/238/29
f 1417/45/75 1419/43/75 1418/226/75
f 1419/43/66 1421/224/66 1418/226/66
f 1418/226/29 1420/229/29 1414/240/29
f 1418/226/29 1422/227/29 1420/229/29
f 1418/226/29 1421/224/29 1422/227/29
f 1421/224/29 1424/228/29 1422/227/29
f 1422/227/69 1425/44/69 1420/229/69
f 1422/227/69 1423/42/69 1425/44/69
f 1424/228/67 1423/42/67 1422/227/67
f 1420/229/79 1425/44/79 1426/46/79
f 1425/232/72 1428/234/72 1426/245/72
f 1425/232/72 1427/231/72 1428/234/72
f 1425/232/70 1429/233/70 1427/231/70
f 1425/232/70 1423/230/70 1429/233/70
f 1423/230/71 1431/221/71 1429/233/71
f 1429/233/32 1432/236/32 1427/231/32
f 1429/233/32 1430/223/32 1432/236/32
f 1431/221/32 1430/223/32 1429/233/32
f 1427/231/32 1432/236/32 1433/235/32
f 1432/236/74 1417/45/74 1433/235/74
f 1432/236/74 1419/43/74 1417/45/74
f 1430/223/76 1419/43/76 1432/236/76
f 1428/234/32 1433/235/32 1434/237/32
f 1427/231/32 1433/235/32 1428/234/32
f 1433/235/73 1411/47/73 1434/237/73
f 1433/235/73 1417/45/73 1411/47/73
f 1435/244/32 1434/237/32 1402/246/32
f 1428/234/32 1434/237/32 1435/244/32
f 1402/246/84 1434/237/84 1411/47/84
f 1415/242/81 1413/243/81 1435/244/81
f 1413/243/82 1428/234/82 1435/244/82
f 1435/244/32 1402/246/32 1436/247/32
f 1415/242/81 1435/244/81 1436/247/81
f 1399/260/101 1415/242/101 1436/247/101
f 1398/248/32 1436/247/32 1402/246/32
f 1399/260/101 1436/247/101 1398/248/101
f 1423/230/71 1437/219/71 1431/221/71
f 1437/219/61 1439/216/61 1431/221/61
f 1431/221/32 1438/220/32 1430/223/32
f 1431/221/32 1440/222/32 1438/220/32
f 1431/221/32 1439/216/32 1440/222/32
f 1439/216/32 1442/206/32 1440/222/32
f 1440/222/63 1443/39/63 1438/220/63
f 1440/222/63 1441/38/63 1443/39/63
f 1442/206/102 1441/38/102 1440/222/102
f 1430/223/62 1443/39/62 1444/41/62
f 1443/39/64 1421/224/64 1444/41/64
f 1443/39/64 1445/225/64 1421/224/64
f 1441/38/65 1445/225/65 1443/39/65
f 1430/223/62 1438/220/62 1443/39/62
f 1421/224/29 1445/225/29 1424/228/29
f 1446/359/29 1424/228/29 1445/225/29
f 1441/38/65 1446/359/65 1445/225/65
f 1441/38/98 1448/360/98 1446/359/98
f 1446/359/29 1447/214/29 1424/228/29
f 1448/360/29 1447/214/29 1446/359/29
f 1441/38/98 1449/36/98 1448/360/98
f 1452/34/52 1448/360/52 1449/36/52
f 1448/360/29 1450/215/29 1447/214/29
f 1451/204/29 1450/215/29 1448/360/29
f 1452/34/52 1451/204/52 1448/360/52
f 1453/203/51 1452/34/51 1449/36/51
f 1452/34/50 1454/188/50 1451/204/50
f 1326/202/49 1452/34/49 1453/203/49
f 1326/202/49 1328/30/49 1452/34/49
f 1452/34/50 1328/30/50 1454/188/50
f 1328/30/41 1323/182/41 1454/188/41
f 1454/188/29 1456/212/29 1451/204/29
f 1454/188/29 1455/189/29 1456/212/29
f 1323/182/29 1455/189/29 1454/188/29
f 1451/204/29 1456/212/29 1450/215/29
f 1456/212/56 1458/72/56 1450/215/56
f 1456/212/56 1457/35/56 1458/72/56
f 1455/189/57 1457/35/57 1456/212/57
f 1447/214/59 1450/215/59 1458/72/59
f 1458/213/60 1439/216/60 1459/217/60
f 1447/214/59 1458/72/59 1459/37/59
f 1458/213/60 1460/218/60 1439/216/60
f 1457/208/58 1460/218/58 1458/213/58
f 1439/216/32 1460/218/32 1442/206/32
f 1460/218/32 1453/203/32 1442/206/32
f 1460/218/32 1461/205/32 1453/203/32
f 1457/208/58 1461/205/58 1460/218/58
f 1457/208/53 1327/207/53 1461/205/53
f 1461/205/32 1326/202/32 1453/203/32
f 1461/205/32 1327/207/32 1326/202/32
f 1447/214/68 1459/37/68 1437/40/68
f 1437/219/61 1459/217/61 1439/216/61
f 1457/208/53 1462/209/53 1327/207/53
f 1455/189/57 1462/33/57 1457/35/57
f 1464/190/55 1462/33/55 1455/189/55
f 1462/209/54 1325/200/54 1327/207/54
f 1462/209/54 1463/210/54 1325/200/54
f 1464/190/55 1463/211/55 1462/33/55
f 1323/182/29 1464/190/29 1455/189/29
f 1323/182/29 1465/191/29 1464/190/29
f 1465/191/43 1463/211/43 1464/190/43
f 1323/182/29 1318/181/29 1465/191/29
f 1466/183/29 1465/191/29 1318/181/29
f 1466/183/29 1333/192/29 1465/191/29
f 1333/192/42 1330/194/42 1465/191/42
f 1465/191/43 1330/194/43 1463/211/43
f 1319/185/38 1466/183/38 1318/181/38
f 1468/27/97 1466/183/97 1319/185/97
f 1466/183/29 1335/353/29 1333/192/29
f 1466/183/29 1467/354/29 1335/353/29
f 1468/27/97 1467/354/97 1466/183/97
f 1322/184/94 1468/27/94 1319/185/94
f 1469/26/91 1467/354/91 1468/27/91
f 1322/184/94 1337/356/94 1468/27/94
f 1337/356/92 1469/26/92 1468/27/92
f 1469/26/91 1470/352/91 1467/354/91
f 1472/24/89 1470/352/89 1469/26/89
f 1337/356/92 1471/350/92 1469/26/92
f 1471/350/93 1472/24/93 1469/26/93
f 1472/24/89 1473/339/89 1470/352/89
f 1475/22/90 1473/339/90 1472/24/90
f 1471/350/93 1474/351/93 1472/24/93
f 1476/334/101 1472/24/101 1474/351/101
f 1476/334/101 1475/22/101 1472/24/101
f 1346/333/32 1476/334/32 1474/351/32
f 1349/327/32 1476/334/32 1346/333/32
f 1477/330/81 1475/22/81 1476/334/81
f 1349/327/32 1477/330/32 1476/334/32
f 1349/327/32 1479/790/32 1477/330/32
f 1477/330/81 1478/20/81 1475/22/81
f 1479/790/82 1478/20/82 1477/330/82
f 1349/327/32 1352/785/32 1479/790/32
f 1352/785/32 1481/791/32 1479/790/32
f 1479/790/82 1480/18/82 1478/20/82
f 1481/791/72 1480/18/72 1479/790/72
f 1352/785/32 1482/792/32 1481/791/32
f 1482/792/32 1483/793/32 1481/791/32
f 1481/791/72 1360/16/72 1480/18/72
f 1483/793/70 1360/16/70 1481/791/70
f 1482/792/32 1484/794/32 1483/793/32
f 1484/794/32 1362/311/32 1483/793/32
f 1483/793/70 1358/14/70 1360/16/70
f 1362/311/71 1358/14/71 1483/793/71
f 1485/795/76 1484/794/76 1482/792/76
f 1487/305/62 1484/794/62 1485/795/62
f 1484/794/32 1486/308/32 1362/311/32
f 1487/305/62 1486/308/62 1484/794/62
f 1356/789/64 1488/301/64 1487/13/64
f 1488/301/65 1489/10/65 1487/13/65
f 1356/789/64 1487/13/64 1485/15/64
f 1489/309/63 1486/308/63 1487/305/63
f 1488/301/65 1490/299/65 1489/10/65
f 1493/289/98 1489/10/98 1490/299/98
f 1489/309/63 1491/357/63 1486/308/63
f 1489/309/102 1494/291/102 1491/357/102
f 1489/309/102 1492/292/102 1494/291/102
f 1493/289/98 1492/68/98 1489/10/98
f 1496/290/51 1494/291/51 1492/292/51
f 1494/291/32 1365/314/32 1491/357/32
f 1494/291/32 1368/297/32 1365/314/32
f 1495/293/32 1368/297/32 1494/291/32
f 1496/290/51 1495/293/51 1494/291/51
f 1497/288/52 1496/8/52 1492/68/52
f 1499/287/50 1496/8/50 1497/288/50
f 1498/295/49 1495/293/49 1496/290/49
f 1499/287/50 1498/6/50 1496/8/50
f 1370/286/29 1500/285/29 1499/287/29
f 1500/285/29 1501/273/29 1499/287/29
f 1370/286/29 1499/287/29 1497/288/29
f 1501/273/41 1498/6/41 1499/287/41
f 1500/285/29 1502/270/29 1501/273/29
f 1502/270/29 1380/272/29 1501/273/29
f 1501/273/41 1377/4/41 1498/6/41
f 1380/272/37 1377/4/37 1501/273/37
f 1503/2/55 1502/270/55 1500/285/55
f 1389/3/43 1502/270/43 1503/2/43
f 1502/270/29 1391/271/29 1380/272/29
f 1389/3/43 1391/271/43 1502/270/43
f 1375/281/54 1503/2/54 1372/5/54
f 1503/2/55 1500/285/55 1372/5/55
f 1504/282/47 1503/2/47 1375/281/47
f 1504/282/47 1389/3/47 1503/2/47
f 1378/279/32 1504/282/32 1375/281/32
f 1378/276/32 1390/263/32 1504/283/32
f 1390/263/45 1389/64/45 1504/283/45
f 1372/5/57 1500/285/57 1370/286/57
f 1498/295/49 1374/294/49 1495/293/49
f 1377/358/48 1374/294/48 1498/295/48
f 1367/298/29 1370/286/29 1497/288/29
f 1497/288/52 1492/68/52 1493/289/52
f 1367/298/29 1497/288/29 1493/289/29
f 1495/293/32 1371/296/32 1368/297/32
f 1374/294/32 1371/296/32 1495/293/32
f 1364/300/29 1367/298/29 1493/289/29
f 1364/300/29 1493/289/29 1490/299/29
f 1486/308/32 1491/357/32 1365/314/32
f 1364/300/29 1490/299/29 1488/301/29
f 1359/318/29 1488/301/29 1356/789/29
f 1364/300/29 1488/301/29 1359/318/29
f 1486/308/32 1365/314/32 1362/311/32
f 1356/789/66 1485/15/66 1353/17/66
f 1485/795/76 1482/792/76 1353/786/76
f 1353/786/74 1482/792/74 1352/785/74
f 1480/18/78 1506/321/78 1478/20/78
f 1480/18/78 1505/796/78 1506/321/78
f 1480/18/79 1355/787/79 1505/796/79
f 1480/18/79 1360/16/79 1355/787/79
f 1478/20/80 1506/321/80 1507/338/80
f 1507/338/29 1506/321/29 1348/324/29
f 1505/796/29 1348/324/29 1506/321/29
f 1475/22/90 1507/338/90 1473/339/90
f 1478/20/80 1507/338/80 1475/22/80
f 1473/339/29 1507/338/29 1345/340/29
f 1507/338/29 1348/324/29 1345/340/29
f 1505/796/29 1351/783/29 1348/324/29
f 1355/787/29 1351/783/29 1505/796/29
f 1343/348/32 1474/351/32 1471/350/32
f 1346/333/32 1474/351/32 1343/348/32
f 1470/352/29 1473/339/29 1342/341/29
f 1473/339/29 1345/340/29 1342/341/29
f 1338/346/32 1471/350/32 1337/356/32
f 1343/348/32 1471/350/32 1338/346/32
f 1467/354/29 1470/352/29 1340/355/29
f 1470/352/29 1342/341/29 1340/355/29
f 1467/354/29 1340/355/29 1335/353/29
f 1330/197/47 1325/200/47 1463/210/47
f 1453/203/51 1449/36/51 1442/206/51
f 1442/206/102 1449/36/102 1441/38/102
f 1447/214/68 1437/40/68 1424/228/68
f 1430/223/76 1444/41/76 1419/43/76
f 1419/43/66 1444/41/66 1421/224/66
f 1424/228/67 1437/40/67 1423/42/67
f 1413/243/82 1426/245/82 1428/234/82
f 1414/240/78 1426/46/78 1413/48/78
f 1420/229/79 1426/46/79 1414/240/79
f 1417/45/77 1410/239/77 1411/47/77
f 1409/253/90 1415/50/90 1399/73/90
f 1402/246/84 1411/47/84 1408/49/84
f 1409/253/90 1399/73/90 1405/252/90
f 1402/246/83 1408/49/83 1401/51/83
f 1405/252/89 1399/73/89 1397/52/89
f 1397/256/92 1393/257/92 1508/258/92
f 1384/274/91 1397/52/91 1508/61/91
f 1384/274/97 1508/61/97 1381/63/97
f 1381/275/94 1508/258/94 1393/257/94
f 1381/275/39 1395/261/39 1378/276/39
f 1381/275/94 1393/257/94 1395/261/94
f 1378/276/32 1395/261/32 1390/263/32
f 1383/265/29 1380/267/29 1391/268/29
f 1328/30/41 1321/187/41 1323/182/41
f 1573/180/37 1574/181/37 1580/182/37
f 1573/180/38 1578/183/38 1574/181/38
f 1579/184/39 1575/185/39 1573/180/39
f 1573/180/38 1575/185/38 1578/183/38
f 1581/201/40 1576/186/40 1573/180/40
f 1579/184/39 1573/180/39 1576/186/39
f 1581/201/40 1573/180/40 1577/187/40
f 1573/180/37 1580/182/37 1577/187/37
f 1584/207/32 1582/200/32 1581/201/32
f 1585/196/32 1581/201/32 1582/200/32
f 1583/202/48 1581/201/48 1577/187/48
f 1584/207/32 1581/201/32 1583/202/32
f 1585/196/32 1576/186/32 1581/201/32
f 1586/197/47 1585/196/47 1582/200/47
f 1588/195/45 1585/196/45 1586/197/45
f 1588/195/45 1587/198/45 1585/196/45
f 1587/198/32 1576/186/32 1585/196/32
f 1591/191/42 1589/192/42 1588/193/42
f 1589/192/44 1590/70/44 1588/193/44
f 1591/191/42 1588/193/42 1586/194/42
f 1590/199/46 1587/198/46 1588/195/46
f 1580/182/29 1574/181/29 1591/191/29
f 1574/181/29 1589/192/29 1591/191/29
f 1592/190/43 1591/191/43 1586/194/43
f 1580/182/29 1591/191/29 1592/190/29
f 1580/182/29 1592/190/29 1593/189/29
f 1593/189/55 1592/190/55 1594/211/55
f 1592/190/43 1586/194/43 1594/211/43
f 1594/210/54 1584/207/54 1595/209/54
f 1593/189/55 1594/211/55 1595/33/55
f 1594/210/54 1582/200/54 1584/207/54
f 1586/197/47 1582/200/47 1594/210/47
f 1597/212/57 1593/189/57 1595/33/57
f 1595/209/53 1598/205/53 1596/208/53
f 1597/212/57 1595/33/57 1596/35/57
f 1595/209/53 1584/207/53 1598/205/53
f 1601/213/58 1596/208/58 1598/205/58
f 1599/218/32 1598/205/32 1600/203/32
f 1601/213/58 1598/205/58 1599/218/58
f 1598/205/32 1583/202/32 1600/203/32
f 1598/205/32 1584/207/32 1583/202/32
f 1602/215/59 1601/72/59 1603/37/59
f 1597/212/56 1601/72/56 1602/215/56
f 1603/217/60 1601/213/60 1599/218/60
f 1597/212/56 1596/35/56 1601/72/56
f 1604/214/68 1603/37/68 1605/40/68
f 1602/215/59 1603/37/59 1604/214/59
f 1605/219/61 1603/217/61 1606/216/61
f 1603/217/60 1599/218/60 1606/216/60
f 1607/221/32 1606/216/32 1608/222/32
f 1605/219/61 1606/216/61 1607/221/61
f 1599/218/32 1608/222/32 1606/216/32
f 1609/220/63 1608/222/63 1610/38/63
f 1607/221/32 1608/222/32 1609/220/32
f 1608/222/102 1612/36/102 1610/38/102
f 1608/222/102 1611/206/102 1612/36/102
f 1599/218/32 1611/206/32 1608/222/32
f 1612/36/98 1615/359/98 1610/38/98
f 1612/36/98 1613/360/98 1615/359/98
f 1614/34/52 1613/360/52 1612/36/52
f 1611/206/51 1614/34/51 1612/36/51
f 1610/38/65 1615/359/65 1616/225/65
f 1615/359/29 1617/228/29 1616/225/29
f 1615/359/29 1604/214/29 1617/228/29
f 1613/360/29 1604/214/29 1615/359/29
f 1616/225/29 1617/228/29 1618/227/29
f 1617/228/67 1619/42/67 1618/227/67
f 1617/228/67 1605/40/67 1619/42/67
f 1604/214/68 1605/40/68 1617/228/68
f 1618/227/69 1619/42/69 1620/44/69
f 1620/232/70 1619/230/70 1621/233/70
f 1619/230/71 1607/221/71 1621/233/71
f 1619/230/71 1605/219/71 1607/221/71
f 1621/233/32 1624/236/32 1622/231/32
f 1620/232/70 1621/233/70 1622/231/70
f 1621/233/32 1623/223/32 1624/236/32
f 1621/233/32 1609/220/32 1623/223/32
f 1621/233/32 1607/221/32 1609/220/32
f 1622/231/32 1624/236/32 1625/235/32
f 1624/236/74 1627/45/74 1625/235/74
f 1624/236/74 1626/43/74 1627/45/74
f 1623/223/76 1626/43/76 1624/236/76
f 1631/237/73 1627/45/73 1628/47/73
f 1627/45/77 1630/239/77 1628/47/77
f 1627/45/77 1629/238/77 1630/239/77
f 1627/45/75 1632/226/75 1629/238/75
f 1631/237/73 1625/235/73 1627/45/73
f 1627/45/75 1626/43/75 1632/226/75
f 1626/43/66 1634/224/66 1632/226/66
f 1629/238/29 1632/226/29 1633/229/29
f 1632/226/29 1618/227/29 1633/229/29
f 1632/226/29 1634/224/29 1618/227/29
f 1626/43/66 1635/41/66 1634/224/66
f 1636/39/64 1634/224/64 1635/41/64
f 1616/225/29 1618/227/29 1634/224/29
f 1636/39/64 1616/225/64 1634/224/64
f 1623/223/62 1636/39/62 1635/41/62
f 1610/38/65 1616/225/65 1636/39/65
f 1623/223/62 1609/220/62 1636/39/62
f 1609/220/63 1610/38/63 1636/39/63
f 1623/223/76 1635/41/76 1626/43/76
f 1633/229/79 1638/46/79 1637/240/79
f 1629/238/29 1633/229/29 1637/240/29
f 1633/229/79 1620/44/79 1638/46/79
f 1618/227/69 1620/44/69 1633/229/69
f 1637/240/78 1638/46/78 1639/48/78
f 1639/243/82 1638/245/82 1640/234/82
f 1620/232/72 1640/234/72 1638/245/72
f 1640/234/32 1631/237/32 1641/244/32
f 1639/243/82 1640/234/82 1641/244/82
f 1640/234/32 1625/235/32 1631/237/32
f 1622/231/32 1625/235/32 1640/234/32
f 1620/232/72 1622/231/72 1640/234/72
f 1643/242/81 1639/243/81 1641/244/81
f 1641/244/32 1644/246/32 1642/247/32
f 1643/242/81 1641/244/81 1642/247/81
f 1641/244/32 1631/237/32 1644/246/32
f 1642/247/32 1644/246/32 1645/249/32
f 1645/249/83 1644/246/83 1646/49/83
f 1644/246/84 1628/47/84 1646/49/84
f 1644/246/84 1631/237/84 1628/47/84
f 1645/249/83 1646/49/83 1647/51/83
f 1646/49/87 1649/250/87 1647/51/87
f 1646/49/87 1648/251/87 1649/250/87
f 1628/47/88 1648/251/88 1646/49/88
f 1647/51/86 1649/250/86 1650/254/86
f 1649/250/29 1652/255/29 1650/254/29
f 1649/250/29 1651/252/29 1652/255/29
f 1649/250/29 1653/253/29 1651/252/29
f 1649/250/29 1648/251/29 1653/253/29
f 1648/251/29 1654/241/29 1653/253/29
f 1653/253/90 1655/73/90 1651/252/90
f 1653/253/90 1643/50/90 1655/73/90
f 1654/241/80 1643/50/80 1653/253/80
f 1651/252/89 1655/73/89 1656/52/89
f 1656/256/93 1655/260/93 1657/248/93
f 1655/260/101 1642/247/101 1657/248/101
f 1655/260/101 1643/242/101 1642/247/101
f 1658/259/32 1657/248/32 1645/249/32
f 1656/256/93 1657/248/93 1658/259/93
f 1642/247/32 1645/249/32 1657/248/32
f 1656/256/92 1658/259/92 1659/257/92
f 1659/257/32 1658/259/32 1660/264/32
f 1658/259/32 1645/249/32 1660/264/32
f 1660/264/95 1663/54/95 1661/262/95
f 1659/257/32 1660/264/32 1661/262/32
f 1660/264/95 1662/53/95 1663/54/95
f 1660/264/85 1647/51/85 1662/53/85
f 1660/264/85 1645/249/85 1647/51/85
f 1661/262/46 1663/54/46 1664/62/46
f 1663/54/44 1666/265/44 1664/62/44
f 1663/54/44 1665/266/44 1666/265/44
f 1663/54/96 1650/254/96 1665/266/96
f 1663/54/96 1662/53/96 1650/254/96
f 1664/62/42 1666/265/42 1667/268/42
f 1667/268/29 1666/265/29 1668/269/29
f 1665/266/29 1668/269/29 1666/265/29
f 1668/269/38 1672/115/38 1669/267/38
f 1667/268/29 1668/269/29 1669/267/29
f 1668/269/38 1670/63/38 1672/115/38
f 1671/274/97 1670/63/97 1668/269/97
f 1665/266/29 1671/274/29 1668/269/29
f 1669/272/37 1672/1/37 1673/4/37
f 1672/278/40 1675/280/40 1673/358/40
f 1672/278/40 1674/279/40 1675/280/40
f 1670/275/39 1674/276/39 1672/277/39
f 1678/295/48 1673/358/48 1675/280/48
f 1675/280/32 1679/284/32 1676/294/32
f 1678/295/48 1675/280/48 1676/294/48
f 1675/280/32 1677/281/32 1679/284/32
f 1674/279/32 1677/281/32 1675/280/32
f 1676/294/32 1679/284/32 1680/296/32
f 1679/284/53 1682/7/53 1680/296/53
f 1679/284/53 1681/5/53 1682/7/53
f 1677/281/54 1681/5/54 1679/284/54
f 1680/296/58 1682/7/58 1683/9/58
f 1683/9/56 1682/7/56 1684/286/56
f 1681/5/57 1684/286/57 1682/7/57
f 1685/298/29 1684/286/29 1686/288/29
f 1683/9/56 1684/286/56 1685/298/56
f 1684/286/29 1688/287/29 1686/288/29
f 1684/286/29 1687/285/29 1688/287/29
f 1681/5/57 1687/285/57 1684/286/57
f 1687/285/29 1689/273/29 1688/287/29
f 1688/287/50 1690/8/50 1686/288/50
f 1688/287/50 1678/6/50 1690/8/50
f 1689/273/41 1678/6/41 1688/287/41
f 1693/289/52 1686/288/52 1690/8/52
f 1690/290/51 1694/291/51 1691/292/51
f 1693/289/52 1690/8/52 1691/68/52
f 1690/290/51 1692/293/51 1694/291/51
f 1690/290/49 1676/294/49 1692/293/49
f 1690/290/49 1678/295/49 1676/294/49
f 1691/292/102 1694/291/102 1695/357/102
f 1695/357/32 1694/291/32 1696/297/32
f 1692/293/32 1696/297/32 1694/291/32
f 1696/297/60 1698/11/60 1697/314/60
f 1695/357/32 1696/297/32 1697/314/32
f 1696/297/60 1683/9/60 1698/11/60
f 1680/296/58 1683/9/58 1696/297/58
f 1692/293/32 1680/296/32 1696/297/32
f 1697/314/61 1698/11/61 1699/12/61
f 1699/12/68 1698/11/68 1700/300/68
f 1698/11/59 1685/298/59 1700/300/59
f 1698/11/59 1683/9/59 1685/298/59
f 1700/300/29 1703/301/29 1701/318/29
f 1699/12/68 1700/300/68 1701/318/68
f 1700/300/29 1702/299/29 1703/301/29
f 1685/298/29 1702/299/29 1700/300/29
f 1701/318/29 1703/301/29 1704/789/29
f 1704/789/64 1703/301/64 1705/13/64
f 1703/301/65 1706/10/65 1705/13/65
f 1703/301/65 1702/299/65 1706/10/65
f 1702/299/98 1691/68/98 1706/10/98
f 1706/309/63 1707/308/63 1705/305/63
f 1706/309/63 1695/357/63 1707/308/63
f 1691/292/102 1695/357/102 1706/309/102
f 1705/305/62 1707/308/62 1708/794/62
f 1708/794/32 1707/308/32 1709/311/32
f 1707/308/32 1697/314/32 1709/311/32
f 1707/308/32 1695/357/32 1697/314/32
f 1709/311/71 1711/14/71 1710/793/71
f 1708/794/32 1709/311/32 1710/793/32
f 1709/311/71 1699/12/71 1711/14/71
f 1697/314/61 1699/12/61 1709/311/61
f 1710/793/70 1711/14/70 1712/16/70
f 1712/16/69 1711/14/69 1713/788/69
f 1711/14/67 1701/318/67 1713/788/67
f 1711/14/67 1699/12/67 1701/318/67
f 1714/787/29 1713/788/29 1704/789/29
f 1712/16/69 1713/788/69 1714/787/69
f 1701/318/29 1704/789/29 1713/788/29
f 1712/16/79 1714/787/79 1715/796/79
f 1715/796/29 1714/787/29 1716/784/29
f 1714/787/29 1704/789/29 1716/784/29
f 1716/784/75 1719/19/75 1717/783/75
f 1715/796/29 1716/784/29 1717/783/29
f 1716/784/75 1718/17/75 1719/19/75
f 1704/789/66 1718/17/66 1716/784/66
f 1717/783/77 1719/19/77 1720/21/77
f 1720/343/73 1719/782/73 1721/785/73
f 1718/786/74 1721/785/74 1719/782/74
f 1721/785/32 1725/330/32 1722/327/32
f 1720/343/73 1721/785/73 1722/327/73
f 1721/785/32 1723/790/32 1725/330/32
f 1724/792/32 1723/790/32 1721/785/32
f 1718/786/74 1724/792/74 1721/785/74
f 1722/327/32 1725/330/32 1726/334/32
f 1725/330/81 1728/22/81 1726/334/81
f 1725/330/81 1727/20/81 1728/22/81
f 1723/790/82 1727/20/82 1725/330/82
f 1732/351/101 1728/22/101 1729/24/101
f 1728/22/90 1731/339/90 1729/24/90
f 1728/22/90 1730/338/90 1731/339/90
f 1728/22/80 1733/321/80 1730/338/80
f 1732/351/101 1726/334/101 1728/22/101
f 1728/22/80 1727/20/80 1733/321/80
f 1727/20/78 1715/796/78 1733/321/78
f 1730/338/29 1733/321/29 1734/324/29
f 1733/321/29 1717/783/29 1734/324/29
f 1733/321/29 1715/796/29 1717/783/29
f 1735/340/88 1734/324/88 1720/21/88
f 1730/338/29 1734/324/29 1735/340/29
f 1717/783/77 1720/21/77 1734/324/77
f 1731/339/29 1730/338/29 1735/340/29
f 1735/340/87 1738/69/87 1736/341/87
f 1731/339/29 1735/340/29 1736/341/29
f 1735/340/87 1737/23/87 1738/69/87
f 1735/340/88 1720/21/88 1737/23/88
f 1736/341/86 1738/69/86 1739/25/86
f 1739/347/85 1738/345/85 1740/348/85
f 1738/345/83 1741/333/83 1740/348/83
f 1738/345/83 1737/344/83 1741/333/83
f 1720/343/84 1741/333/84 1737/344/84
f 1741/333/32 1732/351/32 1740/348/32
f 1741/333/32 1726/334/32 1732/351/32
f 1722/327/32 1726/334/32 1741/333/32
f 1720/343/84 1722/327/84 1741/333/84
f 1740/348/32 1743/350/32 1742/346/32
f 1739/347/85 1740/348/85 1742/346/85
f 1740/348/32 1732/351/32 1743/350/32
f 1742/346/32 1743/350/32 1744/356/32
f 1744/356/92 1743/350/92 1745/26/92
f 1743/350/93 1729/24/93 1745/26/93
f 1743/350/93 1732/351/93 1729/24/93
f 1744/356/92 1745/26/92 1746/27/92
f 1745/26/91 1748/354/91 1746/27/91
f 1745/26/91 1747/352/91 1748/354/91
f 1729/24/89 1747/352/89 1745/26/89
f 1746/27/97 1748/354/97 1578/183/97
f 1748/354/29 1589/192/29 1578/183/29
f 1748/354/29 1749/353/29 1589/192/29
f 1748/354/29 1750/355/29 1749/353/29
f 1748/354/29 1747/352/29 1750/355/29
f 1747/352/29 1736/341/29 1750/355/29
f 1749/353/96 1750/355/96 1739/25/96
f 1736/341/86 1739/25/86 1750/355/86
f 1589/192/44 1749/353/44 1590/70/44
f 1749/353/96 1739/25/96 1590/70/96
f 1747/352/29 1731/339/29 1736/341/29
f 1729/24/89 1731/339/89 1747/352/89
f 1579/184/94 1746/27/94 1575/185/94
f 1746/27/97 1578/183/97 1575/185/97
f 1579/184/94 1744/356/94 1746/27/94
f 1587/198/32 1751/349/32 1744/356/32
f 1742/346/32 1744/356/32 1751/349/32
f 1587/198/32 1744/356/32 1579/184/32
f 1590/199/46 1751/349/46 1587/198/46
f 1739/347/95 1751/349/95 1590/199/95
f 1739/347/95 1742/346/95 1751/349/95
f 1723/790/82 1752/18/82 1727/20/82
f 1727/20/78 1752/18/78 1715/796/78
f 1712/16/79 1715/796/79 1752/18/79
f 1723/790/72 1712/16/72 1752/18/72
f 1754/795/76 1724/792/76 1718/786/76
f 1724/792/32 1753/791/32 1723/790/32
f 1708/794/32 1753/791/32 1724/792/32
f 1754/795/76 1708/794/76 1724/792/76
f 1704/789/66 1754/15/66 1718/17/66
f 1704/789/64 1705/13/64 1754/15/64
f 1705/305/62 1708/794/62 1754/795/62
f 1723/790/72 1753/791/72 1712/16/72
f 1710/793/70 1712/16/70 1753/791/70
f 1708/794/32 1710/793/32 1753/791/32
f 1702/299/98 1693/289/98 1691/68/98
f 1685/298/29 1693/289/29 1702/299/29
f 1685/298/29 1686/288/29 1693/289/29
f 1676/294/32 1680/296/32 1692/293/32
f 1687/285/29 1755/270/29 1689/273/29
f 1755/270/29 1669/272/29 1689/273/29
f 1689/273/41 1673/4/41 1678/6/41
f 1669/272/37 1673/4/37 1689/273/37
f 1681/5/55 1756/2/55 1755/270/55
f 1756/2/43 1667/271/43 1755/270/43
f 1681/5/55 1755/270/55 1687/285/55
f 1755/270/29 1667/271/29 1669/272/29
f 1677/281/54 1756/2/54 1681/5/54
f 1758/282/47 1756/2/47 1677/281/47
f 1758/282/47 1757/3/47 1756/2/47
f 1756/2/43 1757/3/43 1667/271/43
f 1674/279/32 1758/282/32 1677/281/32
f 1760/261/32 1758/283/32 1674/276/32
f 1758/283/45 1664/62/45 1757/64/45
f 1758/283/45 1759/263/45 1664/62/45
f 1760/261/32 1759/263/32 1758/283/32
f 1670/275/39 1760/261/39 1674/276/39
f 1761/258/94 1760/261/94 1670/275/94
f 1760/261/32 1661/262/32 1759/263/32
f 1760/261/32 1659/257/32 1661/262/32
f 1761/258/94 1659/257/94 1760/261/94
f 1671/274/97 1761/61/97 1670/63/97
f 1671/274/91 1656/52/91 1761/61/91
f 1656/256/92 1659/257/92 1761/258/92
f 1661/262/46 1664/62/46 1759/263/46
f 1664/62/42 1667/268/42 1757/64/42
f 1650/254/29 1671/274/29 1665/266/29
f 1671/274/91 1652/255/91 1656/52/91
f 1650/254/29 1652/255/29 1671/274/29
f 1647/51/86 1650/254/86 1662/53/86
f 1651/252/89 1656/52/89 1652/255/89
f 1648/251/29 1630/239/29 1654/241/29
f 1630/239/29 1637/240/29 1654/241/29
f 1654/241/80 1639/48/80 1643/50/80
f 1637/240/78 1639/48/78 1654/241/78
f 1628/47/88 1630/239/88 1648/251/88
f 1630/239/29 1629/238/29 1637/240/29
f 1614/34/52 1762/204/52 1613/360/52
f 1614/34/50 1764/188/50 1762/204/50
f 1611/206/51 1600/203/51 1614/34/51
f 1583/202/49 1614/34/49 1600/203/49
f 1583/202/49 1763/30/49 1614/34/49
f 1614/34/50 1763/30/50 1764/188/50
f 1577/187/41 1764/188/41 1763/30/41
f 1764/188/29 1597/212/29 1762/204/29
f 1764/188/29 1593/189/29 1597/212/29
f 1580/182/29 1593/189/29 1764/188/29
f 1577/187/41 1580/182/41 1764/188/41
f 1583/202/48 1577/187/48 1763/30/48
f 1762/204/29 1602/215/29 1613/360/29
f 1762/204/29 1597/212/29 1602/215/29
f 1613/360/29 1602/215/29 1604/214/29
f 1599/218/32 1600/203/32 1611/206/32
f 1574/181/29 1578/183/29 1589/192/29
f 1587/198/32 1579/184/32 1576/186/32
f 1829/180/37 1830/181/37 1834/182/37
f 1831/185/38 1830/181/38 1829/180/38
f 1832/186/39 1831/185/39 1829/180/39
f 1835/201/40 1832/186/40 1829/180/40
f 1835/201/40 1829/180/40 1833/187/40
f 1829/180/37 1834/182/37 1833/187/37
f 1836/200/32 1835/201/32 1837/202/32
f 1838/196/32 1835/201/32 1836/200/32
f 1837/202/48 1835/201/48 1833/187/48
f 1838/196/32 1832/186/32 1835/201/32
f 1839/197/47 1838/196/47 1836/200/47
f 1841/195/45 1838/196/45 1839/197/45
f 1841/195/45 1840/198/45 1838/196/45
f 1840/198/32 1832/186/32 1838/196/32
f 1842/192/42 1841/193/42 1839/194/42
f 1842/192/44 1843/70/44 1841/193/44
f 1843/199/46 1840/198/46 1841/195/46
f 1842/192/44 1844/353/44 1843/70/44
f 1844/353/96 1846/25/96 1843/70/96
f 1843/199/46 1845/349/46 1840/198/46
f 1846/347/95 1845/349/95 1843/199/95
f 1844/353/96 1847/355/96 1846/25/96
f 1850/341/86 1846/25/86 1847/355/86
f 1846/347/95 1848/346/95 1845/349/95
f 1849/345/85 1848/346/85 1846/347/85
f 1850/341/86 1849/69/86 1846/25/86
f 1853/352/29 1851/339/29 1850/341/29
f 1851/339/29 1852/340/29 1850/341/29
f 1853/352/29 1850/341/29 1847/355/29
f 1852/340/87 1849/69/87 1850/341/87
f 1854/26/91 1853/352/91 1855/354/91
f 1856/24/89 1853/352/89 1854/26/89
f 1855/354/29 1853/352/29 1847/355/29
f 1856/24/89 1851/339/89 1853/352/89
f 1859/350/93 1856/24/93 1854/26/93
f 1858/22/90 1851/339/90 1856/24/90
f 1859/350/93 1857/351/93 1856/24/93
f 1857/351/101 1858/22/101 1856/24/101
f 1848/346/32 1859/350/32 1860/356/32
f 1861/348/32 1859/350/32 1848/346/32
f 1860/356/92 1859/350/92 1854/26/92
f 1861/348/32 1857/351/32 1859/350/32
f 1849/345/85 1861/348/85 1848/346/85
f 1863/344/83 1861/348/83 1849/345/83
f 1862/333/32 1857/351/32 1861/348/32
f 1863/344/83 1862/333/83 1861/348/83
f 1852/340/87 1863/23/87 1849/69/87
f 1852/340/88 1864/21/88 1863/23/88
f 1864/343/84 1862/333/84 1863/344/84
f 1852/340/88 1865/324/88 1864/21/88
f 1865/324/77 1867/19/77 1864/21/77
f 1864/343/84 1866/327/84 1862/333/84
f 1867/782/73 1866/327/73 1864/343/73
f 1865/324/77 1868/783/77 1867/19/77
f 1868/783/75 1870/17/75 1867/19/75
f 1867/782/73 1869/785/73 1866/327/73
f 1870/786/74 1869/785/74 1867/782/74
f 1868/783/75 1871/784/75 1870/17/75
f 1871/784/66 1873/15/66 1870/17/66
f 1870/786/74 1872/792/74 1869/785/74
f 1873/795/76 1872/792/76 1870/786/76
f 1871/784/66 1874/789/66 1873/15/66
f 1874/789/64 1876/13/64 1873/15/64
f 1873/795/76 1875/794/76 1872/792/76
f 1876/305/62 1875/794/62 1873/795/62
f 1874/789/64 1877/301/64 1876/13/64
f 1877/301/65 1879/10/65 1876/13/65
f 1876/305/62 1878/308/62 1875/794/62
f 1879/309/63 1878/308/63 1876/305/63
f 1877/301/65 1880/299/65 1879/10/65
f 1880/299/98 1882/68/98 1879/10/98
f 1879/309/63 1881/357/63 1878/308/63
f 1882/292/102 1881/357/102 1879/309/102
f 1880/299/98 1883/289/98 1882/68/98
f 1883/289/52 1885/8/52 1882/68/52
f 1882/292/102 1884/291/102 1881/357/102
f 1885/290/51 1884/291/51 1882/292/51
f 1883/289/52 1886/288/52 1885/8/52
f 1886/288/50 1888/6/50 1885/8/50
f 1885/290/51 1887/293/51 1884/291/51
f 1888/295/49 1887/293/49 1885/290/49
f 1886/288/50 1889/287/50 1888/6/50
f 1892/273/41 1888/6/41 1889/287/41
f 1888/295/49 1890/294/49 1887/293/49
f 1888/295/48 1893/280/48 1890/294/48
f 1888/295/48 1891/358/48 1893/280/48
f 1892/273/41 1891/4/41 1888/6/41
f 1897/278/40 1893/280/40 1891/358/40
f 1893/280/32 1896/284/32 1890/294/32
f 1893/280/32 1894/281/32 1896/284/32
f 1893/280/32 1898/282/32 1894/281/32
f 1893/280/32 1895/279/32 1898/282/32
f 1897/278/40 1895/279/40 1893/280/40
f 1902/261/32 1898/283/32 1895/276/32
f 1898/282/47 1901/2/47 1894/281/47
f 1898/282/47 1899/3/47 1901/2/47
f 1898/283/45 1903/62/45 1899/64/45
f 1898/283/45 1900/263/45 1903/62/45
f 1902/261/32 1900/263/32 1898/283/32
f 1903/62/42 1906/268/42 1899/64/42
f 1903/62/42 1904/265/42 1906/268/42
f 1905/54/44 1904/265/44 1903/62/44
f 1900/263/46 1905/54/46 1903/62/46
f 1901/2/43 1899/3/43 1906/271/43
f 1906/271/29 1892/273/29 1907/270/29
f 1901/2/43 1906/271/43 1907/270/43
f 1906/271/29 1908/272/29 1892/273/29
f 1906/268/29 1909/269/29 1908/267/29
f 1906/268/29 1904/265/29 1909/269/29
f 1912/266/29 1909/269/29 1904/265/29
f 1909/269/38 1897/115/38 1908/267/38
f 1909/269/38 1910/63/38 1897/115/38
f 1909/269/97 1913/61/97 1910/63/97
f 1909/269/97 1911/274/97 1913/61/97
f 1912/266/29 1911/274/29 1909/269/29
f 1911/274/91 1915/52/91 1913/61/91
f 1913/258/94 1902/261/94 1910/275/94
f 1913/258/94 1914/257/94 1902/261/94
f 1915/256/92 1914/257/92 1913/258/92
f 1911/274/91 1916/255/91 1915/52/91
f 1919/252/89 1915/52/89 1916/255/89
f 1915/256/92 1917/259/92 1914/257/92
f 1915/256/93 1920/248/93 1917/259/93
f 1915/256/93 1918/260/93 1920/248/93
f 1919/252/89 1918/73/89 1915/52/89
f 1918/260/197 1922/247/197 1920/248/197
f 1920/248/32 1923/264/32 1917/259/32
f 1920/248/32 1921/249/32 1923/264/32
f 1920/248/32 1924/246/32 1921/249/32
f 1920/248/32 1922/247/32 1924/246/32
f 1928/244/32 1924/246/32 1922/247/32
f 1924/246/83 1927/51/83 1921/249/83
f 1924/246/83 1925/49/83 1927/51/83
f 1924/246/84 1929/47/84 1925/49/84
f 1924/246/84 1926/237/84 1929/47/84
f 1928/244/32 1926/237/32 1924/246/32
f 1929/47/88 1932/251/88 1925/49/88
f 1929/47/88 1930/239/88 1932/251/88
f 1931/45/77 1930/239/77 1929/47/77
f 1926/237/73 1931/45/73 1929/47/73
f 1927/51/87 1925/49/87 1932/251/87
f 1932/251/29 1919/252/29 1933/250/29
f 1927/51/87 1932/251/87 1933/250/87
f 1932/251/29 1934/253/29 1919/252/29
f 1932/251/29 1935/241/29 1934/253/29
f 1932/251/29 1930/239/29 1935/241/29
f 1939/238/29 1935/241/29 1930/239/29
f 1935/241/80 1938/50/80 1934/253/80
f 1935/241/80 1936/48/80 1938/50/80
f 1937/240/78 1936/48/78 1935/241/78
f 1939/238/29 1937/240/29 1935/241/29
f 1931/45/77 1939/238/77 1930/239/77
f 1941/43/75 1939/238/75 1931/45/75
f 1940/226/29 1937/240/29 1939/238/29
f 1941/43/75 1940/226/75 1939/238/75
f 1942/236/74 1941/43/74 1931/45/74
f 1941/43/66 1944/224/66 1940/226/66
f 1945/223/76 1941/43/76 1942/236/76
f 1945/223/76 1943/41/76 1941/43/76
f 1941/43/66 1943/41/66 1944/224/66
f 1946/233/32 1945/223/32 1942/236/32
f 1946/233/32 1947/220/32 1945/223/32
f 1945/223/62 1948/39/62 1943/41/62
f 1945/223/62 1947/220/62 1948/39/62
f 1948/39/64 1944/224/64 1943/41/64
f 1948/39/64 1949/225/64 1944/224/64
f 1950/38/65 1949/225/65 1948/39/65
f 1947/220/63 1950/38/63 1948/39/63
f 1950/38/65 1951/359/65 1949/225/65
f 1950/38/98 1954/360/98 1951/359/98
f 1947/220/63 1952/222/63 1950/38/63
f 1955/206/102 1950/38/102 1952/222/102
f 1955/206/102 1953/36/102 1950/38/102
f 1950/38/98 1953/36/98 1954/360/98
f 1958/216/32 1956/218/32 1955/206/32
f 1959/205/32 1955/206/32 1956/218/32
f 1958/216/32 1955/206/32 1952/222/32
f 1955/206/51 1960/34/51 1953/36/51
f 1955/206/51 1957/203/51 1960/34/51
f 1959/205/32 1957/203/32 1955/206/32
f 1960/34/52 1954/360/52 1953/36/52
f 1960/34/52 1961/204/52 1954/360/52
f 1962/30/50 1961/204/50 1960/34/50
f 1957/203/49 1962/30/49 1960/34/49
f 1962/30/50 1963/188/50 1961/204/50
f 1833/187/41 1963/188/41 1962/30/41
f 1957/203/49 1837/202/49 1962/30/49
f 1837/202/48 1833/187/48 1962/30/48
f 1961/204/29 1963/188/29 1964/189/29
f 1834/182/29 1964/189/29 1963/188/29
f 1833/187/41 1834/182/41 1963/188/41
f 1965/212/57 1964/189/57 1966/33/57
f 1961/204/29 1964/189/29 1965/212/29
f 1967/190/55 1966/33/55 1964/189/55
f 1834/182/29 1967/190/29 1964/189/29
f 1830/181/29 1967/190/29 1834/182/29
f 1967/190/55 1968/211/55 1966/33/55
f 1967/190/43 1839/194/43 1968/211/43
f 1967/190/43 1969/191/43 1839/194/43
f 1830/181/29 1969/191/29 1967/190/29
f 1830/181/29 1842/192/29 1969/191/29
f 1842/192/42 1839/194/42 1969/191/42
f 1966/209/54 1968/210/54 1836/200/54
f 1839/197/47 1836/200/47 1968/210/47
f 1966/209/53 1959/205/53 1970/208/53
f 1965/212/57 1966/33/57 1970/35/57
f 1966/209/53 1971/207/53 1959/205/53
f 1966/209/54 1836/200/54 1971/207/54
f 1971/207/32 1957/203/32 1959/205/32
f 1971/207/32 1837/202/32 1957/203/32
f 1836/200/32 1837/202/32 1971/207/32
f 1973/215/56 1965/212/56 1970/35/56
f 1970/208/58 1956/218/58 1972/213/58
f 1973/215/56 1970/35/56 1972/72/56
f 1970/208/58 1959/205/58 1956/218/58
f 1954/360/29 1973/215/29 1974/214/29
f 1954/360/29 1965/212/29 1973/215/29
f 1973/215/59 1975/37/59 1974/214/59
f 1973/215/59 1972/72/59 1975/37/59
f 1974/214/68 1975/37/68 1976/40/68
f 1976/219/61 1975/217/61 1958/216/61
f 1972/213/60 1958/216/60 1975/217/60
f 1977/228/67 1976/40/67 1978/42/67
f 1974/214/68 1976/40/68 1977/228/68
f 1978/230/71 1976/219/71 1979/221/71
f 1976/219/61 1958/216/61 1979/221/61
f 1946/233/32 1979/221/32 1947/220/32
f 1978/230/71 1979/221/71 1946/233/71
f 1958/216/32 1947/220/32 1979/221/32
f 1982/229/69 1980/227/69 1978/42/69
f 1977/228/67 1978/42/67 1980/227/67
f 1978/230/70 1983/231/70 1981/232/70
f 1982/229/69 1978/42/69 1981/44/69
f 1978/230/70 1946/233/70 1983/231/70
f 1981/232/72 1983/231/72 1984/234/72
f 1983/231/32 1985/235/32 1984/234/32
f 1983/231/32 1942/236/32 1985/235/32
f 1946/233/32 1942/236/32 1983/231/32
f 1984/234/32 1985/235/32 1926/237/32
f 1926/237/73 1985/235/73 1931/45/73
f 1942/236/74 1931/45/74 1985/235/74
f 1936/243/82 1986/245/82 1984/234/82
f 1981/232/72 1984/234/72 1986/245/72
f 1984/234/32 1926/237/32 1928/244/32
f 1936/243/82 1984/234/82 1928/244/82
f 1937/240/78 1986/46/78 1936/48/78
f 1937/240/79 1981/44/79 1986/46/79
f 1940/226/29 1982/229/29 1937/240/29
f 1940/226/29 1980/227/29 1982/229/29
f 1937/240/79 1982/229/79 1981/44/79
f 1940/226/29 1944/224/29 1980/227/29
f 1949/225/29 1980/227/29 1944/224/29
f 1949/225/29 1977/228/29 1980/227/29
f 1951/359/29 1977/228/29 1949/225/29
f 1951/359/29 1974/214/29 1977/228/29
f 1954/360/29 1974/214/29 1951/359/29
f 1972/213/60 1956/218/60 1958/216/60
f 1954/360/29 1961/204/29 1965/212/29
f 1958/216/32 1952/222/32 1947/220/32
f 1934/253/90 1938/50/90 1918/73/90
f 1918/260/101 1938/242/101 1922/247/101
f 1938/242/81 1928/244/81 1922/247/81
f 1938/242/81 1936/243/81 1928/244/81
f 1934/253/90 1918/73/90 1919/252/90
f 1988/53/86 1927/51/86 1933/250/86
f 1987/254/29 1933/250/29 1919/252/29
f 1988/53/86 1933/250/86 1987/254/86
f 1989/262/95 1988/53/95 1905/54/95
f 1988/53/96 1912/266/96 1905/54/96
f 1988/53/96 1987/254/96 1912/266/96
f 1989/262/95 1923/264/95 1988/53/95
f 1921/249/85 1988/53/85 1923/264/85
f 1921/249/85 1927/51/85 1988/53/85
f 1902/261/32 1914/257/32 1989/262/32
f 1917/259/32 1989/262/32 1914/257/32
f 1900/263/46 1989/262/46 1905/54/46
f 1902/261/32 1989/262/32 1900/263/32
f 1917/259/32 1923/264/32 1989/262/32
f 1912/266/29 1987/254/29 1916/255/29
f 1987/254/29 1919/252/29 1916/255/29
f 1912/266/29 1916/255/29 1911/274/29
f 1905/54/44 1912/266/44 1904/265/44
f 1910/275/39 1895/276/39 1897/277/39
f 1910/275/39 1902/261/39 1895/276/39
f 1908/272/37 1891/4/37 1892/273/37
f 1908/272/37 1897/1/37 1891/4/37
f 1901/2/55 1907/270/55 1990/285/55
f 1907/270/29 1889/287/29 1990/285/29
f 1907/270/29 1892/273/29 1889/287/29
f 1991/5/57 1990/285/57 1992/286/57
f 1901/2/55 1990/285/55 1991/5/55
f 1990/285/29 1886/288/29 1992/286/29
f 1990/285/29 1889/287/29 1886/288/29
f 1993/7/56 1992/286/56 1994/298/56
f 1991/5/57 1992/286/57 1993/7/57
f 1992/286/29 1883/289/29 1994/298/29
f 1992/286/29 1886/288/29 1883/289/29
f 1995/9/59 1994/298/59 1996/300/59
f 1993/7/56 1994/298/56 1995/9/56
f 1994/298/29 1880/299/29 1996/300/29
f 1994/298/29 1883/289/29 1880/299/29
f 1999/12/68 1997/11/68 1996/300/68
f 1995/9/59 1996/300/59 1997/11/59
f 1996/300/29 1877/301/29 1998/318/29
f 1999/12/68 1996/300/68 1998/318/68
f 1996/300/29 1880/299/29 1877/301/29
f 2001/311/71 1999/12/71 2000/14/71
f 2000/14/67 1999/12/67 1998/318/67
f 2002/314/61 1999/12/61 2001/311/61
f 2002/314/61 1997/11/61 1999/12/61
f 1878/308/32 1881/357/32 2002/314/32
f 1881/357/32 2003/297/32 2002/314/32
f 1878/308/32 2002/314/32 2001/311/32
f 2002/314/60 1995/9/60 1997/11/60
f 2002/314/60 2003/297/60 1995/9/60
f 1881/357/32 1884/291/32 2003/297/32
f 1884/291/32 2004/296/32 2003/297/32
f 2003/297/58 1993/7/58 1995/9/58
f 2003/297/58 2004/296/58 1993/7/58
f 1884/291/32 1887/293/32 2004/296/32
f 1887/293/32 1896/284/32 2004/296/32
f 2004/296/53 1991/5/53 1993/7/53
f 2004/296/53 1896/284/53 1991/5/53
f 1878/308/32 2001/311/32 2005/793/32
f 2001/311/71 2000/14/71 2005/793/71
f 1875/794/32 2005/793/32 2006/791/32
f 1878/308/32 2005/793/32 1875/794/32
f 2006/791/70 2005/793/70 2000/14/70
f 1869/785/32 1872/792/32 2006/791/32
f 1875/794/32 2006/791/32 1872/792/32
f 2006/791/72 2009/18/72 2007/790/72
f 1869/785/32 2006/791/32 2007/790/32
f 2006/791/72 2008/16/72 2009/18/72
f 2006/791/70 2000/14/70 2008/16/70
f 2007/790/82 2009/18/82 2010/20/82
f 2010/20/78 2009/18/78 2011/796/78
f 2008/16/79 2011/796/79 2009/18/79
f 2011/796/29 1865/324/29 2012/321/29
f 2010/20/78 2011/796/78 2012/321/78
f 2011/796/29 1868/783/29 1865/324/29
f 2013/787/29 1868/783/29 2011/796/29
f 2008/16/79 2013/787/79 2011/796/79
f 2000/14/69 2013/787/69 2008/16/69
f 2013/787/29 1871/784/29 1868/783/29
f 2013/787/29 1874/789/29 1871/784/29
f 2013/787/29 2014/788/29 1874/789/29
f 2000/14/69 2014/788/69 2013/787/69
f 2000/14/67 1998/318/67 2014/788/67
f 1998/318/29 1874/789/29 2014/788/29
f 2010/20/80 2012/321/80 2015/338/80
f 2012/321/29 1852/340/29 2015/338/29
f 2012/321/29 1865/324/29 1852/340/29
f 1858/22/90 2015/338/90 1851/339/90
f 2010/20/80 2015/338/80 1858/22/80
f 1851/339/29 2015/338/29 1852/340/29
f 2016/330/81 2010/20/81 1858/22/81
f 2007/790/82 2010/20/82 2016/330/82
f 1866/327/32 2016/330/32 2017/334/32
f 1866/327/32 2007/790/32 2016/330/32
f 2016/330/81 1858/22/81 2017/334/81
f 1862/333/32 2017/334/32 1857/351/32
f 1866/327/32 2017/334/32 1862/333/32
f 1857/351/101 2017/334/101 1858/22/101
f 1866/327/32 1869/785/32 2007/790/32
f 1998/318/29 1877/301/29 1874/789/29
f 1896/284/54 1901/2/54 1991/5/54
f 1896/284/54 1894/281/54 1901/2/54
f 1887/293/32 1890/294/32 1896/284/32
f 1845/349/32 1860/356/32 2018/184/32
f 1848/346/32 1860/356/32 1845/349/32
f 2018/184/94 1860/356/94 2019/27/94
f 1860/356/92 1854/26/92 2019/27/92
f 2018/184/94 2019/27/94 1831/185/94
f 2019/27/97 2020/183/97 1831/185/97
f 2019/27/97 1855/354/97 2020/183/97
f 1854/26/91 1855/354/91 2019/27/91
f 1831/185/38 2020/183/38 1830/181/38
f 1830/181/29 2020/183/29 1842/192/29
f 2020/183/29 1844/353/29 1842/192/29
f 2020/183/29 1855/354/29 1844/353/29
f 1840/198/32 2018/184/32 1832/186/32
f 1845/349/32 2018/184/32 1840/198/32
f 1832/186/39 2018/184/39 1831/185/39
f 1855/354/29 1847/355/29 1844/353/29
f 2089/187/37 2085/180/37 2086/181/37
f 2085/180/38 2090/183/38 2086/181/38
f 2091/184/39 2087/185/39 2085/180/39
f 2085/180/38 2087/185/38 2090/183/38
f 2088/186/40 2085/180/40 2089/187/40
f 2091/184/39 2085/180/39 2088/186/39
f 2092/198/32 2091/184/32 2088/186/32
f 2094/349/32 2091/184/32 2092/198/32
f 2091/184/94 2095/27/94 2087/185/94
f 2091/184/94 2093/356/94 2095/27/94
f 2094/349/32 2093/356/32 2091/184/32
f 2095/27/97 2090/183/97 2087/185/97
f 2095/27/97 2096/354/97 2090/183/97
f 2097/26/91 2096/354/91 2095/27/91
f 2093/356/92 2097/26/92 2095/27/92
f 2097/26/91 2098/352/91 2096/354/91
f 2100/24/89 2098/352/89 2097/26/89
f 2093/356/92 2099/350/92 2097/26/92
f 2099/350/93 2100/24/93 2097/26/93
f 2100/24/327 2101/339/327 2098/352/327
f 2103/22/90 2101/339/90 2100/24/90
f 2099/350/198 2102/351/198 2100/24/198
f 2102/351/101 2103/22/101 2100/24/101
f 2103/22/90 2104/338/90 2101/339/90
f 2103/22/80 2107/321/80 2104/338/80
f 2102/351/101 2105/334/101 2103/22/101
f 2108/330/81 2103/22/81 2105/334/81
f 2108/330/81 2106/20/81 2103/22/81
f 2103/22/80 2106/20/80 2107/321/80
f 2111/333/32 2109/327/32 2108/330/32
f 2109/327/32 2110/790/32 2108/330/32
f 2111/333/32 2108/330/32 2105/334/32
f 2110/790/82 2106/20/82 2108/330/82
f 2112/344/83 2111/333/83 2113/348/83
f 2112/344/84 2109/327/84 2111/333/84
f 2113/348/32 2111/333/32 2105/334/32
f 2114/345/328 2113/348/328 2115/346/328
f 2112/344/83 2113/348/83 2114/345/83
f 2113/348/32 2099/350/32 2115/346/32
f 2113/348/32 2102/351/32 2099/350/32
f 2113/348/32 2105/334/32 2102/351/32
f 2116/347/95 2115/346/95 2094/349/95
f 2114/345/85 2115/346/85 2116/347/85
f 2115/346/32 2093/356/32 2094/349/32
f 2115/346/32 2099/350/32 2093/356/32
f 2117/355/96 2116/25/96 2118/70/96
f 2117/355/86 2114/69/86 2116/25/86
f 2116/347/95 2094/349/95 2118/199/95
f 2119/353/44 2118/70/44 2120/193/44
f 2117/355/96 2118/70/96 2119/353/96
f 2120/195/46 2118/199/46 2094/349/46
f 2121/192/42 2120/193/42 2122/194/42
f 2119/353/44 2120/193/44 2121/192/44
f 2122/197/45 2120/195/45 2092/198/45
f 2120/195/46 2094/349/46 2092/198/46
f 2123/191/43 2122/194/43 2125/211/43
f 2121/192/42 2122/194/42 2123/191/42
f 2122/197/47 2124/196/47 2126/200/47
f 2122/197/45 2092/198/45 2124/196/45
f 2122/197/47 2126/200/47 2125/210/47
f 2129/209/54 2125/210/54 2126/200/54
f 2127/207/32 2126/200/32 2128/201/32
f 2129/209/54 2126/200/54 2127/207/54
f 2126/200/32 2088/186/32 2128/201/32
f 2126/200/32 2124/196/32 2088/186/32
f 2130/189/57 2129/33/57 2131/35/57
f 2132/190/55 2129/33/55 2130/189/55
f 2131/208/53 2129/209/53 2127/207/53
f 2132/190/55 2125/211/55 2129/33/55
f 2133/182/29 2132/190/29 2130/189/29
f 2086/181/29 2132/190/29 2133/182/29
f 2123/191/43 2125/211/43 2132/190/43
f 2086/181/29 2123/191/29 2132/190/29
f 2135/30/41 2089/187/41 2133/182/41
f 2089/187/37 2086/181/37 2133/182/37
f 2133/182/29 2130/189/29 2134/188/29
f 2135/30/41 2133/182/41 2134/188/41
f 2137/202/49 2135/30/49 2136/34/49
f 2136/34/50 2135/30/50 2134/188/50
f 2128/201/48 2135/30/48 2137/202/48
f 2128/201/48 2089/187/48 2135/30/48
f 2139/205/32 2127/207/32 2137/202/32
f 2127/207/32 2128/201/32 2137/202/32
f 2137/202/49 2136/34/49 2138/203/49
f 2139/205/32 2137/202/32 2138/203/32
f 2131/208/329 2139/205/329 2140/218/329
f 2131/208/53 2127/207/53 2139/205/53
f 2140/218/32 2139/205/32 2138/203/32
f 2141/213/60 2140/218/60 2142/216/60
f 2131/208/58 2140/218/58 2141/213/58
f 2142/216/32 2140/218/32 2143/206/32
f 2140/218/32 2138/203/32 2143/206/32
f 2144/222/102 2143/206/102 2145/36/102
f 2142/216/32 2143/206/32 2144/222/32
f 2138/203/330 2145/36/330 2143/206/330
f 2144/222/102 2145/36/102 2146/38/102
f 2145/36/98 2148/359/98 2146/38/98
f 2145/36/98 2147/360/98 2148/359/98
f 2145/36/52 2149/204/52 2147/360/52
f 2138/203/51 2136/34/51 2145/36/51
f 2145/36/52 2136/34/52 2149/204/52
f 2136/34/50 2134/188/50 2149/204/50
f 2149/204/29 2151/215/29 2147/360/29
f 2149/204/29 2150/212/29 2151/215/29
f 2134/188/29 2150/212/29 2149/204/29
f 2147/360/29 2151/215/29 2152/214/29
f 2152/214/59 2151/215/59 2141/72/59
f 2151/215/56 2131/35/56 2141/72/56
f 2151/215/331 2150/212/331 2131/35/331
f 2155/225/29 2148/359/29 2152/214/29
f 2147/360/29 2152/214/29 2148/359/29
f 2153/228/68 2152/214/68 2154/37/68
f 2155/225/29 2152/214/29 2153/228/29
f 2152/214/59 2141/72/59 2154/37/59
f 2156/39/64 2155/225/64 2157/224/64
f 2146/38/65 2155/225/65 2156/39/65
f 2157/224/29 2155/225/29 2153/228/29
f 2146/38/65 2148/359/65 2155/225/65
f 2158/41/66 2157/224/66 2159/226/66
f 2156/39/64 2157/224/64 2158/41/64
f 2159/226/29 2157/224/29 2160/227/29
f 2157/224/29 2153/228/29 2160/227/29
f 2161/229/69 2160/227/69 2162/42/69
f 2159/226/29 2160/227/29 2161/229/29
f 2153/228/67 2162/42/67 2160/227/67
f 2162/230/70 2166/231/70 2163/232/70
f 2161/229/69 2162/42/69 2163/44/69
f 2162/230/70 2164/233/70 2166/231/70
f 2162/230/71 2167/221/71 2164/233/71
f 2162/230/71 2165/219/71 2167/221/71
f 2153/228/67 2165/40/67 2162/42/67
f 2154/217/61 2167/221/61 2165/219/61
f 2167/221/32 2169/223/32 2164/233/32
f 2167/221/32 2168/220/32 2169/223/32
f 2142/216/32 2168/220/32 2167/221/32
f 2154/217/61 2142/216/61 2167/221/61
f 2164/233/32 2169/223/32 2170/236/32
f 2169/223/76 2171/43/76 2170/236/76
f 2169/223/76 2158/41/76 2171/43/76
f 2169/223/62 2156/39/62 2158/41/62
f 2169/223/62 2168/220/62 2156/39/62
f 2170/236/74 2171/43/74 2172/45/74
f 2171/43/75 2173/238/75 2172/45/75
f 2171/43/75 2159/226/75 2173/238/75
f 2158/41/66 2159/226/66 2171/43/66
f 2172/45/77 2173/238/77 2174/239/77
f 2174/239/29 2173/238/29 2175/240/29
f 2173/238/29 2161/229/29 2175/240/29
f 2173/238/29 2159/226/29 2161/229/29
f 2175/240/78 2178/48/78 2176/241/78
f 2174/239/29 2175/240/29 2176/241/29
f 2175/240/78 2177/46/78 2178/48/78
f 2161/229/79 2177/46/79 2175/240/79
f 2176/241/80 2178/48/80 2179/50/80
f 2179/242/81 2178/243/81 2180/244/81
f 2178/243/82 2181/234/82 2180/244/82
f 2178/243/82 2177/245/82 2181/234/82
f 2163/232/72 2181/234/72 2177/245/72
f 2181/234/32 2183/237/32 2180/244/32
f 2181/234/32 2182/235/32 2183/237/32
f 2166/231/32 2182/235/32 2181/234/32
f 2163/232/72 2166/231/72 2181/234/72
f 2180/244/32 2183/237/32 2184/246/32
f 2183/237/84 2186/49/84 2184/246/84
f 2183/237/84 2185/47/84 2186/49/84
f 2182/235/73 2185/47/73 2183/237/73
f 2184/246/83 2186/49/83 2187/51/83
f 2187/51/87 2186/49/87 2188/251/87
f 2186/49/88 2174/239/88 2188/251/88
f 2186/49/88 2185/47/88 2174/239/88
f 2189/250/29 2188/251/29 2190/253/29
f 2187/51/332 2188/251/332 2189/250/332
f 2188/251/29 2176/241/29 2190/253/29
f 2188/251/29 2174/239/29 2176/241/29
f 2190/253/90 2192/73/90 2191/252/90
f 2189/250/29 2190/253/29 2191/252/29
f 2190/253/90 2179/50/90 2192/73/90
f 2176/241/80 2179/50/80 2190/253/80
f 2191/252/89 2192/73/89 2193/52/89
f 2193/256/93 2192/260/93 2194/248/93
f 2192/260/101 2195/247/101 2194/248/101
f 2192/260/101 2179/242/101 2195/247/101
f 2179/242/81 2180/244/81 2195/247/81
f 2195/247/32 2196/249/32 2194/248/32
f 2195/247/32 2184/246/32 2196/249/32
f 2180/244/32 2184/246/32 2195/247/32
f 2194/248/32 2196/249/32 2197/264/32
f 2197/264/85 2196/249/85 2187/51/85
f 2184/246/83 2187/51/83 2196/249/83
f 2198/259/32 2197/264/32 2199/262/32
f 2194/248/32 2197/264/32 2198/259/32
f 2197/264/95 2201/54/95 2199/262/95
f 2197/264/95 2200/53/95 2201/54/95
f 2197/264/85 2187/51/85 2200/53/85
f 2205/263/46 2201/54/46 2202/62/46
f 2201/54/44 2204/265/44 2202/62/44
f 2201/54/44 2203/266/44 2204/265/44
f 2201/54/96 2206/254/96 2203/266/96
f 2205/263/46 2199/262/46 2201/54/46
f 2201/54/96 2200/53/96 2206/254/96
f 2187/51/86 2206/254/86 2200/53/86
f 2203/266/29 2206/254/29 2207/255/29
f 2206/254/29 2191/252/29 2207/255/29
f 2206/254/29 2189/250/29 2191/252/29
f 2187/51/333 2189/250/333 2206/254/333
f 2207/255/91 2209/61/91 2208/274/91
f 2203/266/29 2207/255/29 2208/274/29
f 2207/255/91 2193/52/91 2209/61/91
f 2191/252/327 2193/52/327 2207/255/327
f 2208/274/97 2209/61/97 2210/63/97
f 2210/275/94 2209/258/94 2211/257/94
f 2209/258/92 2198/259/92 2211/257/92
f 2209/258/92 2193/256/92 2198/259/92
f 2212/261/32 2211/257/32 2199/262/32
f 2210/275/94 2211/257/94 2212/261/94
f 2198/259/32 2199/262/32 2211/257/32
f 2210/275/39 2212/261/39 2213/276/39
f 2212/261/32 2214/283/32 2213/276/32
f 2212/261/32 2205/263/32 2214/283/32
f 2212/261/32 2199/262/32 2205/263/32
f 2217/280/32 2213/279/32 2214/282/32
f 2214/282/47 2218/2/47 2215/281/47
f 2217/280/32 2214/282/32 2215/281/32
f 2214/282/47 2216/3/47 2218/2/47
f 2205/263/45 2216/64/45 2214/283/45
f 2215/281/54 2218/2/54 2219/5/54
f 2219/5/55 2218/2/55 2220/270/55
f 2216/3/43 2220/270/43 2218/2/43
f 2220/270/29 2224/287/29 2221/285/29
f 2219/5/55 2220/270/55 2221/285/55
f 2220/270/29 2222/273/29 2224/287/29
f 2223/271/29 2222/273/29 2220/270/29
f 2216/3/43 2223/271/43 2220/270/43
f 2221/285/29 2224/287/29 2225/288/29
f 2225/288/50 2224/287/50 2226/6/50
f 2222/273/41 2226/6/41 2224/287/41
f 2226/295/49 2230/293/49 2227/290/49
f 2225/288/50 2226/6/50 2227/8/50
f 2226/295/49 2228/294/49 2230/293/49
f 2226/295/48 2217/280/48 2228/294/48
f 2226/295/48 2229/358/48 2217/280/48
f 2222/273/41 2229/4/41 2226/6/41
f 2227/290/330 2230/293/330 2231/291/330
f 2231/291/32 2230/293/32 2232/296/32
f 2230/293/32 2233/284/32 2232/296/32
f 2230/293/32 2228/294/32 2233/284/32
f 2217/280/32 2233/284/32 2228/294/32
f 2233/284/53 2234/7/53 2232/296/53
f 2233/284/53 2219/5/53 2234/7/53
f 2215/281/54 2219/5/54 2233/284/54
f 2217/280/32 2215/281/32 2233/284/32
f 2232/296/58 2234/7/58 2235/9/58
f 2234/7/56 2237/298/56 2235/9/56
f 2234/7/56 2236/286/56 2237/298/56
f 2234/7/57 2221/285/57 2236/286/57
f 2234/7/57 2219/5/57 2221/285/57
f 2235/9/59 2237/298/59 2238/300/59
f 2237/298/29 2240/299/29 2238/300/29
f 2237/298/29 2239/289/29 2240/299/29
f 2236/286/29 2239/289/29 2237/298/29
f 2238/300/29 2240/299/29 2241/301/29
f 2241/301/65 2240/299/65 2242/10/65
f 2240/299/98 2243/68/98 2242/10/98
f 2240/299/98 2239/289/98 2243/68/98
f 2239/289/52 2227/8/52 2243/68/52
f 2243/292/102 2244/357/102 2242/309/102
f 2243/292/102 2231/291/102 2244/357/102
f 2227/290/51 2231/291/51 2243/292/51
f 2242/309/63 2244/357/63 2245/308/63
f 2245/308/32 2244/357/32 2246/314/32
f 2244/357/32 2247/297/32 2246/314/32
f 2244/357/32 2231/291/32 2247/297/32
f 2231/291/32 2232/296/32 2247/297/32
f 2247/297/60 2248/11/60 2246/314/60
f 2247/297/60 2235/9/60 2248/11/60
f 2232/296/58 2235/9/58 2247/297/58
f 2246/314/61 2248/11/61 2249/12/61
f 2248/11/68 2250/318/68 2249/12/68
f 2248/11/68 2238/300/68 2250/318/68
f 2235/9/59 2238/300/59 2248/11/59
f 2249/12/67 2250/318/67 2251/788/67
f 2250/318/29 2252/789/29 2251/788/29
f 2250/318/29 2241/301/29 2252/789/29
f 2238/300/29 2241/301/29 2250/318/29
f 2255/787/29 2251/788/29 2252/789/29
f 2253/784/66 2252/789/66 2254/15/66
f 2255/787/29 2252/789/29 2253/784/29
f 2252/789/64 2256/13/64 2254/15/64
f 2252/789/64 2241/301/64 2256/13/64
f 2241/301/65 2242/10/65 2256/13/65
f 2256/305/62 2257/794/62 2254/795/62
f 2256/305/62 2245/308/62 2257/794/62
f 2242/309/63 2245/308/63 2256/305/63
f 2254/795/76 2257/794/76 2258/792/76
f 2257/794/32 2260/791/32 2258/792/32
f 2257/794/32 2259/793/32 2260/791/32
f 2257/794/32 2261/311/32 2259/793/32
f 2257/794/32 2245/308/32 2261/311/32
f 2245/308/32 2246/314/32 2261/311/32
f 2259/793/71 2261/311/71 2249/12/71
f 2246/314/61 2249/12/61 2261/311/61
f 2258/792/32 2260/791/32 2110/790/32
f 2260/791/72 2263/18/72 2110/790/72
f 2260/791/72 2262/16/72 2263/18/72
f 2260/791/70 2264/14/70 2262/16/70
f 2260/791/70 2259/793/70 2264/14/70
f 2264/14/69 2255/787/69 2262/16/69
f 2264/14/69 2251/788/69 2255/787/69
f 2249/12/67 2251/788/67 2264/14/67
f 2259/793/71 2249/12/71 2264/14/71
f 2110/790/82 2263/18/82 2106/20/82
f 2106/20/78 2263/18/78 2265/796/78
f 2263/18/79 2255/787/79 2265/796/79
f 2263/18/79 2262/16/79 2255/787/79
f 2265/796/29 2267/324/29 2107/321/29
f 2106/20/78 2265/796/78 2107/321/78
f 2265/796/29 2266/783/29 2267/324/29
f 2255/787/29 2266/783/29 2265/796/29
f 2107/321/29 2267/324/29 2268/340/29
f 2267/324/88 2112/23/88 2268/340/88
f 2267/324/88 2269/21/88 2112/23/88
f 2266/783/77 2269/21/77 2267/324/77
f 2112/344/84 2269/343/84 2109/327/84
f 2270/782/73 2109/327/73 2269/343/73
f 2266/783/77 2270/19/77 2269/21/77
f 2266/783/75 2272/17/75 2270/19/75
f 2270/782/73 2271/785/73 2109/327/73
f 2272/786/74 2271/785/74 2270/782/74
f 2266/783/75 2253/784/75 2272/17/75
f 2253/784/66 2254/15/66 2272/17/66
f 2272/786/74 2258/792/74 2271/785/74
f 2254/795/76 2258/792/76 2272/786/76
f 2109/327/32 2271/785/32 2110/790/32
f 2258/792/32 2110/790/32 2271/785/32
f 2104/338/29 2268/340/29 2273/341/29
f 2107/321/29 2268/340/29 2104/338/29
f 2273/341/87 2268/340/87 2112/23/87
f 2098/352/29 2101/339/29 2273/341/29
f 2104/338/29 2273/341/29 2101/339/29
f 2117/355/333 2273/341/333 2114/69/333
f 2098/352/29 2273/341/29 2117/355/29
f 2273/341/87 2112/23/87 2114/69/87
f 2255/787/29 2253/784/29 2266/783/29
f 2239/289/334 2225/288/334 2227/8/334
f 2236/286/29 2225/288/29 2239/289/29
f 2221/285/29 2225/288/29 2236/286/29
f 2275/272/37 2229/4/37 2222/273/37
f 2229/358/40 2213/279/40 2217/280/40
f 2229/358/40 2274/278/40 2213/279/40
f 2275/272/37 2274/1/37 2229/4/37
f 2223/271/29 2275/272/29 2222/273/29
f 2223/268/29 2276/269/29 2275/267/29
f 2275/267/38 2210/63/38 2274/115/38
f 2275/267/38 2276/269/38 2210/63/38
f 2223/268/29 2204/265/29 2276/269/29
f 2203/266/29 2276/269/29 2204/265/29
f 2208/274/97 2210/63/97 2276/269/97
f 2203/266/29 2208/274/29 2276/269/29
f 2210/275/39 2213/276/39 2274/277/39
f 2202/62/42 2223/268/42 2216/64/42
f 2202/62/42 2204/265/42 2223/268/42
f 2205/263/45 2202/62/45 2216/64/45
f 2193/256/198 2194/248/198 2198/259/198
f 2172/45/77 2174/239/77 2185/47/77
f 2182/235/73 2172/45/73 2185/47/73
f 2170/236/74 2172/45/74 2182/235/74
f 2166/231/32 2170/236/32 2182/235/32
f 2161/229/79 2163/44/79 2177/46/79
f 2164/233/32 2170/236/32 2166/231/32
f 2168/220/63 2146/38/63 2156/39/63
f 2168/220/63 2144/222/63 2146/38/63
f 2142/216/32 2144/222/32 2168/220/32
f 2153/228/68 2154/37/68 2165/40/68
f 2141/213/60 2142/216/60 2154/217/60
f 2130/189/57 2131/35/57 2150/212/57
f 2134/188/29 2130/189/29 2150/212/29
f 2088/186/40 2089/187/40 2128/201/40
f 2092/198/32 2088/186/32 2124/196/32
f 2090/183/29 2123/191/29 2086/181/29
f 2090/183/29 2121/192/29 2123/191/29
f 2090/183/29 2119/353/29 2121/192/29
f 2090/183/29 2096/354/29 2119/353/29
f 2096/354/29 2117/355/29 2119/353/29
f 2096/354/29 2098/352/29 2117/355/29
f 2345/187/37 2341/180/37 2342/181/37
f 2341/180/38 2346/183/38 2342/181/38
f 2347/184/39 2343/185/39 2341/180/39
f 2341/180/38 2343/185/38 2346/183/38
f 2344/186/40 2341/180/40 2345/187/40
f 2347/184/39 2341/180/39 2344/186/39
f 2348/198/32 2347/184/32 2344/186/32
f 2348/198/32 2349/356/32 2347/184/32
f 2347/184/94 2350/27/94 2343/185/94
f 2347/184/94 2349/356/94 2350/27/94
f 2350/27/97 2346/183/97 2343/185/97
f 2350/27/97 2351/354/97 2346/183/97
f 2352/26/91 2351/354/91 2350/27/91
f 2349/356/92 2352/26/92 2350/27/92
f 2352/26/91 2353/352/91 2351/354/91
f 2355/24/89 2353/352/89 2352/26/89
f 2349/356/92 2354/350/92 2352/26/92
f 2354/350/93 2355/24/93 2352/26/93
f 2355/24/89 2356/339/89 2353/352/89
f 2355/24/90 2359/338/90 2356/339/90
f 2354/350/198 2357/351/198 2355/24/198
f 2360/334/101 2355/24/101 2357/351/101
f 2360/334/197 2358/22/197 2355/24/197
f 2355/24/90 2358/22/90 2359/338/90
f 2361/333/32 2360/334/32 2357/351/32
f 2363/327/32 2360/334/32 2361/333/32
f 2362/330/81 2358/22/81 2360/334/81
f 2363/327/32 2362/330/32 2360/334/32
f 2364/343/84 2363/327/84 2361/333/84
f 2366/782/73 2363/327/73 2364/343/73
f 2363/327/32 2367/790/32 2362/330/32
f 2363/327/32 2365/785/32 2367/790/32
f 2366/782/73 2365/785/73 2363/327/73
f 2370/792/32 2367/790/32 2365/785/32
f 2362/330/82 2367/790/82 2368/18/82
f 2369/791/72 2368/18/72 2367/790/72
f 2370/792/32 2369/791/32 2367/790/32
f 2371/786/74 2370/792/74 2365/785/74
f 2371/786/76 2372/794/76 2370/792/76
f 2372/794/32 2369/791/32 2370/792/32
f 2371/786/76 2373/795/76 2372/794/76
f 2376/305/62 2372/794/62 2373/795/62
f 2372/794/32 2374/793/32 2369/791/32
f 2372/794/32 2377/311/32 2374/793/32
f 2372/794/32 2375/308/32 2377/311/32
f 2376/305/62 2375/308/62 2372/794/62
f 2375/308/32 2379/314/32 2377/311/32
f 2374/793/71 2377/311/71 2378/12/71
f 2379/314/61 2378/12/61 2377/311/61
f 2375/308/32 2380/357/32 2379/314/32
f 2380/357/32 2382/297/32 2379/314/32
f 2379/314/61 2381/11/61 2378/12/61
f 2382/297/60 2381/11/60 2379/314/60
f 2380/357/32 2383/291/32 2382/297/32
f 2386/293/32 2382/297/32 2383/291/32
f 2382/297/60 2384/9/60 2381/11/60
f 2382/297/329 2387/7/329 2384/9/329
f 2382/297/58 2385/296/58 2387/7/58
f 2386/293/32 2385/296/32 2382/297/32
f 2387/7/56 2390/298/56 2384/9/56
f 2387/7/56 2388/286/56 2390/298/56
f 2389/5/57 2388/286/57 2387/7/57
f 2385/296/53 2389/5/53 2387/7/53
f 2384/9/59 2390/298/59 2391/300/59
f 2390/298/29 2393/299/29 2391/300/29
f 2390/298/29 2392/289/29 2393/299/29
f 2390/298/29 2394/288/29 2392/289/29
f 2390/298/29 2388/286/29 2394/288/29
f 2388/286/29 2396/287/29 2394/288/29
f 2394/288/52 2397/68/52 2392/289/52
f 2394/288/52 2395/8/52 2397/68/52
f 2396/287/50 2395/8/50 2394/288/50
f 2393/299/98 2392/289/98 2397/68/98
f 2397/292/102 2380/357/102 2398/309/102
f 2393/299/98 2397/68/98 2398/10/98
f 2397/292/102 2383/291/102 2380/357/102
f 2395/290/51 2383/291/51 2397/292/51
f 2399/301/65 2393/299/65 2398/10/65
f 2398/309/63 2375/308/63 2376/305/63
f 2399/301/65 2398/10/65 2376/13/65
f 2398/309/63 2380/357/63 2375/308/63
f 2400/318/29 2399/301/29 2401/789/29
f 2391/300/29 2399/301/29 2400/318/29
f 2401/789/64 2399/301/64 2376/13/64
f 2391/300/29 2393/299/29 2399/301/29
f 2402/788/29 2401/789/29 2403/784/29
f 2400/318/29 2401/789/29 2402/788/29
f 2401/789/66 2371/17/66 2403/784/66
f 2401/789/66 2373/15/66 2371/17/66
f 2401/789/64 2376/13/64 2373/15/64
f 2404/787/29 2403/784/29 2405/783/29
f 2402/788/29 2403/784/29 2404/787/29
f 2405/783/75 2403/784/75 2371/17/75
f 2406/796/29 2405/783/29 2407/324/29
f 2404/787/29 2405/783/29 2406/796/29
f 2407/324/77 2405/783/77 2366/19/77
f 2405/783/75 2371/17/75 2366/19/75
f 2359/338/29 2408/321/29 2407/324/29
f 2406/796/29 2407/324/29 2408/321/29
f 2409/340/88 2407/324/88 2364/21/88
f 2359/338/29 2407/324/29 2409/340/29
f 2407/324/77 2366/19/77 2364/21/77
f 2356/339/29 2359/338/29 2409/340/29
f 2410/341/87 2409/340/87 2411/23/87
f 2356/339/29 2409/340/29 2410/341/29
f 2409/340/88 2364/21/88 2411/23/88
f 2411/344/83 2413/348/83 2412/345/83
f 2410/341/87 2411/23/87 2412/69/87
f 2411/344/367 2361/333/367 2413/348/367
f 2364/343/84 2361/333/84 2411/344/84
f 2415/347/328 2412/345/328 2413/348/328
f 2413/348/32 2354/350/32 2414/346/32
f 2415/347/85 2413/348/85 2414/346/85
f 2413/348/32 2357/351/32 2354/350/32
f 2361/333/32 2357/351/32 2413/348/32
f 2416/355/96 2415/25/96 2417/70/96
f 2410/341/86 2415/25/86 2416/355/86
f 2417/199/95 2415/347/95 2414/346/95
f 2410/341/86 2412/69/86 2415/25/86
f 2418/353/44 2417/70/44 2419/193/44
f 2416/355/96 2417/70/96 2418/353/96
f 2417/199/46 2348/198/46 2419/195/46
f 2417/199/46 2420/349/46 2348/198/46
f 2417/199/95 2414/346/95 2420/349/95
f 2348/198/32 2420/349/32 2349/356/32
f 2414/346/32 2349/356/32 2420/349/32
f 2421/192/42 2419/193/42 2422/194/42
f 2418/353/44 2419/193/44 2421/192/44
f 2419/195/45 2423/196/45 2422/197/45
f 2419/195/45 2348/198/45 2423/196/45
f 2422/197/47 2423/196/47 2424/200/47
f 2348/198/32 2344/186/32 2423/196/32
f 2424/200/32 2423/196/32 2344/186/32
f 2425/210/54 2424/200/54 2426/207/54
f 2422/197/47 2424/200/47 2425/210/47
f 2426/207/32 2424/200/32 2427/201/32
f 2424/200/32 2344/186/32 2427/201/32
f 2428/202/48 2427/201/48 2345/187/48
f 2426/207/32 2427/201/32 2428/202/32
f 2344/186/40 2345/187/40 2427/201/40
f 2426/207/32 2428/202/32 2429/203/32
f 2428/202/49 2431/34/49 2429/203/49
f 2428/202/49 2430/30/49 2431/34/49
f 2428/202/48 2345/187/48 2430/30/48
f 2429/203/51 2431/34/51 2432/36/51
f 2431/34/52 2434/360/52 2432/36/52
f 2431/34/52 2433/204/52 2434/360/52
f 2431/34/50 2435/188/50 2433/204/50
f 2431/34/50 2430/30/50 2435/188/50
f 2345/187/41 2435/188/41 2430/30/41
f 2433/204/29 2435/188/29 2436/189/29
f 2437/182/29 2436/189/29 2435/188/29
f 2345/187/41 2437/182/41 2435/188/41
f 2345/187/37 2342/181/37 2437/182/37
f 2437/182/29 2438/190/29 2436/189/29
f 2342/181/29 2438/190/29 2437/182/29
f 2436/189/55 2438/190/55 2425/211/55
f 2438/190/43 2422/194/43 2425/211/43
f 2438/190/43 2439/191/43 2422/194/43
f 2342/181/29 2439/191/29 2438/190/29
f 2346/183/29 2439/191/29 2342/181/29
f 2346/183/29 2421/192/29 2439/191/29
f 2421/192/42 2422/194/42 2439/191/42
f 2440/212/57 2436/189/57 2441/33/57
f 2433/204/29 2436/189/29 2440/212/29
f 2436/189/55 2425/211/55 2441/33/55
f 2441/209/53 2443/205/53 2442/208/53
f 2440/212/57 2441/33/57 2442/35/57
f 2441/209/53 2426/207/53 2443/205/53
f 2425/210/54 2426/207/54 2441/209/54
f 2442/208/58 2443/205/58 2444/218/58
f 2444/218/32 2443/205/32 2429/203/32
f 2426/207/32 2429/203/32 2443/205/32
f 2445/213/60 2444/218/60 2446/216/60
f 2442/208/58 2444/218/58 2445/213/58
f 2444/218/32 2448/222/32 2446/216/32
f 2444/218/32 2447/206/32 2448/222/32
f 2444/218/32 2429/203/32 2447/206/32
f 2446/216/32 2448/222/32 2449/220/32
f 2449/220/63 2448/222/63 2450/38/63
f 2448/222/102 2432/36/102 2450/38/102
f 2448/222/102 2447/206/102 2432/36/102
f 2449/220/63 2450/38/63 2451/39/63
f 2450/38/65 2453/225/65 2451/39/65
f 2450/38/65 2452/359/65 2453/225/65
f 2432/36/98 2452/359/98 2450/38/98
f 2451/39/64 2453/225/64 2454/224/64
f 2453/225/29 2456/227/29 2454/224/29
f 2453/225/29 2455/228/29 2456/227/29
f 2453/225/29 2457/214/29 2455/228/29
f 2453/225/29 2452/359/29 2457/214/29
f 2452/359/29 2459/215/29 2457/214/29
f 2457/214/68 2460/40/68 2455/228/68
f 2457/214/68 2458/37/68 2460/40/68
f 2457/214/368 2445/72/368 2458/37/368
f 2457/214/59 2459/215/59 2445/72/59
f 2455/228/67 2460/40/67 2461/42/67
f 2460/219/71 2463/233/71 2461/230/71
f 2460/219/71 2462/221/71 2463/233/71
f 2460/219/61 2446/216/61 2462/221/61
f 2460/219/61 2458/217/61 2446/216/61
f 2461/230/70 2463/233/70 2464/231/70
f 2463/233/32 2466/236/32 2464/231/32
f 2463/233/32 2465/223/32 2466/236/32
f 2463/233/32 2449/220/32 2465/223/32
f 2463/233/32 2462/221/32 2449/220/32
f 2464/231/32 2466/236/32 2467/235/32
f 2467/235/74 2466/236/74 2468/43/74
f 2465/223/76 2468/43/76 2466/236/76
f 2467/235/74 2468/43/74 2469/45/74
f 2468/43/75 2472/238/75 2469/45/75
f 2468/43/75 2470/226/75 2472/238/75
f 2471/41/66 2470/226/66 2468/43/66
f 2465/223/76 2471/41/76 2468/43/76
f 2469/45/77 2472/238/77 2473/239/77
f 2472/238/29 2475/241/29 2473/239/29
f 2472/238/29 2474/240/29 2475/241/29
f 2470/226/29 2474/240/29 2472/238/29
f 2478/251/29 2473/239/29 2475/241/29
f 2475/241/80 2479/50/80 2476/253/80
f 2478/251/29 2475/241/29 2476/253/29
f 2475/241/80 2477/48/80 2479/50/80
f 2474/240/78 2477/48/78 2475/241/78
f 2476/253/90 2479/50/90 2480/73/90
f 2480/260/101 2479/242/101 2481/247/101
f 2479/242/81 2482/244/81 2481/247/81
f 2479/242/81 2477/243/81 2482/244/81
f 2486/245/82 2482/244/82 2477/243/82
f 2482/244/32 2485/246/32 2481/247/32
f 2482/244/32 2483/237/32 2485/246/32
f 2482/244/32 2467/235/32 2483/237/32
f 2482/244/32 2484/234/32 2467/235/32
f 2486/245/82 2484/234/82 2482/244/82
f 2474/240/78 2486/46/78 2477/48/78
f 2474/240/79 2487/44/79 2486/46/79
f 2487/232/72 2484/234/72 2486/245/72
f 2474/240/79 2488/229/79 2487/44/79
f 2488/229/69 2461/42/69 2487/44/69
f 2487/232/72 2464/231/72 2484/234/72
f 2461/230/70 2464/231/70 2487/232/70
f 2470/226/29 2488/229/29 2474/240/29
f 2454/224/29 2488/229/29 2470/226/29
f 2488/229/69 2456/227/69 2461/42/69
f 2454/224/29 2456/227/29 2488/229/29
f 2481/247/32 2485/246/32 2489/249/32
f 2489/249/367 2485/246/367 2490/49/367
f 2485/246/84 2491/47/84 2490/49/84
f 2485/246/84 2483/237/84 2491/47/84
f 2491/47/88 2478/251/88 2490/49/88
f 2491/47/88 2473/239/88 2478/251/88
f 2469/45/77 2473/239/77 2491/47/77
f 2483/237/73 2469/45/73 2491/47/73
f 2489/249/83 2490/49/83 2492/51/83
f 2490/49/87 2493/250/87 2492/51/87
f 2490/49/87 2478/251/87 2493/250/87
f 2496/53/333 2492/51/333 2493/250/333
f 2493/250/29 2497/255/29 2494/254/29
f 2496/53/86 2493/250/86 2494/254/86
f 2493/250/29 2495/252/29 2497/255/29
f 2493/250/29 2476/253/29 2495/252/29
f 2493/250/29 2478/251/29 2476/253/29
f 2500/266/29 2494/254/29 2497/255/29
f 2498/274/91 2497/255/91 2499/52/91
f 2500/266/29 2497/255/29 2498/274/29
f 2495/252/89 2499/52/89 2497/255/89
f 2501/54/44 2500/266/44 2502/265/44
f 2496/53/96 2500/266/96 2501/54/96
f 2500/266/29 2503/269/29 2502/265/29
f 2500/266/29 2498/274/29 2503/269/29
f 2496/53/96 2494/254/96 2500/266/96
f 2506/268/29 2502/265/29 2503/269/29
f 2504/267/38 2503/269/38 2505/63/38
f 2506/268/29 2503/269/29 2504/267/29
f 2503/269/97 2507/61/97 2505/63/97
f 2503/269/97 2498/274/97 2507/61/97
f 2498/274/91 2499/52/91 2507/61/91
f 2507/258/94 2509/261/94 2505/275/94
f 2507/258/94 2508/257/94 2509/261/94
f 2499/256/92 2508/257/92 2507/258/92
f 2505/275/39 2509/261/39 2510/276/39
f 2509/261/32 2512/283/32 2510/276/32
f 2509/261/32 2511/263/32 2512/283/32
f 2509/261/32 2513/262/32 2511/263/32
f 2509/261/32 2508/257/32 2513/262/32
f 2515/259/32 2513/262/32 2508/257/32
f 2511/263/46 2513/262/46 2501/54/46
f 2513/262/95 2496/53/95 2501/54/95
f 2513/262/95 2514/264/95 2496/53/95
f 2515/259/32 2514/264/32 2513/262/32
f 2499/256/92 2515/259/92 2508/257/92
f 2480/260/198 2515/259/198 2499/256/198
f 2515/259/32 2489/249/32 2514/264/32
f 2515/259/32 2516/248/32 2489/249/32
f 2480/260/93 2516/248/93 2515/259/93
f 2480/260/101 2481/247/101 2516/248/101
f 2481/247/32 2489/249/32 2516/248/32
f 2489/249/85 2496/53/85 2514/264/85
f 2519/280/32 2510/279/32 2512/282/32
f 2512/282/47 2520/2/47 2517/281/47
f 2519/280/32 2512/282/32 2517/281/32
f 2512/282/47 2518/3/47 2520/2/47
f 2512/283/45 2521/62/45 2518/64/45
f 2512/283/45 2511/263/45 2521/62/45
f 2521/62/42 2506/268/42 2518/64/42
f 2521/62/42 2502/265/42 2506/268/42
f 2501/54/44 2502/265/44 2521/62/44
f 2511/263/46 2501/54/46 2521/62/46
f 2524/284/54 2520/2/54 2389/5/54
f 2520/2/55 2523/285/55 2389/5/55
f 2520/2/55 2522/270/55 2523/285/55
f 2520/2/43 2506/271/43 2522/270/43
f 2524/284/54 2517/281/54 2520/2/54
f 2520/2/43 2518/3/43 2506/271/43
f 2525/294/32 2524/284/32 2385/296/32
f 2525/294/32 2517/281/32 2524/284/32
f 2385/296/53 2524/284/53 2389/5/53
f 2395/290/49 2526/295/49 2525/294/49
f 2527/358/48 2525/294/48 2526/295/48
f 2525/294/32 2385/296/32 2386/293/32
f 2395/290/49 2525/294/49 2386/293/49
f 2525/294/32 2519/280/32 2517/281/32
f 2527/358/48 2519/280/48 2525/294/48
f 2396/287/41 2528/273/41 2527/4/41
f 2528/273/37 2529/1/37 2527/4/37
f 2396/287/41 2527/4/41 2526/6/41
f 2529/278/40 2519/280/40 2527/358/40
f 2528/273/37 2504/272/37 2529/1/37
f 2504/267/38 2505/63/38 2529/115/38
f 2529/278/40 2510/279/40 2519/280/40
f 2505/275/39 2510/276/39 2529/277/39
f 2522/270/29 2528/273/29 2396/287/29
f 2506/271/29 2528/273/29 2522/270/29
f 2506/271/29 2504/272/29 2528/273/29
f 2396/287/50 2526/6/50 2395/8/50
f 2389/5/57 2523/285/57 2388/286/57
f 2388/286/29 2523/285/29 2396/287/29
f 2522/270/29 2396/287/29 2523/285/29
f 2495/252/89 2480/73/89 2499/52/89
f 2489/249/85 2492/51/85 2496/53/85
f 2476/253/133 2480/73/133 2495/252/133
f 2464/231/32 2467/235/32 2484/234/32
f 2483/237/73 2467/235/73 2469/45/73
f 2471/41/66 2454/224/66 2470/226/66
f 2451/39/64 2454/224/64 2471/41/64
f 2465/223/62 2451/39/62 2471/41/62
f 2465/223/62 2449/220/62 2451/39/62
f 2446/216/32 2449/220/32 2462/221/32
f 2455/228/67 2461/42/67 2456/227/67
f 2452/359/29 2434/360/29 2459/215/29
f 2433/204/29 2459/215/29 2434/360/29
f 2459/215/331 2442/35/331 2445/72/331
f 2459/215/56 2440/212/56 2442/35/56
f 2433/204/29 2440/212/29 2459/215/29
f 2445/213/60 2446/216/60 2458/217/60
f 2432/36/98 2434/360/98 2452/359/98
f 2429/203/51 2432/36/51 2447/206/51
f 2351/354/29 2421/192/29 2346/183/29
f 2351/354/29 2418/353/29 2421/192/29
f 2351/354/29 2416/355/29 2418/353/29
f 2351/354/29 2353/352/29 2416/355/29
f 2353/352/29 2410/341/29 2416/355/29
f 2414/346/32 2354/350/32 2349/356/32
f 2353/352/29 2356/339/29 2410/341/29
f 2358/22/80 2530/20/80 2408/321/80
f 2368/18/78 2408/321/78 2530/20/78
f 2358/22/80 2408/321/80 2359/338/80
f 2368/18/78 2406/796/78 2408/321/78
f 2362/330/81 2530/20/81 2358/22/81
f 2362/330/82 2368/18/82 2530/20/82
f 2531/16/79 2406/796/79 2368/18/79
f 2531/16/79 2404/787/79 2406/796/79
f 2369/791/72 2531/16/72 2368/18/72
f 2532/14/69 2404/787/69 2531/16/69
f 2374/793/70 2531/16/70 2369/791/70
f 2374/793/70 2532/14/70 2531/16/70
f 2532/14/69 2402/788/69 2404/787/69
f 2378/12/67 2402/788/67 2532/14/67
f 2374/793/71 2378/12/71 2532/14/71
f 2378/12/67 2400/318/67 2402/788/67
f 2378/12/68 2391/300/68 2400/318/68
f 2395/290/51 2386/293/51 2383/291/51
f 2378/12/68 2381/11/68 2391/300/68
f 2384/9/59 2391/300/59 2381/11/59
f 2371/786/74 2365/785/74 2366/782/74
f 236/301/64 238/13/64 279/302/64
f 239/308/62 282/313/62 281/306/62
f 240/311/32 283/310/32 282/313/32
f 241/12/71 286/319/71 285/315/71
f 241/12/67 243/318/67 288/317/67
f 243/318/29 236/301/29 278/303/29
f 245/321/29 291/323/29 293/325/29
f 247/330/32 246/327/32 295/329/32
f 249/20/82 247/330/82 299/335/82
f 300/337/78 245/321/78 249/20/78
f 259/21/77 244/324/77 292/326/77
f 259/343/73 301/952/73 294/328/73
f 526/318/67 586/467/67 585/465/67
f 527/301/29 588/469/29 587/466/29
f 527/301/64 530/13/64 589/468/64
f 531/308/62 592/474/62 591/471/62
f 531/308/32 533/311/32 593/473/32
f 533/311/71 524/12/71 594/475/71
f 534/330/82 600/481/82 599/480/82
f 534/330/32 535/327/32 597/479/32
f 603/483/78 602/1011/78 538/321/78
f 538/321/29 602/1011/29 604/484/29
f 606/485/77 546/21/77 540/324/77
f 546/343/73 607/1012/73 608/487/73
f 752/321/29 889/580/29 888/576/29
f 891/577/77 753/21/77 751/324/77
f 755/318/67 896/600/67 893/581/67
f 756/311/71 754/12/71 895/583/71
f 898/585/64 881/301/64 880/13/64
f 880/305/62 882/308/62 900/587/62
f 756/311/32 897/584/32 902/590/32
f 883/330/32 884/327/32 903/592/32
f 753/343/73 907/1066/73 908/595/73
f 887/20/82 883/330/82 906/594/82
f 892/579/78 752/321/78 887/20/78
f 755/318/29 881/301/29 911/599/29
f 1197/688/73 1198/691/73 1060/327/73
f 1058/330/32 1060/327/32 1199/689/32
f 1058/330/82 1200/690/82 1201/692/82
f 1063/308/62 1205/696/62 1204/695/62
f 1065/301/64 1064/13/64 1208/698/64
f 1184/12/71 1209/703/71 1210/701/71
f 1184/12/67 1070/318/67 1211/702/67
f 1216/708/77 1061/21/77 1185/324/77
f 1186/321/29 1218/712/29 1214/706/29
f 1219/711/78 1186/321/78 1062/20/78
f 1070/318/29 1065/301/29 1220/713/29
f 1077/311/32 1213/705/32 1206/697/32
usemtl WaxLight
f 305/116/32 302/117/32 303/119/32
f 304/1/103 303/2/103 302/3/103
f 306/63/104 304/115/104 302/64/104
f 306/63/104 302/64/104 305/62/104
f 308/54/105 307/61/105 306/63/105
f 304/76/29 306/367/29 307/75/29
f 308/54/105 306/63/105 305/62/105
f 309/368/32 308/369/32 305/116/32
f 309/53/106 307/61/106 308/54/106
f 310/149/32 309/368/32 313/370/32
f 312/73/107 309/53/107 310/51/107
f 309/53/106 311/52/106 307/61/106
f 312/73/107 311/52/107 309/53/107
f 313/370/32 309/368/32 314/371/32
f 361/372/32 309/368/32 362/373/32
f 318/374/32 315/144/32 314/371/32
f 315/39/108 316/42/108 314/41/108
f 316/42/109 317/43/109 314/41/109
f 314/371/32 317/145/32 319/147/32
f 363/375/32 318/374/32 365/376/32
f 314/371/32 319/147/32 313/370/32
f 314/371/32 360/377/32 365/376/32
f 364/378/32 387/379/32 385/380/32
f 362/373/32 305/116/32 366/381/32
f 388/382/32 320/383/32 389/384/32
f 390/385/110 389/386/110 320/27/110
f 369/387/32 322/122/32 321/388/32
f 323/389/32 392/390/32 393/391/32
f 370/392/32 322/122/32 368/393/32
f 394/394/32 367/395/32 391/396/32
f 305/116/32 371/397/32 366/381/32
f 323/389/32 386/398/32 392/390/32
f 324/399/32 393/391/32 395/400/32
f 327/33/111 323/34/111 324/30/111
f 327/33/111 325/35/111 323/34/111
f 325/35/112 326/36/112 323/34/112
f 318/374/32 323/389/32 326/142/32
f 327/89/29 396/401/29 397/402/29
f 329/56/29 398/403/29 399/404/29
f 327/33/113 400/405/113 396/406/113
f 328/87/29 325/407/29 327/89/29
f 330/85/29 328/87/29 327/89/29
f 327/89/29 397/402/29 401/408/29
f 329/56/29 402/409/29 398/403/29
f 372/410/29 330/85/29 327/89/29
f 374/411/29 375/412/29 333/58/29
f 327/89/29 401/408/29 405/413/29
f 377/414/29 406/415/29 402/409/29
f 407/416/29 327/89/29 405/413/29
f 377/414/29 408/417/29 406/415/29
f 379/418/29 332/57/29 334/100/29
f 327/89/29 407/416/29 404/419/29
f 380/420/29 334/100/29 333/58/29
f 334/100/29 335/421/29 341/104/29
f 338/11/114 335/10/114 334/13/114
f 336/12/115 334/13/115 337/15/115
f 338/11/114 334/13/114 336/12/114
f 340/101/29 337/102/29 334/100/29
f 332/57/29 339/422/29 334/100/29
f 339/422/29 340/101/29 334/100/29
f 341/104/29 333/58/29 334/100/29
f 341/104/29 342/423/29 333/58/29
f 342/8/116 341/68/116 343/9/116
f 341/68/117 338/11/117 343/9/117
f 341/68/117 335/10/117 338/11/117
f 343/121/32 338/424/32 344/425/32
f 342/8/116 343/9/116 344/7/116
f 303/119/32 345/426/32 344/425/32
f 333/6/118 344/7/118 345/5/118
f 333/6/118 342/8/118 344/7/118
f 305/116/32 303/119/32 344/425/32
f 344/425/32 338/424/32 305/116/32
f 346/4/119 345/5/119 303/2/119
f 346/4/119 333/6/119 345/5/119
f 346/74/29 304/76/29 307/75/29
f 304/1/103 346/4/103 303/2/103
f 333/58/29 346/74/29 307/75/29
f 337/15/120 340/17/120 347/16/120
f 340/17/121 348/18/121 347/16/121
f 340/17/121 339/19/121 348/18/121
f 322/122/32 347/125/32 348/427/32
f 339/19/122 349/20/122 348/18/122
f 348/427/32 349/128/32 350/428/32
f 322/122/32 348/427/32 350/428/32
f 332/21/123 350/22/123 349/20/123
f 332/21/123 351/23/123 350/22/123
f 351/23/124 352/24/124 350/22/124
f 321/388/32 350/428/32 352/130/32
f 321/388/32 322/122/32 350/428/32
f 351/23/124 331/69/124 352/24/124
f 331/69/125 321/26/125 352/24/125
f 331/97/29 351/429/29 332/57/29
f 339/19/122 332/21/122 349/20/122
f 337/15/120 347/16/120 322/14/120
f 338/424/32 336/124/32 322/122/32
f 381/430/32 338/424/32 370/392/32
f 336/12/115 337/15/115 322/14/115
f 307/75/29 312/80/29 333/58/29
f 384/431/29 312/80/29 382/432/29
f 373/433/29 353/79/29 330/85/29
f 374/411/29 333/58/29 383/434/29
f 353/79/29 354/82/29 330/85/29
f 354/46/126 353/48/126 355/47/126
f 353/48/127 313/49/127 355/47/127
f 312/80/29 356/435/29 353/79/29
f 353/48/127 356/50/127 313/49/127
f 356/50/128 310/51/128 313/49/128
f 356/50/128 312/73/128 310/51/128
f 319/147/32 355/148/32 313/370/32
f 354/46/126 355/47/126 319/45/126
f 354/82/29 357/436/29 330/85/29
f 357/44/129 354/46/129 319/45/129
f 357/436/29 316/437/29 330/85/29
f 316/42/109 357/44/109 317/43/109
f 357/44/129 319/45/129 317/43/129
f 329/56/29 358/438/29 331/97/29
f 331/69/125 358/25/125 321/26/125
f 321/26/130 358/25/130 329/70/130
f 330/85/29 359/439/29 328/87/29
f 318/38/131 359/37/131 330/40/131
f 315/39/108 330/40/108 316/42/108
f 318/38/131 330/40/131 315/39/131
f 328/72/132 359/37/132 318/38/132
f 329/70/110 390/385/110 320/27/110
f 321/26/130 329/70/130 320/27/130
f 410/440/29 409/441/29 329/56/29
f 399/404/29 410/440/29 329/56/29
f 325/35/112 328/72/112 326/36/112
f 328/72/132 318/38/132 326/36/132
f 324/30/113 395/442/113 400/405/113
f 307/75/29 311/443/29 312/80/29
f 915/116/32 912/117/32 913/119/32
f 914/1/165 913/2/165 912/3/165
f 915/62/166 914/115/166 912/64/166
f 921/495/32 916/369/32 915/116/32
f 918/61/167 915/62/167 916/54/167
f 915/62/166 917/63/166 914/115/166
f 918/61/167 917/63/167 915/62/167
f 974/607/32 913/119/32 922/122/32
f 919/549/32 915/116/32 924/147/32
f 919/549/32 920/149/32 915/116/32
f 920/149/32 921/495/32 915/116/32
f 915/116/32 973/608/32 976/609/32
f 975/610/32 922/122/32 977/611/32
f 1000/612/32 978/613/32 1001/614/32
f 980/615/32 924/147/32 915/116/32
f 923/67/32 979/616/32 982/617/32
f 983/618/32 1003/619/32 1002/620/32
f 976/609/32 981/621/32 915/116/32
f 1004/622/32 925/383/32 1005/623/32
f 925/27/168 1006/624/168 1005/625/168
f 926/193/169 1008/626/169 1007/627/169
f 926/193/168 1007/627/168 1009/628/168
f 1008/626/169 928/194/169 1010/629/169
f 1011/630/32 929/523/32 1012/631/32
f 1012/631/32 930/130/32 1013/632/32
f 1013/632/32 931/633/32 1004/622/32
f 984/634/32 1014/635/32 923/67/32
f 1011/630/32 1001/614/32 985/636/32
f 922/122/32 933/125/32 932/127/32
f 936/17/170 932/18/170 933/16/170
f 932/18/171 934/19/171 937/21/171
f 936/17/170 934/19/170 932/18/170
f 932/127/32 935/128/32 929/523/32
f 932/18/171 937/21/171 935/20/171
f 937/57/29 934/422/29 939/100/29
f 937/21/172 929/22/172 935/20/172
f 927/637/29 938/98/29 937/57/29
f 937/21/172 938/23/172 929/22/172
f 927/637/29 937/57/29 988/638/29
f 989/639/29 940/640/29 986/641/29
f 937/57/29 990/642/29 987/643/29
f 940/640/29 941/644/29 927/637/29
f 941/211/173 940/33/173 1016/645/173
f 940/33/174 944/34/174 942/30/174
f 942/30/173 1015/646/173 940/33/173
f 945/647/29 943/88/29 940/640/29
f 940/33/174 943/35/174 944/34/174
f 992/648/29 945/647/29 940/640/29
f 993/649/29 994/650/29 946/58/29
f 995/651/29 940/640/29 989/639/29
f 996/652/29 939/100/29 946/58/29
f 946/58/29 947/74/29 914/76/29
f 913/2/175 947/4/175 946/6/175
f 946/6/176 950/7/176 948/5/176
f 913/2/175 946/6/175 948/5/175
f 949/105/29 946/58/29 939/100/29
f 946/6/176 949/8/176 950/7/176
f 914/76/29 917/367/29 946/58/29
f 917/367/29 918/75/29 946/58/29
f 998/653/29 918/75/29 951/654/29
f 993/649/29 946/58/29 999/655/29
f 951/654/29 991/656/29 997/657/29
f 951/654/29 952/658/29 955/83/29
f 924/45/177 952/46/177 951/48/177
f 951/48/178 919/49/178 953/47/178
f 924/45/177 951/48/177 953/47/177
f 954/81/29 951/654/29 918/75/29
f 951/48/178 954/50/178 919/49/178
f 955/83/29 956/659/29 951/654/29
f 956/659/29 945/647/29 951/654/29
f 945/40/179 956/42/179 923/41/179
f 923/41/180 956/42/180 955/44/180
f 955/44/181 924/45/181 957/43/181
f 923/41/180 955/44/180 957/43/180
f 955/44/181 952/46/181 924/45/181
f 923/67/32 957/145/32 924/147/32
f 954/50/182 920/51/182 919/49/182
f 958/80/29 954/81/29 918/75/29
f 954/50/182 958/73/182 920/51/182
f 920/51/183 958/73/183 959/52/183
f 918/75/29 959/78/29 958/80/29
f 959/52/184 916/54/184 921/53/184
f 920/51/183 959/52/183 921/53/183
f 959/52/184 918/61/184 916/54/184
f 924/147/32 953/148/32 919/549/32
f 913/119/32 948/426/32 950/521/32
f 949/8/185 960/9/185 950/7/185
f 960/121/32 922/122/32 950/521/32
f 950/521/32 922/122/32 913/119/32
f 960/9/186 961/68/186 963/10/186
f 949/8/185 961/68/185 960/9/185
f 960/121/32 962/522/32 922/122/32
f 960/9/186 963/10/186 962/11/186
f 939/100/29 963/103/29 961/104/29
f 963/10/187 964/12/187 962/11/187
f 963/10/187 939/13/187 964/12/187
f 962/522/32 964/124/32 922/122/32
f 939/13/188 922/14/188 964/12/188
f 961/104/29 949/105/29 939/100/29
f 914/1/165 947/4/165 913/2/165
f 945/647/29 965/86/29 967/87/29
f 965/37/189 945/40/189 966/39/189
f 945/40/179 923/41/179 966/39/179
f 945/647/29 967/87/29 943/88/29
f 943/35/190 967/72/190 968/36/190
f 968/36/191 967/72/191 965/37/191
f 923/67/32 944/660/32 968/142/32
f 943/35/190 968/36/190 944/34/190
f 968/142/32 969/548/32 923/67/32
f 968/36/191 965/37/191 969/38/191
f 965/37/189 966/39/189 969/38/189
f 969/548/32 966/144/32 923/67/32
f 942/399/32 1019/661/32 1018/662/32
f 944/660/32 1014/635/32 1019/661/32
f 941/644/29 928/663/29 927/637/29
f 1020/664/192 941/211/192 1017/665/192
f 936/101/29 970/102/29 939/100/29
f 939/13/188 970/15/188 922/14/188
f 934/422/29 936/101/29 939/100/29
f 922/14/193 970/15/193 936/17/193
f 938/23/194 930/24/194 929/22/194
f 927/637/29 971/97/29 938/98/29
f 938/23/194 971/69/194 930/24/194
f 930/24/195 971/69/195 972/25/195
f 927/637/29 972/96/29 971/97/29
f 972/25/196 925/27/196 931/26/196
f 930/24/195 972/25/195 931/26/195
f 972/25/196 927/70/196 925/27/196
f 922/14/193 936/17/193 933/16/193
f 1010/629/192 928/194/192 1020/664/192
f 928/663/29 926/666/29 927/637/29
f 1512/116/32 1509/117/32 1510/119/32
f 1511/1/231 1510/2/231 1509/3/231
f 1512/62/232 1511/115/232 1509/64/232
f 1517/150/32 1513/369/32 1512/116/32
f 1513/54/233 1514/63/233 1512/62/233
f 1512/62/232 1514/63/232 1511/115/232
f 1512/116/32 1510/119/32 1518/118/32
f 1515/146/32 1516/149/32 1512/116/32
f 1521/67/32 1515/146/32 1512/116/32
f 1516/149/32 1517/150/32 1512/116/32
f 1512/116/32 1518/118/32 1519/797/32
f 1519/797/32 1520/798/32 1512/116/32
f 1520/798/32 1521/67/32 1512/116/32
f 1527/143/32 1522/144/32 1521/67/32
f 1522/39/234 1523/42/234 1521/41/234
f 1521/41/235 1523/42/235 1525/44/235
f 1521/67/32 1524/145/32 1528/147/32
f 1521/41/235 1525/44/235 1524/43/235
f 1520/798/32 1526/142/32 1521/67/32
f 1526/142/32 1527/143/32 1521/67/32
f 1521/67/32 1528/147/32 1515/146/32
f 1525/44/236 1528/45/236 1524/43/236
f 1525/44/236 1529/46/236 1528/45/236
f 1529/46/237 1530/47/237 1528/45/237
f 1528/147/32 1530/148/32 1515/146/32
f 1529/46/237 1531/48/237 1530/47/237
f 1531/48/238 1515/49/238 1530/47/238
f 1531/799/29 1529/658/29 1534/800/29
f 1532/801/29 1531/799/29 1533/75/29
f 1531/48/238 1532/50/238 1515/49/238
f 1535/58/29 1533/75/29 1531/799/29
f 1531/799/29 1534/800/29 1536/802/29
f 1535/58/29 1531/799/29 1536/802/29
f 1536/802/29 1537/644/29 1540/803/29
f 1537/211/239 1536/33/239 1538/30/239
f 1536/33/240 1520/34/240 1538/30/240
f 1539/804/29 1536/802/29 1534/800/29
f 1536/33/240 1539/35/240 1520/34/240
f 1536/802/29 1540/803/29 1541/57/29
f 1536/802/29 1541/57/29 1535/58/29
f 1541/57/29 1542/422/29 1546/101/29
f 1542/19/241 1541/21/241 1543/20/241
f 1541/21/242 1545/22/242 1543/20/242
f 1544/805/29 1541/57/29 1540/803/29
f 1541/21/242 1544/23/242 1545/22/242
f 1546/101/29 1547/102/29 1541/57/29
f 1547/102/29 1548/100/29 1541/57/29
f 1541/57/29 1548/100/29 1535/58/29
f 1548/100/29 1549/763/29 1551/104/29
f 1549/10/243 1548/13/243 1550/12/243
f 1550/12/244 1548/13/244 1547/15/244
f 1551/104/29 1552/723/29 1548/100/29
f 1552/723/29 1535/58/29 1548/100/29
f 1535/6/245 1552/8/245 1518/7/245
f 1552/8/246 1553/9/246 1518/7/246
f 1552/8/246 1551/68/246 1553/9/246
f 1518/118/32 1553/121/32 1555/122/32
f 1553/9/247 1551/68/247 1549/10/247
f 1553/121/32 1554/123/32 1555/122/32
f 1553/9/247 1549/10/247 1554/11/247
f 1554/123/32 1550/124/32 1555/122/32
f 1550/12/244 1547/15/244 1555/14/244
f 1555/14/248 1547/15/248 1546/17/248
f 1555/122/32 1556/125/32 1557/127/32
f 1555/14/248 1546/17/248 1556/16/248
f 1518/118/32 1555/122/32 1519/797/32
f 1555/122/32 1557/127/32 1545/126/32
f 1555/122/32 1545/126/32 1519/797/32
f 1546/17/249 1557/18/249 1556/16/249
f 1546/17/249 1542/19/249 1557/18/249
f 1542/19/241 1543/20/241 1557/18/241
f 1557/127/32 1543/128/32 1545/126/32
f 1549/10/243 1550/12/243 1554/11/243
f 1544/23/250 1558/24/250 1545/22/250
f 1545/126/32 1558/130/32 1519/797/32
f 1558/24/251 1559/69/251 1561/25/251
f 1544/23/250 1559/69/250 1558/24/250
f 1558/130/32 1560/806/32 1519/797/32
f 1558/24/251 1561/25/251 1560/26/251
f 1540/803/29 1561/807/29 1559/97/29
f 1561/25/252 1562/27/252 1560/26/252
f 1561/25/252 1540/70/252 1562/27/252
f 1560/806/32 1562/383/32 1519/797/32
f 1562/27/253 1540/70/253 1563/193/253
f 1562/27/253 1563/193/253 1519/185/253
f 1564/663/29 1563/666/29 1540/803/29
f 1519/185/254 1563/193/254 1564/194/254
f 1564/194/255 1566/187/255 1565/180/255
f 1519/185/254 1564/194/254 1565/180/254
f 1537/644/29 1564/663/29 1540/803/29
f 1564/194/255 1537/211/255 1566/187/255
f 1519/797/32 1565/808/32 1566/809/32
f 1537/211/239 1538/30/239 1566/187/239
f 1566/809/32 1538/399/32 1520/798/32
f 1519/797/32 1566/809/32 1520/798/32
f 1559/97/29 1544/805/29 1540/803/29
f 1539/35/256 1526/36/256 1520/34/256
f 1567/87/29 1539/804/29 1534/800/29
f 1539/35/256 1567/72/256 1526/36/256
f 1526/36/257 1567/72/257 1568/37/257
f 1534/800/29 1568/810/29 1567/87/29
f 1568/37/258 1522/39/258 1527/38/258
f 1526/36/257 1568/37/257 1527/38/257
f 1568/37/258 1534/40/258 1522/39/258
f 1535/58/29 1569/74/29 1511/76/29
f 1569/4/259 1535/6/259 1570/5/259
f 1535/6/245 1518/7/245 1570/5/245
f 1511/76/29 1514/367/29 1535/58/29
f 1514/367/29 1533/75/29 1535/58/29
f 1510/119/32 1570/426/32 1518/118/32
f 1569/4/259 1570/5/259 1510/2/259
f 1511/1/231 1569/4/231 1510/2/231
f 1522/39/234 1534/40/234 1523/42/234
f 1525/83/29 1523/659/29 1534/800/29
f 1529/658/29 1525/83/29 1534/800/29
f 1533/75/29 1571/811/29 1572/80/29
f 1571/52/260 1533/61/260 1513/54/260
f 1513/54/233 1533/61/233 1514/63/233
f 1572/80/29 1532/801/29 1533/75/29
f 1532/50/261 1572/73/261 1516/51/261
f 1516/51/262 1572/73/262 1571/52/262
f 1571/52/260 1513/54/260 1517/53/260
f 1516/51/262 1571/52/262 1517/53/262
f 1532/50/261 1516/51/261 1515/49/261
f 2024/116/32 2021/828/32 2022/119/32
f 2023/1/295 2022/2/295 2021/3/295
f 2024/62/296 2023/115/296 2021/64/296
f 2025/369/32 2024/116/32 2030/146/32
f 2027/61/297 2024/62/297 2025/54/297
f 2024/62/296 2026/63/296 2023/115/296
f 2027/61/297 2026/63/297 2024/62/297
f 2022/119/32 2028/426/32 2024/116/32
f 2028/426/32 2029/118/32 2024/116/32
f 2024/116/32 2029/118/32 2031/122/32
f 2030/146/32 2024/116/32 2033/812/32
f 2031/122/32 2032/814/32 2024/116/32
f 2032/814/32 2033/812/32 2024/116/32
f 2034/737/32 2033/812/32 2032/814/32
f 2037/70/298 2033/185/298 2034/27/298
f 2033/185/299 2035/193/299 2038/194/299
f 2037/70/298 2035/193/298 2033/185/298
f 2033/812/32 2036/829/32 2039/816/32
f 2033/185/299 2038/194/299 2036/180/299
f 2039/816/32 2040/755/32 2033/812/32
f 2040/755/32 2041/136/32 2033/812/32
f 2033/812/32 2041/136/32 2042/371/32
f 2042/371/32 2030/146/32 2033/812/32
f 2043/144/32 2042/371/32 2041/136/32
f 2046/40/300 2042/41/300 2043/39/300
f 2042/41/301 2044/42/301 2047/44/301
f 2046/40/300 2044/42/300 2042/41/300
f 2042/371/32 2045/145/32 2048/147/32
f 2042/41/301 2047/44/301 2045/43/301
f 2048/147/32 2049/148/32 2042/371/32
f 2049/148/32 2030/146/32 2042/371/32
f 2051/46/302 2049/47/302 2048/45/302
f 2049/47/303 2050/48/303 2052/50/303
f 2051/46/302 2050/48/302 2049/47/302
f 2049/47/303 2052/50/303 2030/49/303
f 2053/824/29 2052/801/29 2050/79/29
f 2052/50/304 2054/51/304 2030/49/304
f 2052/50/304 2053/73/304 2054/51/304
f 2030/146/32 2054/149/32 2055/150/32
f 2054/51/305 2053/73/305 2056/52/305
f 2054/51/305 2056/52/305 2055/53/305
f 2027/75/29 2056/720/29 2053/824/29
f 2056/52/306 2025/54/306 2055/53/306
f 2056/52/306 2027/61/306 2025/54/306
f 2055/150/32 2025/369/32 2030/146/32
f 2027/75/29 2053/824/29 2050/79/29
f 2051/82/29 2047/83/29 2046/85/29
f 2047/44/307 2051/46/307 2048/45/307
f 2050/79/29 2051/82/29 2046/85/29
f 2050/79/29 2046/85/29 2058/89/29
f 2057/58/29 2027/75/29 2050/79/29
f 2057/58/29 2050/79/29 2058/89/29
f 2058/89/29 2059/830/29 2037/56/29
f 2059/211/308 2058/33/308 2040/30/308
f 2040/30/309 2058/33/309 2060/35/309
f 2061/825/29 2060/831/29 2058/89/29
f 2046/85/29 2061/825/29 2058/89/29
f 2058/89/29 2037/56/29 2062/57/29
f 2058/89/29 2062/57/29 2057/58/29
f 2062/57/29 2063/422/29 2067/101/29
f 2063/19/310 2062/21/310 2064/20/310
f 2064/20/311 2062/21/311 2065/23/311
f 2066/818/29 2065/731/29 2062/57/29
f 2037/56/29 2066/818/29 2062/57/29
f 2067/101/29 2068/102/29 2062/57/29
f 2068/102/29 2069/100/29 2062/57/29
f 2062/57/29 2069/100/29 2057/58/29
f 2069/100/29 2070/763/29 2072/104/29
f 2070/10/312 2069/13/312 2071/12/312
f 2069/13/313 2031/14/313 2071/12/313
f 2069/13/313 2068/15/313 2031/14/313
f 2069/100/29 2072/104/29 2057/58/29
f 2072/104/29 2073/723/29 2057/58/29
f 2073/8/314 2072/68/314 2074/9/314
f 2074/9/315 2072/68/315 2070/10/315
f 2029/118/32 2074/121/32 2075/123/32
f 2073/8/314 2074/9/314 2029/7/314
f 2074/9/315 2070/10/315 2075/11/315
f 2070/10/312 2071/12/312 2075/11/312
f 2075/123/32 2071/124/32 2029/118/32
f 2028/5/316 2057/6/316 2073/8/316
f 2028/5/316 2073/8/316 2029/7/316
f 2071/124/32 2031/122/32 2029/118/32
f 2031/14/317 2068/15/317 2067/17/317
f 2067/17/318 2077/18/318 2076/16/318
f 2031/14/317 2067/17/317 2076/16/317
f 2067/17/318 2063/19/318 2077/18/318
f 2031/122/32 2076/125/32 2077/427/32
f 2063/19/310 2064/20/310 2077/18/310
f 2077/427/32 2064/128/32 2031/122/32
f 2065/23/319 2066/69/319 2078/24/319
f 2078/24/320 2066/69/320 2079/25/320
f 2037/56/29 2079/807/29 2066/818/29
f 2079/25/321 2034/27/321 2080/26/321
f 2078/24/320 2079/25/320 2080/26/320
f 2079/25/321 2037/70/321 2034/27/321
f 2032/814/32 2078/832/32 2080/132/32
f 2080/132/32 2034/737/32 2032/814/32
f 2065/23/319 2078/24/319 2032/22/319
f 2064/20/311 2065/23/311 2032/22/311
f 2064/128/32 2032/814/32 2031/122/32
f 2060/35/322 2061/72/322 2081/36/322
f 2081/36/323 2061/72/323 2082/37/323
f 2046/85/29 2082/833/29 2061/825/29
f 2082/37/324 2043/39/324 2083/38/324
f 2081/36/323 2082/37/323 2083/38/323
f 2082/37/324 2046/40/324 2043/39/324
f 2041/136/32 2081/834/32 2083/826/32
f 2083/826/32 2043/144/32 2041/136/32
f 2060/35/322 2081/36/322 2041/34/322
f 2040/30/309 2060/35/309 2041/34/309
f 2059/830/29 2038/663/29 2037/56/29
f 2038/194/325 2059/211/325 2039/187/325
f 2059/211/308 2040/30/308 2039/187/308
f 2057/58/29 2084/74/29 2023/76/29
f 2084/4/326 2057/6/326 2028/5/326
f 2023/76/29 2026/367/29 2057/58/29
f 2026/367/29 2027/75/29 2057/58/29
f 2023/1/295 2084/4/295 2022/2/295
f 2084/4/326 2028/5/326 2022/2/326
f 2047/44/307 2048/45/307 2045/43/307
f 2047/83/29 2044/437/29 2046/85/29
f 2038/194/325 2039/187/325 2036/180/325
f 2038/663/29 2035/835/29 2037/56/29
f 2536/838/32 2533/117/32 2534/839/32
f 2535/1/369 2534/840/369 2533/3/369
f 2536/841/370 2535/842/370 2533/843/370
f 2542/149/32 2537/844/32 2536/838/32
f 2539/845/371 2536/841/371 2537/846/371
f 2536/841/370 2538/847/370 2535/842/370
f 2539/845/371 2538/847/371 2536/841/371
f 2536/838/32 2534/839/32 2543/121/32
f 2545/848/32 2540/849/32 2536/838/32
f 2540/849/32 2541/850/32 2536/838/32
f 2541/850/32 2542/149/32 2536/838/32
f 2536/838/32 2543/121/32 2544/834/32
f 2544/834/32 2545/848/32 2536/838/32
f 2544/834/32 2546/851/32 2545/848/32
f 2549/852/372 2545/853/372 2546/854/372
f 2545/853/373 2547/855/373 2550/856/373
f 2549/852/372 2547/855/372 2545/853/372
f 2545/848/32 2548/145/32 2540/849/32
f 2545/853/373 2550/856/373 2548/857/373
f 2550/83/29 2547/858/29 2553/859/29
f 2550/856/374 2540/860/374 2548/857/374
f 2552/861/29 2551/862/29 2550/83/29
f 2550/856/374 2551/863/374 2540/860/374
f 2539/864/29 2552/861/29 2550/83/29
f 2550/83/29 2553/859/29 2555/865/29
f 2554/866/29 2539/864/29 2550/83/29
f 2550/83/29 2555/865/29 2554/866/29
f 2555/865/29 2556/97/29 2561/867/29
f 2556/868/375 2555/869/375 2557/870/375
f 2555/869/376 2559/871/376 2557/870/376
f 2560/663/29 2558/872/29 2555/865/29
f 2555/869/376 2558/873/376 2559/871/376
f 2553/859/29 2560/663/29 2555/865/29
f 2555/865/29 2561/867/29 2562/101/29
f 2562/101/29 2563/874/29 2555/865/29
f 2563/874/29 2554/866/29 2555/865/29
f 2563/874/29 2564/104/29 2554/866/29
f 2564/875/377 2563/876/377 2565/877/377
f 2563/876/378 2567/878/378 2565/877/378
f 2562/101/29 2566/879/29 2563/874/29
f 2563/876/378 2566/880/378 2567/878/378
f 2565/881/32 2567/882/32 2569/883/32
f 2567/878/379 2566/880/379 2562/884/379
f 2567/882/32 2568/125/32 2569/883/32
f 2567/878/379 2562/884/379 2568/885/379
f 2562/884/380 2569/886/380 2568/885/380
f 2562/884/380 2570/887/380 2569/886/380
f 2570/887/381 2571/888/381 2569/886/381
f 2569/883/32 2571/889/32 2572/832/32
f 2543/121/32 2565/881/32 2569/883/32
f 2543/121/32 2569/883/32 2544/834/32
f 2569/883/32 2572/832/32 2544/834/32
f 2571/888/382 2556/868/382 2572/890/382
f 2556/868/375 2557/870/375 2572/890/375
f 2572/832/32 2557/891/32 2559/892/32
f 2572/832/32 2559/892/32 2544/834/32
f 2571/888/382 2561/893/382 2556/868/382
f 2570/887/381 2561/893/381 2571/888/381
f 2561/867/29 2570/894/29 2562/101/29
f 2564/875/377 2565/877/377 2543/895/377
f 2573/896/383 2554/897/383 2564/875/383
f 2573/896/383 2564/875/383 2543/895/383
f 2534/839/32 2573/898/32 2543/121/32
f 2574/899/384 2573/896/384 2534/840/384
f 2574/899/384 2554/897/384 2573/896/384
f 2554/866/29 2574/900/29 2535/76/29
f 2535/1/369 2574/899/369 2534/840/369
f 2559/871/385 2558/873/385 2560/901/385
f 2560/901/386 2577/902/386 2575/903/386
f 2559/871/385 2560/901/385 2575/903/385
f 2553/859/29 2576/904/29 2560/663/29
f 2560/901/386 2576/905/386 2577/902/386
f 2559/892/32 2575/815/32 2577/906/32
f 2576/905/387 2578/907/387 2577/902/387
f 2577/906/32 2578/908/32 2544/834/32
f 2559/892/32 2577/906/32 2544/834/32
f 2578/907/388 2553/909/388 2579/910/388
f 2576/905/387 2553/909/387 2578/907/387
f 2578/907/388 2579/910/388 2544/911/388
f 2549/912/29 2579/87/29 2553/859/29
f 2579/910/389 2546/854/389 2544/911/389
f 2579/910/389 2549/852/389 2546/854/389
f 2554/866/29 2535/76/29 2539/864/29
f 2547/858/29 2549/912/29 2553/859/29
f 2551/863/390 2552/913/390 2541/914/390
f 2541/914/391 2552/913/391 2580/915/391
f 2539/864/29 2580/80/29 2552/861/29
f 2580/915/392 2537/846/392 2542/916/392
f 2541/914/391 2580/915/391 2542/916/391
f 2580/915/392 2539/845/392 2537/846/392
f 2551/863/390 2541/914/390 2540/860/390
f 2535/76/29 2538/917/29 2539/864/29
f 361/372/32 360/377/32 314/371/32
f 309/368/32 305/116/32 362/373/32
f 361/372/32 314/371/32 309/368/32
f 363/375/32 364/378/32 386/398/32
f 364/378/32 385/380/32 386/398/32
f 386/398/32 318/374/32 363/375/32
f 318/374/32 314/371/32 365/376/32
f 388/382/32 321/388/32 320/383/32
f 369/387/32 368/393/32 322/122/32
f 321/388/32 388/382/32 391/396/32
f 391/396/32 367/395/32 321/388/32
f 367/395/32 369/387/32 321/388/32
f 323/389/32 318/374/32 386/398/32
f 324/399/32 323/389/32 393/391/32
f 327/33/113 324/30/113 400/405/113
f 329/56/29 331/97/29 402/409/29
f 327/89/29 404/419/29 372/410/29
f 404/419/29 403/971/29 372/410/29
f 372/410/29 373/433/29 330/85/29
f 402/409/29 331/97/29 377/414/29
f 331/97/29 332/57/29 376/972/29
f 378/973/29 331/97/29 376/972/29
f 378/973/29 377/414/29 331/97/29
f 379/418/29 376/972/29 332/57/29
f 380/420/29 379/418/29 334/100/29
f 333/58/29 375/412/29 380/420/29
f 381/430/32 371/397/32 305/116/32
f 338/424/32 322/122/32 370/392/32
f 381/430/32 305/116/32 338/424/32
f 384/431/29 383/434/29 312/80/29
f 383/434/29 333/58/29 312/80/29
f 312/80/29 353/79/29 382/432/29
f 373/433/29 382/432/29 353/79/29
f 329/70/110 409/974/110 390/385/110
f 974/607/32 973/608/32 913/119/32
f 973/608/32 915/116/32 913/119/32
f 922/122/32 975/610/32 974/607/32
f 980/615/32 979/616/32 924/147/32
f 979/616/32 923/67/32 924/147/32
f 915/116/32 981/621/32 980/615/32
f 1004/622/32 931/633/32 925/383/32
f 925/27/168 927/70/168 1006/624/168
f 926/193/169 928/194/169 1008/626/169
f 1009/628/168 1006/624/168 927/70/168
f 927/70/168 926/193/168 1009/628/168
f 1011/630/32 932/127/32 929/523/32
f 1012/631/32 929/523/32 930/130/32
f 1013/632/32 930/130/32 931/633/32
f 984/634/32 983/618/32 1014/635/32
f 983/618/32 1002/620/32 1014/635/32
f 923/67/32 982/617/32 984/634/32
f 1001/614/32 978/613/32 985/636/32
f 985/636/32 977/611/32 932/127/32
f 977/611/32 922/122/32 932/127/32
f 932/127/32 1011/630/32 985/636/32
f 988/638/29 986/641/29 927/637/29
f 986/641/29 940/640/29 927/637/29
f 937/57/29 987/643/29 988/638/29
f 937/57/29 939/100/29 990/642/29
f 1016/645/173 1017/665/173 941/211/173
f 940/33/173 1015/646/173 1016/645/173
f 942/30/173 1018/1085/173 1015/646/173
f 992/648/29 991/656/29 945/647/29
f 940/640/29 995/651/29 992/648/29
f 996/652/29 990/642/29 939/100/29
f 946/58/29 994/650/29 996/652/29
f 998/653/29 999/655/29 918/75/29
f 999/655/29 946/58/29 918/75/29
f 951/654/29 997/657/29 998/653/29
f 951/654/29 945/647/29 991/656/29
f 942/399/32 944/660/32 1019/661/32
f 944/660/32 923/67/32 1014/635/32
f 1020/664/192 928/194/192 941/211/192
usemtl WalkWall
f 78/171/33 96/172/33 95/173/33
f 82/174/34 99/175/34 103/176/34
f 94/177/35 77/178/35 76/179/35
f 291/361/33 300/362/33 299/363/33
f 285/364/35 288/365/35 289/366/35
f 404/459/33 407/460/33 386/461/33
f 390/462/35 399/463/35 398/464/35
f 604/489/33 603/490/33 599/491/33
f 593/492/35 594/493/35 587/494/35
f 707/570/33 709/571/33 698/572/33
f 706/573/35 697/574/35 696/575/35
f 903/601/33 908/602/33 891/603/33
f 900/604/35 902/605/35 911/606/35
f 1015/679/33 1014/680/33 1002/681/33
f 1011/682/35 1012/683/35 1006/684/35
f 1022/685/32 1008/686/32 1020/687/32
f 1216/714/33 1214/715/33 1199/716/33
f 1210/717/35 1211/718/35 1220/719/35
f 1310/774/33 1309/775/33 1301/776/33
f 1315/777/35 1304/778/35 1302/779/35
f 1308/780/32 1313/781/32 1316/685/32
f 101/933/33 89/934/33 90/935/33
f 85/936/33 84/937/33 78/171/33
f 101/933/33 90/935/33 95/173/33
f 90/935/33 85/936/33 78/171/33
f 81/938/33 102/939/33 80/940/33
f 102/939/33 101/933/33 80/940/33
f 90/935/33 78/171/33 95/173/33
f 78/171/33 79/941/33 97/942/33
f 78/171/33 97/942/33 96/172/33
f 80/940/33 101/933/33 95/173/33
f 103/176/34 102/939/34 82/174/34
f 102/939/34 81/938/34 82/174/34
f 103/176/35 99/175/35 100/943/35
f 99/175/35 98/944/35 100/943/35
f 98/944/35 92/945/35 76/179/35
f 100/943/35 98/944/35 91/946/35
f 86/947/35 91/946/35 76/179/35
f 76/179/35 91/946/35 98/944/35
f 92/945/35 93/948/35 76/179/35
f 87/949/35 86/947/35 76/179/35
f 76/179/35 83/950/35 88/951/35
f 88/951/35 87/949/35 76/179/35
f 93/948/35 94/177/35 76/179/35
f 299/363/33 297/953/33 296/954/33
f 296/954/33 295/955/33 294/956/33
f 294/956/33 301/957/33 292/958/33
f 292/958/33 293/959/33 291/361/33
f 291/361/33 290/960/33 300/362/33
f 300/362/33 298/961/33 299/363/33
f 299/363/33 296/954/33 291/361/33
f 296/954/33 294/956/33 291/361/33
f 294/956/33 292/958/33 291/361/33
f 289/366/35 278/962/35 279/963/35
f 279/963/35 280/964/35 281/965/35
f 281/965/35 282/966/35 283/967/35
f 283/967/35 284/968/35 285/364/35
f 285/364/35 286/969/35 288/365/35
f 288/365/35 287/970/35 289/366/35
f 289/366/35 279/963/35 281/965/35
f 281/965/35 283/967/35 289/366/35
f 283/967/35 285/364/35 289/366/35
f 397/991/33 396/992/33 400/993/33
f 400/993/33 395/994/33 393/995/33
f 400/993/33 393/995/33 392/996/33
f 401/997/33 397/991/33 400/993/33
f 405/998/33 401/997/33 400/993/33
f 400/993/33 392/996/33 407/460/33
f 392/996/33 386/461/33 407/460/33
f 385/999/33 387/1000/33 403/1001/33
f 386/461/33 385/999/33 404/459/33
f 407/460/33 405/998/33 400/993/33
f 385/999/33 403/1001/33 404/459/33
f 408/1002/35 394/1003/35 406/1004/35
f 394/1003/35 391/1005/35 406/1004/35
f 388/1006/35 389/1007/35 390/462/35
f 391/1005/35 388/1006/35 390/462/35
f 406/1004/35 391/1005/35 402/1008/35
f 402/1008/35 391/1005/35 390/462/35
f 390/462/35 409/1009/35 410/1010/35
f 390/462/35 410/1010/35 399/463/35
f 398/464/35 402/1008/35 390/462/35
f 599/491/33 600/1013/33 597/1014/33
f 597/1014/33 598/1015/33 608/1016/33
f 608/1016/33 607/1017/33 606/1018/33
f 606/1018/33 605/1019/33 604/489/33
f 604/489/33 602/1020/33 603/490/33
f 603/490/33 601/1021/33 599/491/33
f 599/491/33 597/1014/33 604/489/33
f 597/1014/33 608/1016/33 604/489/33
f 608/1016/33 606/1018/33 604/489/33
f 594/493/35 596/1022/35 585/1023/35
f 585/1023/35 586/1024/35 587/494/35
f 587/494/35 588/1025/35 589/1026/35
f 589/1026/35 590/1027/35 591/1028/35
f 591/1028/35 592/1029/35 593/492/35
f 593/492/35 595/1030/35 594/493/35
f 594/493/35 585/1023/35 587/494/35
f 587/494/35 589/1026/35 591/1028/35
f 591/1028/35 593/492/35 587/494/35
f 711/1050/33 693/1051/33 692/1052/33
f 711/1050/33 692/1052/33 710/1053/33
f 692/1052/33 699/1054/33 710/1053/33
f 695/1055/33 694/1056/33 698/572/33
f 710/1053/33 699/1054/33 709/571/33
f 699/1054/33 695/1055/33 698/572/33
f 709/571/33 699/1054/33 698/572/33
f 698/572/33 708/1057/33 707/570/33
f 701/1058/35 704/1059/35 700/1060/35
f 704/1059/35 702/1061/35 700/1060/35
f 703/1062/35 705/1063/35 706/573/35
f 702/1061/35 703/1062/35 706/573/35
f 700/1060/35 702/1061/35 706/573/35
f 706/573/35 713/1064/35 712/1065/35
f 706/573/35 712/1065/35 697/574/35
f 696/575/35 700/1060/35 706/573/35
f 891/603/33 890/1067/33 888/1068/33
f 888/1068/33 889/1069/33 892/1070/33
f 892/1070/33 909/1071/33 906/1072/33
f 906/1072/33 905/1073/33 903/601/33
f 903/601/33 904/1074/33 908/602/33
f 908/602/33 907/1075/33 891/603/33
f 891/603/33 888/1068/33 903/601/33
f 888/1068/33 892/1070/33 903/601/33
f 892/1070/33 906/1072/33 903/601/33
f 897/1076/35 895/1077/35 902/605/35
f 895/1077/35 894/1078/35 893/1079/35
f 902/605/35 895/1077/35 893/1079/35
f 893/1079/35 896/1080/35 911/606/35
f 911/606/35 910/1081/35 898/1082/35
f 893/1079/35 911/606/35 902/605/35
f 900/604/35 901/1083/35 902/605/35
f 898/1082/35 899/1084/35 900/604/35
f 911/606/35 898/1082/35 900/604/35
f 1015/679/33 1018/1107/33 1019/1108/33
f 1015/679/33 1019/1108/33 1014/680/33
f 1022/1109/33 1016/1110/33 1002/681/33
f 1016/1110/33 1015/679/33 1002/681/33
f 1002/681/33 1003/1111/33 1022/1109/33
f 1006/684/35 1009/1112/35 1001/1113/35
f 1009/1112/35 1021/777/35 1001/1113/35
f 1021/777/35 1000/1114/35 1001/1113/35
f 1001/1113/35 1011/682/35 1006/684/35
f 1005/1115/35 1006/684/35 1004/1116/35
f 1004/1116/35 1006/684/35 1013/1117/35
f 1013/1117/35 1006/684/35 1012/683/35
f 1021/777/32 1009/1112/32 1007/1118/32
f 1007/1118/32 1008/686/32 1021/777/32
f 1008/686/32 1010/1119/32 1020/687/32
f 1021/777/32 1008/686/32 1022/685/32
f 1020/687/32 1017/1120/32 1022/685/32
f 1017/1120/32 1016/1121/32 1022/685/32
f 1202/1122/33 1201/1123/33 1219/1124/33
f 1201/1123/33 1200/1125/33 1199/716/33
f 1199/716/33 1198/1126/33 1197/1127/33
f 1201/1123/33 1199/716/33 1214/715/33
f 1219/1124/33 1201/1123/33 1214/715/33
f 1218/1128/33 1219/1124/33 1214/715/33
f 1216/714/33 1215/1129/33 1214/715/33
f 1199/716/33 1197/1127/33 1216/714/33
f 1197/1127/33 1217/1130/33 1216/714/33
f 1220/719/35 1207/1131/35 1208/1132/35
f 1208/1132/35 1203/1133/35 1204/1134/35
f 1204/1134/35 1205/1135/35 1206/1136/35
f 1206/1136/35 1213/1137/35 1210/717/35
f 1210/717/35 1209/1138/35 1211/718/35
f 1211/718/35 1212/1139/35 1220/719/35
f 1220/719/35 1208/1132/35 1204/1134/35
f 1204/1134/35 1206/1136/35 1220/719/35
f 1206/1136/35 1210/717/35 1220/719/35
f 1309/775/33 1311/1153/33 1316/1109/33
f 1316/1109/33 1301/776/33 1309/775/33
f 1301/776/33 1300/1154/33 1312/1155/33
f 1301/776/33 1312/1155/33 1310/774/33
f 1302/779/35 1303/1156/35 1306/1157/35
f 1306/1157/35 1315/777/35 1302/779/35
f 1298/1158/32 1299/1159/32 1314/1160/32
f 1299/1159/32 1301/1161/32 1316/685/32
f 1314/1160/32 1299/1159/32 1316/685/32
f 1316/685/32 1315/777/32 1308/780/32
f 1314/1160/32 1316/685/32 1313/781/32
f 1315/777/32 1306/1157/32 1305/1162/32
f 1305/1162/32 1307/1163/32 1315/777/32
f 1307/1163/32 1308/780/32 1315/777/32
o HoneyDrips
v -8.714798 14.213265 12.000000
v -9.761798 12.913265 12.000000
v -8.637240 14.150802 12.240417
v -9.684240 12.850801 12.240417
v -8.449999 14.000000 12.340000
v -9.497000 12.700001 12.340000
v -8.262758 13.849199 12.240417
v -9.309758 12.549200 12.240417
v -8.185201 13.786736 12.000000
v -9.232201 12.486735 12.000000
v -8.262758 13.849199 11.759583
v -9.309758 12.549199 11.759583
v -8.449999 14.000000 11.660000
v -9.497000 12.700001 11.660000
v -8.637240 14.150801 11.759583
v -9.684240 12.850801 11.759583
v -9.496999 13.170000 12.000000
v -9.496999 13.146996 12.114336
v -9.540753 13.146996 12.105633
v -9.577847 13.146996 12.080848
v -9.602632 13.146996 12.043755
v -9.611335 13.146996 12.000000
v -9.602632 13.146996 11.956245
v -9.577847 13.146996 11.919152
v -9.540753 13.146996 11.894367
v -9.496999 13.146996 11.885664
v -9.453244 13.146996 11.894367
v -9.416151 13.146996 11.919152
v -9.391366 13.146996 11.956245
v -9.382662 13.146996 12.000000
v -9.391366 13.146996 12.043755
v -9.416151 13.146996 12.080848
v -9.453244 13.146996 12.105633
v -9.413773 13.080237 12.200926
v -9.496999 13.080237 12.217481
v -9.496999 12.976259 12.299336
v -9.580225 13.080237 12.200926
v -9.611549 12.976259 12.276551
v -9.382448 12.976259 12.276550
v -9.362336 12.845238 12.325105
v -9.285336 12.976259 12.211663
v -9.343217 13.080237 12.153782
v -9.248175 12.845238 12.248825
v -9.235370 12.700000 12.261630
v -9.171894 12.845238 12.134664
v -9.355406 12.700000 12.341836
v -9.362336 12.554762 12.325105
v -9.496999 12.700000 12.370000
v -9.496999 12.554762 12.351892
v -9.638592 12.700000 12.341836
v -9.496999 12.845238 12.351891
v -9.631661 12.845238 12.325105
v -9.745823 12.845238 12.248825
v -9.758628 12.700000 12.261630
v -9.745823 12.554762 12.248825
v -9.838834 12.700000 12.141593
v -9.631661 12.554762 12.325105
v -9.822104 12.845238 12.134663
v -9.822104 12.554762 12.134663
v -9.773549 12.423740 12.114552
v -9.848889 12.554762 12.000000
v -9.866999 12.700000 12.000000
v -9.796335 12.423740 12.000000
v -9.822104 12.554762 11.865337
v -9.838834 12.700000 11.858407
v -9.773549 12.423740 11.885449
v -9.745823 12.554762 11.751176
v -9.758628 12.700000 11.738371
v -9.708661 12.423740 11.788338
v -9.631661 12.554762 11.674895
v -9.611549 12.423740 11.723450
v -9.580225 12.319761 11.799074
v -9.496999 12.423740 11.700664
v -9.650781 12.319761 11.846218
v -9.496999 12.554762 11.648109
v -9.496999 12.700000 11.630000
v -9.362335 12.554762 11.674895
v -9.638592 12.700000 11.658165
v -9.382447 12.423740 11.723450
v -9.413773 12.319761 11.799074
v -9.285336 12.423740 11.788338
v -9.248174 12.554762 11.751176
v -9.343217 12.319761 11.846218
v -9.416151 12.253003 11.919152
v -9.296073 12.319761 11.916774
v -9.453244 12.253003 11.894367
v -9.391366 12.253003 11.956245
v -9.382662 12.253003 12.000000
v -9.496999 12.230000 12.000000
v -9.496999 12.253003 12.114336
v -9.540753 12.253003 12.105633
v -9.577847 12.253003 12.080848
v -9.602632 12.253003 12.043755
v -9.611335 12.253003 12.000000
v -9.602632 12.253003 11.956245
v -9.577847 12.253003 11.919152
v -9.540753 12.253003 11.894367
v -9.496999 12.253003 11.885664
v -9.391366 12.253003 12.043755
v -9.416151 12.253003 12.080848
v -9.453244 12.253003 12.105633
v -9.413773 12.319761 12.200926
v -9.382448 12.423740 12.276551
v -9.343217 12.319761 12.153782
v -9.496999 12.319761 12.217481
v -9.496999 12.423740 12.299336
v -9.580225 12.319761 12.200926
v -9.611549 12.423740 12.276551
v -9.708661 12.423740 12.211663
v -9.650781 12.319761 12.153782
v -9.697925 12.319761 12.083226
v -9.714479 12.319761 12.000000
v -9.697925 12.319761 11.916774
v -9.285336 12.423740 12.211663
v -9.296073 12.319761 12.083226
v -9.220448 12.423740 12.114552
v -9.171894 12.554762 12.134664
v -9.197662 12.423740 12.000000
v -9.145107 12.554762 12.000000
v -9.279518 12.319761 12.000000
v -9.126999 12.700000 12.000000
v -9.171894 12.554762 11.865337
v -9.155163 12.700000 11.858407
v -9.220448 12.423740 11.885449
v -9.235369 12.700000 11.738371
v -9.248174 12.845238 11.751176
v -9.355406 12.700000 11.658165
v -9.171894 12.845238 11.865337
v -9.220448 12.976259 11.885449
v -9.145108 12.845238 12.000000
v -9.285336 12.976259 11.788338
v -9.197662 12.976259 12.000000
v -9.279518 13.080237 12.000000
v -9.220448 12.976259 12.114552
v -9.296073 13.080237 11.916774
v -9.343217 13.080237 11.846218
v -9.413773 13.080237 11.799074
v -9.382447 12.976259 11.723450
v -9.362335 12.845238 11.674895
v -9.496999 12.976259 11.700664
v -9.496999 13.080237 11.782519
v -9.580225 13.080237 11.799074
v -9.611549 12.976259 11.723450
v -9.631661 12.845238 11.674895
v -9.708661 12.976259 11.788338
v -9.496999 12.845238 11.648109
v -9.650781 13.080237 11.846218
v -9.745823 12.845238 11.751176
v -9.773549 12.976259 11.885449
v -9.697925 13.080237 11.916774
v -9.714479 13.080237 12.000000
v -9.796335 12.976259 12.000000
v -9.848889 12.845238 12.000000
v -9.773549 12.976258 12.114552
v -9.697925 13.080237 12.083226
v -9.650781 13.080237 12.153782
v -9.708661 12.976259 12.211663
v -9.822104 12.845238 11.865337
v -9.296073 13.080237 12.083226
v -9.155163 12.700000 12.141593
v -9.248175 12.554762 12.248825
v -9.496999 12.319761 11.782519
v -7.550169 14.208991 16.359091
v -7.361935 14.147779 16.528023
v -8.683969 12.528991 17.013691
v -7.602351 14.147779 16.111610
v -7.487915 14.000000 15.930551
v -8.736152 12.467779 16.766211
v -8.621715 12.320000 16.585152
v -7.033478 13.852221 16.338388
v -7.147914 14.000000 16.519447
v -8.167278 12.172220 16.992989
v -7.085661 13.791008 16.090908
v -7.273894 13.852221 15.921975
v -8.407695 12.172220 16.576576
v -8.219461 12.111008 16.745508
v -8.281715 12.320000 17.174047
v -8.495735 12.467778 17.182623
v -8.451715 12.790000 16.879601
v -8.451715 12.766996 16.993937
v -8.495469 12.766996 16.985233
v -8.532562 12.766996 16.960449
v -8.557347 12.766996 16.923355
v -8.566051 12.766996 16.879601
v -8.557347 12.766996 16.835846
v -8.532562 12.766996 16.798752
v -8.495469 12.766996 16.773968
v -8.451715 12.766996 16.765265
v -8.407960 12.766996 16.773968
v -8.370867 12.766996 16.798752
v -8.346082 12.766996 16.835846
v -8.337379 12.766996 16.879601
v -8.346082 12.766996 16.923355
v -8.370867 12.766996 16.960449
v -8.407960 12.766996 16.985233
v -8.368488 12.700238 17.080526
v -8.337164 12.596259 17.156151
v -8.297933 12.700238 17.033382
v -8.451715 12.700238 17.097080
v -8.240052 12.596259 17.091263
v -8.202890 12.465238 17.128426
v -8.175164 12.596259 16.994152
v -8.126610 12.465238 17.014263
v -8.317052 12.465238 17.204704
v -8.310122 12.320000 17.221436
v -8.451715 12.465238 17.231491
v -8.190085 12.320000 17.141230
v -8.451715 12.596259 17.178936
v -8.451715 12.320000 17.249599
v -8.451715 12.174762 17.231491
v -8.593307 12.320000 17.221436
v -8.586377 12.465238 17.204704
v -8.586377 12.174762 17.204704
v -8.713345 12.320000 17.141230
v -8.700539 12.174762 17.128426
v -8.663377 12.043741 17.091263
v -8.776819 12.174762 17.014263
v -8.728265 12.043741 16.994152
v -8.793550 12.320000 17.021194
v -8.776819 12.465238 17.014263
v -8.821714 12.320000 16.879601
v -8.700539 12.465239 17.128426
v -8.663378 12.596259 17.091263
v -8.605496 12.700238 17.033382
v -8.566266 12.596259 17.156151
v -8.728265 12.596259 16.994152
v -8.534941 12.700238 17.080526
v -8.652640 12.700238 16.962826
v -8.751051 12.596259 16.879601
v -8.669195 12.700238 16.879601
v -8.803605 12.465238 16.879601
v -8.728265 12.596259 16.765049
v -8.652640 12.700238 16.796375
v -8.776819 12.465239 16.744938
v -8.663377 12.596259 16.667938
v -8.605496 12.700238 16.725819
v -8.534941 12.700238 16.678675
v -8.566265 12.596259 16.603050
v -8.451715 12.700238 16.662121
v -8.451715 12.596259 16.580265
v -8.451715 12.465239 16.527710
v -8.337164 12.596259 16.603050
v -8.586377 12.465239 16.554497
v -8.368488 12.700238 16.678675
v -8.317052 12.465238 16.554497
v -8.310122 12.320000 16.537766
v -8.202890 12.465238 16.630775
v -8.451715 12.320000 16.509602
v -8.190085 12.320000 16.617971
v -8.202890 12.174762 16.630775
v -8.109879 12.320000 16.738008
v -8.317052 12.174762 16.554497
v -8.337164 12.043741 16.603050
v -8.451715 12.174762 16.527710
v -8.240052 12.043741 16.667938
v -8.297933 11.939762 16.725819
v -8.175164 12.043741 16.765049
v -8.368488 11.939762 16.678675
v -8.407960 11.873003 16.773968
v -8.451715 11.939762 16.662121
v -8.451715 11.873003 16.765265
v -8.370867 11.873003 16.798752
v -8.346082 11.873003 16.835846
v -8.451715 11.850000 16.879601
v -8.451715 11.873003 16.993937
v -8.495469 11.873003 16.985233
v -8.532562 11.873003 16.960449
v -8.557347 11.873003 16.923355
v -8.566051 11.873003 16.879601
v -8.557347 11.873003 16.835846
v -8.532562 11.873003 16.798752
v -8.495469 11.873003 16.773968
v -8.337379 11.873003 16.879601
v -8.346082 11.873003 16.923355
v -8.370867 11.873003 16.960449
v -8.407960 11.873003 16.985233
v -8.368488 11.939762 17.080526
v -8.297933 11.939762 17.033382
v -8.451715 11.939762 17.097080
v -8.451715 12.043741 17.178936
v -8.534941 11.939762 17.080526
v -8.566265 12.043741 17.156151
v -8.605496 11.939762 17.033382
v -8.652640 11.939762 16.962826
v -8.669195 11.939762 16.879601
v -8.751051 12.043741 16.879601
v -8.803605 12.174762 16.879601
v -8.728265 12.043741 16.765049
v -8.652640 11.939762 16.796375
v -8.605496 11.939762 16.725819
v -8.663377 12.043741 16.667938
v -8.534941 11.939762 16.678675
v -8.566265 12.043741 16.603050
v -8.586377 12.174762 16.554497
v -8.451715 12.043741 16.580265
v -8.593307 12.320000 16.537766
v -8.700539 12.174762 16.630775
v -8.713344 12.320000 16.617971
v -8.700539 12.465238 16.630775
v -8.793550 12.320000 16.738007
v -8.776819 12.174762 16.744938
v -8.337164 12.043741 17.156151
v -8.317052 12.174762 17.204704
v -8.202890 12.174762 17.128426
v -8.240052 12.043741 17.091263
v -8.175164 12.043741 16.994152
v -8.126610 12.174762 17.014263
v -8.109879 12.320000 17.021194
v -8.099824 12.174762 16.879601
v -8.081715 12.320000 16.879601
v -8.099824 12.465239 16.879601
v -8.152378 12.596259 16.879601
v -8.126610 12.465238 16.744938
v -8.175164 12.596259 16.765049
v -8.240052 12.596259 16.667938
v -8.297933 12.700238 16.725819
v -8.250789 12.700238 16.796375
v -8.234234 12.700238 16.879601
v -8.250789 12.700238 16.962826
v -8.152378 12.043741 16.879601
v -8.126610 12.174762 16.744938
v -8.234234 11.939762 16.879601
v -8.250789 11.939762 16.796375
v -8.250789 11.939762 16.962826
v -4.360164 14.206210 19.552029
v -4.112369 14.145812 19.603668
v -5.145864 12.146209 20.912901
v -4.528782 14.145812 19.363251
v -4.519448 13.999999 19.147919
v -5.314482 12.085812 20.724123
v -5.305148 11.939999 20.508789
v -3.930551 13.999999 19.487917
v -3.921217 13.854186 19.272583
v -4.706918 11.794186 20.633457
v -4.089835 13.793789 19.083807
v -4.716251 11.939999 20.848789
v -4.337631 13.854187 19.032167
v -5.123331 11.794186 20.393040
v -4.875536 11.733788 20.444679
v -4.898068 12.085812 20.964539
v -5.010699 12.410000 20.678789
v -5.010699 12.386995 20.793125
v -5.054454 12.386995 20.784422
v -5.091547 12.386995 20.759636
v -5.116333 12.386995 20.722544
v -5.125036 12.386995 20.678789
v -5.116333 12.386995 20.635035
v -5.091547 12.386995 20.597942
v -5.054454 12.386996 20.573156
v -5.010699 12.386995 20.564453
v -4.966945 12.386996 20.573156
v -4.929852 12.386995 20.597942
v -4.905066 12.386996 20.635035
v -4.896363 12.386996 20.678789
v -4.905066 12.386995 20.722544
v -4.929852 12.386996 20.759636
v -4.966945 12.386995 20.784422
v -4.927473 12.320237 20.879715
v -4.856917 12.320237 20.832571
v -4.799037 12.216258 20.890453
v -4.809773 12.320237 20.762016
v -4.734149 12.216258 20.793341
v -4.896149 12.216258 20.955339
v -4.876037 12.085238 21.003895
v -5.010699 12.216258 20.978127
v -5.010700 12.320237 20.896271
v -5.093925 12.320237 20.879715
v -5.125250 12.216258 20.955339
v -5.145362 12.085238 21.003895
v -5.222363 12.216258 20.890451
v -5.010699 12.085238 21.030680
v -5.259524 12.085238 20.927612
v -5.164481 12.320237 20.832571
v -5.211625 12.320237 20.762016
v -5.287250 12.216258 20.793339
v -5.228180 12.320237 20.678789
v -5.310036 12.216258 20.678789
v -5.211625 12.320237 20.595562
v -5.287250 12.216258 20.564238
v -5.164481 12.320237 20.525007
v -5.222362 12.216258 20.467127
v -5.259523 12.085238 20.429966
v -5.125250 12.216258 20.402239
v -5.093925 12.320237 20.477863
v -5.145362 12.085238 20.353683
v -5.010699 12.216258 20.379452
v -5.010699 12.320237 20.461308
v -4.927473 12.320237 20.477863
v -4.896148 12.216258 20.402239
v -4.876037 12.085238 20.353683
v -4.799037 12.216258 20.467127
v -5.010699 12.085238 20.326899
v -4.856917 12.320237 20.525007
v -4.761875 12.085238 20.429966
v -4.749070 11.940000 20.417160
v -4.685595 12.085238 20.544127
v -4.869106 11.940000 20.336954
v -4.668864 11.940000 20.537197
v -4.685595 11.794762 20.544127
v -4.640699 11.940000 20.678789
v -4.658809 12.085238 20.678789
v -4.658808 11.794762 20.678789
v -4.668864 11.940000 20.820381
v -4.685595 12.085238 20.813452
v -4.685595 11.794762 20.813452
v -4.734149 11.663740 20.793341
v -4.761875 11.794762 20.927612
v -4.711363 11.663740 20.678789
v -4.793219 11.559761 20.678789
v -4.734149 11.663740 20.564240
v -4.809773 11.559761 20.762016
v -4.905066 11.493003 20.722544
v -4.856918 11.559761 20.832571
v -4.896363 11.493003 20.678789
v -4.799037 11.663740 20.890451
v -4.896149 11.663740 20.955339
v -4.876037 11.794762 21.003895
v -4.927473 11.559761 20.879715
v -5.010699 11.663740 20.978127
v -5.010699 11.559761 20.896271
v -5.010699 11.493003 20.793125
v -5.093925 11.559761 20.879715
v -5.125251 11.663740 20.955339
v -5.145362 11.794762 21.003895
v -5.222363 11.663740 20.890451
v -5.010699 11.794762 21.030680
v -5.259524 11.794762 20.927612
v -5.164481 11.559761 20.832571
v -5.091547 11.493002 20.759636
v -5.211625 11.559761 20.762016
v -5.054454 11.493003 20.784422
v -5.116333 11.493003 20.722544
v -5.125036 11.493003 20.678789
v -5.010700 11.469999 20.678789
v -5.228180 11.559761 20.678789
v -5.310036 11.663740 20.678789
v -5.211625 11.559761 20.595562
v -5.287250 11.663740 20.793339
v -5.116333 11.493003 20.635035
v -5.091547 11.493003 20.597942
v -5.164481 11.559761 20.525007
v -5.222362 11.663740 20.467125
v -5.093925 11.559761 20.477863
v -5.287250 11.663740 20.564238
v -5.125251 11.663740 20.402239
v -5.054454 11.493003 20.573156
v -5.010699 11.493003 20.564453
v -5.010699 11.559761 20.461308
v -4.966945 11.493003 20.573156
v -4.927473 11.559761 20.477863
v -4.929852 11.493003 20.597942
v -4.856917 11.559761 20.525007
v -4.799037 11.663740 20.467127
v -4.809773 11.559761 20.595562
v -4.896148 11.663740 20.402239
v -4.905066 11.493003 20.635035
v -4.876037 11.794762 20.353683
v -5.010699 11.663740 20.379452
v -5.010699 11.794762 20.326899
v -4.761875 11.794762 20.429966
v -5.010699 11.940000 20.308788
v -5.145362 11.794762 20.353683
v -5.152292 11.940000 20.336954
v -5.272329 11.940000 20.417160
v -5.259524 11.794762 20.429966
v -5.352535 11.940000 20.537197
v -5.335804 12.085238 20.544127
v -5.335804 11.794762 20.544127
v -5.380699 11.940000 20.678789
v -5.362591 12.085238 20.678789
v -5.362590 11.794762 20.678789
v -5.352535 11.940000 20.820381
v -5.335804 11.794762 20.813452
v -5.335804 12.085238 20.813452
v -5.272329 11.940000 20.940418
v -5.152292 11.939999 21.020624
v -5.010699 11.939999 21.048790
v -4.869107 11.940000 21.020626
v -4.749070 11.940000 20.940418
v -4.761875 12.085238 20.927612
v -4.929852 11.493003 20.759636
v -4.966945 11.493003 20.784422
v -4.711363 12.216258 20.678789
v -4.793219 12.320237 20.678789
v -4.734149 12.216258 20.564240
v -4.809773 12.320237 20.595562
v 0.000000 14.213264 20.714800
v 0.240417 14.150801 20.637241
v 0.000000 12.913264 21.761799
v -0.240416 14.150801 20.637241
v -0.340000 14.000000 20.450001
v -0.240416 12.850801 21.684240
v -0.340000 12.700000 21.497000
v 0.340000 14.000000 20.450001
v 0.240416 13.849199 20.262760
v 0.000000 13.786736 20.185204
v -0.240416 13.849199 20.262760
v -0.240417 12.549199 21.309757
v 0.000000 12.486735 21.232201
v 0.340000 12.700001 21.497000
v 0.240417 12.850801 21.684240
v 0.240417 12.549199 21.309757
v 0.000001 13.170000 21.497002
v 0.000001 13.146996 21.611336
v -0.043754 13.146996 21.602634
v -0.080847 13.146997 21.577848
v -0.105632 13.146996 21.540756
v -0.114336 13.146996 21.497002
v -0.105632 13.146996 21.453247
v -0.080847 13.146997 21.416153
v -0.043754 13.146996 21.391369
v 0.000001 13.146996 21.382664
v 0.043756 13.146996 21.391369
v 0.080849 13.146996 21.416153
v 0.105634 13.146996 21.453247
v 0.114337 13.146996 21.497002
v 0.105634 13.146996 21.540756
v 0.080849 13.146996 21.577848
v 0.043756 13.146996 21.602634
v 0.083227 13.080238 21.697926
v 0.153782 13.080238 21.650784
v 0.211663 12.976259 21.708664
v 0.200927 13.080238 21.580227
v 0.276551 12.976259 21.611553
v 0.114552 12.976259 21.773552
v 0.134663 12.845238 21.822105
v 0.000001 12.976259 21.796337
v 0.000001 13.080238 21.714481
v -0.083225 13.080238 21.697926
v -0.114551 12.976259 21.773552
v -0.134663 12.845238 21.822105
v -0.211662 12.976259 21.708664
v -0.248823 12.845238 21.745825
v -0.153782 13.080238 21.650784
v -0.200925 13.080238 21.580227
v -0.276549 12.976259 21.611551
v -0.217480 13.080238 21.497002
v -0.299335 12.976259 21.497002
v -0.200925 13.080238 21.413774
v -0.276549 12.976259 21.382450
v -0.153782 13.080238 21.343220
v -0.211662 12.976259 21.285339
v -0.248823 12.845238 21.248177
v -0.114550 12.976259 21.220451
v -0.083225 13.080238 21.296074
v -0.134663 12.845238 21.171896
v 0.000001 12.976259 21.197664
v 0.000001 12.845238 21.145111
v 0.000001 13.080238 21.279520
v 0.083227 13.080238 21.296074
v 0.114552 12.976259 21.220451
v 0.153783 13.080238 21.343220
v 0.211663 12.976259 21.285339
v 0.200927 13.080238 21.413774
v 0.276551 12.976259 21.382450
v 0.217482 13.080238 21.497002
v 0.299336 12.976259 21.497002
v 0.351892 12.845238 21.497002
v 0.325106 12.845238 21.362339
v 0.325106 12.845238 21.631664
v 0.341836 12.700000 21.638594
v 0.248825 12.845238 21.745825
v 0.261631 12.700001 21.758631
v 0.248825 12.554762 21.745825
v 0.141594 12.699999 21.838837
v 0.134663 12.554762 21.822105
v 0.000001 12.700000 21.867001
v 0.000000 12.554762 21.848892
v -0.141592 12.700001 21.838837
v 0.000000 12.845238 21.848892
v -0.134663 12.554762 21.822105
v -0.261629 12.700000 21.758629
v -0.248823 12.554762 21.745825
v -0.341835 12.700000 21.638594
v -0.325104 12.845238 21.631664
v -0.325104 12.554762 21.631664
v -0.369999 12.700001 21.497002
v -0.351891 12.554762 21.497002
v -0.299335 12.423740 21.497002
v -0.325104 12.554762 21.362339
v -0.276550 12.423740 21.611551
v -0.341835 12.700000 21.355408
v -0.325104 12.845238 21.362339
v -0.261629 12.700000 21.235371
v -0.248823 12.554762 21.248177
v -0.211662 12.423740 21.285337
v -0.134663 12.554762 21.171896
v -0.276549 12.423740 21.382450
v -0.200925 12.319762 21.413774
v -0.153781 12.319761 21.343220
v -0.080847 12.253004 21.416153
v -0.083225 12.319762 21.296074
v -0.105632 12.253003 21.453247
v -0.114551 12.423740 21.220451
v -0.043754 12.253003 21.391369
v 0.000000 12.253003 21.382664
v 0.000000 12.230000 21.497002
v 0.000000 12.253003 21.611336
v -0.043754 12.253003 21.602634
v -0.080848 12.253003 21.577848
v -0.105632 12.253003 21.540756
v -0.114335 12.253003 21.497002
v 0.043756 12.253003 21.391369
v 0.080849 12.253003 21.416153
v 0.105634 12.253004 21.453247
v 0.114337 12.253003 21.497002
v 0.105634 12.253004 21.540756
v 0.080849 12.253004 21.577848
v 0.043756 12.253003 21.602634
v 0.083227 12.319761 21.697926
v 0.153783 12.319762 21.650784
v 0.211663 12.423740 21.708664
v 0.200927 12.319762 21.580227
v 0.114552 12.423741 21.773552
v 0.000000 12.423740 21.796337
v 0.000001 12.319761 21.714481
v -0.083225 12.319762 21.697926
v -0.114551 12.423740 21.773552
v -0.153782 12.319762 21.650784
v -0.211662 12.423740 21.708664
v -0.200925 12.319762 21.580227
v -0.217480 12.319762 21.497002
v 0.276551 12.423741 21.611553
v 0.217482 12.319761 21.497002
v 0.299337 12.423740 21.497002
v 0.351892 12.554762 21.497002
v 0.276551 12.423740 21.382450
v 0.325106 12.554762 21.631664
v 0.370001 12.700000 21.497002
v 0.341837 12.700000 21.355408
v 0.325106 12.554762 21.362339
v 0.248825 12.554762 21.248177
v 0.261631 12.700001 21.235371
v 0.211663 12.423740 21.285339
v 0.153783 12.319762 21.343220
v 0.114552 12.423740 21.220451
v 0.083227 12.319762 21.296074
v 0.200927 12.319762 21.413774
v 0.000001 12.319762 21.279520
v 0.000001 12.423741 21.197664
v 0.000001 12.554762 21.145111
v 0.134664 12.554762 21.171896
v 0.141594 12.700000 21.155167
v 0.000001 12.700000 21.127001
v -0.141592 12.700001 21.155167
v 0.134664 12.845238 21.171896
v 0.248825 12.845238 21.248177
v -0.351890 12.845238 21.497002
v 4.359093 14.208992 19.550169
v 4.528025 14.147779 19.361935
v 5.013693 12.528990 20.683968
v 4.111611 14.147779 19.602352
v 4.766211 12.467779 20.736151
v 4.338390 13.852221 19.033478
v 4.519449 13.999999 19.147915
v 4.992990 12.172219 20.167278
v 4.090908 13.791008 19.085661
v 5.174049 12.319999 20.281715
v 4.745508 12.111008 20.219460
v 3.921976 13.852221 19.273895
v 3.930552 14.000000 19.487915
v 4.585152 12.320000 20.621716
v 4.576576 12.172220 20.407694
v 5.182624 12.467777 20.495735
v 4.879601 12.789999 20.451714
v 4.879601 12.766996 20.566051
v 4.835846 12.766996 20.557346
v 4.798754 12.766996 20.532562
v 4.773968 12.766996 20.495468
v 4.765265 12.766996 20.451714
v 4.773968 12.766996 20.407959
v 4.798754 12.766996 20.370867
v 4.835846 12.766996 20.346081
v 4.879601 12.766996 20.337379
v 4.923355 12.766996 20.346081
v 4.960449 12.766996 20.370867
v 4.985234 12.766996 20.407959
v 4.993937 12.766996 20.451714
v 4.985234 12.766996 20.495468
v 4.960449 12.766996 20.532562
v 4.923355 12.766996 20.557346
v 4.962827 12.700238 20.652641
v 4.879601 12.700237 20.669195
v 4.879600 12.596258 20.751051
v 4.796375 12.700237 20.652641
v 4.994150 12.596259 20.728264
v 5.014263 12.465238 20.776819
v 5.091263 12.596258 20.663378
v 5.033382 12.700238 20.605495
v 4.879601 12.465239 20.803604
v 4.879602 12.320000 20.821714
v 4.744938 12.465238 20.776819
v 4.765049 12.596259 20.728264
v 4.738008 12.320000 20.793549
v 4.630777 12.465238 20.700539
v 4.667938 12.596258 20.663376
v 4.617971 12.320000 20.713345
v 4.554496 12.465238 20.586376
v 4.537766 12.320000 20.593307
v 4.554497 12.174761 20.586376
v 4.509601 12.320000 20.451714
v 4.630776 12.174762 20.700539
v 4.527710 12.174762 20.451714
v 4.580263 12.043741 20.451714
v 4.554497 12.174761 20.317051
v 4.603050 12.043741 20.566265
v 4.537766 12.320000 20.310122
v 4.554496 12.465238 20.317051
v 4.617971 12.320000 20.190084
v 4.630777 12.465238 20.202890
v 4.630776 12.174762 20.202890
v 4.667938 12.043741 20.240051
v 4.744938 12.174763 20.126610
v 4.603050 12.043741 20.337162
v 4.678675 11.939762 20.368488
v 4.725819 11.939762 20.297932
v 4.798752 11.873003 20.370867
v 4.796374 11.939762 20.250790
v 4.773968 11.873003 20.407959
v 4.765049 12.043741 20.175163
v 4.835846 11.873003 20.346081
v 4.879601 11.873003 20.337379
v 4.879601 11.850000 20.451714
v 4.879601 11.873003 20.566051
v 4.835846 11.873003 20.557346
v 4.798752 11.873003 20.532562
v 4.773968 11.873003 20.495468
v 4.765265 11.873003 20.451714
v 4.923355 11.873003 20.346081
v 4.960449 11.873003 20.370867
v 4.985233 11.873003 20.407959
v 4.993937 11.873003 20.451714
v 4.985233 11.873003 20.495468
v 4.960449 11.873003 20.532562
v 4.923355 11.873003 20.557346
v 4.962828 11.939762 20.652641
v 5.033382 11.939762 20.605495
v 5.091263 12.043741 20.663376
v 5.080527 11.939762 20.534941
v 4.994152 12.043741 20.728264
v 5.014263 12.174761 20.776819
v 4.879601 12.043741 20.751051
v 5.128426 12.174762 20.700539
v 5.141230 12.320000 20.713345
v 5.204705 12.174761 20.586376
v 5.156151 12.043741 20.566265
v 5.221436 12.320000 20.593307
v 5.204704 12.465239 20.586376
v 5.249601 12.320000 20.451714
v 5.128425 12.465238 20.700539
v 5.156152 12.596258 20.566265
v 5.080526 12.700237 20.534941
v 5.178938 12.596258 20.451714
v 5.097082 12.700238 20.451714
v 5.231491 12.465239 20.451714
v 5.156153 12.596259 20.337164
v 5.080526 12.700237 20.368488
v 5.204704 12.465239 20.317051
v 5.091263 12.596259 20.240051
v 5.033382 12.700238 20.297932
v 5.128425 12.465238 20.202890
v 4.994152 12.596259 20.175163
v 4.962827 12.700238 20.250790
v 5.014263 12.465238 20.126610
v 4.879601 12.596258 20.152378
v 4.879601 12.700237 20.234234
v 4.796375 12.700237 20.250790
v 4.765049 12.596259 20.175163
v 4.744938 12.465238 20.126610
v 4.667938 12.596258 20.240051
v 4.879601 12.465239 20.099823
v 4.879601 12.320000 20.081715
v 4.879601 12.174762 20.099823
v 4.738008 12.320000 20.109879
v 5.021194 12.320000 20.109879
v 5.014263 12.174762 20.126610
v 4.994152 12.043741 20.175163
v 5.128426 12.174762 20.202890
v 4.879601 12.043741 20.152378
v 4.879601 11.939762 20.234234
v 4.962828 11.939762 20.250790
v 5.033382 11.939762 20.297932
v 5.091263 12.043741 20.240051
v 5.156151 12.043741 20.337164
v 5.204705 12.174761 20.317051
v 5.080527 11.939762 20.368488
v 5.097082 11.939762 20.451714
v 5.178936 12.043741 20.451714
v 5.231492 12.174761 20.451714
v 5.221436 12.320000 20.310122
v 5.141231 12.320000 20.190086
v 4.725819 12.700239 20.297932
v 4.603050 12.596259 20.337162
v 4.678675 12.700238 20.368488
v 4.662121 12.700237 20.451714
v 4.580265 12.596259 20.451714
v 4.527710 12.465239 20.451714
v 4.603050 12.596259 20.566265
v 4.678675 12.700238 20.534941
v 4.725819 12.700239 20.605495
v 5.021194 12.320000 20.793550
v 4.879601 12.174761 20.803604
v 4.765049 12.043741 20.728264
v 4.879601 11.939762 20.669195
v 4.796374 11.939762 20.652641
v 4.725819 11.939762 20.605495
v 4.667938 12.043741 20.663376
v 4.678675 11.939762 20.534941
v 4.662120 11.939762 20.451714
v 4.744938 12.174763 20.776819
v 7.552027 14.206209 16.360167
v 7.603664 14.145811 16.112371
v 8.912897 12.146209 17.145866
v 7.363249 14.145811 16.528784
v 8.724119 12.085812 17.314484
v 8.508787 11.939999 17.305151
v 7.147915 14.000000 16.519451
v 7.032166 13.854186 16.337635
v 8.393038 11.794188 17.123333
v 8.444675 11.733788 16.875538
v 7.083805 13.793789 16.089838
v 8.848787 11.939999 16.716253
v 8.964537 12.085812 16.898071
v 7.487915 13.999999 15.930553
v 8.633453 11.794186 16.706921
v 7.272581 13.854187 15.921221
v 8.678787 12.410000 17.010702
v 8.678787 12.386997 17.125038
v 8.635033 12.386997 17.116335
v 8.597940 12.386997 17.091549
v 8.573154 12.386997 17.054457
v 8.564453 12.386997 17.010702
v 8.573154 12.386997 16.966948
v 8.597940 12.386997 16.929853
v 8.635033 12.386997 16.905069
v 8.678787 12.386997 16.896366
v 8.722542 12.386996 16.905069
v 8.759636 12.386996 16.929853
v 8.784420 12.386996 16.966948
v 8.793123 12.386996 17.010702
v 8.784420 12.386996 17.054457
v 8.759636 12.386996 17.091549
v 8.722542 12.386997 17.116335
v 8.762014 12.320238 17.211628
v 8.678789 12.320238 17.228182
v 8.678787 12.216259 17.310038
v 8.595562 12.320238 17.211628
v 8.793339 12.216260 17.287252
v 8.813450 12.085238 17.335806
v 8.890450 12.216259 17.222364
v 8.832571 12.320238 17.164484
v 8.678787 12.085238 17.362593
v 8.678787 11.940001 17.380701
v 8.544125 12.085238 17.335806
v 8.564238 12.216259 17.287252
v 8.467125 12.216260 17.222364
v 8.525005 12.320238 17.164484
v 8.429964 12.085238 17.259525
v 8.402237 12.216259 17.125252
v 8.477861 12.320238 17.093927
v 8.353683 12.085238 17.145365
v 8.379452 12.216259 17.010702
v 8.461308 12.320238 17.010702
v 8.326897 12.085239 17.010702
v 8.308788 11.940001 17.010702
v 8.353683 12.085239 16.876038
v 8.336952 11.940001 16.869108
v 8.353683 11.794763 16.876038
v 8.417158 11.940001 16.749073
v 8.429964 11.794763 16.761877
v 8.467125 11.663741 16.799038
v 8.544125 11.794764 16.685596
v 8.564236 11.663742 16.734150
v 8.595562 11.559762 16.809776
v 8.678787 11.663742 16.711365
v 8.678787 11.559763 16.793221
v 8.678787 11.794762 16.658810
v 8.678787 11.940001 16.640701
v 8.813452 11.794763 16.685596
v 8.793339 11.663741 16.734150
v 8.762014 11.559763 16.809776
v 8.890450 11.663741 16.799038
v 8.927612 11.794764 16.761877
v 8.832569 11.559763 16.856920
v 8.955338 11.663741 16.896151
v 9.003893 11.794762 16.876040
v 8.879715 11.559762 16.927475
v 8.978125 11.663742 17.010702
v 9.030678 11.794762 17.010702
v 8.896269 11.559762 17.010702
v 8.793125 11.493004 17.010702
v 8.879715 11.559762 17.093927
v 8.784420 11.493004 16.966948
v 8.955338 11.663741 17.125252
v 8.784420 11.493004 17.054457
v 8.759636 11.493004 17.091549
v 8.678787 11.470001 17.010702
v 8.832569 11.559763 17.164484
v 8.890450 11.663741 17.222364
v 8.762014 11.559763 17.211628
v 8.722542 11.493004 17.116335
v 8.678787 11.493004 17.125038
v 8.678787 11.559763 17.228182
v 8.678787 11.663742 17.310038
v 8.595562 11.559762 17.211628
v 8.564236 11.663740 17.287252
v 8.635033 11.493004 17.116335
v 8.597940 11.493004 17.091549
v 8.525005 11.559762 17.164484
v 8.467125 11.663741 17.222364
v 8.477863 11.559763 17.093927
v 8.573154 11.493004 17.054457
v 8.564451 11.493004 17.010702
v 8.461308 11.559762 17.010702
v 8.379452 11.663741 17.010702
v 8.477863 11.559763 16.927475
v 8.573154 11.493004 16.966948
v 8.597940 11.493004 16.929853
v 8.525005 11.559762 16.856920
v 8.635033 11.493004 16.905067
v 8.678787 11.493004 16.896366
v 8.722542 11.493004 16.905069
v 8.759636 11.493004 16.929853
v 8.402237 11.663742 16.896151
v 8.326897 11.794762 17.010702
v 8.353683 11.794763 17.145365
v 8.336952 11.940001 17.152294
v 8.402237 11.663742 17.125252
v 8.429964 11.794763 17.259525
v 8.417158 11.940001 17.272331
v 8.537195 11.940001 17.352537
v 8.544125 11.794764 17.335806
v 8.678787 11.794762 17.362593
v 8.813450 11.794762 17.335806
v 8.820381 11.940001 17.352537
v 8.793339 11.663741 17.287252
v 8.927612 11.794763 17.259525
v 8.940416 11.940001 17.272331
v 9.003891 11.794762 17.145365
v 9.020622 11.940001 17.152294
v 9.003891 12.085239 17.145365
v 9.048788 11.940001 17.010702
v 8.927612 12.085238 17.259525
v 9.030678 12.085238 17.010702
v 9.020622 11.940001 16.869110
v 9.003891 12.085239 16.876040
v 8.955339 12.216260 16.896151
v 8.927612 12.085238 16.761877
v 8.890450 12.216260 16.799040
v 8.940418 11.940001 16.749073
v 8.978125 12.216259 17.010702
v 8.896269 12.320239 17.010702
v 8.955338 12.216259 17.125252
v 8.879713 12.320238 17.093927
v 8.879713 12.320238 16.927475
v 8.832571 12.320238 16.856920
v 8.762014 12.320238 16.809776
v 8.793339 12.216260 16.734152
v 8.813450 12.085238 16.685596
v 8.678787 12.216259 16.711365
v 8.678789 12.320238 16.793221
v 8.595562 12.320238 16.809776
v 8.564238 12.216259 16.734150
v 8.525005 12.320239 16.856920
v 8.467125 12.216260 16.799038
v 8.429964 12.085238 16.761877
v 8.402237 12.216259 16.896151
v 8.477861 12.320238 16.927475
v 8.544125 12.085238 16.685596
v 8.537195 11.940001 16.668865
v 8.678787 12.085238 16.658810
v 8.820381 11.940001 16.668865
v 8.714798 14.213265 12.000001
v 8.637239 14.150802 11.759584
v 9.761797 12.913265 12.000001
v 8.637239 14.150802 12.240417
v 8.262758 13.849199 11.759584
v 8.449999 14.000001 11.660001
v 9.309759 12.549199 11.759584
v 8.185202 13.786736 12.000001
v 9.232201 12.486735 12.000001
v 8.262758 13.849200 12.240417
v 9.309759 12.549199 12.240417
v 9.496998 12.700001 12.340001
v 8.449999 14.000001 12.340001
v 9.684238 12.850801 12.240417
v 9.497000 12.700000 11.660001
v 9.684240 12.850801 11.759584
v 9.497002 13.169999 12.000001
v 9.497000 13.146996 12.114337
v 9.453245 13.146996 12.105634
v 9.416153 13.146996 12.080849
v 9.391367 13.146996 12.043756
v 9.382664 13.146996 12.000001
v 9.391367 13.146996 11.956246
v 9.416153 13.146996 11.919153
v 9.453245 13.146996 11.894368
v 9.497000 13.146996 11.885665
v 9.540754 13.146996 11.894368
v 9.577848 13.146996 11.919153
v 9.602634 13.146996 11.956246
v 9.611336 13.146996 12.000001
v 9.602634 13.146996 12.043756
v 9.577848 13.146996 12.080849
v 9.540754 13.146996 12.105634
v 9.580227 13.080237 12.200927
v 9.497002 13.080237 12.217482
v 9.497000 12.976258 12.299337
v 9.413774 13.080237 12.200927
v 9.611549 12.976258 12.276551
v 9.631662 12.845238 12.325106
v 9.708662 12.976257 12.211663
v 9.650782 13.080237 12.153783
v 9.497000 12.845238 12.351892
v 9.497000 12.699999 12.370001
v 9.362337 12.845237 12.325106
v 9.382450 12.976258 12.276551
v 9.285337 12.976258 12.211663
v 9.343218 13.080237 12.153783
v 9.248177 12.845237 12.248825
v 9.220449 12.976258 12.114552
v 9.296074 13.080237 12.083227
v 9.171894 12.845238 12.134664
v 9.197662 12.976258 12.000001
v 9.145109 12.845238 12.000001
v 9.279520 13.080237 12.000001
v 9.296074 13.080237 11.916775
v 9.220449 12.976258 11.885449
v 9.171896 12.845238 11.865338
v 9.285337 12.976258 11.788338
v 9.343220 13.080237 11.846219
v 9.248177 12.845237 11.751177
v 9.382450 12.976258 11.723451
v 9.413774 13.080237 11.799075
v 9.497002 13.080237 11.782520
v 9.497000 12.976258 11.700665
v 9.497000 12.845238 11.648110
v 9.611551 12.976259 11.723451
v 9.362337 12.845238 11.674896
v 9.631662 12.845238 11.674896
v 9.638592 12.699999 11.658166
v 9.745825 12.845237 11.751177
v 9.497000 12.699999 11.630001
v 9.758629 12.700000 11.738372
v 9.745825 12.554762 11.751177
v 9.838835 12.700000 11.858408
v 9.822104 12.845237 11.865338
v 9.773552 12.976259 11.885450
v 9.848890 12.845238 12.000001
v 9.708664 12.976258 11.788339
v 9.796337 12.976258 12.000001
v 9.867001 12.699999 12.000001
v 9.848892 12.554761 12.000001
v 9.838835 12.700000 12.141594
v 9.822105 12.554761 11.865338
v 9.822104 12.845237 12.134664
v 9.773552 12.976258 12.114552
v 9.745825 12.845237 12.248825
v 9.758629 12.700000 12.261630
v 9.745825 12.554761 12.248825
v 9.638592 12.699999 12.341836
v 9.631662 12.554761 12.325106
v 9.611551 12.423740 12.276551
v 9.497000 12.554761 12.351892
v 9.497002 12.423740 12.299337
v 9.382448 12.423739 12.276551
v 9.497000 12.319761 12.217482
v 9.580227 12.319761 12.200927
v 9.540754 12.253003 12.105634
v 9.650780 12.319761 12.153783
v 9.708662 12.423739 12.211663
v 9.497002 12.253003 12.114337
v 9.497000 12.230000 12.000001
v 9.453245 12.253003 12.105634
v 9.413774 12.319761 12.200927
v 9.416153 12.253003 12.080849
v 9.343218 12.319761 12.153783
v 9.391367 12.253003 12.043756
v 9.296074 12.319761 12.083227
v 9.382664 12.253003 12.000001
v 9.279520 12.319760 12.000001
v 9.197662 12.423740 12.000001
v 9.296074 12.319761 11.916775
v 9.391367 12.253003 11.956246
v 9.416153 12.253003 11.919153
v 9.343218 12.319761 11.846219
v 9.285337 12.423740 11.788338
v 9.413774 12.319761 11.799075
v 9.382450 12.423740 11.723451
v 9.453245 12.253003 11.894368
v 9.497000 12.319761 11.782520
v 9.497002 12.423740 11.700665
v 9.497002 12.253003 11.885665
v 9.580227 12.319761 11.799075
v 9.611551 12.423740 11.723451
v 9.540754 12.253003 11.894368
v 9.650784 12.319761 11.846219
v 9.708662 12.423739 11.788339
v 9.577848 12.253003 11.919153
v 9.602634 12.253003 11.956246
v 9.697926 12.319761 11.916775
v 9.611338 12.253003 12.000001
v 9.714481 12.319761 12.000001
v 9.796337 12.423740 12.000001
v 9.697926 12.319761 12.083227
v 9.773550 12.423740 11.885450
v 9.602634 12.253003 12.043756
v 9.773550 12.423740 12.114552
v 9.822105 12.554761 12.134664
v 9.577848 12.253003 12.080849
v 9.631662 12.554762 11.674896
v 9.497000 12.554761 11.648110
v 9.362337 12.554761 11.674896
v 9.355408 12.700000 11.658165
v 9.248177 12.554762 11.751177
v 9.235371 12.699999 11.738371
v 9.155165 12.699999 11.858408
v 9.171896 12.554761 11.865338
v 9.126999 12.700000 12.000001
v 9.145109 12.554761 12.000001
v 9.155165 12.699999 12.141594
v 9.171896 12.554761 12.134664
v 9.220449 12.423739 12.114552
v 9.248177 12.554762 12.248825
v 9.235371 12.699999 12.261630
v 9.285337 12.423740 12.211663
v 9.355408 12.700000 12.341836
v 9.362337 12.554761 12.325106
v 9.220449 12.423739 11.885449
v 9.697926 13.080237 12.083227
v 9.714481 13.080237 12.000001
v 9.697926 13.080237 11.916775
v 9.650782 13.080237 11.846219
v 9.580227 13.080237 11.799075
v 7.550169 14.208992 7.640909
v 7.361935 14.147779 7.471977
v 8.683969 12.528992 6.986309
v 7.602350 14.147779 7.888390
v 8.495735 12.467779 6.817377
v 8.736153 12.467779 7.233790
v 8.621716 12.320000 7.414850
v 7.487915 14.000000 8.069449
v 7.273893 13.852221 8.078025
v 8.407696 12.172220 7.423425
v 8.219461 12.111008 7.254493
v 8.167280 12.172220 7.007011
v 7.085661 13.791008 7.909093
v 7.033478 13.852221 7.661612
v 8.281715 12.320000 6.825952
v 7.147915 14.000000 7.480552
v 8.451715 12.789999 7.120401
v 8.451715 12.766996 7.234737
v 8.407961 12.766996 7.226034
v 8.370869 12.766995 7.201249
v 8.346083 12.766995 7.164155
v 8.337379 12.766995 7.120401
v 8.346083 12.766995 7.076646
v 8.370869 12.766995 7.039553
v 8.407961 12.766996 7.014768
v 8.451715 12.766996 7.006065
v 8.495472 12.766994 7.014768
v 8.532564 12.766995 7.039553
v 8.557350 12.766996 7.076646
v 8.566051 12.766996 7.120400
v 8.557350 12.766996 7.164155
v 8.532564 12.766995 7.201249
v 8.495470 12.766995 7.226034
v 8.534943 12.700237 7.321327
v 8.451717 12.700237 7.337882
v 8.451715 12.596259 7.419737
v 8.368488 12.700236 7.321327
v 8.566265 12.596258 7.396952
v 8.586380 12.465238 7.445506
v 8.663380 12.596258 7.332064
v 8.605499 12.700237 7.274182
v 8.451715 12.465239 7.472292
v 8.451715 12.320000 7.490401
v 8.317053 12.465237 7.445506
v 8.337166 12.596259 7.396952
v 8.240053 12.596258 7.332064
v 8.297934 12.700237 7.274183
v 8.202892 12.465237 7.369226
v 8.175165 12.596258 7.234952
v 8.250790 12.700237 7.203627
v 8.126612 12.465237 7.255064
v 8.152380 12.596258 7.120401
v 8.099825 12.465238 7.120401
v 8.234236 12.700237 7.120401
v 8.250790 12.700237 7.037175
v 8.175165 12.596258 7.005850
v 8.126612 12.465238 6.985738
v 8.240053 12.596258 6.908738
v 8.297934 12.700237 6.966619
v 8.202892 12.465238 6.871576
v 8.337166 12.596259 6.843850
v 8.368488 12.700236 6.919475
v 8.451717 12.700237 6.902920
v 8.451717 12.596258 6.821065
v 8.451715 12.465239 6.768510
v 8.566269 12.596258 6.843851
v 8.317055 12.465237 6.795296
v 8.586380 12.465238 6.795296
v 8.593309 12.320000 6.778565
v 8.700541 12.465238 6.871577
v 8.451715 12.320000 6.750401
v 8.713346 12.320000 6.858771
v 8.700541 12.174762 6.871577
v 8.793552 12.319999 6.978808
v 8.776821 12.465238 6.985738
v 8.728268 12.596258 7.005850
v 8.803608 12.465238 7.120401
v 8.663380 12.596259 6.908739
v 8.751053 12.596258 7.120400
v 8.821716 12.320000 7.120401
v 8.803608 12.174761 7.120401
v 8.793552 12.319999 7.261994
v 8.776821 12.465238 7.255064
v 8.728266 12.596258 7.234951
v 8.700541 12.465238 7.369226
v 8.713345 12.319999 7.382030
v 8.700539 12.174761 7.369226
v 8.593309 12.320000 7.462236
v 8.776821 12.174761 7.255064
v 8.728268 12.043739 7.234952
v 8.751053 12.043739 7.120401
v 8.663380 12.043740 7.332064
v 8.605497 11.939761 7.274183
v 8.566267 12.043739 7.396952
v 8.652643 11.939762 7.203627
v 8.534943 11.939762 7.321327
v 8.495470 11.873003 7.226034
v 8.451715 11.939761 7.337881
v 8.451717 12.043739 7.419737
v 8.451717 12.174761 7.472292
v 8.337164 12.043740 7.396952
v 8.586378 12.174761 7.445506
v 8.317053 12.174761 7.445506
v 8.368490 11.939762 7.321327
v 8.240053 12.043739 7.332064
v 8.202892 12.174761 7.369226
v 8.297934 11.939762 7.274183
v 8.370869 11.873003 7.201249
v 8.250790 11.939762 7.203627
v 8.407961 11.873003 7.226034
v 8.346083 11.873003 7.164155
v 8.337379 11.873003 7.120401
v 8.451715 11.849998 7.120401
v 8.234236 11.939760 7.120401
v 8.152380 12.043741 7.120401
v 8.250790 11.939762 7.037175
v 8.346083 11.873003 7.076646
v 8.370869 11.873003 7.039553
v 8.297934 11.939762 6.966619
v 8.240053 12.043739 6.908738
v 8.368490 11.939762 6.919475
v 8.337166 12.043741 6.843850
v 8.407961 11.873003 7.014768
v 8.451715 11.939761 6.902920
v 8.451717 12.043739 6.821064
v 8.451717 11.873003 7.006064
v 8.534943 11.939762 6.919475
v 8.566267 12.043739 6.843850
v 8.495470 11.873003 7.014768
v 8.605499 11.939762 6.966619
v 8.663380 12.043740 6.908738
v 8.532564 11.873003 7.039553
v 8.557348 11.873003 7.076646
v 8.652643 11.939762 7.037175
v 8.566051 11.873003 7.120401
v 8.669197 11.939761 7.120401
v 8.728268 12.043739 7.005850
v 8.557348 11.873003 7.164155
v 8.532564 11.873003 7.201249
v 8.776821 12.174762 6.985738
v 8.586380 12.174763 6.795296
v 8.451717 12.174761 6.768510
v 8.317053 12.174761 6.795296
v 8.310123 12.320000 6.778565
v 8.202892 12.174761 6.871576
v 8.190086 12.320000 6.858771
v 8.109880 12.320000 6.978808
v 8.126612 12.174761 6.985738
v 8.081717 12.320000 7.120401
v 8.099825 12.174761 7.120401
v 8.109880 12.320000 7.261994
v 8.126612 12.174761 7.255064
v 8.175165 12.043740 7.234952
v 8.190086 12.319999 7.382030
v 8.310123 12.320000 7.462236
v 8.175165 12.043740 7.005850
v 8.451717 11.873003 7.234737
v 8.652641 12.700236 7.203627
v 8.669197 12.700237 7.120400
v 8.652641 12.700236 7.037174
v 8.605499 12.700237 6.966619
v 8.534943 12.700237 6.919475
v 4.360165 14.206210 4.447975
v 4.112370 14.145813 4.396337
v 5.145864 12.146210 3.087102
v 4.528782 14.145813 4.636753
v 5.314483 12.085812 3.275880
v 5.305150 11.939999 3.491213
v 4.716252 11.939999 3.151213
v 4.519449 14.000000 4.852086
v 4.337632 13.854187 4.967836
v 5.123332 11.794186 3.606963
v 3.921219 13.854187 4.727419
v 3.930552 14.000000 4.512086
v 4.706919 11.794187 3.366547
v 4.089836 13.793789 4.916197
v 4.875538 11.733788 3.555324
v 4.898069 12.085812 3.035463
v 5.010702 12.409999 3.321213
v 5.010701 12.386997 3.435549
v 4.966948 12.386996 3.426846
v 4.929853 12.386995 3.402061
v 4.905069 12.386996 3.364967
v 4.896365 12.386996 3.321213
v 4.905069 12.386996 3.277458
v 4.929853 12.386995 3.240365
v 4.966946 12.386996 3.215580
v 5.010700 12.386997 3.206877
v 5.054456 12.386995 3.215580
v 5.091550 12.386996 3.240365
v 5.116335 12.386995 3.277458
v 5.125038 12.386996 3.321213
v 5.116335 12.386995 3.364967
v 5.091550 12.386996 3.402061
v 5.054457 12.386995 3.426846
v 5.093927 12.320237 3.522139
v 5.164483 12.320237 3.474995
v 5.222364 12.216258 3.532876
v 5.211628 12.320238 3.404439
v 5.287252 12.216258 3.435764
v 5.125252 12.216259 3.597763
v 5.145364 12.085238 3.646317
v 5.010700 12.216259 3.620549
v 5.010702 12.320237 3.538693
v 5.010700 12.085238 3.673103
v 5.010702 11.940000 3.691213
v 4.876040 12.085238 3.646317
v 4.896150 12.216259 3.597763
v 4.869108 11.939999 3.663048
v 4.761877 12.085238 3.570037
v 4.799038 12.216259 3.532875
v 4.749071 11.940000 3.582842
v 4.685596 12.085238 3.455875
v 4.668865 11.940000 3.462806
v 4.685596 11.794762 3.455875
v 4.640701 11.940000 3.321213
v 4.761877 11.794762 3.570037
v 4.658811 11.794762 3.321213
v 4.711365 11.663740 3.321213
v 4.685596 11.794762 3.186550
v 4.734151 11.663740 3.435763
v 4.668865 11.940000 3.179620
v 4.685596 12.085238 3.186550
v 4.749071 11.940000 3.059583
v 4.761877 12.085238 3.072389
v 4.761877 11.794762 3.072389
v 4.799038 11.663740 3.109550
v 4.876038 11.794762 2.996108
v 4.734150 11.663740 3.206661
v 4.896149 11.663740 3.044662
v 4.927474 11.559761 3.120287
v 5.010701 11.663740 3.021876
v 4.856918 11.559761 3.167431
v 5.010700 11.794762 2.969322
v 5.010700 11.559762 3.103732
v 5.010701 11.493002 3.206877
v 5.093927 11.559761 3.120287
v 5.125252 11.663740 3.044662
v 5.145363 11.794762 2.996108
v 5.222363 11.663740 3.109550
v 5.164482 11.559761 3.167431
v 5.259525 11.794762 3.072389
v 5.272329 11.940000 3.059584
v 5.335806 11.794762 3.186550
v 5.152294 11.940000 2.979378
v 5.352536 11.940001 3.179620
v 5.335804 12.085238 3.186550
v 5.380701 11.939999 3.321213
v 5.259524 12.085238 3.072389
v 5.362593 12.085238 3.321213
v 5.310039 12.216259 3.321213
v 5.335806 12.085238 3.455875
v 5.287251 12.216258 3.206662
v 5.352537 11.940000 3.462806
v 5.335806 11.794762 3.455875
v 5.272331 11.940000 3.582843
v 5.259525 11.794762 3.570037
v 5.259525 12.085238 3.570037
v 5.222364 11.663740 3.532875
v 5.145363 11.794762 3.646317
v 5.287252 11.663740 3.435764
v 5.152294 11.939999 3.663049
v 5.125253 11.663740 3.597763
v 5.093927 11.559761 3.522139
v 5.010702 11.663740 3.620549
v 5.164482 11.559762 3.474995
v 5.091549 11.493003 3.402061
v 5.211628 11.559761 3.404439
v 5.116335 11.493003 3.364967
v 5.054457 11.493003 3.426846
v 5.010702 11.469999 3.321213
v 5.010702 11.493002 3.435549
v 4.966946 11.493003 3.426846
v 5.010701 11.559761 3.538693
v 4.927475 11.559761 3.522139
v 4.896151 11.663740 3.597763
v 4.856919 11.559761 3.474995
v 4.799039 11.663740 3.532875
v 4.929853 11.493003 3.402061
v 4.809774 11.559761 3.404439
v 4.905067 11.493003 3.364967
v 4.896365 11.493004 3.321213
v 4.793221 11.559761 3.321213
v 4.809775 11.559762 3.237987
v 4.905067 11.493003 3.277458
v 4.929853 11.493003 3.240365
v 4.966946 11.493003 3.215580
v 4.876039 11.794762 3.646317
v 5.010702 11.794762 3.673103
v 5.054455 11.493003 3.215580
v 5.091549 11.493003 3.240365
v 5.116335 11.493003 3.277458
v 5.125038 11.493002 3.321213
v 5.228182 11.559761 3.321213
v 5.310038 11.663740 3.321213
v 5.211628 11.559761 3.237987
v 5.287251 11.663740 3.206662
v 5.362593 11.794762 3.321213
v 5.211628 12.320238 3.237987
v 5.222363 12.216258 3.109550
v 5.228182 12.320238 3.321213
v 5.164482 12.320237 3.167431
v 5.125252 12.216259 3.044662
v 5.093927 12.320238 3.120287
v 5.145363 12.085238 2.996108
v 5.010700 12.216258 3.021876
v 5.010701 12.320237 3.103732
v 4.927475 12.320238 3.120287
v 4.896149 12.216259 3.044662
v 4.876038 12.085238 2.996108
v 4.799038 12.216259 3.109550
v 4.856919 12.320236 3.167431
v 5.010700 12.085238 2.969322
v 5.010700 11.940000 2.951213
v 4.869107 11.940000 2.979377
v 4.809774 12.320238 3.237987
v 4.734150 12.216259 3.206661
v 4.793221 12.320237 3.321213
v 4.711365 12.216259 3.321213
v 4.658810 12.085238 3.321213
v 4.734151 12.216259 3.435763
v 4.809774 12.320238 3.404439
v 4.856919 12.320238 3.474995
v 4.927476 12.320238 3.522139
v 0.000000 14.213265 3.285202
v -0.240416 14.150801 3.362760
v 0.000001 12.913264 2.238202
v 0.240417 14.150801 3.362760
v 0.340000 14.000000 3.550001
v 0.240417 12.850801 2.315760
v 0.340000 12.700000 2.503001
v -0.339999 14.000000 3.550000
v -0.240416 13.849199 3.737242
v 0.000000 13.786736 3.814799
v 0.240417 13.849199 3.737242
v 0.240417 12.549199 2.690242
v 0.000000 12.486734 2.767799
v -0.240416 12.549199 2.690242
v -0.340000 12.700001 2.503000
v -0.240416 12.850801 2.315760
v 0.000001 13.170000 2.503001
v 0.000001 13.146996 2.617337
v -0.043754 13.146996 2.608634
v -0.080847 13.146996 2.583849
v -0.105632 13.146996 2.546756
v -0.114336 13.146996 2.503001
v -0.105632 13.146996 2.459247
v -0.080847 13.146996 2.422153
v -0.043754 13.146996 2.397368
v 0.000001 13.146996 2.388665
v 0.043756 13.146996 2.397368
v 0.080849 13.146996 2.422153
v 0.105634 13.146996 2.459247
v 0.114337 13.146996 2.503001
v 0.105634 13.146996 2.546756
v 0.080849 13.146996 2.583849
v 0.043756 13.146996 2.608634
v 0.083227 13.080236 2.703927
v 0.153783 13.080238 2.656783
v 0.211663 12.976259 2.714664
v 0.200927 13.080237 2.586227
v 0.276551 12.976259 2.617553
v 0.114552 12.976258 2.779552
v 0.134664 12.845238 2.828106
v 0.000001 12.976258 2.802338
v 0.000001 13.080237 2.720482
v -0.083225 13.080238 2.703927
v -0.114550 12.976258 2.779552
v -0.134662 12.845238 2.828106
v -0.211661 12.976259 2.714664
v -0.153781 13.080237 2.656783
v -0.248823 12.845238 2.751825
v -0.261629 12.699999 2.764630
v -0.325104 12.845238 2.637664
v -0.141592 12.700000 2.844836
v -0.341834 12.699999 2.644594
v -0.325104 12.554762 2.637664
v -0.369999 12.699999 2.503001
v -0.248823 12.554762 2.751825
v -0.351890 12.554762 2.503001
v -0.299335 12.423740 2.503001
v -0.325104 12.554762 2.368339
v -0.276550 12.423740 2.617552
v -0.341834 12.699999 2.361408
v -0.325104 12.845238 2.368339
v -0.261629 12.699999 2.241371
v -0.248823 12.845238 2.254177
v -0.248823 12.554762 2.254177
v -0.211661 12.423740 2.291338
v -0.134662 12.554762 2.177896
v -0.276549 12.423740 2.388450
v -0.200925 12.319761 2.419775
v -0.153781 12.319761 2.349219
v -0.080847 12.253003 2.422153
v -0.083225 12.319761 2.302075
v -0.105632 12.253002 2.459247
v -0.114550 12.423740 2.226451
v -0.043754 12.253003 2.397368
v 0.000001 12.253003 2.388665
v 0.000001 12.230000 2.503001
v 0.000001 12.253003 2.617337
v -0.043754 12.253003 2.608634
v -0.080847 12.253003 2.583849
v -0.105632 12.253002 2.546756
v -0.114335 12.253003 2.503001
v 0.043756 12.253003 2.397368
v 0.080849 12.253002 2.422153
v 0.105634 12.253002 2.459247
v 0.114337 12.253003 2.503001
v 0.105634 12.253002 2.546756
v 0.080849 12.253003 2.583849
v 0.043756 12.253003 2.608634
v 0.083227 12.319761 2.703927
v 0.153783 12.319761 2.656783
v 0.211664 12.423740 2.714664
v 0.200927 12.319761 2.586227
v 0.114552 12.423740 2.779552
v 0.134664 12.554762 2.828106
v 0.000001 12.423740 2.802338
v 0.248825 12.554762 2.751825
v 0.000001 12.319761 2.720482
v -0.083225 12.319761 2.703927
v -0.114550 12.423740 2.779552
v -0.153781 12.319761 2.656783
v -0.211661 12.423740 2.714664
v -0.200925 12.319761 2.586227
v -0.217480 12.319761 2.503001
v -0.134662 12.554762 2.828106
v 0.000000 12.554762 2.854892
v 0.000001 12.699999 2.873001
v 0.000000 12.845238 2.854892
v 0.141594 12.699999 2.844837
v 0.261631 12.699999 2.764631
v 0.248825 12.845238 2.751825
v 0.341836 12.699999 2.644594
v 0.325106 12.845238 2.637664
v 0.325106 12.554762 2.637664
v 0.370001 12.699999 2.503001
v 0.351892 12.845238 2.503001
v 0.299337 12.976258 2.503001
v 0.325106 12.845238 2.368339
v 0.341837 12.699999 2.361408
v 0.325106 12.554762 2.368339
v 0.261631 12.699999 2.241372
v 0.248825 12.845238 2.254177
v 0.248825 12.554762 2.254177
v 0.141594 12.699999 2.161166
v 0.134664 12.554762 2.177896
v 0.114552 12.423740 2.226451
v 0.000001 12.554762 2.151111
v 0.000001 12.699999 2.133001
v 0.000001 12.423740 2.203665
v 0.000001 12.319761 2.285521
v 0.083227 12.319761 2.302075
v 0.153783 12.319761 2.349219
v 0.211664 12.423740 2.291339
v 0.276551 12.423740 2.388451
v 0.200927 12.319761 2.419775
v 0.217482 12.319761 2.503001
v 0.299337 12.423740 2.503001
v 0.351892 12.554762 2.503001
v 0.276551 12.423740 2.617553
v 0.000001 12.845238 2.151111
v -0.141592 12.700000 2.161166
v -0.134662 12.845238 2.177896
v -0.114550 12.976258 2.226451
v -0.083225 13.080238 2.302075
v -0.211661 12.976259 2.291339
v 0.000002 12.976259 2.203665
v -0.153781 13.080237 2.349219
v 0.000001 13.080238 2.285521
v 0.083227 13.080236 2.302075
v 0.114552 12.976258 2.226451
v 0.153784 13.080237 2.349219
v 0.211663 12.976259 2.291339
v 0.200927 13.080237 2.419775
v 0.276551 12.976259 2.388451
v 0.217482 13.080237 2.503001
v 0.134664 12.845238 2.177896
v -0.200925 13.080236 2.419775
v -0.276549 12.976259 2.388450
v -0.217480 13.080238 2.503001
v -0.299335 12.976259 2.503001
v -0.351890 12.845238 2.503001
v -0.276549 12.976259 2.617552
v -0.200925 13.080236 2.586227
v -4.359092 14.208991 4.449832
v -4.528024 14.147779 4.638066
v -5.013691 12.528991 3.316031
v -4.111610 14.147779 4.397649
v -5.182624 12.467778 3.504266
v -4.766211 12.467778 3.263849
v -4.585152 12.320000 3.378285
v -5.174048 12.319999 3.718286
v -4.519448 14.000000 4.852086
v -4.992989 12.172220 3.832722
v -4.338389 13.852221 4.966523
v -4.576576 12.172219 3.592306
v -4.745508 12.111008 3.780540
v -4.090908 13.791008 4.914340
v -3.921976 13.852221 4.726106
v -3.930551 14.000000 4.512086
v -4.879599 12.790000 3.548286
v -4.879600 12.766996 3.662622
v -4.923354 12.766996 3.653919
v -4.960447 12.766996 3.629134
v -4.985232 12.766996 3.592041
v -4.993935 12.766996 3.548286
v -4.985232 12.766996 3.504532
v -4.960447 12.766996 3.467439
v -4.923354 12.766996 3.442654
v -4.879599 12.766996 3.433950
v -4.835845 12.766996 3.442654
v -4.798751 12.766996 3.467439
v -4.773966 12.766996 3.504532
v -4.765263 12.766996 3.548286
v -4.773966 12.766996 3.592041
v -4.798751 12.766996 3.629134
v -4.835845 12.766996 3.653919
v -4.796373 12.700238 3.749212
v -4.725817 12.700238 3.702068
v -4.667936 12.596259 3.759950
v -4.678673 12.700237 3.631513
v -4.603048 12.596259 3.662838
v -4.765048 12.596259 3.824837
v -4.744936 12.465239 3.873391
v -4.879599 12.596259 3.847623
v -4.879599 12.700238 3.765767
v -4.962825 12.700237 3.749212
v -4.994150 12.596259 3.824837
v -5.014262 12.465239 3.873391
v -5.091262 12.596259 3.759949
v -4.879600 12.465238 3.900177
v -5.128424 12.465238 3.797111
v -5.033381 12.700237 3.702068
v -5.080524 12.700238 3.631513
v -5.156150 12.596259 3.662837
v -5.097079 12.700238 3.548286
v -5.178935 12.596259 3.548286
v -5.080524 12.700238 3.465060
v -5.156150 12.596259 3.433735
v -5.033381 12.700237 3.394505
v -5.091262 12.596259 3.336624
v -5.128423 12.465238 3.299462
v -4.994150 12.596259 3.271736
v -4.962825 12.700238 3.347361
v -5.014261 12.465238 3.223182
v -4.879599 12.596259 3.248950
v -4.879599 12.700237 3.330806
v -4.796373 12.700237 3.347361
v -4.765048 12.596259 3.271736
v -4.744936 12.465238 3.223182
v -4.667936 12.596259 3.336624
v -4.879599 12.465238 3.196396
v -4.630774 12.465238 3.299462
v -4.617970 12.320000 3.286657
v -4.554494 12.465238 3.413624
v -4.738006 12.320000 3.206451
v -4.744936 12.174762 3.223182
v -4.879599 12.320000 3.178287
v -4.630774 12.174762 3.299462
v -4.667936 12.043741 3.336624
v -4.554494 12.174762 3.413624
v -4.765048 12.043741 3.271736
v -4.796373 11.939762 3.347361
v -4.879599 12.043741 3.248950
v -4.879599 11.939762 3.330806
v -4.725817 11.939762 3.394505
v -4.798751 11.873003 3.467439
v -4.678673 11.939762 3.465060
v -4.835845 11.873003 3.442654
v -4.879599 11.873003 3.433950
v -4.879599 11.850000 3.548286
v -4.879599 11.873003 3.662622
v -4.923354 11.873003 3.653919
v -4.960447 11.873003 3.629134
v -4.985232 11.873003 3.592041
v -4.993935 11.873003 3.548286
v -4.985232 11.873003 3.504532
v -4.960447 11.873003 3.467439
v -4.923354 11.873003 3.442654
v -4.773966 11.873003 3.504532
v -4.765263 11.873003 3.548286
v -4.773966 11.873003 3.592041
v -4.798751 11.873003 3.629134
v -4.835845 11.873003 3.653919
v -4.796373 11.939762 3.749212
v -4.725817 11.939762 3.702068
v -4.667936 12.043741 3.759949
v -4.678674 11.939762 3.631513
v -4.765049 12.043741 3.824837
v -4.744936 12.174762 3.873391
v -4.879599 12.043741 3.847623
v -4.630775 12.174762 3.797111
v -4.879599 12.174762 3.900177
v -4.879599 11.939762 3.765767
v -4.962825 11.939762 3.749212
v -4.994150 12.043741 3.824837
v -5.014262 12.174762 3.873391
v -5.091262 12.043741 3.759949
v -5.128424 12.174762 3.797111
v -5.033381 11.939762 3.702068
v -5.080525 11.939762 3.631513
v -5.156150 12.043741 3.662837
v -5.097080 11.939762 3.548286
v -5.178936 12.043741 3.548286
v -5.080525 11.939762 3.465060
v -5.156150 12.043741 3.433735
v -5.033381 11.939762 3.394505
v -5.091262 12.043741 3.336623
v -4.962825 11.939762 3.347361
v -4.994150 12.043741 3.271736
v -5.014262 12.174762 3.223182
v -5.021192 12.320000 3.206451
v -5.128424 12.174762 3.299462
v -4.879599 12.174762 3.196396
v -5.141229 12.320000 3.286656
v -5.221435 12.320000 3.406693
v -5.204704 12.465238 3.413624
v -5.204704 12.174762 3.413624
v -5.249599 12.320000 3.548286
v -5.231490 12.465238 3.548286
v -5.231490 12.174762 3.548286
v -5.221435 12.320000 3.689879
v -5.204704 12.174762 3.682949
v -5.204704 12.465238 3.682949
v -5.141229 12.320000 3.809916
v -5.021192 12.320000 3.890121
v -4.879599 12.320000 3.918286
v -4.738007 12.320000 3.890122
v -4.617970 12.320000 3.809916
v -4.630774 12.465238 3.797111
v -4.537764 12.320000 3.689879
v -4.554494 12.465238 3.682949
v -4.554495 12.174762 3.682949
v -4.509599 12.320000 3.548286
v -4.527708 12.465238 3.548286
v -4.580263 12.596259 3.548286
v -4.603048 12.596259 3.433736
v -4.678673 12.700238 3.465060
v -4.662118 12.700238 3.548286
v -4.725817 12.700238 3.394505
v -4.527708 12.174762 3.548286
v -4.537764 12.320000 3.406693
v -4.580263 12.043741 3.548286
v -4.603048 12.043741 3.433736
v -4.662119 11.939762 3.548286
v -4.603049 12.043741 3.662838
v -7.552025 14.206210 7.639836
v -7.603663 14.145812 7.887631
v -8.912898 12.146210 6.854136
v -7.363247 14.145812 7.471218
v -7.147914 13.999999 7.480551
v -8.724120 12.085812 6.685518
v -8.508787 11.939999 6.694851
v -7.487914 13.999999 8.069448
v -7.272581 13.854186 8.078782
v -7.083803 13.793789 7.910164
v -7.032165 13.854186 7.662369
v -8.393038 11.794186 6.876669
v -8.444676 11.733788 7.124464
v -8.633453 11.794186 7.293082
v -8.848787 11.939999 7.283749
v -8.964537 12.085812 7.101931
v -8.678786 12.409999 6.989300
v -8.678786 12.386996 7.103637
v -8.722541 12.386995 7.094933
v -8.759634 12.386995 7.070148
v -8.784419 12.386995 7.033055
v -8.793122 12.386996 6.989300
v -8.784419 12.386995 6.945546
v -8.759634 12.386996 6.908453
v -8.722541 12.386995 6.883667
v -8.678786 12.386995 6.874964
v -8.635032 12.386996 6.883667
v -8.597939 12.386996 6.908453
v -8.573153 12.386996 6.945546
v -8.564450 12.386996 6.989300
v -8.573153 12.386996 7.033055
v -8.597939 12.386995 7.070148
v -8.635032 12.386995 7.094934
v -8.595560 12.320237 7.190226
v -8.564236 12.216258 7.265851
v -8.525004 12.320237 7.143082
v -8.678786 12.320237 7.206781
v -8.467124 12.216258 7.200963
v -8.429962 12.085238 7.238125
v -8.402236 12.216258 7.103851
v -8.353682 12.085238 7.123963
v -8.544124 12.085238 7.314405
v -8.537193 11.940000 7.331136
v -8.678786 12.085238 7.341191
v -8.678786 12.216258 7.288637
v -8.678786 11.940000 7.359300
v -8.678786 11.794762 7.341191
v -8.820379 11.940000 7.331136
v -8.813449 11.794762 7.314405
v -8.793337 11.663740 7.265851
v -8.927610 11.794762 7.238125
v -8.678786 11.663740 7.288637
v -8.890449 11.663740 7.200963
v -8.832568 11.559761 7.143083
v -8.955337 11.663740 7.103852
v -8.762012 11.559761 7.190227
v -8.722541 11.493003 7.094934
v -8.678786 11.559761 7.206781
v -8.595560 11.559761 7.190226
v -8.678786 11.493003 7.103637
v -8.635032 11.493003 7.094934
v -8.564236 11.663740 7.265851
v -8.544124 11.794762 7.314405
v -8.467124 11.663740 7.200963
v -8.429962 11.794762 7.238125
v -8.525004 11.559761 7.143082
v -8.402236 11.663740 7.103851
v -8.353682 11.794762 7.123963
v -8.336951 11.940000 7.130893
v -8.326896 11.794762 6.989300
v -8.308786 11.940000 6.989301
v -8.417157 11.940000 7.250930
v -8.326896 12.085238 6.989301
v -8.336950 11.940000 6.847708
v -8.353682 12.085238 6.854638
v -8.353682 11.794762 6.854638
v -8.417156 11.940000 6.727671
v -8.429962 12.085238 6.740476
v -8.429962 11.794762 6.740476
v -8.467123 11.663740 6.777637
v -8.544124 11.794762 6.664196
v -8.402236 11.663740 6.874749
v -8.477860 11.559761 6.906074
v -8.379450 11.663740 6.989300
v -8.525004 11.559761 6.835518
v -8.597939 11.493003 6.908453
v -8.595560 11.559761 6.788374
v -8.573153 11.493003 6.945546
v -8.564450 11.493003 6.989301
v -8.678786 11.469999 6.989301
v -8.461306 11.559761 6.989300
v -8.477860 11.559761 7.072526
v -8.573153 11.493003 7.033055
v -8.597939 11.493003 7.070148
v -8.759634 11.493003 7.070148
v -8.784419 11.493003 7.033055
v -8.793122 11.493003 6.989301
v -8.784419 11.493003 6.945546
v -8.759634 11.493003 6.908453
v -8.722541 11.493003 6.883667
v -8.678786 11.493003 6.874964
v -8.635032 11.493003 6.883668
v -8.678786 11.559761 6.771820
v -8.762012 11.559761 6.788375
v -8.793337 11.663740 6.712750
v -8.832568 11.559761 6.835519
v -8.890449 11.663740 6.777638
v -8.927610 11.794762 6.740476
v -8.955337 11.663740 6.874750
v -9.003891 11.794762 6.854638
v -8.813449 11.794762 6.664196
v -8.820379 11.940000 6.647465
v -8.678786 11.794762 6.637409
v -8.940415 11.940000 6.727671
v -8.678786 11.663740 6.689964
v -8.678786 11.940000 6.619300
v -8.678786 12.085238 6.637409
v -8.537193 11.940000 6.647465
v -8.544124 12.085238 6.664196
v -8.564235 12.216258 6.712750
v -8.678786 12.216258 6.689964
v -8.678786 12.320237 6.771820
v -8.793337 12.216258 6.712749
v -8.813449 12.085238 6.664196
v -8.762012 12.320237 6.788374
v -8.595560 12.320237 6.788374
v -8.525004 12.320237 6.835518
v -8.467123 12.216258 6.777638
v -8.477860 12.320237 6.906074
v -8.402236 12.216258 6.874750
v -8.461306 12.320237 6.989300
v -8.379450 12.216258 6.989300
v -8.477860 12.320237 7.072526
v -8.832568 12.320237 6.835518
v -8.890449 12.216258 6.777637
v -8.927610 12.085238 6.740476
v -8.955337 12.216258 6.874749
v -8.879712 12.320237 6.906074
v -9.003891 12.085238 6.854637
v -9.020621 11.940000 6.847707
v -9.030677 12.085238 6.989300
v -8.978123 12.216258 6.989300
v -9.048786 11.940000 6.989300
v -9.003891 12.085238 7.123963
v -8.955337 12.216258 7.103851
v -9.020621 11.940000 7.130893
v -8.927610 12.085238 7.238125
v -8.890449 12.216258 7.200963
v -8.940415 11.940000 7.250930
v -8.813449 12.085238 7.314405
v -8.793337 12.216258 7.265851
v -8.762012 12.320237 7.190226
v -8.832568 12.320237 7.143082
v -8.879712 12.320237 7.072526
v -8.896267 12.320237 6.989300
v -9.003891 11.794762 7.123963
v -9.030677 11.794762 6.989301
v -8.978123 11.663740 6.989301
v -8.896267 11.559761 6.989301
v -8.879712 11.559761 7.072527
v -8.879712 11.559761 6.906075
v -8.564235 11.663740 6.712749
v 8.700001 14.000000 11.999999
v 8.490002 14.363730 11.999999
v 8.532831 14.000000 10.302712
v 8.490000 13.636270 11.999999
v 8.532833 13.999999 13.697284
v 8.326868 14.363730 13.656315
v 7.843739 14.363730 15.248984
v 7.914936 14.363729 13.574377
v 8.037752 13.999999 15.329348
v 7.455708 14.363730 15.088257
v 8.070000 14.363729 11.999999
v 7.914936 14.363729 10.425620
v 7.860001 14.000000 11.999999
v 8.326866 14.363730 10.343681
v 7.843739 14.363730 8.751018
v 7.455708 14.363729 8.911744
v 7.261692 14.000000 8.992108
v 6.709959 14.363731 7.516547
v 7.059175 14.363731 7.283208
v 6.535351 14.000000 7.633218
v 6.709959 13.636270 7.516548
v 5.557858 14.000000 6.442140
v 7.455708 13.636269 8.911745
v 7.914936 13.636270 10.425620
v 7.843739 13.636269 8.751018
v 7.708973 14.000000 10.466589
v 8.326866 13.636269 10.343681
v 7.059175 13.636270 7.283208
v 7.233784 14.000000 7.166538
v 6.003336 13.636269 5.996663
v 6.151829 14.000000 5.848170
v 6.003336 14.363729 5.996663
v 4.833459 14.000000 4.766213
v 4.716790 13.636269 4.940822
v 4.483450 13.636269 5.290039
v 3.248983 13.636269 4.156264
v 5.706350 13.636269 6.293648
v 4.366780 14.000000 5.464648
v 4.483451 14.363729 5.290039
v 3.007894 14.000000 4.738308
v 3.088257 14.363729 4.544292
v 3.248983 14.363729 4.156263
v 1.574379 14.363730 4.085063
v 4.716789 14.363729 4.940822
v 1.656317 14.363730 3.673134
v 1.533411 14.000000 4.291028
v 1.574379 13.636269 4.085063
v 0.000000 14.000000 4.140000
v 3.088257 13.636269 4.544293
v 1.656318 13.636269 3.673135
v 1.697287 14.000000 3.467169
v 0.000000 13.636269 3.510001
v 0.000000 13.636269 3.930001
v -1.574380 13.636269 4.085064
v -1.533410 13.999999 4.291029
v -1.656318 13.636269 3.673135
v -1.697286 14.000000 3.467170
v -3.248983 13.636269 4.156264
v -3.088256 13.636269 4.544293
v -3.007893 14.000000 4.738308
v -4.483450 13.636269 5.290040
v -4.366780 14.000000 5.464649
v -4.716789 13.636269 4.940823
v -5.706353 13.636270 6.293652
v -5.557860 14.000000 6.442144
v -6.003338 13.636269 5.996666
v -6.151830 14.000000 5.848174
v -7.059176 13.636269 7.283209
v -7.233785 14.000000 7.166539
v -7.059175 14.363730 7.283209
v -8.037751 14.000000 8.670655
v -7.843736 14.363729 8.751019
v -7.843737 13.636269 8.751019
v -8.532832 13.999999 10.302716
v -8.326866 14.363729 10.343685
v -7.914936 14.363729 10.425623
v -8.489999 14.363730 12.000001
v -8.699999 14.000000 12.000001
v -8.489999 13.636269 12.000001
v -8.532831 14.000000 13.697288
v -8.326867 13.636269 10.343685
v -8.326866 14.363730 13.656319
v -8.326866 13.636270 13.656319
v -7.914936 13.636270 13.574380
v -7.843737 13.636270 15.248981
v -8.037752 13.999999 15.329344
v -7.843737 14.363730 15.248981
v -7.233783 14.000000 16.833464
v -7.059174 14.363730 16.716793
v -7.059175 13.636269 16.716793
v -6.709958 13.636269 16.483454
v -6.003336 13.636269 18.003336
v -5.706351 13.636269 17.706352
v -5.557858 14.000000 17.557859
v -4.483454 13.636269 18.709957
v -6.535349 14.000000 16.366783
v -6.709957 14.363729 16.483454
v -7.261693 13.999999 15.007891
v -7.455708 14.363730 15.088254
v -7.708971 14.000000 13.533411
v -7.455709 13.636270 15.088254
v -7.914936 14.363730 13.574380
v -7.859999 13.999999 12.000001
v -8.069999 14.363730 12.000001
v -8.070000 13.636270 12.000001
v -7.914937 13.636269 10.425623
v -7.708971 13.999999 10.466592
v -7.455707 13.636269 8.911746
v -7.261692 13.999999 8.992109
v -6.709960 13.636269 7.516549
v -6.535350 14.000000 7.633219
v -6.709959 14.363730 7.516549
v -7.455707 14.363730 8.911746
v -5.706353 14.363730 6.293652
v -6.003338 14.363730 5.996666
v -4.483450 14.363730 5.290040
v -4.716789 14.363730 4.940823
v -3.088256 14.363730 4.544293
v -3.248983 14.363730 4.156264
v -1.574379 14.363730 4.085064
v -1.656318 14.363729 3.673135
v 0.000000 14.363730 3.510001
v 0.000000 14.363731 3.930001
v -3.329347 14.000000 3.962250
v -4.833458 14.000000 4.766214
v 0.000000 14.000000 3.300001
v -5.706351 14.363729 17.706352
v -6.003336 14.363730 18.003336
v -4.483455 14.363730 18.709957
v -4.716794 14.363730 19.059175
v -4.366784 14.000000 18.535349
v -3.088254 14.363729 19.455708
v -3.248981 14.363730 19.843739
v -3.329345 14.000000 20.037752
v -1.656319 14.363730 20.326866
v -4.833464 14.000000 19.233784
v -6.151829 14.000000 18.151829
v -4.716794 13.636270 19.059175
v -3.248981 13.636269 19.843739
v -3.088254 13.636269 19.455708
v -1.656319 13.636269 20.326866
v -1.574381 13.636269 19.914936
v -1.697288 14.000000 20.532833
v 0.000003 13.636269 20.490002
v 0.000003 13.636269 20.070000
v 0.000002 14.000000 20.700001
v 0.000003 14.363730 20.490002
v 1.697285 14.000000 20.532833
v 1.656317 14.363730 20.326866
v 1.574379 14.363730 19.914938
v 3.248986 14.363729 19.843735
v 0.000003 14.363729 20.070000
v 3.088259 14.363730 19.455708
v 3.007895 14.000000 19.261692
v 4.483453 14.363731 18.709961
v 1.533409 14.000000 19.708973
v 4.366781 14.000000 18.535351
v 4.483453 13.636270 18.709961
v 5.557858 14.000000 17.557861
v 3.088259 13.636269 19.455708
v 1.574378 13.636269 19.914938
v 3.248985 13.636269 19.843737
v 1.656317 13.636269 20.326868
v 4.716791 13.636269 19.059177
v 4.833462 14.000000 19.233786
v 6.003334 13.636270 18.003340
v 3.329350 14.000000 20.037750
v 6.151827 14.000000 18.151833
v 6.003334 14.363731 18.003340
v 7.233788 14.000000 16.833460
v 4.716792 14.363730 19.059177
v 7.059179 14.363729 16.716789
v 7.059177 13.636269 16.716791
v 7.843739 13.636270 15.248985
v 7.455708 13.636269 15.088258
v 8.326868 13.636269 13.656315
v 6.709961 13.636269 16.483452
v 6.535353 13.999999 16.366781
v 5.706350 13.636269 17.706354
v 6.709962 14.363729 16.483452
v 7.261694 14.000000 15.007895
v 5.706350 14.363729 17.706354
v 7.708973 14.000000 13.533408
v 7.914936 13.636270 13.574377
v 8.070000 13.636269 11.999999
v 0.000002 14.000000 19.860001
v -1.533412 14.000000 19.708973
v -1.574381 14.363730 19.914936
v -3.007891 14.000000 19.261694
v 3.329348 14.000000 3.962249
v 5.706350 14.363729 6.293648
v 8.037752 14.000000 8.670654
vn -0.7195 0.5795 0.3827
vn -0.2980 0.2400 0.9239
vn 0.2980 -0.2400 0.9239
vn 0.7195 -0.5795 0.3827
vn 0.7195 -0.5795 -0.3827
vn 0.2980 -0.2400 -0.9239
vn -0.6272 -0.7788 -0.0000
vn -0.2980 0.2400 -0.9239
vn -0.7195 0.5795 -0.3827
vn 0.6272 0.7788 -0.0000
vn 0.0392 0.9796 0.1971
vn -0.0392 0.9796 0.1971
vn -0.1116 0.9796 0.1671
vn -0.1671 0.9796 0.1116
vn -0.1971 0.9796 0.0392
vn -0.1971 0.9796 -0.0392
vn -0.1671 0.9796 -0.1116
vn -0.1116 0.9796 -0.1671
vn -0.0392 0.9796 -0.1971
vn 0.0392 0.9796 -0.1971
vn 0.1116 0.9796 -0.1671
vn 0.1671 0.9796 -0.1116
vn 0.1971 0.9796 -0.0392
vn 0.1971 0.9796 0.0392
vn 0.1671 0.9796 0.1116
vn 0.1116 0.9796 0.1671
vn 0.3060 0.8346 0.4580
vn 0.1075 0.8346 0.5402
vn -0.1075 0.8346 0.5402
vn 0.1544 0.6111 0.7763
vn -0.1544 0.6111 0.7763
vn 0.4397 0.6111 0.6581
vn 0.1815 0.3661 0.9127
vn 0.5170 0.3661 0.7737
vn 0.7737 0.3661 0.5170
vn 0.8253 0.1214 0.5515
vn 0.5515 0.1214 0.8253
vn 0.1936 0.1214 0.9735
vn 0.1936 -0.1214 0.9735
vn 0.5515 -0.1214 0.8253
vn -0.1936 -0.1214 0.9735
vn -0.1936 0.1214 0.9735
vn -0.1815 0.3661 0.9127
vn -0.5170 0.3661 0.7737
vn -0.5515 0.1214 0.8253
vn -0.8253 0.1214 0.5515
vn -0.8253 -0.1214 0.5515
vn -0.5515 -0.1214 0.8253
vn -0.9735 -0.1214 0.1936
vn -0.9127 -0.3661 0.1815
vn -0.7737 -0.3661 0.5170
vn -0.9735 -0.1214 -0.1936
vn -0.9127 -0.3661 -0.1815
vn -0.8253 -0.1214 -0.5515
vn -0.7737 -0.3661 -0.5170
vn -0.5515 -0.1214 -0.8253
vn -0.5170 -0.3661 -0.7737
vn -0.1815 -0.3661 -0.9127
vn -0.1544 -0.6111 -0.7763
vn -0.4397 -0.6111 -0.6581
vn -0.1936 -0.1214 -0.9735
vn 0.1936 -0.1214 -0.9735
vn 0.1815 -0.3661 -0.9127
vn 0.5170 -0.3661 -0.7737
vn 0.1544 -0.6111 -0.7763
vn 0.4397 -0.6111 -0.6581
vn 0.6581 -0.6111 -0.4397
vn 0.4580 -0.8346 -0.3060
vn 0.3060 -0.8346 -0.4580
vn 0.5402 -0.8346 -0.1075
vn 0.1671 -0.9796 -0.1116
vn 0.1971 -0.9796 -0.0392
vn 0.0392 -0.9796 0.1971
vn -0.0392 -0.9796 0.1971
vn -0.1116 -0.9796 0.1671
vn -0.1671 -0.9796 0.1116
vn -0.1971 -0.9796 0.0392
vn -0.1971 -0.9796 -0.0392
vn -0.1671 -0.9796 -0.1116
vn -0.1116 -0.9796 -0.1671
vn -0.0392 -0.9796 -0.1971
vn 0.0392 -0.9796 -0.1971
vn 0.1116 -0.9796 -0.1671
vn 0.1971 -0.9796 0.0392
vn 0.1671 -0.9796 0.1116
vn 0.1116 -0.9796 0.1671
vn 0.1075 -0.8346 0.5402
vn 0.3060 -0.8346 0.4580
vn 0.1544 -0.6111 0.7763
vn 0.4397 -0.6111 0.6581
vn -0.1544 -0.6111 0.7763
vn -0.1075 -0.8346 0.5402
vn -0.1815 -0.3661 0.9127
vn -0.5170 -0.3661 0.7737
vn -0.4397 -0.6111 0.6581
vn -0.6581 -0.6111 0.4397
vn -0.3060 -0.8346 0.4580
vn -0.4580 -0.8346 0.3060
vn -0.7763 -0.6111 0.1544
vn -0.5402 -0.8346 0.1075
vn -0.7763 -0.6111 -0.1544
vn -0.5402 -0.8346 -0.1074
vn -0.5402 -0.8346 0.1074
vn -0.6581 -0.6111 -0.4397
vn -0.4580 -0.8346 -0.3060
vn -0.5402 -0.8346 -0.1075
vn 0.1815 -0.3661 0.9127
vn 0.6581 -0.6111 0.4397
vn 0.4580 -0.8346 0.3060
vn 0.9127 -0.3661 0.1815
vn 0.7737 -0.3661 0.5170
vn 0.7763 -0.6111 0.1544
vn 0.7763 -0.6111 -0.1544
vn 0.5402 -0.8346 0.1075
vn 0.9735 -0.1214 0.1936
vn 0.9735 -0.1214 -0.1936
vn 0.9127 -0.3661 -0.1815
vn 0.8253 -0.1214 -0.5515
vn 0.7737 -0.3661 -0.5170
vn 0.8253 0.1214 -0.5515
vn 0.5515 0.1214 -0.8253
vn 0.5515 -0.1214 -0.8253
vn 0.9127 0.3661 -0.1815
vn 0.7737 0.3661 -0.5170
vn 0.9735 0.1214 -0.1936
vn 0.7763 0.6111 -0.1544
vn 0.7763 0.6111 0.1544
vn 0.9127 0.3661 0.1815
vn 0.5402 0.8346 -0.1075
vn 0.4580 0.8346 -0.3060
vn 0.6581 0.6111 -0.4397
vn 0.3060 0.8346 -0.4580
vn 0.4397 0.6111 -0.6581
vn 0.1544 0.6111 -0.7763
vn 0.5170 0.3661 -0.7737
vn 0.1815 0.3661 -0.9127
vn -0.1075 0.8346 -0.5402
vn 0.1075 0.8346 -0.5402
vn -0.1544 0.6111 -0.7763
vn -0.4397 0.6111 -0.6581
vn -0.5170 0.3661 -0.7737
vn -0.1815 0.3661 -0.9127
vn 0.1936 0.1214 -0.9735
vn -0.1936 0.1214 -0.9735
vn -0.6581 0.6111 -0.4397
vn -0.7737 0.3661 -0.5170
vn -0.4580 0.8346 -0.3060
vn -0.5402 0.8346 -0.1075
vn -0.7763 0.6111 -0.1544
vn -0.7763 0.6111 0.1544
vn -0.9127 0.3661 -0.1815
vn -0.9127 0.3661 0.1815
vn -0.5402 0.8346 0.1075
vn -0.4580 0.8346 0.3060
vn -0.6581 0.6111 0.4397
vn -0.4397 0.6111 0.6581
vn -0.7737 0.3661 0.5170
vn -0.3060 0.8346 0.4580
vn -0.9735 0.1214 -0.1936
vn -0.9735 0.1214 0.1936
vn -0.8253 0.1214 -0.5515
vn -0.5515 0.1214 -0.8253
vn -0.3060 0.8346 -0.4580
vn 0.6581 0.6111 0.4397
vn 0.5402 0.8346 0.1075
vn 0.4580 0.8346 0.3060
vn 0.9735 0.1214 0.1936
vn 0.8253 -0.1214 0.5515
vn 0.5170 -0.3661 0.7737
vn 0.1075 -0.8346 -0.5402
vn -0.1075 -0.8346 -0.5402
vn -0.3060 -0.8346 -0.4580
vn 0.5323 0.7888 -0.3073
vn -0.4398 0.5679 0.6958
vn -0.8224 0.5679 0.0330
vn -0.7234 0.2352 -0.6492
vn 0.7234 -0.2352 0.6492
vn 0.8224 -0.5679 -0.0330
vn 0.4398 -0.5679 -0.6958
vn -0.2005 -0.2352 -0.9510
vn -0.5323 -0.7888 0.3073
vn 0.2005 0.2352 0.9510
vn 0.1937 0.1214 0.9735
vn 0.1937 -0.1214 0.9735
vn -0.1937 0.1214 0.9735
vn -0.1074 0.8346 0.5402
vn -0.6581 0.6111 -0.4398
vn -0.1074 0.8346 -0.5402
vn 0.1937 0.1214 -0.9735
vn 0.1937 -0.1214 -0.9735
vn 0.6581 -0.6111 -0.4398
vn 0.4398 -0.6111 -0.6581
vn 0.1074 -0.8346 0.5402
vn -0.1074 -0.8346 0.5402
vn -0.1937 -0.1214 -0.9735
vn 0.1074 0.8346 -0.5402
vn 0.3033 0.7951 -0.5252
vn -0.0359 0.5603 0.8275
vn -0.6987 0.5603 0.4448
vn -0.9522 0.2321 -0.1984
vn 0.3032 0.7951 -0.5252
vn 0.9522 -0.2321 0.1984
vn 0.6987 -0.5603 -0.4448
vn 0.0359 -0.5603 -0.8275
vn -0.6480 -0.2321 -0.7254
vn -0.3032 -0.7951 0.5252
vn -0.3033 -0.7951 0.5252
vn 0.6480 0.2321 0.7254
vn 0.1074 0.8346 0.5402
vn 0.5170 0.3661 0.7738
vn -0.5170 0.3661 0.7738
vn -0.4398 0.6111 0.6581
vn -0.1816 0.3661 -0.9127
vn 0.7738 -0.3661 0.5170
vn 0.6581 -0.6111 0.4398
vn 0.4398 -0.6111 0.6581
vn 0.5170 -0.3661 0.7738
vn 0.1816 -0.3661 0.9127
vn -0.1816 -0.3661 0.9127
vn -0.4398 -0.6111 0.6581
vn -0.6581 -0.6111 0.4398
vn -0.1074 -0.8346 -0.5402
vn 0.1074 -0.8346 -0.5402
vn 0.5170 -0.3661 -0.7738
vn 0.1816 -0.3661 -0.9127
vn 0.7738 -0.3661 -0.5170
vn -0.1816 -0.3661 -0.9127
vn -0.1937 0.1214 -0.9735
vn -0.1937 -0.1214 0.9735
vn 0.7738 0.3661 0.5170
vn -0.7738 -0.3661 -0.5170
vn -0.5170 -0.3661 -0.7738
vn -0.0000 0.7788 -0.6272
vn 0.3827 0.5795 0.7195
vn -0.3827 0.5795 0.7195
vn -0.0000 0.7788 -0.6273
vn -0.9239 0.2400 0.2980
vn -0.3827 -0.5795 -0.7195
vn -0.9239 -0.2400 -0.2980
vn -0.0000 -0.7788 0.6273
vn -0.0000 -0.7788 0.6272
vn 0.9239 0.2400 0.2980
vn 0.9239 -0.2400 -0.2980
vn 0.3827 -0.5795 -0.7195
vn 0.6581 0.6111 0.4398
vn 0.1816 0.3661 0.9127
vn -0.1816 0.3661 0.9127
vn -0.6581 0.6111 0.4398
vn -0.5402 0.8347 0.1075
vn -0.4398 0.6111 -0.6581
vn -0.5170 0.3661 -0.7738
vn 0.6581 0.6111 -0.4398
vn -0.5514 -0.1214 0.8253
vn -0.9127 -0.3661 -0.1816
vn -0.6581 -0.6111 -0.4398
vn -0.4398 -0.6111 -0.6581
vn -0.3060 -0.8347 -0.4579
vn -0.1671 -0.9796 -0.1117
vn 0.1671 -0.9796 0.1117
vn 0.4580 -0.8347 0.3060
vn 0.9735 0.1214 0.1937
vn 0.9735 -0.1214 -0.1937
vn 0.1816 0.3661 -0.9127
vn 0.4580 -0.8347 -0.3060
vn 0.5402 -0.8347 0.1075
vn -0.9735 0.1214 -0.1937
vn 0.7738 0.3661 -0.5170
vn -0.3073 0.7888 -0.5323
vn 0.6958 0.5679 0.4398
vn 0.0330 0.5679 0.8224
vn 0.6492 -0.2352 -0.7234
vn -0.0330 -0.5679 -0.8224
vn -0.9510 -0.2352 0.2005
vn -0.6492 0.2352 0.7234
vn 0.3074 -0.7888 0.5323
vn -0.6958 -0.5679 -0.4398
vn 0.3073 -0.7888 0.5323
vn 0.9510 0.2352 -0.2005
vn -0.1671 0.9796 0.1117
vn -0.1671 0.9796 -0.1117
vn 0.1117 0.9796 -0.1671
vn 0.1117 -0.9796 -0.1671
vn 0.1671 -0.9796 -0.1117
vn 0.1117 -0.9796 0.1671
vn 0.6581 -0.6112 0.4397
vn 0.9127 0.3661 0.1816
vn 0.6581 0.6112 -0.4397
vn 0.5170 0.3661 -0.7738
vn 0.1075 0.8347 -0.5402
vn 0.4397 -0.6112 -0.6581
vn 0.9735 0.1214 -0.1937
vn 0.4579 -0.8347 -0.3060
vn -0.9127 0.3661 0.1816
vn -0.4579 0.8347 0.3060
vn -0.3060 0.8347 0.4580
vn -0.5402 0.8346 -0.1074
vn -0.5402 0.8346 0.1074
vn -0.4579 0.8347 -0.3060
vn 0.5402 0.8346 0.1074
vn 0.4579 0.8346 0.3060
vn -0.5252 0.7951 -0.3032
vn 0.8275 0.5603 0.0359
vn 0.4448 0.5603 0.6987
vn -0.1984 0.2321 0.9522
vn 0.5252 -0.7951 0.3033
vn -0.5252 0.7951 -0.3033
vn -0.7254 -0.2321 0.6480
vn -0.8275 -0.5603 -0.0359
vn 0.5252 -0.7951 0.3032
vn 0.5253 -0.7951 0.3033
vn 0.7254 0.2321 -0.6480
vn 0.1984 -0.2321 -0.9522
vn -0.4448 -0.5603 -0.6987
vn -0.1670 0.9796 -0.1116
vn 0.1671 0.9796 -0.1117
vn 0.3060 0.8347 0.4579
vn -0.1544 0.6112 0.7763
vn 0.1544 -0.6112 -0.7763
vn 0.6581 -0.6112 -0.4397
vn 0.7763 -0.6112 -0.1544
vn 0.9127 -0.3661 -0.1816
vn 0.7763 -0.6112 0.1544
vn 0.5402 -0.8346 -0.1074
vn 0.5402 -0.8346 0.1074
vn 0.4579 -0.8347 0.3060
vn 0.6581 -0.6112 0.4398
vn -0.1671 -0.9796 0.1117
vn -0.4398 -0.6112 -0.6581
vn -0.9735 -0.1214 0.1937
vn 0.9735 -0.1214 0.1937
vn 0.9127 0.3661 -0.1816
vn 0.3060 0.8347 -0.4579
vn 0.1544 -0.6112 0.7763
vn -0.9735 0.1214 0.1937
vn -0.5402 0.8347 -0.1074
vn -0.5402 0.8347 0.1074
vn -0.6273 0.7788 -0.0000
vn 0.7195 0.5795 -0.3827
vn 0.7195 0.5795 0.3827
vn -0.6272 0.7788 -0.0000
vn -0.2980 -0.2400 -0.9239
vn -0.7195 -0.5795 -0.3827
vn -0.7195 -0.5795 0.3827
vn 0.6272 -0.7788 -0.0000
vn -0.2980 -0.2400 0.9239
vn 0.2980 0.2400 0.9239
vn 0.6273 -0.7788 -0.0000
vn 0.2980 0.2400 -0.9239
vn -0.1117 0.9796 -0.1671
vn 0.1671 0.9796 0.1117
vn 0.4398 0.6111 0.6581
vn -0.7763 0.6112 -0.1544
vn -0.1544 0.6112 -0.7763
vn -0.3060 -0.8347 0.4579
vn 0.3060 -0.8347 -0.4579
vn 0.5402 -0.8347 -0.1075
vn -0.5514 -0.1214 -0.8253
vn -0.9735 -0.1214 -0.1937
vn -0.9127 -0.3661 0.1816
vn -0.7738 -0.3661 0.5170
vn -0.5170 -0.3661 0.7738
vn -0.5323 0.7888 0.3073
vn 0.4398 0.5679 -0.6958
vn 0.8224 0.5679 -0.0329
vn 0.8224 0.5679 -0.0330
vn 0.7234 0.2352 0.6492
vn 0.5323 -0.7888 -0.3073
vn 0.2005 -0.2352 0.9510
vn -0.4398 -0.5679 0.6958
vn -0.8224 -0.5679 0.0330
vn -0.2005 0.2352 -0.9510
vn -0.7233 -0.2352 -0.6492
vn -0.7234 -0.2352 -0.6492
vn -0.5402 0.8347 -0.1075
vn -0.4398 -0.6112 0.6581
vn -0.3060 -0.8347 -0.4580
vn -0.1075 -0.8347 -0.5402
vn 0.5402 -0.8347 -0.1074
vn 0.5402 -0.8347 0.1074
vn -0.1075 -0.8347 0.5402
vn 0.4398 0.6111 -0.6581
vn 0.4397 0.6112 -0.6581
vn -0.3060 0.8347 -0.4580
vn -0.3032 0.7951 0.5252
vn 0.0359 0.5603 -0.8275
vn 0.6987 0.5603 -0.4448
vn 0.9522 0.2321 0.1984
vn 0.3033 -0.7951 -0.5253
vn 0.3033 -0.7951 -0.5252
vn -0.3033 0.7951 0.5252
vn 0.6480 -0.2321 0.7254
vn -0.9522 -0.2321 -0.1984
vn -0.6987 -0.5603 0.4448
vn -0.0359 -0.5603 0.8275
vn 0.3032 -0.7951 -0.5252
vn -0.6480 0.2321 -0.7254
vn 0.3032 -0.7951 -0.5253
vn -0.1117 0.9796 0.1671
vn 0.4397 0.6112 0.6581
vn 0.6581 0.6112 0.4397
vn 0.8253 0.1214 -0.5514
vn 0.3060 -0.8346 0.4579
vn -0.1117 -0.9796 0.1671
vn 0.5402 0.8346 -0.1074
vn 0.1544 0.6112 -0.7763
vn -0.3060 0.8346 -0.4579
vn -0.7763 0.6112 0.1544
vn -0.6581 0.6112 0.4398
vn -0.0000 0.7788 0.6273
vn -0.3827 0.5795 -0.7195
vn 0.3827 0.5795 -0.7195
vn -0.0000 0.7788 0.6272
vn 0.9239 0.2400 -0.2980
vn 0.3827 -0.5795 0.7195
vn 0.9239 -0.2400 0.2980
vn -0.0000 -0.7788 -0.6272
vn -0.3827 -0.5795 0.7195
vn -0.9239 0.2400 -0.2980
vn -0.9239 -0.2400 0.2980
vn 0.1117 0.9796 0.1671
vn -0.7738 0.3661 -0.5170
vn 0.3073 0.7888 0.5323
vn -0.6958 0.5679 -0.4398
vn -0.0330 0.5679 -0.8224
vn 0.6492 0.2352 -0.7233
vn -0.3073 -0.7888 -0.5323
vn -0.9510 0.2352 0.2005
vn -0.6492 -0.2352 0.7234
vn 0.0330 -0.5679 0.8224
vn 0.6958 -0.5679 0.4398
vn 0.9510 -0.2352 -0.2005
vn 0.6492 0.2352 -0.7234
vn 0.5252 0.7951 0.3033
vn -0.8275 0.5603 -0.0359
vn -0.4448 0.5603 -0.6987
vn 0.1984 0.2321 -0.9522
vn 0.8275 -0.5603 0.0359
vn 0.7254 -0.2321 -0.6480
vn -0.5252 -0.7951 -0.3033
vn -0.5252 -0.7951 -0.3032
vn 0.4448 -0.5603 0.6987
vn -0.7254 0.2321 0.6480
vn -0.1984 -0.2321 0.9522
vn 0.8629 0.4982 0.0850
vn 0.8629 0.4982 -0.0850
vn 0.8629 -0.4982 -0.0850
vn 0.8629 -0.4982 0.0850
vn 0.8297 0.4982 0.2517
vn -0.0000 1.0000 -0.0000
vn -0.8629 0.4982 0.0850
vn -0.8629 0.4982 -0.0850
vn 0.8297 0.4982 -0.2517
vn -0.8297 0.4982 0.2517
vn -0.7647 0.4982 0.4087
vn -0.6703 0.4982 0.5501
vn -0.7647 -0.4982 0.4087
vn -0.6703 -0.4982 0.5501
vn -0.8297 -0.4982 0.2517
vn -0.0000 -1.0000 -0.0000
vn 0.7647 -0.4982 -0.4087
vn 0.6703 -0.4982 -0.5501
vn 0.6703 0.4982 -0.5501
vn 0.5501 0.4982 -0.6703
vn 0.5501 -0.4982 -0.6703
vn 0.4087 -0.4982 -0.7647
vn -0.5501 -0.4982 0.6703
vn -0.5501 0.4982 0.6703
vn -0.4087 0.4982 0.7647
vn -0.4087 -0.4982 0.7647
vn -0.2517 0.4982 0.8297
vn -0.0850 0.4982 0.8629
vn -0.2517 -0.4982 0.8297
vn -0.0850 -0.4982 0.8629
vn 0.2517 -0.4982 -0.8297
vn 0.0850 -0.4982 -0.8629
vn 0.0850 -0.4982 0.8629
vn -0.0850 -0.4982 -0.8629
vn -0.2517 -0.4982 -0.8297
vn 0.2517 -0.4982 0.8297
vn 0.4087 -0.4982 0.7647
vn 0.5501 -0.4982 0.6703
vn -0.5501 -0.4982 -0.6703
vn -0.6703 -0.4982 -0.5501
vn -0.6703 0.4982 -0.5501
vn -0.7647 0.4982 -0.4087
vn -0.7647 -0.4982 -0.4087
vn -0.8297 0.4982 -0.2517
vn -0.8297 -0.4982 -0.2517
vn -0.8629 -0.4982 -0.0850
vn -0.8629 -0.4982 0.0850
vn 0.7647 0.4982 -0.4087
vn 0.8297 -0.4982 -0.2517
vn 0.8297 -0.4982 0.2517
vn 0.7647 -0.4982 0.4087
vn 0.6703 -0.4982 0.5501
vn 0.6703 0.4982 0.5501
vn 0.7647 0.4982 0.4087
vn 0.5501 0.4982 0.6703
vn 0.4087 0.4982 0.7647
vn 0.2517 0.4982 0.8297
vn -0.0850 0.4982 -0.8629
vn -0.2517 0.4982 -0.8297
vn -0.4087 0.4982 -0.7647
vn -0.4087 -0.4982 -0.7647
vn -0.5501 0.4982 -0.6703
vn 0.0850 0.4982 0.8629
vn 0.0850 0.4982 -0.8629
vn 0.4087 0.4982 -0.7647
vn -0.6702 0.4982 -0.5501
vn 0.2517 0.4982 -0.8297
vn 0.5501 0.4982 -0.6702
vt 1.000000 1.000000
vt 0.875000 0.500000
vt 1.000000 0.500000
vt 0.875000 1.000000
vt 0.750000 0.500000
vt 0.750000 1.000000
vt 0.625000 0.500000
vt 0.625000 1.000000
vt 0.500000 0.500000
vt 0.500000 1.000000
vt 0.375000 0.500000
vt 0.375000 1.000000
vt 0.250000 0.500000
vt 0.010000 0.250000
vt 0.250000 0.010000
vt 0.490000 0.250000
vt 0.250000 1.000000
vt 0.125000 0.500000
vt 0.125000 1.000000
vt 0.000000 0.500000
vt 0.510000 0.250000
vt 0.580294 0.419706
vt 0.919706 0.080294
vt 0.419706 0.419706
vt 0.250000 0.490000
vt 0.080294 0.419706
vt 0.080294 0.080294
vt 0.419706 0.080294
vt 0.000000 1.000000
vt 0.750000 0.490000
vt 0.919706 0.419706
vt 0.990000 0.250000
vt 0.750000 0.010000
vt 0.580294 0.080294
vt 0.812500 0.900000
vt 0.781250 1.000000
vt 0.750000 0.900000
vt 0.718750 1.000000
vt 0.687500 0.900000
vt 0.656250 1.000000
vt 0.625000 0.900000
vt 0.593750 1.000000
vt 0.562500 0.900000
vt 0.531250 1.000000
vt 0.500000 0.900000
vt 0.468750 1.000000
vt 0.437500 0.900000
vt 0.406250 1.000000
vt 0.375000 0.900000
vt 0.343750 1.000000
vt 0.312500 0.900000
vt 0.281250 1.000000
vt 0.250000 0.900000
vt 0.218750 1.000000
vt 0.187500 0.900000
vt 0.156250 1.000000
vt 0.125000 0.900000
vt 0.093750 1.000000
vt 0.062500 0.900000
vt 0.031250 1.000000
vt 0.000000 0.900000
vt 1.000000 0.900000
vt 0.968750 1.000000
vt 0.937500 0.900000
vt 0.906250 1.000000
vt 0.875000 0.900000
vt 0.843750 1.000000
vt 0.812500 0.800000
vt 0.750000 0.800000
vt 0.812500 0.700000
vt 0.750000 0.700000
vt 0.687500 0.700000
vt 0.687500 0.800000
vt 0.875000 0.800000
vt 0.812500 0.600000
vt 0.875000 0.600000
vt 0.875000 0.700000
vt 0.937500 0.600000
vt 0.875000 0.500000
vt 0.812500 0.500000
vt 0.812500 0.400000
vt 0.750000 0.400000
vt 0.687500 0.500000
vt 0.750000 0.600000
vt 0.687500 0.600000
vt 0.625000 0.600000
vt 0.562500 0.600000
vt 0.562500 0.400000
vt 0.625000 0.400000
vt 0.687500 0.400000
vt 0.562500 0.500000
vt 0.500000 0.400000
vt 0.562500 0.300000
vt 0.500000 0.500000
vt 0.437500 0.400000
vt 0.500000 0.300000
vt 0.437500 0.500000
vt 0.375000 0.400000
vt 0.437500 0.300000
vt 0.375000 0.500000
vt 0.312500 0.400000
vt 0.312500 0.300000
vt 0.375000 0.300000
vt 0.250000 0.400000
vt 0.312500 0.200000
vt 0.250000 0.300000
vt 0.375000 0.200000
vt 0.312500 0.500000
vt 0.250000 0.500000
vt 0.187500 0.400000
vt 0.187500 0.300000
vt 0.125000 0.400000
vt 0.187500 0.200000
vt 0.125000 0.200000
vt 0.125000 0.300000
vt 0.062500 0.200000
vt 0.062500 0.100000
vt 0.125000 0.100000
vt 0.187500 0.100000
vt 0.000000 0.100000
vt 0.093750 0.000000
vt 0.031250 0.000000
vt 0.781250 0.000000
vt 0.812500 0.100000
vt 0.750000 0.100000
vt 0.718750 0.000000
vt 0.687500 0.100000
vt 0.656250 0.000000
vt 0.625000 0.100000
vt 0.593750 0.000000
vt 0.562500 0.100000
vt 0.531250 0.000000
vt 0.500000 0.100000
vt 0.468750 0.000000
vt 0.437500 0.100000
vt 0.406250 0.000000
vt 0.375000 0.100000
vt 0.343750 0.000000
vt 0.312500 0.100000
vt 0.281250 0.000000
vt 0.250000 0.100000
vt 0.218750 0.000000
vt 0.156250 0.000000
vt 0.968750 0.000000
vt 1.000000 0.100000
vt 0.937500 0.100000
vt 0.906250 0.000000
vt 0.875000 0.100000
vt 0.843750 0.000000
vt 0.812500 0.200000
vt 0.812500 0.300000
vt 0.750000 0.200000
vt 0.875000 0.200000
vt 0.750000 0.300000
vt 0.687500 0.300000
vt 0.687500 0.200000
vt 0.625000 0.300000
vt 0.625000 0.200000
vt 0.562500 0.200000
vt 0.500000 0.200000
vt 0.437500 0.200000
vt 0.875000 0.300000
vt 0.937500 0.300000
vt 0.937500 0.200000
vt 1.000000 0.400000
vt 0.937500 0.400000
vt 1.000000 0.200000
vt 1.000000 0.300000
vt 0.000000 0.300000
vt 0.000000 0.200000
vt 0.062500 0.400000
vt 0.000000 0.400000
vt 0.062500 0.500000
vt 0.125000 0.500000
vt 0.062500 0.300000
vt 0.125000 0.600000
vt 0.062500 0.600000
vt 0.187500 0.500000
vt 0.062500 0.700000
vt 0.000000 0.700000
vt 0.125000 0.700000
vt 0.000000 0.600000
vt 0.062500 0.800000
vt 0.000000 0.800000
vt 1.000000 0.800000
vt 0.937500 0.700000
vt 1.000000 0.700000
vt 1.000000 0.600000
vt 0.125000 0.800000
vt 0.187500 0.800000
vt 0.187500 0.700000
vt 0.250000 0.800000
vt 0.187500 0.600000
vt 0.250000 0.700000
vt 0.312500 0.700000
vt 0.312500 0.800000
vt 0.375000 0.700000
vt 0.312500 0.600000
vt 0.250000 0.600000
vt 0.375000 0.800000
vt 0.437500 0.800000
vt 0.437500 0.700000
vt 0.375000 0.600000
vt 0.500000 0.800000
vt 0.500000 0.700000
vt 0.562500 0.800000
vt 0.500000 0.600000
vt 0.562500 0.700000
vt 0.625000 0.800000
vt 0.625000 0.700000
vt 0.437500 0.600000
vt 0.937500 0.800000
vt 0.937500 0.500000
vt 0.875000 0.400000
vt 0.250000 0.200000
vt 0.500000 0.666667
vt 0.468750 0.666667
vt 0.531250 0.500000
vt 0.500000 0.333333
vt 0.468750 0.500000
vt 0.437500 0.500000
vt 0.437500 0.833333
vt 0.437500 0.666667
vt 0.468750 0.833333
vt 0.500000 0.833333
vt 0.531250 0.666667
vt 0.531250 0.833333
vt 0.562500 0.666667
vt 0.562500 0.833333
vt 0.593750 0.666667
vt 0.562500 1.000000
vt 0.593750 0.833333
vt 0.593750 -0.000000
vt 0.562500 0.166667
vt 0.562500 -0.000000
vt 0.593750 0.166667
vt 0.625000 -0.000000
vt 0.531250 -0.000000
vt 0.531250 0.333333
vt 0.531250 0.166667
vt 0.562500 0.333333
vt 0.593750 0.333333
vt 0.625000 0.333333
vt 0.593750 0.500000
vt 0.625000 0.666667
vt 0.656250 0.500000
vt 0.656250 0.333333
vt 0.625000 0.166667
vt 0.656250 0.166667
vt 0.687500 0.333333
vt 0.656250 -0.000000
vt 0.656250 0.833333
vt 0.687500 0.833333
vt 0.687500 -0.000000
vt 0.687500 1.000000
vt 0.656250 0.666667
vt 0.687500 0.666667
vt 0.718750 0.666667
vt 0.718750 1.000000
vt 0.718750 0.833333
vt 0.718750 -0.000000
vt 0.687500 0.166667
vt 0.718750 0.166667
vt 0.750000 -0.000000
vt 0.718750 0.333333
vt 0.750000 0.166667
vt 0.718750 0.500000
vt 0.750000 0.333333
vt 0.781250 -0.000000
vt 0.781250 0.333333
vt 0.781250 0.166667
vt 0.812500 0.166667
vt 0.781250 0.500000
vt 0.812500 0.333333
vt 0.812500 -0.000000
vt 0.843750 0.166667
vt 0.843750 -0.000000
vt 0.875000 -0.000000
vt 0.843750 0.333333
vt 0.875000 0.333333
vt 0.875000 0.166667
vt 0.906250 0.333333
vt 0.906250 0.500000
vt 0.906250 0.666667
vt 0.937500 0.500000
vt 0.937500 0.666667
vt 0.968750 0.666667
vt 0.937500 0.333333
vt 0.968750 0.500000
vt 0.968750 0.833333
vt 1.000000 0.666667
vt 0.968750 0.333333
vt 0.031250 0.666667
vt 0.000000 0.666667
vt 1.000000 0.333333
vt 0.031250 0.333333
vt 0.000000 0.333333
vt 0.031250 0.500000
vt 0.031250 0.166667
vt 0.062500 0.333333
vt 0.062500 0.500000
vt 0.062500 0.666667
vt 0.093750 0.666667
vt 0.093750 0.333333
vt 0.093750 0.500000
vt 0.093750 0.166667
vt 0.125000 0.166667
vt 0.125000 0.333333
vt 0.093750 -0.000000
vt 0.125000 -0.000000
vt 0.156250 0.166667
vt 0.093750 0.833333
vt 0.093750 1.000000
vt 0.062500 1.000000
vt 0.062500 -0.000000
vt 0.062500 0.833333
vt 0.031250 1.000000
vt 0.031250 -0.000000
vt 0.062500 0.166667
vt 0.000000 0.833333
vt 0.031250 0.833333
vt 0.000000 0.166667
vt 0.000000 -0.000000
vt 1.000000 -0.000000
vt 1.000000 0.166667
vt 0.968750 0.166667
vt 0.968750 -0.000000
vt 0.937500 0.166667
vt 0.937500 -0.000000
vt 0.906250 0.166667
vt 0.906250 -0.000000
vt 0.906250 0.833333
vt 0.906250 1.000000
vt 0.937500 0.833333
vt 0.937500 1.000000
vt 0.875000 0.833333
vt 0.875000 0.666667
vt 0.843750 0.833333
vt 0.843750 1.000000
vt 0.843750 0.666667
vt 0.812500 0.833333
vt 0.812500 1.000000
vt 0.781250 0.666667
vt 0.812500 0.666667
vt 0.781250 1.000000
vt 0.781250 0.833333
vt 0.750000 0.666667
vt 0.812500 0.500000
vt 0.750000 0.833333
vt 0.843750 0.500000
vt 0.968750 1.000000
vt 1.000000 0.833333
vt 0.125000 0.833333
vt 0.125000 0.666667
vt 0.156250 0.833333
vt 0.156250 0.666667
vt 0.187500 0.666667
vt 0.156250 1.000000
vt 0.187500 0.833333
vt 0.156250 0.500000
vt 0.187500 0.500000
vt 0.218750 0.666667
vt 0.156250 0.333333
vt 0.187500 0.333333
vt 0.187500 0.166667
vt 0.218750 0.333333
vt 0.218750 0.166667
vt 0.250000 0.166667
vt 0.218750 0.500000
vt 0.250000 0.333333
vt 0.250000 0.666667
vt 0.281250 0.666667
vt 0.281250 0.500000
vt 0.312500 0.666667
vt 0.250000 0.833333
vt 0.281250 0.833333
vt 0.312500 0.833333
vt 0.343750 0.833333
vt 0.281250 1.000000
vt 0.312500 1.000000
vt 0.343750 1.000000
vt 0.343750 -0.000000
vt 0.312500 0.166667
vt 0.312500 -0.000000
vt 0.343750 0.166667
vt 0.375000 -0.000000
vt 0.281250 -0.000000
vt 0.281250 0.333333
vt 0.281250 0.166667
vt 0.312500 0.333333
vt 0.343750 0.333333
vt 0.375000 0.333333
vt 0.312500 0.500000
vt 0.343750 0.500000
vt 0.343750 0.666667
vt 0.375000 0.666667
vt 0.406250 0.500000
vt 0.406250 0.666667
vt 0.406250 0.333333
vt 0.437500 0.333333
vt 0.406250 0.166667
vt 0.437500 0.166667
vt 0.468750 0.333333
vt 0.406250 -0.000000
vt 0.375000 0.166667
vt 0.375000 0.833333
vt 0.406250 0.833333
vt 0.406250 1.000000
vt 0.437500 1.000000
vt 0.437500 -0.000000
vt 0.468750 0.166667
vt 0.468750 -0.000000
vt 0.468750 1.000000
vt 0.500000 -0.000000
vt 0.500000 0.166667
vt 0.250000 -0.000000
vt 0.218750 0.833333
vt 0.218750 -0.000000
vt 0.218750 1.000000
vt 0.187500 1.000000
vt 0.187500 -0.000000
vt 0.156250 -0.000000
vt 0.625000 0.833333
s 0
usemtl Honey
f 2582/1164/393 2583/1165/393 2581/1166/393
f 2584/1167/394 2585/1168/394 2583/1165/394
f 2586/1169/395 2587/1170/395 2585/1168/395
f 2588/1171/396 2589/1172/396 2587/1170/396
f 2590/1173/397 2591/1174/397 2589/1172/397
f 2592/1175/398 2593/1176/398 2591/1174/398
f 2594/1177/399 2590/1178/399 2586/1179/399
f 2594/1180/400 2595/1181/400 2593/1176/400
f 2596/1182/401 2581/1183/401 2595/1181/401
f 2593/1184/402 2595/1185/402 2587/1186/402
f 2582/1164/393 2584/1167/393 2583/1165/393
f 2584/1167/394 2586/1169/394 2585/1168/394
f 2586/1169/395 2588/1171/395 2587/1170/395
f 2588/1171/396 2590/1173/396 2589/1172/396
f 2590/1173/397 2592/1175/397 2591/1174/397
f 2592/1175/398 2594/1180/398 2593/1176/398
f 2586/1179/399 2584/1187/399 2582/1188/399
f 2582/1188/399 2596/1189/399 2594/1177/399
f 2594/1177/399 2592/1190/399 2590/1178/399
f 2590/1178/399 2588/1191/399 2586/1179/399
f 2586/1179/399 2582/1188/399 2594/1177/399
f 2594/1180/400 2596/1182/400 2595/1181/400
f 2596/1182/401 2582/1192/401 2581/1183/401
f 2595/1185/402 2581/1193/402 2583/1194/402
f 2583/1194/402 2585/1195/402 2595/1185/402
f 2585/1195/402 2587/1186/402 2595/1185/402
f 2587/1186/402 2589/1196/402 2591/1197/402
f 2591/1197/402 2593/1184/402 2587/1186/402
f 2613/1198/403 2597/1199/403 2598/1200/403
f 2598/1200/404 2597/1201/404 2599/1202/404
f 2599/1202/405 2597/1203/405 2600/1204/405
f 2600/1204/406 2597/1205/406 2601/1206/406
f 2601/1206/407 2597/1207/407 2602/1208/407
f 2602/1208/408 2597/1209/408 2603/1210/408
f 2603/1210/409 2597/1211/409 2604/1212/409
f 2604/1212/410 2597/1213/410 2605/1214/410
f 2605/1214/411 2597/1215/411 2606/1216/411
f 2606/1216/412 2597/1217/412 2607/1218/412
f 2607/1218/413 2597/1219/413 2608/1220/413
f 2608/1220/414 2597/1221/414 2609/1222/414
f 2609/1222/415 2597/1223/415 2610/1224/415
f 2610/1225/416 2597/1226/416 2611/1227/416
f 2611/1227/417 2597/1228/417 2612/1229/417
f 2612/1229/418 2597/1230/418 2613/1198/418
f 2612/1229/419 2613/1198/419 2614/1231/419
f 2613/1198/420 2615/1232/420 2614/1231/420
f 2613/1198/420 2598/1200/420 2615/1232/420
f 2615/1232/421 2598/1200/421 2599/1202/421
f 2619/1233/422 2614/1231/422 2615/1232/422
f 2619/1233/422 2615/1232/422 2616/1234/422
f 2615/1232/423 2618/1235/423 2616/1234/423
f 2615/1232/423 2617/1236/423 2618/1235/423
f 2615/1232/421 2599/1202/421 2617/1236/421
f 2622/1237/424 2614/1231/424 2619/1233/424
f 2620/1238/425 2619/1233/425 2616/1234/425
f 2623/1239/426 2619/1233/426 2620/1238/426
f 2623/1239/426 2621/1240/426 2619/1233/426
f 2622/1237/424 2619/1233/424 2621/1240/424
f 2625/1241/427 2621/1240/427 2623/1239/427
f 2625/1241/428 2623/1239/428 2624/1242/428
f 2623/1239/429 2626/1243/429 2624/1242/429
f 2623/1239/429 2620/1238/429 2626/1243/429
f 2620/1238/430 2628/1168/430 2626/1243/430
f 2627/1244/431 2626/1243/431 2628/1168/431
f 2624/1242/432 2626/1243/432 2627/1244/432
f 2629/1245/433 2628/1168/433 2630/1246/433
f 2627/1244/431 2628/1168/431 2629/1245/431
f 2631/1247/434 2630/1246/434 2628/1168/434
f 2620/1238/430 2631/1247/430 2628/1168/430
f 2620/1238/425 2616/1234/425 2631/1247/425
f 2631/1247/435 2616/1234/435 2618/1235/435
f 2631/1247/434 2632/1248/434 2630/1246/434
f 2631/1247/435 2618/1235/435 2632/1248/435
f 2618/1235/436 2633/1249/436 2632/1248/436
f 2632/1248/437 2634/1170/437 2630/1246/437
f 2632/1248/437 2633/1249/437 2634/1170/437
f 2634/1170/438 2633/1249/438 2638/1250/438
f 2634/1170/439 2639/1251/439 2635/1252/439
f 2637/1253/440 2634/1170/440 2635/1252/440
f 2637/1253/440 2630/1246/440 2634/1170/440
f 2634/1170/439 2636/1254/439 2639/1251/439
f 2634/1170/438 2638/1250/438 2636/1254/438
f 2636/1254/441 2641/1255/441 2639/1251/441
f 2640/1256/442 2639/1251/442 2641/1255/442
f 2635/1252/443 2639/1251/443 2640/1256/443
f 2636/1254/441 2642/1257/441 2641/1255/441
f 2642/1257/444 2644/1258/444 2641/1255/444
f 2643/1259/445 2641/1255/445 2644/1258/445
f 2640/1256/442 2641/1255/442 2643/1259/442
f 2642/1257/444 2645/1260/444 2644/1258/444
f 2645/1260/446 2647/1261/446 2644/1258/446
f 2646/1262/447 2644/1258/447 2647/1261/447
f 2643/1259/445 2644/1258/445 2646/1262/445
f 2645/1260/446 2648/1263/446 2647/1261/446
f 2648/1263/448 2650/1264/448 2647/1261/448
f 2647/1261/449 2651/1265/449 2649/1266/449
f 2646/1262/447 2647/1261/447 2649/1266/447
f 2647/1261/449 2650/1264/449 2651/1265/449
f 2651/1265/450 2650/1264/450 2655/1267/450
f 2652/1268/451 2651/1265/451 2653/1269/451
f 2654/1270/452 2651/1265/452 2652/1268/452
f 2654/1270/452 2649/1266/452 2651/1265/452
f 2651/1265/450 2655/1267/450 2653/1269/450
f 2658/1271/453 2656/1272/453 2655/1267/453
f 2656/1272/454 2657/1273/454 2655/1267/454
f 2655/1267/455 2659/1274/455 2653/1269/455
f 2658/1271/453 2655/1267/453 2650/1264/453
f 2655/1267/455 2657/1273/455 2659/1274/455
f 2659/1274/456 2657/1273/456 2662/1275/456
f 2653/1269/457 2659/1274/457 2660/1276/457
f 2659/1274/458 2663/1277/458 2660/1276/458
f 2659/1274/458 2661/1278/458 2663/1277/458
f 2659/1274/456 2662/1275/456 2661/1278/456
f 2661/1278/459 2665/1279/459 2663/1277/459
f 2663/1277/460 2667/1280/460 2664/1281/460
f 2666/1282/461 2663/1277/461 2664/1281/461
f 2666/1282/461 2660/1276/461 2663/1277/461
f 2663/1277/460 2665/1279/460 2667/1280/460
f 2665/1279/462 2668/1283/462 2667/1280/462
f 2669/1284/463 2664/1281/463 2667/1280/463
f 2669/1285/464 2667/1280/464 2668/1283/464
f 2669/1286/465 2681/1287/465 2670/1288/465
f 2669/1289/466 2670/1288/466 2671/1290/466
f 2669/1291/467 2671/1290/467 2672/1292/467
f 2669/1293/468 2672/1292/468 2673/1294/468
f 2669/1295/469 2673/1294/469 2674/1296/469
f 2669/1297/470 2674/1296/470 2675/1298/470
f 2669/1299/471 2675/1298/471 2676/1300/471
f 2669/1301/472 2676/1300/472 2677/1302/472
f 2669/1303/473 2677/1302/473 2678/1304/473
f 2669/1305/474 2678/1304/474 2666/1282/474
f 2669/1306/475 2666/1282/475 2664/1281/475
f 2669/1307/476 2668/1308/476 2679/1309/476
f 2669/1310/477 2679/1309/477 2680/1311/477
f 2669/1312/478 2680/1311/478 2681/1287/478
f 2682/1313/479 2670/1288/479 2681/1287/479
f 2680/1311/480 2682/1313/480 2681/1287/480
f 2683/1314/481 2685/1315/481 2682/1313/481
f 2684/1316/482 2683/1314/482 2682/1313/482
f 2680/1311/480 2684/1316/480 2682/1313/480
f 2682/1313/479 2685/1315/479 2670/1288/479
f 2683/1314/481 2686/1317/481 2685/1315/481
f 2685/1315/483 2686/1317/483 2688/1318/483
f 2685/1315/484 2671/1290/484 2670/1288/484
f 2685/1315/484 2687/1319/484 2671/1290/484
f 2685/1315/483 2688/1318/483 2687/1319/483
f 2629/1245/485 2637/1253/485 2688/1318/485
f 2637/1253/486 2689/1320/486 2688/1318/486
f 2687/1319/487 2688/1318/487 2689/1320/487
f 2629/1245/485 2688/1318/485 2686/1317/485
f 2637/1253/486 2635/1252/486 2689/1320/486
f 2635/1252/443 2640/1256/443 2689/1320/443
f 2690/1321/488 2689/1320/488 2640/1256/488
f 2687/1319/487 2689/1320/487 2690/1321/487
f 2687/1319/489 2690/1321/489 2672/1292/489
f 2690/1321/490 2673/1294/490 2672/1292/490
f 2690/1321/490 2691/1322/490 2673/1294/490
f 2690/1321/488 2640/1256/488 2691/1322/488
f 2640/1256/491 2692/1323/491 2691/1322/491
f 2673/1294/492 2691/1322/492 2692/1323/492
f 2692/1323/493 2643/1259/493 2646/1262/493
f 2640/1256/491 2643/1259/491 2692/1323/491
f 2674/1296/494 2692/1323/494 2693/1324/494
f 2673/1294/495 2692/1323/495 2674/1296/495
f 2692/1323/493 2646/1262/493 2693/1324/493
f 2646/1262/496 2654/1270/496 2693/1324/496
f 2675/1298/497 2693/1324/497 2654/1270/497
f 2674/1296/498 2693/1324/498 2675/1298/498
f 2687/1319/489 2672/1292/489 2671/1290/489
f 2627/1244/499 2629/1245/499 2686/1317/499
f 2627/1244/499 2686/1317/499 2683/1314/499
f 2684/1316/482 2694/1325/482 2683/1314/482
f 2696/1326/500 2694/1325/500 2684/1316/500
f 2695/1327/501 2684/1316/501 2680/1311/501
f 2696/1326/500 2684/1316/500 2695/1327/500
f 2699/1328/502 2697/1329/502 2696/1326/502
f 2697/1329/503 2694/1325/503 2696/1326/503
f 2700/1330/504 2696/1326/504 2695/1327/504
f 2700/1330/504 2698/1331/504 2696/1326/504
f 2699/1328/502 2696/1326/502 2698/1331/502
f 2665/1279/505 2698/1332/505 2700/1333/505
f 2668/1308/506 2700/1330/506 2695/1327/506
f 2665/1279/462 2700/1333/462 2668/1283/462
f 2701/1166/507 2697/1329/507 2699/1328/507
f 2702/1334/508 2701/1183/508 2699/1335/508
f 2702/1334/509 2699/1335/509 2698/1332/509
f 2702/1334/508 2703/1336/508 2701/1183/508
f 2705/1337/510 2703/1336/510 2702/1334/510
f 2662/1275/511 2702/1334/511 2704/1338/511
f 2702/1334/509 2698/1332/509 2704/1338/509
f 2705/1337/510 2702/1334/510 2662/1275/510
f 2705/1337/512 2706/1339/512 2708/1340/512
f 2707/1341/513 2706/1339/513 2705/1337/513
f 2657/1273/514 2705/1337/514 2662/1275/514
f 2657/1273/514 2707/1341/514 2705/1337/514
f 2705/1337/512 2708/1340/512 2703/1336/512
f 2708/1340/515 2709/1342/515 2712/1343/515
f 2711/1344/516 2709/1342/516 2708/1340/516
f 2703/1336/517 2708/1340/517 2710/1345/517
f 2711/1344/516 2708/1340/516 2706/1339/516
f 2708/1340/515 2712/1343/515 2710/1345/515
f 2715/1346/518 2713/1347/518 2712/1343/518
f 2713/1348/519 2714/1349/519 2712/1350/519
f 2710/1351/520 2712/1350/520 2714/1349/520
f 2715/1346/518 2712/1343/518 2709/1342/518
f 2715/1346/521 2609/1222/521 2610/1224/521
f 2608/1220/522 2609/1222/522 2715/1346/522
f 2716/1352/523 2715/1346/523 2709/1342/523
f 2608/1220/522 2715/1346/522 2716/1352/522
f 2715/1346/521 2610/1224/521 2713/1347/521
f 2717/1353/524 2608/1220/524 2716/1352/524
f 2716/1352/523 2709/1342/523 2711/1344/523
f 2718/1354/525 2716/1352/525 2711/1344/525
f 2718/1354/525 2717/1353/525 2716/1352/525
f 2721/1355/526 2717/1353/526 2718/1354/526
f 2719/1356/527 2718/1354/527 2711/1344/527
f 2720/1357/528 2718/1354/528 2719/1356/528
f 2721/1355/526 2718/1354/526 2720/1357/526
f 2605/1214/529 2606/1216/529 2721/1355/529
f 2606/1216/530 2717/1353/530 2721/1355/530
f 2723/1358/531 2721/1355/531 2720/1357/531
f 2723/1358/531 2722/1359/531 2721/1355/531
f 2605/1214/529 2721/1355/529 2722/1359/529
f 2725/1360/532 2722/1359/532 2723/1358/532
f 2725/1360/533 2723/1358/533 2724/1361/533
f 2723/1358/534 2726/1362/534 2724/1361/534
f 2723/1358/534 2720/1357/534 2726/1362/534
f 2720/1357/528 2719/1356/528 2726/1362/528
f 2656/1272/535 2726/1362/535 2719/1356/535
f 2658/1271/536 2726/1362/536 2656/1272/536
f 2658/1271/536 2724/1361/536 2726/1362/536
f 2725/1360/532 2727/1363/532 2722/1359/532
f 2730/1364/537 2727/1363/537 2725/1360/537
f 2729/1365/538 2725/1360/538 2728/1366/538
f 2725/1360/533 2724/1361/533 2728/1366/533
f 2730/1364/537 2725/1360/537 2729/1365/537
f 2603/1210/539 2727/1363/539 2730/1364/539
f 2731/1367/540 2603/1210/540 2730/1364/540
f 2732/1368/541 2730/1364/541 2729/1365/541
f 2732/1368/541 2731/1367/541 2730/1364/541
f 2735/1369/542 2731/1367/542 2732/1368/542
f 2733/1370/543 2732/1368/543 2729/1365/543
f 2734/1371/544 2732/1368/544 2733/1370/544
f 2735/1369/542 2732/1368/542 2734/1371/542
f 2601/1206/545 2731/1367/545 2735/1369/545
f 2736/1372/546 2601/1206/546 2735/1369/546
f 2737/1373/547 2735/1369/547 2734/1371/547
f 2737/1373/547 2736/1372/547 2735/1369/547
f 2618/1235/548 2736/1372/548 2737/1373/548
f 2618/1235/436 2737/1373/436 2633/1249/436
f 2737/1373/549 2638/1250/549 2633/1249/549
f 2737/1373/549 2734/1371/549 2638/1250/549
f 2736/1372/546 2600/1204/546 2601/1206/546
f 2599/1202/550 2600/1204/550 2736/1372/550
f 2618/1235/548 2617/1236/548 2736/1372/548
f 2599/1202/550 2736/1372/550 2617/1236/550
f 2734/1371/544 2733/1370/544 2638/1250/544
f 2642/1257/551 2733/1370/551 2738/1374/551
f 2638/1250/552 2733/1370/552 2642/1257/552
f 2733/1370/543 2729/1365/543 2738/1374/543
f 2729/1365/538 2728/1366/538 2738/1374/538
f 2645/1260/553 2738/1374/553 2728/1366/553
f 2642/1257/551 2738/1374/551 2645/1260/551
f 2731/1367/540 2602/1208/540 2603/1210/540
f 2601/1206/545 2602/1208/545 2731/1367/545
f 2648/1263/554 2728/1366/554 2724/1361/554
f 2645/1260/553 2728/1366/553 2648/1263/553
f 2727/1363/555 2604/1212/555 2605/1214/555
f 2603/1210/539 2604/1212/539 2727/1363/539
f 2727/1363/555 2605/1214/555 2722/1359/555
f 2648/1263/554 2724/1361/554 2658/1271/554
f 2707/1341/513 2719/1356/513 2706/1339/513
f 2656/1272/535 2719/1356/535 2707/1341/535
f 2719/1356/527 2711/1344/527 2706/1339/527
f 2717/1353/524 2607/1218/524 2608/1220/524
f 2606/1216/530 2607/1218/530 2717/1353/530
f 2713/1348/519 2739/1375/519 2714/1349/519
f 2739/1375/556 2621/1240/556 2714/1349/556
f 2625/1241/427 2714/1349/427 2621/1240/427
f 2710/1351/520 2714/1349/520 2625/1241/520
f 2610/1225/557 2611/1227/557 2739/1375/557
f 2611/1227/558 2622/1237/558 2739/1375/558
f 2610/1225/557 2739/1375/557 2713/1348/557
f 2739/1375/556 2622/1237/556 2621/1240/556
f 2710/1351/559 2740/1376/559 2701/1166/559
f 2703/1336/517 2710/1345/517 2701/1183/517
f 2710/1351/559 2625/1241/559 2740/1376/559
f 2625/1241/428 2624/1242/428 2740/1376/428
f 2697/1329/560 2740/1376/560 2624/1242/560
f 2701/1166/507 2740/1376/507 2697/1329/507
f 2656/1272/454 2707/1341/454 2657/1273/454
f 2665/1279/505 2704/1338/505 2698/1332/505
f 2661/1278/459 2704/1338/459 2665/1279/459
f 2662/1275/511 2704/1338/511 2661/1278/511
f 2697/1329/503 2741/1377/503 2694/1325/503
f 2697/1329/560 2624/1242/560 2741/1377/560
f 2624/1242/432 2627/1244/432 2741/1377/432
f 2741/1377/561 2683/1314/561 2694/1325/561
f 2741/1377/561 2627/1244/561 2683/1314/561
f 2695/1327/501 2680/1311/501 2679/1309/501
f 2668/1308/506 2695/1327/506 2679/1309/506
f 2742/1378/562 2666/1282/562 2678/1304/562
f 2677/1302/563 2742/1378/563 2678/1304/563
f 2653/1269/457 2660/1276/457 2742/1378/457
f 2652/1268/451 2653/1269/451 2742/1378/451
f 2677/1302/563 2652/1268/563 2742/1378/563
f 2742/1378/562 2660/1276/562 2666/1282/562
f 2676/1300/564 2652/1268/564 2677/1302/564
f 2676/1300/564 2654/1270/564 2652/1268/564
f 2675/1298/497 2654/1270/497 2676/1300/497
f 2648/1263/448 2658/1271/448 2650/1264/448
f 2646/1262/496 2649/1266/496 2654/1270/496
f 2638/1250/552 2642/1257/552 2636/1254/552
f 2629/1245/433 2630/1246/433 2637/1253/433
f 2611/1227/558 2612/1229/558 2622/1237/558
f 2612/1229/419 2614/1231/419 2622/1237/419
f 2746/1185/565 2743/1193/565 2744/1194/565
f 2745/1164/566 2744/1165/566 2743/1166/566
f 2746/1181/567 2745/1192/567 2743/1183/567
f 2747/1184/565 2746/1185/565 2750/1186/565
f 2749/1180/568 2746/1181/568 2747/1176/568
f 2746/1181/567 2748/1182/567 2745/1192/567
f 2749/1180/568 2748/1182/568 2746/1181/568
f 2746/1185/565 2744/1194/565 2750/1186/565
f 2744/1194/565 2751/1195/565 2750/1186/565
f 2751/1168/569 2752/1171/569 2750/1170/569
f 2752/1171/570 2753/1172/570 2750/1170/570
f 2750/1186/565 2753/1196/565 2754/1197/565
f 2754/1197/565 2747/1184/565 2750/1186/565
f 2753/1172/571 2755/1175/571 2754/1174/571
f 2755/1175/572 2747/1176/572 2754/1174/572
f 2755/1190/573 2756/1178/573 2757/1179/573
f 2753/1172/571 2756/1173/571 2755/1175/571
f 2749/1177/573 2755/1190/573 2757/1179/573
f 2755/1175/572 2749/1180/572 2747/1176/572
f 2757/1179/573 2758/1187/573 2745/1188/573
f 2744/1165/574 2758/1167/574 2757/1169/574
f 2751/1168/569 2757/1169/569 2752/1171/569
f 2744/1165/574 2757/1169/574 2751/1168/574
f 2756/1178/573 2752/1191/573 2757/1179/573
f 2745/1188/573 2748/1189/573 2757/1179/573
f 2748/1189/573 2749/1177/573 2757/1179/573
f 2745/1164/566 2758/1167/566 2744/1165/566
f 2752/1171/570 2756/1173/570 2753/1172/570
f 2775/1198/403 2759/1199/403 2760/1200/403
f 2760/1200/404 2759/1201/404 2761/1202/404
f 2761/1202/405 2759/1203/405 2762/1204/405
f 2762/1204/406 2759/1205/406 2763/1206/406
f 2763/1206/407 2759/1207/407 2764/1208/407
f 2764/1208/408 2759/1209/408 2765/1210/408
f 2765/1210/409 2759/1211/409 2766/1212/409
f 2766/1212/410 2759/1213/410 2767/1214/410
f 2767/1214/411 2759/1215/411 2768/1216/411
f 2768/1216/412 2759/1217/412 2769/1218/412
f 2769/1218/413 2759/1219/413 2770/1220/413
f 2770/1220/414 2759/1221/414 2771/1222/414
f 2771/1222/415 2759/1223/415 2772/1224/415
f 2772/1225/416 2759/1226/416 2773/1227/416
f 2773/1227/417 2759/1228/417 2774/1229/417
f 2774/1229/418 2759/1230/418 2775/1198/418
f 2776/1231/420 2775/1198/420 2760/1200/420
f 2774/1229/419 2775/1198/419 2776/1231/419
f 2777/1233/422 2776/1231/422 2779/1232/422
f 2780/1240/424 2776/1231/424 2777/1233/424
f 2780/1240/424 2778/1237/424 2776/1231/424
f 2774/1229/419 2776/1231/419 2778/1237/419
f 2776/1231/420 2760/1200/420 2779/1232/420
f 2782/1349/556 2778/1237/556 2780/1240/556
f 2780/1240/426 2784/1238/426 2781/1239/426
f 2783/1241/427 2780/1240/427 2781/1239/427
f 2783/1241/427 2782/1349/427 2780/1240/427
f 2780/1240/426 2777/1233/426 2784/1238/426
f 2784/1238/425 2777/1233/425 2788/1234/425
f 2784/1238/430 2789/1168/430 2785/1243/430
f 2787/1242/429 2784/1238/429 2785/1243/429
f 2787/1242/429 2781/1239/429 2784/1238/429
f 2784/1238/575 2786/1247/575 2789/1168/575
f 2784/1238/425 2788/1234/425 2786/1247/425
f 2785/1243/576 2789/1168/576 2790/1245/576
f 2790/1245/433 2789/1168/433 2791/1246/433
f 2786/1247/577 2791/1246/577 2789/1168/577
f 2786/1247/434 2792/1248/434 2791/1246/434
f 2792/1248/437 2794/1170/437 2791/1246/437
f 2791/1246/440 2795/1252/440 2793/1253/440
f 2790/1245/433 2791/1246/433 2793/1253/433
f 2791/1246/440 2794/1170/440 2795/1252/440
f 2795/1252/439 2794/1170/439 2799/1254/439
f 2793/1253/486 2795/1252/486 2796/1320/486
f 2795/1252/443 2798/1256/443 2796/1320/443
f 2795/1252/443 2797/1251/443 2798/1256/443
f 2795/1252/439 2799/1254/439 2797/1251/439
f 2802/1249/438 2800/1250/438 2799/1254/438
f 2800/1250/552 2801/1257/552 2799/1254/552
f 2797/1251/441 2799/1254/441 2801/1257/441
f 2802/1249/438 2799/1254/438 2794/1170/438
f 2803/1373/549 2800/1250/549 2802/1249/549
f 2792/1248/436 2803/1373/436 2802/1249/436
f 2792/1248/437 2802/1249/437 2794/1170/437
f 2807/1236/548 2804/1372/548 2803/1373/548
f 2804/1372/547 2806/1371/547 2803/1373/547
f 2792/1248/436 2805/1235/436 2803/1373/436
f 2807/1236/548 2803/1373/548 2805/1235/548
f 2803/1373/549 2806/1371/549 2800/1250/549
f 2807/1236/550 2761/1202/550 2762/1204/550
f 2760/1200/578 2761/1202/578 2807/1236/578
f 2779/1232/423 2807/1236/423 2805/1235/423
f 2807/1236/550 2762/1204/550 2804/1372/550
f 2760/1200/421 2807/1236/421 2779/1232/421
f 2804/1372/547 2808/1369/547 2806/1371/547
f 2808/1369/542 2809/1368/542 2806/1371/542
f 2800/1250/544 2806/1371/544 2809/1368/544
f 2808/1369/542 2810/1367/542 2809/1368/542
f 2810/1367/541 2812/1365/541 2809/1368/541
f 2811/1370/543 2809/1368/543 2812/1365/543
f 2800/1250/544 2809/1368/544 2811/1370/544
f 2812/1365/537 2813/1364/537 2816/1363/537
f 2810/1367/541 2813/1364/541 2812/1365/541
f 2814/1374/538 2812/1365/538 2815/1360/538
f 2811/1370/543 2812/1365/543 2814/1374/543
f 2812/1365/579 2816/1363/579 2815/1360/579
f 2816/1363/555 2766/1212/555 2767/1214/555
f 2765/1210/539 2766/1212/539 2816/1363/539
f 2815/1360/532 2816/1363/532 2817/1359/532
f 2765/1210/539 2816/1363/539 2813/1364/539
f 2816/1363/555 2767/1214/555 2817/1359/555
f 2817/1359/580 2767/1214/580 2768/1216/580
f 2817/1359/531 2820/1357/531 2818/1358/531
f 2815/1360/532 2817/1359/532 2818/1358/532
f 2817/1359/531 2819/1355/531 2820/1357/531
f 2817/1359/529 2768/1216/529 2819/1355/529
f 2820/1357/526 2819/1355/526 2824/1353/526
f 2820/1357/528 2825/1356/528 2821/1362/528
f 2823/1361/534 2820/1357/534 2821/1362/534
f 2823/1361/534 2818/1358/534 2820/1357/534
f 2820/1357/528 2822/1354/528 2825/1356/528
f 2820/1357/526 2824/1353/526 2822/1354/526
f 2822/1354/527 2827/1339/527 2825/1356/527
f 2825/1356/513 2829/1337/513 2826/1341/513
f 2828/1272/535 2825/1356/535 2826/1341/535
f 2828/1272/581 2821/1362/581 2825/1356/581
f 2825/1356/513 2827/1339/513 2829/1337/513
f 2827/1339/512 2831/1336/512 2829/1337/512
f 2830/1275/510 2829/1337/510 2831/1336/510
f 2832/1273/514 2829/1337/514 2830/1275/514
f 2832/1273/514 2826/1341/514 2829/1337/514
f 2828/1272/454 2826/1341/454 2832/1273/454
f 2834/1267/455 2832/1273/455 2833/1274/455
f 2832/1273/456 2835/1278/456 2833/1274/456
f 2828/1272/582 2832/1273/582 2834/1267/582
f 2832/1273/456 2830/1275/456 2835/1278/456
f 2830/1275/511 2837/1338/511 2835/1278/511
f 2836/1277/583 2835/1278/583 2837/1338/583
f 2838/1276/584 2835/1278/584 2836/1277/584
f 2838/1276/458 2833/1274/458 2835/1278/458
f 2840/1378/457 2833/1274/457 2838/1276/457
f 2838/1276/461 2842/1281/461 2839/1282/461
f 2841/1304/562 2838/1276/562 2839/1282/562
f 2841/1304/562 2840/1378/562 2838/1276/562
f 2838/1276/461 2836/1277/461 2842/1281/461
f 2836/1277/460 2843/1280/460 2842/1281/460
f 2844/1306/475 2839/1282/475 2842/1281/475
f 2844/1284/463 2842/1281/463 2843/1280/463
f 2844/1286/465 2856/1287/465 2845/1288/465
f 2844/1289/466 2845/1288/466 2846/1290/466
f 2844/1291/467 2846/1290/467 2847/1292/467
f 2844/1293/468 2847/1292/468 2848/1294/468
f 2844/1295/469 2848/1294/469 2849/1296/469
f 2844/1297/470 2849/1296/470 2850/1298/470
f 2844/1299/471 2850/1298/471 2851/1300/471
f 2844/1301/472 2851/1300/472 2852/1302/472
f 2844/1303/473 2852/1302/473 2841/1304/473
f 2844/1305/474 2841/1304/474 2839/1282/474
f 2844/1285/464 2843/1280/464 2853/1283/464
f 2844/1307/476 2853/1308/476 2854/1309/476
f 2844/1310/477 2854/1309/477 2855/1311/477
f 2844/1312/478 2855/1311/478 2856/1287/478
f 2856/1287/585 2857/1313/585 2859/1315/585
f 2858/1316/480 2857/1313/480 2856/1287/480
f 2858/1316/480 2856/1287/480 2855/1311/480
f 2856/1287/479 2859/1315/479 2845/1288/479
f 2857/1313/481 2860/1317/481 2859/1315/481
f 2859/1315/483 2860/1317/483 2862/1318/483
f 2859/1315/586 2846/1290/586 2845/1288/586
f 2859/1315/484 2861/1319/484 2846/1290/484
f 2859/1315/483 2862/1318/483 2861/1319/483
f 2793/1253/486 2796/1320/486 2862/1318/486
f 2860/1317/485 2793/1253/485 2862/1318/485
f 2861/1319/487 2862/1318/487 2796/1320/487
f 2846/1290/489 2861/1319/489 2863/1321/489
f 2861/1319/487 2796/1320/487 2863/1321/487
f 2863/1321/488 2796/1320/488 2798/1256/488
f 2863/1321/490 2848/1294/490 2847/1292/490
f 2846/1290/489 2863/1321/489 2847/1292/489
f 2863/1321/490 2864/1322/490 2848/1294/490
f 2863/1321/488 2798/1256/488 2864/1322/488
f 2864/1322/491 2798/1256/491 2866/1259/491
f 2848/1294/492 2864/1322/492 2865/1323/492
f 2864/1322/491 2866/1259/491 2865/1323/491
f 2797/1251/442 2867/1255/442 2866/1259/442
f 2867/1255/445 2868/1262/445 2866/1259/445
f 2866/1259/493 2869/1324/493 2865/1323/493
f 2797/1251/442 2866/1259/442 2798/1256/442
f 2866/1259/493 2868/1262/493 2869/1324/493
f 2868/1262/496 2870/1270/496 2869/1324/496
f 2850/1298/497 2869/1324/497 2870/1270/497
f 2865/1323/498 2869/1324/498 2850/1298/498
f 2868/1262/496 2871/1266/496 2870/1270/496
f 2871/1266/452 2872/1268/452 2870/1270/452
f 2851/1300/564 2870/1270/564 2872/1268/564
f 2850/1298/497 2870/1270/497 2851/1300/497
f 2871/1266/452 2873/1265/452 2872/1268/452
f 2873/1265/451 2840/1378/451 2872/1268/451
f 2872/1268/563 2841/1304/563 2852/1302/563
f 2851/1300/564 2872/1268/564 2852/1302/564
f 2872/1268/563 2840/1378/563 2841/1304/563
f 2874/1264/450 2875/1269/450 2873/1265/450
f 2871/1266/449 2874/1264/449 2873/1265/449
f 2873/1265/451 2875/1269/451 2840/1378/451
f 2874/1264/450 2834/1267/450 2875/1269/450
f 2834/1267/455 2833/1274/455 2875/1269/455
f 2840/1378/457 2875/1269/457 2833/1274/457
f 2878/1263/448 2876/1271/448 2874/1264/448
f 2876/1271/587 2834/1267/587 2874/1264/587
f 2871/1266/449 2877/1261/449 2874/1264/449
f 2878/1263/448 2874/1264/448 2877/1261/448
f 2814/1374/553 2879/1366/553 2878/1263/553
f 2879/1366/554 2876/1271/554 2878/1263/554
f 2881/1258/446 2878/1263/446 2877/1261/446
f 2881/1258/446 2880/1260/446 2878/1263/446
f 2814/1374/553 2878/1263/553 2880/1260/553
f 2867/1255/444 2880/1260/444 2881/1258/444
f 2867/1255/445 2881/1258/445 2868/1262/445
f 2881/1258/447 2871/1266/447 2868/1262/447
f 2881/1258/447 2877/1261/447 2871/1266/447
f 2811/1370/551 2814/1374/551 2880/1260/551
f 2867/1255/444 2801/1257/444 2880/1260/444
f 2811/1370/551 2880/1260/551 2801/1257/551
f 2815/1360/533 2823/1361/533 2879/1366/533
f 2814/1374/538 2815/1360/538 2879/1366/538
f 2879/1366/554 2823/1361/554 2876/1271/554
f 2876/1271/536 2823/1361/536 2821/1362/536
f 2876/1271/453 2828/1272/453 2834/1267/453
f 2876/1271/536 2821/1362/536 2828/1272/536
f 2797/1251/441 2801/1257/441 2867/1255/441
f 2865/1323/498 2850/1298/498 2849/1296/498
f 2848/1294/495 2865/1323/495 2849/1296/495
f 2883/1244/499 2790/1245/499 2860/1317/499
f 2860/1317/485 2790/1245/485 2793/1253/485
f 2857/1313/481 2882/1314/481 2860/1317/481
f 2883/1244/499 2860/1317/499 2882/1314/499
f 2787/1242/432 2785/1243/432 2883/1244/432
f 2785/1243/431 2790/1245/431 2883/1244/431
f 2885/1325/561 2883/1244/561 2882/1314/561
f 2885/1325/561 2884/1377/561 2883/1244/561
f 2787/1242/432 2883/1244/432 2884/1377/432
f 2887/1329/503 2884/1377/503 2885/1325/503
f 2886/1326/500 2885/1325/500 2858/1316/500
f 2885/1325/482 2857/1313/482 2858/1316/482
f 2887/1329/503 2885/1325/503 2886/1326/503
f 2885/1325/482 2882/1314/482 2857/1313/482
f 2887/1329/560 2888/1376/560 2787/1242/560
f 2890/1166/507 2888/1376/507 2887/1329/507
f 2889/1328/502 2887/1329/502 2886/1326/502
f 2890/1166/507 2887/1329/507 2889/1328/507
f 2887/1329/560 2787/1242/560 2884/1377/560
f 2891/1351/559 2888/1376/559 2890/1166/559
f 2831/1336/517 2891/1345/517 2890/1183/517
f 2831/1336/508 2890/1183/508 2889/1335/508
f 2891/1351/520 2892/1350/520 2782/1349/520
f 2893/1340/515 2892/1343/515 2891/1345/515
f 2831/1336/517 2893/1340/517 2891/1345/517
f 2891/1351/559 2783/1241/559 2888/1376/559
f 2891/1351/520 2782/1349/520 2783/1241/520
f 2893/1340/515 2894/1342/515 2892/1343/515
f 2895/1344/516 2894/1342/516 2893/1340/516
f 2827/1339/512 2893/1340/512 2831/1336/512
f 2895/1344/516 2893/1340/516 2827/1339/516
f 2895/1344/523 2896/1352/523 2897/1346/523
f 2822/1354/525 2896/1352/525 2895/1344/525
f 2822/1354/527 2895/1344/527 2827/1339/527
f 2895/1344/523 2897/1346/523 2894/1342/523
f 2771/1222/521 2898/1347/521 2897/1346/521
f 2896/1352/522 2771/1222/522 2897/1346/522
f 2894/1342/518 2897/1346/518 2898/1347/518
f 2898/1348/557 2772/1225/557 2773/1227/557
f 2771/1222/521 2772/1224/521 2898/1347/521
f 2898/1348/519 2782/1349/519 2892/1350/519
f 2894/1342/518 2898/1347/518 2892/1343/518
f 2898/1348/519 2899/1375/519 2782/1349/519
f 2898/1348/557 2773/1227/557 2899/1375/557
f 2773/1227/558 2778/1237/558 2899/1375/558
f 2782/1349/556 2899/1375/556 2778/1237/556
f 2896/1352/522 2770/1220/522 2771/1222/522
f 2769/1218/524 2770/1220/524 2896/1352/524
f 2822/1354/525 2824/1353/525 2896/1352/525
f 2769/1218/524 2896/1352/524 2824/1353/524
f 2901/1334/509 2889/1335/509 2900/1332/509
f 2889/1328/502 2886/1326/502 2900/1331/502
f 2831/1336/508 2889/1335/508 2901/1334/508
f 2830/1275/510 2831/1336/510 2901/1334/510
f 2830/1275/511 2901/1334/511 2837/1338/511
f 2901/1334/509 2900/1332/509 2837/1338/509
f 2902/1330/504 2900/1331/504 2886/1326/504
f 2903/1279/505 2900/1332/505 2902/1333/505
f 2903/1279/505 2837/1338/505 2900/1332/505
f 2836/1277/459 2837/1338/459 2903/1279/459
f 2843/1280/462 2903/1279/462 2902/1333/462
f 2836/1277/460 2903/1279/460 2843/1280/460
f 2853/1308/506 2902/1330/506 2904/1327/506
f 2843/1280/462 2902/1333/462 2853/1283/462
f 2902/1330/504 2886/1326/504 2904/1327/504
f 2886/1326/500 2858/1316/500 2904/1327/500
f 2904/1327/501 2855/1311/501 2854/1309/501
f 2853/1308/506 2904/1327/506 2854/1309/506
f 2904/1327/501 2858/1316/501 2855/1311/501
f 2783/1241/428 2787/1242/428 2888/1376/428
f 2768/1216/588 2769/1218/588 2824/1353/588
f 2768/1216/530 2824/1353/530 2819/1355/530
f 2815/1360/533 2818/1358/533 2823/1361/533
f 2764/1208/540 2765/1210/540 2813/1364/540
f 2764/1208/540 2813/1364/540 2810/1367/540
f 2800/1250/552 2811/1370/552 2801/1257/552
f 2763/1206/545 2764/1208/545 2810/1367/545
f 2763/1206/545 2810/1367/545 2808/1369/545
f 2804/1372/546 2763/1206/546 2808/1369/546
f 2786/1247/435 2805/1235/435 2792/1248/435
f 2786/1247/435 2788/1234/435 2805/1235/435
f 2779/1232/423 2805/1235/423 2788/1234/423
f 2804/1372/546 2762/1204/546 2763/1206/546
f 2777/1233/422 2779/1232/422 2788/1234/422
f 2783/1241/428 2781/1239/428 2787/1242/428
f 2773/1227/558 2774/1229/558 2778/1237/558
f 2908/1185/589 2905/1193/589 2906/1194/589
f 2907/1164/590 2906/1165/590 2905/1166/590
f 2908/1181/591 2907/1192/591 2905/1183/591
f 2909/1184/589 2908/1185/589 2913/1186/589
f 2911/1180/592 2908/1181/592 2909/1176/592
f 2908/1181/591 2910/1182/591 2907/1192/591
f 2911/1180/592 2910/1182/592 2908/1181/592
f 2906/1194/593 2912/1195/593 2908/1185/593
f 2912/1195/589 2913/1186/589 2908/1185/589
f 2916/1169/594 2913/1170/594 2912/1168/594
f 2916/1169/594 2914/1171/594 2913/1170/594
f 2914/1171/595 2915/1172/595 2913/1170/595
f 2913/1186/589 2915/1196/589 2917/1197/589
f 2917/1197/593 2909/1184/593 2913/1186/593
f 2919/1173/596 2917/1174/596 2915/1172/596
f 2919/1173/596 2918/1175/596 2917/1174/596
f 2918/1175/597 2909/1176/597 2917/1174/597
f 2919/1178/598 2914/1191/598 2911/1177/598
f 2914/1171/595 2919/1173/595 2915/1172/595
f 2911/1177/599 2918/1190/599 2919/1178/599
f 2918/1175/597 2911/1180/597 2909/1176/597
f 2916/1179/598 2920/1187/598 2907/1188/598
f 2906/1165/600 2920/1167/600 2916/1169/600
f 2906/1165/600 2916/1169/600 2912/1168/600
f 2914/1191/599 2916/1179/599 2911/1177/599
f 2907/1188/599 2910/1189/599 2916/1179/599
f 2910/1189/598 2911/1177/598 2916/1179/598
f 2907/1164/590 2920/1167/590 2906/1165/590
f 2937/1198/403 2921/1199/403 2922/1200/403
f 2922/1200/404 2921/1201/404 2923/1202/404
f 2923/1202/405 2921/1203/405 2924/1204/405
f 2924/1204/406 2921/1205/406 2925/1206/406
f 2925/1206/407 2921/1207/407 2926/1208/407
f 2926/1208/408 2921/1209/408 2927/1210/408
f 2927/1210/409 2921/1211/409 2928/1212/409
f 2928/1212/410 2921/1213/410 2929/1214/410
f 2929/1214/411 2921/1215/411 2930/1216/411
f 2930/1216/412 2921/1217/412 2931/1218/412
f 2931/1218/413 2921/1219/413 2932/1220/413
f 2932/1220/414 2921/1221/414 2933/1222/414
f 2933/1222/415 2921/1223/415 2934/1224/415
f 2934/1225/416 2921/1226/416 2935/1227/416
f 2935/1227/417 2921/1228/417 2936/1229/417
f 2936/1229/418 2921/1230/418 2937/1198/418
f 2938/1231/601 2937/1198/601 2922/1200/601
f 2939/1237/419 2937/1198/419 2938/1231/419
f 2939/1237/419 2936/1229/419 2937/1198/419
f 2935/1227/558 2936/1229/558 2939/1237/558
f 2939/1237/424 2943/1233/424 2940/1240/424
f 2942/1349/556 2939/1237/556 2940/1240/556
f 2942/1349/556 2941/1375/556 2939/1237/556
f 2935/1227/558 2939/1237/558 2941/1375/558
f 2939/1237/424 2938/1231/424 2943/1233/424
f 2943/1233/422 2938/1231/422 2946/1232/422
f 2944/1238/425 2943/1233/425 2945/1234/425
f 2940/1240/602 2943/1233/602 2944/1238/602
f 2943/1233/422 2946/1232/422 2945/1234/422
f 2938/1231/420 2922/1200/420 2946/1232/420
f 2922/1200/421 2947/1236/421 2946/1232/421
f 2946/1232/423 2948/1235/423 2945/1234/423
f 2946/1232/423 2947/1236/423 2948/1235/423
f 2948/1235/548 2947/1236/548 2953/1372/548
f 2948/1235/603 2952/1249/603 2949/1248/603
f 2951/1247/435 2948/1235/435 2949/1248/435
f 2951/1247/435 2945/1234/435 2948/1235/435
f 2948/1235/436 2950/1373/436 2952/1249/436
f 2948/1235/604 2953/1372/604 2950/1373/604
f 2953/1372/546 2924/1204/546 2925/1206/546
f 2923/1202/550 2924/1204/550 2953/1372/550
f 2950/1373/547 2953/1372/547 2954/1369/547
f 2923/1202/550 2953/1372/550 2947/1236/550
f 2953/1372/546 2925/1206/546 2954/1369/546
f 2925/1206/545 2956/1367/545 2954/1369/545
f 2955/1371/542 2954/1369/542 2956/1367/542
f 2950/1373/547 2954/1369/547 2955/1371/547
f 2925/1206/545 2926/1208/545 2956/1367/545
f 2926/1208/540 2958/1364/540 2956/1367/540
f 2957/1368/541 2956/1367/541 2958/1364/541
f 2955/1371/542 2956/1367/542 2957/1368/542
f 2958/1364/539 2927/1210/539 2928/1212/539
f 2926/1208/540 2927/1210/540 2958/1364/540
f 2958/1364/579 2961/1360/579 2959/1365/579
f 2957/1368/541 2958/1364/541 2959/1365/541
f 2958/1364/537 2960/1363/537 2961/1360/537
f 2958/1364/539 2928/1212/539 2960/1363/539
f 2960/1363/532 2963/1358/532 2961/1360/532
f 2962/1366/533 2961/1360/533 2963/1358/533
f 2959/1365/538 2961/1360/538 2962/1366/538
f 2963/1358/531 2964/1359/531 2967/1355/531
f 2960/1363/532 2964/1359/532 2963/1358/532
f 2965/1361/605 2963/1358/605 2966/1357/605
f 2962/1366/533 2963/1358/533 2965/1361/533
f 2963/1358/531 2967/1355/531 2966/1357/531
f 2967/1355/530 2930/1216/530 2931/1218/530
f 2964/1359/529 2930/1216/529 2967/1355/529
f 2967/1355/526 2969/1354/526 2966/1357/526
f 2967/1355/526 2968/1353/526 2969/1354/526
f 2967/1355/588 2931/1218/588 2968/1353/588
f 2969/1354/525 2968/1353/525 2973/1352/525
f 2969/1354/527 2974/1339/527 2970/1356/527
f 2972/1362/528 2969/1354/528 2970/1356/528
f 2972/1362/528 2966/1357/528 2969/1354/528
f 2969/1354/527 2971/1344/527 2974/1339/527
f 2969/1354/525 2973/1352/525 2971/1344/525
f 2971/1344/516 2976/1340/516 2974/1339/516
f 2974/1339/512 2978/1336/512 2975/1337/512
f 2977/1341/513 2974/1339/513 2975/1337/513
f 2977/1341/513 2970/1356/513 2974/1339/513
f 2974/1339/512 2976/1340/512 2978/1336/512
f 2976/1340/517 2980/1183/517 2978/1336/517
f 2979/1334/508 2978/1336/508 2980/1183/508
f 2975/1337/510 2978/1336/510 2979/1334/510
f 2980/1166/559 2981/1351/559 2984/1241/559
f 2976/1340/517 2981/1345/517 2980/1183/517
f 2980/1166/507 2985/1329/507 2982/1328/507
f 2979/1334/508 2980/1183/508 2982/1335/508
f 2980/1166/507 2983/1376/507 2985/1329/507
f 2980/1166/559 2984/1241/559 2983/1376/559
f 2983/1376/560 2987/1377/560 2985/1329/560
f 2986/1326/606 2985/1329/606 2987/1377/606
f 2988/1331/502 2985/1329/502 2986/1326/502
f 2988/1331/502 2982/1328/502 2985/1329/502
f 2990/1338/509 2982/1335/509 2988/1332/509
f 2990/1338/505 2988/1332/505 2989/1333/505
f 2988/1331/504 2991/1327/504 2989/1330/504
f 2988/1331/504 2986/1326/504 2991/1327/504
f 2991/1327/607 2986/1326/607 2995/1325/607
f 2992/1309/501 2991/1327/501 2993/1316/501
f 2994/1308/506 2991/1327/506 2992/1309/506
f 2994/1308/506 2989/1330/506 2991/1327/506
f 2991/1327/500 2995/1325/500 2993/1316/500
f 2987/1377/561 2996/1314/561 2995/1325/561
f 2986/1326/503 2987/1377/503 2995/1325/503
f 2993/1316/608 2995/1325/608 2996/1314/608
f 2987/1377/609 2997/1244/609 2996/1314/609
f 2997/1244/610 2999/1317/610 2996/1314/610
f 2996/1314/481 3000/1315/481 2998/1313/481
f 2993/1316/482 2996/1314/482 2998/1313/482
f 2996/1314/481 2999/1317/481 3000/1315/481
f 2998/1313/479 3000/1315/479 3001/1288/479
f 3000/1315/483 2999/1317/483 3003/1318/483
f 3001/1288/586 3000/1315/586 3002/1319/586
f 3000/1315/483 3003/1318/483 3002/1319/483
f 3003/1318/486 3004/1253/486 3007/1252/486
f 3006/1245/611 3004/1253/611 3003/1318/611
f 3003/1318/612 3008/1321/612 3002/1319/612
f 3006/1245/485 3003/1318/485 2999/1317/485
f 3003/1318/487 3005/1320/487 3008/1321/487
f 3003/1318/486 3007/1252/486 3005/1320/486
f 3005/1320/613 3010/1322/613 3008/1321/613
f 3008/1321/490 3012/1294/490 3009/1292/490
f 3011/1290/489 3008/1321/489 3009/1292/489
f 3011/1290/489 3002/1319/489 3008/1321/489
f 3008/1321/490 3010/1322/490 3012/1294/490
f 3012/1294/492 3010/1322/492 3015/1323/492
f 3014/1293/468 3009/1292/468 3012/1294/468
f 3014/1295/469 3012/1294/469 3013/1296/469
f 3012/1294/492 3015/1323/492 3013/1296/492
f 3018/1256/491 3016/1259/491 3015/1323/491
f 3016/1259/493 3017/1324/493 3015/1323/493
f 3015/1323/498 3019/1298/498 3013/1296/498
f 3018/1256/491 3015/1323/491 3010/1322/491
f 3015/1323/498 3017/1324/498 3019/1298/498
f 3019/1298/497 3017/1324/497 3021/1270/497
f 3014/1297/470 3013/1296/470 3019/1298/470
f 3014/1299/471 3019/1298/471 3020/1300/471
f 3019/1298/497 3021/1270/497 3020/1300/497
f 3021/1270/452 3022/1266/452 3025/1265/452
f 3024/1262/496 3022/1266/496 3021/1270/496
f 3021/1270/564 3026/1302/564 3020/1300/564
f 3024/1262/496 3021/1270/496 3017/1324/496
f 3021/1270/564 3023/1268/564 3026/1302/564
f 3021/1270/452 3025/1265/452 3023/1268/452
f 3023/1268/614 3027/1304/614 3026/1302/614
f 3014/1301/472 3020/1300/472 3026/1302/472
f 3014/1303/473 3026/1302/473 3027/1304/473
f 3023/1268/614 3028/1378/614 3027/1304/614
f 3028/1378/562 3029/1282/562 3027/1304/562
f 3014/1305/474 3027/1304/474 3029/1282/474
f 3029/1282/461 3030/1276/461 3032/1277/461
f 3028/1378/615 3030/1276/615 3029/1282/615
f 3014/1306/475 3029/1282/475 3031/1281/475
f 3029/1282/461 3032/1277/461 3031/1281/461
f 3035/1274/458 3033/1278/458 3032/1277/458
f 3033/1278/459 3034/1279/459 3032/1277/459
f 3032/1277/460 3036/1280/460 3031/1281/460
f 3035/1274/584 3032/1277/584 3030/1276/584
f 3032/1277/460 3034/1279/460 3036/1280/460
f 3034/1279/462 2994/1283/462 3036/1280/462
f 3014/1284/463 3031/1281/463 3036/1280/463
f 3014/1285/464 3036/1280/464 2994/1283/464
f 3035/1274/616 3037/1273/616 3040/1275/616
f 3039/1267/455 3037/1273/455 3035/1274/455
f 3028/1378/457 3035/1274/457 3030/1276/457
f 3028/1378/457 3038/1269/457 3035/1274/457
f 3039/1267/617 3035/1274/617 3038/1269/617
f 3035/1274/456 3040/1275/456 3033/1278/456
f 2977/1341/514 2975/1337/514 3040/1275/514
f 2975/1337/510 2979/1334/510 3040/1275/510
f 3033/1278/618 3040/1275/618 2979/1334/618
f 2977/1341/514 3040/1275/514 3037/1273/514
f 3043/1271/587 3041/1272/587 3039/1267/587
f 3041/1272/454 3037/1273/454 3039/1267/454
f 3025/1265/450 3039/1267/450 3038/1269/450
f 3025/1265/619 3042/1264/619 3039/1267/619
f 3043/1271/453 3039/1267/453 3042/1264/453
f 3043/1271/620 2965/1361/620 2972/1362/620
f 3044/1263/554 2965/1361/554 3043/1271/554
f 3044/1263/448 3043/1271/448 3042/1264/448
f 3043/1271/536 2972/1362/536 3041/1272/536
f 3044/1263/554 2962/1366/554 2965/1361/554
f 3046/1260/553 2962/1366/553 3044/1263/553
f 3046/1260/446 3044/1263/446 3045/1261/446
f 3044/1263/448 3042/1264/448 3045/1261/448
f 3046/1260/553 3047/1374/553 2962/1366/553
f 3049/1257/551 3047/1374/551 3046/1260/551
f 3049/1257/444 3046/1260/444 3048/1258/444
f 3046/1260/446 3045/1261/446 3048/1258/446
f 3049/1257/551 3050/1370/551 3047/1374/551
f 3054/1250/552 3050/1370/552 3049/1257/552
f 3049/1257/444 3048/1258/444 3051/1255/444
f 3053/1251/441 3049/1257/441 3051/1255/441
f 3053/1251/441 3052/1254/441 3049/1257/441
f 3054/1250/552 3049/1257/552 3052/1254/552
f 2950/1373/549 2955/1371/549 3054/1250/549
f 2955/1371/544 3050/1370/544 3054/1250/544
f 2952/1249/438 3054/1250/438 3052/1254/438
f 2950/1373/549 3054/1250/549 2952/1249/549
f 3055/1170/439 3052/1254/439 3053/1251/439
f 3018/1256/442 3053/1251/442 3051/1255/442
f 3005/1320/443 3053/1251/443 3018/1256/443
f 3005/1320/443 3007/1252/443 3053/1251/443
f 3055/1170/439 3053/1251/439 3007/1252/439
f 2952/1249/438 3052/1254/438 3055/1170/438
f 3056/1246/437 2952/1249/437 3055/1170/437
f 3056/1246/440 3055/1170/440 3007/1252/440
f 3056/1246/437 2949/1248/437 2952/1249/437
f 2951/1247/577 2949/1248/577 3056/1246/577
f 3057/1168/621 3056/1246/621 3004/1253/621
f 3056/1246/440 3007/1252/440 3004/1253/440
f 2951/1247/434 3056/1246/434 3057/1168/434
f 2997/1244/431 3057/1168/431 3006/1245/431
f 3057/1168/433 3004/1253/433 3006/1245/433
f 3058/1243/430 2951/1247/430 3057/1168/430
f 2997/1244/431 3058/1243/431 3057/1168/431
f 3058/1243/430 2944/1238/430 2951/1247/430
f 3059/1242/429 2944/1238/429 3058/1243/429
f 3059/1242/432 3058/1243/432 2997/1244/432
f 3059/1242/429 3060/1239/429 2944/1238/429
f 2983/1376/428 3060/1239/428 3059/1242/428
f 2983/1376/560 3059/1242/560 2987/1377/560
f 3059/1242/432 2997/1244/432 2987/1377/432
f 2942/1349/427 2940/1240/427 3060/1239/427
f 2940/1240/426 2944/1238/426 3060/1239/426
f 2983/1376/428 2984/1241/428 3060/1239/428
f 2942/1349/622 3060/1239/622 2984/1241/622
f 3016/1259/445 3051/1255/445 3048/1258/445
f 3018/1256/442 3051/1255/442 3016/1259/442
f 2955/1371/544 2957/1368/544 3050/1370/544
f 2957/1368/543 3047/1374/543 3050/1370/543
f 3024/1262/623 3048/1258/623 3045/1261/623
f 3016/1259/445 3048/1258/445 3024/1262/445
f 2957/1368/543 2959/1365/543 3047/1374/543
f 2959/1365/538 2962/1366/538 3047/1374/538
f 3022/1266/449 3045/1261/449 3042/1264/449
f 3024/1262/447 3045/1261/447 3022/1266/447
f 3022/1266/624 3042/1264/624 3025/1265/624
f 3041/1272/535 2972/1362/535 2970/1356/535
f 3041/1272/582 2977/1341/582 3037/1273/582
f 3041/1272/581 2970/1356/581 2977/1341/581
f 3025/1265/451 3038/1269/451 3028/1378/451
f 3033/1278/459 2990/1338/459 3034/1279/459
f 2990/1338/505 2989/1333/505 3034/1279/505
f 3034/1279/462 2989/1333/462 2994/1283/462
f 3033/1278/511 2979/1334/511 2990/1338/511
f 3025/1265/451 3028/1378/451 3023/1268/451
f 3016/1259/493 3024/1262/493 3017/1324/493
f 3005/1320/488 3018/1256/488 3010/1322/488
f 3014/1286/465 3062/1287/465 3001/1288/465
f 3014/1289/466 3001/1288/466 3011/1290/466
f 3014/1291/467 3011/1290/467 3009/1292/467
f 3014/1307/476 2994/1308/476 2992/1309/476
f 3014/1310/477 2992/1309/477 3061/1311/477
f 3014/1312/478 3061/1311/478 3062/1287/478
f 2993/1316/480 2998/1313/480 3062/1287/480
f 2998/1313/479 3001/1288/479 3062/1287/479
f 2993/1316/480 3062/1287/480 3061/1311/480
f 2992/1309/501 2993/1316/501 3061/1311/501
f 3001/1288/586 3002/1319/586 3011/1290/586
f 2997/1244/499 3006/1245/499 2999/1317/499
f 2990/1338/509 2979/1334/509 2982/1335/509
f 3063/1350/520 2942/1349/520 2984/1241/520
f 3063/1350/520 2984/1241/520 2981/1351/520
f 3063/1350/519 3064/1348/519 2941/1375/519
f 3065/1342/518 3064/1347/518 3063/1343/518
f 3065/1342/515 3063/1343/515 2981/1345/515
f 3063/1350/519 2941/1375/519 2942/1349/519
f 3065/1342/518 3066/1346/518 3064/1347/518
f 2971/1344/523 3066/1346/523 3065/1342/523
f 2971/1344/516 3065/1342/516 2976/1340/516
f 3065/1342/515 2981/1345/515 2976/1340/515
f 3066/1346/521 2933/1222/521 2934/1224/521
f 2932/1220/522 2933/1222/522 3066/1346/522
f 2971/1344/523 2973/1352/523 3066/1346/523
f 2932/1220/522 3066/1346/522 2973/1352/522
f 3066/1346/521 2934/1224/521 3064/1347/521
f 2934/1225/557 2941/1375/557 3064/1348/557
f 2931/1218/524 2932/1220/524 2973/1352/524
f 2931/1218/524 2973/1352/524 2968/1353/524
f 2965/1361/534 2966/1357/534 2972/1362/534
f 2964/1359/580 2929/1214/580 2930/1216/580
f 2960/1363/555 2929/1214/555 2964/1359/555
f 2960/1363/555 2928/1212/555 2929/1214/555
f 2944/1238/425 2945/1234/425 2951/1247/425
f 2922/1200/578 2923/1202/578 2947/1236/578
f 2934/1225/557 2935/1227/557 2941/1375/557
f 3070/1185/625 3067/1193/625 3068/1194/625
f 3069/1164/626 3068/1165/626 3067/1166/626
f 3070/1181/627 3069/1192/627 3067/1183/627
f 3077/1197/628 3071/1184/628 3070/1185/628
f 3073/1180/629 3070/1181/629 3071/1176/629
f 3070/1181/627 3072/1182/627 3069/1192/627
f 3073/1180/629 3072/1182/629 3070/1181/629
f 3068/1194/625 3074/1195/625 3070/1185/625
f 3074/1195/628 3075/1186/628 3070/1185/628
f 3075/1186/625 3076/1196/625 3070/1185/625
f 3076/1196/625 3077/1197/625 3070/1185/625
f 3076/1172/630 3078/1175/630 3077/1174/630
f 3078/1175/631 3071/1176/631 3077/1174/631
f 3078/1190/632 3079/1178/632 3080/1179/632
f 3076/1172/630 3079/1173/630 3078/1175/630
f 3073/1177/633 3078/1190/633 3080/1179/633
f 3078/1175/631 3073/1180/631 3071/1176/631
f 3080/1179/632 3081/1187/632 3069/1188/632
f 3068/1165/634 3081/1167/634 3080/1169/634
f 3074/1168/635 3080/1169/635 3082/1171/635
f 3068/1165/634 3080/1169/634 3074/1168/634
f 3079/1178/633 3082/1191/633 3080/1179/633
f 3069/1188/633 3072/1189/633 3080/1179/633
f 3072/1189/633 3073/1177/633 3080/1179/633
f 3082/1171/636 3076/1172/636 3075/1170/636
f 3074/1168/635 3082/1171/635 3075/1170/635
f 3082/1171/636 3079/1173/636 3076/1172/636
f 3069/1164/626 3081/1167/626 3068/1165/626
f 3099/1198/403 3083/1199/403 3084/1200/403
f 3084/1200/404 3083/1201/404 3085/1202/404
f 3085/1202/405 3083/1203/405 3086/1204/405
f 3086/1204/406 3083/1205/406 3087/1206/406
f 3087/1206/407 3083/1207/407 3088/1208/407
f 3088/1208/408 3083/1209/408 3089/1210/408
f 3089/1210/409 3083/1211/409 3090/1212/409
f 3090/1212/410 3083/1213/410 3091/1214/410
f 3091/1214/411 3083/1215/411 3092/1216/411
f 3092/1216/412 3083/1217/412 3093/1218/412
f 3093/1218/413 3083/1219/413 3094/1220/413
f 3094/1220/414 3083/1221/414 3095/1222/414
f 3095/1222/415 3083/1223/415 3096/1224/415
f 3096/1225/416 3083/1226/416 3097/1227/416
f 3097/1227/417 3083/1228/417 3098/1229/417
f 3098/1229/418 3083/1230/418 3099/1198/418
f 3100/1231/420 3099/1198/420 3084/1200/420
f 3101/1237/419 3099/1198/419 3100/1231/419
f 3101/1237/419 3098/1229/419 3099/1198/419
f 3097/1227/558 3098/1229/558 3101/1237/558
f 3101/1237/424 3105/1233/424 3102/1240/424
f 3104/1349/556 3101/1237/556 3102/1240/556
f 3104/1349/637 3103/1375/637 3101/1237/637
f 3097/1227/558 3101/1237/558 3103/1375/558
f 3101/1237/424 3100/1231/424 3105/1233/424
f 3105/1233/422 3100/1231/422 3108/1232/422
f 3106/1238/638 3105/1233/638 3107/1234/638
f 3102/1240/426 3105/1233/426 3106/1238/426
f 3105/1233/422 3108/1232/422 3107/1234/422
f 3100/1231/420 3084/1200/420 3108/1232/420
f 3084/1200/421 3109/1236/421 3108/1232/421
f 3108/1232/423 3110/1235/423 3107/1234/423
f 3108/1232/423 3109/1236/423 3110/1235/423
f 3110/1235/548 3109/1236/548 3114/1372/548
f 3107/1234/639 3110/1235/639 3111/1248/639
f 3110/1235/603 3113/1249/603 3111/1248/603
f 3110/1235/436 3112/1373/436 3113/1249/436
f 3110/1235/604 3114/1372/604 3112/1373/604
f 3114/1372/546 3086/1204/546 3087/1206/546
f 3085/1202/550 3086/1204/550 3114/1372/550
f 3112/1373/547 3114/1372/547 3115/1369/547
f 3085/1202/550 3114/1372/550 3109/1236/550
f 3114/1372/546 3087/1206/546 3115/1369/546
f 3087/1206/545 3117/1367/545 3115/1369/545
f 3116/1371/542 3115/1369/542 3117/1367/542
f 3112/1373/640 3115/1369/640 3116/1371/640
f 3117/1367/540 3088/1208/540 3089/1210/540
f 3087/1206/641 3088/1208/641 3117/1367/641
f 3118/1368/541 3117/1367/541 3119/1364/541
f 3116/1371/542 3117/1367/542 3118/1368/542
f 3117/1367/540 3089/1210/540 3119/1364/540
f 3089/1210/539 3121/1363/539 3119/1364/539
f 3119/1364/579 3122/1360/579 3120/1365/579
f 3118/1368/541 3119/1364/541 3120/1365/541
f 3119/1364/537 3121/1363/537 3122/1360/537
f 3121/1363/532 3124/1358/532 3122/1360/532
f 3123/1366/533 3122/1360/533 3124/1358/533
f 3120/1365/538 3122/1360/538 3123/1366/538
f 3124/1358/531 3125/1359/531 3129/1355/531
f 3121/1363/642 3125/1359/642 3124/1358/642
f 3124/1358/534 3128/1362/534 3126/1361/534
f 3123/1366/643 3124/1358/643 3126/1361/643
f 3124/1358/534 3127/1357/534 3128/1362/534
f 3124/1358/531 3129/1355/531 3127/1357/531
f 3092/1216/530 3130/1353/530 3129/1355/530
f 3125/1359/529 3092/1216/529 3129/1355/529
f 3127/1357/526 3129/1355/526 3130/1353/526
f 3092/1216/588 3093/1218/588 3130/1353/588
f 3093/1218/524 3132/1352/524 3130/1353/524
f 3131/1354/525 3130/1353/525 3132/1352/525
f 3127/1357/526 3130/1353/526 3131/1354/526
f 3093/1218/524 3094/1220/524 3132/1352/524
f 3094/1220/522 3134/1346/522 3132/1352/522
f 3133/1344/644 3132/1352/644 3134/1346/644
f 3131/1354/525 3132/1352/525 3133/1344/525
f 3094/1220/522 3095/1222/522 3134/1346/522
f 3095/1222/521 3136/1347/521 3134/1346/521
f 3135/1342/518 3134/1346/518 3136/1347/518
f 3133/1344/523 3134/1346/523 3135/1342/523
f 3136/1348/557 3096/1225/557 3097/1227/557
f 3095/1222/521 3096/1224/521 3136/1347/521
f 3137/1350/519 3136/1348/519 3103/1375/519
f 3135/1342/518 3136/1347/518 3137/1343/518
f 3136/1348/557 3097/1227/557 3103/1375/557
f 3137/1350/520 3140/1241/520 3138/1351/520
f 3139/1340/515 3137/1343/515 3138/1345/515
f 3139/1340/515 3135/1342/515 3137/1343/515
f 3137/1350/520 3104/1349/520 3140/1241/520
f 3137/1350/519 3103/1375/519 3104/1349/519
f 3104/1349/427 3142/1239/427 3140/1241/427
f 3141/1376/428 3140/1241/428 3142/1239/428
f 3138/1351/559 3140/1241/559 3141/1376/559
f 3104/1349/427 3102/1240/427 3142/1239/427
f 3102/1240/602 3106/1238/602 3142/1239/602
f 3143/1242/429 3142/1239/429 3106/1238/429
f 3141/1376/428 3142/1239/428 3143/1242/428
f 3144/1377/432 3143/1242/432 3145/1243/432
f 3141/1376/560 3143/1242/560 3144/1377/560
f 3143/1242/429 3106/1238/429 3145/1243/429
f 3106/1238/430 3147/1168/430 3145/1243/430
f 3146/1244/431 3145/1243/431 3147/1168/431
f 3144/1377/432 3145/1243/432 3146/1244/432
f 3148/1245/433 3147/1168/433 3149/1246/433
f 3146/1244/431 3147/1168/431 3148/1245/431
f 3150/1247/434 3149/1246/434 3147/1168/434
f 3106/1238/430 3150/1247/430 3147/1168/430
f 3106/1238/425 3107/1234/425 3150/1247/425
f 3107/1234/435 3111/1248/435 3150/1247/435
f 3150/1247/434 3111/1248/434 3149/1246/434
f 3149/1246/437 3111/1248/437 3113/1249/437
f 3151/1253/645 3149/1246/645 3152/1170/645
f 3148/1245/433 3149/1246/433 3151/1253/433
f 3149/1246/437 3113/1249/437 3152/1170/437
f 3113/1249/438 3154/1254/438 3152/1170/438
f 3153/1252/439 3152/1170/439 3154/1254/439
f 3151/1253/440 3152/1170/440 3153/1252/440
f 3113/1249/438 3155/1250/438 3154/1254/438
f 3155/1250/552 3157/1257/552 3154/1254/552
f 3154/1254/441 3158/1255/441 3156/1251/441
f 3153/1252/439 3154/1254/439 3156/1251/439
f 3154/1254/441 3157/1257/441 3158/1255/441
f 3158/1255/444 3157/1257/444 3162/1260/444
f 3159/1259/646 3158/1255/646 3160/1258/646
f 3161/1256/442 3158/1255/442 3159/1259/442
f 3161/1256/442 3156/1251/442 3158/1255/442
f 3158/1255/444 3162/1260/444 3160/1258/444
f 3162/1260/553 3163/1374/553 3123/1366/553
f 3157/1257/551 3163/1374/551 3162/1260/551
f 3162/1260/446 3165/1261/446 3160/1258/446
f 3162/1260/446 3164/1263/446 3165/1261/446
f 3162/1260/553 3123/1366/553 3164/1263/553
f 3164/1263/448 3167/1264/448 3165/1261/448
f 3166/1266/449 3165/1261/449 3167/1264/449
f 3168/1262/447 3165/1261/447 3166/1266/447
f 3168/1262/447 3160/1258/447 3165/1261/447
f 3159/1259/445 3160/1258/445 3168/1262/445
f 3159/1259/493 3168/1262/493 3169/1324/493
f 3168/1262/647 3170/1270/647 3169/1324/647
f 3168/1262/496 3166/1266/496 3170/1270/496
f 3170/1270/648 3166/1266/648 3174/1265/648
f 3170/1270/649 3175/1302/649 3171/1300/649
f 3173/1298/497 3170/1270/497 3171/1300/497
f 3173/1298/497 3169/1324/497 3170/1270/497
f 3170/1270/564 3172/1268/564 3175/1302/564
f 3170/1270/452 3174/1265/452 3172/1268/452
f 3172/1268/614 3176/1304/614 3175/1302/614
f 3177/1301/472 3171/1300/472 3175/1302/472
f 3177/1303/473 3175/1302/473 3176/1304/473
f 3177/1286/465 3189/1287/465 3178/1288/465
f 3177/1289/466 3178/1288/466 3179/1290/466
f 3177/1291/467 3179/1290/467 3180/1292/467
f 3177/1293/468 3180/1292/468 3181/1294/468
f 3177/1295/469 3181/1294/469 3182/1296/469
f 3177/1297/470 3182/1296/470 3173/1298/470
f 3177/1299/650 3173/1298/650 3171/1300/650
f 3177/1305/474 3176/1304/474 3183/1282/474
f 3177/1306/475 3183/1282/475 3184/1281/475
f 3177/1284/463 3184/1281/463 3185/1280/463
f 3177/1285/464 3185/1280/464 3186/1283/464
f 3177/1307/476 3186/1308/476 3187/1309/476
f 3177/1310/651 3187/1309/651 3188/1311/651
f 3177/1312/478 3188/1311/478 3189/1287/478
f 3191/1316/480 3190/1313/480 3189/1287/480
f 3190/1313/585 3178/1288/585 3189/1287/585
f 3191/1316/480 3189/1287/480 3188/1311/480
f 3191/1316/482 3192/1325/482 3194/1314/482
f 3193/1327/500 3192/1325/500 3191/1316/500
f 3187/1309/652 3191/1316/652 3188/1311/652
f 3187/1309/501 3193/1327/501 3191/1316/501
f 3191/1316/608 3194/1314/608 3190/1313/608
f 3144/1377/609 3146/1244/609 3194/1314/609
f 3146/1244/610 3195/1317/610 3194/1314/610
f 3194/1314/481 3196/1315/481 3190/1313/481
f 3144/1377/561 3194/1314/561 3192/1325/561
f 3194/1314/481 3195/1317/481 3196/1315/481
f 3190/1313/479 3196/1315/479 3178/1288/479
f 3195/1317/483 3197/1319/483 3196/1315/483
f 3178/1288/484 3196/1315/484 3197/1319/484
f 3195/1317/483 3198/1318/483 3197/1319/483
f 3198/1318/487 3199/1321/487 3197/1319/487
f 3179/1290/489 3197/1319/489 3199/1321/489
f 3178/1288/586 3197/1319/586 3179/1290/586
f 3198/1318/487 3200/1320/487 3199/1321/487
f 3200/1320/488 3201/1322/488 3199/1321/488
f 3180/1292/490 3199/1321/490 3201/1322/490
f 3179/1290/489 3199/1321/489 3180/1292/489
f 3200/1320/488 3161/1256/488 3201/1322/488
f 3161/1256/491 3202/1323/491 3201/1322/491
f 3181/1294/492 3201/1322/492 3202/1323/492
f 3180/1292/490 3201/1322/490 3181/1294/490
f 3161/1256/491 3159/1259/491 3202/1323/491
f 3159/1259/493 3169/1324/493 3202/1323/493
f 3202/1323/498 3173/1298/498 3182/1296/498
f 3181/1294/492 3202/1323/492 3182/1296/492
f 3202/1323/498 3169/1324/498 3173/1298/498
f 3200/1320/443 3153/1252/443 3156/1251/443
f 3151/1253/486 3153/1252/486 3200/1320/486
f 3151/1253/486 3200/1320/486 3198/1318/486
f 3200/1320/443 3156/1251/443 3161/1256/443
f 3148/1245/611 3151/1253/611 3198/1318/611
f 3148/1245/485 3198/1318/485 3195/1317/485
f 3146/1244/499 3148/1245/499 3195/1317/499
f 3193/1327/500 3203/1326/500 3192/1325/500
f 3205/1331/504 3203/1326/504 3193/1327/504
f 3204/1330/506 3193/1327/506 3187/1309/506
f 3205/1331/504 3193/1327/504 3204/1330/504
f 3205/1331/502 3206/1328/502 3208/1329/502
f 3207/1338/509 3206/1335/509 3205/1332/509
f 3207/1338/505 3205/1332/505 3204/1333/505
f 3205/1331/502 3208/1329/502 3203/1326/502
f 3209/1166/507 3141/1376/507 3208/1329/507
f 3141/1376/560 3144/1377/560 3208/1329/560
f 3203/1326/503 3208/1329/503 3144/1377/503
f 3209/1166/507 3208/1329/507 3206/1328/507
f 3138/1351/653 3141/1376/653 3209/1166/653
f 3210/1336/517 3138/1345/517 3209/1183/517
f 3211/1334/654 3209/1183/654 3206/1335/654
f 3211/1334/508 3210/1336/508 3209/1183/508
f 3213/1337/510 3210/1336/510 3211/1334/510
f 3207/1338/509 3211/1334/509 3206/1335/509
f 3214/1278/511 3211/1334/511 3207/1338/511
f 3214/1278/511 3212/1275/511 3211/1334/511
f 3213/1337/510 3211/1334/510 3212/1275/510
f 3216/1274/456 3212/1275/456 3214/1278/456
f 3214/1278/459 3218/1279/459 3215/1277/459
f 3217/1276/458 3214/1278/458 3215/1277/458
f 3217/1276/458 3216/1274/458 3214/1278/458
f 3214/1278/459 3207/1338/459 3218/1279/459
f 3207/1338/505 3204/1333/505 3218/1279/505
f 3185/1280/462 3218/1279/462 3204/1333/462
f 3215/1277/460 3218/1279/460 3185/1280/460
f 3219/1378/457 3216/1274/457 3217/1276/457
f 3183/1282/461 3217/1276/461 3215/1277/461
f 3219/1378/562 3217/1276/562 3183/1282/562
f 3219/1378/457 3220/1269/457 3216/1274/457
f 3174/1265/451 3220/1269/451 3219/1378/451
f 3172/1268/563 3219/1378/563 3176/1304/563
f 3219/1378/562 3183/1282/562 3176/1304/562
f 3174/1265/451 3219/1378/451 3172/1268/451
f 3220/1269/455 3221/1267/455 3222/1273/455
f 3167/1264/450 3221/1267/450 3220/1269/450
f 3167/1264/619 3220/1269/619 3174/1265/619
f 3220/1269/617 3222/1273/617 3216/1274/617
f 3222/1273/514 3223/1341/514 3213/1337/514
f 3224/1272/454 3223/1341/454 3222/1273/454
f 3216/1274/616 3222/1273/616 3212/1275/616
f 3224/1272/454 3222/1273/454 3221/1267/454
f 3222/1273/514 3213/1337/514 3212/1275/514
f 3126/1361/536 3128/1362/536 3224/1272/536
f 3128/1362/535 3223/1341/535 3224/1272/535
f 3225/1271/453 3224/1272/453 3221/1267/453
f 3126/1361/620 3224/1272/620 3225/1271/620
f 3164/1263/554 3126/1361/554 3225/1271/554
f 3164/1263/448 3225/1271/448 3167/1264/448
f 3225/1271/453 3221/1267/453 3167/1264/453
f 3223/1341/513 3226/1356/513 3227/1339/513
f 3128/1362/535 3226/1356/535 3223/1341/535
f 3223/1341/513 3227/1339/513 3213/1337/513
f 3133/1344/516 3139/1340/516 3227/1339/516
f 3226/1356/527 3133/1344/527 3227/1339/527
f 3213/1337/512 3227/1339/512 3139/1340/512
f 3226/1356/527 3131/1354/527 3133/1344/527
f 3128/1362/655 3131/1354/655 3226/1356/655
f 3215/1277/656 3185/1280/656 3184/1281/656
f 3183/1282/461 3215/1277/461 3184/1281/461
f 3213/1337/512 3139/1340/512 3210/1336/512
f 3210/1336/517 3139/1340/517 3138/1345/517
f 3204/1330/657 3187/1309/657 3186/1308/657
f 3185/1280/462 3204/1333/462 3186/1283/462
f 3203/1326/503 3144/1377/503 3192/1325/503
f 3166/1266/624 3167/1264/624 3174/1265/624
f 3164/1263/554 3123/1366/554 3126/1361/554
f 3118/1368/543 3120/1365/543 3163/1374/543
f 3120/1365/538 3123/1366/538 3163/1374/538
f 3157/1257/658 3228/1370/658 3163/1374/658
f 3118/1368/543 3163/1374/543 3228/1370/543
f 3116/1371/544 3118/1368/544 3228/1370/544
f 3155/1250/552 3228/1370/552 3157/1257/552
f 3116/1371/544 3228/1370/544 3155/1250/544
f 3112/1373/549 3116/1371/549 3155/1250/549
f 3112/1373/549 3155/1250/549 3113/1249/549
f 3133/1344/659 3135/1342/659 3139/1340/659
f 3128/1362/528 3127/1357/528 3131/1354/528
f 3125/1359/580 3091/1214/580 3092/1216/580
f 3121/1363/555 3091/1214/555 3125/1359/555
f 3121/1363/555 3090/1212/555 3091/1214/555
f 3089/1210/539 3090/1212/539 3121/1363/539
f 3084/1200/578 3085/1202/578 3109/1236/578
f 3229/1193/660 3230/1194/660 3234/1186/660
f 3231/1164/661 3230/1165/661 3229/1166/661
f 3233/1182/662 3231/1192/662 3229/1183/662
f 3232/1185/660 3229/1193/660 3234/1186/660
f 3233/1182/662 3229/1183/662 3232/1181/662
f 3230/1194/660 3235/1195/660 3234/1186/660
f 3238/1169/663 3234/1170/663 3235/1168/663
f 3234/1170/664 3236/1171/664 3239/1173/664
f 3238/1169/663 3236/1171/663 3234/1170/663
f 3234/1186/660 3237/1196/660 3240/1197/660
f 3234/1170/664 3239/1173/664 3237/1172/664
f 3241/1184/660 3232/1185/660 3234/1186/660
f 3240/1197/660 3241/1184/660 3234/1186/660
f 3243/1175/665 3241/1176/665 3240/1174/665
f 3241/1176/666 3242/1180/666 3233/1182/666
f 3243/1175/665 3242/1180/665 3241/1176/665
f 3241/1176/666 3233/1182/666 3232/1181/666
f 3242/1177/667 3243/1190/667 3239/1178/667
f 3237/1172/668 3239/1173/668 3243/1175/668
f 3237/1172/668 3243/1175/668 3240/1174/668
f 3231/1188/669 3233/1189/669 3242/1177/669
f 3238/1179/669 3244/1187/669 3242/1177/669
f 3236/1191/669 3238/1179/669 3242/1177/669
f 3244/1187/669 3231/1188/669 3242/1177/669
f 3239/1178/669 3236/1191/669 3242/1177/669
f 3231/1164/661 3244/1167/661 3230/1165/661
f 3230/1165/670 3244/1167/670 3238/1169/670
f 3230/1165/670 3238/1169/670 3235/1168/670
f 3261/1198/403 3245/1199/403 3246/1200/403
f 3246/1200/404 3245/1201/404 3247/1202/404
f 3247/1202/405 3245/1203/405 3248/1204/405
f 3248/1204/671 3245/1205/671 3249/1206/671
f 3249/1206/407 3245/1207/407 3250/1208/407
f 3250/1208/408 3245/1209/408 3251/1210/408
f 3251/1210/672 3245/1211/672 3252/1212/672
f 3252/1212/410 3245/1213/410 3253/1214/410
f 3253/1214/411 3245/1215/411 3254/1216/411
f 3254/1216/412 3245/1217/412 3255/1218/412
f 3255/1218/673 3245/1219/673 3256/1220/673
f 3256/1220/414 3245/1221/414 3257/1222/414
f 3257/1222/415 3245/1223/415 3258/1224/415
f 3258/1225/416 3245/1226/416 3259/1227/416
f 3259/1227/417 3245/1228/417 3260/1229/417
f 3260/1229/418 3245/1230/418 3261/1198/418
f 3260/1229/419 3261/1198/419 3262/1231/419
f 3261/1198/420 3263/1232/420 3262/1231/420
f 3261/1198/420 3246/1200/420 3263/1232/420
f 3246/1200/421 3265/1236/421 3263/1232/421
f 3266/1233/422 3262/1231/422 3263/1232/422
f 3264/1234/423 3263/1232/423 3265/1236/423
f 3266/1233/422 3263/1232/422 3264/1234/422
f 3269/1237/424 3262/1231/424 3266/1233/424
f 3268/1240/426 3266/1233/426 3267/1238/426
f 3266/1233/638 3270/1247/638 3267/1238/638
f 3269/1237/424 3266/1233/424 3268/1240/424
f 3266/1233/425 3264/1234/425 3270/1247/425
f 3267/1238/430 3270/1247/430 3271/1168/430
f 3264/1234/435 3272/1248/435 3270/1247/435
f 3271/1168/434 3270/1247/434 3272/1248/434
f 3264/1234/639 3273/1235/639 3272/1248/639
f 3273/1235/603 3275/1249/603 3272/1248/603
f 3274/1246/437 3272/1248/437 3275/1249/437
f 3271/1168/434 3272/1248/434 3274/1246/434
f 3273/1235/436 3276/1373/436 3275/1249/436
f 3276/1373/549 3278/1250/549 3275/1249/549
f 3275/1249/438 3279/1254/438 3277/1170/438
f 3274/1246/437 3275/1249/437 3277/1170/437
f 3275/1249/438 3278/1250/438 3279/1254/438
f 3278/1250/552 3281/1257/552 3279/1254/552
f 3279/1254/441 3283/1255/441 3280/1251/441
f 3282/1252/439 3279/1254/439 3280/1251/439
f 3282/1252/439 3277/1170/439 3279/1254/439
f 3279/1254/441 3281/1257/441 3283/1255/441
f 3283/1255/444 3281/1257/444 3287/1260/444
f 3284/1259/445 3283/1255/445 3285/1258/445
f 3286/1256/442 3283/1255/442 3284/1259/442
f 3286/1256/442 3280/1251/442 3283/1255/442
f 3283/1255/444 3287/1260/444 3285/1258/444
f 3287/1260/553 3288/1374/553 3290/1366/553
f 3281/1257/551 3288/1374/551 3287/1260/551
f 3287/1260/446 3291/1261/446 3285/1258/446
f 3287/1260/446 3289/1263/446 3291/1261/446
f 3287/1260/553 3290/1366/553 3289/1263/553
f 3289/1263/448 3293/1264/448 3291/1261/448
f 3292/1266/449 3291/1261/449 3293/1264/449
f 3294/1262/447 3291/1261/447 3292/1266/447
f 3294/1262/447 3285/1258/447 3291/1261/447
f 3284/1259/445 3285/1258/445 3294/1262/445
f 3284/1259/493 3294/1262/493 3295/1324/493
f 3294/1262/647 3296/1270/647 3295/1324/647
f 3294/1262/496 3292/1266/496 3296/1270/496
f 3296/1270/648 3292/1266/648 3300/1265/648
f 3296/1270/564 3301/1302/564 3297/1300/564
f 3299/1298/497 3296/1270/497 3297/1300/497
f 3299/1298/497 3295/1324/497 3296/1270/497
f 3296/1270/564 3298/1268/564 3301/1302/564
f 3296/1270/452 3300/1265/452 3298/1268/452
f 3298/1268/614 3302/1304/614 3301/1302/614
f 3303/1301/472 3297/1300/472 3301/1302/472
f 3303/1303/473 3301/1302/473 3302/1304/473
f 3303/1286/465 3315/1287/465 3304/1288/465
f 3303/1289/466 3304/1288/466 3305/1290/466
f 3303/1291/467 3305/1290/467 3306/1292/467
f 3303/1293/468 3306/1292/468 3307/1294/468
f 3303/1295/469 3307/1294/469 3308/1296/469
f 3303/1297/470 3308/1296/470 3299/1298/470
f 3303/1299/471 3299/1298/471 3297/1300/471
f 3303/1305/474 3302/1304/474 3309/1282/474
f 3303/1306/674 3309/1282/674 3310/1281/674
f 3303/1284/675 3310/1281/675 3311/1280/675
f 3303/1285/464 3311/1280/464 3312/1283/464
f 3303/1307/476 3312/1308/476 3313/1309/476
f 3303/1310/651 3313/1309/651 3314/1311/651
f 3303/1312/676 3314/1311/676 3315/1287/676
f 3317/1316/480 3316/1313/480 3315/1287/480
f 3316/1313/479 3304/1288/479 3315/1287/479
f 3317/1316/480 3315/1287/480 3314/1311/480
f 3317/1316/482 3318/1325/482 3320/1314/482
f 3319/1327/677 3318/1325/677 3317/1316/677
f 3313/1309/652 3317/1316/652 3314/1311/652
f 3313/1309/501 3319/1327/501 3317/1316/501
f 3317/1316/608 3320/1314/608 3316/1313/608
f 3323/1377/609 3321/1244/609 3320/1314/609
f 3321/1244/610 3322/1317/610 3320/1314/610
f 3316/1313/481 3320/1314/481 3322/1317/481
f 3323/1377/561 3320/1314/561 3318/1325/561
f 3327/1376/560 3324/1242/560 3323/1377/560
f 3324/1242/432 3321/1244/432 3323/1377/432
f 3326/1326/503 3323/1377/503 3318/1325/503
f 3326/1326/503 3325/1329/503 3323/1377/503
f 3327/1376/560 3323/1377/560 3325/1329/560
f 3327/1376/428 3328/1241/428 3330/1239/428
f 3329/1166/653 3328/1241/653 3327/1376/653
f 3329/1166/507 3327/1376/507 3325/1329/507
f 3327/1376/428 3330/1239/428 3324/1242/428
f 3331/1349/427 3268/1240/427 3330/1239/427
f 3268/1240/426 3267/1238/426 3330/1239/426
f 3324/1242/429 3330/1239/429 3267/1238/429
f 3331/1349/622 3330/1239/622 3328/1241/622
f 3331/1349/556 3332/1375/556 3269/1237/556
f 3333/1350/519 3332/1375/519 3331/1349/519
f 3333/1350/678 3331/1349/678 3328/1241/678
f 3331/1349/556 3269/1237/556 3268/1240/556
f 3333/1350/519 3334/1348/519 3332/1375/519
f 3336/1342/518 3334/1347/518 3333/1343/518
f 3336/1342/515 3333/1343/515 3335/1345/515
f 3333/1350/520 3328/1241/520 3335/1351/520
f 3336/1342/518 3337/1346/518 3334/1347/518
f 3339/1344/679 3337/1346/679 3336/1342/679
f 3339/1344/516 3336/1342/516 3338/1340/516
f 3336/1342/515 3335/1345/515 3338/1340/515
f 3339/1344/523 3340/1352/523 3337/1346/523
f 3342/1354/525 3340/1352/525 3339/1344/525
f 3342/1354/680 3339/1344/680 3341/1339/680
f 3339/1344/516 3338/1340/516 3341/1339/516
f 3342/1354/525 3343/1353/525 3340/1352/525
f 3346/1355/526 3343/1353/526 3342/1354/526
f 3345/1357/528 3342/1354/528 3344/1356/528
f 3342/1354/527 3341/1339/527 3344/1356/527
f 3346/1355/526 3342/1354/526 3345/1357/526
f 3346/1355/530 3254/1216/530 3255/1218/530
f 3347/1359/529 3254/1216/529 3346/1355/529
f 3348/1358/531 3346/1355/531 3345/1357/531
f 3348/1358/531 3347/1359/531 3346/1355/531
f 3346/1355/681 3255/1218/681 3343/1353/681
f 3350/1360/532 3347/1359/532 3348/1358/532
f 3348/1358/534 3351/1362/534 3349/1361/534
f 3290/1366/643 3348/1358/643 3349/1361/643
f 3290/1366/533 3350/1360/533 3348/1358/533
f 3348/1358/534 3345/1357/534 3351/1362/534
f 3345/1357/528 3344/1356/528 3351/1362/528
f 3352/1272/535 3351/1362/535 3344/1356/535
f 3349/1361/620 3351/1362/620 3352/1272/620
f 3352/1272/454 3356/1273/454 3353/1267/454
f 3293/1264/453 3352/1272/453 3353/1267/453
f 3293/1264/587 3354/1271/587 3352/1272/587
f 3349/1361/620 3352/1272/620 3354/1271/620
f 3352/1272/454 3355/1341/454 3356/1273/454
f 3352/1272/581 3344/1356/581 3355/1341/581
f 3355/1341/514 3358/1275/514 3356/1273/514
f 3357/1274/456 3356/1273/456 3358/1275/456
f 3359/1269/617 3356/1273/617 3357/1274/617
f 3359/1269/455 3353/1267/455 3356/1273/455
f 3300/1265/450 3353/1267/450 3359/1269/450
f 3300/1265/451 3359/1269/451 3360/1378/451
f 3359/1269/457 3361/1276/457 3360/1378/457
f 3359/1269/457 3357/1274/457 3361/1276/457
f 3361/1276/682 3357/1274/682 3363/1278/682
f 3309/1282/461 3361/1276/461 3362/1277/461
f 3302/1304/615 3361/1276/615 3309/1282/615
f 3302/1304/562 3360/1378/562 3361/1276/562
f 3361/1276/458 3363/1278/458 3362/1277/458
f 3363/1278/511 3358/1275/511 3365/1334/511
f 3357/1274/456 3358/1275/456 3363/1278/456
f 3363/1278/459 3366/1279/459 3362/1277/459
f 3363/1278/459 3364/1338/459 3366/1279/459
f 3363/1278/511 3365/1334/511 3364/1338/511
f 3364/1338/505 3367/1333/505 3366/1279/505
f 3311/1280/462 3366/1279/462 3367/1333/462
f 3362/1277/460 3366/1279/460 3311/1280/460
f 3364/1338/505 3368/1332/505 3367/1333/505
f 3368/1331/504 3319/1327/504 3367/1330/504
f 3367/1330/506 3313/1309/506 3312/1308/506
f 3311/1280/462 3367/1333/462 3312/1283/462
f 3367/1330/506 3319/1327/506 3313/1309/506
f 3368/1331/502 3369/1328/502 3325/1329/502
f 3364/1338/509 3369/1335/509 3368/1332/509
f 3368/1331/504 3326/1326/504 3319/1327/504
f 3368/1331/502 3325/1329/502 3326/1326/502
f 3329/1166/507 3325/1329/507 3369/1328/507
f 3365/1334/654 3329/1183/654 3369/1335/654
f 3364/1338/509 3365/1334/509 3369/1335/509
f 3365/1334/508 3370/1336/508 3329/1183/508
f 3358/1275/510 3370/1336/510 3365/1334/510
f 3338/1340/683 3329/1183/683 3370/1336/683
f 3371/1337/512 3338/1340/512 3370/1336/512
f 3358/1275/510 3371/1337/510 3370/1336/510
f 3371/1337/512 3341/1339/512 3338/1340/512
f 3355/1341/513 3341/1339/513 3371/1337/513
f 3355/1341/514 3371/1337/514 3358/1275/514
f 3362/1277/684 3311/1280/684 3310/1281/684
f 3309/1282/461 3362/1277/461 3310/1281/461
f 3298/1268/563 3360/1378/563 3302/1304/563
f 3300/1265/451 3360/1378/451 3298/1268/451
f 3355/1341/513 3344/1356/513 3341/1339/513
f 3290/1366/554 3349/1361/554 3354/1271/554
f 3289/1263/448 3354/1271/448 3293/1264/448
f 3290/1366/554 3354/1271/554 3289/1263/554
f 3300/1265/619 3293/1264/619 3353/1267/619
f 3350/1360/532 3372/1363/532 3347/1359/532
f 3374/1364/537 3372/1363/537 3350/1360/537
f 3373/1365/538 3350/1360/538 3290/1366/538
f 3374/1364/537 3350/1360/537 3373/1365/537
f 3251/1210/539 3372/1363/539 3374/1364/539
f 3375/1367/540 3251/1210/540 3374/1364/540
f 3376/1368/541 3374/1364/541 3373/1365/541
f 3376/1368/541 3375/1367/541 3374/1364/541
f 3378/1371/542 3375/1367/542 3376/1368/542
f 3378/1371/685 3376/1368/685 3377/1370/685
f 3376/1368/543 3288/1374/543 3377/1370/543
f 3376/1368/543 3373/1365/543 3288/1374/543
f 3378/1371/542 3379/1369/542 3375/1367/542
f 3276/1373/640 3379/1369/640 3378/1371/640
f 3276/1373/549 3378/1371/549 3278/1250/549
f 3378/1371/544 3377/1370/544 3278/1250/544
f 3249/1206/641 3375/1367/641 3379/1369/641
f 3380/1372/546 3249/1206/546 3379/1369/546
f 3276/1373/547 3380/1372/547 3379/1369/547
f 3380/1372/686 3248/1204/686 3249/1206/686
f 3247/1202/687 3248/1204/687 3380/1372/687
f 3265/1236/548 3380/1372/548 3276/1373/548
f 3247/1202/550 3380/1372/550 3265/1236/550
f 3281/1257/658 3377/1370/658 3288/1374/658
f 3278/1250/552 3377/1370/552 3281/1257/552
f 3375/1367/688 3250/1208/688 3251/1210/688
f 3249/1206/689 3250/1208/689 3375/1367/689
f 3373/1365/538 3290/1366/538 3288/1374/538
f 3372/1363/555 3252/1212/555 3253/1214/555
f 3251/1210/690 3252/1212/690 3372/1363/690
f 3372/1363/555 3253/1214/555 3347/1359/555
f 3347/1359/529 3253/1214/529 3254/1216/529
f 3255/1218/524 3340/1352/524 3343/1353/524
f 3340/1352/522 3256/1220/522 3257/1222/522
f 3255/1218/524 3256/1220/524 3340/1352/524
f 3340/1352/522 3257/1222/522 3337/1346/522
f 3338/1340/683 3335/1345/683 3329/1183/683
f 3257/1222/521 3334/1347/521 3337/1346/521
f 3329/1166/653 3335/1351/653 3328/1241/653
f 3334/1348/691 3258/1225/691 3259/1227/691
f 3257/1222/521 3258/1224/521 3334/1347/521
f 3334/1348/557 3259/1227/557 3332/1375/557
f 3259/1227/558 3269/1237/558 3332/1375/558
f 3319/1327/500 3326/1326/500 3318/1325/500
f 3324/1242/432 3381/1243/432 3321/1244/432
f 3324/1242/429 3267/1238/429 3381/1243/429
f 3267/1238/430 3271/1168/430 3381/1243/430
f 3321/1244/431 3381/1243/431 3271/1168/431
f 3321/1244/499 3382/1245/499 3322/1317/499
f 3382/1245/485 3383/1318/485 3322/1317/485
f 3322/1317/483 3383/1318/483 3385/1319/483
f 3316/1313/481 3322/1317/481 3384/1315/481
f 3322/1317/483 3385/1319/483 3384/1315/483
f 3383/1318/487 3386/1321/487 3385/1319/487
f 3305/1290/489 3385/1319/489 3386/1321/489
f 3304/1288/586 3385/1319/586 3305/1290/586
f 3304/1288/484 3384/1315/484 3385/1319/484
f 3383/1318/612 3387/1320/612 3386/1321/612
f 3387/1320/613 3388/1322/613 3386/1321/613
f 3386/1321/490 3307/1294/490 3306/1292/490
f 3305/1290/489 3386/1321/489 3306/1292/489
f 3386/1321/490 3388/1322/490 3307/1294/490
f 3387/1320/488 3286/1256/488 3388/1322/488
f 3286/1256/491 3389/1323/491 3388/1322/491
f 3307/1294/492 3388/1322/492 3389/1323/492
f 3286/1256/491 3284/1259/491 3389/1323/491
f 3284/1259/493 3295/1324/493 3389/1323/493
f 3389/1323/498 3299/1298/498 3308/1296/498
f 3307/1294/492 3389/1323/492 3308/1296/492
f 3389/1323/498 3295/1324/498 3299/1298/498
f 3387/1320/443 3282/1252/443 3280/1251/443
f 3383/1318/486 3282/1252/486 3387/1320/486
f 3387/1320/443 3280/1251/443 3286/1256/443
f 3316/1313/479 3384/1315/479 3304/1288/479
f 3383/1318/486 3390/1253/486 3282/1252/486
f 3382/1245/611 3390/1253/611 3383/1318/611
f 3390/1253/440 3274/1246/440 3277/1170/440
f 3271/1168/621 3274/1246/621 3390/1253/621
f 3271/1168/433 3390/1253/433 3382/1245/433
f 3390/1253/440 3277/1170/440 3282/1252/440
f 3321/1244/431 3271/1168/431 3382/1245/431
f 3292/1266/624 3293/1264/624 3300/1265/624
f 3265/1236/548 3276/1373/548 3273/1235/548
f 3264/1234/423 3265/1236/423 3273/1235/423
f 3259/1227/692 3260/1229/692 3269/1237/692
f 3260/1229/419 3262/1231/419 3269/1237/419
f 3246/1200/578 3247/1202/578 3265/1236/578
f 3394/1185/693 3391/1193/693 3392/1194/693
f 3393/1164/694 3392/1165/694 3391/1166/694
f 3395/1182/695 3393/1192/695 3391/1183/695
f 3395/1182/695 3391/1183/695 3394/1181/695
f 3397/1176/696 3396/1180/696 3395/1182/696
f 3393/1188/697 3395/1189/697 3396/1177/697
f 3397/1176/696 3395/1182/696 3394/1181/696
f 3398/1197/698 3397/1184/698 3394/1185/698
f 3399/1175/699 3397/1176/699 3398/1174/699
f 3399/1175/699 3396/1180/699 3397/1176/699
f 3399/1190/697 3400/1178/697 3402/1179/697
f 3401/1172/700 3400/1173/700 3399/1175/700
f 3401/1172/700 3399/1175/700 3398/1174/700
f 3396/1177/701 3399/1190/701 3402/1179/701
f 3402/1179/702 3403/1187/702 3396/1177/702
f 3392/1165/703 3403/1167/703 3402/1169/703
f 3402/1169/704 3406/1170/704 3404/1168/704
f 3392/1165/703 3402/1169/703 3404/1168/703
f 3402/1169/704 3405/1171/704 3406/1170/704
f 3400/1178/697 3405/1191/697 3402/1179/697
f 3392/1194/693 3404/1195/693 3406/1186/693
f 3406/1170/705 3405/1171/705 3400/1173/705
f 3406/1186/693 3401/1196/693 3398/1197/693
f 3406/1170/705 3400/1173/705 3401/1172/705
f 3392/1194/698 3406/1186/698 3398/1197/698
f 3403/1187/701 3393/1188/701 3396/1177/701
f 3393/1164/694 3403/1167/694 3392/1165/694
f 3394/1185/698 3392/1194/698 3398/1197/698
f 3423/1198/403 3407/1199/403 3408/1200/403
f 3408/1200/404 3407/1201/404 3409/1202/404
f 3409/1202/405 3407/1203/405 3410/1204/405
f 3410/1204/406 3407/1205/406 3411/1206/406
f 3411/1206/407 3407/1207/407 3412/1208/407
f 3412/1208/408 3407/1209/408 3413/1210/408
f 3413/1210/706 3407/1211/706 3414/1212/706
f 3414/1212/410 3407/1213/410 3415/1214/410
f 3415/1214/411 3407/1215/411 3416/1216/411
f 3416/1216/412 3407/1217/412 3417/1218/412
f 3417/1218/413 3407/1219/413 3418/1220/413
f 3418/1220/707 3407/1221/707 3419/1222/707
f 3419/1222/415 3407/1223/415 3420/1224/415
f 3420/1225/416 3407/1226/416 3421/1227/416
f 3421/1227/417 3407/1228/417 3422/1229/417
f 3422/1229/418 3407/1230/418 3423/1198/418
f 3422/1229/708 3423/1198/708 3424/1231/708
f 3423/1198/420 3425/1232/420 3424/1231/420
f 3423/1198/420 3408/1200/420 3425/1232/420
f 3408/1200/421 3427/1236/421 3425/1232/421
f 3428/1233/422 3424/1231/422 3425/1232/422
f 3426/1234/423 3425/1232/423 3427/1236/423
f 3428/1233/422 3425/1232/422 3426/1234/422
f 3431/1237/424 3424/1231/424 3428/1233/424
f 3430/1240/426 3428/1233/426 3429/1238/426
f 3428/1233/638 3432/1247/638 3429/1238/638
f 3431/1237/424 3428/1233/424 3430/1240/424
f 3428/1233/425 3426/1234/425 3432/1247/425
f 3429/1238/575 3432/1247/575 3433/1168/575
f 3432/1247/435 3426/1234/435 3435/1235/435
f 3433/1168/434 3432/1247/434 3434/1248/434
f 3432/1247/435 3435/1235/435 3434/1248/435
f 3427/1236/548 3436/1373/548 3435/1235/548
f 3426/1234/709 3427/1236/709 3435/1235/709
f 3434/1248/436 3435/1235/436 3436/1373/436
f 3427/1236/548 3437/1372/548 3436/1373/548
f 3437/1372/640 3439/1371/640 3436/1373/640
f 3438/1249/549 3436/1373/549 3439/1371/549
f 3434/1248/603 3436/1373/603 3438/1249/603
f 3439/1371/542 3440/1369/542 3443/1367/542
f 3437/1372/547 3440/1369/547 3439/1371/547
f 3439/1371/544 3444/1370/544 3441/1250/544
f 3438/1249/549 3439/1371/549 3441/1250/549
f 3439/1371/685 3442/1368/685 3444/1370/685
f 3439/1371/542 3443/1367/542 3442/1368/542
f 3442/1368/543 3446/1374/543 3444/1370/543
f 3441/1250/552 3444/1370/552 3445/1257/552
f 3444/1370/551 3447/1260/551 3445/1257/551
f 3444/1370/658 3446/1374/658 3447/1260/658
f 3446/1374/553 3449/1263/553 3447/1260/553
f 3445/1257/444 3447/1260/444 3448/1258/444
f 3447/1260/446 3450/1261/446 3448/1258/446
f 3447/1260/446 3449/1263/446 3450/1261/446
f 3449/1263/448 3452/1264/448 3450/1261/448
f 3448/1258/447 3450/1261/447 3451/1266/447
f 3450/1261/449 3453/1265/449 3451/1266/449
f 3450/1261/449 3452/1264/449 3453/1265/449
f 3453/1265/450 3452/1264/450 3457/1267/450
f 3451/1266/452 3453/1265/452 3454/1268/452
f 3453/1265/451 3456/1378/451 3454/1268/451
f 3453/1265/451 3455/1269/451 3456/1378/451
f 3453/1265/619 3457/1267/619 3455/1269/619
f 3458/1272/454 3459/1273/454 3457/1267/454
f 3452/1264/587 3458/1272/587 3457/1267/587
f 3457/1267/455 3460/1274/455 3455/1269/455
f 3457/1267/617 3459/1273/617 3460/1274/617
f 3459/1273/456 3462/1278/456 3460/1274/456
f 3461/1276/458 3460/1274/458 3462/1278/458
f 3455/1269/710 3460/1274/710 3461/1276/710
f 3459/1273/616 3463/1275/616 3462/1278/616
f 3463/1275/511 3465/1338/511 3462/1278/511
f 3464/1277/583 3462/1278/583 3465/1338/583
f 3461/1276/458 3462/1278/458 3464/1277/458
f 3465/1338/509 3466/1334/509 3469/1335/509
f 3463/1275/511 3466/1334/511 3465/1338/511
f 3465/1338/505 3470/1333/505 3467/1279/505
f 3464/1277/711 3465/1338/711 3467/1279/711
f 3465/1338/712 3468/1332/712 3470/1333/712
f 3465/1338/713 3469/1335/713 3468/1332/713
f 3470/1330/714 3468/1331/714 3474/1326/714
f 3470/1330/506 3475/1309/506 3471/1308/506
f 3473/1280/462 3470/1333/462 3471/1283/462
f 3473/1280/715 3467/1279/715 3470/1333/715
f 3470/1330/716 3472/1327/716 3475/1309/716
f 3470/1330/504 3474/1326/504 3472/1327/504
f 3475/1309/501 3472/1327/501 3478/1316/501
f 3477/1307/476 3471/1308/476 3475/1309/476
f 3477/1310/477 3475/1309/477 3476/1311/477
f 3475/1309/717 3478/1316/717 3476/1311/717
f 3479/1325/482 3480/1313/482 3478/1316/482
f 3472/1327/718 3479/1325/718 3478/1316/718
f 3478/1316/480 3481/1287/480 3476/1311/480
f 3478/1316/480 3480/1313/480 3481/1287/480
f 3481/1287/479 3480/1313/479 3483/1315/479
f 3477/1312/478 3476/1311/478 3481/1287/478
f 3477/1286/465 3481/1287/465 3482/1288/465
f 3481/1287/479 3483/1315/479 3482/1288/479
f 3480/1313/481 3484/1317/481 3483/1315/481
f 3483/1315/483 3484/1317/483 3486/1318/483
f 3483/1315/484 3487/1290/484 3482/1288/484
f 3483/1315/484 3485/1319/484 3487/1290/484
f 3483/1315/483 3486/1318/483 3485/1319/483
f 3487/1290/489 3485/1319/489 3489/1321/489
f 3477/1289/466 3482/1288/466 3487/1290/466
f 3477/1291/467 3487/1290/467 3488/1292/467
f 3487/1290/489 3489/1321/489 3488/1292/489
f 3486/1318/612 3490/1320/612 3489/1321/612
f 3490/1320/488 3491/1322/488 3489/1321/488
f 3489/1321/490 3492/1294/490 3488/1292/490
f 3486/1318/487 3489/1321/487 3485/1319/487
f 3489/1321/490 3491/1322/490 3492/1294/490
f 3492/1294/492 3491/1322/492 3494/1323/492
f 3477/1293/719 3488/1292/719 3492/1294/719
f 3492/1294/495 3494/1323/495 3493/1296/495
f 3477/1295/469 3492/1294/469 3493/1296/469
f 3495/1259/493 3496/1324/493 3494/1323/493
f 3491/1322/491 3495/1259/491 3494/1323/491
f 3494/1323/494 3497/1298/494 3493/1296/494
f 3494/1323/494 3496/1324/494 3497/1298/494
f 3497/1298/497 3496/1324/497 3499/1270/497
f 3477/1297/470 3493/1296/470 3497/1298/470
f 3477/1299/650 3497/1298/650 3498/1300/650
f 3497/1298/497 3499/1270/497 3498/1300/497
f 3451/1266/720 3454/1268/720 3499/1270/720
f 3496/1324/496 3451/1266/496 3499/1270/496
f 3498/1300/564 3499/1270/564 3454/1268/564
f 3477/1301/472 3498/1300/472 3500/1302/472
f 3498/1300/564 3454/1268/564 3500/1302/564
f 3500/1302/563 3454/1268/563 3456/1378/563
f 3477/1303/473 3500/1302/473 3501/1304/473
f 3500/1302/563 3456/1378/563 3501/1304/563
f 3501/1304/562 3456/1378/562 3461/1276/562
f 3501/1304/615 3461/1276/615 3502/1282/615
f 3477/1305/474 3501/1304/474 3502/1282/474
f 3461/1276/461 3503/1281/461 3502/1282/461
f 3477/1306/475 3502/1282/475 3503/1281/475
f 3461/1276/461 3464/1277/461 3503/1281/461
f 3464/1277/460 3473/1280/460 3503/1281/460
f 3477/1284/463 3503/1281/463 3473/1280/463
f 3496/1324/647 3504/1262/647 3451/1266/647
f 3495/1259/493 3504/1262/493 3496/1324/493
f 3505/1255/646 3448/1258/646 3504/1262/646
f 3448/1258/447 3451/1266/447 3504/1262/447
f 3505/1255/445 3504/1262/445 3495/1259/445
f 3445/1257/444 3448/1258/444 3505/1255/444
f 3506/1251/721 3445/1257/721 3505/1255/721
f 3506/1251/442 3505/1255/442 3495/1259/442
f 3506/1251/441 3507/1254/441 3445/1257/441
f 3510/1170/439 3507/1254/439 3506/1251/439
f 3506/1251/442 3495/1259/442 3508/1256/442
f 3490/1320/443 3506/1251/443 3508/1256/443
f 3490/1320/443 3509/1252/443 3506/1251/443
f 3510/1170/439 3506/1251/439 3509/1252/439
f 3438/1249/438 3507/1254/438 3510/1170/438
f 3511/1246/437 3438/1249/437 3510/1170/437
f 3512/1253/440 3510/1170/440 3509/1252/440
f 3512/1253/440 3511/1246/440 3510/1170/440
f 3433/1168/433 3511/1246/433 3512/1253/433
f 3486/1318/486 3512/1253/486 3509/1252/486
f 3513/1245/485 3512/1253/485 3486/1318/485
f 3433/1168/621 3512/1253/621 3513/1245/621
f 3514/1244/576 3433/1168/576 3513/1245/576
f 3514/1244/610 3513/1245/610 3484/1317/610
f 3513/1245/611 3486/1318/611 3484/1317/611
f 3514/1244/431 3515/1243/431 3433/1168/431
f 3517/1377/432 3515/1243/432 3514/1244/432
f 3517/1377/561 3514/1244/561 3516/1314/561
f 3514/1244/499 3484/1317/499 3516/1314/499
f 3517/1377/432 3518/1242/432 3515/1243/432
f 3519/1329/560 3518/1242/560 3517/1377/560
f 3519/1329/503 3517/1377/503 3479/1325/503
f 3517/1377/561 3516/1314/561 3479/1325/561
f 3519/1329/560 3520/1376/560 3518/1242/560
f 3469/1328/722 3520/1376/722 3519/1329/722
f 3519/1329/503 3479/1325/503 3474/1326/503
f 3468/1331/502 3519/1329/502 3474/1326/502
f 3468/1331/502 3469/1328/502 3519/1329/502
f 3520/1376/428 3521/1241/428 3523/1239/428
f 3522/1166/559 3521/1241/559 3520/1376/559
f 3469/1328/722 3522/1166/722 3520/1376/722
f 3520/1376/428 3523/1239/428 3518/1242/428
f 3430/1240/426 3429/1238/426 3523/1239/426
f 3521/1241/427 3430/1240/427 3523/1239/427
f 3518/1242/429 3523/1239/429 3429/1238/429
f 3522/1166/653 3524/1351/653 3521/1241/653
f 3526/1340/683 3524/1345/683 3522/1183/683
f 3525/1336/654 3522/1183/654 3469/1335/654
f 3526/1340/517 3522/1183/517 3525/1336/517
f 3526/1340/515 3527/1342/515 3531/1343/515
f 3529/1344/516 3527/1342/516 3526/1340/516
f 3530/1337/512 3526/1340/512 3525/1336/512
f 3530/1337/512 3528/1339/512 3526/1340/512
f 3529/1344/516 3526/1340/516 3528/1339/516
f 3526/1340/723 3531/1343/723 3524/1345/723
f 3531/1350/519 3532/1348/519 3534/1375/519
f 3527/1342/518 3532/1347/518 3531/1343/518
f 3524/1351/678 3531/1350/678 3533/1349/678
f 3531/1350/519 3534/1375/519 3533/1349/519
f 3421/1227/558 3431/1237/558 3534/1375/558
f 3532/1348/691 3421/1227/691 3534/1375/691
f 3533/1349/556 3534/1375/556 3431/1237/556
f 3521/1241/427 3533/1349/427 3430/1240/427
f 3524/1351/520 3533/1349/520 3521/1241/520
f 3533/1349/556 3431/1237/556 3430/1240/556
f 3532/1348/557 3420/1225/557 3421/1227/557
f 3419/1222/521 3420/1224/521 3532/1347/521
f 3527/1342/518 3535/1346/518 3532/1347/518
f 3419/1222/521 3532/1347/521 3535/1346/521
f 3536/1352/522 3419/1222/522 3535/1346/522
f 3529/1344/523 3535/1346/523 3527/1342/523
f 3529/1344/523 3536/1352/523 3535/1346/523
f 3536/1352/522 3418/1220/522 3419/1222/522
f 3417/1218/724 3418/1220/724 3536/1352/724
f 3538/1354/525 3536/1352/525 3529/1344/525
f 3538/1354/525 3537/1353/525 3536/1352/525
f 3417/1218/724 3536/1352/724 3537/1353/724
f 3541/1355/526 3537/1353/526 3538/1354/526
f 3540/1357/528 3538/1354/528 3539/1356/528
f 3538/1354/680 3528/1339/680 3539/1356/680
f 3541/1355/526 3538/1354/526 3540/1357/526
f 3538/1354/527 3529/1344/527 3528/1339/527
f 3541/1355/530 3416/1216/530 3417/1218/530
f 3542/1359/529 3416/1216/529 3541/1355/529
f 3542/1359/531 3541/1355/531 3540/1357/531
f 3541/1355/530 3417/1218/530 3537/1353/530
f 3542/1359/529 3415/1214/529 3416/1216/529
f 3544/1363/555 3415/1214/555 3542/1359/555
f 3542/1359/531 3540/1357/531 3543/1358/531
f 3545/1360/532 3542/1359/532 3543/1358/532
f 3545/1360/532 3544/1363/532 3542/1359/532
f 3548/1364/537 3544/1363/537 3545/1360/537
f 3546/1366/533 3545/1360/533 3543/1358/533
f 3446/1374/538 3545/1360/538 3546/1366/538
f 3446/1374/538 3547/1365/538 3545/1360/538
f 3548/1364/537 3545/1360/537 3547/1365/537
f 3413/1210/539 3544/1363/539 3548/1364/539
f 3443/1367/688 3413/1210/688 3548/1364/688
f 3443/1367/541 3548/1364/541 3547/1365/541
f 3442/1368/543 3547/1365/543 3446/1374/543
f 3443/1367/541 3547/1365/541 3442/1368/541
f 3446/1374/553 3546/1366/553 3449/1263/553
f 3546/1366/554 3550/1271/554 3449/1263/554
f 3546/1366/554 3549/1361/554 3550/1271/554
f 3546/1366/533 3543/1358/533 3549/1361/533
f 3549/1361/536 3458/1272/536 3550/1271/536
f 3452/1264/453 3550/1271/453 3458/1272/453
f 3449/1263/448 3550/1271/448 3452/1264/448
f 3549/1361/534 3543/1358/534 3540/1357/534
f 3549/1361/620 3551/1362/620 3458/1272/620
f 3549/1361/534 3540/1357/534 3551/1362/534
f 3540/1357/655 3539/1356/655 3551/1362/655
f 3458/1272/581 3551/1362/581 3539/1356/581
f 3544/1363/555 3414/1212/555 3415/1214/555
f 3413/1210/690 3414/1212/690 3544/1363/690
f 3539/1356/513 3530/1337/513 3552/1341/513
f 3458/1272/535 3539/1356/535 3552/1341/535
f 3539/1356/513 3528/1339/513 3530/1337/513
f 3458/1272/454 3552/1341/454 3459/1273/454
f 3552/1341/514 3463/1275/514 3459/1273/514
f 3552/1341/514 3530/1337/514 3463/1275/514
f 3463/1275/510 3530/1337/510 3525/1336/510
f 3525/1336/508 3469/1335/508 3466/1334/508
f 3463/1275/510 3525/1336/510 3466/1334/510
f 3518/1242/429 3429/1238/429 3515/1243/429
f 3480/1313/725 3516/1314/725 3484/1317/725
f 3479/1325/482 3516/1314/482 3480/1313/482
f 3429/1238/430 3433/1168/430 3515/1243/430
f 3511/1246/437 3434/1248/437 3438/1249/437
f 3433/1168/434 3434/1248/434 3511/1246/434
f 3486/1318/486 3509/1252/486 3490/1320/486
f 3491/1322/491 3508/1256/491 3495/1259/491
f 3490/1320/613 3508/1256/613 3491/1322/613
f 3438/1249/438 3441/1250/438 3507/1254/438
f 3441/1250/726 3445/1257/726 3507/1254/726
f 3472/1327/500 3474/1326/500 3479/1325/500
f 3477/1285/464 3473/1280/464 3471/1283/464
f 3464/1277/460 3467/1279/460 3473/1280/460
f 3455/1269/457 3461/1276/457 3456/1378/457
f 3443/1367/727 3412/1208/727 3413/1210/727
f 3411/1206/728 3412/1208/728 3443/1367/728
f 3411/1206/545 3443/1367/545 3440/1369/545
f 3437/1372/546 3411/1206/546 3440/1369/546
f 3437/1372/686 3410/1204/686 3411/1206/686
f 3427/1236/550 3410/1204/550 3437/1372/550
f 3421/1227/558 3422/1229/558 3431/1237/558
f 3422/1229/419 3424/1231/419 3431/1237/419
f 3427/1236/550 3409/1202/550 3410/1204/550
f 3408/1200/578 3409/1202/578 3427/1236/578
f 3553/1193/729 3554/1194/729 3557/1186/729
f 3555/1164/730 3554/1165/730 3553/1166/730
f 3556/1181/731 3555/1192/731 3553/1183/731
f 3556/1185/732 3553/1193/732 3557/1186/732
f 3554/1194/732 3558/1195/732 3557/1186/732
f 3558/1168/733 3559/1171/733 3557/1170/733
f 3559/1171/734 3560/1172/734 3557/1170/734
f 3557/1186/729 3560/1196/729 3556/1185/729
f 3560/1172/735 3561/1173/735 3563/1175/735
f 3559/1171/734 3561/1173/734 3560/1172/734
f 3560/1196/732 3562/1197/732 3556/1185/732
f 3560/1172/735 3563/1175/735 3562/1174/735
f 3564/1177/736 3563/1190/736 3561/1178/736
f 3562/1174/737 3563/1175/737 3564/1180/737
f 3564/1180/738 3556/1181/738 3565/1176/738
f 3562/1174/737 3564/1180/737 3565/1176/737
f 3564/1180/738 3566/1182/738 3556/1181/738
f 3566/1189/739 3564/1177/739 3567/1179/739
f 3564/1177/736 3561/1178/736 3567/1179/736
f 3567/1179/739 3568/1187/739 3555/1188/739
f 3568/1167/740 3567/1169/740 3558/1168/740
f 3558/1168/733 3567/1169/733 3559/1171/733
f 3561/1178/736 3559/1191/736 3567/1179/736
f 3555/1188/736 3566/1189/736 3567/1179/736
f 3555/1164/730 3568/1167/730 3554/1165/730
f 3568/1167/740 3558/1168/740 3554/1165/740
f 3556/1181/731 3566/1182/731 3555/1192/731
f 3562/1197/732 3565/1184/732 3556/1185/732
f 3585/1198/403 3569/1199/403 3570/1200/403
f 3570/1200/404 3569/1201/404 3571/1202/404
f 3571/1202/405 3569/1203/405 3572/1204/405
f 3572/1204/406 3569/1205/406 3573/1206/406
f 3573/1206/407 3569/1207/407 3574/1208/407
f 3574/1208/408 3569/1209/408 3575/1210/408
f 3575/1210/409 3569/1211/409 3576/1212/409
f 3576/1212/741 3569/1213/741 3577/1214/741
f 3577/1214/411 3569/1215/411 3578/1216/411
f 3578/1216/412 3569/1217/412 3579/1218/412
f 3579/1218/413 3569/1219/413 3580/1220/413
f 3580/1220/707 3569/1221/707 3581/1222/707
f 3581/1222/415 3569/1223/415 3582/1224/415
f 3582/1225/416 3569/1226/416 3583/1227/416
f 3583/1227/742 3569/1228/742 3584/1229/742
f 3584/1229/418 3569/1230/418 3585/1198/418
f 3584/1229/708 3585/1198/708 3586/1231/708
f 3585/1198/420 3587/1232/420 3586/1231/420
f 3585/1198/420 3570/1200/420 3587/1232/420
f 3570/1200/421 3589/1236/421 3587/1232/421
f 3590/1233/422 3586/1231/422 3587/1232/422
f 3588/1234/423 3587/1232/423 3589/1236/423
f 3590/1233/422 3587/1232/422 3588/1234/422
f 3593/1237/424 3586/1231/424 3590/1233/424
f 3592/1240/426 3590/1233/426 3591/1238/426
f 3590/1233/425 3594/1247/425 3591/1238/425
f 3593/1237/743 3590/1233/743 3592/1240/743
f 3590/1233/638 3588/1234/638 3594/1247/638
f 3591/1238/430 3594/1247/430 3595/1168/430
f 3594/1247/435 3588/1234/435 3597/1235/435
f 3595/1168/434 3594/1247/434 3596/1248/434
f 3594/1247/639 3597/1235/639 3596/1248/639
f 3589/1236/548 3598/1373/548 3597/1235/548
f 3588/1234/423 3589/1236/423 3597/1235/423
f 3596/1248/436 3597/1235/436 3598/1373/436
f 3589/1236/604 3599/1372/604 3598/1373/604
f 3599/1372/547 3601/1371/547 3598/1373/547
f 3600/1249/549 3598/1373/549 3601/1371/549
f 3596/1248/436 3598/1373/436 3600/1249/436
f 3601/1371/542 3602/1369/542 3606/1367/542
f 3599/1372/547 3602/1369/547 3601/1371/547
f 3601/1371/544 3605/1370/544 3603/1250/544
f 3600/1249/549 3601/1371/549 3603/1250/549
f 3601/1371/685 3604/1368/685 3605/1370/685
f 3601/1371/542 3606/1367/542 3604/1368/542
f 3606/1367/540 3574/1208/540 3575/1210/540
f 3573/1206/545 3574/1208/545 3606/1367/545
f 3606/1367/541 3608/1365/541 3604/1368/541
f 3573/1206/545 3606/1367/545 3602/1369/545
f 3606/1367/744 3607/1364/744 3608/1365/744
f 3606/1367/540 3575/1210/540 3607/1364/540
f 3607/1364/537 3610/1360/537 3608/1365/537
f 3609/1374/538 3608/1365/538 3610/1360/538
f 3604/1368/543 3608/1365/543 3609/1374/543
f 3610/1360/532 3611/1363/532 3614/1359/532
f 3607/1364/537 3611/1363/537 3610/1360/537
f 3612/1366/533 3610/1360/533 3613/1358/533
f 3609/1374/538 3610/1360/538 3612/1366/538
f 3610/1360/532 3614/1359/532 3613/1358/532
f 3614/1359/529 3577/1214/529 3578/1216/529
f 3611/1363/555 3577/1214/555 3614/1359/555
f 3614/1359/745 3616/1357/745 3613/1358/745
f 3614/1359/531 3615/1355/531 3616/1357/531
f 3614/1359/529 3578/1216/529 3615/1355/529
f 3615/1355/526 3618/1354/526 3616/1357/526
f 3616/1357/528 3620/1356/528 3617/1362/528
f 3619/1361/534 3616/1357/534 3617/1362/534
f 3619/1361/534 3613/1358/534 3616/1357/534
f 3616/1357/528 3618/1354/528 3620/1356/528
f 3618/1354/680 3622/1339/680 3620/1356/680
f 3620/1356/513 3624/1337/513 3621/1341/513
f 3623/1272/535 3620/1356/535 3621/1341/535
f 3623/1272/535 3617/1362/535 3620/1356/535
f 3620/1356/513 3622/1339/513 3624/1337/513
f 3624/1337/512 3622/1339/512 3627/1340/512
f 3625/1275/510 3624/1337/510 3626/1336/510
f 3621/1341/514 3624/1337/514 3625/1275/514
f 3624/1337/512 3627/1340/512 3626/1336/512
f 3627/1340/515 3628/1342/515 3631/1343/515
f 3630/1344/659 3628/1342/659 3627/1340/659
f 3627/1340/517 3632/1183/517 3626/1336/517
f 3630/1344/516 3627/1340/516 3622/1339/516
f 3627/1340/683 3629/1345/683 3632/1183/683
f 3627/1340/515 3631/1343/515 3629/1345/515
f 3632/1166/653 3629/1351/653 3636/1241/653
f 3633/1328/722 3632/1166/722 3634/1376/722
f 3635/1334/508 3632/1183/508 3633/1335/508
f 3635/1334/654 3626/1336/654 3632/1183/654
f 3632/1166/559 3636/1241/559 3634/1376/559
f 3636/1241/427 3637/1349/427 3592/1240/427
f 3629/1351/520 3637/1349/520 3636/1241/520
f 3634/1376/428 3636/1241/428 3638/1239/428
f 3636/1241/622 3592/1240/622 3638/1239/622
f 3592/1240/426 3591/1238/426 3638/1239/426
f 3639/1242/429 3638/1239/429 3591/1238/429
f 3634/1376/428 3638/1239/428 3639/1242/428
f 3640/1377/432 3639/1242/432 3641/1243/432
f 3634/1376/560 3639/1242/560 3640/1377/560
f 3639/1242/429 3591/1238/429 3641/1243/429
f 3591/1238/430 3595/1168/430 3641/1243/430
f 3642/1244/431 3641/1243/431 3595/1168/431
f 3640/1377/432 3641/1243/432 3642/1244/432
f 3640/1377/561 3642/1244/561 3643/1314/561
f 3642/1244/499 3645/1317/499 3643/1314/499
f 3642/1244/499 3644/1245/499 3645/1317/499
f 3642/1244/431 3595/1168/431 3644/1245/431
f 3644/1245/485 3646/1318/485 3645/1317/485
f 3647/1315/483 3645/1317/483 3646/1318/483
f 3648/1313/481 3645/1317/481 3647/1315/481
f 3648/1313/481 3643/1314/481 3645/1317/481
f 3651/1325/482 3643/1314/482 3648/1313/482
f 3650/1316/480 3648/1313/480 3649/1287/480
f 3648/1313/479 3652/1288/479 3649/1287/479
f 3651/1325/482 3648/1313/482 3650/1316/482
f 3648/1313/585 3647/1315/585 3652/1288/585
f 3653/1286/465 3649/1287/465 3652/1288/465
f 3653/1289/466 3652/1288/466 3654/1290/466
f 3647/1315/586 3654/1290/586 3652/1288/586
f 3647/1315/484 3655/1319/484 3654/1290/484
f 3655/1319/746 3656/1292/746 3654/1290/746
f 3653/1291/467 3654/1290/467 3656/1292/467
f 3655/1319/489 3657/1321/489 3656/1292/489
f 3657/1321/490 3658/1294/490 3656/1292/490
f 3653/1293/719 3656/1292/719 3658/1294/719
f 3658/1294/492 3659/1322/492 3661/1323/492
f 3657/1321/490 3659/1322/490 3658/1294/490
f 3653/1295/469 3658/1294/469 3660/1296/469
f 3658/1294/495 3661/1323/495 3660/1296/495
f 3662/1259/493 3663/1324/493 3661/1323/493
f 3659/1322/491 3662/1259/491 3661/1323/491
f 3661/1323/494 3664/1298/494 3660/1296/494
f 3661/1323/498 3663/1324/498 3664/1298/498
f 3664/1298/497 3663/1324/497 3666/1270/497
f 3653/1297/470 3660/1296/470 3664/1298/470
f 3653/1299/650 3664/1298/650 3665/1300/650
f 3664/1298/497 3666/1270/497 3665/1300/497
f 3667/1266/648 3668/1268/648 3666/1270/648
f 3663/1324/647 3667/1266/647 3666/1270/647
f 3665/1300/564 3666/1270/564 3668/1268/564
f 3667/1266/452 3669/1265/452 3668/1268/452
f 3669/1265/451 3671/1378/451 3668/1268/451
f 3670/1302/563 3668/1268/563 3671/1378/563
f 3665/1300/649 3668/1268/649 3670/1302/649
f 3669/1265/451 3672/1269/451 3671/1378/451
f 3672/1269/457 3674/1276/457 3671/1378/457
f 3673/1304/615 3671/1378/615 3674/1276/615
f 3670/1302/614 3671/1378/614 3673/1304/614
f 3674/1276/584 3675/1274/584 3678/1278/584
f 3672/1269/710 3675/1274/710 3674/1276/710
f 3674/1276/747 3679/1281/747 3676/1282/747
f 3673/1304/562 3674/1276/562 3676/1282/562
f 3674/1276/461 3677/1277/461 3679/1281/461
f 3674/1276/584 3678/1278/584 3677/1277/584
f 3677/1277/460 3680/1280/460 3679/1281/460
f 3653/1306/674 3676/1282/674 3679/1281/674
f 3653/1284/463 3679/1281/463 3680/1280/463
f 3680/1280/748 3681/1279/748 3683/1333/748
f 3677/1277/460 3681/1279/460 3680/1280/460
f 3653/1285/464 3680/1280/464 3682/1283/464
f 3680/1280/462 3683/1333/462 3682/1283/462
f 3683/1330/504 3684/1331/504 3688/1326/504
f 3686/1338/505 3684/1332/505 3683/1333/505
f 3683/1330/506 3687/1309/506 3682/1308/506
f 3686/1338/505 3683/1333/505 3681/1279/505
f 3683/1330/506 3685/1327/506 3687/1309/506
f 3683/1330/714 3688/1326/714 3685/1327/714
f 3689/1329/503 3651/1325/503 3688/1326/503
f 3684/1331/502 3689/1329/502 3688/1326/502
f 3685/1327/500 3688/1326/500 3651/1325/500
f 3634/1376/560 3640/1377/560 3689/1329/560
f 3633/1328/722 3634/1376/722 3689/1329/722
f 3684/1331/502 3633/1328/502 3689/1329/502
f 3689/1329/606 3640/1377/606 3651/1325/606
f 3687/1309/501 3685/1327/501 3650/1316/501
f 3653/1307/476 3682/1308/476 3687/1309/476
f 3653/1310/477 3687/1309/477 3690/1311/477
f 3687/1309/717 3650/1316/717 3690/1311/717
f 3650/1316/480 3649/1287/480 3690/1311/480
f 3653/1312/676 3690/1311/676 3649/1287/676
f 3686/1338/509 3635/1334/509 3633/1335/509
f 3625/1275/511 3635/1334/511 3686/1338/511
f 3677/1277/459 3686/1338/459 3681/1279/459
f 3677/1277/583 3678/1278/583 3686/1338/583
f 3625/1275/618 3686/1338/618 3678/1278/618
f 3686/1338/509 3633/1335/509 3684/1332/509
f 3685/1327/607 3651/1325/607 3650/1316/607
f 3691/1273/456 3625/1275/456 3678/1278/456
f 3691/1273/456 3678/1278/456 3675/1274/456
f 3623/1272/582 3621/1341/582 3691/1273/582
f 3621/1341/514 3625/1275/514 3691/1273/514
f 3692/1267/455 3691/1273/455 3675/1274/455
f 3623/1272/454 3691/1273/454 3692/1267/454
f 3693/1264/453 3623/1272/453 3692/1267/453
f 3692/1267/617 3675/1274/617 3672/1269/617
f 3669/1265/450 3692/1267/450 3672/1269/450
f 3669/1265/450 3693/1264/450 3692/1267/450
f 3693/1264/453 3694/1271/453 3623/1272/453
f 3696/1263/448 3694/1271/448 3693/1264/448
f 3695/1261/449 3693/1264/449 3669/1265/449
f 3696/1263/749 3693/1264/749 3695/1261/749
f 3612/1366/554 3694/1271/554 3696/1263/554
f 3697/1260/553 3612/1366/553 3696/1263/553
f 3697/1260/446 3696/1263/446 3695/1261/446
f 3697/1260/553 3609/1374/553 3612/1366/553
f 3605/1370/658 3609/1374/658 3697/1260/658
f 3699/1257/444 3697/1260/444 3698/1258/444
f 3697/1260/446 3695/1261/446 3698/1258/446
f 3605/1370/551 3697/1260/551 3699/1257/551
f 3603/1250/552 3605/1370/552 3699/1257/552
f 3699/1257/750 3698/1258/750 3700/1255/750
f 3702/1251/721 3699/1257/721 3700/1255/721
f 3702/1251/441 3701/1254/441 3699/1257/441
f 3603/1250/726 3699/1257/726 3701/1254/726
f 3705/1170/439 3701/1254/439 3702/1251/439
f 3702/1251/751 3662/1259/751 3703/1256/751
f 3706/1320/443 3702/1251/443 3703/1256/443
f 3706/1320/752 3704/1252/752 3702/1251/752
f 3705/1170/439 3702/1251/439 3704/1252/439
f 3702/1251/442 3700/1255/442 3662/1259/442
f 3646/1318/486 3704/1252/486 3706/1320/486
f 3646/1318/487 3706/1320/487 3657/1321/487
f 3706/1320/613 3659/1322/613 3657/1321/613
f 3706/1320/488 3703/1256/488 3659/1322/488
f 3600/1249/438 3701/1254/438 3705/1170/438
f 3707/1246/437 3600/1249/437 3705/1170/437
f 3708/1253/440 3705/1170/440 3704/1252/440
f 3708/1253/440 3707/1246/440 3705/1170/440
f 3595/1168/433 3707/1246/433 3708/1253/433
f 3646/1318/753 3708/1253/753 3704/1252/753
f 3644/1245/485 3708/1253/485 3646/1318/485
f 3595/1168/433 3708/1253/433 3644/1245/433
f 3707/1246/437 3596/1248/437 3600/1249/437
f 3595/1168/434 3596/1248/434 3707/1246/434
f 3659/1322/491 3703/1256/491 3662/1259/491
f 3600/1249/438 3603/1250/438 3701/1254/438
f 3662/1259/445 3700/1255/445 3698/1258/445
f 3698/1258/447 3667/1266/447 3709/1262/447
f 3662/1259/646 3698/1258/646 3709/1262/646
f 3698/1258/623 3695/1261/623 3667/1266/623
f 3663/1324/496 3709/1262/496 3667/1266/496
f 3662/1259/493 3709/1262/493 3663/1324/493
f 3695/1261/624 3669/1265/624 3667/1266/624
f 3612/1366/554 3619/1361/554 3694/1271/554
f 3619/1361/536 3623/1272/536 3694/1271/536
f 3653/1305/474 3673/1304/474 3676/1282/474
f 3653/1303/473 3670/1302/473 3673/1304/473
f 3653/1301/472 3665/1300/472 3670/1302/472
f 3646/1318/487 3657/1321/487 3655/1319/487
f 3647/1315/483 3646/1318/483 3655/1319/483
f 3640/1377/561 3643/1314/561 3651/1325/561
f 3637/1349/556 3710/1375/556 3593/1237/556
f 3631/1350/519 3710/1375/519 3637/1349/519
f 3629/1351/678 3631/1350/678 3637/1349/678
f 3637/1349/637 3593/1237/637 3592/1240/637
f 3583/1227/558 3593/1237/558 3710/1375/558
f 3711/1348/557 3583/1227/557 3710/1375/557
f 3631/1350/519 3711/1348/519 3710/1375/519
f 3711/1348/557 3582/1225/557 3583/1227/557
f 3581/1222/521 3582/1224/521 3711/1347/521
f 3712/1346/518 3711/1347/518 3631/1343/518
f 3581/1222/521 3711/1347/521 3712/1346/521
f 3713/1352/522 3581/1222/522 3712/1346/522
f 3712/1346/518 3631/1343/518 3628/1342/518
f 3630/1344/644 3712/1346/644 3628/1342/644
f 3630/1344/644 3713/1352/644 3712/1346/644
f 3713/1352/522 3580/1220/522 3581/1222/522
f 3714/1353/524 3580/1220/524 3713/1352/524
f 3618/1354/525 3713/1352/525 3630/1344/525
f 3618/1354/525 3714/1353/525 3713/1352/525
f 3714/1353/524 3579/1218/524 3580/1220/524
f 3615/1355/530 3579/1218/530 3714/1353/530
f 3615/1355/526 3714/1353/526 3618/1354/526
f 3625/1275/510 3626/1336/510 3635/1334/510
f 3618/1354/527 3630/1344/527 3622/1339/527
f 3619/1361/620 3617/1362/620 3623/1272/620
f 3612/1366/533 3613/1358/533 3619/1361/533
f 3615/1355/530 3578/1216/530 3579/1218/530
f 3611/1363/555 3576/1212/555 3577/1214/555
f 3575/1210/539 3576/1212/539 3611/1363/539
f 3575/1210/539 3611/1363/539 3607/1364/539
f 3604/1368/543 3609/1374/543 3605/1370/543
f 3599/1372/546 3573/1206/546 3602/1369/546
f 3599/1372/546 3572/1204/546 3573/1206/546
f 3589/1236/550 3572/1204/550 3599/1372/550
f 3583/1227/558 3584/1229/558 3593/1237/558
f 3584/1229/419 3586/1231/419 3593/1237/419
f 3589/1236/550 3571/1202/550 3572/1204/550
f 3570/1200/578 3571/1202/578 3589/1236/578
f 3718/1185/754 3715/1193/754 3716/1194/754
f 3715/1166/755 3719/1167/755 3716/1165/755
f 3720/1182/756 3717/1192/756 3715/1183/756
f 3715/1166/755 3717/1164/755 3719/1167/755
f 3720/1182/757 3715/1183/757 3718/1181/757
f 3722/1176/758 3721/1180/758 3720/1182/758
f 3717/1188/759 3720/1189/759 3721/1177/759
f 3722/1176/758 3720/1182/758 3718/1181/758
f 3723/1197/754 3722/1184/754 3718/1185/754
f 3724/1175/760 3722/1176/760 3723/1174/760
f 3724/1175/760 3721/1180/760 3722/1176/760
f 3721/1177/759 3724/1190/759 3725/1178/759
f 3725/1173/761 3724/1175/761 3723/1174/761
f 3725/1178/759 3726/1191/759 3729/1179/759
f 3728/1170/762 3726/1171/762 3725/1173/762
f 3725/1173/761 3723/1174/761 3727/1172/761
f 3728/1170/762 3725/1173/762 3727/1172/762
f 3721/1177/759 3725/1178/759 3729/1179/759
f 3729/1179/759 3719/1187/759 3717/1188/759
f 3716/1165/763 3719/1167/763 3729/1169/763
f 3729/1169/764 3728/1170/764 3730/1168/764
f 3716/1165/763 3729/1169/763 3730/1168/763
f 3729/1169/765 3726/1171/765 3728/1170/765
f 3729/1179/759 3717/1188/759 3721/1177/759
f 3716/1194/754 3730/1195/754 3728/1186/754
f 3728/1186/754 3727/1196/754 3718/1185/754
f 3718/1185/754 3716/1194/754 3728/1186/754
f 3727/1196/754 3723/1197/754 3718/1185/754
f 3747/1198/403 3731/1199/403 3732/1200/403
f 3732/1200/404 3731/1201/404 3733/1202/404
f 3733/1202/405 3731/1203/405 3734/1204/405
f 3734/1204/406 3731/1205/406 3735/1206/406
f 3735/1206/407 3731/1207/407 3736/1208/407
f 3736/1208/408 3731/1209/408 3737/1210/408
f 3737/1210/409 3731/1211/409 3738/1212/409
f 3738/1212/410 3731/1213/410 3739/1214/410
f 3739/1214/411 3731/1215/411 3740/1216/411
f 3740/1216/412 3731/1217/412 3741/1218/412
f 3741/1218/413 3731/1219/413 3742/1220/413
f 3742/1220/707 3731/1221/707 3743/1222/707
f 3743/1222/415 3731/1223/415 3744/1224/415
f 3744/1225/416 3731/1226/416 3745/1227/416
f 3745/1227/742 3731/1228/742 3746/1229/742
f 3746/1229/418 3731/1230/418 3747/1198/418
f 3746/1229/708 3747/1198/708 3748/1231/708
f 3747/1198/420 3749/1232/420 3748/1231/420
f 3747/1198/420 3732/1200/420 3749/1232/420
f 3732/1200/421 3751/1236/421 3749/1232/421
f 3752/1233/422 3748/1231/422 3749/1232/422
f 3750/1234/423 3749/1232/423 3751/1236/423
f 3752/1233/422 3749/1232/422 3750/1234/422
f 3755/1237/743 3748/1231/743 3752/1233/743
f 3754/1240/426 3752/1233/426 3753/1238/426
f 3752/1233/425 3756/1247/425 3753/1238/425
f 3755/1237/424 3752/1233/424 3754/1240/424
f 3752/1233/638 3750/1234/638 3756/1247/638
f 3753/1238/575 3756/1247/575 3757/1168/575
f 3756/1247/639 3750/1234/639 3759/1235/639
f 3757/1168/577 3756/1247/577 3758/1248/577
f 3756/1247/435 3759/1235/435 3758/1248/435
f 3751/1236/548 3760/1373/548 3759/1235/548
f 3750/1234/709 3751/1236/709 3759/1235/709
f 3758/1248/436 3759/1235/436 3760/1373/436
f 3751/1236/548 3761/1372/548 3760/1373/548
f 3761/1372/640 3763/1371/640 3760/1373/640
f 3762/1249/549 3760/1373/549 3763/1371/549
f 3758/1248/436 3760/1373/436 3762/1249/436
f 3763/1371/542 3764/1369/542 3768/1367/542
f 3761/1372/547 3764/1369/547 3763/1371/547
f 3763/1371/544 3767/1370/544 3765/1250/544
f 3762/1249/549 3763/1371/549 3765/1250/549
f 3763/1371/544 3766/1368/544 3767/1370/544
f 3763/1371/542 3768/1367/542 3766/1368/542
f 3768/1367/540 3736/1208/540 3737/1210/540
f 3735/1206/545 3736/1208/545 3768/1367/545
f 3768/1367/541 3770/1365/541 3766/1368/541
f 3735/1206/728 3768/1367/728 3764/1369/728
f 3768/1367/541 3769/1364/541 3770/1365/541
f 3768/1367/766 3737/1210/766 3769/1364/766
f 3769/1364/537 3772/1360/537 3770/1365/537
f 3771/1374/538 3770/1365/538 3772/1360/538
f 3766/1368/543 3770/1365/543 3771/1374/543
f 3772/1360/532 3773/1363/532 3776/1359/532
f 3769/1364/579 3773/1363/579 3772/1360/579
f 3774/1366/533 3772/1360/533 3775/1358/533
f 3771/1374/538 3772/1360/538 3774/1366/538
f 3772/1360/642 3776/1359/642 3775/1358/642
f 3776/1359/529 3739/1214/529 3740/1216/529
f 3773/1363/555 3739/1214/555 3776/1359/555
f 3776/1359/745 3778/1357/745 3775/1358/745
f 3776/1359/531 3777/1355/531 3778/1357/531
f 3776/1359/529 3740/1216/529 3777/1355/529
f 3777/1355/526 3780/1354/526 3778/1357/526
f 3778/1357/528 3782/1356/528 3779/1362/528
f 3781/1361/534 3778/1357/534 3779/1362/534
f 3781/1361/534 3775/1358/534 3778/1357/534
f 3778/1357/528 3780/1354/528 3782/1356/528
f 3780/1354/680 3784/1339/680 3782/1356/680
f 3782/1356/513 3786/1337/513 3783/1341/513
f 3785/1272/535 3782/1356/535 3783/1341/535
f 3785/1272/581 3779/1362/581 3782/1356/581
f 3782/1356/513 3784/1339/513 3786/1337/513
f 3786/1337/512 3784/1339/512 3789/1340/512
f 3787/1275/510 3786/1337/510 3788/1336/510
f 3783/1341/514 3786/1337/514 3787/1275/514
f 3786/1337/512 3789/1340/512 3788/1336/512
f 3789/1340/515 3790/1342/515 3793/1343/515
f 3792/1344/516 3790/1342/516 3789/1340/516
f 3789/1340/683 3794/1183/683 3788/1336/683
f 3792/1344/516 3789/1340/516 3784/1339/516
f 3789/1340/683 3791/1345/683 3794/1183/683
f 3789/1340/515 3793/1343/515 3791/1345/515
f 3794/1166/653 3791/1351/653 3797/1241/653
f 3795/1328/507 3794/1166/507 3796/1376/507
f 3788/1336/654 3794/1183/654 3795/1335/654
f 3794/1166/559 3797/1241/559 3796/1376/559
f 3797/1241/427 3798/1349/427 3754/1240/427
f 3791/1351/520 3798/1349/520 3797/1241/520
f 3796/1376/428 3797/1241/428 3799/1239/428
f 3797/1241/427 3754/1240/427 3799/1239/427
f 3754/1240/426 3753/1238/426 3799/1239/426
f 3800/1242/429 3799/1239/429 3753/1238/429
f 3796/1376/428 3799/1239/428 3800/1242/428
f 3801/1377/432 3800/1242/432 3802/1243/432
f 3803/1329/560 3800/1242/560 3801/1377/560
f 3803/1329/560 3796/1376/560 3800/1242/560
f 3800/1242/429 3753/1238/429 3802/1243/429
f 3795/1328/722 3796/1376/722 3803/1329/722
f 3803/1329/503 3806/1325/503 3804/1326/503
f 3805/1331/502 3803/1329/502 3804/1326/502
f 3805/1331/502 3795/1328/502 3803/1329/502
f 3803/1329/503 3801/1377/503 3806/1325/503
f 3801/1377/561 3808/1314/561 3806/1325/561
f 3806/1325/608 3810/1313/608 3807/1316/608
f 3809/1327/607 3806/1325/607 3807/1316/607
f 3809/1327/500 3804/1326/500 3806/1325/500
f 3806/1325/482 3808/1314/482 3810/1313/482
f 3810/1313/481 3808/1314/481 3813/1317/481
f 3811/1287/479 3810/1313/479 3812/1315/479
f 3807/1316/480 3810/1313/480 3811/1287/480
f 3810/1313/481 3813/1317/481 3812/1315/481
f 3816/1244/610 3814/1245/610 3813/1317/610
f 3814/1245/485 3815/1318/485 3813/1317/485
f 3812/1315/483 3813/1317/483 3815/1318/483
f 3816/1244/499 3813/1317/499 3808/1314/499
f 3816/1244/431 3802/1243/431 3757/1168/431
f 3801/1377/432 3802/1243/432 3816/1244/432
f 3801/1377/561 3816/1244/561 3808/1314/561
f 3816/1244/576 3757/1168/576 3814/1245/576
f 3815/1318/753 3817/1253/753 3820/1252/753
f 3814/1245/485 3817/1253/485 3815/1318/485
f 3815/1318/487 3821/1321/487 3818/1319/487
f 3812/1315/483 3815/1318/483 3818/1319/483
f 3815/1318/767 3819/1320/767 3821/1321/767
f 3815/1318/486 3820/1252/486 3819/1320/486
f 3819/1320/613 3823/1322/613 3821/1321/613
f 3821/1321/490 3825/1294/490 3822/1292/490
f 3824/1290/489 3821/1321/489 3822/1292/489
f 3824/1290/746 3818/1319/746 3821/1321/746
f 3821/1321/490 3823/1322/490 3825/1294/490
f 3825/1294/495 3823/1322/495 3828/1323/495
f 3827/1293/719 3822/1292/719 3825/1294/719
f 3827/1295/469 3825/1294/469 3826/1296/469
f 3825/1294/492 3828/1323/492 3826/1296/492
f 3829/1259/493 3830/1324/493 3828/1323/493
f 3823/1322/491 3829/1259/491 3828/1323/491
f 3828/1323/494 3831/1298/494 3826/1296/494
f 3828/1323/494 3830/1324/494 3831/1298/494
f 3831/1298/497 3830/1324/497 3833/1270/497
f 3827/1297/470 3826/1296/470 3831/1298/470
f 3831/1298/497 3833/1270/497 3832/1300/497
f 3827/1299/650 3831/1298/650 3832/1300/650
f 3834/1266/720 3835/1268/720 3833/1270/720
f 3830/1324/647 3834/1266/647 3833/1270/647
f 3832/1300/564 3833/1270/564 3835/1268/564
f 3834/1266/452 3836/1265/452 3835/1268/452
f 3836/1265/451 3838/1378/451 3835/1268/451
f 3837/1302/563 3835/1268/563 3838/1378/563
f 3832/1300/768 3835/1268/768 3837/1302/768
f 3836/1265/451 3839/1269/451 3838/1378/451
f 3839/1269/457 3841/1276/457 3838/1378/457
f 3840/1304/562 3838/1378/562 3841/1276/562
f 3837/1302/769 3838/1378/769 3840/1304/769
f 3841/1276/458 3842/1274/458 3845/1278/458
f 3839/1269/457 3842/1274/457 3841/1276/457
f 3841/1276/461 3846/1281/461 3843/1282/461
f 3840/1304/615 3841/1276/615 3843/1282/615
f 3841/1276/461 3844/1277/461 3846/1281/461
f 3841/1276/458 3845/1278/458 3844/1277/458
f 3844/1277/460 3847/1280/460 3846/1281/460
f 3827/1306/674 3843/1282/674 3846/1281/674
f 3827/1284/463 3846/1281/463 3847/1280/463
f 3847/1280/770 3848/1279/770 3850/1333/770
f 3844/1277/460 3848/1279/460 3847/1280/460
f 3847/1280/462 3850/1333/462 3849/1283/462
f 3827/1285/464 3847/1280/464 3849/1283/464
f 3850/1330/714 3805/1331/714 3804/1326/714
f 3851/1338/712 3805/1332/712 3850/1333/712
f 3850/1330/506 3852/1309/506 3849/1308/506
f 3851/1338/505 3850/1333/505 3848/1279/505
f 3850/1330/771 3809/1327/771 3852/1309/771
f 3850/1330/504 3804/1326/504 3809/1327/504
f 3852/1309/501 3809/1327/501 3807/1316/501
f 3827/1307/476 3849/1308/476 3852/1309/476
f 3827/1310/477 3852/1309/477 3853/1311/477
f 3852/1309/717 3807/1316/717 3853/1311/717
f 3807/1316/480 3811/1287/480 3853/1311/480
f 3827/1312/676 3853/1311/676 3811/1287/676
f 3851/1338/509 3854/1334/509 3795/1335/509
f 3787/1275/511 3854/1334/511 3851/1338/511
f 3844/1277/459 3851/1338/459 3848/1279/459
f 3844/1277/459 3845/1278/459 3851/1338/459
f 3787/1275/511 3851/1338/511 3845/1278/511
f 3851/1338/509 3795/1335/509 3805/1332/509
f 3788/1336/508 3795/1335/508 3854/1334/508
f 3787/1275/510 3788/1336/510 3854/1334/510
f 3855/1273/456 3787/1275/456 3845/1278/456
f 3855/1273/456 3845/1278/456 3842/1274/456
f 3785/1272/454 3783/1341/454 3855/1273/454
f 3783/1341/514 3787/1275/514 3855/1273/514
f 3856/1267/617 3855/1273/617 3842/1274/617
f 3785/1272/454 3855/1273/454 3856/1267/454
f 3857/1264/587 3785/1272/587 3856/1267/587
f 3856/1267/455 3842/1274/455 3839/1269/455
f 3836/1265/450 3856/1267/450 3839/1269/450
f 3836/1265/450 3857/1264/450 3856/1267/450
f 3857/1264/453 3858/1271/453 3785/1272/453
f 3860/1263/448 3858/1271/448 3857/1264/448
f 3859/1261/449 3857/1264/449 3836/1265/449
f 3860/1263/448 3857/1264/448 3859/1261/448
f 3771/1374/553 3774/1366/553 3860/1263/553
f 3774/1366/554 3858/1271/554 3860/1263/554
f 3861/1260/446 3860/1263/446 3859/1261/446
f 3771/1374/553 3860/1263/553 3861/1260/553
f 3767/1370/658 3771/1374/658 3861/1260/658
f 3863/1257/444 3861/1260/444 3862/1258/444
f 3861/1260/446 3859/1261/446 3862/1258/446
f 3767/1370/551 3861/1260/551 3863/1257/551
f 3765/1250/552 3767/1370/552 3863/1257/552
f 3863/1257/444 3862/1258/444 3864/1255/444
f 3866/1251/441 3863/1257/441 3864/1255/441
f 3866/1251/721 3865/1254/721 3863/1257/721
f 3765/1250/726 3863/1257/726 3865/1254/726
f 3868/1170/439 3865/1254/439 3866/1251/439
f 3866/1251/751 3829/1259/751 3867/1256/751
f 3819/1320/443 3866/1251/443 3867/1256/443
f 3819/1320/443 3820/1252/443 3866/1251/443
f 3868/1170/439 3866/1251/439 3820/1252/439
f 3866/1251/442 3864/1255/442 3829/1259/442
f 3762/1249/438 3865/1254/438 3868/1170/438
f 3869/1246/437 3762/1249/437 3868/1170/437
f 3817/1253/440 3868/1170/440 3820/1252/440
f 3817/1253/440 3869/1246/440 3868/1170/440
f 3869/1246/437 3758/1248/437 3762/1249/437
f 3757/1168/434 3758/1248/434 3869/1246/434
f 3757/1168/433 3869/1246/433 3817/1253/433
f 3823/1322/491 3867/1256/491 3829/1259/491
f 3819/1320/613 3867/1256/613 3823/1322/613
f 3762/1249/438 3765/1250/438 3865/1254/438
f 3864/1255/445 3870/1262/445 3829/1259/445
f 3864/1255/646 3862/1258/646 3870/1262/646
f 3862/1258/623 3834/1266/623 3870/1262/623
f 3830/1324/496 3870/1262/496 3834/1266/496
f 3829/1259/493 3870/1262/493 3830/1324/493
f 3862/1258/447 3859/1261/447 3834/1266/447
f 3859/1261/449 3836/1265/449 3834/1266/449
f 3774/1366/554 3781/1361/554 3858/1271/554
f 3781/1361/536 3785/1272/536 3858/1271/536
f 3827/1305/474 3840/1304/474 3843/1282/474
f 3827/1303/473 3837/1302/473 3840/1304/473
f 3827/1301/472 3832/1300/472 3837/1302/472
f 3827/1286/465 3811/1287/465 3871/1288/465
f 3827/1289/466 3871/1288/466 3824/1290/466
f 3827/1291/467 3824/1290/467 3822/1292/467
f 3812/1315/772 3824/1290/772 3871/1288/772
f 3811/1287/479 3812/1315/479 3871/1288/479
f 3812/1315/586 3818/1319/586 3824/1290/586
f 3757/1168/621 3817/1253/621 3814/1245/621
f 3753/1238/430 3757/1168/430 3802/1243/430
f 3798/1349/556 3872/1375/556 3755/1237/556
f 3793/1350/519 3872/1375/519 3798/1349/519
f 3791/1351/678 3793/1350/678 3798/1349/678
f 3798/1349/556 3755/1237/556 3754/1240/556
f 3745/1227/558 3755/1237/558 3872/1375/558
f 3873/1348/557 3745/1227/557 3872/1375/557
f 3793/1350/519 3873/1348/519 3872/1375/519
f 3873/1348/691 3744/1225/691 3745/1227/691
f 3743/1222/521 3744/1224/521 3873/1347/521
f 3790/1342/518 3873/1347/518 3793/1343/518
f 3790/1342/518 3874/1346/518 3873/1347/518
f 3743/1222/521 3873/1347/521 3874/1346/521
f 3875/1352/522 3743/1222/522 3874/1346/522
f 3792/1344/644 3874/1346/644 3790/1342/644
f 3792/1344/523 3875/1352/523 3874/1346/523
f 3875/1352/522 3742/1220/522 3743/1222/522
f 3741/1218/524 3742/1220/524 3875/1352/524
f 3780/1354/773 3875/1352/773 3792/1344/773
f 3780/1354/774 3876/1353/774 3875/1352/774
f 3741/1218/524 3875/1352/524 3876/1353/524
f 3777/1355/530 3741/1218/530 3876/1353/530
f 3777/1355/526 3876/1353/526 3780/1354/526
f 3780/1354/527 3792/1344/527 3784/1339/527
f 3781/1361/620 3779/1362/620 3785/1272/620
f 3774/1366/533 3775/1358/533 3781/1361/533
f 3777/1355/530 3740/1216/530 3741/1218/530
f 3773/1363/775 3738/1212/775 3739/1214/775
f 3737/1210/690 3738/1212/690 3773/1363/690
f 3737/1210/539 3773/1363/539 3769/1364/539
f 3766/1368/543 3771/1374/543 3767/1370/543
f 3761/1372/546 3735/1206/546 3764/1369/546
f 3761/1372/686 3734/1204/686 3735/1206/686
f 3751/1236/550 3734/1204/550 3761/1372/550
f 3745/1227/558 3746/1229/558 3755/1237/558
f 3746/1229/419 3748/1231/419 3755/1237/419
f 3751/1236/550 3733/1202/550 3734/1204/550
f 3732/1200/578 3733/1202/578 3751/1236/578
f 3880/1185/776 3877/1193/776 3878/1194/776
f 3879/1164/777 3878/1165/777 3877/1166/777
f 3881/1182/778 3879/1192/778 3877/1183/778
f 3881/1182/778 3877/1183/778 3880/1181/778
f 3884/1176/779 3882/1180/779 3881/1182/779
f 3881/1189/780 3882/1177/780 3883/1179/780
f 3884/1176/779 3881/1182/779 3880/1181/779
f 3879/1188/781 3881/1189/781 3883/1179/781
f 3885/1197/782 3884/1184/782 3887/1186/782
f 3886/1175/783 3884/1176/783 3885/1174/783
f 3886/1175/783 3882/1180/783 3884/1176/783
f 3884/1184/782 3880/1185/782 3887/1186/782
f 3878/1194/776 3888/1195/776 3887/1186/776
f 3888/1168/784 3889/1171/784 3887/1170/784
f 3889/1171/785 3890/1172/785 3887/1170/785
f 3887/1186/776 3890/1196/776 3885/1197/776
f 3880/1185/782 3878/1194/782 3887/1186/782
f 3890/1172/786 3891/1173/786 3886/1175/786
f 3889/1171/785 3891/1173/785 3890/1172/785
f 3890/1172/786 3886/1175/786 3885/1174/786
f 3891/1178/787 3889/1191/787 3883/1179/787
f 3882/1177/787 3886/1190/787 3891/1178/787
f 3882/1177/781 3891/1178/781 3883/1179/781
f 3888/1168/784 3883/1169/784 3889/1171/784
f 3892/1167/788 3888/1168/788 3878/1165/788
f 3892/1167/788 3883/1169/788 3888/1168/788
f 3883/1179/789 3892/1187/789 3879/1188/789
f 3879/1164/777 3892/1167/777 3878/1165/777
f 3909/1198/403 3893/1199/403 3894/1200/403
f 3894/1200/404 3893/1201/404 3895/1202/404
f 3895/1202/790 3893/1203/790 3896/1204/790
f 3896/1204/406 3893/1205/406 3897/1206/406
f 3897/1206/407 3893/1207/407 3898/1208/407
f 3898/1208/408 3893/1209/408 3899/1210/408
f 3899/1210/672 3893/1211/672 3900/1212/672
f 3900/1212/741 3893/1213/741 3901/1214/741
f 3901/1214/411 3893/1215/411 3902/1216/411
f 3902/1216/412 3893/1217/412 3903/1218/412
f 3903/1218/413 3893/1219/413 3904/1220/413
f 3904/1220/414 3893/1221/414 3905/1222/414
f 3905/1222/415 3893/1223/415 3906/1224/415
f 3906/1225/416 3893/1226/416 3907/1227/416
f 3907/1227/417 3893/1228/417 3908/1229/417
f 3908/1229/418 3893/1230/418 3909/1198/418
f 3910/1231/420 3909/1198/420 3894/1200/420
f 3911/1237/419 3909/1198/419 3910/1231/419
f 3911/1237/708 3908/1229/708 3909/1198/708
f 3907/1227/558 3908/1229/558 3911/1237/558
f 3911/1237/791 3915/1233/791 3912/1240/791
f 3914/1349/792 3911/1237/792 3912/1240/792
f 3914/1349/556 3913/1375/556 3911/1237/556
f 3907/1227/558 3911/1237/558 3913/1375/558
f 3911/1237/424 3910/1231/424 3915/1233/424
f 3915/1233/422 3910/1231/422 3918/1232/422
f 3912/1240/426 3915/1233/426 3916/1238/426
f 3915/1233/425 3919/1247/425 3916/1238/425
f 3915/1233/638 3917/1234/638 3919/1247/638
f 3915/1233/422 3918/1232/422 3917/1234/422
f 3916/1238/430 3919/1247/430 3920/1168/430
f 3917/1234/639 3921/1248/639 3919/1247/639
f 3920/1168/434 3919/1247/434 3921/1248/434
f 3917/1234/435 3922/1235/435 3921/1248/435
f 3922/1235/436 3924/1249/436 3921/1248/436
f 3923/1246/437 3921/1248/437 3924/1249/437
f 3920/1168/577 3921/1248/577 3923/1246/577
f 3922/1235/603 3925/1373/603 3924/1249/603
f 3925/1373/549 3927/1250/549 3924/1249/549
f 3924/1249/438 3928/1254/438 3926/1170/438
f 3923/1246/437 3924/1249/437 3926/1170/437
f 3924/1249/438 3927/1250/438 3928/1254/438
f 3927/1250/552 3930/1257/552 3928/1254/552
f 3928/1254/721 3932/1255/721 3929/1251/721
f 3931/1252/439 3928/1254/439 3929/1251/439
f 3931/1252/439 3926/1170/439 3928/1254/439
f 3928/1254/441 3930/1257/441 3932/1255/441
f 3932/1255/444 3930/1257/444 3936/1260/444
f 3933/1259/445 3932/1255/445 3934/1258/445
f 3935/1256/751 3932/1255/751 3933/1259/751
f 3935/1256/442 3929/1251/442 3932/1255/442
f 3932/1255/750 3936/1260/750 3934/1258/750
f 3936/1260/553 3937/1374/553 3939/1366/553
f 3930/1257/658 3937/1374/658 3936/1260/658
f 3936/1260/446 3940/1261/446 3934/1258/446
f 3936/1260/446 3938/1263/446 3940/1261/446
f 3936/1260/553 3939/1366/553 3938/1263/553
f 3938/1263/448 3942/1264/448 3940/1261/448
f 3940/1261/449 3944/1265/449 3941/1266/449
f 3943/1262/623 3940/1261/623 3941/1266/623
f 3943/1262/447 3934/1258/447 3940/1261/447
f 3940/1261/449 3942/1264/449 3944/1265/449
f 3944/1265/450 3942/1264/450 3948/1267/450
f 3944/1265/451 3949/1378/451 3945/1268/451
f 3947/1270/452 3944/1265/452 3945/1268/452
f 3947/1270/452 3941/1266/452 3944/1265/452
f 3944/1265/451 3946/1269/451 3949/1378/451
f 3944/1265/619 3948/1267/619 3946/1269/619
f 3949/1378/457 3946/1269/457 3952/1274/457
f 3950/1304/615 3949/1378/615 3951/1276/615
f 3945/1268/614 3949/1378/614 3950/1304/614
f 3949/1378/710 3952/1274/710 3951/1276/710
f 3952/1274/456 3953/1273/456 3956/1275/456
f 3946/1269/455 3953/1273/455 3952/1274/455
f 3952/1274/458 3955/1277/458 3951/1276/458
f 3952/1274/584 3954/1278/584 3955/1277/584
f 3952/1274/456 3956/1275/456 3954/1278/456
f 3956/1275/510 3957/1337/510 3960/1336/510
f 3959/1341/514 3957/1337/514 3956/1275/514
f 3954/1278/511 3956/1275/511 3958/1334/511
f 3959/1341/514 3956/1275/514 3953/1273/514
f 3956/1275/510 3960/1336/510 3958/1334/510
f 3960/1336/683 3961/1340/683 3964/1345/683
f 3963/1339/793 3961/1340/793 3960/1336/793
f 3958/1334/654 3960/1336/654 3962/1183/654
f 3963/1339/512 3960/1336/512 3957/1337/512
f 3960/1336/683 3964/1345/683 3962/1183/683
f 3967/1342/723 3965/1343/723 3964/1345/723
f 3965/1350/678 3966/1241/678 3964/1351/678
f 3964/1351/653 3968/1376/653 3962/1166/653
f 3967/1342/515 3964/1345/515 3961/1340/515
f 3964/1351/559 3966/1241/559 3968/1376/559
f 3968/1376/428 3966/1241/428 3972/1239/428
f 3962/1166/722 3968/1376/722 3969/1329/722
f 3968/1376/560 3971/1377/560 3969/1329/560
f 3968/1376/560 3970/1242/560 3971/1377/560
f 3968/1376/428 3972/1239/428 3970/1242/428
f 3914/1349/622 3912/1240/622 3972/1239/622
f 3912/1240/602 3916/1238/602 3972/1239/602
f 3970/1242/429 3972/1239/429 3916/1238/429
f 3914/1349/427 3972/1239/427 3966/1241/427
f 3971/1377/432 3970/1242/432 3976/1243/432
f 3971/1377/609 3977/1314/609 3973/1325/609
f 3975/1326/503 3971/1377/503 3973/1325/503
f 3975/1326/503 3969/1329/503 3971/1377/503
f 3971/1377/561 3974/1244/561 3977/1314/561
f 3971/1377/432 3976/1243/432 3974/1244/432
f 3974/1244/499 3979/1317/499 3977/1314/499
f 3978/1313/481 3977/1314/481 3979/1317/481
f 3980/1316/482 3977/1314/482 3978/1313/482
f 3980/1316/608 3973/1325/608 3977/1314/608
f 3982/1327/607 3973/1325/607 3980/1316/607
f 3980/1316/794 3984/1287/794 3981/1311/794
f 3983/1309/501 3980/1316/501 3981/1311/501
f 3983/1309/501 3982/1327/501 3980/1316/501
f 3980/1316/480 3978/1313/480 3984/1287/480
f 3978/1313/479 3986/1288/479 3984/1287/479
f 3985/1312/676 3981/1311/676 3984/1287/676
f 3985/1286/465 3984/1287/465 3986/1288/465
f 3985/1289/466 3986/1288/466 3987/1290/466
f 3986/1288/484 3989/1319/484 3987/1290/484
f 3978/1313/585 3988/1315/585 3986/1288/585
f 3986/1288/586 3988/1315/586 3989/1319/586
f 3979/1317/483 3990/1318/483 3989/1319/483
f 3990/1318/487 3991/1321/487 3989/1319/487
f 3987/1290/489 3989/1319/489 3991/1321/489
f 3979/1317/483 3989/1319/483 3988/1315/483
f 3990/1318/487 3992/1320/487 3991/1321/487
f 3992/1320/613 3994/1322/613 3991/1321/613
f 3991/1321/490 3995/1294/490 3993/1292/490
f 3987/1290/489 3991/1321/489 3993/1292/489
f 3991/1321/490 3994/1322/490 3995/1294/490
f 3995/1294/495 3994/1322/495 3997/1323/495
f 3985/1293/468 3993/1292/468 3995/1294/468
f 3985/1295/469 3995/1294/469 3996/1296/469
f 3995/1294/492 3997/1323/492 3996/1296/492
f 3935/1256/491 3933/1259/491 3997/1323/491
f 3933/1259/493 3998/1324/493 3997/1323/493
f 3997/1323/498 3999/1298/498 3996/1296/498
f 3935/1256/491 3997/1323/491 3994/1322/491
f 3997/1323/494 3998/1324/494 3999/1298/494
f 3999/1298/497 3998/1324/497 3947/1270/497
f 3985/1297/470 3996/1296/470 3999/1298/470
f 3985/1299/471 3999/1298/471 4000/1300/471
f 3999/1298/497 3947/1270/497 4000/1300/497
f 3947/1270/564 4001/1302/564 4000/1300/564
f 3985/1301/472 4000/1300/472 4001/1302/472
f 3947/1270/564 3945/1268/564 4001/1302/564
f 3945/1268/614 3950/1304/614 4001/1302/614
f 3985/1303/473 4001/1302/473 3950/1304/473
f 3933/1259/493 3943/1262/493 3998/1324/493
f 3943/1262/496 3947/1270/496 3998/1324/496
f 3992/1320/488 3935/1256/488 3994/1322/488
f 3985/1291/795 3987/1290/795 3993/1292/795
f 3992/1320/443 3931/1252/443 3929/1251/443
f 3990/1318/486 3931/1252/486 3992/1320/486
f 3992/1320/443 3929/1251/443 3935/1256/443
f 3990/1318/486 4002/1253/486 3931/1252/486
f 4003/1245/485 4002/1253/485 3990/1318/485
f 4003/1245/611 3990/1318/611 3979/1317/611
f 3974/1244/431 3920/1168/431 4003/1245/431
f 3920/1168/621 4002/1253/621 4003/1245/621
f 3974/1244/610 4003/1245/610 3979/1317/610
f 3920/1168/433 3923/1246/433 4002/1253/433
f 3923/1246/440 3931/1252/440 4002/1253/440
f 3978/1313/481 3979/1317/481 3988/1315/481
f 3985/1305/474 3950/1304/474 4004/1282/474
f 3985/1306/475 4004/1282/475 4005/1281/475
f 3985/1284/463 4005/1281/463 4006/1280/463
f 3985/1285/464 4006/1280/464 4007/1283/464
f 3985/1307/476 4007/1308/476 3983/1309/476
f 3985/1310/477 3983/1309/477 3981/1311/477
f 4008/1330/506 3983/1309/506 4007/1308/506
f 4006/1280/462 4008/1333/462 4007/1283/462
f 4011/1338/505 4009/1332/505 4008/1333/505
f 4009/1331/504 3982/1327/504 4008/1330/504
f 4006/1280/462 4010/1279/462 4008/1333/462
f 4011/1338/505 4008/1333/505 4010/1279/505
f 4008/1330/506 3982/1327/506 3983/1309/506
f 4011/1338/509 3958/1334/509 4012/1335/509
f 3954/1278/511 3958/1334/511 4011/1338/511
f 3954/1278/459 4011/1338/459 4010/1279/459
f 4011/1338/509 4012/1335/509 4009/1332/509
f 3962/1166/507 3969/1329/507 4012/1328/507
f 3958/1334/508 3962/1183/508 4012/1335/508
f 4009/1331/502 4012/1328/502 3969/1329/502
f 3955/1277/460 4010/1279/460 4006/1280/460
f 3954/1278/583 4010/1279/583 3955/1277/583
f 4009/1331/504 3975/1326/504 3982/1327/504
f 4009/1331/502 3969/1329/502 3975/1326/502
f 3955/1277/460 4006/1280/460 4005/1281/460
f 3951/1276/461 3955/1277/461 4005/1281/461
f 3951/1276/461 4005/1281/461 4004/1282/461
f 3950/1304/615 3951/1276/615 4004/1282/615
f 3982/1327/607 3975/1326/607 3973/1325/607
f 3916/1238/430 3920/1168/430 3976/1243/430
f 3970/1242/429 3916/1238/429 3976/1243/429
f 3974/1244/431 3976/1243/431 3920/1168/431
f 3967/1342/518 4013/1346/518 4015/1347/518
f 4014/1344/523 4013/1346/523 3967/1342/523
f 4014/1344/516 3967/1342/516 3961/1340/516
f 3967/1342/518 4015/1347/518 3965/1343/518
f 4015/1348/557 3906/1225/557 3907/1227/557
f 3905/1222/521 3906/1224/521 4015/1347/521
f 3965/1350/519 4015/1348/519 3913/1375/519
f 3905/1222/796 4015/1347/796 4013/1346/796
f 4015/1348/691 3907/1227/691 3913/1375/691
f 4014/1344/523 4016/1352/523 4013/1346/523
f 4017/1354/525 4016/1352/525 4014/1344/525
f 4017/1354/527 4014/1344/527 3963/1339/527
f 4014/1344/659 3961/1340/659 3963/1339/659
f 4017/1354/773 4018/1353/773 4016/1352/773
f 4021/1355/526 4018/1353/526 4017/1354/526
f 4020/1357/655 4017/1354/655 4019/1356/655
f 4017/1354/527 3963/1339/527 4019/1356/527
f 4021/1355/797 4017/1354/797 4020/1357/797
f 3902/1216/588 4018/1353/588 4021/1355/588
f 4022/1359/580 3902/1216/580 4021/1355/580
f 4023/1358/531 4021/1355/531 4020/1357/531
f 4023/1358/745 4022/1359/745 4021/1355/745
f 4026/1363/642 4022/1359/642 4023/1358/642
f 4023/1358/534 4027/1362/534 4024/1361/534
f 3939/1366/533 4023/1358/533 4024/1361/533
f 3939/1366/533 4025/1360/533 4023/1358/533
f 4026/1363/532 4023/1358/532 4025/1360/532
f 4023/1358/534 4020/1357/534 4027/1362/534
f 4020/1357/528 4019/1356/528 4027/1362/528
f 4028/1272/581 4027/1362/581 4019/1356/581
f 4024/1361/620 4027/1362/620 4028/1272/620
f 4028/1272/582 3953/1273/582 3948/1267/582
f 3942/1264/453 4028/1272/453 3948/1267/453
f 3942/1264/453 4029/1271/453 4028/1272/453
f 4024/1361/536 4028/1272/536 4029/1271/536
f 4028/1272/454 3959/1341/454 3953/1273/454
f 4028/1272/535 4019/1356/535 3959/1341/535
f 3938/1263/554 4024/1361/554 4029/1271/554
f 3938/1263/448 4029/1271/448 3942/1264/448
f 4026/1363/798 3900/1212/798 3901/1214/798
f 3899/1210/539 3900/1212/539 4026/1363/539
f 4030/1364/579 4026/1363/579 4025/1360/579
f 3899/1210/539 4026/1363/539 4030/1364/539
f 4026/1363/555 3901/1214/555 4022/1359/555
f 4032/1367/540 3899/1210/540 4030/1364/540
f 4030/1364/579 4025/1360/579 4031/1365/579
f 4033/1368/541 4030/1364/541 4031/1365/541
f 4033/1368/744 4032/1367/744 4030/1364/744
f 4035/1371/542 4032/1367/542 4033/1368/542
f 4035/1371/544 4033/1368/544 4034/1370/544
f 4033/1368/543 3937/1374/543 4034/1370/543
f 4033/1368/543 4031/1365/543 3937/1374/543
f 4035/1371/799 4036/1369/799 4032/1367/799
f 3925/1373/800 4036/1369/800 4035/1371/800
f 3925/1373/549 4035/1371/549 3927/1250/549
f 4035/1371/544 4034/1370/544 3927/1250/544
f 3897/1206/545 4032/1367/545 4036/1369/545
f 4037/1372/686 3897/1206/686 4036/1369/686
f 3925/1373/640 4037/1372/640 4036/1369/640
f 4037/1372/546 3896/1204/546 3897/1206/546
f 4038/1236/687 3896/1204/687 4037/1372/687
f 3922/1235/604 4037/1372/604 3925/1373/604
f 3922/1235/604 4038/1236/604 4037/1372/604
f 4038/1236/550 3895/1202/550 3896/1204/550
f 3894/1200/421 3895/1202/421 4038/1236/421
f 3918/1232/423 4038/1236/423 3922/1235/423
f 3894/1200/578 4038/1236/578 3918/1232/578
f 3930/1257/551 4034/1370/551 3937/1374/551
f 3927/1250/552 4034/1370/552 3930/1257/552
f 4032/1367/540 3898/1208/540 3899/1210/540
f 3897/1206/545 3898/1208/545 4032/1367/545
f 4031/1365/538 3939/1366/538 3937/1374/538
f 4031/1365/538 4025/1360/538 3939/1366/538
f 3938/1263/554 3939/1366/554 4024/1361/554
f 4022/1359/529 3901/1214/529 3902/1216/529
f 3959/1341/513 4019/1356/513 3963/1339/513
f 3902/1216/530 3903/1218/530 4018/1353/530
f 3903/1218/724 4016/1352/724 4018/1353/724
f 4016/1352/522 3904/1220/522 3905/1222/522
f 3903/1218/524 3904/1220/524 4016/1352/524
f 4016/1352/522 3905/1222/522 4013/1346/522
f 3965/1350/678 3914/1349/678 3966/1241/678
f 3965/1350/519 3913/1375/519 3914/1349/519
f 3959/1341/513 3963/1339/513 3957/1337/513
f 3946/1269/455 3948/1267/455 3953/1273/455
f 3943/1262/496 3941/1266/496 3947/1270/496
f 3933/1259/445 3934/1258/445 3943/1262/445
f 3923/1246/440 3926/1170/440 3931/1252/440
f 3918/1232/423 3922/1235/423 3917/1234/423
f 3910/1231/601 3894/1200/601 3918/1232/601
f 4042/1185/801 4039/1193/801 4040/1194/801
f 4041/1164/802 4040/1165/802 4039/1166/802
f 4042/1181/803 4041/1192/803 4039/1183/803
f 4049/1197/804 4043/1184/804 4042/1185/804
f 4045/1180/805 4042/1181/805 4043/1176/805
f 4042/1181/803 4044/1182/803 4041/1192/803
f 4045/1180/805 4044/1182/805 4042/1181/805
f 4040/1194/804 4046/1195/804 4042/1185/804
f 4046/1195/801 4047/1186/801 4042/1185/801
f 4047/1186/804 4048/1196/804 4042/1185/804
f 4048/1196/804 4049/1197/804 4042/1185/804
f 4048/1172/806 4050/1175/806 4049/1174/806
f 4049/1174/807 4050/1175/807 4045/1180/807
f 4049/1174/807 4045/1180/807 4043/1176/807
f 4045/1177/808 4050/1190/808 4051/1178/808
f 4048/1172/806 4051/1173/806 4050/1175/806
f 4051/1178/808 4052/1191/808 4053/1179/808
f 4052/1171/809 4051/1173/809 4048/1172/809
f 4045/1177/808 4051/1178/808 4053/1179/808
f 4053/1179/808 4054/1187/808 4045/1177/808
f 4054/1167/810 4053/1169/810 4046/1168/810
f 4046/1168/811 4053/1169/811 4052/1171/811
f 4054/1187/808 4041/1188/808 4045/1177/808
f 4041/1164/802 4054/1167/802 4040/1165/802
f 4054/1167/810 4046/1168/810 4040/1165/810
f 4052/1171/809 4048/1172/809 4047/1170/809
f 4046/1168/811 4052/1171/811 4047/1170/811
f 4041/1188/808 4044/1189/808 4045/1177/808
f 4071/1198/403 4055/1199/403 4056/1200/403
f 4056/1200/404 4055/1201/404 4057/1202/404
f 4057/1202/405 4055/1203/405 4058/1204/405
f 4058/1204/406 4055/1205/406 4059/1206/406
f 4059/1206/407 4055/1207/407 4060/1208/407
f 4060/1208/408 4055/1209/408 4061/1210/408
f 4061/1210/409 4055/1211/409 4062/1212/409
f 4062/1212/410 4055/1213/410 4063/1214/410
f 4063/1214/411 4055/1215/411 4064/1216/411
f 4064/1216/412 4055/1217/412 4065/1218/412
f 4065/1218/413 4055/1219/413 4066/1220/413
f 4066/1220/414 4055/1221/414 4067/1222/414
f 4067/1222/415 4055/1223/415 4068/1224/415
f 4068/1225/416 4055/1226/416 4069/1227/416
f 4069/1227/742 4055/1228/742 4070/1229/742
f 4070/1229/812 4055/1230/812 4071/1198/812
f 4072/1231/420 4071/1198/420 4056/1200/420
f 4073/1237/419 4071/1198/419 4072/1231/419
f 4073/1237/708 4070/1229/708 4071/1198/708
f 4069/1227/558 4070/1229/558 4073/1237/558
f 4073/1237/743 4077/1233/743 4074/1240/743
f 4076/1349/556 4073/1237/556 4074/1240/556
f 4076/1349/556 4075/1375/556 4073/1237/556
f 4069/1227/558 4073/1237/558 4075/1375/558
f 4073/1237/424 4072/1231/424 4077/1233/424
f 4077/1233/422 4072/1231/422 4080/1232/422
f 4078/1238/425 4077/1233/425 4079/1234/425
f 4074/1240/426 4077/1233/426 4078/1238/426
f 4077/1233/422 4080/1232/422 4079/1234/422
f 4072/1231/420 4056/1200/420 4080/1232/420
f 4056/1200/421 4081/1236/421 4080/1232/421
f 4080/1232/423 4082/1235/423 4079/1234/423
f 4080/1232/423 4081/1236/423 4082/1235/423
f 4082/1235/548 4081/1236/548 4085/1372/548
f 4079/1234/639 4082/1235/639 4083/1248/639
f 4082/1235/436 4086/1249/436 4083/1248/436
f 4082/1235/436 4084/1373/436 4086/1249/436
f 4082/1235/548 4085/1372/548 4084/1373/548
f 4084/1373/549 4088/1250/549 4086/1249/549
f 4086/1249/438 4090/1254/438 4087/1170/438
f 4089/1246/437 4086/1249/437 4087/1170/437
f 4089/1246/437 4083/1248/437 4086/1249/437
f 4086/1249/438 4088/1250/438 4090/1254/438
f 4088/1250/552 4092/1257/552 4090/1254/552
f 4090/1254/441 4094/1255/441 4091/1251/441
f 4093/1252/439 4090/1254/439 4091/1251/439
f 4093/1252/439 4087/1170/439 4090/1254/439
f 4090/1254/441 4092/1257/441 4094/1255/441
f 4094/1255/444 4092/1257/444 4098/1260/444
f 4095/1259/445 4094/1255/445 4096/1258/445
f 4097/1256/442 4094/1255/442 4095/1259/442
f 4097/1256/442 4091/1251/442 4094/1255/442
f 4094/1255/444 4098/1260/444 4096/1258/444
f 4098/1260/553 4099/1374/553 4101/1366/553
f 4092/1257/551 4099/1374/551 4098/1260/551
f 4098/1260/446 4102/1261/446 4096/1258/446
f 4098/1260/446 4100/1263/446 4102/1261/446
f 4098/1260/553 4101/1366/553 4100/1263/553
f 4100/1263/448 4104/1264/448 4102/1261/448
f 4103/1266/449 4102/1261/449 4104/1264/449
f 4105/1262/447 4102/1261/447 4103/1266/447
f 4105/1262/447 4096/1258/447 4102/1261/447
f 4095/1259/445 4096/1258/445 4105/1262/445
f 4095/1259/493 4105/1262/493 4106/1324/493
f 4105/1262/647 4107/1270/647 4106/1324/647
f 4105/1262/496 4103/1266/496 4107/1270/496
f 4107/1270/452 4103/1266/452 4111/1265/452
f 4107/1270/649 4112/1302/649 4108/1300/649
f 4110/1298/497 4107/1270/497 4108/1300/497
f 4110/1298/497 4106/1324/497 4107/1270/497
f 4107/1270/564 4109/1268/564 4112/1302/564
f 4107/1270/452 4111/1265/452 4109/1268/452
f 4109/1268/614 4113/1304/614 4112/1302/614
f 4114/1301/472 4108/1300/472 4112/1302/472
f 4114/1303/473 4112/1302/473 4113/1304/473
f 4114/1286/465 4126/1287/465 4115/1288/465
f 4114/1289/466 4115/1288/466 4116/1290/466
f 4114/1291/467 4116/1290/467 4117/1292/467
f 4114/1293/468 4117/1292/468 4118/1294/468
f 4114/1295/469 4118/1294/469 4119/1296/469
f 4114/1297/470 4119/1296/470 4110/1298/470
f 4114/1299/650 4110/1298/650 4108/1300/650
f 4114/1305/474 4113/1304/474 4120/1282/474
f 4114/1306/475 4120/1282/475 4121/1281/475
f 4114/1284/675 4121/1281/675 4122/1280/675
f 4114/1285/464 4122/1280/464 4123/1283/464
f 4114/1307/476 4123/1308/476 4124/1309/476
f 4114/1310/651 4124/1309/651 4125/1311/651
f 4114/1312/478 4125/1311/478 4126/1287/478
f 4128/1316/480 4127/1313/480 4126/1287/480
f 4127/1313/585 4115/1288/585 4126/1287/585
f 4128/1316/480 4126/1287/480 4125/1311/480
f 4128/1316/482 4129/1325/482 4131/1314/482
f 4130/1327/500 4129/1325/500 4128/1316/500
f 4124/1309/717 4128/1316/717 4125/1311/717
f 4124/1309/501 4130/1327/501 4128/1316/501
f 4128/1316/482 4131/1314/482 4127/1313/482
f 4134/1377/609 4132/1244/609 4131/1314/609
f 4132/1244/610 4133/1317/610 4131/1314/610
f 4131/1314/481 4135/1315/481 4127/1313/481
f 4134/1377/561 4131/1314/561 4129/1325/561
f 4131/1314/481 4133/1317/481 4135/1315/481
f 4127/1313/479 4135/1315/479 4115/1288/479
f 4133/1317/483 4136/1319/483 4135/1315/483
f 4115/1288/484 4135/1315/484 4136/1319/484
f 4133/1317/483 4137/1318/483 4136/1319/483
f 4137/1318/487 4138/1321/487 4136/1319/487
f 4116/1290/489 4136/1319/489 4138/1321/489
f 4115/1288/484 4136/1319/484 4116/1290/484
f 4137/1318/487 4139/1320/487 4138/1321/487
f 4139/1320/488 4140/1322/488 4138/1321/488
f 4117/1292/490 4138/1321/490 4140/1322/490
f 4116/1290/746 4138/1321/746 4117/1292/746
f 4139/1320/488 4097/1256/488 4140/1322/488
f 4097/1256/491 4141/1323/491 4140/1322/491
f 4118/1294/492 4140/1322/492 4141/1323/492
f 4117/1292/490 4140/1322/490 4118/1294/490
f 4097/1256/491 4095/1259/491 4141/1323/491
f 4095/1259/493 4106/1324/493 4141/1323/493
f 4141/1323/498 4110/1298/498 4119/1296/498
f 4118/1294/492 4141/1323/492 4119/1296/492
f 4141/1323/498 4106/1324/498 4110/1298/498
f 4139/1320/443 4093/1252/443 4091/1251/443
f 4142/1253/486 4093/1252/486 4139/1320/486
f 4142/1253/486 4139/1320/486 4137/1318/486
f 4139/1320/443 4091/1251/443 4097/1256/443
f 4142/1253/440 4089/1246/440 4087/1170/440
f 4143/1245/433 4089/1246/433 4142/1253/433
f 4143/1245/611 4142/1253/611 4137/1318/611
f 4142/1253/440 4087/1170/440 4093/1252/440
f 4143/1245/433 4144/1168/433 4089/1246/433
f 4132/1244/431 4144/1168/431 4143/1245/431
f 4132/1244/499 4143/1245/499 4133/1317/499
f 4143/1245/485 4137/1318/485 4133/1317/485
f 4145/1247/577 4089/1246/577 4144/1168/577
f 4078/1238/430 4145/1247/430 4144/1168/430
f 4132/1244/431 4146/1243/431 4144/1168/431
f 4078/1238/430 4144/1168/430 4146/1243/430
f 4147/1242/429 4078/1238/429 4146/1243/429
f 4134/1377/432 4146/1243/432 4132/1244/432
f 4134/1377/432 4147/1242/432 4146/1243/432
f 4147/1242/429 4148/1239/429 4078/1238/429
f 4149/1376/428 4148/1239/428 4147/1242/428
f 4149/1376/560 4147/1242/560 4134/1377/560
f 4149/1376/428 4150/1241/428 4148/1239/428
f 4153/1351/559 4150/1241/559 4149/1376/559
f 4152/1166/507 4149/1376/507 4151/1329/507
f 4149/1376/560 4134/1377/560 4151/1329/560
f 4153/1351/653 4149/1376/653 4152/1166/653
f 4154/1350/520 4150/1241/520 4153/1351/520
f 4155/1340/515 4154/1343/515 4153/1345/515
f 4156/1336/517 4153/1345/517 4152/1183/517
f 4156/1336/517 4155/1340/517 4153/1345/517
f 4158/1337/512 4155/1340/512 4156/1336/512
f 4157/1334/508 4156/1336/508 4152/1183/508
f 4158/1337/510 4156/1336/510 4157/1334/510
f 4158/1337/512 4159/1339/512 4155/1340/512
f 4161/1341/513 4159/1339/513 4158/1337/513
f 4158/1337/510 4157/1334/510 4160/1275/510
f 4162/1273/514 4158/1337/514 4160/1275/514
f 4162/1273/514 4161/1341/514 4158/1337/514
f 4165/1272/582 4161/1341/582 4162/1273/582
f 4163/1274/616 4162/1273/616 4160/1275/616
f 4166/1269/617 4162/1273/617 4163/1274/617
f 4166/1269/455 4164/1267/455 4162/1273/455
f 4165/1272/454 4162/1273/454 4164/1267/454
f 4104/1264/450 4164/1267/450 4166/1269/450
f 4167/1378/457 4166/1269/457 4163/1274/457
f 4111/1265/451 4166/1269/451 4167/1378/451
f 4104/1264/619 4166/1269/619 4111/1265/619
f 4109/1268/563 4167/1378/563 4113/1304/563
f 4167/1378/562 4120/1282/562 4113/1304/562
f 4111/1265/451 4167/1378/451 4109/1268/451
f 4167/1378/615 4168/1276/615 4120/1282/615
f 4167/1378/457 4163/1274/457 4168/1276/457
f 4168/1276/458 4163/1274/458 4170/1278/458
f 4120/1282/461 4168/1276/461 4169/1277/461
f 4168/1276/458 4170/1278/458 4169/1277/458
f 4170/1278/511 4160/1275/511 4157/1334/511
f 4163/1274/456 4160/1275/456 4170/1278/456
f 4170/1278/459 4172/1279/459 4169/1277/459
f 4170/1278/583 4171/1338/583 4172/1279/583
f 4170/1278/511 4157/1334/511 4171/1338/511
f 4171/1338/505 4173/1333/505 4172/1279/505
f 4122/1280/462 4172/1279/462 4173/1333/462
f 4169/1277/460 4172/1279/460 4122/1280/460
f 4171/1338/505 4174/1332/505 4173/1333/505
f 4174/1331/504 4130/1327/504 4173/1330/504
f 4173/1330/506 4124/1309/506 4123/1308/506
f 4122/1280/462 4173/1333/462 4123/1283/462
f 4173/1330/506 4130/1327/506 4124/1309/506
f 4174/1331/502 4175/1328/502 4151/1329/502
f 4171/1338/509 4175/1335/509 4174/1332/509
f 4174/1331/504 4176/1326/504 4130/1327/504
f 4174/1331/502 4151/1329/502 4176/1326/502
f 4176/1326/503 4151/1329/503 4134/1377/503
f 4130/1327/500 4176/1326/500 4129/1325/500
f 4176/1326/503 4134/1377/503 4129/1325/503
f 4152/1166/722 4151/1329/722 4175/1328/722
f 4157/1334/508 4152/1183/508 4175/1335/508
f 4171/1338/509 4157/1334/509 4175/1335/509
f 4169/1277/460 4122/1280/460 4121/1281/460
f 4120/1282/461 4169/1277/461 4121/1281/461
f 4179/1361/536 4177/1362/536 4165/1272/536
f 4177/1362/535 4161/1341/535 4165/1272/535
f 4178/1271/453 4165/1272/453 4164/1267/453
f 4179/1361/620 4165/1272/620 4178/1271/620
f 4180/1358/534 4177/1362/534 4179/1361/534
f 4101/1366/643 4180/1358/643 4179/1361/643
f 4100/1263/554 4179/1361/554 4178/1271/554
f 4100/1263/554 4101/1366/554 4179/1361/554
f 4180/1358/531 4181/1359/531 4185/1355/531
f 4184/1363/642 4181/1359/642 4180/1358/642
f 4101/1366/533 4182/1360/533 4180/1358/533
f 4184/1363/532 4180/1358/532 4182/1360/532
f 4180/1358/605 4183/1357/605 4177/1362/605
f 4180/1358/531 4185/1355/531 4183/1357/531
f 4064/1216/530 4186/1353/530 4185/1355/530
f 4181/1359/529 4064/1216/529 4185/1355/529
f 4183/1357/797 4185/1355/797 4186/1353/797
f 4064/1216/588 4065/1218/588 4186/1353/588
f 4065/1218/524 4188/1352/524 4186/1353/524
f 4187/1354/525 4186/1353/525 4188/1352/525
f 4183/1357/526 4186/1353/526 4187/1354/526
f 4065/1218/724 4066/1220/724 4188/1352/724
f 4066/1220/522 4190/1346/522 4188/1352/522
f 4189/1344/644 4188/1352/644 4190/1346/644
f 4187/1354/525 4188/1352/525 4189/1344/525
f 4066/1220/522 4067/1222/522 4190/1346/522
f 4067/1222/521 4192/1347/521 4190/1346/521
f 4191/1342/518 4190/1346/518 4192/1347/518
f 4189/1344/523 4190/1346/523 4191/1342/523
f 4192/1348/691 4068/1225/691 4069/1227/691
f 4067/1222/796 4068/1224/796 4192/1347/796
f 4154/1350/519 4192/1348/519 4075/1375/519
f 4191/1342/518 4192/1347/518 4154/1343/518
f 4192/1348/557 4069/1227/557 4075/1375/557
f 4155/1340/515 4191/1342/515 4154/1343/515
f 4189/1344/516 4191/1342/516 4155/1340/516
f 4189/1344/516 4155/1340/516 4159/1339/516
f 4193/1356/527 4189/1344/527 4159/1339/527
f 4193/1356/527 4187/1354/527 4189/1344/527
f 4177/1362/655 4187/1354/655 4193/1356/655
f 4161/1341/513 4193/1356/513 4159/1339/513
f 4177/1362/535 4193/1356/535 4161/1341/535
f 4177/1362/528 4183/1357/528 4187/1354/528
f 4184/1363/555 4062/1212/555 4063/1214/555
f 4061/1210/539 4062/1212/539 4184/1363/539
f 4194/1364/537 4184/1363/537 4182/1360/537
f 4061/1210/539 4184/1363/539 4194/1364/539
f 4184/1363/555 4063/1214/555 4181/1359/555
f 4196/1367/540 4061/1210/540 4194/1364/540
f 4194/1364/579 4182/1360/579 4195/1365/579
f 4197/1368/541 4194/1364/541 4195/1365/541
f 4197/1368/541 4196/1367/541 4194/1364/541
f 4199/1371/542 4196/1367/542 4197/1368/542
f 4199/1371/544 4197/1368/544 4198/1370/544
f 4197/1368/543 4099/1374/543 4198/1370/543
f 4197/1368/543 4195/1365/543 4099/1374/543
f 4199/1371/542 4200/1369/542 4196/1367/542
f 4084/1373/640 4200/1369/640 4199/1371/640
f 4084/1373/549 4199/1371/549 4088/1250/549
f 4199/1371/544 4198/1370/544 4088/1250/544
f 4059/1206/545 4196/1367/545 4200/1369/545
f 4085/1372/546 4059/1206/546 4200/1369/546
f 4084/1373/547 4085/1372/547 4200/1369/547
f 4092/1257/551 4198/1370/551 4099/1374/551
f 4088/1250/552 4198/1370/552 4092/1257/552
f 4196/1367/540 4060/1208/540 4061/1210/540
f 4059/1206/545 4060/1208/545 4196/1367/545
f 4195/1365/813 4101/1366/813 4099/1374/813
f 4195/1365/538 4182/1360/538 4101/1366/538
f 4181/1359/580 4063/1214/580 4064/1216/580
f 4100/1263/749 4178/1271/749 4104/1264/749
f 4178/1271/453 4164/1267/453 4104/1264/453
f 4154/1350/520 4076/1349/520 4150/1241/520
f 4154/1350/519 4075/1375/519 4076/1349/519
f 4076/1349/427 4148/1239/427 4150/1241/427
f 4076/1349/427 4074/1240/427 4148/1239/427
f 4074/1240/602 4078/1238/602 4148/1239/602
f 4078/1238/425 4079/1234/425 4145/1247/425
f 4079/1234/435 4083/1248/435 4145/1247/435
f 4145/1247/434 4083/1248/434 4089/1246/434
f 4103/1266/624 4104/1264/624 4111/1265/624
f 4085/1372/546 4058/1204/546 4059/1206/546
f 4057/1202/550 4058/1204/550 4085/1372/550
f 4057/1202/550 4085/1372/550 4081/1236/550
f 4056/1200/421 4057/1202/421 4081/1236/421
f 4204/1185/814 4201/1193/814 4202/1194/814
f 4201/1166/815 4205/1167/815 4202/1165/815
f 4206/1182/816 4203/1192/816 4201/1183/816
f 4201/1166/815 4203/1164/815 4205/1167/815
f 4206/1182/816 4201/1183/816 4204/1181/816
f 4207/1180/817 4206/1182/817 4204/1181/817
f 4206/1189/818 4207/1177/818 4208/1179/818
f 4203/1188/818 4206/1189/818 4208/1179/818
f 4208/1179/818 4205/1187/818 4203/1188/818
f 4205/1167/819 4208/1169/819 4209/1168/819
f 4208/1169/820 4211/1170/820 4209/1168/820
f 4208/1169/820 4210/1171/820 4211/1170/820
f 4213/1178/818 4210/1191/818 4208/1179/818
f 4207/1177/818 4212/1190/818 4208/1179/818
f 4212/1190/818 4213/1178/818 4208/1179/818
f 4211/1170/821 4210/1171/821 4213/1173/821
f 4214/1172/822 4213/1173/822 4212/1175/822
f 4211/1170/821 4213/1173/821 4214/1172/821
f 4211/1186/814 4214/1196/814 4215/1197/814
f 4214/1172/822 4212/1175/822 4215/1174/822
f 4212/1175/823 4216/1176/823 4215/1174/823
f 4215/1197/814 4216/1184/814 4204/1185/814
f 4211/1186/814 4215/1197/814 4204/1185/814
f 4212/1175/823 4207/1180/823 4216/1176/823
f 4207/1180/824 4204/1181/824 4216/1176/824
f 4209/1195/814 4211/1186/814 4204/1185/814
f 4202/1194/814 4209/1195/814 4204/1185/814
f 4205/1167/819 4209/1168/819 4202/1165/819
f 4233/1198/403 4217/1199/403 4218/1200/403
f 4218/1200/404 4217/1201/404 4219/1202/404
f 4219/1202/405 4217/1203/405 4220/1204/405
f 4220/1204/406 4217/1205/406 4221/1206/406
f 4221/1206/407 4217/1207/407 4222/1208/407
f 4222/1208/408 4217/1209/408 4223/1210/408
f 4223/1210/409 4217/1211/409 4224/1212/409
f 4224/1212/410 4217/1213/410 4225/1214/410
f 4225/1214/411 4217/1215/411 4226/1216/411
f 4226/1216/412 4217/1217/412 4227/1218/412
f 4227/1218/673 4217/1219/673 4228/1220/673
f 4228/1220/414 4217/1221/414 4229/1222/414
f 4229/1222/415 4217/1223/415 4230/1224/415
f 4230/1225/416 4217/1226/416 4231/1227/416
f 4231/1227/417 4217/1228/417 4232/1229/417
f 4232/1229/418 4217/1230/418 4233/1198/418
f 4234/1231/420 4233/1198/420 4218/1200/420
f 4235/1237/419 4233/1198/419 4234/1231/419
f 4235/1237/419 4232/1229/419 4233/1198/419
f 4231/1227/558 4232/1229/558 4235/1237/558
f 4235/1237/424 4239/1233/424 4236/1240/424
f 4238/1349/556 4235/1237/556 4236/1240/556
f 4238/1349/556 4237/1375/556 4235/1237/556
f 4231/1227/558 4235/1237/558 4237/1375/558
f 4235/1237/424 4234/1231/424 4239/1233/424
f 4239/1233/422 4234/1231/422 4242/1232/422
f 4240/1238/638 4239/1233/638 4241/1234/638
f 4236/1240/426 4239/1233/426 4240/1238/426
f 4239/1233/422 4242/1232/422 4241/1234/422
f 4234/1231/601 4218/1200/601 4242/1232/601
f 4218/1200/421 4243/1236/421 4242/1232/421
f 4242/1232/423 4244/1235/423 4241/1234/423
f 4242/1232/423 4243/1236/423 4244/1235/423
f 4244/1235/548 4243/1236/548 4249/1372/548
f 4244/1235/603 4248/1249/603 4245/1248/603
f 4247/1247/435 4244/1235/435 4245/1248/435
f 4247/1247/639 4241/1234/639 4244/1235/639
f 4244/1235/436 4246/1373/436 4248/1249/436
f 4244/1235/548 4249/1372/548 4246/1373/548
f 4219/1202/550 4220/1204/550 4249/1372/550
f 4220/1204/546 4250/1369/546 4249/1372/546
f 4246/1373/547 4249/1372/547 4250/1369/547
f 4219/1202/550 4249/1372/550 4243/1236/550
f 4250/1369/545 4221/1206/545 4222/1208/545
f 4220/1204/546 4221/1206/546 4250/1369/546
f 4251/1371/542 4250/1369/542 4252/1367/542
f 4246/1373/640 4250/1369/640 4251/1371/640
f 4250/1369/545 4222/1208/545 4252/1367/545
f 4222/1208/540 4254/1364/540 4252/1367/540
f 4253/1368/541 4252/1367/541 4254/1364/541
f 4251/1371/542 4252/1367/542 4253/1368/542
f 4254/1364/539 4223/1210/539 4224/1212/539
f 4222/1208/688 4223/1210/688 4254/1364/688
f 4254/1364/579 4257/1360/579 4255/1365/579
f 4253/1368/541 4254/1364/541 4255/1365/541
f 4254/1364/537 4256/1363/537 4257/1360/537
f 4254/1364/539 4224/1212/539 4256/1363/539
f 4256/1363/642 4259/1358/642 4257/1360/642
f 4258/1366/533 4257/1360/533 4259/1358/533
f 4255/1365/538 4257/1360/538 4258/1366/538
f 4259/1358/531 4260/1359/531 4263/1355/531
f 4256/1363/642 4260/1359/642 4259/1358/642
f 4261/1361/605 4259/1358/605 4262/1357/605
f 4258/1366/643 4259/1358/643 4261/1361/643
f 4259/1358/531 4263/1355/531 4262/1357/531
f 4263/1355/530 4226/1216/530 4227/1218/530
f 4260/1359/529 4226/1216/529 4263/1355/529
f 4263/1355/526 4265/1354/526 4262/1357/526
f 4263/1355/526 4264/1353/526 4265/1354/526
f 4263/1355/588 4227/1218/588 4264/1353/588
f 4264/1353/773 4267/1344/773 4265/1354/773
f 4265/1354/527 4269/1339/527 4266/1356/527
f 4268/1362/655 4265/1354/655 4266/1356/655
f 4268/1362/528 4262/1357/528 4265/1354/528
f 4265/1354/527 4267/1344/527 4269/1339/527
f 4267/1344/516 4271/1340/516 4269/1339/516
f 4270/1337/512 4269/1339/512 4271/1340/512
f 4272/1341/513 4269/1339/513 4270/1337/513
f 4272/1341/513 4266/1356/513 4269/1339/513
f 4268/1362/535 4266/1356/535 4272/1341/535
f 4274/1272/454 4272/1341/454 4273/1273/454
f 4272/1341/514 4275/1275/514 4273/1273/514
f 4268/1362/535 4272/1341/535 4274/1272/535
f 4272/1341/514 4270/1337/514 4275/1275/514
f 4270/1337/510 4277/1334/510 4275/1275/510
f 4276/1278/511 4275/1275/511 4277/1334/511
f 4278/1274/456 4275/1275/456 4276/1278/456
f 4278/1274/616 4273/1273/616 4275/1275/616
f 4280/1269/617 4273/1273/617 4278/1274/617
f 4278/1274/458 4282/1277/458 4279/1276/458
f 4281/1378/457 4278/1274/457 4279/1276/457
f 4281/1378/457 4280/1269/457 4278/1274/457
f 4278/1274/458 4276/1278/458 4282/1277/458
f 4276/1278/459 4284/1279/459 4282/1277/459
f 4283/1281/460 4282/1277/460 4284/1279/460
f 4285/1282/461 4282/1277/461 4283/1281/461
f 4285/1282/461 4279/1276/461 4282/1277/461
f 4281/1378/615 4279/1276/615 4285/1282/615
f 4281/1378/562 4285/1282/562 4286/1304/562
f 4287/1305/474 4286/1304/474 4285/1282/474
f 4287/1306/475 4285/1282/475 4283/1281/475
f 4287/1286/465 4300/1287/465 4288/1288/465
f 4287/1289/466 4288/1288/466 4289/1290/466
f 4287/1291/467 4289/1290/467 4290/1292/467
f 4287/1293/468 4290/1292/468 4291/1294/468
f 4287/1295/469 4291/1294/469 4292/1296/469
f 4287/1297/470 4292/1296/470 4293/1298/470
f 4287/1299/471 4293/1298/471 4294/1300/471
f 4287/1301/472 4294/1300/472 4295/1302/472
f 4287/1303/473 4295/1302/473 4286/1304/473
f 4287/1284/463 4283/1281/463 4296/1280/463
f 4287/1285/464 4296/1280/464 4297/1283/464
f 4287/1307/476 4297/1308/476 4298/1309/476
f 4287/1310/477 4298/1309/477 4299/1311/477
f 4287/1312/478 4299/1311/478 4300/1287/478
f 4302/1316/480 4301/1313/480 4300/1287/480
f 4301/1313/585 4288/1288/585 4300/1287/585
f 4302/1316/480 4300/1287/480 4299/1311/480
f 4302/1316/482 4303/1325/482 4305/1314/482
f 4304/1327/500 4303/1325/500 4302/1316/500
f 4298/1309/652 4302/1316/652 4299/1311/652
f 4298/1309/501 4304/1327/501 4302/1316/501
f 4302/1316/608 4305/1314/608 4301/1313/608
f 4305/1314/499 4306/1244/499 4309/1245/499
f 4308/1377/609 4306/1244/609 4305/1314/609
f 4305/1314/481 4310/1315/481 4301/1313/481
f 4308/1377/561 4305/1314/561 4303/1325/561
f 4305/1314/481 4307/1317/481 4310/1315/481
f 4305/1314/610 4309/1245/610 4307/1317/610
f 4301/1313/479 4310/1315/479 4288/1288/479
f 4310/1315/483 4307/1317/483 4312/1318/483
f 4288/1288/484 4310/1315/484 4311/1319/484
f 4310/1315/483 4312/1318/483 4311/1319/483
f 4312/1318/486 4313/1253/486 4315/1252/486
f 4309/1245/485 4313/1253/485 4312/1318/485
f 4312/1318/487 4316/1321/487 4311/1319/487
f 4309/1245/485 4312/1318/485 4307/1317/485
f 4312/1318/487 4314/1320/487 4316/1321/487
f 4312/1318/486 4315/1252/486 4314/1320/486
f 4314/1320/488 4317/1322/488 4316/1321/488
f 4316/1321/490 4291/1294/490 4290/1292/490
f 4289/1290/489 4316/1321/489 4290/1292/489
f 4289/1290/489 4311/1319/489 4316/1321/489
f 4316/1321/490 4317/1322/490 4291/1294/490
f 4314/1320/488 4318/1256/488 4317/1322/488
f 4318/1256/491 4319/1323/491 4317/1322/491
f 4291/1294/492 4317/1322/492 4319/1323/492
f 4318/1256/491 4320/1259/491 4319/1323/491
f 4320/1259/493 4321/1324/493 4319/1323/493
f 4319/1323/498 4293/1298/498 4292/1296/498
f 4291/1294/495 4319/1323/495 4292/1296/495
f 4319/1323/498 4321/1324/498 4293/1298/498
f 4320/1259/493 4322/1262/493 4321/1324/493
f 4322/1262/496 4323/1270/496 4321/1324/496
f 4321/1324/497 4294/1300/497 4293/1298/497
f 4321/1324/497 4323/1270/497 4294/1300/497
f 4323/1270/452 4324/1266/452 4326/1265/452
f 4322/1262/496 4324/1266/496 4323/1270/496
f 4323/1270/564 4295/1302/564 4294/1300/564
f 4323/1270/564 4325/1268/564 4295/1302/564
f 4323/1270/452 4326/1265/452 4325/1268/452
f 4327/1264/619 4280/1269/619 4326/1265/619
f 4324/1266/449 4327/1264/449 4326/1265/449
f 4326/1265/451 4281/1378/451 4325/1268/451
f 4326/1265/451 4280/1269/451 4281/1378/451
f 4331/1263/448 4328/1271/448 4327/1264/448
f 4328/1271/453 4330/1267/453 4327/1264/453
f 4324/1266/449 4329/1261/449 4327/1264/449
f 4331/1263/448 4327/1264/448 4329/1261/448
f 4327/1264/450 4330/1267/450 4280/1269/450
f 4331/1263/554 4258/1366/554 4261/1361/554
f 4332/1260/553 4258/1366/553 4331/1263/553
f 4332/1260/446 4331/1263/446 4329/1261/446
f 4331/1263/554 4261/1361/554 4328/1271/554
f 4332/1260/553 4333/1374/553 4258/1366/553
f 4335/1257/551 4333/1374/551 4332/1260/551
f 4335/1257/444 4332/1260/444 4334/1258/444
f 4332/1260/446 4329/1261/446 4334/1258/446
f 4335/1257/551 4336/1370/551 4333/1374/551
f 4340/1250/552 4336/1370/552 4335/1257/552
f 4335/1257/444 4334/1258/444 4337/1255/444
f 4339/1251/441 4335/1257/441 4337/1255/441
f 4339/1251/441 4338/1254/441 4335/1257/441
f 4340/1250/552 4335/1257/552 4338/1254/552
f 4246/1373/549 4251/1371/549 4340/1250/549
f 4251/1371/544 4336/1370/544 4340/1250/544
f 4248/1249/438 4340/1250/438 4338/1254/438
f 4246/1373/549 4340/1250/549 4248/1249/549
f 4341/1170/439 4338/1254/439 4339/1251/439
f 4318/1256/442 4339/1251/442 4337/1255/442
f 4314/1320/443 4339/1251/443 4318/1256/443
f 4314/1320/443 4315/1252/443 4339/1251/443
f 4341/1170/439 4339/1251/439 4315/1252/439
f 4248/1249/438 4338/1254/438 4341/1170/438
f 4342/1246/437 4248/1249/437 4341/1170/437
f 4342/1246/440 4341/1170/440 4315/1252/440
f 4342/1246/437 4245/1248/437 4248/1249/437
f 4247/1247/577 4245/1248/577 4342/1246/577
f 4343/1168/621 4342/1246/621 4313/1253/621
f 4342/1246/440 4315/1252/440 4313/1253/440
f 4247/1247/434 4342/1246/434 4343/1168/434
f 4344/1243/431 4343/1168/431 4309/1245/431
f 4343/1168/433 4313/1253/433 4309/1245/433
f 4344/1243/430 4247/1247/430 4343/1168/430
f 4344/1243/430 4240/1238/430 4247/1247/430
f 4345/1242/429 4240/1238/429 4344/1243/429
f 4345/1242/432 4344/1243/432 4306/1244/432
f 4344/1243/431 4309/1245/431 4306/1244/431
f 4345/1242/429 4346/1239/429 4240/1238/429
f 4347/1376/428 4346/1239/428 4345/1242/428
f 4347/1376/560 4345/1242/560 4308/1377/560
f 4345/1242/432 4306/1244/432 4308/1377/432
f 4347/1376/428 4348/1241/428 4346/1239/428
f 4351/1351/559 4348/1241/559 4347/1376/559
f 4350/1166/722 4347/1376/722 4349/1329/722
f 4347/1376/560 4308/1377/560 4349/1329/560
f 4351/1351/653 4347/1376/653 4350/1166/653
f 4353/1342/723 4352/1343/723 4351/1345/723
f 4352/1350/520 4348/1241/520 4351/1351/520
f 4271/1340/683 4351/1345/683 4350/1183/683
f 4353/1342/515 4351/1345/515 4271/1340/515
f 4353/1342/518 4354/1346/518 4355/1347/518
f 4267/1344/523 4354/1346/523 4353/1342/523
f 4267/1344/516 4353/1342/516 4271/1340/516
f 4353/1342/518 4355/1347/518 4352/1343/518
f 4230/1225/557 4237/1375/557 4355/1348/557
f 4354/1346/521 4230/1224/521 4355/1347/521
f 4352/1350/519 4355/1348/519 4237/1375/519
f 4354/1346/521 4229/1222/521 4230/1224/521
f 4228/1220/522 4229/1222/522 4354/1346/522
f 4267/1344/523 4356/1352/523 4354/1346/523
f 4228/1220/522 4354/1346/522 4356/1352/522
f 4227/1218/524 4228/1220/524 4356/1352/524
f 4264/1353/525 4356/1352/525 4267/1344/525
f 4227/1218/524 4356/1352/524 4264/1353/524
f 4352/1350/520 4238/1349/520 4348/1241/520
f 4352/1350/519 4237/1375/519 4238/1349/519
f 4350/1166/507 4349/1329/507 4357/1328/507
f 4277/1334/508 4350/1183/508 4357/1335/508
f 4277/1334/508 4358/1336/508 4350/1183/508
f 4271/1340/517 4350/1183/517 4358/1336/517
f 4270/1337/512 4271/1340/512 4358/1336/512
f 4270/1337/510 4358/1336/510 4277/1334/510
f 4359/1331/502 4357/1328/502 4349/1329/502
f 4360/1338/509 4357/1335/509 4359/1332/509
f 4360/1338/509 4277/1334/509 4357/1335/509
f 4276/1278/511 4277/1334/511 4360/1338/511
f 4276/1278/583 4360/1338/583 4284/1279/583
f 4360/1338/505 4361/1333/505 4284/1279/505
f 4360/1338/505 4359/1332/505 4361/1333/505
f 4359/1331/504 4304/1327/504 4361/1330/504
f 4297/1308/506 4361/1330/506 4304/1327/506
f 4296/1280/462 4361/1333/462 4297/1283/462
f 4296/1280/462 4284/1279/462 4361/1333/462
f 4359/1331/504 4362/1326/504 4304/1327/504
f 4359/1331/502 4349/1329/502 4362/1326/502
f 4362/1326/503 4349/1329/503 4308/1377/503
f 4304/1327/500 4362/1326/500 4303/1325/500
f 4362/1326/503 4308/1377/503 4303/1325/503
f 4238/1349/427 4346/1239/427 4348/1241/427
f 4238/1349/427 4236/1240/427 4346/1239/427
f 4236/1240/426 4240/1238/426 4346/1239/426
f 4320/1259/445 4337/1255/445 4334/1258/445
f 4318/1256/442 4337/1255/442 4320/1259/442
f 4251/1371/544 4253/1368/544 4336/1370/544
f 4253/1368/543 4333/1374/543 4336/1370/543
f 4322/1262/447 4334/1258/447 4329/1261/447
f 4320/1259/445 4334/1258/445 4322/1262/445
f 4253/1368/543 4255/1365/543 4333/1374/543
f 4255/1365/538 4258/1366/538 4333/1374/538
f 4328/1271/453 4274/1272/453 4330/1267/453
f 4274/1272/454 4273/1273/454 4330/1267/454
f 4280/1269/455 4330/1267/455 4273/1273/455
f 4322/1262/447 4329/1261/447 4324/1266/447
f 4328/1271/620 4261/1361/620 4268/1362/620
f 4328/1271/536 4268/1362/536 4274/1272/536
f 4325/1268/614 4286/1304/614 4295/1302/614
f 4325/1268/563 4281/1378/563 4286/1304/563
f 4288/1288/484 4311/1319/484 4289/1290/484
f 4297/1308/506 4304/1327/506 4298/1309/506
f 4283/1281/460 4284/1279/460 4296/1280/460
f 4261/1361/534 4262/1357/534 4268/1362/534
f 4260/1359/529 4225/1214/529 4226/1216/529
f 4256/1363/555 4225/1214/555 4260/1359/555
f 4256/1363/555 4224/1212/555 4225/1214/555
f 4240/1238/425 4241/1234/425 4247/1247/425
f 4218/1200/421 4219/1202/421 4243/1236/421
f 4230/1225/557 4231/1227/557 4237/1375/557
f 4366/1185/825 4363/1193/825 4364/1194/825
f 4365/1164/826 4364/1165/826 4363/1166/826
f 4366/1181/827 4365/1192/827 4363/1183/827
f 4373/1197/825 4367/1184/825 4366/1185/825
f 4369/1180/828 4366/1181/828 4367/1176/828
f 4366/1181/827 4368/1182/827 4365/1192/827
f 4369/1180/828 4368/1182/828 4366/1181/828
f 4364/1194/825 4370/1195/825 4366/1185/825
f 4370/1195/825 4371/1186/825 4366/1185/825
f 4371/1186/825 4372/1196/825 4366/1185/825
f 4372/1196/825 4373/1197/825 4366/1185/825
f 4372/1172/829 4374/1175/829 4373/1174/829
f 4374/1175/830 4367/1176/830 4373/1174/830
f 4369/1177/831 4374/1190/831 4375/1178/831
f 4372/1172/829 4375/1173/829 4374/1175/829
f 4374/1175/830 4369/1180/830 4367/1176/830
f 4375/1178/832 4376/1191/832 4377/1179/832
f 4376/1171/833 4375/1173/833 4372/1172/833
f 4365/1188/831 4369/1177/831 4375/1178/831
f 4377/1179/831 4365/1188/831 4375/1178/831
f 4377/1179/831 4378/1187/831 4365/1188/831
f 4364/1165/834 4378/1167/834 4377/1169/834
f 4370/1168/835 4377/1169/835 4376/1171/835
f 4364/1165/834 4377/1169/834 4370/1168/834
f 4365/1164/826 4378/1167/826 4364/1165/826
f 4376/1171/833 4372/1172/833 4371/1170/833
f 4370/1168/835 4376/1171/835 4371/1170/835
f 4365/1188/832 4368/1189/832 4369/1177/832
f 4395/1198/403 4379/1199/403 4380/1200/403
f 4380/1200/404 4379/1201/404 4381/1202/404
f 4381/1202/405 4379/1203/405 4382/1204/405
f 4382/1204/406 4379/1205/406 4383/1206/406
f 4383/1206/407 4379/1207/407 4384/1208/407
f 4384/1208/408 4379/1209/408 4385/1210/408
f 4385/1210/409 4379/1211/409 4386/1212/409
f 4386/1212/410 4379/1213/410 4387/1214/410
f 4387/1214/411 4379/1215/411 4388/1216/411
f 4388/1216/412 4379/1217/412 4389/1218/412
f 4389/1218/413 4379/1219/413 4390/1220/413
f 4390/1220/414 4379/1221/414 4391/1222/414
f 4391/1222/415 4379/1223/415 4392/1224/415
f 4392/1225/416 4379/1226/416 4393/1227/416
f 4393/1227/417 4379/1228/417 4394/1229/417
f 4394/1229/418 4379/1230/418 4395/1198/418
f 4396/1231/420 4395/1198/420 4380/1200/420
f 4394/1229/419 4395/1198/419 4396/1231/419
f 4397/1233/422 4396/1231/422 4399/1232/422
f 4400/1240/424 4396/1231/424 4397/1233/424
f 4400/1240/424 4398/1237/424 4396/1231/424
f 4394/1229/419 4396/1231/419 4398/1237/419
f 4396/1231/420 4380/1200/420 4399/1232/420
f 4402/1349/556 4398/1237/556 4400/1240/556
f 4400/1240/426 4404/1238/426 4401/1239/426
f 4403/1241/427 4400/1240/427 4401/1239/427
f 4403/1241/427 4402/1349/427 4400/1240/427
f 4400/1240/426 4397/1233/426 4404/1238/426
f 4404/1238/425 4397/1233/425 4407/1234/425
f 4401/1239/429 4404/1238/429 4405/1243/429
f 4404/1238/575 4408/1168/575 4405/1243/575
f 4404/1238/430 4406/1247/430 4408/1168/430
f 4404/1238/425 4407/1234/425 4406/1247/425
f 4405/1243/431 4408/1168/431 4409/1245/431
f 4408/1168/433 4411/1253/433 4409/1245/433
f 4408/1168/433 4410/1246/433 4411/1253/433
f 4406/1247/434 4410/1246/434 4408/1168/434
f 4410/1246/440 4413/1252/440 4411/1253/440
f 4411/1253/486 4415/1320/486 4412/1318/486
f 4414/1317/485 4411/1253/485 4412/1318/485
f 4414/1317/485 4409/1245/485 4411/1253/485
f 4411/1253/486 4413/1252/486 4415/1320/486
f 4413/1252/443 4417/1256/443 4415/1320/443
f 4416/1321/488 4415/1320/488 4417/1256/488
f 4418/1319/487 4415/1320/487 4416/1321/487
f 4418/1319/487 4412/1318/487 4415/1320/487
f 4420/1315/483 4412/1318/483 4418/1319/483
f 4419/1290/489 4418/1319/489 4416/1321/489
f 4420/1315/484 4418/1319/484 4419/1290/484
f 4423/1287/479 4421/1313/479 4420/1315/479
f 4424/1314/481 4420/1315/481 4421/1313/481
f 4424/1314/481 4414/1317/481 4420/1315/481
f 4420/1315/483 4414/1317/483 4412/1318/483
f 4423/1287/479 4420/1315/479 4422/1288/479
f 4420/1315/586 4419/1290/586 4422/1288/586
f 4425/1244/610 4414/1317/610 4424/1314/610
f 4426/1325/561 4425/1244/561 4424/1314/561
f 4426/1325/482 4424/1314/482 4421/1313/482
f 4426/1325/561 4427/1377/561 4425/1244/561
f 4430/1329/503 4427/1377/503 4426/1325/503
f 4429/1326/500 4426/1325/500 4428/1316/500
f 4426/1325/482 4421/1313/482 4428/1316/482
f 4430/1329/503 4426/1325/503 4429/1326/503
f 4430/1329/560 4431/1376/560 4434/1242/560
f 4433/1166/507 4431/1376/507 4430/1329/507
f 4432/1328/502 4430/1329/502 4429/1326/502
f 4433/1166/507 4430/1329/507 4432/1328/507
f 4430/1329/560 4434/1242/560 4427/1377/560
f 4403/1241/428 4401/1239/428 4434/1242/428
f 4401/1239/429 4405/1243/429 4434/1242/429
f 4434/1242/432 4425/1244/432 4427/1377/432
f 4403/1241/428 4434/1242/428 4431/1376/428
f 4434/1242/432 4405/1243/432 4425/1244/432
f 4435/1351/559 4431/1376/559 4433/1166/559
f 4436/1336/517 4435/1345/517 4433/1183/517
f 4436/1336/508 4433/1183/508 4432/1335/508
f 4436/1336/517 4437/1340/517 4435/1345/517
f 4440/1339/512 4437/1340/512 4436/1336/512
f 4436/1336/508 4432/1335/508 4438/1334/508
f 4441/1275/510 4436/1336/510 4438/1334/510
f 4441/1275/510 4439/1337/510 4436/1336/510
f 4440/1339/512 4436/1336/512 4439/1337/512
f 4443/1273/514 4439/1337/514 4441/1275/514
f 4443/1273/456 4441/1275/456 4442/1278/456
f 4441/1275/511 4444/1338/511 4442/1278/511
f 4441/1275/511 4438/1334/511 4444/1338/511
f 4438/1334/509 4446/1332/509 4444/1338/509
f 4445/1279/505 4444/1338/505 4446/1332/505
f 4447/1277/459 4444/1338/459 4445/1279/459
f 4447/1277/459 4442/1278/459 4444/1338/459
f 4449/1276/584 4442/1278/584 4447/1277/584
f 4449/1276/461 4447/1277/461 4448/1281/461
f 4447/1277/460 4450/1280/460 4448/1281/460
f 4447/1277/460 4445/1279/460 4450/1280/460
f 4450/1280/462 4445/1279/462 4453/1333/462
f 4452/1284/463 4448/1281/463 4450/1280/463
f 4452/1285/464 4450/1280/464 4451/1283/464
f 4450/1280/462 4453/1333/462 4451/1283/462
f 4453/1330/504 4446/1331/504 4429/1326/504
f 4445/1279/505 4446/1332/505 4453/1333/505
f 4451/1308/506 4453/1330/506 4454/1327/506
f 4453/1330/504 4429/1326/504 4454/1327/504
f 4429/1326/607 4428/1316/607 4454/1327/607
f 4454/1327/501 4456/1311/501 4455/1309/501
f 4451/1308/506 4454/1327/506 4455/1309/506
f 4454/1327/501 4428/1316/501 4456/1311/501
f 4428/1316/480 4423/1287/480 4456/1311/480
f 4452/1310/477 4455/1309/477 4456/1311/477
f 4452/1312/478 4456/1311/478 4423/1287/478
f 4452/1307/476 4451/1308/476 4455/1309/476
f 4452/1286/465 4423/1287/465 4422/1288/465
f 4452/1289/466 4422/1288/466 4419/1290/466
f 4452/1291/467 4419/1290/467 4457/1292/467
f 4452/1293/468 4457/1292/468 4458/1294/468
f 4452/1295/469 4458/1294/469 4459/1296/469
f 4452/1297/470 4459/1296/470 4460/1298/470
f 4452/1299/471 4460/1298/471 4461/1300/471
f 4452/1301/472 4461/1300/472 4462/1302/472
f 4452/1303/473 4462/1302/473 4463/1304/473
f 4452/1305/474 4463/1304/474 4464/1282/474
f 4452/1306/475 4464/1282/475 4448/1281/475
f 4449/1276/461 4448/1281/461 4464/1282/461
f 4463/1304/562 4449/1276/562 4464/1282/562
f 4463/1304/615 4465/1378/615 4449/1276/615
f 4466/1268/563 4465/1378/563 4463/1304/563
f 4466/1268/563 4463/1304/563 4462/1302/563
f 4469/1266/452 4467/1265/452 4466/1268/452
f 4467/1265/451 4465/1378/451 4466/1268/451
f 4461/1300/564 4466/1268/564 4462/1302/564
f 4461/1300/564 4468/1270/564 4466/1268/564
f 4469/1266/452 4466/1268/452 4468/1270/452
f 4469/1266/449 4470/1261/449 4473/1264/449
f 4472/1258/447 4470/1261/447 4469/1266/447
f 4471/1262/496 4469/1266/496 4468/1270/496
f 4472/1258/447 4469/1266/447 4471/1262/447
f 4469/1266/449 4473/1264/449 4467/1265/449
f 4473/1264/587 4474/1271/587 4478/1272/587
f 4476/1263/448 4474/1271/448 4473/1264/448
f 4473/1264/450 4477/1269/450 4467/1265/450
f 4476/1263/448 4473/1264/448 4470/1261/448
f 4473/1264/450 4475/1267/450 4477/1269/450
f 4473/1264/453 4478/1272/453 4475/1267/453
f 4478/1272/535 4479/1362/535 4481/1356/535
f 4474/1271/536 4479/1362/536 4478/1272/536
f 4478/1272/454 4443/1273/454 4475/1267/454
f 4478/1272/454 4480/1341/454 4443/1273/454
f 4478/1272/535 4481/1356/535 4480/1341/535
f 4483/1357/528 4482/1354/528 4481/1356/528
f 4482/1354/527 4440/1339/527 4481/1356/527
f 4481/1356/513 4439/1337/513 4480/1341/513
f 4483/1357/528 4481/1356/528 4479/1362/528
f 4481/1356/513 4440/1339/513 4439/1337/513
f 4483/1357/526 4484/1355/526 4488/1353/526
f 4487/1359/531 4484/1355/531 4483/1357/531
f 4486/1361/534 4483/1357/534 4479/1362/534
f 4486/1361/534 4485/1358/534 4483/1357/534
f 4487/1359/531 4483/1357/531 4485/1358/531
f 4483/1357/526 4488/1353/526 4482/1354/526
f 4388/1216/588 4389/1218/588 4488/1353/588
f 4389/1218/524 4489/1352/524 4488/1353/524
f 4482/1354/525 4488/1353/525 4489/1352/525
f 4388/1216/530 4488/1353/530 4484/1355/530
f 4489/1352/522 4390/1220/522 4391/1222/522
f 4389/1218/524 4390/1220/524 4489/1352/524
f 4490/1344/523 4489/1352/523 4491/1346/523
f 4482/1354/525 4489/1352/525 4490/1344/525
f 4489/1352/522 4391/1222/522 4491/1346/522
f 4391/1222/521 4493/1347/521 4491/1346/521
f 4492/1342/518 4491/1346/518 4493/1347/518
f 4490/1344/523 4491/1346/523 4492/1342/523
f 4391/1222/521 4392/1224/521 4493/1347/521
f 4392/1225/557 4495/1375/557 4493/1348/557
f 4493/1348/519 4402/1349/519 4494/1350/519
f 4492/1342/518 4493/1347/518 4494/1343/518
f 4493/1348/519 4495/1375/519 4402/1349/519
f 4495/1375/558 4393/1227/558 4394/1229/558
f 4392/1225/557 4393/1227/557 4495/1375/557
f 4402/1349/556 4495/1375/556 4398/1237/556
f 4495/1375/558 4394/1229/558 4398/1237/558
f 4435/1351/520 4494/1350/520 4402/1349/520
f 4437/1340/515 4494/1343/515 4435/1345/515
f 4437/1340/515 4492/1342/515 4494/1343/515
f 4490/1344/516 4492/1342/516 4437/1340/516
f 4482/1354/527 4490/1344/527 4440/1339/527
f 4490/1344/516 4437/1340/516 4440/1339/516
f 4487/1359/529 4387/1214/529 4388/1216/529
f 4496/1363/555 4387/1214/555 4487/1359/555
f 4497/1360/532 4487/1359/532 4485/1358/532
f 4497/1360/532 4496/1363/532 4487/1359/532
f 4487/1359/529 4388/1216/529 4484/1355/529
f 4500/1364/537 4496/1363/537 4497/1360/537
f 4497/1360/533 4486/1361/533 4498/1366/533
f 4501/1374/538 4497/1360/538 4498/1366/538
f 4501/1374/538 4499/1365/538 4497/1360/538
f 4500/1364/537 4497/1360/537 4499/1365/537
f 4497/1360/533 4485/1358/533 4486/1361/533
f 4503/1370/543 4499/1365/543 4501/1374/543
f 4503/1370/551 4501/1374/551 4502/1260/551
f 4501/1374/553 4476/1263/553 4502/1260/553
f 4501/1374/553 4498/1366/553 4476/1263/553
f 4503/1370/543 4504/1368/543 4499/1365/543
f 4506/1250/544 4504/1368/544 4503/1370/544
f 4506/1250/552 4503/1370/552 4505/1257/552
f 4503/1370/551 4502/1260/551 4505/1257/551
f 4506/1250/544 4507/1371/544 4504/1368/544
f 4509/1249/549 4507/1371/549 4506/1250/549
f 4509/1249/438 4506/1250/438 4508/1254/438
f 4506/1250/552 4505/1257/552 4508/1254/552
f 4509/1249/549 4510/1373/549 4507/1371/549
f 4512/1248/436 4510/1373/436 4509/1249/436
f 4512/1248/437 4509/1249/437 4511/1170/437
f 4509/1249/438 4508/1254/438 4511/1170/438
f 4512/1248/436 4513/1235/436 4510/1373/436
f 4406/1247/435 4513/1235/435 4512/1248/435
f 4406/1247/577 4512/1248/577 4410/1246/577
f 4512/1248/437 4511/1170/437 4410/1246/437
f 4399/1232/423 4514/1236/423 4513/1235/423
f 4514/1236/548 4510/1373/548 4513/1235/548
f 4406/1247/435 4407/1234/435 4513/1235/435
f 4399/1232/423 4513/1235/423 4407/1234/423
f 4514/1236/550 4381/1202/550 4382/1204/550
f 4380/1200/421 4381/1202/421 4514/1236/421
f 4514/1236/548 4515/1372/548 4510/1373/548
f 4514/1236/550 4382/1204/550 4515/1372/550
f 4380/1200/421 4514/1236/421 4399/1232/421
f 4515/1372/546 4382/1204/546 4383/1206/546
f 4515/1372/547 4507/1371/547 4510/1373/547
f 4515/1372/640 4516/1369/640 4507/1371/640
f 4515/1372/546 4383/1206/546 4516/1369/546
f 4383/1206/545 4517/1367/545 4516/1369/545
f 4516/1369/542 4504/1368/542 4507/1371/542
f 4516/1369/542 4517/1367/542 4504/1368/542
f 4517/1367/540 4384/1208/540 4385/1210/540
f 4383/1206/545 4384/1208/545 4517/1367/545
f 4517/1367/541 4499/1365/541 4504/1368/541
f 4517/1367/541 4500/1364/541 4499/1365/541
f 4517/1367/540 4385/1210/540 4500/1364/540
f 4413/1252/439 4511/1170/439 4508/1254/439
f 4410/1246/440 4511/1170/440 4413/1252/440
f 4518/1251/441 4508/1254/441 4505/1257/441
f 4413/1252/439 4508/1254/439 4518/1251/439
f 4413/1252/443 4518/1251/443 4417/1256/443
f 4518/1251/442 4520/1259/442 4417/1256/442
f 4518/1251/442 4519/1255/442 4520/1259/442
f 4518/1251/721 4505/1257/721 4519/1255/721
f 4519/1255/445 4471/1262/445 4520/1259/445
f 4520/1259/493 4523/1324/493 4521/1323/493
f 4522/1322/491 4520/1259/491 4521/1323/491
f 4522/1322/491 4417/1256/491 4520/1259/491
f 4520/1259/493 4471/1262/493 4523/1324/493
f 4471/1262/496 4468/1270/496 4523/1324/496
f 4460/1298/497 4523/1324/497 4468/1270/497
f 4521/1323/498 4523/1324/498 4460/1298/498
f 4416/1321/488 4417/1256/488 4522/1322/488
f 4458/1294/492 4522/1322/492 4521/1323/492
f 4416/1321/490 4522/1322/490 4458/1294/490
f 4521/1323/498 4460/1298/498 4459/1296/498
f 4458/1294/495 4521/1323/495 4459/1296/495
f 4519/1255/444 4505/1257/444 4502/1260/444
f 4519/1255/445 4472/1258/445 4471/1262/445
f 4519/1255/444 4502/1260/444 4472/1258/444
f 4472/1258/446 4502/1260/446 4476/1263/446
f 4385/1210/539 4496/1363/539 4500/1364/539
f 4498/1366/554 4474/1271/554 4476/1263/554
f 4498/1366/554 4486/1361/554 4474/1271/554
f 4496/1363/555 4386/1212/555 4387/1214/555
f 4385/1210/539 4386/1212/539 4496/1363/539
f 4474/1271/620 4486/1361/620 4479/1362/620
f 4443/1273/514 4480/1341/514 4439/1337/514
f 4475/1267/455 4524/1274/455 4477/1269/455
f 4465/1378/457 4477/1269/457 4524/1274/457
f 4467/1265/451 4477/1269/451 4465/1378/451
f 4475/1267/455 4443/1273/455 4524/1274/455
f 4443/1273/456 4442/1278/456 4524/1274/456
f 4449/1276/458 4524/1274/458 4442/1278/458
f 4465/1378/457 4524/1274/457 4449/1276/457
f 4472/1258/446 4476/1263/446 4470/1261/446
f 4460/1298/497 4468/1270/497 4461/1300/497
f 4416/1321/490 4458/1294/490 4457/1292/490
f 4419/1290/489 4416/1321/489 4457/1292/489
f 4438/1334/509 4432/1335/509 4446/1332/509
f 4432/1328/502 4429/1326/502 4446/1331/502
f 4435/1351/559 4403/1241/559 4431/1376/559
f 4435/1351/520 4402/1349/520 4403/1241/520
f 4428/1316/480 4421/1313/480 4423/1287/480
f 4405/1243/576 4409/1245/576 4425/1244/576
f 4425/1244/499 4409/1245/499 4414/1317/499
f 4397/1233/422 4399/1232/422 4407/1234/422
f 4525/1172/836 4526/1379/836 4530/1380/836
f 4527/1381/837 4526/1379/837 4525/1172/837
f 4528/1382/838 4527/1381/838 4525/1172/838
f 4528/1382/839 4525/1172/839 4529/1383/839
f 4525/1172/836 4530/1380/836 4529/1383/836
f 4533/1384/840 4529/1383/840 4530/1380/840
f 4530/1380/841 4534/1385/841 4531/1386/841
f 4533/1384/840 4530/1380/840 4531/1386/840
f 4530/1380/841 4532/1387/841 4534/1385/841
f 4530/1380/841 4535/1388/841 4532/1387/841
f 4530/1380/841 4526/1379/841 4535/1388/841
f 4538/1389/841 4535/1388/841 4526/1379/841
f 4538/1389/841 4536/1390/841 4535/1388/841
f 4536/1390/842 4537/1173/842 4535/1388/842
f 4532/1387/843 4535/1388/843 4537/1173/843
f 4527/1381/837 4538/1389/837 4526/1379/837
f 4527/1381/844 4539/1391/844 4538/1389/844
f 4538/1389/841 4540/1392/841 4536/1390/841
f 4538/1389/841 4539/1391/841 4540/1392/841
f 4543/1393/841 4540/1392/841 4539/1391/841
f 4536/1390/845 4540/1392/845 4541/1394/845
f 4540/1392/846 4544/1205/846 4541/1394/846
f 4540/1392/846 4542/1395/846 4544/1205/846
f 4543/1393/841 4542/1395/841 4540/1392/841
f 4542/1395/847 4546/1171/847 4544/1205/847
f 4544/1396/848 4547/1397/848 4541/1398/848
f 4544/1396/848 4545/1399/848 4547/1397/848
f 4546/1400/849 4545/1399/849 4544/1396/849
f 4550/1401/850 4541/1398/850 4547/1397/850
f 4547/1397/851 4551/1402/851 4548/1403/851
f 4550/1401/850 4547/1397/850 4548/1403/850
f 4547/1397/851 4549/1404/851 4551/1402/851
f 4547/1397/851 4552/1405/851 4549/1404/851
f 4547/1397/851 4545/1399/851 4552/1405/851
f 4545/1399/851 4554/1406/851 4552/1405/851
f 4549/1404/852 4552/1405/852 4553/1407/852
f 4552/1405/853 4555/1170/853 4553/1407/853
f 4552/1405/853 4554/1406/853 4555/1170/853
f 4555/1170/854 4543/1393/854 4553/1407/854
f 4555/1170/854 4556/1408/854 4543/1393/854
f 4557/1409/855 4556/1408/855 4555/1170/855
f 4558/1410/856 4555/1170/856 4554/1406/856
f 4558/1410/856 4557/1409/856 4555/1170/856
f 4561/1411/851 4559/1412/851 4558/1410/851
f 4559/1412/851 4560/1413/851 4558/1410/851
f 4561/1411/851 4558/1410/851 4554/1406/851
f 4560/1413/857 4557/1409/857 4558/1410/857
f 4546/1400/849 4561/1411/849 4545/1399/849
f 4562/1414/858 4561/1411/858 4546/1400/858
f 4545/1399/851 4561/1411/851 4554/1406/851
f 4562/1414/858 4559/1412/858 4561/1411/858
f 4563/1415/859 4562/1203/859 4546/1171/859
f 4565/1416/860 4562/1203/860 4563/1415/860
f 4564/1417/861 4559/1412/861 4562/1414/861
f 4565/1416/860 4564/1418/860 4562/1203/860
f 4568/1419/841 4566/1420/841 4565/1416/841
f 4569/1421/841 4565/1416/841 4566/1420/841
f 4568/1419/841 4565/1416/841 4563/1415/841
f 4565/1416/862 4570/1422/862 4564/1418/862
f 4565/1416/862 4567/1423/862 4570/1422/862
f 4569/1421/841 4567/1423/841 4565/1416/841
f 4567/1423/863 4572/1169/863 4570/1422/863
f 4570/1424/864 4573/1425/864 4564/1417/864
f 4570/1424/864 4571/1426/864 4573/1425/864
f 4572/1427/865 4571/1426/865 4570/1424/865
f 4564/1417/861 4573/1425/861 4559/1412/861
f 4559/1412/851 4573/1425/851 4560/1413/851
f 4573/1425/851 4574/1428/851 4560/1413/851
f 4573/1425/851 4571/1426/851 4574/1428/851
f 4577/1429/851 4574/1428/851 4571/1426/851
f 4560/1413/866 4574/1428/866 4575/1430/866
f 4576/1431/867 4575/1430/867 4574/1428/867
f 4577/1429/851 4576/1431/851 4574/1428/851
f 4572/1427/865 4577/1429/865 4571/1426/865
f 4579/1432/868 4577/1429/868 4572/1427/868
f 4577/1429/851 4580/1433/851 4576/1431/851
f 4577/1429/851 4578/1434/851 4580/1433/851
f 4579/1432/868 4578/1434/868 4577/1429/868
f 4583/1435/851 4580/1433/851 4578/1434/851
f 4576/1431/869 4580/1433/869 4581/1436/869
f 4582/1437/870 4581/1436/870 4580/1433/870
f 4583/1435/851 4582/1437/851 4580/1433/851
f 4584/1438/871 4583/1435/871 4578/1434/871
f 4584/1438/872 4585/1439/872 4583/1435/872
f 4585/1439/851 4582/1437/851 4583/1435/851
f 4584/1438/872 4586/1440/872 4585/1439/872
f 4589/1441/873 4585/1439/873 4586/1440/873
f 4585/1439/851 4587/1442/851 4582/1437/851
f 4585/1439/851 4590/1443/851 4587/1442/851
f 4585/1439/851 4588/1444/851 4590/1443/851
f 4589/1441/873 4588/1444/873 4585/1439/873
f 4588/1444/851 4592/1445/851 4590/1443/851
f 4587/1442/874 4590/1443/874 4591/1165/874
f 4590/1443/875 4593/1446/875 4591/1165/875
f 4590/1443/875 4592/1445/875 4593/1446/875
f 4591/1165/876 4593/1446/876 4594/1447/876
f 4595/1448/877 4594/1447/877 4593/1446/877
f 4592/1445/878 4595/1448/878 4593/1446/878
f 4595/1448/877 4596/1449/877 4594/1447/877
f 4595/1448/879 4599/1450/879 4596/1449/879
f 4592/1445/878 4597/1451/878 4595/1448/878
f 4597/1451/880 4598/1452/880 4595/1448/880
f 4595/1448/879 4598/1452/879 4599/1450/879
f 4602/1166/843 4599/1450/843 4598/1452/843
f 4596/1449/841 4599/1450/841 4600/1453/841
f 4601/1454/841 4600/1453/841 4599/1450/841
f 4602/1166/843 4601/1454/843 4599/1450/843
f 4605/1455/881 4602/1166/881 4598/1452/881
f 4602/1183/842 4606/1456/842 4601/1457/842
f 4605/1455/881 4603/1458/881 4602/1166/881
f 4607/1459/882 4602/1183/882 4603/1460/882
f 4607/1459/882 4604/1461/882 4602/1183/882
f 4602/1183/842 4604/1461/842 4606/1456/842
f 4608/1462/851 4607/1459/851 4603/1460/851
f 4608/1462/851 4609/1463/851 4607/1459/851
f 4607/1459/850 4610/1464/850 4604/1461/850
f 4607/1459/850 4609/1463/850 4610/1464/850
f 4610/1464/845 4606/1456/845 4604/1461/845
f 4610/1464/845 4611/1465/845 4606/1456/845
f 4610/1464/846 4613/1466/846 4611/1465/846
f 4614/1467/848 4610/1464/848 4609/1463/848
f 4614/1467/848 4612/1468/848 4610/1464/848
f 4610/1464/846 4612/1468/846 4613/1466/846
f 4615/1469/851 4614/1467/851 4609/1463/851
f 4617/1470/851 4614/1467/851 4615/1469/851
f 4616/1471/849 4612/1468/849 4614/1467/849
f 4617/1470/851 4616/1471/851 4614/1467/851
f 4620/1472/853 4618/1473/853 4617/1470/853
f 4618/1473/856 4619/1474/856 4617/1470/856
f 4620/1472/853 4617/1470/853 4615/1469/853
f 4619/1474/851 4616/1471/851 4617/1470/851
f 4621/1475/883 4620/1476/883 4622/1477/883
f 4621/1475/854 4618/1182/854 4620/1476/854
f 4622/1478/852 4620/1472/852 4615/1469/852
f 4623/1479/844 4622/1477/844 4624/1480/844
f 4621/1475/883 4622/1477/883 4623/1479/883
f 4622/1478/884 4608/1462/884 4624/1481/884
f 4622/1478/884 4625/1482/884 4608/1462/884
f 4622/1478/852 4615/1469/852 4625/1482/852
f 4608/1462/851 4625/1482/851 4609/1463/851
f 4615/1469/851 4609/1463/851 4625/1482/851
f 4628/1483/837 4626/1484/837 4624/1480/837
f 4623/1479/844 4624/1480/844 4626/1484/844
f 4624/1481/838 4629/1485/838 4627/1486/838
f 4628/1483/837 4624/1480/837 4627/1192/837
f 4624/1481/838 4608/1462/838 4629/1485/838
f 4627/1487/839 4629/1488/839 4630/1489/839
f 4630/1489/851 4629/1488/851 4603/1458/851
f 4608/1462/851 4603/1460/851 4629/1485/851
f 4631/1490/885 4630/1489/885 4632/1491/885
f 4627/1487/839 4630/1489/839 4631/1490/839
f 4630/1489/851 4597/1451/851 4632/1491/851
f 4630/1489/851 4605/1455/851 4597/1451/851
f 4630/1489/851 4603/1458/851 4605/1455/851
f 4633/1492/886 4632/1491/886 4634/1493/886
f 4631/1490/885 4632/1491/885 4633/1492/885
f 4634/1493/851 4632/1491/851 4597/1451/851
f 4635/1494/887 4634/1493/887 4588/1444/887
f 4633/1492/886 4634/1493/886 4635/1494/886
f 4588/1444/851 4634/1493/851 4592/1445/851
f 4634/1493/851 4597/1451/851 4592/1445/851
f 4636/1495/888 4635/1496/888 4589/1167/888
f 4637/1497/889 4635/1496/889 4636/1495/889
f 4635/1494/887 4588/1444/887 4589/1441/887
f 4637/1497/889 4633/1498/889 4635/1496/889
f 4596/1449/841 4637/1497/841 4636/1495/841
f 4596/1449/841 4600/1453/841 4637/1497/841
f 4600/1453/840 4633/1498/840 4637/1497/840
f 4594/1447/841 4636/1495/841 4638/1499/841
f 4596/1449/841 4636/1495/841 4594/1447/841
f 4636/1495/888 4589/1167/888 4638/1499/888
f 4639/1500/841 4638/1499/841 4640/1501/841
f 4594/1447/841 4638/1499/841 4639/1500/841
f 4638/1499/890 4586/1502/890 4640/1501/890
f 4638/1499/890 4589/1167/890 4586/1502/890
f 4641/1503/841 4640/1501/841 4642/1504/841
f 4639/1500/841 4640/1501/841 4641/1503/841
f 4640/1501/891 4584/1505/891 4642/1504/891
f 4640/1501/891 4586/1502/891 4584/1505/891
f 4645/1506/841 4643/1507/841 4642/1504/841
f 4641/1503/841 4642/1504/841 4643/1507/841
f 4642/1504/892 4579/1508/892 4644/1509/892
f 4645/1506/841 4642/1504/841 4644/1509/841
f 4642/1504/892 4584/1505/892 4579/1508/892
f 4581/1436/893 4645/1506/893 4646/1510/893
f 4648/1511/894 4645/1506/894 4581/1436/894
f 4645/1506/841 4647/1512/841 4646/1510/841
f 4645/1506/841 4644/1509/841 4647/1512/841
f 4648/1511/894 4643/1507/894 4645/1506/894
f 4582/1437/870 4648/1511/870 4581/1436/870
f 4649/1513/895 4643/1507/895 4648/1511/895
f 4582/1437/896 4649/1513/896 4648/1511/896
f 4649/1513/895 4641/1503/895 4643/1507/895
f 4591/1165/897 4641/1503/897 4649/1513/897
f 4582/1437/896 4587/1442/896 4649/1513/896
f 4587/1442/874 4591/1165/874 4649/1513/874
f 4569/1421/841 4646/1510/841 4647/1512/841
f 4567/1423/863 4647/1512/863 4572/1169/863
f 4569/1421/841 4647/1512/841 4567/1423/841
f 4644/1509/898 4572/1169/898 4647/1512/898
f 4650/1168/899 4646/1510/899 4569/1421/899
f 4581/1436/893 4646/1510/893 4650/1168/893
f 4576/1431/867 4650/1168/867 4575/1430/867
f 4650/1168/899 4569/1421/899 4575/1430/899
f 4576/1431/869 4581/1436/869 4650/1168/869
f 4644/1509/898 4579/1508/898 4572/1169/898
f 4591/1165/897 4639/1500/897 4641/1503/897
f 4591/1165/876 4594/1447/876 4639/1500/876
f 4600/1453/840 4631/1514/840 4633/1498/840
f 4600/1453/836 4627/1164/836 4631/1514/836
f 4601/1454/841 4628/1515/841 4600/1453/841
f 4606/1456/841 4628/1483/841 4601/1457/841
f 4600/1453/836 4628/1515/836 4627/1164/836
f 4606/1456/841 4626/1484/841 4628/1483/841
f 4611/1465/841 4626/1484/841 4606/1456/841
f 4611/1465/841 4623/1479/841 4626/1484/841
f 4611/1465/841 4621/1475/841 4623/1479/841
f 4611/1465/841 4613/1466/841 4621/1475/841
f 4613/1466/841 4651/1516/841 4621/1475/841
f 4621/1475/854 4651/1516/854 4618/1182/854
f 4613/1466/841 4652/1517/841 4651/1516/841
f 4652/1517/841 4653/1518/841 4651/1516/841
f 4653/1518/855 4618/1182/855 4651/1516/855
f 4652/1517/841 4654/1519/841 4653/1518/841
f 4657/1520/841 4653/1518/841 4654/1519/841
f 4653/1518/855 4655/1521/855 4618/1182/855
f 4656/1522/900 4655/1521/900 4653/1518/900
f 4657/1520/841 4656/1522/841 4653/1518/841
f 4660/1523/860 4658/1524/860 4657/1520/860
f 4658/1524/862 4659/1525/862 4657/1520/862
f 4660/1523/860 4657/1520/860 4654/1519/860
f 4659/1525/841 4656/1522/841 4657/1520/841
f 4662/1526/858 4660/1523/858 4661/1181/858
f 4660/1523/859 4652/1517/859 4661/1181/859
f 4660/1523/859 4654/1519/859 4652/1517/859
f 4662/1526/861 4658/1524/861 4660/1523/861
f 4619/1474/851 4662/1526/851 4616/1471/851
f 4619/1474/851 4663/1527/851 4662/1526/851
f 4662/1526/858 4661/1181/858 4616/1471/858
f 4662/1526/861 4663/1527/861 4658/1524/861
f 4619/1474/851 4664/1528/851 4663/1527/851
f 4664/1528/851 4665/1529/851 4663/1527/851
f 4665/1529/864 4658/1524/864 4663/1527/864
f 4664/1528/851 4666/1530/851 4665/1529/851
f 4669/1531/851 4665/1529/851 4666/1530/851
f 4665/1529/864 4667/1532/864 4658/1524/864
f 4665/1529/865 4670/1176/865 4667/1532/865
f 4665/1529/865 4668/1533/865 4670/1176/865
f 4669/1531/851 4668/1533/851 4665/1529/851
f 4667/1532/863 4670/1176/863 4671/1534/863
f 4670/1176/898 4673/1535/898 4671/1534/898
f 4668/1533/868 4672/1536/868 4670/1176/868
f 4670/1176/898 4672/1536/898 4673/1535/898
f 4672/1536/892 4675/1537/892 4673/1535/892
f 4673/1535/841 4676/1538/841 4671/1534/841
f 4673/1535/841 4674/1539/841 4676/1538/841
f 4673/1535/841 4677/1540/841 4674/1539/841
f 4673/1535/841 4675/1537/841 4677/1540/841
f 4675/1537/841 4679/1541/841 4677/1540/841
f 4677/1540/894 4680/1542/894 4674/1539/894
f 4677/1540/894 4678/1543/894 4680/1542/894
f 4677/1540/895 4681/1544/895 4678/1543/895
f 4677/1540/895 4679/1541/895 4681/1544/895
f 4679/1541/897 4683/1175/897 4681/1544/897
f 4681/1545/896 4684/1546/896 4678/1547/896
f 4681/1545/896 4682/1548/896 4684/1546/896
f 4683/1549/874 4682/1548/874 4681/1545/874
f 4680/1550/870 4678/1547/870 4684/1546/870
f 4684/1546/851 4687/1551/851 4685/1552/851
f 4680/1550/870 4684/1546/870 4685/1552/870
f 4684/1546/851 4686/1553/851 4687/1551/851
f 4684/1546/851 4688/1554/851 4686/1553/851
f 4684/1546/851 4682/1548/851 4688/1554/851
f 4682/1548/851 4690/1555/851 4688/1554/851
f 4688/1554/872 4691/1556/872 4686/1553/872
f 4688/1554/872 4689/1557/872 4691/1556/872
f 4688/1554/873 4692/1174/873 4689/1557/873
f 4688/1554/873 4690/1555/873 4692/1174/873
f 4692/1174/890 4695/1558/890 4689/1557/890
f 4692/1174/890 4693/1559/890 4695/1558/890
f 4694/1560/888 4693/1559/888 4692/1174/888
f 4690/1555/887 4694/1560/887 4692/1174/887
f 4689/1557/891 4695/1558/891 4675/1537/891
f 4675/1537/841 4695/1558/841 4679/1541/841
f 4693/1559/841 4679/1541/841 4695/1558/841
f 4694/1560/888 4696/1561/888 4693/1559/888
f 4533/1384/889 4696/1561/889 4694/1560/889
f 4690/1555/887 4697/1562/887 4694/1560/887
f 4698/1563/886 4694/1560/886 4697/1562/886
f 4698/1563/886 4533/1384/886 4694/1560/886
f 4701/1564/851 4699/1565/851 4698/1563/851
f 4699/1565/851 4700/1566/851 4698/1563/851
f 4701/1564/851 4698/1563/851 4697/1562/851
f 4700/1566/885 4533/1384/885 4698/1563/885
f 4702/1567/875 4701/1564/875 4703/1568/875
f 4702/1567/878 4699/1565/878 4701/1564/878
f 4703/1568/851 4701/1564/851 4697/1562/851
f 4683/1549/874 4703/1568/874 4682/1548/874
f 4702/1567/875 4703/1568/875 4683/1549/875
f 4682/1548/851 4703/1568/851 4690/1555/851
f 4703/1568/851 4697/1562/851 4690/1555/851
f 4706/1569/901 4704/1570/901 4702/1571/901
f 4704/1570/877 4705/1572/877 4702/1571/877
f 4706/1569/876 4702/1571/876 4683/1175/876
f 4702/1567/878 4705/1573/878 4699/1565/878
f 4693/1559/841 4706/1569/841 4679/1541/841
f 4696/1561/841 4706/1569/841 4693/1559/841
f 4679/1541/897 4706/1569/897 4683/1175/897
f 4696/1561/841 4704/1570/841 4706/1569/841
f 4704/1570/877 4534/1385/877 4705/1572/877
f 4532/1387/879 4705/1572/879 4534/1385/879
f 4705/1573/880 4708/1574/880 4699/1565/880
f 4705/1573/880 4707/1575/880 4708/1574/880
f 4532/1387/879 4707/1576/879 4705/1572/879
f 4537/1577/881 4708/1574/881 4707/1575/881
f 4699/1565/851 4708/1574/851 4700/1566/851
f 4709/1578/851 4700/1566/851 4708/1574/851
f 4537/1577/881 4709/1578/881 4708/1574/881
f 4550/1401/882 4709/1578/882 4537/1577/882
f 4709/1578/851 4548/1403/851 4551/1402/851
f 4550/1401/882 4548/1403/882 4709/1578/882
f 4709/1578/851 4528/1382/851 4700/1566/851
f 4709/1578/851 4551/1402/851 4528/1382/851
f 4532/1387/843 4537/1173/843 4707/1576/843
f 4531/1386/841 4704/1570/841 4696/1561/841
f 4531/1386/841 4534/1385/841 4704/1570/841
f 4700/1566/885 4529/1383/885 4533/1384/885
f 4528/1382/839 4529/1383/839 4700/1566/839
f 4533/1384/889 4531/1386/889 4696/1561/889
f 4686/1553/871 4691/1556/871 4672/1536/871
f 4672/1536/892 4691/1556/892 4675/1537/892
f 4689/1557/891 4675/1537/891 4691/1556/891
f 4685/1552/851 4687/1551/851 4668/1533/851
f 4668/1533/868 4687/1551/868 4672/1536/868
f 4686/1553/871 4672/1536/871 4687/1551/871
f 4680/1550/869 4685/1552/869 4669/1531/869
f 4685/1552/851 4668/1533/851 4669/1531/851
f 4676/1538/893 4674/1539/893 4680/1542/893
f 4680/1550/869 4669/1531/869 4710/1579/869
f 4676/1538/893 4680/1542/893 4710/1180/893
f 4712/1580/899 4676/1538/899 4710/1180/899
f 4710/1579/867 4666/1530/867 4711/1581/867
f 4712/1580/899 4710/1180/899 4711/1582/899
f 4710/1579/867 4669/1531/867 4666/1530/867
f 4659/1525/841 4712/1580/841 4656/1522/841
f 4671/1534/841 4712/1580/841 4659/1525/841
f 4712/1580/902 4713/1583/902 4656/1522/902
f 4712/1580/902 4711/1582/902 4713/1583/902
f 4671/1534/841 4676/1538/841 4712/1580/841
f 4656/1522/900 4713/1583/900 4655/1521/900
f 4713/1584/857 4619/1474/857 4655/1585/857
f 4713/1584/857 4664/1528/857 4619/1474/857
f 4711/1581/866 4664/1528/866 4713/1584/866
f 4711/1581/866 4666/1530/866 4664/1528/866
f 4667/1532/863 4671/1534/863 4659/1525/863
f 4658/1524/862 4667/1532/862 4659/1525/862
f 4616/1471/849 4661/1181/849 4612/1468/849
f 4661/1181/847 4613/1466/847 4612/1468/847
f 4661/1181/847 4652/1517/847 4613/1466/847
f 4618/1473/856 4655/1585/856 4619/1474/856
f 4597/1451/880 4605/1455/880 4598/1452/880
f 4584/1438/871 4578/1434/871 4579/1432/871
f 4560/1413/866 4575/1430/866 4714/1246/866
f 4575/1430/902 4566/1420/902 4714/1246/902
f 4575/1430/902 4569/1421/902 4566/1420/902
f 4560/1413/857 4714/1246/857 4557/1409/857
f 4714/1246/900 4568/1419/900 4557/1409/900
f 4714/1246/900 4566/1420/900 4568/1419/900
f 4557/1409/903 4568/1419/903 4556/1408/903
f 4556/1408/841 4568/1419/841 4563/1415/841
f 4563/1415/859 4546/1171/859 4715/1586/859
f 4556/1408/841 4563/1415/841 4715/1586/841
f 4543/1393/841 4556/1408/841 4715/1586/841
f 4542/1395/847 4715/1586/847 4546/1171/847
f 4543/1393/841 4715/1586/841 4542/1395/841
f 4549/1404/852 4553/1407/852 4716/1254/852
f 4553/1407/883 4539/1391/883 4716/1254/883
f 4553/1407/883 4543/1393/883 4539/1391/883
f 4549/1404/884 4716/1254/884 4527/1381/884
f 4527/1381/844 4716/1254/844 4539/1391/844
f 4528/1382/838 4551/1402/838 4527/1381/838
f 4549/1404/884 4527/1381/884 4551/1402/884
f 4536/1390/842 4550/1207/842 4537/1173/842
f 4536/1390/845 4541/1394/845 4550/1207/845
o WaxChimney
v -4.000000 16.350000 15.950000
v -4.000000 21.850000 15.800000
v -5.255737 16.350000 15.225000
v -5.125833 21.850000 15.150000
v -5.255737 16.350000 13.775000
v -5.125833 21.850000 13.850000
v -4.000000 16.350000 13.050000
v -4.000000 21.850000 13.200000
v -2.744263 16.350000 13.775000
v -2.874167 21.850000 13.850000
v -2.744263 16.350000 15.225000
v -2.874167 21.850000 15.150000
v -4.000000 21.700001 16.200001
v -5.472243 21.700001 15.350000
v -4.000000 22.299999 16.100000
v -2.527757 21.700001 15.350000
v -2.614359 22.299999 15.300000
v -2.614359 22.299999 13.700000
v -4.000000 22.299999 12.900000
v -2.527757 21.700001 13.650000
v -5.385641 22.299999 13.700000
v -5.385641 22.299999 15.300000
v -5.472243 21.700001 13.650000
v -4.000000 21.700001 12.800000
v -4.000000 22.279999 13.370000
v -3.021391 22.279999 13.934999
v -4.000000 22.360001 13.370000
v -4.978609 22.279999 13.935000
v -4.978609 22.360001 13.935000
v -4.978609 22.360001 15.065001
v -4.000000 22.360001 15.630000
v -4.978609 22.279999 15.065001
v -3.021391 22.360001 15.065000
v -3.021391 22.360001 13.934999
v -3.021391 22.279999 15.065000
v -4.000000 22.279999 15.630000
vn -0.4999 0.0236 0.8658
vn -0.9997 0.0236 -0.0000
vn -0.4999 0.0236 -0.8658
vn 0.4999 0.0236 -0.8658
vn -0.0000 1.0000 -0.0000
vn 0.9997 0.0236 -0.0000
vn 0.4999 0.0236 0.8658
vn -0.0000 -1.0000 -0.0000
vn -0.4949 0.1429 0.8571
vn 0.4949 0.1429 0.8571
vn 0.9897 0.1429 -0.0000
vn 0.4949 0.1429 -0.8571
vn -0.9897 0.1429 -0.0000
vn -0.4949 0.1429 -0.8571
vn 0.5000 -0.0000 -0.8660
vn -0.5000 -0.0000 -0.8660
vn -1.0000 -0.0000 -0.0000
vn -0.5000 -0.0000 0.8660
vn 1.0000 -0.0000 -0.0000
vn 0.5000 -0.0000 0.8660
vt 1.000000 1.000000
vt 0.833333 0.500000
vt 1.000000 0.500000
vt 0.833333 1.000000
vt 0.666667 0.500000
vt 0.666667 1.000000
vt 0.500000 0.500000
vt 0.500000 1.000000
vt 0.333333 0.500000
vt 0.042154 0.130000
vt 0.250000 0.010000
vt 0.457846 0.130000
vt 0.333333 1.000000
vt 0.166667 0.500000
vt 0.166667 1.000000
vt -0.000000 0.500000
vt 0.957846 0.370000
vt 0.750000 0.010000
vt 0.542154 0.370000
vt 0.457846 0.370000
vt 0.250000 0.490000
vt 0.042154 0.370000
vt -0.000000 1.000000
vt 0.750000 0.490000
vt 0.957846 0.130000
vt 0.542154 0.130000
vt 0.542154 0.370000
vt 0.750000 0.490000
vt 0.957846 0.370000
vt 0.957846 0.130000
vt 0.750000 0.010000
vt 0.542154 0.130000
vt 0.042154 0.370000
vt 0.042154 0.130000
vt 0.457846 0.130000
vt 0.457846 0.370000
s 0
usemtl WaxDark
f 4718/1587/904 4719/1588/904 4717/1589/904
f 4720/1590/905 4721/1591/905 4719/1588/905
f 4722/1592/906 4723/1593/906 4721/1591/906
f 4724/1594/907 4725/1595/907 4723/1593/907
f 4726/1596/908 4724/1597/908 4722/1598/908
f 4726/1599/909 4727/1600/909 4725/1595/909
f 4728/1601/910 4717/1602/910 4727/1600/910
f 4719/1603/911 4723/1604/911 4727/1605/911
f 4718/1587/904 4720/1590/904 4719/1588/904
f 4720/1590/905 4722/1592/905 4721/1591/905
f 4722/1592/906 4724/1594/906 4723/1593/906
f 4724/1594/907 4726/1599/907 4725/1595/907
f 4722/1598/908 4720/1606/908 4726/1596/908
f 4720/1606/908 4718/1607/908 4726/1596/908
f 4718/1607/908 4728/1608/908 4726/1596/908
f 4726/1599/909 4728/1601/909 4727/1600/909
f 4728/1601/910 4718/1609/910 4717/1602/910
f 4727/1605/911 4717/1610/911 4719/1603/911
f 4719/1603/911 4721/1611/911 4723/1604/911
f 4723/1604/911 4725/1612/911 4727/1605/911
usemtl WaxLight
f 4732/1613/911 4729/1614/911 4730/1615/911
f 4731/1587/912 4730/1588/912 4729/1589/912
f 4733/1601/913 4731/1609/913 4729/1602/913
f 4733/1601/913 4729/1602/913 4732/1600/913
f 4734/1599/914 4733/1601/914 4732/1600/914
f 4731/1607/908 4733/1608/908 4734/1596/908
f 4734/1596/908 4735/1597/908 4737/1598/908
f 4735/1594/915 4734/1599/915 4736/1595/915
f 4734/1599/914 4732/1600/914 4736/1595/914
f 4731/1607/908 4734/1596/908 4737/1598/908
f 4737/1598/908 4738/1606/908 4731/1607/908
f 4738/1590/916 4737/1592/916 4739/1591/916
f 4737/1592/917 4740/1593/917 4739/1591/917
f 4737/1592/917 4735/1594/917 4740/1593/917
f 4730/1615/911 4739/1616/911 4740/1617/911
f 4735/1594/915 4736/1595/915 4740/1593/915
f 4740/1617/911 4736/1618/911 4732/1613/911
f 4730/1615/911 4740/1617/911 4732/1613/911
f 4738/1590/916 4739/1591/916 4730/1588/916
f 4731/1587/912 4738/1590/912 4730/1588/912
usemtl Ink
f 4744/1613/911 4741/1614/911 4742/1615/911
f 4743/1587/918 4742/1588/918 4741/1589/918
f 4745/1601/919 4743/1609/919 4741/1602/919
f 4745/1601/919 4741/1602/919 4744/1600/919
f 4746/1599/920 4745/1601/920 4744/1600/920
f 4743/1607/908 4745/1619/908 4746/1620/908
f 4746/1620/908 4747/1597/908 4749/1621/908
f 4747/1594/921 4746/1599/921 4748/1595/921
f 4746/1599/920 4744/1600/920 4748/1595/920
f 4743/1607/908 4746/1620/908 4749/1621/908
f 4749/1621/908 4750/1622/908 4743/1607/908
f 4750/1590/922 4749/1592/922 4751/1591/922
f 4749/1592/923 4752/1593/923 4751/1591/923
f 4749/1592/923 4747/1594/923 4752/1593/923
f 4742/1615/911 4751/1616/911 4752/1617/911
f 4747/1594/921 4748/1595/921 4752/1593/921
f 4752/1617/911 4748/1618/911 4744/1613/911
f 4742/1615/911 4752/1617/911 4744/1613/911
f 4750/1590/922 4751/1591/922 4742/1588/922
f 4743/1587/918 4750/1590/918 4742/1588/918
o Garden
v 10.500000 2.150000 0.000000
v 10.500000 1.799617 0.283156
v 10.500000 1.300000 0.350000
v 10.500000 1.037336 0.332870
v 10.500000 0.800382 0.283156
v 10.500000 0.491602 0.108156
v 10.500000 0.450000 0.000000
v 10.440872 2.108398 0.099923
v 10.387532 1.987664 0.190065
v 10.345201 1.799617 0.261602
v 10.318024 1.562664 0.307532
v 10.308659 1.300000 0.323358
v 10.318024 1.037336 0.307532
v 10.345201 0.800382 0.261602
v 10.387532 0.612336 0.190065
v 10.440872 0.491602 0.099923
v 10.390746 2.108398 0.076478
v 10.292187 1.987664 0.145469
v 10.213969 1.799617 0.200221
v 10.163751 1.562664 0.235374
v 10.146446 1.300000 0.247487
v 10.163751 1.037336 0.235374
v 10.213969 0.800382 0.200221
v 10.292187 0.612336 0.145469
v 10.390746 0.491602 0.076478
v 10.357253 2.108398 0.041389
v 10.228478 1.987664 0.078727
v 10.126283 1.799617 0.108359
v 10.060669 1.562664 0.127384
v 10.038060 1.300000 0.133939
v 10.060669 1.037336 0.127384
v 10.126283 0.800382 0.108359
v 10.228478 0.612336 0.078727
v 10.357253 0.491602 0.041389
v 10.345491 2.108398 -0.000000
v 10.206107 1.987664 -0.000000
v 10.095491 1.799617 -0.000000
v 10.024471 1.562664 -0.000000
v 10.000000 1.300000 -0.000000
v 10.024471 1.037336 -0.000000
v 10.095491 0.800382 -0.000000
v 10.206107 0.612336 -0.000000
v 10.345491 0.491602 -0.000000
v 10.357253 2.108398 -0.041390
v 10.228478 1.987664 -0.078728
v 10.126283 1.799617 -0.108359
v 10.060669 1.562664 -0.127384
v 10.038060 1.300000 -0.133939
v 10.060669 1.037336 -0.127384
v 10.126283 0.800382 -0.108359
v 10.228478 0.612336 -0.078728
v 10.357253 0.491602 -0.041390
v 10.390746 2.108398 -0.076478
v 10.292187 1.987664 -0.145469
v 10.213969 1.799617 -0.200221
v 10.163751 1.562664 -0.235374
v 10.146446 1.300000 -0.247487
v 10.163751 1.037336 -0.235374
v 10.213969 0.800382 -0.200221
v 10.292187 0.612336 -0.145469
v 10.390746 0.491602 -0.076478
v 10.440872 2.108398 -0.099923
v 10.387532 1.987664 -0.190065
v 10.345201 1.799617 -0.261602
v 10.318024 1.562664 -0.307532
v 10.308659 1.300000 -0.323358
v 10.318024 1.037336 -0.307532
v 10.345201 0.800382 -0.261602
v 10.387532 0.612336 -0.190065
v 10.440872 0.491602 -0.099923
v 10.500000 2.108398 -0.108156
v 10.500000 1.987664 -0.205725
v 10.500000 1.799617 -0.283156
v 10.500000 1.562664 -0.332870
v 10.500000 1.300000 -0.350000
v 10.500000 1.037336 -0.332870
v 10.500000 0.800382 -0.283156
v 10.500000 0.612336 -0.205725
v 10.500000 0.491602 -0.108156
v 10.559128 2.108398 -0.099923
v 10.612468 1.987664 -0.190065
v 10.654799 1.799617 -0.261602
v 10.681977 1.562664 -0.307531
v 10.691342 1.300000 -0.323358
v 10.681977 1.037336 -0.307531
v 10.654799 0.800382 -0.261602
v 10.612468 0.612336 -0.190065
v 10.559128 0.491602 -0.099923
v 10.609254 2.108398 -0.076478
v 10.707813 1.987664 -0.145469
v 10.786031 1.799617 -0.200221
v 10.836249 1.562664 -0.235374
v 10.853554 1.300000 -0.247487
v 10.836249 1.037336 -0.235374
v 10.786031 0.800382 -0.200221
v 10.707813 0.612336 -0.145469
v 10.609254 0.491602 -0.076478
v 10.642747 2.108398 -0.041389
v 10.771522 1.987664 -0.078727
v 10.873717 1.799617 -0.108359
v 10.939331 1.562664 -0.127384
v 10.961940 1.300000 -0.133939
v 10.939331 1.037336 -0.127384
v 10.873717 0.800382 -0.108359
v 10.771522 0.612336 -0.078727
v 10.642747 0.491602 -0.041389
v 10.654509 2.108398 0.000000
v 10.793893 1.987664 0.000000
v 10.904509 1.799617 0.000000
v 10.975528 1.562664 0.000000
v 11.000000 1.300000 0.000000
v 10.975528 1.037336 0.000000
v 10.904509 0.800382 0.000000
v 10.793893 0.612336 0.000000
v 10.654509 0.491602 0.000000
v 10.642747 2.108398 0.041390
v 10.771522 1.987664 0.078728
v 10.873717 1.799617 0.108359
v 10.939331 1.562664 0.127384
v 10.961940 1.300000 0.133939
v 10.939331 1.037336 0.127384
v 10.873717 0.800382 0.108359
v 10.771522 0.612336 0.078728
v 10.642747 0.491602 0.041390
v 10.609254 2.108398 0.076478
v 10.707813 1.987664 0.145469
v 10.786031 1.799617 0.200221
v 10.836249 1.562664 0.235375
v 10.853553 1.300000 0.247487
v 10.836249 1.037336 0.235375
v 10.786031 0.800382 0.200221
v 10.707813 0.612336 0.145469
v 10.609254 0.491602 0.076478
v 10.559128 2.108398 0.099923
v 10.612468 1.987664 0.190065
v 10.654799 1.799617 0.261602
v 10.681976 1.562664 0.307532
v 10.691341 1.300000 0.323358
v 10.681976 1.037336 0.307532
v 10.654799 0.800382 0.261602
v 10.612468 0.612336 0.190065
v 10.559128 0.491602 0.099923
v 10.500000 2.108398 0.108156
v 10.500000 1.987664 0.205725
v 10.500000 1.562664 0.332870
v 10.500000 0.612336 0.205725
v 9.500000 2.150000 0.000000
v 9.500000 2.108398 0.108156
v 9.440872 2.108398 0.099923
v 9.390746 2.108398 0.076478
v 9.357253 2.108398 0.041389
v 9.345491 2.108398 -0.000000
v 9.357253 2.108398 -0.041390
v 9.390746 2.108398 -0.076478
v 9.440872 2.108398 -0.099923
v 9.500000 2.108398 -0.108156
v 9.559128 2.108398 -0.099923
v 9.609254 2.108398 -0.076478
v 9.642747 2.108398 -0.041389
v 9.654509 2.108398 0.000000
v 9.642747 2.108398 0.041390
v 9.609254 2.108398 0.076478
v 9.559128 2.108398 0.099923
v 9.612468 1.987664 0.190065
v 9.500000 1.987664 0.205725
v 9.500000 1.799617 0.283156
v 9.387532 1.987664 0.190065
v 9.345201 1.799617 0.261602
v 9.292187 1.987664 0.145469
v 9.213969 1.799617 0.200221
v 9.228478 1.987664 0.078727
v 9.126283 1.799617 0.108359
v 9.206107 1.987664 -0.000000
v 9.095491 1.799617 -0.000000
v 9.228478 1.987664 -0.078728
v 9.126283 1.799617 -0.108359
v 9.060669 1.562664 -0.127384
v 9.213969 1.799617 -0.200221
v 9.163751 1.562664 -0.235374
v 9.146446 1.300000 -0.247487
v 9.318024 1.562664 -0.307532
v 9.308659 1.300000 -0.323358
v 9.318024 1.037336 -0.307532
v 9.500000 1.300000 -0.350000
v 9.163751 1.037336 -0.235374
v 9.213969 0.800382 -0.200221
v 9.060669 1.037336 -0.127384
v 9.126283 0.800382 -0.108359
v 9.228478 0.612336 -0.078728
v 9.095491 0.800382 -0.000000
v 9.206107 0.612336 -0.000000
v 9.345491 0.491602 -0.000000
v 9.228478 0.612336 0.078727
v 9.126283 0.800382 0.108359
v 9.060669 1.037336 0.127384
v 9.213969 0.800382 0.200221
v 9.163751 1.037336 0.235374
v 9.146446 1.300000 0.247487
v 9.318024 1.037336 0.307532
v 9.308659 1.300000 0.323358
v 9.318024 1.562664 0.307532
v 9.500000 1.300000 0.350000
v 9.163751 1.562664 0.235374
v 9.060669 1.562664 0.127384
v 9.038060 1.300000 0.133939
v 9.024471 1.562664 -0.000000
v 9.000000 1.300000 -0.000000
v 9.038060 1.300000 -0.133939
v 9.024471 1.037336 -0.000000
v 9.500000 1.037336 0.332870
v 9.500000 1.562664 0.332870
v 9.691341 1.300000 0.323358
v 9.681976 1.037336 0.307532
v 9.681976 1.562664 0.307532
v 9.654799 1.799617 0.261602
v 9.836249 1.562664 0.235375
v 9.786031 1.799617 0.200221
v 9.707813 1.987664 0.145469
v 9.873717 1.799617 0.108359
v 9.771522 1.987664 0.078728
v 9.793893 1.987664 0.000000
v 9.904509 1.799617 0.000000
v 9.771522 1.987664 -0.078727
v 9.873717 1.799617 -0.108359
v 9.939331 1.562664 -0.127384
v 9.786031 1.799617 -0.200221
v 9.836249 1.562664 -0.235374
v 9.853554 1.300000 -0.247487
v 9.681977 1.562664 -0.307531
v 9.691341 1.300000 -0.323358
v 9.681977 1.037336 -0.307531
v 9.836249 1.037336 -0.235374
v 9.786031 0.800382 -0.200221
v 9.939331 1.037336 -0.127384
v 9.873717 0.800382 -0.108359
v 9.771522 0.612336 -0.078727
v 9.904509 0.800382 0.000000
v 9.793893 0.612336 0.000000
v 9.654509 0.491602 0.000000
v 9.771522 0.612336 0.078728
v 9.873717 0.800382 0.108359
v 9.939331 1.037336 0.127384
v 9.786031 0.800382 0.200221
v 9.836249 1.037336 0.235375
v 9.853553 1.300000 0.247487
v 9.961940 1.300000 0.133939
v 9.939331 1.562664 0.127384
v 9.975528 1.562664 0.000000
v 10.000000 1.300000 0.000000
v 9.961940 1.300000 -0.133939
v 9.975528 1.037336 0.000000
v 9.707813 0.612336 0.145469
v 9.654799 0.800382 0.261602
v 9.612468 0.612336 0.190065
v 9.500000 0.800382 0.283156
v 9.345201 0.800382 0.261602
v 9.500000 0.612336 0.205725
v 9.387532 0.612336 0.190065
v 9.440872 0.491602 0.099923
v 9.292187 0.612336 0.145469
v 9.390746 0.491602 0.076478
v 9.357253 0.491602 0.041389
v 9.500000 0.450000 0.000000
v 9.500000 0.491602 0.108156
v 9.357253 0.491602 -0.041390
v 9.390746 0.491602 -0.076478
v 9.440872 0.491602 -0.099923
v 9.500000 0.491602 -0.108156
v 9.559128 0.491602 -0.099923
v 9.609254 0.491602 -0.076478
v 9.642747 0.491602 -0.041389
v 9.642747 0.491602 0.041390
v 9.609254 0.491602 0.076478
v 9.559128 0.491602 0.099923
v 9.707813 0.612336 -0.145469
v 9.612468 0.612336 -0.190065
v 9.654799 0.800382 -0.261602
v 9.500000 0.800382 -0.283156
v 9.500000 1.037336 -0.332870
v 9.345201 0.800382 -0.261602
v 9.387532 0.612336 -0.190065
v 9.292187 0.612336 -0.145469
v 9.500000 0.612336 -0.205725
v 9.654799 1.799617 -0.261602
v 9.500000 1.562664 -0.332870
v 9.500000 1.799617 -0.283156
v 9.345201 1.799617 -0.261602
v 9.387532 1.987664 -0.190065
v 9.292187 1.987664 -0.145469
v 9.500000 1.987664 -0.205725
v 9.612468 1.987664 -0.190065
v 9.707813 1.987664 -0.145469
v 10.000000 2.150000 0.700000
v 10.000000 2.108398 0.808156
v 9.940872 2.108398 0.799923
v 9.890746 2.108398 0.776478
v 9.857253 2.108398 0.741389
v 9.845491 2.108398 0.700000
v 9.857253 2.108398 0.658610
v 9.890746 2.108398 0.623522
v 9.940872 2.108398 0.600077
v 10.000000 2.108398 0.591844
v 10.059128 2.108398 0.600077
v 10.109254 2.108398 0.623522
v 10.142747 2.108398 0.658611
v 10.154509 2.108398 0.700000
v 10.142747 2.108398 0.741390
v 10.109254 2.108398 0.776478
v 10.059128 2.108398 0.799923
v 10.112468 1.987664 0.890065
v 10.000000 1.987664 0.905725
v 10.000000 1.799617 0.983156
v 9.887532 1.987664 0.890065
v 9.845201 1.799617 0.961602
v 9.792187 1.987664 0.845469
v 9.713969 1.799617 0.900221
v 9.728478 1.987664 0.778727
v 9.626283 1.799617 0.808359
v 9.706107 1.987664 0.700000
v 9.595491 1.799617 0.700000
v 9.728478 1.987664 0.621272
v 9.626283 1.799617 0.591641
v 9.560669 1.562664 0.572616
v 9.713969 1.799617 0.499779
v 9.663751 1.562664 0.464625
v 9.646446 1.300000 0.452513
v 9.818024 1.562664 0.392468
v 9.808659 1.300000 0.376642
v 9.818024 1.037336 0.392468
v 10.000000 1.300000 0.350000
v 9.663751 1.037336 0.464625
v 9.713969 0.800382 0.499779
v 9.560669 1.037336 0.572616
v 9.626283 0.800382 0.591641
v 9.728478 0.612336 0.621272
v 9.595491 0.800382 0.700000
v 9.706107 0.612336 0.700000
v 9.845491 0.491602 0.700000
v 9.728478 0.612336 0.778727
v 9.626283 0.800382 0.808359
v 9.560669 1.037336 0.827384
v 9.713969 0.800382 0.900221
v 9.663751 1.037336 0.935374
v 9.646446 1.300000 0.947487
v 9.818024 1.037336 1.007532
v 9.808659 1.300000 1.023358
v 9.818024 1.562664 1.007532
v 10.000000 1.300000 1.050000
v 9.663751 1.562664 0.935374
v 9.560669 1.562664 0.827384
v 9.538060 1.300000 0.833939
v 9.524471 1.562664 0.700000
v 9.500000 1.300000 0.700000
v 9.538060 1.300000 0.566061
v 9.524471 1.037336 0.700000
v 10.000000 1.037336 1.032870
v 10.000000 1.562664 1.032870
v 10.191341 1.300000 1.023358
v 10.181976 1.562664 1.007532
v 10.181976 1.037336 1.007532
v 10.154799 0.800382 0.961602
v 10.336249 1.037336 0.935374
v 10.286031 0.800382 0.900221
v 10.207813 0.612336 0.845469
v 10.373717 0.800382 0.808359
v 10.271522 0.612336 0.778728
v 10.142747 0.491602 0.741390
v 10.293893 0.612336 0.700000
v 10.154509 0.491602 0.700000
v 10.142747 0.491602 0.658611
v 10.000000 0.450000 0.700000
v 10.271522 0.612336 0.621273
v 10.373717 0.800382 0.591641
v 10.207813 0.612336 0.554531
v 10.286031 0.800382 0.499779
v 10.336249 1.037336 0.464626
v 10.154799 0.800382 0.438398
v 10.181977 1.037336 0.392469
v 10.191341 1.300000 0.376642
v 10.000000 1.037336 0.367130
v 10.000000 0.800382 0.416844
v 9.845201 0.800382 0.438398
v 9.887532 0.612336 0.509935
v 9.792187 0.612336 0.554531
v 9.890746 0.491602 0.623522
v 9.857253 0.491602 0.658610
v 9.940872 0.491602 0.600077
v 10.000000 0.491602 0.591844
v 10.000000 0.612336 0.494275
v 10.112468 0.612336 0.509935
v 10.059128 0.491602 0.600077
v 10.109254 0.491602 0.623522
v 10.181977 1.562664 0.392469
v 10.353554 1.300000 0.452513
v 10.336249 1.562664 0.464626
v 10.286031 1.799617 0.499779
v 10.439331 1.562664 0.572616
v 10.373717 1.799617 0.591641
v 10.271522 1.987664 0.621273
v 10.404509 1.799617 0.700000
v 10.293893 1.987664 0.700000
v 10.271522 1.987664 0.778728
v 10.373717 1.799617 0.808359
v 10.439331 1.562664 0.827384
v 10.286031 1.799617 0.900221
v 10.336249 1.562664 0.935374
v 10.353553 1.300000 0.947487
v 10.461940 1.300000 0.833939
v 10.439331 1.037336 0.827384
v 10.475528 1.037336 0.700000
v 10.404509 0.800382 0.700000
v 10.439331 1.037336 0.572616
v 10.461940 1.300000 0.566061
v 10.500000 1.300000 0.700000
v 10.475528 1.562664 0.700000
v 10.207813 1.987664 0.845469
v 10.154799 1.799617 0.961602
v 10.207813 1.987664 0.554531
v 10.112468 1.987664 0.509935
v 10.154799 1.799617 0.438398
v 10.000000 1.799617 0.416844
v 10.000000 1.562664 0.367130
v 9.845201 1.799617 0.438398
v 9.887532 1.987664 0.509935
v 9.792187 1.987664 0.554531
v 10.000000 1.987664 0.494275
v 10.000000 0.491602 0.808156
v 9.940872 0.491602 0.799923
v 9.890746 0.491602 0.776478
v 9.857253 0.491602 0.741389
v 10.109254 0.491602 0.776478
v 10.059128 0.491602 0.799923
v 10.112468 0.612336 0.890065
v 10.000000 0.612336 0.905725
v 10.000000 0.800382 0.983156
v 9.887532 0.612336 0.890065
v 9.845201 0.800382 0.961602
v 9.792187 0.612336 0.845469
v 10.000000 0.625000 -0.100000
v 10.952628 0.625000 0.450000
v 10.000000 0.975000 -0.100000
v 9.047372 0.625000 0.450000
v 9.047372 0.975000 0.450000
v 9.047372 0.975000 1.550000
v 10.000000 0.975000 2.100000
v 9.047372 0.625000 1.550000
v 10.952628 0.975000 1.550000
v 10.952628 0.975000 0.450000
v 10.952628 0.625000 1.550000
v 10.000000 0.625000 2.100000
v -9.500000 2.150000 0.000000
v -9.500000 2.108398 0.108156
v -9.559128 2.108398 0.099923
v -9.609255 2.108398 0.076478
v -9.642748 2.108398 0.041389
v -9.654509 2.108398 -0.000000
v -9.642748 2.108398 -0.041390
v -9.609255 2.108398 -0.076478
v -9.559128 2.108398 -0.099923
v -9.500000 2.108398 -0.108156
v -9.440872 2.108398 -0.099923
v -9.390745 2.108398 -0.076478
v -9.357252 2.108398 -0.041389
v -9.345491 2.108398 0.000000
v -9.357252 2.108398 0.041390
v -9.390745 2.108398 0.076478
v -9.440872 2.108398 0.099923
v -9.387533 1.987664 0.190065
v -9.500000 1.987664 0.205725
v -9.500000 1.799617 0.283156
v -9.612469 1.987664 0.190065
v -9.654799 1.799617 0.261602
v -9.707813 1.987664 0.145469
v -9.786030 1.799617 0.200221
v -9.771521 1.987664 0.078727
v -9.873716 1.799617 0.108359
v -9.793892 1.987664 -0.000000
v -9.904509 1.799617 -0.000000
v -9.771521 1.987664 -0.078728
v -9.873716 1.799617 -0.108359
v -9.939331 1.562664 -0.127384
v -9.786030 1.799617 -0.200221
v -9.836248 1.562664 -0.235374
v -9.853554 1.300000 -0.247487
v -9.681976 1.562664 -0.307532
v -9.691341 1.300000 -0.323358
v -9.681976 1.037336 -0.307532
v -9.500000 1.300000 -0.350000
v -9.836248 1.037336 -0.235374
v -9.786030 0.800382 -0.200221
v -9.939331 1.037336 -0.127384
v -9.873716 0.800382 -0.108359
v -9.771521 0.612336 -0.078728
v -9.904509 0.800382 -0.000000
v -9.793892 0.612336 -0.000000
v -9.654509 0.491602 -0.000000
v -9.771521 0.612336 0.078727
v -9.873716 0.800382 0.108359
v -9.939331 1.037336 0.127384
v -9.786030 0.800382 0.200221
v -9.836248 1.037336 0.235374
v -9.853554 1.300000 0.247487
v -9.681976 1.037336 0.307532
v -9.691341 1.300000 0.323358
v -9.681976 1.562664 0.307532
v -9.500000 1.300000 0.350000
v -9.836248 1.562664 0.235374
v -9.939331 1.562664 0.127384
v -9.961939 1.300000 0.133939
v -9.975529 1.562664 -0.000000
v -10.000000 1.300000 -0.000000
v -9.961939 1.300000 -0.133939
v -9.975529 1.037336 -0.000000
v -9.500000 1.037336 0.332870
v -9.500000 1.562664 0.332870
v -9.308659 1.300000 0.323358
v -9.318024 1.562664 0.307532
v -9.318024 1.037336 0.307532
v -9.345201 0.800382 0.261602
v -9.163752 1.037336 0.235375
v -9.213970 0.800382 0.200221
v -9.292187 0.612336 0.145469
v -9.126284 0.800382 0.108359
v -9.228479 0.612336 0.078728
v -9.357252 0.491602 0.041390
v -9.206108 0.612336 0.000000
v -9.345491 0.491602 0.000000
v -9.357252 0.491602 -0.041389
v -9.500000 0.450000 0.000000
v -9.228479 0.612336 -0.078727
v -9.126284 0.800382 -0.108359
v -9.292187 0.612336 -0.145469
v -9.213970 0.800382 -0.200221
v -9.163752 1.037336 -0.235374
v -9.345201 0.800382 -0.261602
v -9.318024 1.037336 -0.307531
v -9.308659 1.300000 -0.323358
v -9.500000 1.037336 -0.332870
v -9.500000 0.800382 -0.283156
v -9.654799 0.800382 -0.261602
v -9.612467 0.612336 -0.190065
v -9.707813 0.612336 -0.145469
v -9.609255 0.491602 -0.076478
v -9.642748 0.491602 -0.041390
v -9.559128 0.491602 -0.099923
v -9.500000 0.491602 -0.108156
v -9.500000 0.612336 -0.205725
v -9.387531 0.612336 -0.190065
v -9.440872 0.491602 -0.099923
v -9.390745 0.491602 -0.076478
v -9.318024 1.562664 -0.307531
v -9.146446 1.300000 -0.247487
v -9.163752 1.562664 -0.235374
v -9.213970 1.799617 -0.200221
v -9.060669 1.562664 -0.127384
v -9.126284 1.799617 -0.108359
v -9.228479 1.987664 -0.078727
v -9.095491 1.799617 0.000000
v -9.206108 1.987664 0.000000
v -9.228479 1.987664 0.078728
v -9.126284 1.799617 0.108359
v -9.060669 1.562664 0.127384
v -9.213970 1.799617 0.200221
v -9.163752 1.562664 0.235375
v -9.146446 1.300000 0.247487
v -9.038061 1.300000 0.133939
v -9.060669 1.037336 0.127384
v -9.024471 1.037336 0.000000
v -9.095491 0.800382 0.000000
v -9.060669 1.037336 -0.127384
v -9.038059 1.300000 -0.133939
v -9.000000 1.300000 0.000000
v -9.024471 1.562664 0.000000
v -9.292187 1.987664 0.145469
v -9.345201 1.799617 0.261602
v -9.292187 1.987664 -0.145469
v -9.387531 1.987664 -0.190065
v -9.345201 1.799617 -0.261602
v -9.500000 1.799617 -0.283156
v -9.500000 1.562664 -0.332870
v -9.654799 1.799617 -0.261602
v -9.612467 1.987664 -0.190065
v -9.707813 1.987664 -0.145469
v -9.500000 1.987664 -0.205725
v -9.500000 0.491602 0.108156
v -9.559128 0.491602 0.099923
v -9.609255 0.491602 0.076478
v -9.642748 0.491602 0.041389
v -9.390745 0.491602 0.076478
v -9.440872 0.491602 0.099923
v -9.387533 0.612336 0.190065
v -9.500000 0.612336 0.205725
v -9.500000 0.800382 0.283156
v -9.612469 0.612336 0.190065
v -9.654799 0.800382 0.261602
v -9.707813 0.612336 0.145469
v -10.500000 2.150000 0.000000
v -10.500000 2.108398 0.108156
v -10.559128 2.108398 0.099923
v -10.609255 2.108398 0.076478
v -10.642748 2.108398 0.041389
v -10.654509 2.108398 -0.000000
v -10.642748 2.108398 -0.041390
v -10.609255 2.108398 -0.076478
v -10.559128 2.108398 -0.099923
v -10.500000 2.108398 -0.108156
v -10.440872 2.108398 -0.099923
v -10.390745 2.108398 -0.076478
v -10.357252 2.108398 -0.041389
v -10.345491 2.108398 0.000000
v -10.357252 2.108398 0.041390
v -10.390745 2.108398 0.076478
v -10.440872 2.108398 0.099923
v -10.387533 1.987664 0.190065
v -10.500000 1.987664 0.205725
v -10.500000 1.799617 0.283156
v -10.612469 1.987664 0.190065
v -10.654799 1.799617 0.261602
v -10.707813 1.987664 0.145469
v -10.786030 1.799617 0.200221
v -10.771521 1.987664 0.078727
v -10.873716 1.799617 0.108359
v -10.793892 1.987664 -0.000000
v -10.904509 1.799617 -0.000000
v -10.771521 1.987664 -0.078728
v -10.873716 1.799617 -0.108359
v -10.939331 1.562664 -0.127384
v -10.786030 1.799617 -0.200221
v -10.836248 1.562664 -0.235374
v -10.853554 1.300000 -0.247487
v -10.681976 1.562664 -0.307532
v -10.691341 1.300000 -0.323358
v -10.681976 1.037336 -0.307532
v -10.500000 1.300000 -0.350000
v -10.836248 1.037336 -0.235374
v -10.786030 0.800382 -0.200221
v -10.939331 1.037336 -0.127384
v -10.873716 0.800382 -0.108359
v -10.771521 0.612336 -0.078728
v -10.904509 0.800382 -0.000000
v -10.793892 0.612336 -0.000000
v -10.654509 0.491602 -0.000000
v -10.771521 0.612336 0.078727
v -10.873716 0.800382 0.108359
v -10.939331 1.037336 0.127384
v -10.786030 0.800382 0.200221
v -10.836248 1.037336 0.235374
v -10.853554 1.300000 0.247487
v -10.681976 1.037336 0.307532
v -10.691341 1.300000 0.323358
v -10.681976 1.562664 0.307532
v -10.500000 1.300000 0.350000
v -10.836248 1.562664 0.235374
v -10.939331 1.562664 0.127384
v -10.961939 1.300000 0.133939
v -10.975529 1.562664 -0.000000
v -11.000000 1.300000 -0.000000
v -10.961939 1.300000 -0.133939
v -10.975529 1.037336 -0.000000
v -10.500000 1.037336 0.332870
v -10.500000 1.562664 0.332870
v -10.308659 1.300000 0.323358
v -10.318024 1.562664 0.307532
v -10.318024 1.037336 0.307532
v -10.345201 0.800382 0.261602
v -10.163752 1.037336 0.235375
v -10.213970 0.800382 0.200221
v -10.292187 0.612336 0.145469
v -10.126284 0.800382 0.108359
v -10.228479 0.612336 0.078728
v -10.357252 0.491602 0.041390
v -10.206108 0.612336 0.000000
v -10.345491 0.491602 0.000000
v -10.357252 0.491602 -0.041389
v -10.500000 0.450000 0.000000
v -10.228479 0.612336 -0.078727
v -10.126284 0.800382 -0.108359
v -10.292187 0.612336 -0.145469
v -10.213970 0.800382 -0.200221
v -10.163752 1.037336 -0.235374
v -10.345201 0.800382 -0.261602
v -10.318024 1.037336 -0.307531
v -10.308659 1.300000 -0.323358
v -10.500000 1.037336 -0.332870
v -10.500000 0.800382 -0.283156
v -10.654799 0.800382 -0.261602
v -10.612467 0.612336 -0.190065
v -10.707813 0.612336 -0.145469
v -10.609255 0.491602 -0.076478
v -10.642748 0.491602 -0.041390
v -10.559128 0.491602 -0.099923
v -10.500000 0.491602 -0.108156
v -10.500000 0.612336 -0.205725
v -10.387531 0.612336 -0.190065
v -10.440872 0.491602 -0.099923
v -10.390745 0.491602 -0.076478
v -10.318024 1.562664 -0.307531
v -10.146446 1.300000 -0.247487
v -10.163752 1.562664 -0.235374
v -10.213970 1.799617 -0.200221
v -10.060669 1.562664 -0.127384
v -10.126284 1.799617 -0.108359
v -10.228479 1.987664 -0.078727
v -10.095491 1.799617 0.000000
v -10.206108 1.987664 0.000000
v -10.228479 1.987664 0.078728
v -10.126284 1.799617 0.108359
v -10.060669 1.562664 0.127384
v -10.213970 1.799617 0.200221
v -10.163752 1.562664 0.235375
v -10.146446 1.300000 0.247487
v -10.038061 1.300000 0.133939
v -10.060669 1.037336 0.127384
v -10.024471 1.037336 0.000000
v -10.095491 0.800382 0.000000
v -10.060669 1.037336 -0.127384
v -10.038059 1.300000 -0.133939
v -10.000000 1.300000 0.000000
v -10.024471 1.562664 0.000000
v -10.292187 1.987664 0.145469
v -10.345201 1.799617 0.261602
v -10.292187 1.987664 -0.145469
v -10.387531 1.987664 -0.190065
v -10.345201 1.799617 -0.261602
v -10.500000 1.799617 -0.283156
v -10.500000 1.562664 -0.332870
v -10.654799 1.799617 -0.261602
v -10.612467 1.987664 -0.190065
v -10.707813 1.987664 -0.145469
v -10.500000 1.987664 -0.205725
v -10.500000 0.491602 0.108156
v -10.559128 0.491602 0.099923
v -10.609255 0.491602 0.076478
v -10.642748 0.491602 0.041389
v -10.390745 0.491602 0.076478
v -10.440872 0.491602 0.099923
v -10.387533 0.612336 0.190065
v -10.500000 0.612336 0.205725
v -10.500000 0.800382 0.283156
v -10.612469 0.612336 0.190065
v -10.654799 0.800382 0.261602
v -10.707813 0.612336 0.145469
v -10.000000 2.150000 0.700000
v -10.000000 2.108398 0.808156
v -10.059128 2.108398 0.799923
v -10.109255 2.108398 0.776478
v -10.142748 2.108398 0.741389
v -10.154509 2.108398 0.700000
v -10.142748 2.108398 0.658610
v -10.109255 2.108398 0.623522
v -10.059128 2.108398 0.600077
v -10.000000 2.108398 0.591844
v -9.940872 2.108398 0.600077
v -9.890745 2.108398 0.623522
v -9.857252 2.108398 0.658611
v -9.845491 2.108398 0.700000
v -9.857252 2.108398 0.741390
v -9.890745 2.108398 0.776478
v -9.940872 2.108398 0.799923
v -9.887533 1.987664 0.890065
v -10.000000 1.987664 0.905725
v -10.000000 1.799617 0.983156
v -10.112469 1.987664 0.890065
v -10.154799 1.799617 0.961602
v -10.207813 1.987664 0.845469
v -10.286030 1.799617 0.900221
v -10.271521 1.987664 0.778727
v -10.373716 1.799617 0.808359
v -10.293892 1.987664 0.700000
v -10.404509 1.799617 0.700000
v -10.271521 1.987664 0.621272
v -10.373716 1.799617 0.591641
v -10.439331 1.562664 0.572616
v -10.286030 1.799617 0.499779
v -10.336248 1.562664 0.464625
v -10.353554 1.300000 0.452513
v -10.181976 1.562664 0.392468
v -10.191341 1.300000 0.376642
v -10.181976 1.037336 0.392468
v -10.000000 1.300000 0.350000
v -10.336248 1.037336 0.464625
v -10.286030 0.800382 0.499779
v -10.439331 1.037336 0.572616
v -10.373716 0.800382 0.591641
v -10.271521 0.612336 0.621272
v -10.404509 0.800382 0.700000
v -10.293892 0.612336 0.700000
v -10.154509 0.491602 0.700000
v -10.271521 0.612336 0.778727
v -10.373716 0.800382 0.808359
v -10.439331 1.037336 0.827384
v -10.286030 0.800382 0.900221
v -10.336248 1.037336 0.935374
v -10.353554 1.300000 0.947487
v -10.181976 1.037336 1.007532
v -10.191341 1.300000 1.023358
v -10.181976 1.562664 1.007532
v -10.000000 1.300000 1.050000
v -10.336248 1.562664 0.935374
v -10.439331 1.562664 0.827384
v -10.461939 1.300000 0.833939
v -10.475529 1.562664 0.700000
v -10.500000 1.300000 0.700000
v -10.461939 1.300000 0.566061
v -10.475529 1.037336 0.700000
v -10.000000 1.037336 1.032870
v -10.000000 1.562664 1.032870
v -9.808659 1.300000 1.023358
v -9.818024 1.562664 1.007532
v -9.818024 1.037336 1.007532
v -9.845201 0.800382 0.961602
v -9.663752 1.037336 0.935374
v -9.713970 0.800382 0.900221
v -9.792187 0.612336 0.845469
v -9.626284 0.800382 0.808359
v -9.728479 0.612336 0.778728
v -9.857252 0.491602 0.741390
v -9.706108 0.612336 0.700000
v -9.845491 0.491602 0.700000
v -9.857252 0.491602 0.658611
v -10.000000 0.450000 0.700000
v -9.728479 0.612336 0.621273
v -9.626284 0.800382 0.591641
v -9.792187 0.612336 0.554531
v -9.713970 0.800382 0.499779
v -9.663752 1.037336 0.464626
v -9.845201 0.800382 0.438398
v -9.818024 1.037336 0.392469
v -9.808659 1.300000 0.376642
v -10.000000 1.037336 0.367130
v -10.000000 0.800382 0.416844
v -10.154799 0.800382 0.438398
v -10.112467 0.612336 0.509935
v -10.207813 0.612336 0.554531
v -10.109255 0.491602 0.623522
v -10.142748 0.491602 0.658610
v -10.059128 0.491602 0.600077
v -10.000000 0.491602 0.591844
v -10.000000 0.612336 0.494275
v -9.887531 0.612336 0.509935
v -9.940872 0.491602 0.600077
v -9.890745 0.491602 0.623522
v -9.818024 1.562664 0.392469
v -9.646446 1.300000 0.452513
v -9.663752 1.562664 0.464626
v -9.713970 1.799617 0.499779
v -9.560669 1.562664 0.572616
v -9.626284 1.799617 0.591641
v -9.728479 1.987664 0.621273
v -9.595491 1.799617 0.700000
v -9.706108 1.987664 0.700000
v -9.728479 1.987664 0.778728
v -9.626284 1.799617 0.808359
v -9.560669 1.562664 0.827384
v -9.713970 1.799617 0.900221
v -9.663752 1.562664 0.935374
v -9.646446 1.300000 0.947487
v -9.538061 1.300000 0.833939
v -9.560669 1.037336 0.827384
v -9.524471 1.037336 0.700000
v -9.595491 0.800382 0.700000
v -9.560669 1.037336 0.572616
v -9.538059 1.300000 0.566061
v -9.500000 1.300000 0.700000
v -9.524471 1.562664 0.700000
v -9.792187 1.987664 0.845469
v -9.845201 1.799617 0.961602
v -9.792187 1.987664 0.554531
v -9.887531 1.987664 0.509935
v -9.845201 1.799617 0.438398
v -10.000000 1.799617 0.416844
v -10.000000 1.562664 0.367130
v -10.154799 1.799617 0.438398
v -10.112467 1.987664 0.509935
v -10.207813 1.987664 0.554531
v -10.000000 1.987664 0.494275
v -10.000000 0.491602 0.808156
v -10.059128 0.491602 0.799923
v -10.109255 0.491602 0.776478
v -10.142748 0.491602 0.741389
v -9.890745 0.491602 0.776478
v -9.940872 0.491602 0.799923
v -9.887533 0.612336 0.890065
v -10.000000 0.612336 0.905725
v -10.000000 0.800382 0.983156
v -10.112469 0.612336 0.890065
v -10.154799 0.800382 0.961602
v -10.207813 0.612336 0.845469
v -10.000000 0.625000 -0.100000
v -9.047373 0.625000 0.450000
v -10.000000 0.975000 -0.100000
v -10.952627 0.625000 0.450000
v -10.952627 0.975000 0.450000
v -10.952627 0.975000 1.550000
v -9.047373 0.975000 1.550000
v -9.047373 0.975000 0.450000
v -9.047373 0.625000 1.550000
v -10.000000 0.975000 2.100000
v -10.000000 0.625000 2.100000
v -10.952627 0.625000 1.550000
v 11.500000 2.150000 22.000000
v 11.500000 2.108398 22.108156
v 11.440872 2.108398 22.099922
v 11.390746 2.108398 22.076477
v 11.357253 2.108398 22.041389
v 11.345491 2.108398 22.000000
v 11.357253 2.108398 21.958611
v 11.390746 2.108398 21.923523
v 11.440872 2.108398 21.900078
v 11.500000 2.108398 21.891844
v 11.559128 2.108398 21.900078
v 11.609254 2.108398 21.923523
v 11.642747 2.108398 21.958611
v 11.654509 2.108398 22.000000
v 11.642747 2.108398 22.041389
v 11.609254 2.108398 22.076477
v 11.559128 2.108398 22.099922
v 11.612468 1.987664 22.190065
v 11.500000 1.987664 22.205725
v 11.500000 1.799617 22.283155
v 11.387532 1.987664 22.190065
v 11.345201 1.799617 22.261602
v 11.292187 1.987664 22.145470
v 11.213969 1.799617 22.200222
v 11.228478 1.987664 22.078728
v 11.126283 1.799617 22.108358
v 11.206107 1.987664 22.000000
v 11.095491 1.799617 22.000000
v 11.228478 1.987664 21.921272
v 11.126283 1.799617 21.891642
v 11.060669 1.562664 21.872616
v 11.213969 1.799617 21.799778
v 11.163751 1.562664 21.764626
v 11.146446 1.300000 21.752512
v 11.318024 1.562664 21.692469
v 11.308659 1.300000 21.676641
v 11.318024 1.037336 21.692469
v 11.500000 1.300000 21.650000
v 11.163751 1.037336 21.764626
v 11.213969 0.800382 21.799778
v 11.060669 1.037336 21.872616
v 11.126283 0.800382 21.891642
v 11.228478 0.612336 21.921272
v 11.095491 0.800382 22.000000
v 11.206107 0.612336 22.000000
v 11.345491 0.491602 22.000000
v 11.228478 0.612336 22.078728
v 11.126283 0.800382 22.108358
v 11.060669 1.037336 22.127384
v 11.213969 0.800382 22.200222
v 11.163751 1.037336 22.235374
v 11.146446 1.300000 22.247488
v 11.318024 1.037336 22.307531
v 11.308659 1.300000 22.323359
v 11.318024 1.562664 22.307531
v 11.500000 1.300000 22.350000
v 11.163751 1.562664 22.235374
v 11.060669 1.562664 22.127384
v 11.038060 1.300000 22.133940
v 11.024471 1.562664 22.000000
v 11.000000 1.300000 22.000000
v 11.038060 1.300000 21.866060
v 11.024471 1.037336 22.000000
v 11.500000 1.037336 22.332870
v 11.500000 1.562664 22.332870
v 11.691341 1.300000 22.323359
v 11.681976 1.037336 22.307531
v 11.681976 1.562664 22.307531
v 11.654799 1.799617 22.261602
v 11.836249 1.562664 22.235374
v 11.786031 1.799617 22.200222
v 11.707813 1.987664 22.145470
v 11.873716 1.799617 22.108358
v 11.771522 1.987664 22.078728
v 11.793893 1.987664 22.000000
v 11.904509 1.799617 22.000000
v 11.771522 1.987664 21.921272
v 11.873717 1.799617 21.891642
v 11.939331 1.562664 21.872616
v 11.786031 1.799617 21.799778
v 11.836249 1.562664 21.764626
v 11.853554 1.300000 21.752512
v 11.681977 1.562664 21.692469
v 11.691341 1.300000 21.676641
v 11.681977 1.037336 21.692469
v 11.836249 1.037336 21.764626
v 11.786031 0.800382 21.799778
v 11.939331 1.037336 21.872616
v 11.873717 0.800382 21.891642
v 11.771522 0.612336 21.921272
v 11.904509 0.800382 22.000000
v 11.793893 0.612336 22.000000
v 11.654509 0.491602 22.000000
v 11.771522 0.612336 22.078728
v 11.873716 0.800382 22.108358
v 11.939331 1.037336 22.127384
v 11.786031 0.800382 22.200222
v 11.836249 1.037336 22.235374
v 11.853553 1.300000 22.247488
v 11.961940 1.300000 22.133940
v 11.939331 1.562664 22.127384
v 11.975528 1.562664 22.000000
v 12.000000 1.300000 22.000000
v 11.961940 1.300000 21.866060
v 11.975528 1.037336 22.000000
v 11.707813 0.612336 22.145470
v 11.654799 0.800382 22.261602
v 11.612468 0.612336 22.190065
v 11.500000 0.800382 22.283155
v 11.345201 0.800382 22.261602
v 11.500000 0.612336 22.205725
v 11.387532 0.612336 22.190065
v 11.440872 0.491602 22.099922
v 11.292187 0.612336 22.145470
v 11.390746 0.491602 22.076477
v 11.357253 0.491602 22.041389
v 11.500000 0.450000 22.000000
v 11.500000 0.491602 22.108156
v 11.357253 0.491602 21.958611
v 11.390746 0.491602 21.923523
v 11.440872 0.491602 21.900078
v 11.500000 0.491602 21.891844
v 11.559128 0.491602 21.900078
v 11.609254 0.491602 21.923523
v 11.642747 0.491602 21.958611
v 11.642747 0.491602 22.041389
v 11.609254 0.491602 22.076477
v 11.559128 0.491602 22.099922
v 11.707813 0.612336 21.854530
v 11.612468 0.612336 21.809935
v 11.654799 0.800382 21.738398
v 11.500000 0.800382 21.716845
v 11.500000 1.037336 21.667130
v 11.345201 0.800382 21.738398
v 11.387532 0.612336 21.809935
v 11.292187 0.612336 21.854530
v 11.500000 0.612336 21.794275
v 11.654799 1.799617 21.738398
v 11.500000 1.562664 21.667130
v 11.500000 1.799617 21.716845
v 11.345201 1.799617 21.738398
v 11.387532 1.987664 21.809935
v 11.292187 1.987664 21.854530
v 11.500000 1.987664 21.794275
v 11.612468 1.987664 21.809935
v 11.707813 1.987664 21.854530
v 10.500000 2.150000 22.000000
v 10.500000 2.108398 22.108156
v 10.440872 2.108398 22.099922
v 10.390746 2.108398 22.076477
v 10.357253 2.108398 22.041389
v 10.345491 2.108398 22.000000
v 10.357253 2.108398 21.958611
v 10.390746 2.108398 21.923523
v 10.440872 2.108398 21.900078
v 10.500000 2.108398 21.891844
v 10.559128 2.108398 21.900078
v 10.609254 2.108398 21.923523
v 10.642747 2.108398 21.958611
v 10.654509 2.108398 22.000000
v 10.642747 2.108398 22.041389
v 10.609254 2.108398 22.076477
v 10.559128 2.108398 22.099922
v 10.612468 1.987664 22.190065
v 10.500000 1.987664 22.205725
v 10.500000 1.799617 22.283155
v 10.387532 1.987664 22.190065
v 10.345201 1.799617 22.261602
v 10.292187 1.987664 22.145470
v 10.213969 1.799617 22.200222
v 10.228478 1.987664 22.078728
v 10.126283 1.799617 22.108358
v 10.206107 1.987664 22.000000
v 10.095491 1.799617 22.000000
v 10.228478 1.987664 21.921272
v 10.126283 1.799617 21.891642
v 10.060669 1.562664 21.872616
v 10.213969 1.799617 21.799778
v 10.163751 1.562664 21.764626
v 10.146446 1.300000 21.752512
v 10.318024 1.562664 21.692469
v 10.308659 1.300000 21.676641
v 10.318024 1.037336 21.692469
v 10.500000 1.300000 21.650000
v 10.163751 1.037336 21.764626
v 10.213969 0.800382 21.799778
v 10.060669 1.037336 21.872616
v 10.126283 0.800382 21.891642
v 10.228478 0.612336 21.921272
v 10.095491 0.800382 22.000000
v 10.206107 0.612336 22.000000
v 10.345491 0.491602 22.000000
v 10.228478 0.612336 22.078728
v 10.126283 0.800382 22.108358
v 10.060669 1.037336 22.127384
v 10.213969 0.800382 22.200222
v 10.163751 1.037336 22.235374
v 10.146446 1.300000 22.247488
v 10.318024 1.037336 22.307531
v 10.308659 1.300000 22.323359
v 10.318024 1.562664 22.307531
v 10.500000 1.300000 22.350000
v 10.163751 1.562664 22.235374
v 10.060669 1.562664 22.127384
v 10.038060 1.300000 22.133940
v 10.024471 1.562664 22.000000
v 10.000000 1.300000 22.000000
v 10.038060 1.300000 21.866060
v 10.024471 1.037336 22.000000
v 10.500000 1.037336 22.332870
v 10.500000 1.562664 22.332870
v 10.691341 1.300000 22.323359
v 10.681976 1.562664 22.307531
v 10.681976 1.037336 22.307531
v 10.654799 0.800382 22.261602
v 10.836249 1.037336 22.235374
v 10.786031 0.800382 22.200222
v 10.707813 0.612336 22.145470
v 10.873717 0.800382 22.108358
v 10.771522 0.612336 22.078728
v 10.642747 0.491602 22.041389
v 10.793893 0.612336 22.000000
v 10.654509 0.491602 22.000000
v 10.642747 0.491602 21.958611
v 10.500000 0.450000 22.000000
v 10.771522 0.612336 21.921272
v 10.873717 0.800382 21.891642
v 10.707813 0.612336 21.854530
v 10.786031 0.800382 21.799778
v 10.836249 1.037336 21.764626
v 10.654799 0.800382 21.738398
v 10.681977 1.037336 21.692469
v 10.691342 1.300000 21.676641
v 10.500000 1.037336 21.667130
v 10.500000 0.800382 21.716845
v 10.345201 0.800382 21.738398
v 10.387532 0.612336 21.809935
v 10.292187 0.612336 21.854530
v 10.390746 0.491602 21.923523
v 10.357253 0.491602 21.958611
v 10.440872 0.491602 21.900078
v 10.500000 0.491602 21.891844
v 10.500000 0.612336 21.794275
v 10.612468 0.612336 21.809935
v 10.559128 0.491602 21.900078
v 10.609254 0.491602 21.923523
v 10.681977 1.562664 21.692469
v 10.853554 1.300000 21.752512
v 10.836249 1.562664 21.764626
v 10.786031 1.799617 21.799778
v 10.939331 1.562664 21.872616
v 10.873717 1.799617 21.891642
v 10.771522 1.987664 21.921272
v 10.904509 1.799617 22.000000
v 10.793893 1.987664 22.000000
v 10.771522 1.987664 22.078728
v 10.873717 1.799617 22.108358
v 10.939331 1.562664 22.127384
v 10.786031 1.799617 22.200222
v 10.836249 1.562664 22.235374
v 10.853553 1.300000 22.247488
v 10.961940 1.300000 22.133940
v 10.939331 1.037336 22.127384
v 10.975528 1.037336 22.000000
v 10.904509 0.800382 22.000000
v 10.939331 1.037336 21.872616
v 10.961940 1.300000 21.866060
v 11.000000 1.300000 22.000000
v 10.975528 1.562664 22.000000
v 10.707813 1.987664 22.145470
v 10.654799 1.799617 22.261602
v 10.707813 1.987664 21.854530
v 10.612468 1.987664 21.809935
v 10.654799 1.799617 21.738398
v 10.500000 1.799617 21.716845
v 10.500000 1.562664 21.667130
v 10.345201 1.799617 21.738398
v 10.387532 1.987664 21.809935
v 10.292187 1.987664 21.854530
v 10.500000 1.987664 21.794275
v 10.500000 0.491602 22.108156
v 10.440872 0.491602 22.099922
v 10.390746 0.491602 22.076477
v 10.357253 0.491602 22.041389
v 10.609254 0.491602 22.076477
v 10.559128 0.491602 22.099922
v 10.612468 0.612336 22.190065
v 10.500000 0.612336 22.205725
v 10.500000 0.800382 22.283155
v 10.387532 0.612336 22.190065
v 10.345201 0.800382 22.261602
v 10.292187 0.612336 22.145470
v 11.000000 2.150000 22.700001
v 11.000000 2.108398 22.808157
v 10.940872 2.108398 22.799923
v 10.890746 2.108398 22.776478
v 10.857253 2.108398 22.741390
v 10.845491 2.108398 22.700001
v 10.857253 2.108398 22.658611
v 10.890746 2.108398 22.623524
v 10.940872 2.108398 22.600079
v 11.000000 2.108398 22.591845
v 11.059128 2.108398 22.600079
v 11.109254 2.108398 22.623524
v 11.142747 2.108398 22.658611
v 11.154509 2.108398 22.700001
v 11.142747 2.108398 22.741390
v 11.109254 2.108398 22.776478
v 11.059128 2.108398 22.799923
v 11.112468 1.987664 22.890066
v 11.000000 1.987664 22.905725
v 11.000000 1.799617 22.983156
v 10.887532 1.987664 22.890066
v 10.845201 1.799617 22.961603
v 10.792187 1.987664 22.845470
v 10.713969 1.799617 22.900223
v 10.728478 1.987664 22.778728
v 10.626283 1.799617 22.808359
v 10.706107 1.987664 22.700001
v 10.595491 1.799617 22.700001
v 10.728478 1.987664 22.621273
v 10.626283 1.799617 22.591642
v 10.560669 1.562664 22.572617
v 10.713969 1.799617 22.499779
v 10.663751 1.562664 22.464626
v 10.646446 1.300000 22.452513
v 10.818024 1.562664 22.392469
v 10.808659 1.300000 22.376642
v 10.818024 1.037336 22.392469
v 11.000000 1.300000 22.350000
v 10.663751 1.037336 22.464626
v 10.713969 0.800382 22.499779
v 10.560669 1.037336 22.572617
v 10.626283 0.800382 22.591642
v 10.728478 0.612336 22.621273
v 10.595491 0.800382 22.700001
v 10.706107 0.612336 22.700001
v 10.845491 0.491602 22.700001
v 10.728478 0.612336 22.778728
v 10.626283 0.800382 22.808359
v 10.560669 1.037336 22.827385
v 10.713969 0.800382 22.900223
v 10.663751 1.037336 22.935375
v 10.646446 1.300000 22.947489
v 10.818024 1.037336 23.007532
v 10.808659 1.300000 23.023359
v 10.818024 1.562664 23.007532
v 11.000000 1.300000 23.050001
v 10.663751 1.562664 22.935375
v 10.560669 1.562664 22.827385
v 10.538060 1.300000 22.833941
v 10.524471 1.562664 22.700001
v 10.500000 1.300000 22.700001
v 10.538060 1.300000 22.566061
v 10.524471 1.037336 22.700001
v 11.000000 1.037336 23.032871
v 11.000000 1.562664 23.032871
v 11.191341 1.300000 23.023359
v 11.181976 1.562664 23.007532
v 11.181976 1.037336 23.007532
v 11.154799 0.800382 22.961603
v 11.336249 1.037336 22.935375
v 11.286031 0.800382 22.900223
v 11.207813 0.612336 22.845470
v 11.373717 0.800382 22.808359
v 11.271522 0.612336 22.778728
v 11.142747 0.491602 22.741390
v 11.293893 0.612336 22.700001
v 11.154509 0.491602 22.700001
v 11.142747 0.491602 22.658611
v 11.000000 0.450000 22.700001
v 11.271522 0.612336 22.621273
v 11.373717 0.800382 22.591642
v 11.207813 0.612336 22.554531
v 11.286031 0.800382 22.499779
v 11.336249 1.037336 22.464626
v 11.154799 0.800382 22.438398
v 11.181977 1.037336 22.392469
v 11.191341 1.300000 22.376642
v 11.000000 1.037336 22.367130
v 11.000000 0.800382 22.416845
v 10.845201 0.800382 22.438398
v 10.887532 0.612336 22.509935
v 10.792187 0.612336 22.554531
v 10.890746 0.491602 22.623524
v 10.857253 0.491602 22.658611
v 10.940872 0.491602 22.600079
v 11.000000 0.491602 22.591845
v 11.000000 0.612336 22.494276
v 11.112468 0.612336 22.509935
v 11.059128 0.491602 22.600079
v 11.109254 0.491602 22.623524
v 11.181977 1.562664 22.392469
v 11.353554 1.300000 22.452513
v 11.336249 1.562664 22.464626
v 11.286031 1.799617 22.499779
v 11.439331 1.562664 22.572617
v 11.373717 1.799617 22.591642
v 11.271522 1.987664 22.621273
v 11.404509 1.799617 22.700001
v 11.293893 1.987664 22.700001
v 11.271522 1.987664 22.778728
v 11.373717 1.799617 22.808359
v 11.439331 1.562664 22.827385
v 11.286031 1.799617 22.900223
v 11.336249 1.562664 22.935375
v 11.353553 1.300000 22.947489
v 11.461940 1.300000 22.833941
v 11.439331 1.037336 22.827385
v 11.475528 1.037336 22.700001
v 11.404509 0.800382 22.700001
v 11.439331 1.037336 22.572617
v 11.461940 1.300000 22.566061
v 11.500000 1.300000 22.700001
v 11.475528 1.562664 22.700001
v 11.207813 1.987664 22.845470
v 11.154799 1.799617 22.961603
v 11.207813 1.987664 22.554531
v 11.112468 1.987664 22.509935
v 11.154799 1.799617 22.438398
v 11.000000 1.799617 22.416845
v 11.000000 1.562664 22.367130
v 10.845201 1.799617 22.438398
v 10.887532 1.987664 22.509935
v 10.792187 1.987664 22.554531
v 11.000000 1.987664 22.494276
v 11.000000 0.491602 22.808157
v 10.940872 0.491602 22.799923
v 10.890746 0.491602 22.776478
v 10.857253 0.491602 22.741390
v 11.109254 0.491602 22.776478
v 11.059128 0.491602 22.799923
v 11.112468 0.612336 22.890066
v 11.000000 0.612336 22.905725
v 11.000000 0.800382 22.983156
v 10.887532 0.612336 22.890066
v 10.845201 0.800382 22.961603
v 10.792187 0.612336 22.845470
v 11.000000 0.625000 21.900000
v 11.952628 0.625000 22.450001
v 11.000000 0.975000 21.900000
v 10.047372 0.625000 22.450001
v 10.047372 0.975000 22.450001
v 10.047372 0.975000 23.549999
v 11.000000 0.975000 24.100000
v 10.047372 0.625000 23.549999
v 11.952628 0.975000 23.549999
v 11.952628 0.975000 22.450001
v 11.952628 0.625000 23.549999
v 11.000000 0.625000 24.100000
v -10.500000 2.150000 22.000000
v -10.500000 2.108398 22.108156
v -10.559128 2.108398 22.099922
v -10.609255 2.108398 22.076477
v -10.642748 2.108398 22.041389
v -10.654509 2.108398 22.000000
v -10.642748 2.108398 21.958611
v -10.609255 2.108398 21.923523
v -10.559128 2.108398 21.900078
v -10.500000 2.108398 21.891844
v -10.440872 2.108398 21.900078
v -10.390745 2.108398 21.923523
v -10.357252 2.108398 21.958611
v -10.345491 2.108398 22.000000
v -10.357252 2.108398 22.041389
v -10.390745 2.108398 22.076477
v -10.440872 2.108398 22.099922
v -10.387533 1.987664 22.190065
v -10.500000 1.987664 22.205725
v -10.500000 1.799617 22.283155
v -10.612469 1.987664 22.190065
v -10.654799 1.799617 22.261602
v -10.707813 1.987664 22.145470
v -10.786030 1.799617 22.200222
v -10.771521 1.987664 22.078728
v -10.873716 1.799617 22.108358
v -10.793892 1.987664 22.000000
v -10.904509 1.799617 22.000000
v -10.771521 1.987664 21.921272
v -10.873716 1.799617 21.891642
v -10.939331 1.562664 21.872616
v -10.786030 1.799617 21.799778
v -10.836248 1.562664 21.764626
v -10.853554 1.300000 21.752512
v -10.681976 1.562664 21.692469
v -10.691341 1.300000 21.676641
v -10.681976 1.037336 21.692469
v -10.500000 1.300000 21.650000
v -10.836248 1.037336 21.764626
v -10.786030 0.800382 21.799778
v -10.939331 1.037336 21.872616
v -10.873716 0.800382 21.891642
v -10.771521 0.612336 21.921272
v -10.904509 0.800382 22.000000
v -10.793892 0.612336 22.000000
v -10.654509 0.491602 22.000000
v -10.771521 0.612336 22.078728
v -10.873716 0.800382 22.108358
v -10.939331 1.037336 22.127384
v -10.786030 0.800382 22.200222
v -10.836248 1.037336 22.235374
v -10.853554 1.300000 22.247488
v -10.681976 1.037336 22.307531
v -10.691341 1.300000 22.323359
v -10.681976 1.562664 22.307531
v -10.500000 1.300000 22.350000
v -10.836248 1.562664 22.235374
v -10.939331 1.562664 22.127384
v -10.961939 1.300000 22.133940
v -10.975529 1.562664 22.000000
v -11.000000 1.300000 22.000000
v -10.961939 1.300000 21.866060
v -10.975529 1.037336 22.000000
v -10.500000 1.037336 22.332870
v -10.500000 1.562664 22.332870
v -10.308659 1.300000 22.323359
v -10.318024 1.562664 22.307531
v -10.318024 1.037336 22.307531
v -10.345201 0.800382 22.261602
v -10.163752 1.037336 22.235374
v -10.213970 0.800382 22.200222
v -10.292187 0.612336 22.145470
v -10.126284 0.800382 22.108358
v -10.228479 0.612336 22.078728
v -10.357252 0.491602 22.041389
v -10.206108 0.612336 22.000000
v -10.345491 0.491602 22.000000
v -10.357252 0.491602 21.958611
v -10.500000 0.450000 22.000000
v -10.228479 0.612336 21.921272
v -10.126284 0.800382 21.891642
v -10.292187 0.612336 21.854530
v -10.213970 0.800382 21.799778
v -10.163752 1.037336 21.764626
v -10.345201 0.800382 21.738398
v -10.318024 1.037336 21.692469
v -10.308659 1.300000 21.676641
v -10.500000 1.037336 21.667130
v -10.500000 0.800382 21.716845
v -10.654799 0.800382 21.738398
v -10.612467 0.612336 21.809935
v -10.707813 0.612336 21.854530
v -10.609255 0.491602 21.923523
v -10.642748 0.491602 21.958611
v -10.559128 0.491602 21.900078
v -10.500000 0.491602 21.891844
v -10.500000 0.612336 21.794275
v -10.387531 0.612336 21.809935
v -10.440872 0.491602 21.900078
v -10.390745 0.491602 21.923523
v -10.318024 1.562664 21.692469
v -10.146446 1.300000 21.752512
v -10.163752 1.562664 21.764626
v -10.213970 1.799617 21.799778
v -10.060669 1.562664 21.872616
v -10.126284 1.799617 21.891642
v -10.228479 1.987664 21.921272
v -10.095491 1.799617 22.000000
v -10.206108 1.987664 22.000000
v -10.228479 1.987664 22.078728
v -10.126284 1.799617 22.108358
v -10.060669 1.562664 22.127384
v -10.213970 1.799617 22.200222
v -10.163752 1.562664 22.235374
v -10.146446 1.300000 22.247488
v -10.038061 1.300000 22.133940
v -10.060669 1.037336 22.127384
v -10.024471 1.037336 22.000000
v -10.095491 0.800382 22.000000
v -10.060669 1.037336 21.872616
v -10.038059 1.300000 21.866060
v -10.000000 1.300000 22.000000
v -10.024471 1.562664 22.000000
v -10.292187 1.987664 22.145470
v -10.345201 1.799617 22.261602
v -10.292187 1.987664 21.854530
v -10.387531 1.987664 21.809935
v -10.345201 1.799617 21.738398
v -10.500000 1.799617 21.716845
v -10.500000 1.562664 21.667130
v -10.654799 1.799617 21.738398
v -10.612467 1.987664 21.809935
v -10.707813 1.987664 21.854530
v -10.500000 1.987664 21.794275
v -10.500000 0.491602 22.108156
v -10.559128 0.491602 22.099922
v -10.609255 0.491602 22.076477
v -10.642748 0.491602 22.041389
v -10.390745 0.491602 22.076477
v -10.440872 0.491602 22.099922
v -10.387533 0.612336 22.190065
v -10.500000 0.612336 22.205725
v -10.500000 0.800382 22.283155
v -10.612469 0.612336 22.190065
v -10.654799 0.800382 22.261602
v -10.707813 0.612336 22.145470
v -11.500000 2.150000 22.000000
v -11.500000 2.108398 22.108156
v -11.559128 2.108398 22.099922
v -11.609255 2.108398 22.076477
v -11.642748 2.108398 22.041389
v -11.654509 2.108398 22.000000
v -11.642748 2.108398 21.958611
v -11.609255 2.108398 21.923523
v -11.559128 2.108398 21.900078
v -11.500000 2.108398 21.891844
v -11.440872 2.108398 21.900078
v -11.390745 2.108398 21.923523
v -11.357252 2.108398 21.958611
v -11.345491 2.108398 22.000000
v -11.357252 2.108398 22.041389
v -11.390745 2.108398 22.076477
v -11.440872 2.108398 22.099922
v -11.387533 1.987664 22.190065
v -11.500000 1.987664 22.205725
v -11.500000 1.799617 22.283155
v -11.612469 1.987664 22.190065
v -11.654799 1.799617 22.261602
v -11.707813 1.987664 22.145470
v -11.786030 1.799617 22.200222
v -11.771521 1.987664 22.078728
v -11.873716 1.799617 22.108358
v -11.793892 1.987664 22.000000
v -11.904509 1.799617 22.000000
v -11.771521 1.987664 21.921272
v -11.873716 1.799617 21.891642
v -11.939331 1.562664 21.872616
v -11.786030 1.799617 21.799778
v -11.836248 1.562664 21.764626
v -11.853554 1.300000 21.752512
v -11.681976 1.562664 21.692469
v -11.691341 1.300000 21.676641
v -11.681976 1.037336 21.692469
v -11.500000 1.300000 21.650000
v -11.836248 1.037336 21.764626
v -11.786030 0.800382 21.799778
v -11.939331 1.037336 21.872616
v -11.873716 0.800382 21.891642
v -11.771521 0.612336 21.921272
v -11.904509 0.800382 22.000000
v -11.793892 0.612336 22.000000
v -11.654509 0.491602 22.000000
v -11.771521 0.612336 22.078728
v -11.873716 0.800382 22.108358
v -11.939331 1.037336 22.127384
v -11.786030 0.800382 22.200222
v -11.836248 1.037336 22.235374
v -11.853554 1.300000 22.247488
v -11.681976 1.037336 22.307531
v -11.691341 1.300000 22.323359
v -11.681976 1.562664 22.307531
v -11.500000 1.300000 22.350000
v -11.836248 1.562664 22.235374
v -11.939331 1.562664 22.127384
v -11.961939 1.300000 22.133940
v -11.975529 1.562664 22.000000
v -12.000000 1.300000 22.000000
v -11.961939 1.300000 21.866060
v -11.975529 1.037336 22.000000
v -11.500000 1.037336 22.332870
v -11.500000 1.562664 22.332870
v -11.308659 1.300000 22.323359
v -11.318024 1.037336 22.307531
v -11.318024 1.562664 22.307531
v -11.345201 1.799617 22.261602
v -11.163752 1.562664 22.235374
v -11.213970 1.799617 22.200222
v -11.292187 1.987664 22.145470
v -11.126284 1.799617 22.108358
v -11.228479 1.987664 22.078728
v -11.206108 1.987664 22.000000
v -11.095491 1.799617 22.000000
v -11.228479 1.987664 21.921272
v -11.126284 1.799617 21.891642
v -11.060669 1.562664 21.872616
v -11.213970 1.799617 21.799778
v -11.163752 1.562664 21.764626
v -11.146446 1.300000 21.752512
v -11.318024 1.562664 21.692469
v -11.308659 1.300000 21.676641
v -11.318024 1.037336 21.692469
v -11.163752 1.037336 21.764626
v -11.213970 0.800382 21.799778
v -11.060669 1.037336 21.872616
v -11.126284 0.800382 21.891642
v -11.228479 0.612336 21.921272
v -11.095491 0.800382 22.000000
v -11.206108 0.612336 22.000000
v -11.345491 0.491602 22.000000
v -11.228479 0.612336 22.078728
v -11.126284 0.800382 22.108358
v -11.060669 1.037336 22.127384
v -11.213970 0.800382 22.200222
v -11.163752 1.037336 22.235374
v -11.146446 1.300000 22.247488
v -11.038061 1.300000 22.133940
v -11.060669 1.562664 22.127384
v -11.024471 1.562664 22.000000
v -11.000000 1.300000 22.000000
v -11.038059 1.300000 21.866060
v -11.024471 1.037336 22.000000
v -11.292187 0.612336 22.145470
v -11.345201 0.800382 22.261602
v -11.387533 0.612336 22.190065
v -11.500000 0.800382 22.283155
v -11.654799 0.800382 22.261602
v -11.500000 0.612336 22.205725
v -11.612469 0.612336 22.190065
v -11.559128 0.491602 22.099922
v -11.707813 0.612336 22.145470
v -11.609255 0.491602 22.076477
v -11.642748 0.491602 22.041389
v -11.500000 0.450000 22.000000
v -11.500000 0.491602 22.108156
v -11.642748 0.491602 21.958611
v -11.609255 0.491602 21.923523
v -11.559128 0.491602 21.900078
v -11.500000 0.491602 21.891844
v -11.440872 0.491602 21.900078
v -11.390745 0.491602 21.923523
v -11.357252 0.491602 21.958611
v -11.357252 0.491602 22.041389
v -11.390745 0.491602 22.076477
v -11.440872 0.491602 22.099922
v -11.292187 0.612336 21.854530
v -11.387531 0.612336 21.809935
v -11.345201 0.800382 21.738398
v -11.500000 0.800382 21.716845
v -11.500000 1.037336 21.667130
v -11.654799 0.800382 21.738398
v -11.612467 0.612336 21.809935
v -11.707813 0.612336 21.854530
v -11.500000 0.612336 21.794275
v -11.345201 1.799617 21.738398
v -11.500000 1.562664 21.667130
v -11.500000 1.799617 21.716845
v -11.654799 1.799617 21.738398
v -11.612467 1.987664 21.809935
v -11.707813 1.987664 21.854530
v -11.500000 1.987664 21.794275
v -11.387531 1.987664 21.809935
v -11.292187 1.987664 21.854530
v -11.000000 2.150000 22.700001
v -11.000000 2.108398 22.808157
v -11.059128 2.108398 22.799923
v -11.109255 2.108398 22.776478
v -11.142748 2.108398 22.741390
v -11.154509 2.108398 22.700001
v -11.142748 2.108398 22.658611
v -11.109255 2.108398 22.623524
v -11.059128 2.108398 22.600079
v -11.000000 2.108398 22.591845
v -10.940872 2.108398 22.600079
v -10.890745 2.108398 22.623524
v -10.857252 2.108398 22.658611
v -10.845491 2.108398 22.700001
v -10.857252 2.108398 22.741390
v -10.890745 2.108398 22.776478
v -10.940872 2.108398 22.799923
v -10.887533 1.987664 22.890066
v -11.000000 1.987664 22.905725
v -11.000000 1.799617 22.983156
v -11.112469 1.987664 22.890066
v -11.154799 1.799617 22.961603
v -11.207813 1.987664 22.845470
v -11.286030 1.799617 22.900223
v -11.271521 1.987664 22.778728
v -11.373716 1.799617 22.808359
v -11.293892 1.987664 22.700001
v -11.404509 1.799617 22.700001
v -11.271521 1.987664 22.621273
v -11.373716 1.799617 22.591642
v -11.439331 1.562664 22.572617
v -11.286030 1.799617 22.499779
v -11.336248 1.562664 22.464626
v -11.353554 1.300000 22.452513
v -11.181976 1.562664 22.392469
v -11.191341 1.300000 22.376642
v -11.181976 1.037336 22.392469
v -11.000000 1.300000 22.350000
v -11.336248 1.037336 22.464626
v -11.286030 0.800382 22.499779
v -11.439331 1.037336 22.572617
v -11.373716 0.800382 22.591642
v -11.271521 0.612336 22.621273
v -11.404509 0.800382 22.700001
v -11.293892 0.612336 22.700001
v -11.154509 0.491602 22.700001
v -11.271521 0.612336 22.778728
v -11.373716 0.800382 22.808359
v -11.439331 1.037336 22.827385
v -11.286030 0.800382 22.900223
v -11.336248 1.037336 22.935375
v -11.353554 1.300000 22.947489
v -11.181976 1.037336 23.007532
v -11.191341 1.300000 23.023359
v -11.181976 1.562664 23.007532
v -11.000000 1.300000 23.050001
v -11.336248 1.562664 22.935375
v -11.439331 1.562664 22.827385
v -11.461939 1.300000 22.833941
v -11.475529 1.562664 22.700001
v -11.500000 1.300000 22.700001
v -11.461939 1.300000 22.566061
v -11.475529 1.037336 22.700001
v -11.000000 1.037336 23.032871
v -11.000000 1.562664 23.032871
v -10.808659 1.300000 23.023359
v -10.818024 1.562664 23.007532
v -10.818024 1.037336 23.007532
v -10.845201 0.800382 22.961603
v -10.663752 1.037336 22.935375
v -10.713970 0.800382 22.900223
v -10.792187 0.612336 22.845470
v -10.626284 0.800382 22.808359
v -10.728479 0.612336 22.778728
v -10.857252 0.491602 22.741390
v -10.706108 0.612336 22.700001
v -10.845491 0.491602 22.700001
v -10.857252 0.491602 22.658611
v -11.000000 0.450000 22.700001
v -10.728479 0.612336 22.621273
v -10.626284 0.800382 22.591642
v -10.792187 0.612336 22.554531
v -10.713970 0.800382 22.499779
v -10.663752 1.037336 22.464626
v -10.845201 0.800382 22.438398
v -10.818024 1.037336 22.392469
v -10.808659 1.300000 22.376642
v -11.000000 1.037336 22.367130
v -11.000000 0.800382 22.416845
v -11.154799 0.800382 22.438398
v -11.112467 0.612336 22.509935
v -11.207813 0.612336 22.554531
v -11.109255 0.491602 22.623524
v -11.142748 0.491602 22.658611
v -11.059128 0.491602 22.600079
v -11.000000 0.491602 22.591845
v -11.000000 0.612336 22.494276
v -10.887531 0.612336 22.509935
v -10.940872 0.491602 22.600079
v -10.890745 0.491602 22.623524
v -10.818024 1.562664 22.392469
v -10.646446 1.300000 22.452513
v -10.663752 1.562664 22.464626
v -10.713970 1.799617 22.499779
v -10.560669 1.562664 22.572617
v -10.626284 1.799617 22.591642
v -10.728479 1.987664 22.621273
v -10.595491 1.799617 22.700001
v -10.706108 1.987664 22.700001
v -10.728479 1.987664 22.778728
v -10.626284 1.799617 22.808359
v -10.560669 1.562664 22.827385
v -10.713970 1.799617 22.900223
v -10.663752 1.562664 22.935375
v -10.646446 1.300000 22.947489
v -10.538061 1.300000 22.833941
v -10.560669 1.037336 22.827385
v -10.524471 1.037336 22.700001
v -10.595491 0.800382 22.700001
v -10.560669 1.037336 22.572617
v -10.538059 1.300000 22.566061
v -10.500000 1.300000 22.700001
v -10.524471 1.562664 22.700001
v -10.792187 1.987664 22.845470
v -10.845201 1.799617 22.961603
v -10.792187 1.987664 22.554531
v -10.887531 1.987664 22.509935
v -10.845201 1.799617 22.438398
v -11.000000 1.799617 22.416845
v -11.000000 1.562664 22.367130
v -11.154799 1.799617 22.438398
v -11.112467 1.987664 22.509935
v -11.207813 1.987664 22.554531
v -11.000000 1.987664 22.494276
v -11.000000 0.491602 22.808157
v -11.059128 0.491602 22.799923
v -11.109255 0.491602 22.776478
v -11.142748 0.491602 22.741390
v -10.890745 0.491602 22.776478
v -10.940872 0.491602 22.799923
v -10.887533 0.612336 22.890066
v -11.000000 0.612336 22.905725
v -11.000000 0.800382 22.983156
v -11.112469 0.612336 22.890066
v -11.154799 0.800382 22.961603
v -11.207813 0.612336 22.845470
v -11.000000 0.625000 21.900000
v -10.047373 0.625000 22.450001
v -11.000000 0.975000 21.900000
v -11.952627 0.625000 22.450001
v -11.952627 0.975000 22.450001
v -11.952627 0.975000 23.549999
v -11.000000 0.975000 24.100000
v -11.952627 0.625000 23.549999
v -10.047373 0.975000 23.549999
v -10.047373 0.975000 22.450001
v -10.047373 0.625000 23.549999
v -11.000000 0.625000 24.100000
vn -0.1350 0.2035 0.9697
vn -0.0499 0.9322 0.3586
vn -0.1277 -0.3776 0.9171
vn -0.1376 0.0645 0.9884
vn -0.1077 0.6249 0.7733
vn -0.1077 -0.6249 0.7733
vn -0.1376 -0.0645 0.9884
vn -0.1277 0.3776 0.9171
vn -0.0499 -0.9322 0.3586
vn -0.1350 -0.2035 0.9697
vn -0.4134 0.2187 0.8839
vn -0.1435 0.9409 0.3068
vn -0.3878 -0.4027 0.8291
vn -0.4226 0.0695 0.9036
vn -0.3207 0.6536 0.6856
vn -0.3207 -0.6536 0.6856
vn -0.4226 -0.0695 0.9036
vn -0.3878 0.4027 0.8291
vn -0.1435 -0.9409 0.3068
vn -0.4134 -0.2187 0.8839
vn -0.7008 -0.2478 0.6689
vn -0.7008 0.2478 0.6689
vn -0.2177 0.9536 0.2078
vn -0.6465 -0.4486 0.6171
vn -0.7211 0.0792 0.6883
vn -0.5153 0.7018 0.4919
vn -0.5153 -0.7018 0.4919
vn -0.7211 -0.0792 0.6883
vn -0.6465 0.4486 0.6171
vn -0.2177 -0.9536 0.2078
vn -0.8372 0.4925 0.2379
vn -0.2593 -0.9630 0.0737
vn -0.9243 -0.2770 0.2626
vn -0.9243 0.2770 0.2626
vn -0.2593 0.9630 0.0737
vn -0.8372 -0.4925 0.2379
vn -0.9581 0.0893 0.2722
vn -0.6437 0.7431 0.1829
vn -0.6437 -0.7431 0.1829
vn -0.9581 -0.0893 0.2722
vn -0.6437 -0.7431 -0.1829
vn -0.9581 -0.0893 -0.2722
vn -0.8372 0.4925 -0.2379
vn -0.2593 -0.9630 -0.0737
vn -0.9243 -0.2770 -0.2626
vn -0.9243 0.2770 -0.2626
vn -0.2593 0.9630 -0.0737
vn -0.8372 -0.4925 -0.2379
vn -0.9581 0.0893 -0.2722
vn -0.6437 0.7431 -0.1829
vn -0.7211 0.0792 -0.6883
vn -0.5153 0.7018 -0.4919
vn -0.5153 -0.7018 -0.4919
vn -0.7211 -0.0792 -0.6883
vn -0.6465 0.4486 -0.6171
vn -0.2177 -0.9536 -0.2078
vn -0.7008 -0.2478 -0.6689
vn -0.7008 0.2478 -0.6689
vn -0.2177 0.9536 -0.2078
vn -0.6465 -0.4486 -0.6171
vn -0.1435 0.9409 -0.3068
vn -0.3878 -0.4027 -0.8291
vn -0.4226 0.0695 -0.9036
vn -0.3207 0.6536 -0.6856
vn -0.3207 -0.6536 -0.6856
vn -0.4226 -0.0695 -0.9036
vn -0.3878 0.4027 -0.8291
vn -0.1435 -0.9409 -0.3068
vn -0.4134 -0.2187 -0.8839
vn -0.4134 0.2187 -0.8839
vn -0.1350 0.2035 -0.9697
vn -0.0499 0.9322 -0.3586
vn -0.1277 -0.3776 -0.9171
vn -0.1376 0.0645 -0.9884
vn -0.1077 0.6249 -0.7733
vn -0.1077 -0.6249 -0.7733
vn -0.1376 -0.0645 -0.9884
vn -0.1277 0.3776 -0.9171
vn -0.0499 -0.9322 -0.3586
vn -0.1350 -0.2035 -0.9697
vn 0.0499 -0.9322 -0.3586
vn 0.1350 -0.2035 -0.9697
vn 0.1350 0.2035 -0.9697
vn 0.0499 0.9322 -0.3586
vn 0.1277 -0.3776 -0.9171
vn 0.1376 0.0645 -0.9884
vn 0.1077 0.6249 -0.7733
vn 0.1077 -0.6249 -0.7733
vn 0.1376 -0.0645 -0.9884
vn 0.1277 0.3776 -0.9171
vn 0.4226 -0.0695 -0.9036
vn 0.3878 0.4027 -0.8291
vn 0.1435 -0.9409 -0.3068
vn 0.4134 -0.2187 -0.8839
vn 0.4134 0.2187 -0.8839
vn 0.1435 0.9409 -0.3068
vn 0.3878 -0.4027 -0.8291
vn 0.4226 0.0695 -0.9036
vn 0.3207 0.6536 -0.6856
vn 0.3207 -0.6536 -0.6856
vn 0.5153 0.7018 -0.4919
vn 0.5153 -0.7018 -0.4919
vn 0.7211 -0.0792 -0.6883
vn 0.6465 0.4486 -0.6171
vn 0.2177 -0.9536 -0.2078
vn 0.7008 -0.2478 -0.6689
vn 0.7008 0.2478 -0.6689
vn 0.2177 0.9536 -0.2078
vn 0.6465 -0.4486 -0.6171
vn 0.7211 0.0792 -0.6883
vn 0.9581 0.0893 -0.2722
vn 0.6437 0.7431 -0.1829
vn 0.6437 -0.7431 -0.1829
vn 0.9581 -0.0893 -0.2722
vn 0.8372 0.4925 -0.2379
vn 0.2593 -0.9630 -0.0737
vn 0.9243 -0.2770 -0.2626
vn 0.9243 0.2770 -0.2626
vn 0.2593 0.9630 -0.0737
vn 0.8372 -0.4925 -0.2379
vn 0.2593 0.9630 0.0737
vn 0.8372 -0.4925 0.2379
vn 0.9581 0.0893 0.2722
vn 0.6437 0.7431 0.1829
vn 0.6437 -0.7431 0.1829
vn 0.9581 -0.0893 0.2722
vn 0.8372 0.4925 0.2379
vn 0.2593 -0.9630 0.0737
vn 0.9243 -0.2770 0.2626
vn 0.9243 0.2770 0.2626
vn 0.7008 -0.2478 0.6689
vn 0.7008 0.2478 0.6689
vn 0.2177 0.9536 0.2078
vn 0.6465 -0.4486 0.6171
vn 0.7211 0.0792 0.6883
vn 0.5153 0.7018 0.4919
vn 0.5153 -0.7018 0.4919
vn 0.7211 -0.0792 0.6883
vn 0.6465 0.4486 0.6171
vn 0.2177 -0.9536 0.2078
vn 0.3878 0.4027 0.8291
vn 0.1435 -0.9409 0.3068
vn 0.4134 -0.2187 0.8839
vn 0.4134 0.2187 0.8839
vn 0.1435 0.9409 0.3068
vn 0.3878 -0.4027 0.8291
vn 0.4226 0.0695 0.9036
vn 0.3207 0.6536 0.6856
vn 0.3207 -0.6536 0.6856
vn 0.4226 -0.0695 0.9036
vn 0.1376 -0.0645 0.9884
vn 0.1277 0.3776 0.9171
vn 0.0499 -0.9322 0.3586
vn 0.1350 -0.2035 0.9697
vn 0.1350 0.2035 0.9697
vn 0.0499 0.9322 0.3586
vn 0.1277 -0.3776 0.9171
vn 0.1376 0.0645 0.9884
vn 0.1077 0.6249 0.7733
vn 0.1077 -0.6249 0.7733
vn 0.3207 0.6535 0.6856
vn -0.3207 0.6535 0.6856
vn -0.3207 -0.6535 0.6856
vn 0.3207 -0.6535 0.6856
vn 0.3207 -0.6535 -0.6856
vn -0.3207 -0.6535 -0.6856
vn -0.3207 0.6535 -0.6856
vn 0.3207 0.6535 -0.6856
vn -0.0000 -1.0000 -0.0000
vn 0.5000 -0.0000 -0.8660
vn -0.5000 -0.0000 -0.8660
vn -1.0000 -0.0000 -0.0000
vn -0.0000 1.0000 -0.0000
vn -0.5000 -0.0000 0.8660
vn 1.0000 -0.0000 -0.0000
vn 0.5000 -0.0000 0.8660
vn -0.7008 0.2478 -0.6690
vn -0.7211 0.0793 -0.6883
vn -0.4227 0.0695 -0.9036
vn -0.4227 -0.0695 -0.9036
vn -0.7211 -0.0793 -0.6883
vn -0.7008 -0.2478 -0.6690
vn -0.7008 -0.2478 0.6690
vn -0.7211 -0.0793 0.6883
vn -0.4227 -0.0695 0.9036
vn -0.4227 0.0695 0.9036
vn -0.7211 0.0793 0.6883
vn -0.7008 0.2478 0.6690
vn -0.9581 0.0893 0.2723
vn -0.9581 0.0893 -0.2723
vn -0.9581 -0.0893 -0.2723
vn -0.9581 -0.0893 0.2723
vn 0.4227 -0.0695 -0.9036
vn -0.1077 -0.6249 -0.7732
vn 0.4227 0.0695 -0.9036
vn 0.7008 0.2478 -0.6690
vn 0.9243 0.2770 -0.2627
vn 0.9243 0.2770 0.2627
vn 0.7008 0.2478 0.6690
vn 0.9581 -0.0893 0.2723
vn 0.7008 -0.2478 0.6690
vn 0.9243 -0.2770 0.2627
vn 0.9243 -0.2770 -0.2627
vn 0.9581 -0.0893 -0.2723
vn 0.7008 -0.2478 -0.6690
vn 0.9581 0.0893 -0.2723
vn 0.9581 0.0893 0.2723
vn -0.1077 0.6249 -0.7732
vn -0.1077 0.6249 0.7732
vn -0.9243 0.2770 -0.2627
vn -0.9243 -0.2770 -0.2627
vn -0.9243 -0.2770 0.2627
vn -0.9243 0.2770 0.2627
vn -0.1077 -0.6249 0.7732
vn 0.0499 0.9322 0.3585
vn 0.0499 0.9322 -0.3585
vn 0.1077 0.6249 0.7732
vn 0.4227 -0.0695 0.9036
vn 0.0499 -0.9322 -0.3585
vn 0.7211 0.0793 0.6883
vn 0.4227 0.0695 0.9036
vn 0.7211 -0.0793 0.6883
vn 0.0499 -0.9322 0.3585
vn 0.1077 -0.6249 0.7732
vn -0.2177 0.9537 0.2078
vn -0.2177 0.9537 -0.2078
vn 0.2177 0.9537 -0.2078
vn 0.2177 0.9537 0.2078
vn -0.4134 -0.2188 0.8839
vn -0.4134 0.2188 0.8839
vn -0.1376 -0.0644 0.9884
vn 0.1376 0.0644 0.9884
vn 0.1350 -0.2034 0.9697
vn -0.2177 -0.9537 0.2078
vn 0.2177 -0.9537 -0.2078
vn 0.2177 -0.9537 0.2078
vn -0.1350 -0.2034 -0.9697
vn 0.1077 -0.6249 -0.7732
vn -0.1350 0.2034 -0.9697
vn 0.1077 0.6249 -0.7732
vn -0.1350 0.2034 0.9697
vn 0.1376 -0.0644 0.9884
vn -0.1376 0.0644 0.9884
vn 0.1350 -0.2034 -0.9697
vn -0.1376 -0.0644 -0.9884
vn 0.7211 -0.0793 -0.6883
vn 0.7211 0.0793 -0.6883
vn 0.1350 0.2034 0.9697
vn 0.1350 0.2034 -0.9697
vn -0.1376 0.0644 -0.9884
vn 0.4134 -0.2188 0.8839
vn 0.4134 -0.2188 -0.8839
vn 0.1376 -0.0644 -0.9884
vn -0.4134 -0.2188 -0.8839
vn 0.4134 0.2188 -0.8839
vn 0.4134 0.2188 0.8839
vn 0.1376 0.0644 -0.9884
vn -0.4134 0.2188 -0.8839
vn -0.1350 -0.2034 0.9697
vn -0.0499 0.9322 -0.3585
vn -0.5153 -0.7017 -0.4919
vn -0.2177 -0.9537 -0.2078
vn -0.0499 -0.9322 -0.3585
vn -0.5153 0.7017 -0.4919
vt 0.750000 0.600000
vt 0.687500 0.700000
vt 0.687500 0.600000
vt 0.750000 0.900000
vt 0.718750 1.000000
vt 0.687500 0.900000
vt 0.750000 0.300000
vt 0.687500 0.200000
vt 0.750000 0.200000
vt 0.750000 0.500000
vt 0.687500 0.500000
vt 0.750000 0.800000
vt 0.687500 0.800000
vt 0.687500 0.100000
vt 0.750000 0.100000
vt 0.687500 0.400000
vt 0.750000 0.400000
vt 0.750000 0.700000
vt 0.718750 0.000000
vt 0.687500 0.300000
vt 0.625000 0.700000
vt 0.625000 0.600000
vt 0.656250 1.000000
vt 0.625000 0.900000
vt 0.625000 0.200000
vt 0.625000 0.500000
vt 0.625000 0.800000
vt 0.625000 0.100000
vt 0.625000 0.400000
vt 0.656250 0.000000
vt 0.625000 0.300000
vt 0.562500 0.300000
vt 0.562500 0.700000
vt 0.562500 0.600000
vt 0.593750 1.000000
vt 0.562500 0.900000
vt 0.562500 0.200000
vt 0.562500 0.500000
vt 0.562500 0.800000
vt 0.562500 0.100000
vt 0.562500 0.400000
vt 0.593750 0.000000
vt 0.500000 0.800000
vt 0.500000 0.700000
vt 0.531250 0.000000
vt 0.500000 0.100000
vt 0.500000 0.300000
vt 0.500000 0.600000
vt 0.531250 1.000000
vt 0.500000 0.900000
vt 0.500000 0.200000
vt 0.500000 0.500000
vt 0.500000 0.400000
vt 0.437500 0.200000
vt 0.437500 0.100000
vt 0.437500 0.500000
vt 0.437500 0.400000
vt 0.437500 0.700000
vt 0.468750 0.000000
vt 0.437500 0.300000
vt 0.437500 0.600000
vt 0.468750 1.000000
vt 0.437500 0.900000
vt 0.437500 0.800000
vt 0.375000 0.500000
vt 0.375000 0.800000
vt 0.375000 0.200000
vt 0.375000 0.100000
vt 0.375000 0.400000
vt 0.375000 0.700000
vt 0.406250 0.000000
vt 0.375000 0.300000
vt 0.375000 0.600000
vt 0.406250 1.000000
vt 0.375000 0.900000
vt 0.343750 1.000000
vt 0.312500 0.900000
vt 0.312500 0.300000
vt 0.312500 0.200000
vt 0.312500 0.500000
vt 0.312500 0.800000
vt 0.312500 0.100000
vt 0.312500 0.400000
vt 0.312500 0.700000
vt 0.343750 0.000000
vt 0.312500 0.600000
vt 0.250000 0.600000
vt 0.281250 1.000000
vt 0.250000 0.900000
vt 0.250000 0.300000
vt 0.250000 0.200000
vt 0.250000 0.500000
vt 0.250000 0.800000
vt 0.250000 0.100000
vt 0.250000 0.400000
vt 0.250000 0.700000
vt 0.281250 0.000000
vt 0.218750 0.000000
vt 0.187500 0.100000
vt 0.187500 0.300000
vt 0.187500 0.700000
vt 0.187500 0.600000
vt 0.218750 1.000000
vt 0.187500 0.900000
vt 0.187500 0.200000
vt 0.187500 0.500000
vt 0.187500 0.800000
vt 0.187500 0.400000
vt 0.125000 0.400000
vt 0.125000 0.800000
vt 0.125000 0.700000
vt 0.156250 0.000000
vt 0.125000 0.100000
vt 0.125000 0.300000
vt 0.125000 0.600000
vt 0.156250 1.000000
vt 0.125000 0.900000
vt 0.125000 0.200000
vt 0.125000 0.500000
vt 0.062500 0.900000
vt 0.062500 0.800000
vt 0.062500 0.100000
vt 0.062500 0.400000
vt 0.062500 0.700000
vt 0.093750 0.000000
vt 0.062500 0.300000
vt 0.062500 0.600000
vt 0.093750 1.000000
vt 0.062500 0.200000
vt 0.062500 0.500000
vt 0.000000 0.600000
vt 0.000000 0.500000
vt 0.000000 0.900000
vt 0.000000 0.800000
vt 0.000000 0.100000
vt 0.000000 0.400000
vt 0.000000 0.700000
vt 0.031250 0.000000
vt 0.000000 0.300000
vt 0.031250 1.000000
vt 0.000000 0.200000
vt 1.000000 0.900000
vt 0.968750 1.000000
vt 0.937500 0.900000
vt 1.000000 0.200000
vt 0.937500 0.300000
vt 0.937500 0.200000
vt 1.000000 0.600000
vt 0.937500 0.500000
vt 1.000000 0.500000
vt 0.937500 0.800000
vt 1.000000 0.800000
vt 1.000000 0.100000
vt 0.937500 0.100000
vt 1.000000 0.400000
vt 0.937500 0.400000
vt 0.937500 0.700000
vt 1.000000 0.700000
vt 0.968750 0.000000
vt 1.000000 0.300000
vt 0.937500 0.600000
vt 0.875000 0.400000
vt 0.875000 0.300000
vt 0.875000 0.600000
vt 0.906250 1.000000
vt 0.875000 0.900000
vt 0.875000 0.200000
vt 0.875000 0.500000
vt 0.875000 0.800000
vt 0.875000 0.100000
vt 0.875000 0.700000
vt 0.906250 0.000000
vt 0.812500 0.700000
vt 0.843750 0.000000
vt 0.812500 0.100000
vt 0.812500 0.400000
vt 0.812500 0.300000
vt 0.812500 0.600000
vt 0.843750 1.000000
vt 0.812500 0.900000
vt 0.812500 0.200000
vt 0.812500 0.500000
vt 0.812500 0.800000
vt 0.781250 0.000000
vt 0.781250 1.000000
vt 0.542154 0.370000
vt 0.750000 0.490000
vt 0.957846 0.370000
vt 1.000000 1.000000
vt 0.833333 0.500000
vt 0.166667 1.000000
vt -0.000000 1.000000
vt -0.000000 0.500000
vt 0.166667 0.500000
vt 0.333333 1.000000
vt 0.250000 0.490000
vt 0.042154 0.370000
vt 0.042154 0.130000
vt 0.500000 1.000000
vt 0.333333 0.500000
vt 0.250000 0.010000
vt 0.457846 0.130000
vt 0.457846 0.370000
vt 0.833333 1.000000
vt 0.666667 0.500000
vt 0.666667 1.000000
vt 0.957846 0.130000
vt 0.750000 0.010000
vt 0.500000 0.500000
vt 0.542154 0.130000
s 0
usemtl Leaf
f 4897/1623/924 4762/1624/924 4763/1625/924
f 4895/1626/925 4753/1627/925 4760/1628/925
f 4757/1629/926 4767/1630/926 4898/1631/926
f 4755/1632/927 4763/1625/927 4764/1633/927
f 4896/1634/928 4760/1628/928 4761/1635/928
f 4898/1631/929 4768/1636/929 4758/1637/929
f 4755/1632/930 4765/1638/930 4756/1639/930
f 4754/1640/931 4761/1635/931 4762/1624/931
f 4759/1641/932 4758/1637/932 4768/1636/932
f 4756/1639/933 4766/1642/933 4757/1629/933
f 4763/1625/934 4771/1643/934 4772/1644/934
f 4760/1628/935 4753/1645/935 4769/1646/935
f 4766/1642/936 4776/1647/936 4767/1630/936
f 4764/1633/937 4772/1644/937 4773/1648/937
f 4761/1635/938 4769/1646/938 4770/1649/938
f 4767/1630/939 4777/1650/939 4768/1636/939
f 4764/1633/940 4774/1651/940 4765/1638/940
f 4762/1624/941 4770/1649/941 4771/1643/941
f 4759/1652/942 4768/1636/942 4777/1650/942
f 4765/1638/943 4775/1653/943 4766/1642/943
f 4774/1651/944 4784/1654/944 4775/1653/944
f 4772/1644/945 4780/1655/945 4781/1656/945
f 4769/1646/946 4753/1657/946 4778/1658/946
f 4775/1653/947 4785/1659/947 4776/1647/947
f 4773/1648/948 4781/1656/948 4782/1660/948
f 4770/1649/949 4778/1658/949 4779/1661/949
f 4776/1647/950 4786/1662/950 4777/1650/950
f 4773/1648/951 4783/1663/951 4774/1651/951
f 4771/1643/952 4779/1661/952 4780/1655/952
f 4759/1664/953 4777/1650/953 4786/1662/953
f 4780/1655/954 4788/1665/954 4789/1666/954
f 4759/1667/955 4786/1662/955 4795/1668/955
f 4783/1663/956 4793/1669/956 4784/1654/956
f 4781/1656/957 4789/1666/957 4790/1670/957
f 4778/1658/958 4753/1671/958 4787/1672/958
f 4784/1654/959 4794/1673/959 4785/1659/959
f 4782/1660/960 4790/1670/960 4791/1674/960
f 4779/1661/961 4787/1672/961 4788/1665/961
f 4785/1659/962 4795/1668/962 4786/1662/962
f 4782/1660/963 4792/1675/963 4783/1663/963
f 4795/1668/964 4803/1676/964 4804/1677/964
f 4792/1675/965 4800/1678/965 4801/1679/965
f 4788/1665/966 4798/1680/966 4789/1666/966
f 4759/1681/967 4795/1668/967 4804/1677/967
f 4793/1669/968 4801/1679/968 4802/1682/968
f 4789/1666/969 4799/1683/969 4790/1670/969
f 4787/1672/970 4753/1684/970 4796/1685/970
f 4794/1673/971 4802/1682/971 4803/1676/971
f 4790/1670/972 4800/1678/972 4791/1674/972
f 4787/1672/973 4797/1686/973 4788/1665/973
f 4799/1683/974 4809/1687/974 4800/1678/974
f 4796/1685/975 4806/1688/975 4797/1686/975
f 4804/1677/976 4812/1689/976 4813/1690/976
f 4801/1679/977 4809/1687/977 4810/1691/977
f 4797/1686/978 4807/1692/978 4798/1680/978
f 4759/1693/979 4804/1677/979 4813/1690/979
f 4802/1682/980 4810/1691/980 4811/1694/980
f 4798/1680/981 4808/1695/981 4799/1683/981
f 4796/1685/982 4753/1696/982 4805/1697/982
f 4803/1676/983 4811/1694/983 4812/1689/983
f 4805/1697/984 4753/1698/984 4814/1699/984
f 4812/1689/985 4820/1700/985 4821/1701/985
f 4808/1695/986 4818/1702/986 4809/1687/986
f 4805/1697/987 4815/1703/987 4806/1688/987
f 4813/1690/988 4821/1701/988 4822/1704/988
f 4810/1691/989 4818/1702/989 4819/1705/989
f 4806/1688/990 4816/1706/990 4807/1692/990
f 4759/1707/991 4813/1690/991 4822/1704/991
f 4811/1694/992 4819/1705/992 4820/1700/992
f 4807/1692/993 4817/1708/993 4808/1695/993
f 4816/1706/994 4826/1709/994 4817/1708/994
f 4814/1699/995 4753/1710/995 4823/1711/995
f 4821/1701/996 4829/1712/996 4830/1713/996
f 4817/1708/997 4827/1714/997 4818/1702/997
f 4814/1699/998 4824/1715/998 4815/1703/998
f 4822/1704/999 4830/1713/999 4831/1716/999
f 4819/1705/1000 4827/1714/1000 4828/1717/1000
f 4815/1703/1001 4825/1718/1001 4816/1706/1001
f 4759/1719/1002 4822/1704/1002 4831/1716/1002
f 4820/1700/1003 4828/1717/1003 4829/1712/1003
f 4759/1720/1004 4831/1716/1004 4840/1721/1004
f 4828/1717/1005 4838/1722/1005 4829/1712/1005
f 4826/1709/1006 4834/1723/1006 4835/1724/1006
f 4823/1711/1007 4753/1725/1007 4832/1726/1007
f 4829/1712/1008 4839/1727/1008 4830/1713/1008
f 4827/1714/1009 4835/1724/1009 4836/1728/1009
f 4824/1715/1010 4832/1726/1010 4833/1729/1010
f 4830/1713/1011 4840/1721/1011 4831/1716/1011
f 4827/1714/1012 4837/1730/1012 4828/1717/1012
f 4825/1718/1013 4833/1729/1013 4834/1723/1013
f 4836/1728/1014 4846/1731/1014 4837/1730/1014
f 4834/1723/1015 4842/1732/1015 4843/1733/1015
f 4759/1734/1016 4840/1721/1016 4849/1735/1016
f 4837/1730/1017 4847/1736/1017 4838/1722/1017
f 4835/1724/1018 4843/1733/1018 4844/1737/1018
f 4832/1726/1019 4753/1738/1019 4841/1739/1019
f 4838/1722/1020 4848/1740/1020 4839/1727/1020
f 4836/1728/1021 4844/1737/1021 4845/1741/1021
f 4833/1729/1022 4841/1739/1022 4842/1732/1022
f 4839/1727/1023 4849/1735/1023 4840/1721/1023
f 4842/1732/1024 4850/1742/1024 4851/1743/1024
f 4848/1740/1025 4858/1744/1025 4849/1735/1025
f 4845/1741/1026 4855/1745/1026 4846/1731/1026
f 4843/1733/1027 4851/1743/1027 4852/1746/1027
f 4759/1747/1028 4849/1735/1028 4858/1744/1028
f 4846/1731/1029 4856/1748/1029 4847/1736/1029
f 4844/1737/1030 4852/1746/1030 4853/1749/1030
f 4841/1739/1031 4753/1750/1031 4850/1742/1031
f 4847/1736/1032 4857/1751/1032 4848/1740/1032
f 4845/1741/1033 4853/1749/1033 4854/1752/1033
f 4854/1752/1034 4862/1753/1034 4863/1754/1034
f 4851/1743/1035 4859/1755/1035 4860/1756/1035
f 4857/1751/1036 4867/1757/1036 4858/1744/1036
f 4854/1752/1037 4864/1758/1037 4855/1745/1037
f 4852/1746/1038 4860/1756/1038 4861/1759/1038
f 4759/1760/1039 4858/1744/1039 4867/1757/1039
f 4855/1745/1040 4865/1761/1040 4856/1748/1040
f 4853/1749/1041 4861/1759/1041 4862/1753/1041
f 4850/1742/1042 4753/1762/1042 4859/1755/1042
f 4856/1748/1043 4866/1763/1043 4857/1751/1043
f 4859/1764/1044 4753/1765/1044 4868/1766/1044
f 4866/1767/1045 4874/1768/1045 4875/1769/1045
f 4862/1770/1046 4872/1771/1046 4863/1772/1046
f 4859/1764/1047 4869/1773/1047 4860/1774/1047
f 4867/1775/1048 4875/1769/1048 4876/1776/1048
f 4864/1777/1049 4872/1771/1049 4873/1778/1049
f 4860/1774/1050 4870/1779/1050 4861/1780/1050
f 4759/1781/1051 4867/1775/1051 4876/1776/1051
f 4865/1782/1052 4873/1778/1052 4874/1768/1052
f 4861/1780/1053 4871/1783/1053 4862/1770/1053
f 4874/1768/1054 4882/1784/1054 4883/1785/1054
f 4870/1779/1055 4880/1786/1055 4871/1783/1055
f 4868/1766/1056 4753/1787/1056 4877/1788/1056
f 4875/1769/1057 4883/1785/1057 4884/1789/1057
f 4871/1783/1058 4881/1790/1058 4872/1771/1058
f 4868/1766/1059 4878/1791/1059 4869/1773/1059
f 4876/1776/1060 4884/1789/1060 4885/1792/1060
f 4873/1778/1061 4881/1790/1061 4882/1784/1061
f 4869/1773/1062 4879/1793/1062 4870/1779/1062
f 4759/1794/1063 4876/1776/1063 4885/1792/1063
f 4878/1791/1064 4888/1795/1064 4879/1793/1064
f 4759/1796/1065 4885/1792/1065 4894/1797/1065
f 4883/1785/1066 4891/1798/1066 4892/1799/1066
f 4879/1793/1067 4889/1800/1067 4880/1786/1067
f 4877/1788/1068 4753/1801/1068 4886/1802/1068
f 4884/1789/1069 4892/1799/1069 4893/1803/1069
f 4880/1786/1070 4890/1804/1070 4881/1790/1070
f 4877/1788/1071 4887/1805/1071 4878/1791/1071
f 4885/1792/1072 4893/1803/1072 4894/1797/1072
f 4882/1784/1073 4890/1804/1073 4891/1798/1073
f 4891/1798/1074 4755/1632/1074 4756/1639/1074
f 4887/1805/1075 4754/1640/1075 4888/1795/1075
f 4759/1806/1076 4894/1797/1076 4758/1637/1076
f 4892/1799/1077 4756/1639/1077 4757/1629/1077
f 4888/1795/1078 4897/1623/1078 4889/1800/1078
f 4886/1802/1079 4753/1807/1079 4895/1626/1079
f 4893/1803/1080 4757/1629/1080 4898/1631/1080
f 4889/1800/1081 4755/1632/1081 4890/1804/1081
f 4886/1802/1082 4896/1634/1082 4887/1805/1082
f 4894/1797/1083 4898/1631/1083 4758/1637/1083
f 4897/1623/924 4754/1640/924 4762/1624/924
f 4757/1629/926 4766/1642/926 4767/1630/926
f 4755/1632/927 4897/1623/927 4763/1625/927
f 4896/1634/928 4895/1626/928 4760/1628/928
f 4898/1631/929 4767/1630/929 4768/1636/929
f 4755/1632/930 4764/1633/930 4765/1638/930
f 4754/1640/931 4896/1634/931 4761/1635/931
f 4756/1639/933 4765/1638/933 4766/1642/933
f 4763/1625/934 4762/1624/934 4771/1643/934
f 4766/1642/936 4775/1653/936 4776/1647/936
f 4764/1633/937 4763/1625/937 4772/1644/937
f 4761/1635/938 4760/1628/938 4769/1646/938
f 4767/1630/939 4776/1647/939 4777/1650/939
f 4764/1633/940 4773/1648/940 4774/1651/940
f 4762/1624/941 4761/1635/941 4770/1649/941
f 4765/1638/943 4774/1651/943 4775/1653/943
f 4774/1651/944 4783/1663/944 4784/1654/944
f 4772/1644/945 4771/1643/945 4780/1655/945
f 4775/1653/947 4784/1654/947 4785/1659/947
f 4773/1648/948 4772/1644/948 4781/1656/948
f 4770/1649/949 4769/1646/949 4778/1658/949
f 4776/1647/950 4785/1659/950 4786/1662/950
f 4773/1648/951 4782/1660/951 4783/1663/951
f 4771/1643/952 4770/1649/952 4779/1661/952
f 4780/1655/954 4779/1661/954 4788/1665/954
f 4783/1663/956 4792/1675/956 4793/1669/956
f 4781/1656/957 4780/1655/957 4789/1666/957
f 4784/1654/959 4793/1669/959 4794/1673/959
f 4782/1660/960 4781/1656/960 4790/1670/960
f 4779/1661/961 4778/1658/961 4787/1672/961
f 4785/1659/962 4794/1673/962 4795/1668/962
f 4782/1660/963 4791/1674/963 4792/1675/963
f 4795/1668/964 4794/1673/964 4803/1676/964
f 4792/1675/965 4791/1674/965 4800/1678/965
f 4788/1665/966 4797/1686/966 4798/1680/966
f 4793/1669/968 4792/1675/968 4801/1679/968
f 4789/1666/969 4798/1680/969 4799/1683/969
f 4794/1673/971 4793/1669/971 4802/1682/971
f 4790/1670/972 4799/1683/972 4800/1678/972
f 4787/1672/973 4796/1685/973 4797/1686/973
f 4799/1683/974 4808/1695/974 4809/1687/974
f 4796/1685/975 4805/1697/975 4806/1688/975
f 4804/1677/976 4803/1676/976 4812/1689/976
f 4801/1679/977 4800/1678/977 4809/1687/977
f 4797/1686/978 4806/1688/978 4807/1692/978
f 4802/1682/980 4801/1679/980 4810/1691/980
f 4798/1680/981 4807/1692/981 4808/1695/981
f 4803/1676/983 4802/1682/983 4811/1694/983
f 4812/1689/985 4811/1694/985 4820/1700/985
f 4808/1695/986 4817/1708/986 4818/1702/986
f 4805/1697/987 4814/1699/987 4815/1703/987
f 4813/1690/988 4812/1689/988 4821/1701/988
f 4810/1691/989 4809/1687/989 4818/1702/989
f 4806/1688/990 4815/1703/990 4816/1706/990
f 4811/1694/992 4810/1691/992 4819/1705/992
f 4807/1692/993 4816/1706/993 4817/1708/993
f 4816/1706/994 4825/1718/994 4826/1709/994
f 4821/1701/996 4820/1700/996 4829/1712/996
f 4817/1708/997 4826/1709/997 4827/1714/997
f 4814/1699/998 4823/1711/998 4824/1715/998
f 4822/1704/999 4821/1701/999 4830/1713/999
f 4819/1705/1000 4818/1702/1000 4827/1714/1000
f 4815/1703/1001 4824/1715/1001 4825/1718/1001
f 4820/1700/1003 4819/1705/1003 4828/1717/1003
f 4828/1717/1005 4837/1730/1005 4838/1722/1005
f 4826/1709/1006 4825/1718/1006 4834/1723/1006
f 4829/1712/1008 4838/1722/1008 4839/1727/1008
f 4827/1714/1009 4826/1709/1009 4835/1724/1009
f 4824/1715/1010 4823/1711/1010 4832/1726/1010
f 4830/1713/1011 4839/1727/1011 4840/1721/1011
f 4827/1714/1012 4836/1728/1012 4837/1730/1012
f 4825/1718/1013 4824/1715/1013 4833/1729/1013
f 4836/1728/1014 4845/1741/1014 4846/1731/1014
f 4834/1723/1015 4833/1729/1015 4842/1732/1015
f 4837/1730/1017 4846/1731/1017 4847/1736/1017
f 4835/1724/1018 4834/1723/1018 4843/1733/1018
f 4838/1722/1020 4847/1736/1020 4848/1740/1020
f 4836/1728/1021 4835/1724/1021 4844/1737/1021
f 4833/1729/1022 4832/1726/1022 4841/1739/1022
f 4839/1727/1023 4848/1740/1023 4849/1735/1023
f 4842/1732/1024 4841/1739/1024 4850/1742/1024
f 4848/1740/1025 4857/1751/1025 4858/1744/1025
f 4845/1741/1026 4854/1752/1026 4855/1745/1026
f 4843/1733/1027 4842/1732/1027 4851/1743/1027
f 4846/1731/1029 4855/1745/1029 4856/1748/1029
f 4844/1737/1030 4843/1733/1030 4852/1746/1030
f 4847/1736/1032 4856/1748/1032 4857/1751/1032
f 4845/1741/1033 4844/1737/1033 4853/1749/1033
f 4854/1752/1034 4853/1749/1034 4862/1753/1034
f 4851/1743/1035 4850/1742/1035 4859/1755/1035
f 4857/1751/1036 4866/1763/1036 4867/1757/1036
f 4854/1752/1037 4863/1754/1037 4864/1758/1037
f 4852/1746/1038 4851/1743/1038 4860/1756/1038
f 4855/1745/1040 4864/1758/1040 4865/1761/1040
f 4853/1749/1041 4852/1746/1041 4861/1759/1041
f 4856/1748/1043 4865/1761/1043 4866/1763/1043
f 4866/1767/1045 4865/1782/1045 4874/1768/1045
f 4862/1770/1046 4871/1783/1046 4872/1771/1046
f 4859/1764/1047 4868/1766/1047 4869/1773/1047
f 4867/1775/1048 4866/1767/1048 4875/1769/1048
f 4864/1777/1049 4863/1772/1049 4872/1771/1049
f 4860/1774/1050 4869/1773/1050 4870/1779/1050
f 4865/1782/1052 4864/1777/1052 4873/1778/1052
f 4861/1780/1053 4870/1779/1053 4871/1783/1053
f 4874/1768/1054 4873/1778/1054 4882/1784/1054
f 4870/1779/1055 4879/1793/1055 4880/1786/1055
f 4875/1769/1057 4874/1768/1057 4883/1785/1057
f 4871/1783/1058 4880/1786/1058 4881/1790/1058
f 4868/1766/1059 4877/1788/1059 4878/1791/1059
f 4876/1776/1060 4875/1769/1060 4884/1789/1060
f 4873/1778/1061 4872/1771/1061 4881/1790/1061
f 4869/1773/1062 4878/1791/1062 4879/1793/1062
f 4878/1791/1064 4887/1805/1064 4888/1795/1064
f 4883/1785/1066 4882/1784/1066 4891/1798/1066
f 4879/1793/1067 4888/1795/1067 4889/1800/1067
f 4884/1789/1069 4883/1785/1069 4892/1799/1069
f 4880/1786/1070 4889/1800/1070 4890/1804/1070
f 4877/1788/1071 4886/1802/1071 4887/1805/1071
f 4885/1792/1072 4884/1789/1072 4893/1803/1072
f 4882/1784/1073 4881/1790/1073 4890/1804/1073
f 4891/1798/1074 4890/1804/1074 4755/1632/1074
f 4887/1805/1075 4896/1634/1075 4754/1640/1075
f 4892/1799/1077 4891/1798/1077 4756/1639/1077
f 4888/1795/1078 4754/1640/1078 4897/1623/1078
f 4893/1803/1080 4892/1799/1080 4757/1629/1080
f 4889/1800/1081 4897/1623/1081 4755/1632/1081
f 4886/1802/1082 4895/1626/1082 4896/1634/1082
f 4894/1797/1083 4893/1803/1083 4898/1631/1083
f 4915/1802/1079 4899/1807/1079 4900/1626/1079
f 4900/1626/925 4899/1627/925 4901/1628/925
f 4901/1628/935 4899/1645/935 4902/1646/935
f 4902/1646/946 4899/1657/946 4903/1658/946
f 4903/1658/958 4899/1671/958 4904/1672/958
f 4904/1672/970 4899/1684/970 4905/1685/970
f 4905/1685/982 4899/1696/982 4906/1697/982
f 4906/1697/984 4899/1698/984 4907/1699/984
f 4907/1699/995 4899/1710/995 4908/1711/995
f 4908/1711/1007 4899/1725/1007 4909/1726/1007
f 4909/1726/1019 4899/1738/1019 4910/1739/1019
f 4910/1739/1031 4899/1750/1031 4911/1742/1031
f 4911/1742/1042 4899/1762/1042 4912/1755/1042
f 4912/1764/1044 4899/1765/1044 4913/1766/1044
f 4913/1766/1056 4899/1787/1056 4914/1788/1056
f 4914/1788/1068 4899/1801/1068 4915/1802/1068
f 4914/1788/1084 4915/1802/1084 4916/1805/1084
f 4915/1802/1082 4917/1634/1082 4916/1805/1082
f 4915/1802/1082 4900/1626/1082 4917/1634/1082
f 4917/1634/928 4900/1626/928 4901/1628/928
f 4916/1805/1075 4917/1634/1075 4918/1640/1075
f 4918/1640/931 4917/1634/931 4919/1635/931
f 4917/1634/928 4901/1628/928 4919/1635/928
f 4919/1635/1085 4901/1628/1085 4902/1646/1085
f 4920/1624/941 4919/1635/941 4921/1649/941
f 4918/1640/931 4919/1635/931 4920/1624/931
f 4919/1635/938 4902/1646/938 4921/1649/938
f 4921/1649/949 4902/1646/949 4903/1658/949
f 4922/1643/952 4921/1649/952 4923/1661/952
f 4920/1624/941 4921/1649/941 4922/1643/941
f 4921/1649/949 4903/1658/949 4923/1661/949
f 4923/1661/961 4903/1658/961 4904/1672/961
f 4924/1655/954 4923/1661/954 4925/1665/954
f 4922/1643/952 4923/1661/952 4924/1655/952
f 4923/1661/961 4904/1672/961 4925/1665/961
f 4904/1672/973 4927/1686/973 4925/1665/973
f 4925/1665/966 4928/1680/966 4926/1666/966
f 4924/1655/954 4925/1665/954 4926/1666/954
f 4925/1665/966 4927/1686/966 4928/1680/966
f 4927/1686/978 4930/1692/978 4928/1680/978
f 4926/1666/969 4928/1680/969 4929/1683/969
f 4928/1680/981 4931/1695/981 4929/1683/981
f 4928/1680/981 4930/1692/981 4931/1695/981
f 4930/1692/993 4933/1708/993 4931/1695/993
f 4929/1683/974 4931/1695/974 4932/1687/974
f 4931/1695/986 4934/1702/986 4932/1687/986
f 4931/1695/986 4933/1708/986 4934/1702/986
f 4933/1708/997 4936/1714/997 4934/1702/997
f 4935/1705/1000 4934/1702/1000 4936/1714/1000
f 4937/1691/989 4934/1702/989 4935/1705/989
f 4937/1691/989 4932/1687/989 4934/1702/989
f 4939/1679/977 4932/1687/977 4937/1691/977
f 4938/1694/992 4937/1691/992 4935/1705/992
f 4940/1682/980 4937/1691/980 4938/1694/980
f 4940/1682/980 4939/1679/980 4937/1691/980
f 4942/1669/968 4939/1679/968 4940/1682/968
f 4941/1676/983 4940/1682/983 4938/1694/983
f 4943/1673/971 4940/1682/971 4941/1676/971
f 4943/1673/971 4942/1669/971 4940/1682/971
f 4946/1654/959 4942/1669/959 4943/1673/959
f 4944/1668/964 4943/1673/964 4941/1676/964
f 4945/1659/962 4943/1673/962 4944/1668/962
f 4946/1654/959 4943/1673/959 4945/1659/959
f 4949/1651/944 4947/1663/944 4946/1654/944
f 4947/1663/956 4942/1669/956 4946/1654/956
f 4948/1653/947 4946/1654/947 4945/1659/947
f 4949/1651/944 4946/1654/944 4948/1653/944
f 4952/1633/940 4950/1648/940 4949/1651/940
f 4950/1648/951 4947/1663/951 4949/1651/951
f 4951/1638/943 4949/1651/943 4948/1653/943
f 4952/1633/940 4949/1651/940 4951/1638/940
f 4952/1633/937 4953/1625/937 4955/1644/937
f 4954/1632/927 4953/1625/927 4952/1633/927
f 4954/1632/930 4952/1633/930 4951/1638/930
f 4952/1633/937 4955/1644/937 4950/1648/937
f 4955/1644/945 4922/1643/945 4924/1655/945
f 4953/1625/934 4922/1643/934 4955/1644/934
f 4950/1648/948 4955/1644/948 4956/1656/948
f 4955/1644/945 4924/1655/945 4956/1656/945
f 4956/1656/957 4924/1655/957 4926/1666/957
f 4957/1660/960 4956/1656/960 4958/1670/960
f 4950/1648/948 4956/1656/948 4957/1660/948
f 4956/1656/957 4926/1666/957 4958/1670/957
f 4926/1666/969 4929/1683/969 4958/1670/969
f 4958/1670/972 4960/1678/972 4959/1674/972
f 4957/1660/960 4958/1670/960 4959/1674/960
f 4958/1670/972 4929/1683/972 4960/1678/972
f 4929/1683/974 4932/1687/974 4960/1678/974
f 4939/1679/977 4960/1678/977 4932/1687/977
f 4961/1675/965 4960/1678/965 4939/1679/965
f 4961/1675/965 4959/1674/965 4960/1678/965
f 4957/1660/963 4959/1674/963 4961/1675/963
f 4942/1669/968 4961/1675/968 4939/1679/968
f 4947/1663/956 4961/1675/956 4942/1669/956
f 4957/1660/963 4961/1675/963 4947/1663/963
f 4950/1648/951 4957/1660/951 4947/1663/951
f 4965/1798/1074 4954/1632/1074 4962/1639/1074
f 4954/1632/930 4951/1638/930 4962/1639/930
f 4966/1800/1081 4963/1623/1081 4954/1632/1081
f 4954/1632/927 4963/1623/927 4953/1625/927
f 4965/1798/1074 4964/1804/1074 4954/1632/1074
f 4966/1800/1081 4954/1632/1081 4964/1804/1081
f 4969/1793/1067 4967/1795/1067 4966/1800/1067
f 4967/1795/1078 4963/1623/1078 4966/1800/1078
f 4968/1786/1070 4966/1800/1070 4964/1804/1070
f 4969/1793/1067 4966/1800/1067 4968/1786/1067
f 4972/1773/1062 4970/1791/1062 4969/1793/1062
f 4970/1791/1064 4967/1795/1064 4969/1793/1064
f 4971/1779/1055 4969/1793/1055 4968/1786/1055
f 4972/1773/1062 4969/1793/1062 4971/1779/1062
f 4912/1764/1047 4913/1766/1047 4972/1773/1047
f 4913/1766/1059 4970/1791/1059 4972/1773/1059
f 4973/1774/1050 4972/1773/1050 4971/1779/1050
f 4912/1764/1047 4972/1773/1047 4973/1774/1047
f 4975/1743/1035 4912/1755/1035 4973/1756/1035
f 4973/1774/1050 4971/1779/1050 4974/1780/1050
f 4976/1746/1038 4973/1756/1038 4974/1759/1038
f 4976/1746/1038 4975/1743/1038 4973/1756/1038
f 4978/1733/1027 4975/1743/1027 4976/1746/1027
f 4977/1749/1041 4976/1746/1041 4974/1759/1041
f 4979/1737/1030 4976/1746/1030 4977/1749/1030
f 4979/1737/1030 4978/1733/1030 4976/1746/1030
f 4981/1724/1018 4978/1733/1018 4979/1737/1018
f 4980/1741/1033 4979/1737/1033 4977/1749/1033
f 4982/1728/1021 4979/1737/1021 4980/1741/1021
f 4982/1728/1021 4981/1724/1021 4979/1737/1021
f 4936/1714/1009 4981/1724/1009 4982/1728/1009
f 4936/1714/1012 4982/1728/1012 4983/1730/1012
f 4982/1728/1014 4984/1731/1014 4983/1730/1014
f 4982/1728/1014 4980/1741/1014 4984/1731/1014
f 4980/1741/1026 4986/1745/1026 4984/1731/1026
f 4983/1730/1017 4984/1731/1017 4985/1736/1017
f 4984/1731/1029 4987/1748/1029 4985/1736/1029
f 4984/1731/1029 4986/1745/1029 4987/1748/1029
f 4986/1745/1040 4989/1761/1040 4987/1748/1040
f 4985/1736/1032 4987/1748/1032 4988/1751/1032
f 4987/1748/1043 4990/1763/1043 4988/1751/1043
f 4987/1748/1043 4989/1761/1043 4990/1763/1043
f 4990/1767/1045 4989/1782/1045 4993/1768/1045
f 4991/1775/1048 4990/1767/1048 4992/1769/1048
f 4988/1751/1036 4990/1763/1036 4991/1757/1036
f 4990/1767/1045 4993/1768/1045 4992/1769/1045
f 4993/1768/1054 4994/1778/1054 4996/1784/1054
f 4989/1782/1052 4994/1778/1052 4993/1768/1052
f 4992/1769/1057 4993/1768/1057 4995/1785/1057
f 4993/1768/1054 4996/1784/1054 4995/1785/1054
f 4996/1784/1073 4997/1790/1073 4964/1804/1073
f 4994/1778/1061 4997/1790/1061 4996/1784/1061
f 4995/1785/1066 4996/1784/1066 4965/1798/1066
f 4996/1784/1073 4964/1804/1073 4965/1798/1073
f 4999/1783/1058 4968/1786/1058 4997/1790/1058
f 4968/1786/1070 4964/1804/1070 4997/1790/1070
f 4994/1778/1061 4998/1771/1061 4997/1790/1061
f 4999/1783/1058 4997/1790/1058 4998/1771/1058
f 4974/1780/1053 4971/1779/1053 4999/1783/1053
f 4971/1779/1055 4968/1786/1055 4999/1783/1055
f 5000/1770/1046 4999/1783/1046 4998/1771/1046
f 4974/1780/1053 4999/1783/1053 5000/1770/1053
f 4977/1749/1041 4974/1759/1041 5000/1753/1041
f 5000/1770/1046 4998/1771/1046 5001/1772/1046
f 5002/1752/1034 5000/1753/1034 5001/1754/1034
f 5002/1752/1034 4977/1749/1034 5000/1753/1034
f 4980/1741/1033 4977/1749/1033 5002/1752/1033
f 4980/1741/1026 5002/1752/1026 4986/1745/1026
f 5002/1752/1037 5003/1758/1037 4986/1745/1037
f 5002/1752/1037 5001/1754/1037 5003/1758/1037
f 5003/1777/1049 5001/1772/1049 4998/1771/1049
f 4989/1782/1052 5003/1777/1052 4994/1778/1052
f 4986/1745/1040 5003/1758/1040 4989/1761/1040
f 5003/1777/1049 4998/1771/1049 4994/1778/1049
f 5004/1789/1069 4995/1785/1069 5005/1799/1069
f 4992/1769/1057 4995/1785/1057 5004/1789/1057
f 4995/1785/1066 4965/1798/1066 5005/1799/1066
f 5005/1799/1077 4965/1798/1077 4962/1639/1077
f 5006/1803/1080 5005/1799/1080 5007/1629/1080
f 5004/1789/1069 5005/1799/1069 5006/1803/1069
f 5005/1799/1077 4962/1639/1077 5007/1629/1077
f 4962/1639/933 5008/1642/933 5007/1629/933
f 5007/1629/926 5008/1642/926 5010/1630/926
f 5006/1803/1080 5007/1629/1080 5009/1631/1080
f 5007/1629/926 5010/1630/926 5009/1631/926
f 5008/1642/936 5012/1647/936 5010/1630/936
f 5009/1631/929 5010/1630/929 5011/1636/929
f 5010/1630/1086 5013/1650/1086 5011/1636/1086
f 5010/1630/939 5012/1647/939 5013/1650/939
f 5012/1647/950 5014/1662/950 5013/1650/950
f 5015/1652/942 5011/1636/942 5013/1650/942
f 5015/1664/953 5013/1650/953 5014/1662/953
f 5015/1806/1076 5026/1797/1076 5016/1637/1076
f 5015/1641/932 5016/1637/932 5011/1636/932
f 5015/1667/955 5014/1662/955 4944/1668/955
f 5015/1681/967 4944/1668/967 5017/1677/967
f 5015/1693/979 5017/1677/979 5018/1690/979
f 5015/1707/991 5018/1690/991 5019/1704/991
f 5015/1719/1002 5019/1704/1002 5020/1716/1002
f 5015/1720/1004 5020/1716/1004 5021/1721/1004
f 5015/1734/1016 5021/1721/1016 5022/1735/1016
f 5015/1747/1028 5022/1735/1028 5023/1744/1028
f 5015/1760/1039 5023/1744/1039 4991/1757/1039
f 5015/1781/1051 4991/1775/1051 5024/1776/1051
f 5015/1794/1063 5024/1776/1063 5025/1792/1063
f 5015/1796/1065 5025/1792/1065 5026/1797/1065
f 5026/1797/1083 5006/1803/1083 5009/1631/1083
f 5025/1792/1087 5006/1803/1087 5026/1797/1087
f 5026/1797/1083 5009/1631/1083 5016/1637/1083
f 5025/1792/1072 5004/1789/1072 5006/1803/1072
f 5024/1776/1060 5004/1789/1060 5025/1792/1060
f 5024/1776/1060 4992/1769/1060 5004/1789/1060
f 4991/1775/1048 4992/1769/1048 5024/1776/1048
f 5027/1740/1025 4988/1751/1025 5023/1744/1025
f 4988/1751/1036 4991/1757/1036 5023/1744/1036
f 5027/1740/1025 5023/1744/1025 5022/1735/1025
f 5029/1722/1020 4985/1736/1020 5027/1740/1020
f 4985/1736/1032 4988/1751/1032 5027/1740/1032
f 5028/1727/1088 5027/1740/1088 5022/1735/1088
f 5029/1722/1020 5027/1740/1020 5028/1727/1020
f 5031/1717/1005 4983/1730/1005 5029/1722/1005
f 4983/1730/1017 4985/1736/1017 5029/1722/1017
f 5030/1712/1008 5029/1722/1008 5028/1727/1008
f 5031/1717/1005 5029/1722/1005 5030/1712/1005
f 4936/1714/1012 4983/1730/1012 5031/1717/1012
f 4935/1705/1000 4936/1714/1000 5031/1717/1000
f 5032/1700/1003 5031/1717/1003 5030/1712/1003
f 5032/1700/1003 4935/1705/1003 5031/1717/1003
f 4938/1694/992 4935/1705/992 5032/1700/992
f 5033/1701/996 5032/1700/996 5030/1712/996
f 5034/1689/985 5032/1700/985 5033/1701/985
f 5034/1689/985 4938/1694/985 5032/1700/985
f 4941/1676/983 4938/1694/983 5034/1689/983
f 5018/1690/1089 5034/1689/1089 5033/1701/1089
f 5017/1677/976 5034/1689/976 5018/1690/976
f 5017/1677/976 4941/1676/976 5034/1689/976
f 5019/1704/999 5033/1701/999 5035/1713/999
f 5018/1690/988 5033/1701/988 5019/1704/988
f 5033/1701/996 5030/1712/996 5035/1713/996
f 5030/1712/1008 5028/1727/1008 5035/1713/1008
f 5035/1713/1011 5021/1721/1011 5020/1716/1011
f 5019/1704/999 5035/1713/999 5020/1716/999
f 5035/1713/1011 5028/1727/1011 5021/1721/1011
f 5028/1727/1023 5022/1735/1023 5021/1721/1023
f 4944/1668/964 4941/1676/964 5017/1677/964
f 5009/1631/929 5011/1636/929 5016/1637/929
f 5012/1647/950 4945/1659/950 5014/1662/950
f 4945/1659/962 4944/1668/962 5014/1662/962
f 5008/1642/936 4948/1653/936 5012/1647/936
f 4948/1653/947 4945/1659/947 5012/1647/947
f 4962/1639/933 4951/1638/933 5008/1642/933
f 4951/1638/943 4948/1653/943 5008/1642/943
f 4981/1724/1018 5036/1723/1018 4978/1733/1018
f 5037/1709/1006 5036/1723/1006 4981/1724/1006
f 4936/1714/1009 5037/1709/1009 4981/1724/1009
f 5037/1709/1006 5038/1718/1006 5036/1723/1006
f 5039/1706/994 5038/1718/994 5037/1709/994
f 4933/1708/997 5037/1709/997 4936/1714/997
f 5039/1706/994 5037/1709/994 4933/1708/994
f 5041/1688/990 5040/1703/990 5039/1706/990
f 5040/1703/1001 5038/1718/1001 5039/1706/1001
f 4930/1692/993 5039/1706/993 4933/1708/993
f 5041/1688/990 5039/1706/990 4930/1692/990
f 4905/1685/975 4906/1697/975 5041/1688/975
f 4906/1697/1090 5040/1703/1090 5041/1688/1090
f 4927/1686/978 5041/1688/978 4930/1692/978
f 4905/1685/975 5041/1688/975 4927/1686/975
f 4906/1697/987 4907/1699/987 5040/1703/987
f 4907/1699/998 5042/1715/998 5040/1703/998
f 5040/1703/1001 5042/1715/1001 5038/1718/1001
f 5042/1715/1010 4908/1711/1010 4909/1726/1010
f 4907/1699/998 4908/1711/998 5042/1715/998
f 5038/1718/1013 5042/1715/1013 5043/1729/1013
f 5042/1715/1010 4909/1726/1010 5043/1729/1010
f 5043/1729/1022 4909/1726/1022 4910/1739/1022
f 5036/1723/1015 5043/1729/1015 5044/1732/1015
f 5038/1718/1013 5043/1729/1013 5036/1723/1013
f 5043/1729/1091 4910/1739/1091 5044/1732/1091
f 5044/1732/1024 4910/1739/1024 4911/1742/1024
f 4978/1733/1027 5044/1732/1027 4975/1743/1027
f 5036/1723/1015 5044/1732/1015 4978/1733/1015
f 5044/1732/1024 4911/1742/1024 4975/1743/1024
f 4975/1743/1035 4911/1742/1035 4912/1755/1035
f 4913/1766/1059 4914/1788/1059 4970/1791/1059
f 4914/1788/1071 4916/1805/1071 4970/1791/1071
f 4970/1791/1064 4916/1805/1064 4967/1795/1064
f 4916/1805/1075 4918/1640/1075 4967/1795/1075
f 4967/1795/1078 4918/1640/1078 4963/1623/1078
f 4963/1623/924 4918/1640/924 4920/1624/924
f 4963/1623/924 4920/1624/924 4953/1625/924
f 4953/1625/934 4920/1624/934 4922/1643/934
f 4904/1672/973 4905/1685/973 4927/1686/973
f 5061/1802/1079 5045/1807/1079 5046/1626/1079
f 5046/1626/925 5045/1627/925 5047/1628/925
f 5047/1628/935 5045/1645/935 5048/1646/935
f 5048/1646/946 5045/1657/946 5049/1658/946
f 5049/1658/958 5045/1671/958 5050/1672/958
f 5050/1672/970 5045/1684/970 5051/1685/970
f 5051/1685/982 5045/1696/982 5052/1697/982
f 5052/1697/984 5045/1698/984 5053/1699/984
f 5053/1699/995 5045/1710/995 5054/1711/995
f 5054/1711/1007 5045/1725/1007 5055/1726/1007
f 5055/1726/1019 5045/1738/1019 5056/1739/1019
f 5056/1739/1031 5045/1750/1031 5057/1742/1031
f 5057/1742/1042 5045/1762/1042 5058/1755/1042
f 5058/1764/1044 5045/1765/1044 5059/1766/1044
f 5059/1766/1056 5045/1787/1056 5060/1788/1056
f 5060/1788/1068 5045/1801/1068 5061/1802/1068
f 5060/1788/1084 5061/1802/1084 5062/1805/1084
f 5061/1802/1082 5063/1634/1082 5062/1805/1082
f 5061/1802/1082 5046/1626/1082 5063/1634/1082
f 5063/1634/928 5046/1626/928 5047/1628/928
f 5062/1805/1075 5063/1634/1075 5064/1640/1075
f 5064/1640/931 5063/1634/931 5065/1635/931
f 5063/1634/928 5047/1628/928 5065/1635/928
f 5065/1635/1085 5047/1628/1085 5048/1646/1085
f 5066/1624/941 5065/1635/941 5067/1649/941
f 5064/1640/931 5065/1635/931 5066/1624/931
f 5065/1635/1085 5048/1646/1085 5067/1649/1085
f 5067/1649/949 5048/1646/949 5049/1658/949
f 5068/1643/952 5067/1649/952 5069/1661/952
f 5066/1624/941 5067/1649/941 5068/1643/941
f 5067/1649/949 5049/1658/949 5069/1661/949
f 5069/1661/961 5049/1658/961 5050/1672/961
f 5070/1655/954 5069/1661/954 5071/1665/954
f 5068/1643/952 5069/1661/952 5070/1655/952
f 5069/1661/961 5050/1672/961 5071/1665/961
f 5050/1672/973 5073/1686/973 5071/1665/973
f 5071/1665/966 5074/1680/966 5072/1666/966
f 5070/1655/954 5071/1665/954 5072/1666/954
f 5071/1665/966 5073/1686/966 5074/1680/966
f 5073/1686/978 5076/1692/978 5074/1680/978
f 5072/1666/969 5074/1680/969 5075/1683/969
f 5074/1680/981 5077/1695/981 5075/1683/981
f 5074/1680/981 5076/1692/981 5077/1695/981
f 5076/1692/993 5079/1708/993 5077/1695/993
f 5075/1683/974 5077/1695/974 5078/1687/974
f 5077/1695/986 5080/1702/986 5078/1687/986
f 5077/1695/986 5079/1708/986 5080/1702/986
f 5079/1708/997 5082/1714/997 5080/1702/997
f 5081/1705/1000 5080/1702/1000 5082/1714/1000
f 5083/1691/989 5080/1702/989 5081/1705/989
f 5083/1691/989 5078/1687/989 5080/1702/989
f 5085/1679/977 5078/1687/977 5083/1691/977
f 5084/1694/992 5083/1691/992 5081/1705/992
f 5086/1682/980 5083/1691/980 5084/1694/980
f 5086/1682/980 5085/1679/980 5083/1691/980
f 5088/1669/968 5085/1679/968 5086/1682/968
f 5087/1676/983 5086/1682/983 5084/1694/983
f 5089/1673/971 5086/1682/971 5087/1676/971
f 5089/1673/971 5088/1669/971 5086/1682/971
f 5092/1654/959 5088/1669/959 5089/1673/959
f 5090/1668/964 5089/1673/964 5087/1676/964
f 5091/1659/962 5089/1673/962 5090/1668/962
f 5092/1654/959 5089/1673/959 5091/1659/959
f 5095/1651/944 5093/1663/944 5092/1654/944
f 5093/1663/956 5088/1669/956 5092/1654/956
f 5094/1653/947 5092/1654/947 5091/1659/947
f 5095/1651/944 5092/1654/944 5094/1653/944
f 5098/1633/940 5096/1648/940 5095/1651/940
f 5096/1648/951 5093/1663/951 5095/1651/951
f 5097/1638/943 5095/1651/943 5094/1653/943
f 5098/1633/940 5095/1651/940 5097/1638/940
f 5098/1633/937 5099/1625/937 5101/1644/937
f 5100/1632/927 5099/1625/927 5098/1633/927
f 5100/1632/930 5098/1633/930 5097/1638/930
f 5098/1633/937 5101/1644/937 5096/1648/937
f 5101/1644/945 5068/1643/945 5070/1655/945
f 5099/1625/934 5068/1643/934 5101/1644/934
f 5096/1648/948 5101/1644/948 5102/1656/948
f 5101/1644/945 5070/1655/945 5102/1656/945
f 5102/1656/957 5070/1655/957 5072/1666/957
f 5103/1660/960 5102/1656/960 5104/1670/960
f 5096/1648/948 5102/1656/948 5103/1660/948
f 5102/1656/957 5072/1666/957 5104/1670/957
f 5072/1666/969 5075/1683/969 5104/1670/969
f 5104/1670/972 5106/1678/972 5105/1674/972
f 5103/1660/960 5104/1670/960 5105/1674/960
f 5104/1670/972 5075/1683/972 5106/1678/972
f 5075/1683/974 5078/1687/974 5106/1678/974
f 5085/1679/977 5106/1678/977 5078/1687/977
f 5107/1675/965 5106/1678/965 5085/1679/965
f 5107/1675/965 5105/1674/965 5106/1678/965
f 5103/1660/963 5105/1674/963 5107/1675/963
f 5088/1669/968 5107/1675/968 5085/1679/968
f 5093/1663/956 5107/1675/956 5088/1669/956
f 5103/1660/963 5107/1675/963 5093/1663/963
f 5096/1648/951 5103/1660/951 5093/1663/951
f 5112/1798/1074 5100/1632/1074 5108/1639/1074
f 5100/1632/930 5097/1638/930 5108/1639/930
f 5111/1800/1081 5109/1623/1081 5100/1632/1081
f 5100/1632/927 5109/1623/927 5099/1625/927
f 5112/1798/1074 5110/1804/1074 5100/1632/1074
f 5111/1800/1081 5100/1632/1081 5110/1804/1081
f 5114/1784/1073 5110/1804/1073 5112/1798/1073
f 5113/1799/1077 5112/1798/1077 5108/1639/1077
f 5115/1785/1066 5112/1798/1066 5113/1799/1066
f 5115/1785/1066 5114/1784/1066 5112/1798/1066
f 5117/1768/1054 5114/1784/1054 5115/1785/1054
f 5116/1789/1069 5115/1785/1069 5113/1799/1069
f 5118/1769/1057 5115/1785/1057 5116/1789/1057
f 5118/1769/1057 5117/1768/1057 5115/1785/1057
f 5120/1767/1045 5117/1768/1045 5118/1769/1045
f 5119/1776/1060 5118/1769/1060 5116/1789/1060
f 5121/1775/1048 5118/1769/1048 5119/1776/1048
f 5121/1775/1048 5120/1767/1048 5118/1769/1048
f 5124/1751/1036 5120/1763/1036 5121/1757/1036
f 5123/1760/1039 5122/1744/1039 5121/1757/1039
f 5124/1751/1036 5121/1757/1036 5122/1744/1036
f 5123/1781/1051 5121/1775/1051 5119/1776/1051
f 5127/1736/1032 5125/1748/1032 5124/1751/1032
f 5125/1748/1043 5120/1763/1043 5124/1751/1043
f 5126/1740/1025 5124/1751/1025 5122/1744/1025
f 5127/1736/1032 5124/1751/1032 5126/1740/1032
f 5130/1730/1017 5128/1731/1017 5127/1736/1017
f 5128/1731/1029 5125/1748/1029 5127/1736/1029
f 5129/1722/1020 5127/1736/1020 5126/1740/1020
f 5130/1730/1017 5127/1736/1017 5129/1722/1017
f 5082/1714/1012 5131/1728/1012 5130/1730/1012
f 5131/1728/1014 5128/1731/1014 5130/1730/1014
f 5132/1717/1005 5130/1730/1005 5129/1722/1005
f 5082/1714/1012 5130/1730/1012 5132/1717/1012
f 5081/1705/1000 5082/1714/1000 5132/1717/1000
f 5132/1717/1005 5129/1722/1005 5133/1712/1005
f 5134/1700/1003 5132/1717/1003 5133/1712/1003
f 5134/1700/1003 5081/1705/1003 5132/1717/1003
f 5084/1694/992 5081/1705/992 5134/1700/992
f 5135/1701/996 5134/1700/996 5133/1712/996
f 5136/1689/985 5134/1700/985 5135/1701/985
f 5136/1689/985 5084/1694/985 5134/1700/985
f 5087/1676/983 5084/1694/983 5136/1689/983
f 5137/1690/1089 5136/1689/1089 5135/1701/1089
f 5138/1677/976 5136/1689/976 5137/1690/976
f 5138/1677/976 5087/1676/976 5136/1689/976
f 5090/1668/964 5087/1676/964 5138/1677/964
f 5123/1681/967 5090/1668/967 5138/1677/967
f 5123/1693/979 5138/1677/979 5137/1690/979
f 5123/1707/991 5137/1690/991 5139/1704/991
f 5137/1690/988 5135/1701/988 5139/1704/988
f 5139/1704/999 5135/1701/999 5141/1713/999
f 5123/1719/1002 5139/1704/1002 5140/1716/1002
f 5139/1704/999 5141/1713/999 5140/1716/999
f 5133/1712/1008 5142/1727/1008 5141/1713/1008
f 5135/1701/996 5133/1712/996 5141/1713/996
f 5141/1713/1011 5143/1721/1011 5140/1716/1011
f 5141/1713/1011 5142/1727/1011 5143/1721/1011
f 5142/1727/1023 5144/1735/1023 5143/1721/1023
f 5123/1720/1004 5140/1716/1004 5143/1721/1004
f 5123/1734/1016 5143/1721/1016 5144/1735/1016
f 5142/1727/1023 5126/1740/1023 5144/1735/1023
f 5126/1740/1025 5122/1744/1025 5144/1735/1025
f 5123/1747/1028 5144/1735/1028 5122/1744/1028
f 5133/1712/1008 5129/1722/1008 5142/1727/1008
f 5129/1722/1020 5126/1740/1020 5142/1727/1020
f 5131/1728/1021 5145/1724/1021 5147/1737/1021
f 5082/1714/1009 5145/1724/1009 5131/1728/1009
f 5131/1728/1014 5146/1741/1014 5128/1731/1014
f 5131/1728/1021 5147/1737/1021 5146/1741/1021
f 5147/1737/1030 5148/1733/1030 5150/1746/1030
f 5145/1724/1018 5148/1733/1018 5147/1737/1018
f 5146/1741/1033 5147/1737/1033 5149/1749/1033
f 5147/1737/1030 5150/1746/1030 5149/1749/1030
f 5150/1746/1038 5151/1743/1038 5153/1756/1038
f 5148/1733/1027 5151/1743/1027 5150/1746/1027
f 5149/1749/1041 5150/1746/1041 5152/1759/1041
f 5150/1746/1038 5153/1756/1038 5152/1759/1038
f 5058/1764/1047 5154/1773/1047 5153/1774/1047
f 5151/1743/1035 5058/1755/1035 5153/1756/1035
f 5153/1774/1050 5155/1779/1050 5152/1780/1050
f 5153/1774/1050 5154/1773/1050 5155/1779/1050
f 5154/1773/1062 5157/1793/1062 5155/1779/1062
f 5152/1780/1053 5155/1779/1053 5156/1783/1053
f 5155/1779/1055 5158/1786/1055 5156/1783/1055
f 5155/1779/1055 5157/1793/1055 5158/1786/1055
f 5157/1793/1067 5111/1800/1067 5158/1786/1067
f 5156/1783/1058 5158/1786/1058 5159/1790/1058
f 5158/1786/1070 5110/1804/1070 5159/1790/1070
f 5158/1786/1070 5111/1800/1070 5110/1804/1070
f 5114/1784/1073 5159/1790/1073 5110/1804/1073
f 5161/1778/1061 5159/1790/1061 5114/1784/1061
f 5161/1778/1061 5160/1771/1061 5159/1790/1061
f 5156/1783/1058 5159/1790/1058 5160/1771/1058
f 5162/1777/1049 5160/1771/1049 5161/1778/1049
f 5117/1768/1054 5161/1778/1054 5114/1784/1054
f 5163/1782/1052 5161/1778/1052 5117/1768/1052
f 5163/1782/1052 5162/1777/1052 5161/1778/1052
f 5164/1745/1040 5162/1758/1040 5163/1761/1040
f 5120/1767/1045 5163/1782/1045 5117/1768/1045
f 5125/1748/1043 5163/1761/1043 5120/1763/1043
f 5164/1745/1040 5163/1761/1040 5125/1748/1040
f 5146/1741/1026 5165/1752/1026 5164/1745/1026
f 5165/1752/1037 5162/1758/1037 5164/1745/1037
f 5128/1731/1029 5164/1745/1029 5125/1748/1029
f 5146/1741/1026 5164/1745/1026 5128/1731/1026
f 5165/1752/1034 5149/1749/1034 5167/1753/1034
f 5146/1741/1033 5149/1749/1033 5165/1752/1033
f 5165/1752/1037 5166/1754/1037 5162/1758/1037
f 5165/1752/1034 5167/1753/1034 5166/1754/1034
f 5152/1780/1053 5156/1783/1053 5167/1770/1053
f 5149/1749/1041 5152/1759/1041 5167/1753/1041
f 5167/1770/1046 5160/1771/1046 5166/1772/1046
f 5167/1770/1046 5156/1783/1046 5160/1771/1046
f 5162/1777/1049 5166/1772/1049 5160/1771/1049
f 5154/1773/1062 5168/1791/1062 5157/1793/1062
f 5168/1791/1064 5169/1795/1064 5157/1793/1064
f 5157/1793/1067 5169/1795/1067 5111/1800/1067
f 5168/1791/1064 5062/1805/1064 5169/1795/1064
f 5062/1805/1075 5064/1640/1075 5169/1795/1075
f 5169/1795/1078 5109/1623/1078 5111/1800/1078
f 5169/1795/1078 5064/1640/1078 5109/1623/1078
f 5059/1766/1059 5060/1788/1059 5168/1791/1059
f 5060/1788/1071 5062/1805/1071 5168/1791/1071
f 5059/1766/1059 5168/1791/1059 5154/1773/1059
f 5058/1764/1047 5059/1766/1047 5154/1773/1047
f 5151/1743/1035 5057/1742/1035 5058/1755/1035
f 5170/1732/1024 5057/1742/1024 5151/1743/1024
f 5148/1733/1027 5170/1732/1027 5151/1743/1027
f 5170/1732/1024 5056/1739/1024 5057/1742/1024
f 5171/1729/1022 5056/1739/1022 5170/1732/1022
f 5172/1723/1015 5170/1732/1015 5148/1733/1015
f 5172/1723/1015 5171/1729/1015 5170/1732/1015
f 5173/1718/1013 5171/1729/1013 5172/1723/1013
f 5145/1724/1018 5172/1723/1018 5148/1733/1018
f 5174/1709/1006 5172/1723/1006 5145/1724/1006
f 5174/1709/1006 5173/1718/1006 5172/1723/1006
f 5175/1706/994 5173/1718/994 5174/1709/994
f 5082/1714/1009 5174/1709/1009 5145/1724/1009
f 5079/1708/997 5174/1709/997 5082/1714/997
f 5175/1706/994 5174/1709/994 5079/1708/994
f 5177/1688/990 5176/1703/990 5175/1706/990
f 5176/1703/1001 5173/1718/1001 5175/1706/1001
f 5076/1692/993 5175/1706/993 5079/1708/993
f 5177/1688/990 5175/1706/990 5076/1692/990
f 5051/1685/975 5052/1697/975 5177/1688/975
f 5052/1697/1090 5176/1703/1090 5177/1688/1090
f 5073/1686/978 5177/1688/978 5076/1692/978
f 5051/1685/975 5177/1688/975 5073/1686/975
f 5052/1697/987 5053/1699/987 5176/1703/987
f 5053/1699/998 5178/1715/998 5176/1703/998
f 5176/1703/1001 5178/1715/1001 5173/1718/1001
f 5178/1715/1010 5054/1711/1010 5055/1726/1010
f 5053/1699/998 5054/1711/998 5178/1715/998
f 5173/1718/1013 5178/1715/1013 5171/1729/1013
f 5178/1715/1010 5055/1726/1010 5171/1729/1010
f 5171/1729/1022 5055/1726/1022 5056/1739/1022
f 5123/1806/1076 5184/1797/1076 5179/1637/1076
f 5123/1641/932 5179/1637/932 5180/1636/932
f 5123/1652/942 5180/1636/942 5181/1650/942
f 5123/1664/953 5181/1650/953 5182/1662/953
f 5123/1667/955 5182/1662/955 5090/1668/955
f 5123/1794/1063 5119/1776/1063 5183/1792/1063
f 5123/1796/1065 5183/1792/1065 5184/1797/1065
f 5184/1797/1083 5185/1803/1083 5186/1631/1083
f 5183/1792/1087 5185/1803/1087 5184/1797/1087
f 5184/1797/1083 5186/1631/1083 5179/1637/1083
f 5185/1803/1080 5187/1629/1080 5186/1631/1080
f 5187/1629/926 5188/1630/926 5186/1631/926
f 5186/1631/929 5180/1636/929 5179/1637/929
f 5186/1631/929 5188/1630/929 5180/1636/929
f 5187/1629/926 5189/1642/926 5188/1630/926
f 5189/1642/936 5190/1647/936 5188/1630/936
f 5188/1630/1086 5181/1650/1086 5180/1636/1086
f 5188/1630/1086 5190/1647/1086 5181/1650/1086
f 5189/1642/936 5094/1653/936 5190/1647/936
f 5094/1653/947 5091/1659/947 5190/1647/947
f 5190/1647/950 5182/1662/950 5181/1650/950
f 5190/1647/950 5091/1659/950 5182/1662/950
f 5108/1639/933 5097/1638/933 5189/1642/933
f 5097/1638/943 5094/1653/943 5189/1642/943
f 5108/1639/933 5189/1642/933 5187/1629/933
f 5113/1799/1077 5108/1639/1077 5187/1629/1077
f 5185/1803/1080 5113/1799/1080 5187/1629/1080
f 5116/1789/1069 5113/1799/1069 5185/1803/1069
f 5183/1792/1072 5116/1789/1072 5185/1803/1072
f 5119/1776/1060 5116/1789/1060 5183/1792/1060
f 5091/1659/962 5090/1668/962 5182/1662/962
f 5109/1623/924 5064/1640/924 5066/1624/924
f 5109/1623/924 5066/1624/924 5099/1625/924
f 5099/1625/934 5066/1624/934 5068/1643/934
f 5050/1672/973 5051/1685/973 5073/1686/973
f 5219/1802/1079 5203/1807/1079 5204/1626/1079
f 5204/1626/925 5203/1627/925 5205/1628/925
f 5205/1628/935 5203/1645/935 5206/1646/935
f 5206/1646/946 5203/1657/946 5207/1658/946
f 5207/1658/958 5203/1671/958 5208/1672/958
f 5208/1672/970 5203/1684/970 5209/1685/970
f 5209/1685/982 5203/1696/982 5210/1697/982
f 5210/1697/984 5203/1698/984 5211/1699/984
f 5211/1699/995 5203/1710/995 5212/1711/995
f 5212/1711/1007 5203/1725/1007 5213/1726/1007
f 5213/1726/1019 5203/1738/1019 5214/1739/1019
f 5214/1739/1031 5203/1750/1031 5215/1742/1031
f 5215/1742/1042 5203/1762/1042 5216/1755/1042
f 5216/1764/1044 5203/1765/1044 5217/1766/1044
f 5217/1766/1056 5203/1787/1056 5218/1788/1056
f 5218/1788/1068 5203/1801/1068 5219/1802/1068
f 5218/1788/1084 5219/1802/1084 5220/1805/1084
f 5219/1802/1082 5221/1634/1082 5220/1805/1082
f 5219/1802/1082 5204/1626/1082 5221/1634/1082
f 5221/1634/928 5204/1626/928 5205/1628/928
f 5220/1805/1075 5221/1634/1075 5222/1640/1075
f 5222/1640/931 5221/1634/931 5223/1635/931
f 5221/1634/928 5205/1628/928 5223/1635/928
f 5223/1635/938 5205/1628/938 5206/1646/938
f 5224/1624/941 5223/1635/941 5225/1649/941
f 5222/1640/931 5223/1635/931 5224/1624/931
f 5223/1635/1085 5206/1646/1085 5225/1649/1085
f 5225/1649/949 5206/1646/949 5207/1658/949
f 5226/1643/952 5225/1649/952 5227/1661/952
f 5224/1624/941 5225/1649/941 5226/1643/941
f 5225/1649/949 5207/1658/949 5227/1661/949
f 5227/1661/961 5207/1658/961 5208/1672/961
f 5228/1655/954 5227/1661/954 5229/1665/954
f 5226/1643/952 5227/1661/952 5228/1655/952
f 5227/1661/961 5208/1672/961 5229/1665/961
f 5208/1672/973 5231/1686/973 5229/1665/973
f 5229/1665/966 5232/1680/966 5230/1666/966
f 5228/1655/954 5229/1665/954 5230/1666/954
f 5229/1665/966 5231/1686/966 5232/1680/966
f 5231/1686/978 5234/1692/978 5232/1680/978
f 5230/1666/969 5232/1680/969 5233/1683/969
f 5232/1680/1100 5235/1695/1100 5233/1683/1100
f 5232/1680/981 5234/1692/981 5235/1695/981
f 5234/1692/993 5237/1708/993 5235/1695/993
f 5233/1683/1101 5235/1695/1101 5236/1687/1101
f 5235/1695/986 5238/1702/986 5236/1687/986
f 5235/1695/1102 5237/1708/1102 5238/1702/1102
f 5237/1708/997 5240/1714/997 5238/1702/997
f 5239/1705/1000 5238/1702/1000 5240/1714/1000
f 5241/1691/1103 5238/1702/1103 5239/1705/1103
f 5241/1691/989 5236/1687/989 5238/1702/989
f 5243/1679/1104 5236/1687/1104 5241/1691/1104
f 5242/1694/992 5241/1691/992 5239/1705/992
f 5244/1682/980 5241/1691/980 5242/1694/980
f 5244/1682/1105 5243/1679/1105 5241/1691/1105
f 5246/1669/968 5243/1679/968 5244/1682/968
f 5245/1676/983 5244/1682/983 5242/1694/983
f 5247/1673/971 5244/1682/971 5245/1676/971
f 5247/1673/971 5246/1669/971 5244/1682/971
f 5250/1654/959 5246/1669/959 5247/1673/959
f 5248/1668/964 5247/1673/964 5245/1676/964
f 5249/1659/962 5247/1673/962 5248/1668/962
f 5250/1654/959 5247/1673/959 5249/1659/959
f 5253/1651/1106 5251/1663/1106 5250/1654/1106
f 5251/1663/956 5246/1669/956 5250/1654/956
f 5252/1653/947 5250/1654/947 5249/1659/947
f 5253/1651/944 5250/1654/944 5252/1653/944
f 5256/1633/940 5254/1648/940 5253/1651/940
f 5254/1648/1107 5251/1663/1107 5253/1651/1107
f 5255/1638/943 5253/1651/943 5252/1653/943
f 5256/1633/1108 5253/1651/1108 5255/1638/1108
f 5256/1633/1109 5257/1625/1109 5259/1644/1109
f 5258/1632/927 5257/1625/927 5256/1633/927
f 5258/1632/930 5256/1633/930 5255/1638/930
f 5256/1633/937 5259/1644/937 5254/1648/937
f 5259/1644/945 5226/1643/945 5228/1655/945
f 5257/1625/934 5226/1643/934 5259/1644/934
f 5254/1648/1110 5259/1644/1110 5260/1656/1110
f 5259/1644/1111 5228/1655/1111 5260/1656/1111
f 5260/1656/957 5228/1655/957 5230/1666/957
f 5261/1660/1112 5260/1656/1112 5262/1670/1112
f 5254/1648/948 5260/1656/948 5261/1660/948
f 5260/1656/957 5230/1666/957 5262/1670/957
f 5230/1666/969 5233/1683/969 5262/1670/969
f 5262/1670/972 5264/1678/972 5263/1674/972
f 5261/1660/960 5262/1670/960 5263/1674/960
f 5262/1670/1113 5233/1683/1113 5264/1678/1113
f 5233/1683/974 5236/1687/974 5264/1678/974
f 5243/1679/977 5264/1678/977 5236/1687/977
f 5265/1675/1114 5264/1678/1114 5243/1679/1114
f 5265/1675/965 5263/1674/965 5264/1678/965
f 5261/1660/963 5263/1674/963 5265/1675/963
f 5246/1669/968 5265/1675/968 5243/1679/968
f 5251/1663/956 5265/1675/956 5246/1669/956
f 5261/1660/1115 5265/1675/1115 5251/1663/1115
f 5254/1648/951 5261/1660/951 5251/1663/951
f 5270/1798/1074 5258/1632/1074 5266/1639/1074
f 5258/1632/930 5255/1638/930 5266/1639/930
f 5269/1800/1081 5267/1623/1081 5258/1632/1081
f 5258/1632/927 5267/1623/927 5257/1625/927
f 5270/1798/1074 5268/1804/1074 5258/1632/1074
f 5269/1800/1081 5258/1632/1081 5268/1804/1081
f 5272/1784/1073 5268/1804/1073 5270/1798/1073
f 5271/1799/1077 5270/1798/1077 5266/1639/1077
f 5273/1785/1066 5270/1798/1066 5271/1799/1066
f 5273/1785/1066 5272/1784/1066 5270/1798/1066
f 5275/1768/1054 5272/1784/1054 5273/1785/1054
f 5274/1789/1069 5273/1785/1069 5271/1799/1069
f 5276/1769/1057 5273/1785/1057 5274/1789/1057
f 5276/1769/1057 5275/1768/1057 5273/1785/1057
f 5278/1767/1045 5275/1768/1045 5276/1769/1045
f 5277/1776/1060 5276/1769/1060 5274/1789/1060
f 5279/1775/1048 5276/1769/1048 5277/1776/1048
f 5279/1775/1048 5278/1767/1048 5276/1769/1048
f 5282/1751/1036 5278/1763/1036 5279/1757/1036
f 5281/1760/1039 5280/1744/1039 5279/1757/1039
f 5282/1751/1036 5279/1757/1036 5280/1744/1036
f 5281/1781/1051 5279/1775/1051 5277/1776/1051
f 5285/1736/1032 5283/1748/1032 5282/1751/1032
f 5283/1748/1043 5278/1763/1043 5282/1751/1043
f 5284/1740/1025 5282/1751/1025 5280/1744/1025
f 5285/1736/1032 5282/1751/1032 5284/1740/1032
f 5288/1730/1017 5286/1731/1017 5285/1736/1017
f 5286/1731/1029 5283/1748/1029 5285/1736/1029
f 5287/1722/1020 5285/1736/1020 5284/1740/1020
f 5288/1730/1017 5285/1736/1017 5287/1722/1017
f 5240/1714/1012 5289/1728/1012 5288/1730/1012
f 5289/1728/1116 5286/1731/1116 5288/1730/1116
f 5290/1717/1005 5288/1730/1005 5287/1722/1005
f 5240/1714/1012 5288/1730/1012 5290/1717/1012
f 5239/1705/1000 5240/1714/1000 5290/1717/1000
f 5290/1717/1005 5287/1722/1005 5291/1712/1005
f 5292/1700/1003 5290/1717/1003 5291/1712/1003
f 5292/1700/1003 5239/1705/1003 5290/1717/1003
f 5242/1694/992 5239/1705/992 5292/1700/992
f 5293/1701/996 5292/1700/996 5291/1712/996
f 5294/1689/985 5292/1700/985 5293/1701/985
f 5294/1689/985 5242/1694/985 5292/1700/985
f 5245/1676/983 5242/1694/983 5294/1689/983
f 5295/1690/1089 5294/1689/1089 5293/1701/1089
f 5296/1677/976 5294/1689/976 5295/1690/976
f 5296/1677/976 5245/1676/976 5294/1689/976
f 5248/1668/964 5245/1676/964 5296/1677/964
f 5281/1681/967 5248/1668/967 5296/1677/967
f 5281/1693/979 5296/1677/979 5295/1690/979
f 5295/1690/1089 5293/1701/1089 5297/1704/1089
f 5281/1707/991 5295/1690/991 5297/1704/991
f 5297/1704/1117 5293/1701/1117 5299/1713/1117
f 5297/1704/999 5299/1713/999 5298/1716/999
f 5281/1719/1002 5297/1704/1002 5298/1716/1002
f 5291/1712/1008 5300/1727/1008 5299/1713/1008
f 5293/1701/996 5291/1712/996 5299/1713/996
f 5299/1713/1011 5301/1721/1011 5298/1716/1011
f 5299/1713/1011 5300/1727/1011 5301/1721/1011
f 5300/1727/1023 5302/1735/1023 5301/1721/1023
f 5281/1720/1004 5298/1716/1004 5301/1721/1004
f 5281/1734/1016 5301/1721/1016 5302/1735/1016
f 5300/1727/1088 5284/1740/1088 5302/1735/1088
f 5284/1740/1025 5280/1744/1025 5302/1735/1025
f 5281/1747/1028 5302/1735/1028 5280/1744/1028
f 5291/1712/1008 5287/1722/1008 5300/1727/1008
f 5287/1722/1020 5284/1740/1020 5300/1727/1020
f 5289/1728/1118 5303/1724/1118 5305/1737/1118
f 5240/1714/1009 5303/1724/1009 5289/1728/1009
f 5289/1728/1014 5304/1741/1014 5286/1731/1014
f 5289/1728/1021 5305/1737/1021 5304/1741/1021
f 5305/1737/1030 5306/1733/1030 5308/1746/1030
f 5303/1724/1018 5306/1733/1018 5305/1737/1018
f 5304/1741/1033 5305/1737/1033 5307/1749/1033
f 5305/1737/1119 5308/1746/1119 5307/1749/1119
f 5308/1746/1038 5309/1743/1038 5311/1756/1038
f 5306/1733/1027 5309/1743/1027 5308/1746/1027
f 5307/1749/1120 5308/1746/1120 5310/1759/1120
f 5308/1746/1038 5311/1756/1038 5310/1759/1038
f 5216/1764/1047 5312/1773/1047 5311/1774/1047
f 5309/1743/1035 5216/1755/1035 5311/1756/1035
f 5311/1774/1050 5313/1779/1050 5310/1780/1050
f 5311/1774/1050 5312/1773/1050 5313/1779/1050
f 5312/1773/1062 5315/1793/1062 5313/1779/1062
f 5310/1780/1121 5313/1779/1121 5314/1783/1121
f 5313/1779/1122 5316/1786/1122 5314/1783/1122
f 5313/1779/1055 5315/1793/1055 5316/1786/1055
f 5315/1793/1067 5269/1800/1067 5316/1786/1067
f 5314/1783/1058 5316/1786/1058 5317/1790/1058
f 5316/1786/1070 5268/1804/1070 5317/1790/1070
f 5316/1786/1070 5269/1800/1070 5268/1804/1070
f 5272/1784/1073 5317/1790/1073 5268/1804/1073
f 5319/1778/1061 5317/1790/1061 5272/1784/1061
f 5319/1778/1061 5318/1771/1061 5317/1790/1061
f 5314/1783/1058 5317/1790/1058 5318/1771/1058
f 5320/1777/1123 5318/1771/1123 5319/1778/1123
f 5275/1768/1124 5319/1778/1124 5272/1784/1124
f 5321/1782/1125 5319/1778/1125 5275/1768/1125
f 5321/1782/1052 5320/1777/1052 5319/1778/1052
f 5322/1745/1040 5320/1758/1040 5321/1761/1040
f 5278/1767/1045 5321/1782/1045 5275/1768/1045
f 5283/1748/1043 5321/1761/1043 5278/1763/1043
f 5322/1745/1126 5321/1761/1126 5283/1748/1126
f 5304/1741/1026 5323/1752/1026 5322/1745/1026
f 5323/1752/1127 5320/1758/1127 5322/1745/1127
f 5286/1731/1128 5322/1745/1128 5283/1748/1128
f 5304/1741/1026 5322/1745/1026 5286/1731/1026
f 5323/1752/1129 5307/1749/1129 5325/1753/1129
f 5304/1741/1033 5307/1749/1033 5323/1752/1033
f 5323/1752/1037 5324/1754/1037 5320/1758/1037
f 5323/1752/1034 5325/1753/1034 5324/1754/1034
f 5310/1780/1053 5314/1783/1053 5325/1770/1053
f 5307/1749/1041 5310/1759/1041 5325/1753/1041
f 5325/1770/1046 5318/1771/1046 5324/1772/1046
f 5325/1770/1130 5314/1783/1130 5318/1771/1130
f 5320/1777/1049 5324/1772/1049 5318/1771/1049
f 5312/1773/1062 5326/1791/1062 5315/1793/1062
f 5326/1791/1064 5327/1795/1064 5315/1793/1064
f 5315/1793/1067 5327/1795/1067 5269/1800/1067
f 5326/1791/1064 5220/1805/1064 5327/1795/1064
f 5220/1805/1075 5222/1640/1075 5327/1795/1075
f 5327/1795/1078 5267/1623/1078 5269/1800/1078
f 5327/1795/1078 5222/1640/1078 5267/1623/1078
f 5217/1766/1059 5218/1788/1059 5326/1791/1059
f 5218/1788/1084 5220/1805/1084 5326/1791/1084
f 5217/1766/1059 5326/1791/1059 5312/1773/1059
f 5216/1764/1047 5217/1766/1047 5312/1773/1047
f 5309/1743/1035 5215/1742/1035 5216/1755/1035
f 5328/1732/1024 5215/1742/1024 5309/1743/1024
f 5306/1733/1027 5328/1732/1027 5309/1743/1027
f 5328/1732/1024 5214/1739/1024 5215/1742/1024
f 5329/1729/1091 5214/1739/1091 5328/1732/1091
f 5330/1723/1015 5328/1732/1015 5306/1733/1015
f 5330/1723/1015 5329/1729/1015 5328/1732/1015
f 5331/1718/1013 5329/1729/1013 5330/1723/1013
f 5303/1724/1018 5330/1723/1018 5306/1733/1018
f 5332/1709/1006 5330/1723/1006 5303/1724/1006
f 5332/1709/1006 5331/1718/1006 5330/1723/1006
f 5333/1706/994 5331/1718/994 5332/1709/994
f 5240/1714/1009 5332/1709/1009 5303/1724/1009
f 5237/1708/997 5332/1709/997 5240/1714/997
f 5333/1706/994 5332/1709/994 5237/1708/994
f 5335/1688/990 5334/1703/990 5333/1706/990
f 5334/1703/1001 5331/1718/1001 5333/1706/1001
f 5234/1692/993 5333/1706/993 5237/1708/993
f 5335/1688/990 5333/1706/990 5234/1692/990
f 5209/1685/975 5210/1697/975 5335/1688/975
f 5210/1697/1090 5334/1703/1090 5335/1688/1090
f 5231/1686/978 5335/1688/978 5234/1692/978
f 5209/1685/975 5335/1688/975 5231/1686/975
f 5210/1697/1090 5211/1699/1090 5334/1703/1090
f 5211/1699/1131 5336/1715/1131 5334/1703/1131
f 5334/1703/1001 5336/1715/1001 5331/1718/1001
f 5336/1715/1010 5212/1711/1010 5213/1726/1010
f 5211/1699/998 5212/1711/998 5336/1715/998
f 5331/1718/1013 5336/1715/1013 5329/1729/1013
f 5336/1715/1010 5213/1726/1010 5329/1729/1010
f 5329/1729/1022 5213/1726/1022 5214/1739/1022
f 5281/1806/1076 5342/1797/1076 5337/1637/1076
f 5281/1641/932 5337/1637/932 5338/1636/932
f 5281/1652/942 5338/1636/942 5339/1650/942
f 5281/1664/953 5339/1650/953 5340/1662/953
f 5281/1667/955 5340/1662/955 5248/1668/955
f 5281/1794/1063 5277/1776/1063 5341/1792/1063
f 5281/1796/1065 5341/1792/1065 5342/1797/1065
f 5342/1797/1083 5343/1803/1083 5344/1631/1083
f 5341/1792/1087 5343/1803/1087 5342/1797/1087
f 5342/1797/1083 5344/1631/1083 5337/1637/1083
f 5343/1803/1080 5345/1629/1080 5344/1631/1080
f 5345/1629/926 5346/1630/926 5344/1631/926
f 5344/1631/929 5338/1636/929 5337/1637/929
f 5344/1631/929 5346/1630/929 5338/1636/929
f 5345/1629/926 5347/1642/926 5346/1630/926
f 5347/1642/936 5348/1647/936 5346/1630/936
f 5346/1630/939 5339/1650/939 5338/1636/939
f 5346/1630/1086 5348/1647/1086 5339/1650/1086
f 5347/1642/936 5252/1653/936 5348/1647/936
f 5252/1653/947 5249/1659/947 5348/1647/947
f 5348/1647/950 5340/1662/950 5339/1650/950
f 5348/1647/950 5249/1659/950 5340/1662/950
f 5266/1639/933 5255/1638/933 5347/1642/933
f 5255/1638/943 5252/1653/943 5347/1642/943
f 5266/1639/933 5347/1642/933 5345/1629/933
f 5271/1799/1077 5266/1639/1077 5345/1629/1077
f 5343/1803/1080 5271/1799/1080 5345/1629/1080
f 5274/1789/1069 5271/1799/1069 5343/1803/1069
f 5341/1792/1087 5274/1789/1087 5343/1803/1087
f 5277/1776/1060 5274/1789/1060 5341/1792/1060
f 5249/1659/962 5248/1668/962 5340/1662/962
f 5267/1623/924 5222/1640/924 5224/1624/924
f 5267/1623/924 5224/1624/924 5257/1625/924
f 5257/1625/934 5224/1624/934 5226/1643/934
f 5208/1672/973 5209/1685/973 5231/1686/973
f 5365/1802/1079 5349/1807/1079 5350/1626/1079
f 5350/1626/925 5349/1627/925 5351/1628/925
f 5351/1628/935 5349/1645/935 5352/1646/935
f 5352/1646/946 5349/1657/946 5353/1658/946
f 5353/1658/958 5349/1671/958 5354/1672/958
f 5354/1672/970 5349/1684/970 5355/1685/970
f 5355/1685/982 5349/1696/982 5356/1697/982
f 5356/1697/984 5349/1698/984 5357/1699/984
f 5357/1699/995 5349/1710/995 5358/1711/995
f 5358/1711/1007 5349/1725/1007 5359/1726/1007
f 5359/1726/1019 5349/1738/1019 5360/1739/1019
f 5360/1739/1031 5349/1750/1031 5361/1742/1031
f 5361/1742/1042 5349/1762/1042 5362/1755/1042
f 5362/1764/1044 5349/1765/1044 5363/1766/1044
f 5363/1766/1056 5349/1787/1056 5364/1788/1056
f 5364/1788/1068 5349/1801/1068 5365/1802/1068
f 5364/1788/1084 5365/1802/1084 5366/1805/1084
f 5365/1802/1082 5367/1634/1082 5366/1805/1082
f 5365/1802/1082 5350/1626/1082 5367/1634/1082
f 5367/1634/1132 5350/1626/1132 5351/1628/1132
f 5366/1805/1075 5367/1634/1075 5368/1640/1075
f 5368/1640/931 5367/1634/931 5369/1635/931
f 5367/1634/928 5351/1628/928 5369/1635/928
f 5369/1635/1085 5351/1628/1085 5352/1646/1085
f 5370/1624/941 5369/1635/941 5371/1649/941
f 5368/1640/931 5369/1635/931 5370/1624/931
f 5369/1635/1085 5352/1646/1085 5371/1649/1085
f 5371/1649/949 5352/1646/949 5353/1658/949
f 5372/1643/952 5371/1649/952 5373/1661/952
f 5370/1624/941 5371/1649/941 5372/1643/941
f 5371/1649/949 5353/1658/949 5373/1661/949
f 5373/1661/961 5353/1658/961 5354/1672/961
f 5374/1655/954 5373/1661/954 5375/1665/954
f 5372/1643/952 5373/1661/952 5374/1655/952
f 5373/1661/961 5354/1672/961 5375/1665/961
f 5354/1672/973 5377/1686/973 5375/1665/973
f 5375/1665/966 5378/1680/966 5376/1666/966
f 5374/1655/954 5375/1665/954 5376/1666/954
f 5375/1665/966 5377/1686/966 5378/1680/966
f 5377/1686/978 5380/1692/978 5378/1680/978
f 5376/1666/1133 5378/1680/1133 5379/1683/1133
f 5378/1680/1100 5381/1695/1100 5379/1683/1100
f 5378/1680/981 5380/1692/981 5381/1695/981
f 5380/1692/993 5383/1708/993 5381/1695/993
f 5379/1683/974 5381/1695/974 5382/1687/974
f 5381/1695/986 5384/1702/986 5382/1687/986
f 5381/1695/986 5383/1708/986 5384/1702/986
f 5383/1708/997 5386/1714/997 5384/1702/997
f 5385/1705/1000 5384/1702/1000 5386/1714/1000
f 5387/1691/989 5384/1702/989 5385/1705/989
f 5387/1691/989 5382/1687/989 5384/1702/989
f 5389/1679/977 5382/1687/977 5387/1691/977
f 5388/1694/992 5387/1691/992 5385/1705/992
f 5390/1682/980 5387/1691/980 5388/1694/980
f 5390/1682/1105 5389/1679/1105 5387/1691/1105
f 5392/1669/1134 5389/1679/1134 5390/1682/1134
f 5391/1676/983 5390/1682/983 5388/1694/983
f 5393/1673/971 5390/1682/971 5391/1676/971
f 5393/1673/971 5392/1669/971 5390/1682/971
f 5396/1654/959 5392/1669/959 5393/1673/959
f 5394/1668/964 5393/1673/964 5391/1676/964
f 5395/1659/962 5393/1673/962 5394/1668/962
f 5396/1654/959 5393/1673/959 5395/1659/959
f 5399/1651/1106 5397/1663/1106 5396/1654/1106
f 5397/1663/1135 5392/1669/1135 5396/1654/1135
f 5398/1653/947 5396/1654/947 5395/1659/947
f 5399/1651/944 5396/1654/944 5398/1653/944
f 5402/1633/940 5400/1648/940 5399/1651/940
f 5400/1648/951 5397/1663/951 5399/1651/951
f 5401/1638/943 5399/1651/943 5398/1653/943
f 5402/1633/1108 5399/1651/1108 5401/1638/1108
f 5402/1633/1109 5403/1625/1109 5405/1644/1109
f 5404/1632/927 5403/1625/927 5402/1633/927
f 5404/1632/930 5402/1633/930 5401/1638/930
f 5402/1633/937 5405/1644/937 5400/1648/937
f 5405/1644/945 5372/1643/945 5374/1655/945
f 5403/1625/934 5372/1643/934 5405/1644/934
f 5400/1648/948 5405/1644/948 5406/1656/948
f 5405/1644/1111 5374/1655/1111 5406/1656/1111
f 5406/1656/1136 5374/1655/1136 5376/1666/1136
f 5407/1660/1112 5406/1656/1112 5408/1670/1112
f 5400/1648/948 5406/1656/948 5407/1660/948
f 5406/1656/957 5376/1666/957 5408/1670/957
f 5376/1666/969 5379/1683/969 5408/1670/969
f 5408/1670/972 5410/1678/972 5409/1674/972
f 5407/1660/960 5408/1670/960 5409/1674/960
f 5408/1670/1113 5379/1683/1113 5410/1678/1113
f 5379/1683/974 5382/1687/974 5410/1678/974
f 5389/1679/977 5410/1678/977 5382/1687/977
f 5411/1675/1114 5410/1678/1114 5389/1679/1114
f 5411/1675/965 5409/1674/965 5410/1678/965
f 5407/1660/963 5409/1674/963 5411/1675/963
f 5392/1669/968 5411/1675/968 5389/1679/968
f 5397/1663/956 5411/1675/956 5392/1669/956
f 5407/1660/1115 5411/1675/1115 5397/1663/1115
f 5400/1648/951 5407/1660/951 5397/1663/951
f 5416/1798/1074 5404/1632/1074 5412/1639/1074
f 5404/1632/930 5401/1638/930 5412/1639/930
f 5415/1800/1081 5413/1623/1081 5404/1632/1081
f 5404/1632/927 5413/1623/927 5403/1625/927
f 5416/1798/1074 5414/1804/1074 5404/1632/1074
f 5415/1800/1081 5404/1632/1081 5414/1804/1081
f 5418/1784/1073 5414/1804/1073 5416/1798/1073
f 5417/1799/1077 5416/1798/1077 5412/1639/1077
f 5419/1785/1066 5416/1798/1066 5417/1799/1066
f 5419/1785/1066 5418/1784/1066 5416/1798/1066
f 5421/1768/1054 5418/1784/1054 5419/1785/1054
f 5420/1789/1069 5419/1785/1069 5417/1799/1069
f 5422/1769/1057 5419/1785/1057 5420/1789/1057
f 5422/1769/1057 5421/1768/1057 5419/1785/1057
f 5424/1767/1045 5421/1768/1045 5422/1769/1045
f 5423/1776/1060 5422/1769/1060 5420/1789/1060
f 5425/1775/1048 5422/1769/1048 5423/1776/1048
f 5425/1775/1048 5424/1767/1048 5422/1769/1048
f 5428/1751/1036 5424/1763/1036 5425/1757/1036
f 5427/1760/1039 5426/1744/1039 5425/1757/1039
f 5428/1751/1036 5425/1757/1036 5426/1744/1036
f 5427/1781/1051 5425/1775/1051 5423/1776/1051
f 5431/1736/1032 5429/1748/1032 5428/1751/1032
f 5429/1748/1043 5424/1763/1043 5428/1751/1043
f 5430/1740/1025 5428/1751/1025 5426/1744/1025
f 5431/1736/1032 5428/1751/1032 5430/1740/1032
f 5434/1730/1017 5432/1731/1017 5431/1736/1017
f 5432/1731/1029 5429/1748/1029 5431/1736/1029
f 5433/1722/1020 5431/1736/1020 5430/1740/1020
f 5434/1730/1017 5431/1736/1017 5433/1722/1017
f 5386/1714/1012 5435/1728/1012 5434/1730/1012
f 5435/1728/1116 5432/1731/1116 5434/1730/1116
f 5436/1717/1005 5434/1730/1005 5433/1722/1005
f 5386/1714/1012 5434/1730/1012 5436/1717/1012
f 5385/1705/1000 5386/1714/1000 5436/1717/1000
f 5436/1717/1005 5433/1722/1005 5437/1712/1005
f 5438/1700/1003 5436/1717/1003 5437/1712/1003
f 5438/1700/1003 5385/1705/1003 5436/1717/1003
f 5388/1694/992 5385/1705/992 5438/1700/992
f 5439/1701/996 5438/1700/996 5437/1712/996
f 5440/1689/985 5438/1700/985 5439/1701/985
f 5440/1689/985 5388/1694/985 5438/1700/985
f 5391/1676/983 5388/1694/983 5440/1689/983
f 5441/1690/1089 5440/1689/1089 5439/1701/1089
f 5442/1677/976 5440/1689/976 5441/1690/976
f 5442/1677/976 5391/1676/976 5440/1689/976
f 5394/1668/964 5391/1676/964 5442/1677/964
f 5427/1681/967 5394/1668/967 5442/1677/967
f 5427/1693/979 5442/1677/979 5441/1690/979
f 5441/1690/1089 5439/1701/1089 5443/1704/1089
f 5427/1707/991 5441/1690/991 5443/1704/991
f 5443/1704/1117 5439/1701/1117 5445/1713/1117
f 5443/1704/1117 5445/1713/1117 5444/1716/1117
f 5427/1719/1002 5443/1704/1002 5444/1716/1002
f 5437/1712/1008 5446/1727/1008 5445/1713/1008
f 5439/1701/996 5437/1712/996 5445/1713/996
f 5445/1713/1011 5447/1721/1011 5444/1716/1011
f 5445/1713/1011 5446/1727/1011 5447/1721/1011
f 5446/1727/1088 5448/1735/1088 5447/1721/1088
f 5427/1720/1004 5444/1716/1004 5447/1721/1004
f 5427/1734/1016 5447/1721/1016 5448/1735/1016
f 5446/1727/1088 5430/1740/1088 5448/1735/1088
f 5430/1740/1025 5426/1744/1025 5448/1735/1025
f 5427/1747/1028 5448/1735/1028 5426/1744/1028
f 5437/1712/1008 5433/1722/1008 5446/1727/1008
f 5433/1722/1020 5430/1740/1020 5446/1727/1020
f 5435/1728/1118 5449/1724/1118 5451/1737/1118
f 5386/1714/1009 5449/1724/1009 5435/1728/1009
f 5435/1728/1014 5450/1741/1014 5432/1731/1014
f 5435/1728/1021 5451/1737/1021 5450/1741/1021
f 5451/1737/1030 5452/1733/1030 5454/1746/1030
f 5449/1724/1018 5452/1733/1018 5451/1737/1018
f 5450/1741/1033 5451/1737/1033 5453/1749/1033
f 5451/1737/1119 5454/1746/1119 5453/1749/1119
f 5454/1746/1038 5455/1743/1038 5457/1756/1038
f 5452/1733/1027 5455/1743/1027 5454/1746/1027
f 5453/1749/1041 5454/1746/1041 5456/1759/1041
f 5454/1746/1038 5457/1756/1038 5456/1759/1038
f 5362/1764/1047 5458/1773/1047 5457/1774/1047
f 5455/1743/1035 5362/1755/1035 5457/1756/1035
f 5457/1774/1050 5459/1779/1050 5456/1780/1050
f 5457/1774/1050 5458/1773/1050 5459/1779/1050
f 5458/1773/1062 5461/1793/1062 5459/1779/1062
f 5456/1780/1053 5459/1779/1053 5460/1783/1053
f 5459/1779/1122 5462/1786/1122 5460/1783/1122
f 5459/1779/1055 5461/1793/1055 5462/1786/1055
f 5461/1793/1067 5415/1800/1067 5462/1786/1067
f 5460/1783/1058 5462/1786/1058 5463/1790/1058
f 5462/1786/1070 5414/1804/1070 5463/1790/1070
f 5462/1786/1070 5415/1800/1070 5414/1804/1070
f 5418/1784/1073 5463/1790/1073 5414/1804/1073
f 5465/1778/1061 5463/1790/1061 5418/1784/1061
f 5465/1778/1061 5464/1771/1061 5463/1790/1061
f 5460/1783/1058 5463/1790/1058 5464/1771/1058
f 5466/1777/1123 5464/1771/1123 5465/1778/1123
f 5421/1768/1124 5465/1778/1124 5418/1784/1124
f 5467/1782/1052 5465/1778/1052 5421/1768/1052
f 5467/1782/1052 5466/1777/1052 5465/1778/1052
f 5468/1745/1040 5466/1758/1040 5467/1761/1040
f 5424/1767/1045 5467/1782/1045 5421/1768/1045
f 5429/1748/1043 5467/1761/1043 5424/1763/1043
f 5468/1745/1040 5467/1761/1040 5429/1748/1040
f 5450/1741/1026 5469/1752/1026 5468/1745/1026
f 5469/1752/1127 5466/1758/1127 5468/1745/1127
f 5432/1731/1128 5468/1745/1128 5429/1748/1128
f 5450/1741/1026 5468/1745/1026 5432/1731/1026
f 5469/1752/1129 5453/1749/1129 5471/1753/1129
f 5450/1741/1033 5453/1749/1033 5469/1752/1033
f 5469/1752/1037 5470/1754/1037 5466/1758/1037
f 5469/1752/1034 5471/1753/1034 5470/1754/1034
f 5456/1780/1053 5460/1783/1053 5471/1770/1053
f 5453/1749/1041 5456/1759/1041 5471/1753/1041
f 5471/1770/1046 5464/1771/1046 5470/1772/1046
f 5471/1770/1130 5460/1783/1130 5464/1771/1130
f 5466/1777/1049 5470/1772/1049 5464/1771/1049
f 5458/1773/1062 5472/1791/1062 5461/1793/1062
f 5472/1791/1064 5473/1795/1064 5461/1793/1064
f 5461/1793/1067 5473/1795/1067 5415/1800/1067
f 5472/1791/1064 5366/1805/1064 5473/1795/1064
f 5366/1805/1075 5368/1640/1075 5473/1795/1075
f 5473/1795/1078 5413/1623/1078 5415/1800/1078
f 5473/1795/1078 5368/1640/1078 5413/1623/1078
f 5363/1766/1059 5364/1788/1059 5472/1791/1059
f 5364/1788/1084 5366/1805/1084 5472/1791/1084
f 5363/1766/1059 5472/1791/1059 5458/1773/1059
f 5362/1764/1047 5363/1766/1047 5458/1773/1047
f 5455/1743/1035 5361/1742/1035 5362/1755/1035
f 5474/1732/1024 5361/1742/1024 5455/1743/1024
f 5452/1733/1027 5474/1732/1027 5455/1743/1027
f 5474/1732/1024 5360/1739/1024 5361/1742/1024
f 5475/1729/1091 5360/1739/1091 5474/1732/1091
f 5476/1723/1015 5474/1732/1015 5452/1733/1015
f 5476/1723/1015 5475/1729/1015 5474/1732/1015
f 5477/1718/1013 5475/1729/1013 5476/1723/1013
f 5449/1724/1018 5476/1723/1018 5452/1733/1018
f 5478/1709/1006 5476/1723/1006 5449/1724/1006
f 5478/1709/1006 5477/1718/1006 5476/1723/1006
f 5479/1706/994 5477/1718/994 5478/1709/994
f 5386/1714/1009 5478/1709/1009 5449/1724/1009
f 5383/1708/997 5478/1709/997 5386/1714/997
f 5479/1706/994 5478/1709/994 5383/1708/994
f 5481/1688/990 5480/1703/990 5479/1706/990
f 5480/1703/1001 5477/1718/1001 5479/1706/1001
f 5380/1692/993 5479/1706/993 5383/1708/993
f 5481/1688/990 5479/1706/990 5380/1692/990
f 5355/1685/975 5356/1697/975 5481/1688/975
f 5356/1697/1090 5480/1703/1090 5481/1688/1090
f 5377/1686/978 5481/1688/978 5380/1692/978
f 5355/1685/975 5481/1688/975 5377/1686/975
f 5356/1697/1090 5357/1699/1090 5480/1703/1090
f 5357/1699/1131 5482/1715/1131 5480/1703/1131
f 5480/1703/1001 5482/1715/1001 5477/1718/1001
f 5482/1715/1010 5358/1711/1010 5359/1726/1010
f 5357/1699/1131 5358/1711/1131 5482/1715/1131
f 5477/1718/1013 5482/1715/1013 5475/1729/1013
f 5482/1715/1010 5359/1726/1010 5475/1729/1010
f 5475/1729/1091 5359/1726/1091 5360/1739/1091
f 5427/1806/1076 5488/1797/1076 5483/1637/1076
f 5427/1641/932 5483/1637/932 5484/1636/932
f 5427/1652/942 5484/1636/942 5485/1650/942
f 5427/1664/953 5485/1650/953 5486/1662/953
f 5427/1667/955 5486/1662/955 5394/1668/955
f 5427/1794/1063 5423/1776/1063 5487/1792/1063
f 5427/1796/1065 5487/1792/1065 5488/1797/1065
f 5488/1797/1083 5489/1803/1083 5490/1631/1083
f 5487/1792/1087 5489/1803/1087 5488/1797/1087
f 5488/1797/1083 5490/1631/1083 5483/1637/1083
f 5489/1803/1080 5491/1629/1080 5490/1631/1080
f 5491/1629/926 5492/1630/926 5490/1631/926
f 5490/1631/1137 5484/1636/1137 5483/1637/1137
f 5490/1631/929 5492/1630/929 5484/1636/929
f 5491/1629/926 5493/1642/926 5492/1630/926
f 5493/1642/936 5494/1647/936 5492/1630/936
f 5492/1630/1086 5485/1650/1086 5484/1636/1086
f 5492/1630/1086 5494/1647/1086 5485/1650/1086
f 5493/1642/936 5398/1653/936 5494/1647/936
f 5398/1653/947 5395/1659/947 5494/1647/947
f 5494/1647/950 5486/1662/950 5485/1650/950
f 5494/1647/950 5395/1659/950 5486/1662/950
f 5412/1639/933 5401/1638/933 5493/1642/933
f 5401/1638/943 5398/1653/943 5493/1642/943
f 5412/1639/933 5493/1642/933 5491/1629/933
f 5417/1799/1077 5412/1639/1077 5491/1629/1077
f 5489/1803/1080 5417/1799/1080 5491/1629/1080
f 5420/1789/1069 5417/1799/1069 5489/1803/1069
f 5487/1792/1087 5420/1789/1087 5489/1803/1087
f 5423/1776/1060 5420/1789/1060 5487/1792/1060
f 5395/1659/962 5394/1668/962 5486/1662/962
f 5413/1623/924 5368/1640/924 5370/1624/924
f 5413/1623/924 5370/1624/924 5403/1625/924
f 5403/1625/934 5370/1624/934 5372/1643/934
f 5354/1672/973 5355/1685/973 5377/1686/973
f 5511/1802/1138 5495/1807/1138 5496/1626/1138
f 5496/1626/925 5495/1627/925 5497/1628/925
f 5497/1628/935 5495/1645/935 5498/1646/935
f 5498/1646/946 5495/1657/946 5499/1658/946
f 5499/1658/958 5495/1671/958 5500/1672/958
f 5500/1672/970 5495/1684/970 5501/1685/970
f 5501/1685/982 5495/1696/982 5502/1697/982
f 5502/1697/984 5495/1698/984 5503/1699/984
f 5503/1699/995 5495/1710/995 5504/1711/995
f 5504/1711/1139 5495/1725/1139 5505/1726/1139
f 5505/1726/1019 5495/1738/1019 5506/1739/1019
f 5506/1739/1031 5495/1750/1031 5507/1742/1031
f 5507/1742/1042 5495/1762/1042 5508/1755/1042
f 5508/1764/1044 5495/1765/1044 5509/1766/1044
f 5509/1766/1056 5495/1787/1056 5510/1788/1056
f 5510/1788/1068 5495/1801/1068 5511/1802/1068
f 5510/1788/1084 5511/1802/1084 5512/1805/1084
f 5511/1802/1140 5513/1634/1140 5512/1805/1140
f 5511/1802/1082 5496/1626/1082 5513/1634/1082
f 5513/1634/928 5496/1626/928 5497/1628/928
f 5512/1805/1075 5513/1634/1075 5514/1640/1075
f 5514/1640/931 5513/1634/931 5515/1635/931
f 5513/1634/1132 5497/1628/1132 5515/1635/1132
f 5515/1635/1085 5497/1628/1085 5498/1646/1085
f 5516/1624/941 5515/1635/941 5517/1649/941
f 5514/1640/931 5515/1635/931 5516/1624/931
f 5515/1635/1085 5498/1646/1085 5517/1649/1085
f 5517/1649/949 5498/1646/949 5499/1658/949
f 5518/1643/952 5517/1649/952 5519/1661/952
f 5516/1624/941 5517/1649/941 5518/1643/941
f 5517/1649/949 5499/1658/949 5519/1661/949
f 5519/1661/961 5499/1658/961 5500/1672/961
f 5520/1655/954 5519/1661/954 5521/1665/954
f 5518/1643/952 5519/1661/952 5520/1655/952
f 5519/1661/961 5500/1672/961 5521/1665/961
f 5500/1672/973 5523/1686/973 5521/1665/973
f 5521/1665/966 5524/1680/966 5522/1666/966
f 5520/1655/954 5521/1665/954 5522/1666/954
f 5521/1665/966 5523/1686/966 5524/1680/966
f 5523/1686/978 5526/1692/978 5524/1680/978
f 5522/1666/1133 5524/1680/1133 5525/1683/1133
f 5524/1680/1100 5527/1695/1100 5525/1683/1100
f 5524/1680/981 5526/1692/981 5527/1695/981
f 5526/1692/993 5529/1708/993 5527/1695/993
f 5525/1683/974 5527/1695/974 5528/1687/974
f 5527/1695/986 5530/1702/986 5528/1687/986
f 5527/1695/986 5529/1708/986 5530/1702/986
f 5529/1708/997 5532/1714/997 5530/1702/997
f 5531/1705/1000 5530/1702/1000 5532/1714/1000
f 5533/1691/989 5530/1702/989 5531/1705/989
f 5533/1691/989 5528/1687/989 5530/1702/989
f 5535/1679/977 5528/1687/977 5533/1691/977
f 5534/1694/992 5533/1691/992 5531/1705/992
f 5536/1682/980 5533/1691/980 5534/1694/980
f 5536/1682/1105 5535/1679/1105 5533/1691/1105
f 5538/1669/1134 5535/1679/1134 5536/1682/1134
f 5537/1676/983 5536/1682/983 5534/1694/983
f 5539/1673/971 5536/1682/971 5537/1676/971
f 5539/1673/971 5538/1669/971 5536/1682/971
f 5542/1654/959 5538/1669/959 5539/1673/959
f 5540/1668/964 5539/1673/964 5537/1676/964
f 5541/1659/962 5539/1673/962 5540/1668/962
f 5542/1654/959 5539/1673/959 5541/1659/959
f 5545/1651/1106 5543/1663/1106 5542/1654/1106
f 5543/1663/1135 5538/1669/1135 5542/1654/1135
f 5544/1653/947 5542/1654/947 5541/1659/947
f 5545/1651/944 5542/1654/944 5544/1653/944
f 5548/1633/940 5546/1648/940 5545/1651/940
f 5546/1648/951 5543/1663/951 5545/1651/951
f 5547/1638/943 5545/1651/943 5544/1653/943
f 5548/1633/940 5545/1651/940 5547/1638/940
f 5548/1633/937 5549/1625/937 5551/1644/937
f 5550/1632/927 5549/1625/927 5548/1633/927
f 5550/1632/930 5548/1633/930 5547/1638/930
f 5548/1633/937 5551/1644/937 5546/1648/937
f 5551/1644/945 5518/1643/945 5520/1655/945
f 5549/1625/934 5518/1643/934 5551/1644/934
f 5546/1648/948 5551/1644/948 5552/1656/948
f 5551/1644/1111 5520/1655/1111 5552/1656/1111
f 5552/1656/1136 5520/1655/1136 5522/1666/1136
f 5553/1660/1112 5552/1656/1112 5554/1670/1112
f 5546/1648/948 5552/1656/948 5553/1660/948
f 5552/1656/957 5522/1666/957 5554/1670/957
f 5522/1666/969 5525/1683/969 5554/1670/969
f 5554/1670/1113 5556/1678/1113 5555/1674/1113
f 5553/1660/1112 5554/1670/1112 5555/1674/1112
f 5554/1670/1113 5525/1683/1113 5556/1678/1113
f 5525/1683/974 5528/1687/974 5556/1678/974
f 5535/1679/977 5556/1678/977 5528/1687/977
f 5557/1675/1114 5556/1678/1114 5535/1679/1114
f 5557/1675/1114 5555/1674/1114 5556/1678/1114
f 5553/1660/1115 5555/1674/1115 5557/1675/1115
f 5538/1669/968 5557/1675/968 5535/1679/968
f 5543/1663/956 5557/1675/956 5538/1669/956
f 5553/1660/1115 5557/1675/1115 5543/1663/1115
f 5546/1648/951 5553/1660/951 5543/1663/951
f 5562/1798/1074 5550/1632/1074 5558/1639/1074
f 5550/1632/930 5547/1638/930 5558/1639/930
f 5561/1800/1081 5559/1623/1081 5550/1632/1081
f 5550/1632/927 5559/1623/927 5549/1625/927
f 5562/1798/1074 5560/1804/1074 5550/1632/1074
f 5561/1800/1081 5550/1632/1081 5560/1804/1081
f 5564/1784/1141 5560/1804/1141 5562/1798/1141
f 5563/1799/1077 5562/1798/1077 5558/1639/1077
f 5565/1785/1066 5562/1798/1066 5563/1799/1066
f 5565/1785/1066 5564/1784/1066 5562/1798/1066
f 5567/1768/1054 5564/1784/1054 5565/1785/1054
f 5566/1789/1069 5565/1785/1069 5563/1799/1069
f 5568/1769/1057 5565/1785/1057 5566/1789/1057
f 5568/1769/1057 5567/1768/1057 5565/1785/1057
f 5570/1767/1045 5567/1768/1045 5568/1769/1045
f 5569/1776/1060 5568/1769/1060 5566/1789/1060
f 5571/1775/1048 5568/1769/1048 5569/1776/1048
f 5571/1775/1048 5570/1767/1048 5568/1769/1048
f 5574/1751/1036 5570/1763/1036 5571/1757/1036
f 5574/1751/1036 5571/1757/1036 5572/1744/1036
f 5573/1760/1039 5572/1744/1039 5571/1757/1039
f 5573/1781/1051 5571/1775/1051 5569/1776/1051
f 5577/1736/1032 5575/1748/1032 5574/1751/1032
f 5575/1748/1043 5570/1763/1043 5574/1751/1043
f 5576/1740/1025 5574/1751/1025 5572/1744/1025
f 5577/1736/1032 5574/1751/1032 5576/1740/1032
f 5580/1730/1017 5578/1731/1017 5577/1736/1017
f 5578/1731/1029 5575/1748/1029 5577/1736/1029
f 5579/1722/1020 5577/1736/1020 5576/1740/1020
f 5580/1730/1017 5577/1736/1017 5579/1722/1017
f 5532/1714/1012 5581/1728/1012 5580/1730/1012
f 5581/1728/1116 5578/1731/1116 5580/1730/1116
f 5582/1717/1005 5580/1730/1005 5579/1722/1005
f 5532/1714/1012 5580/1730/1012 5582/1717/1012
f 5531/1705/1000 5532/1714/1000 5582/1717/1000
f 5582/1717/1005 5579/1722/1005 5583/1712/1005
f 5584/1700/1003 5582/1717/1003 5583/1712/1003
f 5584/1700/1003 5531/1705/1003 5582/1717/1003
f 5534/1694/992 5531/1705/992 5584/1700/992
f 5585/1701/996 5584/1700/996 5583/1712/996
f 5586/1689/985 5584/1700/985 5585/1701/985
f 5586/1689/985 5534/1694/985 5584/1700/985
f 5537/1676/983 5534/1694/983 5586/1689/983
f 5587/1690/1089 5586/1689/1089 5585/1701/1089
f 5588/1677/976 5586/1689/976 5587/1690/976
f 5588/1677/976 5537/1676/976 5586/1689/976
f 5540/1668/964 5537/1676/964 5588/1677/964
f 5573/1681/967 5540/1668/967 5588/1677/967
f 5573/1693/979 5588/1677/979 5587/1690/979
f 5587/1690/1089 5585/1701/1089 5589/1704/1089
f 5573/1707/991 5587/1690/991 5589/1704/991
f 5589/1704/1117 5585/1701/1117 5591/1713/1117
f 5573/1719/1002 5589/1704/1002 5590/1716/1002
f 5589/1704/999 5591/1713/999 5590/1716/999
f 5583/1712/1008 5592/1727/1008 5591/1713/1008
f 5585/1701/996 5583/1712/996 5591/1713/996
f 5591/1713/1011 5593/1721/1011 5590/1716/1011
f 5591/1713/1011 5592/1727/1011 5593/1721/1011
f 5592/1727/1023 5594/1735/1023 5593/1721/1023
f 5573/1720/1142 5590/1716/1142 5593/1721/1142
f 5573/1734/1016 5593/1721/1016 5594/1735/1016
f 5592/1727/1088 5576/1740/1088 5594/1735/1088
f 5576/1740/1025 5572/1744/1025 5594/1735/1025
f 5573/1747/1028 5594/1735/1028 5572/1744/1028
f 5583/1712/1008 5579/1722/1008 5592/1727/1008
f 5579/1722/1020 5576/1740/1020 5592/1727/1020
f 5581/1728/1118 5595/1724/1118 5597/1737/1118
f 5532/1714/1009 5595/1724/1009 5581/1728/1009
f 5581/1728/1014 5596/1741/1014 5578/1731/1014
f 5581/1728/1021 5597/1737/1021 5596/1741/1021
f 5597/1737/1030 5598/1733/1030 5600/1746/1030
f 5595/1724/1018 5598/1733/1018 5597/1737/1018
f 5596/1741/1033 5597/1737/1033 5599/1749/1033
f 5597/1737/1119 5600/1746/1119 5599/1749/1119
f 5600/1746/1038 5601/1743/1038 5603/1756/1038
f 5598/1733/1027 5601/1743/1027 5600/1746/1027
f 5599/1749/1120 5600/1746/1120 5602/1759/1120
f 5600/1746/1038 5603/1756/1038 5602/1759/1038
f 5508/1764/1047 5604/1773/1047 5603/1774/1047
f 5601/1743/1035 5508/1755/1035 5603/1756/1035
f 5603/1774/1050 5605/1779/1050 5602/1780/1050
f 5603/1774/1050 5604/1773/1050 5605/1779/1050
f 5604/1773/1062 5607/1793/1062 5605/1779/1062
f 5602/1780/1121 5605/1779/1121 5606/1783/1121
f 5605/1779/1122 5608/1786/1122 5606/1783/1122
f 5605/1779/1055 5607/1793/1055 5608/1786/1055
f 5607/1793/1067 5561/1800/1067 5608/1786/1067
f 5606/1783/1143 5608/1786/1143 5609/1790/1143
f 5608/1786/1070 5560/1804/1070 5609/1790/1070
f 5608/1786/1144 5561/1800/1144 5560/1804/1144
f 5564/1784/1073 5609/1790/1073 5560/1804/1073
f 5611/1778/1145 5609/1790/1145 5564/1784/1145
f 5611/1778/1061 5610/1771/1061 5609/1790/1061
f 5606/1783/1058 5609/1790/1058 5610/1771/1058
f 5612/1777/1123 5610/1771/1123 5611/1778/1123
f 5567/1768/1124 5611/1778/1124 5564/1784/1124
f 5613/1782/1125 5611/1778/1125 5567/1768/1125
f 5613/1782/1052 5612/1777/1052 5611/1778/1052
f 5614/1745/1040 5612/1758/1040 5613/1761/1040
f 5570/1767/1045 5613/1782/1045 5567/1768/1045
f 5575/1748/1043 5613/1761/1043 5570/1763/1043
f 5614/1745/1126 5613/1761/1126 5575/1748/1126
f 5596/1741/1026 5615/1752/1026 5614/1745/1026
f 5615/1752/1037 5612/1758/1037 5614/1745/1037
f 5578/1731/1128 5614/1745/1128 5575/1748/1128
f 5596/1741/1026 5614/1745/1026 5578/1731/1026
f 5615/1752/1034 5599/1749/1034 5617/1753/1034
f 5596/1741/1033 5599/1749/1033 5615/1752/1033
f 5615/1752/1127 5616/1754/1127 5612/1758/1127
f 5615/1752/1129 5617/1753/1129 5616/1754/1129
f 5602/1780/1053 5606/1783/1053 5617/1770/1053
f 5599/1749/1041 5602/1759/1041 5617/1753/1041
f 5617/1770/1130 5610/1771/1130 5616/1772/1130
f 5617/1770/1130 5606/1783/1130 5610/1771/1130
f 5612/1777/1123 5616/1772/1123 5610/1771/1123
f 5604/1773/1062 5618/1791/1062 5607/1793/1062
f 5618/1791/1064 5619/1795/1064 5607/1793/1064
f 5607/1793/1067 5619/1795/1067 5561/1800/1067
f 5618/1791/1064 5512/1805/1064 5619/1795/1064
f 5512/1805/1075 5514/1640/1075 5619/1795/1075
f 5619/1795/1078 5559/1623/1078 5561/1800/1078
f 5619/1795/1078 5514/1640/1078 5559/1623/1078
f 5509/1766/1059 5510/1788/1059 5618/1791/1059
f 5510/1788/1084 5512/1805/1084 5618/1791/1084
f 5509/1766/1059 5618/1791/1059 5604/1773/1059
f 5508/1764/1047 5509/1766/1047 5604/1773/1047
f 5601/1743/1035 5507/1742/1035 5508/1755/1035
f 5620/1732/1024 5507/1742/1024 5601/1743/1024
f 5598/1733/1027 5620/1732/1027 5601/1743/1027
f 5620/1732/1024 5506/1739/1024 5507/1742/1024
f 5621/1729/1091 5506/1739/1091 5620/1732/1091
f 5622/1723/1015 5620/1732/1015 5598/1733/1015
f 5622/1723/1015 5621/1729/1015 5620/1732/1015
f 5623/1718/1013 5621/1729/1013 5622/1723/1013
f 5595/1724/1018 5622/1723/1018 5598/1733/1018
f 5624/1709/1006 5622/1723/1006 5595/1724/1006
f 5624/1709/1006 5623/1718/1006 5622/1723/1006
f 5625/1706/994 5623/1718/994 5624/1709/994
f 5532/1714/1009 5624/1709/1009 5595/1724/1009
f 5529/1708/997 5624/1709/997 5532/1714/997
f 5625/1706/994 5624/1709/994 5529/1708/994
f 5627/1688/990 5626/1703/990 5625/1706/990
f 5626/1703/1001 5623/1718/1001 5625/1706/1001
f 5526/1692/993 5625/1706/993 5529/1708/993
f 5627/1688/990 5625/1706/990 5526/1692/990
f 5501/1685/975 5502/1697/975 5627/1688/975
f 5502/1697/1090 5626/1703/1090 5627/1688/1090
f 5523/1686/978 5627/1688/978 5526/1692/978
f 5501/1685/975 5627/1688/975 5523/1686/975
f 5502/1697/1090 5503/1699/1090 5626/1703/1090
f 5503/1699/1131 5628/1715/1131 5626/1703/1131
f 5626/1703/1001 5628/1715/1001 5623/1718/1001
f 5628/1715/1010 5504/1711/1010 5505/1726/1010
f 5503/1699/998 5504/1711/998 5628/1715/998
f 5623/1718/1013 5628/1715/1013 5621/1729/1013
f 5628/1715/1010 5505/1726/1010 5621/1729/1010
f 5621/1729/1022 5505/1726/1022 5506/1739/1022
f 5573/1806/1146 5634/1797/1146 5629/1637/1146
f 5573/1641/932 5629/1637/932 5630/1636/932
f 5573/1652/942 5630/1636/942 5631/1650/942
f 5573/1664/953 5631/1650/953 5632/1662/953
f 5573/1667/955 5632/1662/955 5540/1668/955
f 5573/1794/1063 5569/1776/1063 5633/1792/1063
f 5573/1796/1065 5633/1792/1065 5634/1797/1065
f 5634/1797/1147 5635/1803/1147 5636/1631/1147
f 5633/1792/1087 5635/1803/1087 5634/1797/1087
f 5634/1797/1083 5636/1631/1083 5629/1637/1083
f 5635/1803/1080 5637/1629/1080 5636/1631/1080
f 5637/1629/926 5638/1630/926 5636/1631/926
f 5636/1631/929 5630/1636/929 5629/1637/929
f 5636/1631/1137 5638/1630/1137 5630/1636/1137
f 5637/1629/926 5639/1642/926 5638/1630/926
f 5639/1642/936 5640/1647/936 5638/1630/936
f 5638/1630/1086 5631/1650/1086 5630/1636/1086
f 5638/1630/1086 5640/1647/1086 5631/1650/1086
f 5639/1642/936 5544/1653/936 5640/1647/936
f 5544/1653/947 5541/1659/947 5640/1647/947
f 5640/1647/950 5632/1662/950 5631/1650/950
f 5640/1647/950 5541/1659/950 5632/1662/950
f 5558/1639/933 5547/1638/933 5639/1642/933
f 5547/1638/943 5544/1653/943 5639/1642/943
f 5558/1639/933 5639/1642/933 5637/1629/933
f 5563/1799/1077 5558/1639/1077 5637/1629/1077
f 5635/1803/1080 5563/1799/1080 5637/1629/1080
f 5566/1789/1069 5563/1799/1069 5635/1803/1069
f 5633/1792/1087 5566/1789/1087 5635/1803/1087
f 5569/1776/1060 5566/1789/1060 5633/1792/1060
f 5541/1659/962 5540/1668/962 5632/1662/962
f 5559/1623/924 5514/1640/924 5516/1624/924
f 5559/1623/924 5516/1624/924 5549/1625/924
f 5549/1625/934 5516/1624/934 5518/1643/934
f 5500/1672/973 5501/1685/973 5523/1686/973
f 5669/1802/1079 5653/1807/1079 5654/1626/1079
f 5654/1626/925 5653/1627/925 5655/1628/925
f 5655/1628/935 5653/1645/935 5656/1646/935
f 5656/1646/1148 5653/1657/1148 5657/1658/1148
f 5657/1658/958 5653/1671/958 5658/1672/958
f 5658/1672/970 5653/1684/970 5659/1685/970
f 5659/1685/1149 5653/1696/1149 5660/1697/1149
f 5660/1697/984 5653/1698/984 5661/1699/984
f 5661/1699/995 5653/1710/995 5662/1711/995
f 5662/1711/1007 5653/1725/1007 5663/1726/1007
f 5663/1726/1019 5653/1738/1019 5664/1739/1019
f 5664/1739/1150 5653/1750/1150 5665/1742/1150
f 5665/1742/1042 5653/1762/1042 5666/1755/1042
f 5666/1764/1044 5653/1765/1044 5667/1766/1044
f 5667/1766/1151 5653/1787/1151 5668/1788/1151
f 5668/1788/1068 5653/1801/1068 5669/1802/1068
f 5668/1788/1084 5669/1802/1084 5670/1805/1084
f 5669/1802/1082 5671/1634/1082 5670/1805/1082
f 5669/1802/1140 5654/1626/1140 5671/1634/1140
f 5671/1634/1132 5654/1626/1132 5655/1628/1132
f 5670/1805/1075 5671/1634/1075 5672/1640/1075
f 5672/1640/931 5671/1634/931 5673/1635/931
f 5671/1634/1132 5655/1628/1132 5673/1635/1132
f 5673/1635/1085 5655/1628/1085 5656/1646/1085
f 5674/1624/941 5673/1635/941 5675/1649/941
f 5672/1640/931 5673/1635/931 5674/1624/931
f 5673/1635/938 5656/1646/938 5675/1649/938
f 5675/1649/949 5656/1646/949 5657/1658/949
f 5676/1643/952 5675/1649/952 5677/1661/952
f 5674/1624/941 5675/1649/941 5676/1643/941
f 5675/1649/949 5657/1658/949 5677/1661/949
f 5677/1661/961 5657/1658/961 5658/1672/961
f 5678/1655/954 5677/1661/954 5679/1665/954
f 5676/1643/952 5677/1661/952 5678/1655/952
f 5677/1661/961 5658/1672/961 5679/1665/961
f 5658/1672/973 5681/1686/973 5679/1665/973
f 5679/1665/966 5682/1680/966 5680/1666/966
f 5678/1655/954 5679/1665/954 5680/1666/954
f 5679/1665/966 5681/1686/966 5682/1680/966
f 5681/1686/978 5684/1692/978 5682/1680/978
f 5680/1666/969 5682/1680/969 5683/1683/969
f 5682/1680/981 5685/1695/981 5683/1683/981
f 5682/1680/981 5684/1692/981 5685/1695/981
f 5684/1692/993 5687/1708/993 5685/1695/993
f 5683/1683/974 5685/1695/974 5686/1687/974
f 5685/1695/986 5688/1702/986 5686/1687/986
f 5685/1695/986 5687/1708/986 5688/1702/986
f 5687/1708/997 5690/1714/997 5688/1702/997
f 5689/1705/1000 5688/1702/1000 5690/1714/1000
f 5691/1691/989 5688/1702/989 5689/1705/989
f 5691/1691/989 5686/1687/989 5688/1702/989
f 5693/1679/977 5686/1687/977 5691/1691/977
f 5692/1694/992 5691/1691/992 5689/1705/992
f 5694/1682/980 5691/1691/980 5692/1694/980
f 5694/1682/980 5693/1679/980 5691/1691/980
f 5696/1669/968 5693/1679/968 5694/1682/968
f 5695/1676/983 5694/1682/983 5692/1694/983
f 5697/1673/971 5694/1682/971 5695/1676/971
f 5697/1673/971 5696/1669/971 5694/1682/971
f 5700/1654/959 5696/1669/959 5697/1673/959
f 5698/1668/964 5697/1673/964 5695/1676/964
f 5699/1659/962 5697/1673/962 5698/1668/962
f 5700/1654/959 5697/1673/959 5699/1659/959
f 5703/1651/944 5701/1663/944 5700/1654/944
f 5701/1663/956 5696/1669/956 5700/1654/956
f 5702/1653/947 5700/1654/947 5699/1659/947
f 5703/1651/944 5700/1654/944 5702/1653/944
f 5706/1633/940 5704/1648/940 5703/1651/940
f 5704/1648/1107 5701/1663/1107 5703/1651/1107
f 5705/1638/1152 5703/1651/1152 5702/1653/1152
f 5706/1633/940 5703/1651/940 5705/1638/940
f 5706/1633/937 5707/1625/937 5709/1644/937
f 5708/1632/927 5707/1625/927 5706/1633/927
f 5708/1632/930 5706/1633/930 5705/1638/930
f 5706/1633/937 5709/1644/937 5704/1648/937
f 5709/1644/945 5676/1643/945 5678/1655/945
f 5707/1625/1153 5676/1643/1153 5709/1644/1153
f 5704/1648/1110 5709/1644/1110 5710/1656/1110
f 5709/1644/945 5678/1655/945 5710/1656/945
f 5710/1656/957 5678/1655/957 5680/1666/957
f 5711/1660/960 5710/1656/960 5712/1670/960
f 5704/1648/1110 5710/1656/1110 5711/1660/1110
f 5710/1656/957 5680/1666/957 5712/1670/957
f 5680/1666/969 5683/1683/969 5712/1670/969
f 5712/1670/972 5714/1678/972 5713/1674/972
f 5711/1660/960 5712/1670/960 5713/1674/960
f 5712/1670/972 5683/1683/972 5714/1678/972
f 5683/1683/1101 5686/1687/1101 5714/1678/1101
f 5693/1679/1104 5714/1678/1104 5686/1687/1104
f 5715/1675/965 5714/1678/965 5693/1679/965
f 5715/1675/965 5713/1674/965 5714/1678/965
f 5711/1660/963 5713/1674/963 5715/1675/963
f 5696/1669/968 5715/1675/968 5693/1679/968
f 5701/1663/956 5715/1675/956 5696/1669/956
f 5711/1660/963 5715/1675/963 5701/1663/963
f 5704/1648/1107 5711/1660/1107 5701/1663/1107
f 5719/1798/1074 5708/1632/1074 5716/1639/1074
f 5708/1632/1154 5705/1638/1154 5716/1639/1154
f 5720/1800/1155 5717/1623/1155 5708/1632/1155
f 5708/1632/927 5717/1623/927 5707/1625/927
f 5719/1798/1074 5718/1804/1074 5708/1632/1074
f 5720/1800/1081 5708/1632/1081 5718/1804/1081
f 5723/1793/1067 5721/1795/1067 5720/1800/1067
f 5721/1795/1078 5717/1623/1078 5720/1800/1078
f 5722/1786/1070 5720/1800/1070 5718/1804/1070
f 5723/1793/1067 5720/1800/1067 5722/1786/1067
f 5726/1773/1062 5724/1791/1062 5723/1793/1062
f 5724/1791/1064 5721/1795/1064 5723/1793/1064
f 5725/1779/1055 5723/1793/1055 5722/1786/1055
f 5726/1773/1062 5723/1793/1062 5725/1779/1062
f 5666/1764/1047 5667/1766/1047 5726/1773/1047
f 5667/1766/1059 5724/1791/1059 5726/1773/1059
f 5727/1774/1050 5726/1773/1050 5725/1779/1050
f 5666/1764/1047 5726/1773/1047 5727/1774/1047
f 5729/1743/1035 5666/1755/1035 5727/1756/1035
f 5727/1774/1050 5725/1779/1050 5728/1780/1050
f 5730/1746/1038 5727/1756/1038 5728/1759/1038
f 5730/1746/1038 5729/1743/1038 5727/1756/1038
f 5732/1733/1027 5729/1743/1027 5730/1746/1027
f 5731/1749/1041 5730/1746/1041 5728/1759/1041
f 5733/1737/1030 5730/1746/1030 5731/1749/1030
f 5733/1737/1030 5732/1733/1030 5730/1746/1030
f 5735/1724/1018 5732/1733/1018 5733/1737/1018
f 5734/1741/1033 5733/1737/1033 5731/1749/1033
f 5736/1728/1021 5733/1737/1021 5734/1741/1021
f 5736/1728/1021 5735/1724/1021 5733/1737/1021
f 5690/1714/1009 5735/1724/1009 5736/1728/1009
f 5690/1714/1012 5736/1728/1012 5737/1730/1012
f 5736/1728/1014 5738/1731/1014 5737/1730/1014
f 5736/1728/1014 5734/1741/1014 5738/1731/1014
f 5734/1741/1026 5740/1745/1026 5738/1731/1026
f 5737/1730/1017 5738/1731/1017 5739/1736/1017
f 5738/1731/1029 5741/1748/1029 5739/1736/1029
f 5738/1731/1029 5740/1745/1029 5741/1748/1029
f 5740/1745/1040 5743/1761/1040 5741/1748/1040
f 5739/1736/1032 5741/1748/1032 5742/1751/1032
f 5741/1748/1043 5744/1763/1043 5742/1751/1043
f 5741/1748/1043 5743/1761/1043 5744/1763/1043
f 5744/1767/1045 5743/1782/1045 5747/1768/1045
f 5745/1775/1048 5744/1767/1048 5746/1769/1048
f 5742/1751/1036 5744/1763/1036 5745/1757/1036
f 5744/1767/1045 5747/1768/1045 5746/1769/1045
f 5747/1768/1054 5748/1778/1054 5750/1784/1054
f 5743/1782/1052 5748/1778/1052 5747/1768/1052
f 5746/1769/1057 5747/1768/1057 5749/1785/1057
f 5747/1768/1054 5750/1784/1054 5749/1785/1054
f 5750/1784/1073 5751/1790/1073 5718/1804/1073
f 5748/1778/1145 5751/1790/1145 5750/1784/1145
f 5749/1785/1066 5750/1784/1066 5719/1798/1066
f 5750/1784/1073 5718/1804/1073 5719/1798/1073
f 5753/1783/1143 5722/1786/1143 5751/1790/1143
f 5722/1786/1070 5718/1804/1070 5751/1790/1070
f 5748/1778/1145 5752/1771/1145 5751/1790/1145
f 5753/1783/1143 5751/1790/1143 5752/1771/1143
f 5728/1780/1053 5725/1779/1053 5753/1783/1053
f 5725/1779/1055 5722/1786/1055 5753/1783/1055
f 5754/1770/1046 5753/1783/1046 5752/1771/1046
f 5728/1780/1053 5753/1783/1053 5754/1770/1053
f 5731/1749/1041 5728/1759/1041 5754/1753/1041
f 5754/1770/1046 5752/1771/1046 5755/1772/1046
f 5756/1752/1034 5754/1753/1034 5755/1754/1034
f 5756/1752/1034 5731/1749/1034 5754/1753/1034
f 5734/1741/1033 5731/1749/1033 5756/1752/1033
f 5734/1741/1026 5756/1752/1026 5740/1745/1026
f 5756/1752/1037 5757/1758/1037 5740/1745/1037
f 5756/1752/1037 5755/1754/1037 5757/1758/1037
f 5757/1777/1049 5755/1772/1049 5752/1771/1049
f 5743/1782/1052 5757/1777/1052 5748/1778/1052
f 5740/1745/1040 5757/1758/1040 5743/1761/1040
f 5757/1777/1049 5752/1771/1049 5748/1778/1049
f 5758/1789/1069 5749/1785/1069 5759/1799/1069
f 5746/1769/1057 5749/1785/1057 5758/1789/1057
f 5749/1785/1066 5719/1798/1066 5759/1799/1066
f 5759/1799/1156 5719/1798/1156 5716/1639/1156
f 5760/1803/1080 5759/1799/1080 5761/1629/1080
f 5758/1789/1069 5759/1799/1069 5760/1803/1069
f 5759/1799/1077 5716/1639/1077 5761/1629/1077
f 5716/1639/933 5762/1642/933 5761/1629/933
f 5761/1629/926 5762/1642/926 5764/1630/926
f 5760/1803/1080 5761/1629/1080 5763/1631/1080
f 5761/1629/926 5764/1630/926 5763/1631/926
f 5762/1642/936 5766/1647/936 5764/1630/936
f 5763/1631/1137 5764/1630/1137 5765/1636/1137
f 5764/1630/1086 5767/1650/1086 5765/1636/1086
f 5764/1630/939 5766/1647/939 5767/1650/939
f 5766/1647/950 5768/1662/950 5767/1650/950
f 5769/1652/942 5765/1636/942 5767/1650/942
f 5769/1664/1157 5767/1650/1157 5768/1662/1157
f 5769/1806/1076 5780/1797/1076 5770/1637/1076
f 5769/1641/932 5770/1637/932 5765/1636/932
f 5769/1667/955 5768/1662/955 5698/1668/955
f 5769/1681/967 5698/1668/967 5771/1677/967
f 5769/1693/979 5771/1677/979 5772/1690/979
f 5769/1707/991 5772/1690/991 5773/1704/991
f 5769/1719/1002 5773/1704/1002 5774/1716/1002
f 5769/1720/1004 5774/1716/1004 5775/1721/1004
f 5769/1734/1016 5775/1721/1016 5776/1735/1016
f 5769/1747/1158 5776/1735/1158 5777/1744/1158
f 5769/1760/1039 5777/1744/1039 5745/1757/1039
f 5769/1781/1051 5745/1775/1051 5778/1776/1051
f 5769/1794/1159 5778/1776/1159 5779/1792/1159
f 5769/1796/1065 5779/1792/1065 5780/1797/1065
f 5780/1797/1083 5760/1803/1083 5763/1631/1083
f 5779/1792/1087 5760/1803/1087 5780/1797/1087
f 5780/1797/1147 5763/1631/1147 5770/1637/1147
f 5779/1792/1087 5758/1789/1087 5760/1803/1087
f 5778/1776/1060 5758/1789/1060 5779/1792/1060
f 5778/1776/1060 5746/1769/1060 5758/1789/1060
f 5745/1775/1048 5746/1769/1048 5778/1776/1048
f 5781/1740/1025 5742/1751/1025 5777/1744/1025
f 5742/1751/1036 5745/1757/1036 5777/1744/1036
f 5781/1740/1025 5777/1744/1025 5776/1735/1025
f 5783/1722/1020 5739/1736/1020 5781/1740/1020
f 5739/1736/1032 5742/1751/1032 5781/1740/1032
f 5782/1727/1088 5781/1740/1088 5776/1735/1088
f 5783/1722/1020 5781/1740/1020 5782/1727/1020
f 5785/1717/1005 5737/1730/1005 5783/1722/1005
f 5737/1730/1017 5739/1736/1017 5783/1722/1017
f 5784/1712/1008 5783/1722/1008 5782/1727/1008
f 5785/1717/1005 5783/1722/1005 5784/1712/1005
f 5690/1714/1012 5737/1730/1012 5785/1717/1012
f 5689/1705/1000 5690/1714/1000 5785/1717/1000
f 5786/1700/1003 5785/1717/1003 5784/1712/1003
f 5786/1700/1160 5689/1705/1160 5785/1717/1160
f 5692/1694/992 5689/1705/992 5786/1700/992
f 5787/1701/996 5786/1700/996 5784/1712/996
f 5788/1689/985 5786/1700/985 5787/1701/985
f 5788/1689/985 5692/1694/985 5786/1700/985
f 5695/1676/983 5692/1694/983 5788/1689/983
f 5772/1690/1089 5788/1689/1089 5787/1701/1089
f 5771/1677/976 5788/1689/976 5772/1690/976
f 5771/1677/976 5695/1676/976 5788/1689/976
f 5773/1704/999 5787/1701/999 5789/1713/999
f 5772/1690/1089 5787/1701/1089 5773/1704/1089
f 5787/1701/996 5784/1712/996 5789/1713/996
f 5784/1712/1008 5782/1727/1008 5789/1713/1008
f 5789/1713/1161 5775/1721/1161 5774/1716/1161
f 5773/1704/1117 5789/1713/1117 5774/1716/1117
f 5789/1713/1161 5782/1727/1161 5775/1721/1161
f 5782/1727/1088 5776/1735/1088 5775/1721/1088
f 5698/1668/964 5695/1676/964 5771/1677/964
f 5763/1631/1137 5765/1636/1137 5770/1637/1137
f 5766/1647/950 5699/1659/950 5768/1662/950
f 5699/1659/962 5698/1668/962 5768/1662/962
f 5762/1642/936 5702/1653/936 5766/1647/936
f 5702/1653/947 5699/1659/947 5766/1647/947
f 5716/1639/933 5705/1638/933 5762/1642/933
f 5705/1638/943 5702/1653/943 5762/1642/943
f 5735/1724/1018 5790/1723/1018 5732/1733/1018
f 5791/1709/1006 5790/1723/1006 5735/1724/1006
f 5690/1714/1009 5791/1709/1009 5735/1724/1009
f 5791/1709/1006 5792/1718/1006 5790/1723/1006
f 5793/1706/994 5792/1718/994 5791/1709/994
f 5687/1708/997 5791/1709/997 5690/1714/997
f 5793/1706/1162 5791/1709/1162 5687/1708/1162
f 5795/1688/990 5794/1703/990 5793/1706/990
f 5794/1703/1001 5792/1718/1001 5793/1706/1001
f 5684/1692/993 5793/1706/993 5687/1708/993
f 5795/1688/990 5793/1706/990 5684/1692/990
f 5659/1685/975 5660/1697/975 5795/1688/975
f 5660/1697/1090 5794/1703/1090 5795/1688/1090
f 5681/1686/978 5795/1688/978 5684/1692/978
f 5659/1685/975 5795/1688/975 5681/1686/975
f 5660/1697/1090 5661/1699/1090 5794/1703/1090
f 5661/1699/998 5796/1715/998 5794/1703/998
f 5794/1703/1001 5796/1715/1001 5792/1718/1001
f 5796/1715/1163 5662/1711/1163 5663/1726/1163
f 5661/1699/1131 5662/1711/1131 5796/1715/1131
f 5792/1718/1013 5796/1715/1013 5797/1729/1013
f 5796/1715/1163 5663/1726/1163 5797/1729/1163
f 5797/1729/1091 5663/1726/1091 5664/1739/1091
f 5790/1723/1015 5797/1729/1015 5798/1732/1015
f 5792/1718/1013 5797/1729/1013 5790/1723/1013
f 5797/1729/1091 5664/1739/1091 5798/1732/1091
f 5798/1732/1024 5664/1739/1024 5665/1742/1024
f 5732/1733/1027 5798/1732/1027 5729/1743/1027
f 5790/1723/1015 5798/1732/1015 5732/1733/1015
f 5798/1732/1024 5665/1742/1024 5729/1743/1024
f 5729/1743/1035 5665/1742/1035 5666/1755/1035
f 5667/1766/1059 5668/1788/1059 5724/1791/1059
f 5668/1788/1084 5670/1805/1084 5724/1791/1084
f 5724/1791/1064 5670/1805/1064 5721/1795/1064
f 5670/1805/1075 5672/1640/1075 5721/1795/1075
f 5721/1795/1078 5672/1640/1078 5717/1623/1078
f 5717/1623/924 5672/1640/924 5674/1624/924
f 5717/1623/1164 5674/1624/1164 5707/1625/1164
f 5707/1625/934 5674/1624/934 5676/1643/934
f 5658/1672/973 5659/1685/973 5681/1686/973
f 5815/1802/1079 5799/1807/1079 5800/1626/1079
f 5800/1626/925 5799/1627/925 5801/1628/925
f 5801/1628/935 5799/1645/935 5802/1646/935
f 5802/1646/946 5799/1657/946 5803/1658/946
f 5803/1658/958 5799/1671/958 5804/1672/958
f 5804/1672/970 5799/1684/970 5805/1685/970
f 5805/1685/1149 5799/1696/1149 5806/1697/1149
f 5806/1697/984 5799/1698/984 5807/1699/984
f 5807/1699/995 5799/1710/995 5808/1711/995
f 5808/1711/1007 5799/1725/1007 5809/1726/1007
f 5809/1726/1019 5799/1738/1019 5810/1739/1019
f 5810/1739/1031 5799/1750/1031 5811/1742/1031
f 5811/1742/1042 5799/1762/1042 5812/1755/1042
f 5812/1764/1044 5799/1765/1044 5813/1766/1044
f 5813/1766/1056 5799/1787/1056 5814/1788/1056
f 5814/1788/1068 5799/1801/1068 5815/1802/1068
f 5814/1788/1084 5815/1802/1084 5816/1805/1084
f 5815/1802/1140 5817/1634/1140 5816/1805/1140
f 5815/1802/1140 5800/1626/1140 5817/1634/1140
f 5817/1634/1132 5800/1626/1132 5801/1628/1132
f 5816/1805/1075 5817/1634/1075 5818/1640/1075
f 5818/1640/931 5817/1634/931 5819/1635/931
f 5817/1634/1132 5801/1628/1132 5819/1635/1132
f 5819/1635/1085 5801/1628/1085 5802/1646/1085
f 5820/1624/941 5819/1635/941 5821/1649/941
f 5818/1640/931 5819/1635/931 5820/1624/931
f 5819/1635/938 5802/1646/938 5821/1649/938
f 5821/1649/949 5802/1646/949 5803/1658/949
f 5822/1643/952 5821/1649/952 5823/1661/952
f 5820/1624/941 5821/1649/941 5822/1643/941
f 5821/1649/949 5803/1658/949 5823/1661/949
f 5823/1661/961 5803/1658/961 5804/1672/961
f 5824/1655/954 5823/1661/954 5825/1665/954
f 5822/1643/952 5823/1661/952 5824/1655/952
f 5823/1661/961 5804/1672/961 5825/1665/961
f 5804/1672/973 5827/1686/973 5825/1665/973
f 5825/1665/966 5828/1680/966 5826/1666/966
f 5824/1655/954 5825/1665/954 5826/1666/954
f 5825/1665/966 5827/1686/966 5828/1680/966
f 5827/1686/978 5830/1692/978 5828/1680/978
f 5826/1666/969 5828/1680/969 5829/1683/969
f 5828/1680/981 5831/1695/981 5829/1683/981
f 5828/1680/981 5830/1692/981 5831/1695/981
f 5830/1692/993 5833/1708/993 5831/1695/993
f 5829/1683/974 5831/1695/974 5832/1687/974
f 5831/1695/986 5834/1702/986 5832/1687/986
f 5831/1695/986 5833/1708/986 5834/1702/986
f 5833/1708/997 5836/1714/997 5834/1702/997
f 5835/1705/1000 5834/1702/1000 5836/1714/1000
f 5837/1691/989 5834/1702/989 5835/1705/989
f 5837/1691/989 5832/1687/989 5834/1702/989
f 5839/1679/977 5832/1687/977 5837/1691/977
f 5838/1694/992 5837/1691/992 5835/1705/992
f 5840/1682/980 5837/1691/980 5838/1694/980
f 5840/1682/980 5839/1679/980 5837/1691/980
f 5842/1669/968 5839/1679/968 5840/1682/968
f 5841/1676/983 5840/1682/983 5838/1694/983
f 5843/1673/971 5840/1682/971 5841/1676/971
f 5843/1673/971 5842/1669/971 5840/1682/971
f 5846/1654/959 5842/1669/959 5843/1673/959
f 5844/1668/964 5843/1673/964 5841/1676/964
f 5845/1659/962 5843/1673/962 5844/1668/962
f 5846/1654/959 5843/1673/959 5845/1659/959
f 5849/1651/944 5847/1663/944 5846/1654/944
f 5847/1663/956 5842/1669/956 5846/1654/956
f 5848/1653/947 5846/1654/947 5845/1659/947
f 5849/1651/944 5846/1654/944 5848/1653/944
f 5852/1633/940 5850/1648/940 5849/1651/940
f 5850/1648/951 5847/1663/951 5849/1651/951
f 5851/1638/1152 5849/1651/1152 5848/1653/1152
f 5852/1633/940 5849/1651/940 5851/1638/940
f 5852/1633/937 5853/1625/937 5855/1644/937
f 5854/1632/927 5853/1625/927 5852/1633/927
f 5854/1632/930 5852/1633/930 5851/1638/930
f 5852/1633/937 5855/1644/937 5850/1648/937
f 5855/1644/945 5822/1643/945 5824/1655/945
f 5853/1625/1153 5822/1643/1153 5855/1644/1153
f 5850/1648/948 5855/1644/948 5856/1656/948
f 5855/1644/945 5824/1655/945 5856/1656/945
f 5856/1656/957 5824/1655/957 5826/1666/957
f 5857/1660/960 5856/1656/960 5858/1670/960
f 5850/1648/948 5856/1656/948 5857/1660/948
f 5856/1656/957 5826/1666/957 5858/1670/957
f 5826/1666/969 5829/1683/969 5858/1670/969
f 5858/1670/972 5860/1678/972 5859/1674/972
f 5857/1660/960 5858/1670/960 5859/1674/960
f 5858/1670/972 5829/1683/972 5860/1678/972
f 5829/1683/974 5832/1687/974 5860/1678/974
f 5839/1679/977 5860/1678/977 5832/1687/977
f 5861/1675/965 5860/1678/965 5839/1679/965
f 5861/1675/965 5859/1674/965 5860/1678/965
f 5857/1660/963 5859/1674/963 5861/1675/963
f 5842/1669/968 5861/1675/968 5839/1679/968
f 5847/1663/956 5861/1675/956 5842/1669/956
f 5857/1660/963 5861/1675/963 5847/1663/963
f 5850/1648/951 5857/1660/951 5847/1663/951
f 5866/1798/1165 5854/1632/1165 5862/1639/1165
f 5854/1632/1154 5851/1638/1154 5862/1639/1154
f 5865/1800/1081 5863/1623/1081 5854/1632/1081
f 5854/1632/1166 5863/1623/1166 5853/1625/1166
f 5866/1798/1074 5864/1804/1074 5854/1632/1074
f 5865/1800/1081 5854/1632/1081 5864/1804/1081
f 5868/1784/1073 5864/1804/1073 5866/1798/1073
f 5867/1799/1077 5866/1798/1077 5862/1639/1077
f 5869/1785/1066 5866/1798/1066 5867/1799/1066
f 5869/1785/1066 5868/1784/1066 5866/1798/1066
f 5871/1768/1054 5868/1784/1054 5869/1785/1054
f 5870/1789/1069 5869/1785/1069 5867/1799/1069
f 5872/1769/1057 5869/1785/1057 5870/1789/1057
f 5872/1769/1057 5871/1768/1057 5869/1785/1057
f 5874/1767/1045 5871/1768/1045 5872/1769/1045
f 5873/1776/1060 5872/1769/1060 5870/1789/1060
f 5875/1775/1048 5872/1769/1048 5873/1776/1048
f 5875/1775/1048 5874/1767/1048 5872/1769/1048
f 5878/1751/1036 5874/1763/1036 5875/1757/1036
f 5877/1760/1039 5876/1744/1039 5875/1757/1039
f 5878/1751/1036 5875/1757/1036 5876/1744/1036
f 5877/1781/1051 5875/1775/1051 5873/1776/1051
f 5881/1736/1032 5879/1748/1032 5878/1751/1032
f 5879/1748/1043 5874/1763/1043 5878/1751/1043
f 5880/1740/1025 5878/1751/1025 5876/1744/1025
f 5881/1736/1032 5878/1751/1032 5880/1740/1032
f 5884/1730/1017 5882/1731/1017 5881/1736/1017
f 5882/1731/1029 5879/1748/1029 5881/1736/1029
f 5883/1722/1020 5881/1736/1020 5880/1740/1020
f 5884/1730/1017 5881/1736/1017 5883/1722/1017
f 5836/1714/1012 5885/1728/1012 5884/1730/1012
f 5885/1728/1014 5882/1731/1014 5884/1730/1014
f 5886/1717/1167 5884/1730/1167 5883/1722/1167
f 5836/1714/1012 5884/1730/1012 5886/1717/1012
f 5835/1705/1168 5836/1714/1168 5886/1717/1168
f 5886/1717/1005 5883/1722/1005 5887/1712/1005
f 5888/1700/1003 5886/1717/1003 5887/1712/1003
f 5888/1700/1003 5835/1705/1003 5886/1717/1003
f 5838/1694/992 5835/1705/992 5888/1700/992
f 5889/1701/996 5888/1700/996 5887/1712/996
f 5890/1689/985 5888/1700/985 5889/1701/985
f 5890/1689/985 5838/1694/985 5888/1700/985
f 5841/1676/983 5838/1694/983 5890/1689/983
f 5891/1690/1089 5890/1689/1089 5889/1701/1089
f 5892/1677/976 5890/1689/976 5891/1690/976
f 5892/1677/976 5841/1676/976 5890/1689/976
f 5844/1668/964 5841/1676/964 5892/1677/964
f 5877/1681/967 5844/1668/967 5892/1677/967
f 5877/1693/979 5892/1677/979 5891/1690/979
f 5891/1690/1089 5889/1701/1089 5893/1704/1089
f 5877/1707/991 5891/1690/991 5893/1704/991
f 5893/1704/1117 5889/1701/1117 5895/1713/1117
f 5893/1704/1117 5895/1713/1117 5894/1716/1117
f 5877/1719/1002 5893/1704/1002 5894/1716/1002
f 5887/1712/1008 5896/1727/1008 5895/1713/1008
f 5889/1701/996 5887/1712/996 5895/1713/996
f 5895/1713/1161 5897/1721/1161 5894/1716/1161
f 5895/1713/1161 5896/1727/1161 5897/1721/1161
f 5896/1727/1088 5898/1735/1088 5897/1721/1088
f 5877/1720/1004 5894/1716/1004 5897/1721/1004
f 5877/1734/1016 5897/1721/1016 5898/1735/1016
f 5896/1727/1088 5880/1740/1088 5898/1735/1088
f 5880/1740/1025 5876/1744/1025 5898/1735/1025
f 5877/1747/1028 5898/1735/1028 5876/1744/1028
f 5887/1712/1008 5883/1722/1008 5896/1727/1008
f 5883/1722/1020 5880/1740/1020 5896/1727/1020
f 5885/1728/1021 5899/1724/1021 5901/1737/1021
f 5836/1714/1009 5899/1724/1009 5885/1728/1009
f 5885/1728/1014 5900/1741/1014 5882/1731/1014
f 5885/1728/1021 5901/1737/1021 5900/1741/1021
f 5901/1737/1030 5902/1733/1030 5904/1746/1030
f 5899/1724/1018 5902/1733/1018 5901/1737/1018
f 5900/1741/1033 5901/1737/1033 5903/1749/1033
f 5901/1737/1030 5904/1746/1030 5903/1749/1030
f 5904/1746/1038 5905/1743/1038 5907/1756/1038
f 5902/1733/1027 5905/1743/1027 5904/1746/1027
f 5903/1749/1041 5904/1746/1041 5906/1759/1041
f 5904/1746/1038 5907/1756/1038 5906/1759/1038
f 5812/1764/1047 5908/1773/1047 5907/1774/1047
f 5905/1743/1035 5812/1755/1035 5907/1756/1035
f 5907/1774/1050 5909/1779/1050 5906/1780/1050
f 5907/1774/1050 5908/1773/1050 5909/1779/1050
f 5908/1773/1062 5911/1793/1062 5909/1779/1062
f 5906/1780/1053 5909/1779/1053 5910/1783/1053
f 5909/1779/1055 5912/1786/1055 5910/1783/1055
f 5909/1779/1055 5911/1793/1055 5912/1786/1055
f 5911/1793/1067 5865/1800/1067 5912/1786/1067
f 5910/1783/1058 5912/1786/1058 5913/1790/1058
f 5912/1786/1070 5864/1804/1070 5913/1790/1070
f 5912/1786/1070 5865/1800/1070 5864/1804/1070
f 5868/1784/1073 5913/1790/1073 5864/1804/1073
f 5915/1778/1061 5913/1790/1061 5868/1784/1061
f 5915/1778/1061 5914/1771/1061 5913/1790/1061
f 5910/1783/1058 5913/1790/1058 5914/1771/1058
f 5916/1777/1049 5914/1771/1049 5915/1778/1049
f 5871/1768/1054 5915/1778/1054 5868/1784/1054
f 5917/1782/1052 5915/1778/1052 5871/1768/1052
f 5917/1782/1052 5916/1777/1052 5915/1778/1052
f 5918/1745/1040 5916/1758/1040 5917/1761/1040
f 5874/1767/1045 5917/1782/1045 5871/1768/1045
f 5879/1748/1043 5917/1761/1043 5874/1763/1043
f 5918/1745/1040 5917/1761/1040 5879/1748/1040
f 5900/1741/1169 5919/1752/1169 5918/1745/1169
f 5919/1752/1037 5916/1758/1037 5918/1745/1037
f 5882/1731/1029 5918/1745/1029 5879/1748/1029
f 5900/1741/1026 5918/1745/1026 5882/1731/1026
f 5919/1752/1034 5903/1749/1034 5921/1753/1034
f 5900/1741/1170 5903/1749/1170 5919/1752/1170
f 5919/1752/1037 5920/1754/1037 5916/1758/1037
f 5919/1752/1034 5921/1753/1034 5920/1754/1034
f 5906/1780/1053 5910/1783/1053 5921/1770/1053
f 5903/1749/1041 5906/1759/1041 5921/1753/1041
f 5921/1770/1046 5914/1771/1046 5920/1772/1046
f 5921/1770/1046 5910/1783/1046 5914/1771/1046
f 5916/1777/1049 5920/1772/1049 5914/1771/1049
f 5908/1773/1062 5922/1791/1062 5911/1793/1062
f 5922/1791/1064 5923/1795/1064 5911/1793/1064
f 5911/1793/1067 5923/1795/1067 5865/1800/1067
f 5922/1791/1064 5816/1805/1064 5923/1795/1064
f 5816/1805/1075 5818/1640/1075 5923/1795/1075
f 5923/1795/1171 5863/1623/1171 5865/1800/1171
f 5923/1795/1078 5818/1640/1078 5863/1623/1078
f 5813/1766/1059 5814/1788/1059 5922/1791/1059
f 5814/1788/1084 5816/1805/1084 5922/1791/1084
f 5813/1766/1059 5922/1791/1059 5908/1773/1059
f 5812/1764/1047 5813/1766/1047 5908/1773/1047
f 5905/1743/1035 5811/1742/1035 5812/1755/1035
f 5924/1732/1024 5811/1742/1024 5905/1743/1024
f 5902/1733/1027 5924/1732/1027 5905/1743/1027
f 5924/1732/1024 5810/1739/1024 5811/1742/1024
f 5925/1729/1091 5810/1739/1091 5924/1732/1091
f 5926/1723/1015 5924/1732/1015 5902/1733/1015
f 5926/1723/1015 5925/1729/1015 5924/1732/1015
f 5927/1718/1013 5925/1729/1013 5926/1723/1013
f 5899/1724/1018 5926/1723/1018 5902/1733/1018
f 5928/1709/1172 5926/1723/1172 5899/1724/1172
f 5928/1709/1006 5927/1718/1006 5926/1723/1006
f 5929/1706/994 5927/1718/994 5928/1709/994
f 5836/1714/1009 5928/1709/1009 5899/1724/1009
f 5833/1708/1173 5928/1709/1173 5836/1714/1173
f 5929/1706/994 5928/1709/994 5833/1708/994
f 5931/1688/990 5930/1703/990 5929/1706/990
f 5930/1703/1001 5927/1718/1001 5929/1706/1001
f 5830/1692/993 5929/1706/993 5833/1708/993
f 5931/1688/990 5929/1706/990 5830/1692/990
f 5805/1685/975 5806/1697/975 5931/1688/975
f 5806/1697/1090 5930/1703/1090 5931/1688/1090
f 5827/1686/978 5931/1688/978 5830/1692/978
f 5805/1685/975 5931/1688/975 5827/1686/975
f 5806/1697/1090 5807/1699/1090 5930/1703/1090
f 5807/1699/1131 5932/1715/1131 5930/1703/1131
f 5930/1703/1001 5932/1715/1001 5927/1718/1001
f 5932/1715/1163 5808/1711/1163 5809/1726/1163
f 5807/1699/1131 5808/1711/1131 5932/1715/1131
f 5927/1718/1013 5932/1715/1013 5925/1729/1013
f 5932/1715/1163 5809/1726/1163 5925/1729/1163
f 5925/1729/1091 5809/1726/1091 5810/1739/1091
f 5877/1806/1076 5938/1797/1076 5933/1637/1076
f 5877/1641/932 5933/1637/932 5934/1636/932
f 5877/1652/942 5934/1636/942 5935/1650/942
f 5877/1664/953 5935/1650/953 5936/1662/953
f 5877/1667/955 5936/1662/955 5844/1668/955
f 5877/1794/1063 5873/1776/1063 5937/1792/1063
f 5877/1796/1065 5937/1792/1065 5938/1797/1065
f 5938/1797/1147 5939/1803/1147 5940/1631/1147
f 5937/1792/1087 5939/1803/1087 5938/1797/1087
f 5938/1797/1147 5940/1631/1147 5933/1637/1147
f 5939/1803/1080 5941/1629/1080 5940/1631/1080
f 5941/1629/926 5942/1630/926 5940/1631/926
f 5940/1631/929 5934/1636/929 5933/1637/929
f 5940/1631/1137 5942/1630/1137 5934/1636/1137
f 5941/1629/926 5943/1642/926 5942/1630/926
f 5943/1642/936 5944/1647/936 5942/1630/936
f 5942/1630/1086 5935/1650/1086 5934/1636/1086
f 5942/1630/939 5944/1647/939 5935/1650/939
f 5943/1642/936 5848/1653/936 5944/1647/936
f 5848/1653/947 5845/1659/947 5944/1647/947
f 5944/1647/950 5936/1662/950 5935/1650/950
f 5944/1647/950 5845/1659/950 5936/1662/950
f 5862/1639/933 5851/1638/933 5943/1642/933
f 5851/1638/943 5848/1653/943 5943/1642/943
f 5862/1639/933 5943/1642/933 5941/1629/933
f 5867/1799/1077 5862/1639/1077 5941/1629/1077
f 5939/1803/1080 5867/1799/1080 5941/1629/1080
f 5870/1789/1069 5867/1799/1069 5939/1803/1069
f 5937/1792/1087 5870/1789/1087 5939/1803/1087
f 5873/1776/1060 5870/1789/1060 5937/1792/1060
f 5845/1659/962 5844/1668/962 5936/1662/962
f 5863/1623/924 5818/1640/924 5820/1624/924
f 5863/1623/924 5820/1624/924 5853/1625/924
f 5853/1625/934 5820/1624/934 5822/1643/934
f 5804/1672/973 5805/1685/973 5827/1686/973
f 5961/1802/1079 5945/1807/1079 5946/1626/1079
f 5946/1626/925 5945/1627/925 5947/1628/925
f 5947/1628/935 5945/1645/935 5948/1646/935
f 5948/1646/946 5945/1657/946 5949/1658/946
f 5949/1658/958 5945/1671/958 5950/1672/958
f 5950/1672/970 5945/1684/970 5951/1685/970
f 5951/1685/982 5945/1696/982 5952/1697/982
f 5952/1697/984 5945/1698/984 5953/1699/984
f 5953/1699/995 5945/1710/995 5954/1711/995
f 5954/1711/1007 5945/1725/1007 5955/1726/1007
f 5955/1726/1019 5945/1738/1019 5956/1739/1019
f 5956/1739/1031 5945/1750/1031 5957/1742/1031
f 5957/1742/1042 5945/1762/1042 5958/1755/1042
f 5958/1764/1044 5945/1765/1044 5959/1766/1044
f 5959/1766/1056 5945/1787/1056 5960/1788/1056
f 5960/1788/1068 5945/1801/1068 5961/1802/1068
f 5960/1788/1084 5961/1802/1084 5962/1805/1084
f 5961/1802/1082 5963/1634/1082 5962/1805/1082
f 5961/1802/1140 5946/1626/1140 5963/1634/1140
f 5963/1634/1132 5946/1626/1132 5947/1628/1132
f 5962/1805/1075 5963/1634/1075 5964/1640/1075
f 5964/1640/931 5963/1634/931 5965/1635/931
f 5963/1634/928 5947/1628/928 5965/1635/928
f 5965/1635/1085 5947/1628/1085 5948/1646/1085
f 5966/1624/941 5965/1635/941 5967/1649/941
f 5964/1640/931 5965/1635/931 5966/1624/931
f 5965/1635/938 5948/1646/938 5967/1649/938
f 5967/1649/949 5948/1646/949 5949/1658/949
f 5968/1643/952 5967/1649/952 5969/1661/952
f 5966/1624/941 5967/1649/941 5968/1643/941
f 5967/1649/949 5949/1658/949 5969/1661/949
f 5969/1661/961 5949/1658/961 5950/1672/961
f 5970/1655/954 5969/1661/954 5971/1665/954
f 5968/1643/952 5969/1661/952 5970/1655/952
f 5969/1661/961 5950/1672/961 5971/1665/961
f 5950/1672/973 5973/1686/973 5971/1665/973
f 5971/1665/966 5974/1680/966 5972/1666/966
f 5970/1655/954 5971/1665/954 5972/1666/954
f 5971/1665/966 5973/1686/966 5974/1680/966
f 5973/1686/978 5976/1692/978 5974/1680/978
f 5972/1666/969 5974/1680/969 5975/1683/969
f 5974/1680/981 5977/1695/981 5975/1683/981
f 5974/1680/981 5976/1692/981 5977/1695/981
f 5976/1692/993 5979/1708/993 5977/1695/993
f 5975/1683/1101 5977/1695/1101 5978/1687/1101
f 5977/1695/986 5980/1702/986 5978/1687/986
f 5977/1695/986 5979/1708/986 5980/1702/986
f 5979/1708/997 5982/1714/997 5980/1702/997
f 5981/1705/1000 5980/1702/1000 5982/1714/1000
f 5983/1691/989 5980/1702/989 5981/1705/989
f 5983/1691/989 5978/1687/989 5980/1702/989
f 5985/1679/1104 5978/1687/1104 5983/1691/1104
f 5984/1694/992 5983/1691/992 5981/1705/992
f 5986/1682/980 5983/1691/980 5984/1694/980
f 5986/1682/980 5985/1679/980 5983/1691/980
f 5988/1669/968 5985/1679/968 5986/1682/968
f 5987/1676/983 5986/1682/983 5984/1694/983
f 5989/1673/971 5986/1682/971 5987/1676/971
f 5989/1673/971 5988/1669/971 5986/1682/971
f 5992/1654/959 5988/1669/959 5989/1673/959
f 5990/1668/964 5989/1673/964 5987/1676/964
f 5991/1659/962 5989/1673/962 5990/1668/962
f 5992/1654/959 5989/1673/959 5991/1659/959
f 5995/1651/944 5993/1663/944 5992/1654/944
f 5993/1663/956 5988/1669/956 5992/1654/956
f 5994/1653/947 5992/1654/947 5991/1659/947
f 5995/1651/944 5992/1654/944 5994/1653/944
f 5998/1633/940 5996/1648/940 5995/1651/940
f 5996/1648/951 5993/1663/951 5995/1651/951
f 5997/1638/1152 5995/1651/1152 5994/1653/1152
f 5998/1633/940 5995/1651/940 5997/1638/940
f 5998/1633/937 5999/1625/937 6001/1644/937
f 6000/1632/927 5999/1625/927 5998/1633/927
f 6000/1632/930 5998/1633/930 5997/1638/930
f 5998/1633/937 6001/1644/937 5996/1648/937
f 6001/1644/945 5968/1643/945 5970/1655/945
f 5999/1625/1153 5968/1643/1153 6001/1644/1153
f 5996/1648/948 6001/1644/948 6002/1656/948
f 6001/1644/945 5970/1655/945 6002/1656/945
f 6002/1656/957 5970/1655/957 5972/1666/957
f 6003/1660/960 6002/1656/960 6004/1670/960
f 5996/1648/1110 6002/1656/1110 6003/1660/1110
f 6002/1656/957 5972/1666/957 6004/1670/957
f 5972/1666/969 5975/1683/969 6004/1670/969
f 6004/1670/972 6006/1678/972 6005/1674/972
f 6003/1660/960 6004/1670/960 6005/1674/960
f 6004/1670/972 5975/1683/972 6006/1678/972
f 5975/1683/974 5978/1687/974 6006/1678/974
f 5985/1679/977 6006/1678/977 5978/1687/977
f 6007/1675/965 6006/1678/965 5985/1679/965
f 6007/1675/965 6005/1674/965 6006/1678/965
f 6003/1660/963 6005/1674/963 6007/1675/963
f 5988/1669/968 6007/1675/968 5985/1679/968
f 5993/1663/956 6007/1675/956 5988/1669/956
f 6003/1660/963 6007/1675/963 5993/1663/963
f 5996/1648/1107 6003/1660/1107 5993/1663/1107
f 6012/1798/1165 6000/1632/1165 6008/1639/1165
f 6000/1632/1154 5997/1638/1154 6008/1639/1154
f 6011/1800/1155 6009/1623/1155 6000/1632/1155
f 6000/1632/1166 6009/1623/1166 5999/1625/1166
f 6012/1798/1074 6010/1804/1074 6000/1632/1074
f 6011/1800/1081 6000/1632/1081 6010/1804/1081
f 6014/1784/1073 6010/1804/1073 6012/1798/1073
f 6013/1799/1077 6012/1798/1077 6008/1639/1077
f 6015/1785/1066 6012/1798/1066 6013/1799/1066
f 6015/1785/1174 6014/1784/1174 6012/1798/1174
f 6017/1768/1054 6014/1784/1054 6015/1785/1054
f 6016/1789/1069 6015/1785/1069 6013/1799/1069
f 6018/1769/1057 6015/1785/1057 6016/1789/1057
f 6018/1769/1057 6017/1768/1057 6015/1785/1057
f 6020/1767/1045 6017/1768/1045 6018/1769/1045
f 6019/1776/1060 6018/1769/1060 6016/1789/1060
f 6021/1775/1048 6018/1769/1048 6019/1776/1048
f 6021/1775/1048 6020/1767/1048 6018/1769/1048
f 6024/1751/1036 6020/1763/1036 6021/1757/1036
f 6024/1751/1036 6021/1757/1036 6022/1744/1036
f 6023/1760/1039 6022/1744/1039 6021/1757/1039
f 6023/1781/1051 6021/1775/1051 6019/1776/1051
f 6027/1736/1032 6025/1748/1032 6024/1751/1032
f 6025/1748/1043 6020/1763/1043 6024/1751/1043
f 6026/1740/1025 6024/1751/1025 6022/1744/1025
f 6027/1736/1032 6024/1751/1032 6026/1740/1032
f 6030/1730/1175 6028/1731/1175 6027/1736/1175
f 6028/1731/1029 6025/1748/1029 6027/1736/1029
f 6029/1722/1020 6027/1736/1020 6026/1740/1020
f 6030/1730/1017 6027/1736/1017 6029/1722/1017
f 5982/1714/1012 6031/1728/1012 6030/1730/1012
f 6031/1728/1014 6028/1731/1014 6030/1730/1014
f 6032/1717/1167 6030/1730/1167 6029/1722/1167
f 5982/1714/1176 6030/1730/1176 6032/1717/1176
f 5981/1705/1168 5982/1714/1168 6032/1717/1168
f 6032/1717/1005 6029/1722/1005 6033/1712/1005
f 6034/1700/1003 6032/1717/1003 6033/1712/1003
f 6034/1700/1003 5981/1705/1003 6032/1717/1003
f 5984/1694/1177 5981/1705/1177 6034/1700/1177
f 6035/1701/996 6034/1700/996 6033/1712/996
f 6036/1689/985 6034/1700/985 6035/1701/985
f 6036/1689/985 5984/1694/985 6034/1700/985
f 5987/1676/983 5984/1694/983 6036/1689/983
f 6037/1690/988 6036/1689/988 6035/1701/988
f 6038/1677/976 6036/1689/976 6037/1690/976
f 6038/1677/976 5987/1676/976 6036/1689/976
f 5990/1668/964 5987/1676/964 6038/1677/964
f 6023/1681/967 5990/1668/967 6038/1677/967
f 6023/1693/979 6038/1677/979 6037/1690/979
f 6023/1707/991 6037/1690/991 6039/1704/991
f 6037/1690/1089 6035/1701/1089 6039/1704/1089
f 6039/1704/999 6035/1701/999 6041/1713/999
f 6023/1719/1002 6039/1704/1002 6040/1716/1002
f 6039/1704/1117 6041/1713/1117 6040/1716/1117
f 6033/1712/1008 6042/1727/1008 6041/1713/1008
f 6035/1701/996 6033/1712/996 6041/1713/996
f 6041/1713/1161 6043/1721/1161 6040/1716/1161
f 6041/1713/1161 6042/1727/1161 6043/1721/1161
f 6042/1727/1023 6044/1735/1023 6043/1721/1023
f 6023/1720/1004 6040/1716/1004 6043/1721/1004
f 6023/1734/1016 6043/1721/1016 6044/1735/1016
f 6042/1727/1023 6026/1740/1023 6044/1735/1023
f 6026/1740/1025 6022/1744/1025 6044/1735/1025
f 6023/1747/1028 6044/1735/1028 6022/1744/1028
f 6033/1712/1008 6029/1722/1008 6042/1727/1008
f 6029/1722/1020 6026/1740/1020 6042/1727/1020
f 6031/1728/1021 6045/1724/1021 6047/1737/1021
f 5982/1714/1009 6045/1724/1009 6031/1728/1009
f 6031/1728/1014 6046/1741/1014 6028/1731/1014
f 6031/1728/1021 6047/1737/1021 6046/1741/1021
f 6047/1737/1030 6048/1733/1030 6050/1746/1030
f 6045/1724/1178 6048/1733/1178 6047/1737/1178
f 6046/1741/1033 6047/1737/1033 6049/1749/1033
f 6047/1737/1030 6050/1746/1030 6049/1749/1030
f 6050/1746/1038 6051/1743/1038 6053/1756/1038
f 6048/1733/1027 6051/1743/1027 6050/1746/1027
f 6049/1749/1041 6050/1746/1041 6052/1759/1041
f 6050/1746/1038 6053/1756/1038 6052/1759/1038
f 5958/1764/1047 6054/1773/1047 6053/1774/1047
f 6051/1743/1035 5958/1755/1035 6053/1756/1035
f 6053/1774/1050 6055/1779/1050 6052/1780/1050
f 6053/1774/1050 6054/1773/1050 6055/1779/1050
f 6054/1773/1062 6057/1793/1062 6055/1779/1062
f 6052/1780/1053 6055/1779/1053 6056/1783/1053
f 6055/1779/1055 6058/1786/1055 6056/1783/1055
f 6055/1779/1055 6057/1793/1055 6058/1786/1055
f 6057/1793/1179 6011/1800/1179 6058/1786/1179
f 6056/1783/1058 6058/1786/1058 6059/1790/1058
f 6058/1786/1070 6010/1804/1070 6059/1790/1070
f 6058/1786/1070 6011/1800/1070 6010/1804/1070
f 6014/1784/1073 6059/1790/1073 6010/1804/1073
f 6061/1778/1061 6059/1790/1061 6014/1784/1061
f 6061/1778/1061 6060/1771/1061 6059/1790/1061
f 6056/1783/1058 6059/1790/1058 6060/1771/1058
f 6062/1777/1049 6060/1771/1049 6061/1778/1049
f 6017/1768/1054 6061/1778/1054 6014/1784/1054
f 6063/1782/1052 6061/1778/1052 6017/1768/1052
f 6063/1782/1052 6062/1777/1052 6061/1778/1052
f 6064/1745/1040 6062/1758/1040 6063/1761/1040
f 6020/1767/1045 6063/1782/1045 6017/1768/1045
f 6025/1748/1043 6063/1761/1043 6020/1763/1043
f 6064/1745/1040 6063/1761/1040 6025/1748/1040
f 6046/1741/1169 6065/1752/1169 6064/1745/1169
f 6065/1752/1037 6062/1758/1037 6064/1745/1037
f 6028/1731/1029 6064/1745/1029 6025/1748/1029
f 6046/1741/1026 6064/1745/1026 6028/1731/1026
f 6065/1752/1034 6049/1749/1034 6067/1753/1034
f 6046/1741/1170 6049/1749/1170 6065/1752/1170
f 6065/1752/1037 6066/1754/1037 6062/1758/1037
f 6065/1752/1034 6067/1753/1034 6066/1754/1034
f 6052/1780/1053 6056/1783/1053 6067/1770/1053
f 6049/1749/1041 6052/1759/1041 6067/1753/1041
f 6067/1770/1046 6060/1771/1046 6066/1772/1046
f 6067/1770/1046 6056/1783/1046 6060/1771/1046
f 6062/1777/1049 6066/1772/1049 6060/1771/1049
f 6054/1773/1062 6068/1791/1062 6057/1793/1062
f 6068/1791/1064 6069/1795/1064 6057/1793/1064
f 6057/1793/1067 6069/1795/1067 6011/1800/1067
f 6068/1791/1064 5962/1805/1064 6069/1795/1064
f 5962/1805/1075 5964/1640/1075 6069/1795/1075
f 6069/1795/1078 6009/1623/1078 6011/1800/1078
f 6069/1795/1078 5964/1640/1078 6009/1623/1078
f 5959/1766/1059 5960/1788/1059 6068/1791/1059
f 5960/1788/1071 5962/1805/1071 6068/1791/1071
f 5959/1766/1059 6068/1791/1059 6054/1773/1059
f 5958/1764/1047 5959/1766/1047 6054/1773/1047
f 6051/1743/1035 5957/1742/1035 5958/1755/1035
f 6070/1732/1024 5957/1742/1024 6051/1743/1024
f 6048/1733/1027 6070/1732/1027 6051/1743/1027
f 6070/1732/1024 5956/1739/1024 5957/1742/1024
f 6071/1729/1022 5956/1739/1022 6070/1732/1022
f 6072/1723/1015 6070/1732/1015 6048/1733/1015
f 6072/1723/1015 6071/1729/1015 6070/1732/1015
f 6073/1718/1013 6071/1729/1013 6072/1723/1013
f 6045/1724/1018 6072/1723/1018 6048/1733/1018
f 6074/1709/1172 6072/1723/1172 6045/1724/1172
f 6074/1709/1006 6073/1718/1006 6072/1723/1006
f 6075/1706/994 6073/1718/994 6074/1709/994
f 5982/1714/1180 6074/1709/1180 6045/1724/1180
f 5979/1708/1173 6074/1709/1173 5982/1714/1173
f 6075/1706/994 6074/1709/994 5979/1708/994
f 6077/1688/990 6076/1703/990 6075/1706/990
f 6076/1703/1001 6073/1718/1001 6075/1706/1001
f 5976/1692/1181 6075/1706/1181 5979/1708/1181
f 6077/1688/990 6075/1706/990 5976/1692/990
f 5951/1685/975 5952/1697/975 6077/1688/975
f 5952/1697/987 6076/1703/987 6077/1688/987
f 5973/1686/978 6077/1688/978 5976/1692/978
f 5951/1685/975 6077/1688/975 5973/1686/975
f 5952/1697/1090 5953/1699/1090 6076/1703/1090
f 5953/1699/998 6078/1715/998 6076/1703/998
f 6076/1703/1001 6078/1715/1001 6073/1718/1001
f 6078/1715/1163 5954/1711/1163 5955/1726/1163
f 5953/1699/1131 5954/1711/1131 6078/1715/1131
f 6073/1718/1013 6078/1715/1013 6071/1729/1013
f 6078/1715/1163 5955/1726/1163 6071/1729/1163
f 6071/1729/1022 5955/1726/1022 5956/1739/1022
f 6023/1806/1076 6084/1797/1076 6079/1637/1076
f 6023/1641/932 6079/1637/932 6080/1636/932
f 6023/1652/942 6080/1636/942 6081/1650/942
f 6023/1664/953 6081/1650/953 6082/1662/953
f 6023/1667/955 6082/1662/955 5990/1668/955
f 6023/1794/1063 6019/1776/1063 6083/1792/1063
f 6023/1796/1065 6083/1792/1065 6084/1797/1065
f 6084/1797/1083 6085/1803/1083 6086/1631/1083
f 6083/1792/1087 6085/1803/1087 6084/1797/1087
f 6084/1797/1147 6086/1631/1147 6079/1637/1147
f 6085/1803/1080 6087/1629/1080 6086/1631/1080
f 6087/1629/926 6088/1630/926 6086/1631/926
f 6086/1631/1137 6080/1636/1137 6079/1637/1137
f 6086/1631/929 6088/1630/929 6080/1636/929
f 6087/1629/926 6089/1642/926 6088/1630/926
f 6089/1642/936 6090/1647/936 6088/1630/936
f 6088/1630/1086 6081/1650/1086 6080/1636/1086
f 6088/1630/939 6090/1647/939 6081/1650/939
f 6089/1642/936 5994/1653/936 6090/1647/936
f 5994/1653/947 5991/1659/947 6090/1647/947
f 6090/1647/950 6082/1662/950 6081/1650/950
f 6090/1647/950 5991/1659/950 6082/1662/950
f 6008/1639/933 5997/1638/933 6089/1642/933
f 5997/1638/943 5994/1653/943 6089/1642/943
f 6008/1639/933 6089/1642/933 6087/1629/933
f 6013/1799/1077 6008/1639/1077 6087/1629/1077
f 6085/1803/1080 6013/1799/1080 6087/1629/1080
f 6016/1789/1069 6013/1799/1069 6085/1803/1069
f 6083/1792/1072 6016/1789/1072 6085/1803/1072
f 6019/1776/1060 6016/1789/1060 6083/1792/1060
f 5991/1659/962 5990/1668/962 6082/1662/962
f 6009/1623/924 5964/1640/924 5966/1624/924
f 6009/1623/924 5966/1624/924 5999/1625/924
f 5999/1625/934 5966/1624/934 5968/1643/934
f 5950/1672/973 5951/1685/973 5973/1686/973
f 6119/1802/1079 6103/1807/1079 6104/1626/1079
f 6104/1626/925 6103/1627/925 6105/1628/925
f 6105/1628/935 6103/1645/935 6106/1646/935
f 6106/1646/946 6103/1657/946 6107/1658/946
f 6107/1658/958 6103/1671/958 6108/1672/958
f 6108/1672/970 6103/1684/970 6109/1685/970
f 6109/1685/982 6103/1696/982 6110/1697/982
f 6110/1697/984 6103/1698/984 6111/1699/984
f 6111/1699/995 6103/1710/995 6112/1711/995
f 6112/1711/1007 6103/1725/1007 6113/1726/1007
f 6113/1726/1019 6103/1738/1019 6114/1739/1019
f 6114/1739/1031 6103/1750/1031 6115/1742/1031
f 6115/1742/1042 6103/1762/1042 6116/1755/1042
f 6116/1764/1044 6103/1765/1044 6117/1766/1044
f 6117/1766/1056 6103/1787/1056 6118/1788/1056
f 6118/1788/1068 6103/1801/1068 6119/1802/1068
f 6118/1788/1084 6119/1802/1084 6120/1805/1084
f 6119/1802/1140 6121/1634/1140 6120/1805/1140
f 6119/1802/1140 6104/1626/1140 6121/1634/1140
f 6121/1634/1132 6104/1626/1132 6105/1628/1132
f 6120/1805/1075 6121/1634/1075 6122/1640/1075
f 6122/1640/931 6121/1634/931 6123/1635/931
f 6121/1634/1132 6105/1628/1132 6123/1635/1132
f 6123/1635/1085 6105/1628/1085 6106/1646/1085
f 6124/1624/941 6123/1635/941 6125/1649/941
f 6122/1640/931 6123/1635/931 6124/1624/931
f 6123/1635/1085 6106/1646/1085 6125/1649/1085
f 6125/1649/949 6106/1646/949 6107/1658/949
f 6126/1643/952 6125/1649/952 6127/1661/952
f 6124/1624/941 6125/1649/941 6126/1643/941
f 6125/1649/949 6107/1658/949 6127/1661/949
f 6127/1661/961 6107/1658/961 6108/1672/961
f 6128/1655/954 6127/1661/954 6129/1665/954
f 6126/1643/952 6127/1661/952 6128/1655/952
f 6127/1661/961 6108/1672/961 6129/1665/961
f 6108/1672/973 6131/1686/973 6129/1665/973
f 6129/1665/966 6132/1680/966 6130/1666/966
f 6128/1655/954 6129/1665/954 6130/1666/954
f 6129/1665/966 6131/1686/966 6132/1680/966
f 6131/1686/978 6134/1692/978 6132/1680/978
f 6130/1666/1133 6132/1680/1133 6133/1683/1133
f 6132/1680/1100 6135/1695/1100 6133/1683/1100
f 6132/1680/981 6134/1692/981 6135/1695/981
f 6134/1692/1181 6137/1708/1181 6135/1695/1181
f 6133/1683/974 6135/1695/974 6136/1687/974
f 6135/1695/986 6138/1702/986 6136/1687/986
f 6135/1695/986 6137/1708/986 6138/1702/986
f 6137/1708/997 6140/1714/997 6138/1702/997
f 6139/1705/1000 6138/1702/1000 6140/1714/1000
f 6141/1691/989 6138/1702/989 6139/1705/989
f 6141/1691/989 6136/1687/989 6138/1702/989
f 6143/1679/977 6136/1687/977 6141/1691/977
f 6142/1694/1177 6141/1691/1177 6139/1705/1177
f 6144/1682/980 6141/1691/980 6142/1694/980
f 6144/1682/1105 6143/1679/1105 6141/1691/1105
f 6146/1669/1134 6143/1679/1134 6144/1682/1134
f 6145/1676/983 6144/1682/983 6142/1694/983
f 6147/1673/971 6144/1682/971 6145/1676/971
f 6147/1673/971 6146/1669/971 6144/1682/971
f 6150/1654/959 6146/1669/959 6147/1673/959
f 6148/1668/964 6147/1673/964 6145/1676/964
f 6149/1659/962 6147/1673/962 6148/1668/962
f 6150/1654/959 6147/1673/959 6149/1659/959
f 6153/1651/1106 6151/1663/1106 6150/1654/1106
f 6151/1663/1135 6146/1669/1135 6150/1654/1135
f 6152/1653/947 6150/1654/947 6149/1659/947
f 6153/1651/944 6150/1654/944 6152/1653/944
f 6156/1633/940 6154/1648/940 6153/1651/940
f 6154/1648/1107 6151/1663/1107 6153/1651/1107
f 6155/1638/1152 6153/1651/1152 6152/1653/1152
f 6156/1633/940 6153/1651/940 6155/1638/940
f 6156/1633/937 6157/1625/937 6159/1644/937
f 6158/1632/927 6157/1625/927 6156/1633/927
f 6158/1632/930 6156/1633/930 6155/1638/930
f 6156/1633/937 6159/1644/937 6154/1648/937
f 6159/1644/945 6126/1643/945 6128/1655/945
f 6157/1625/1153 6126/1643/1153 6159/1644/1153
f 6154/1648/1110 6159/1644/1110 6160/1656/1110
f 6159/1644/1111 6128/1655/1111 6160/1656/1111
f 6160/1656/1136 6128/1655/1136 6130/1666/1136
f 6161/1660/1112 6160/1656/1112 6162/1670/1112
f 6154/1648/1110 6160/1656/1110 6161/1660/1110
f 6160/1656/957 6130/1666/957 6162/1670/957
f 6130/1666/969 6133/1683/969 6162/1670/969
f 6162/1670/972 6164/1678/972 6163/1674/972
f 6161/1660/960 6162/1670/960 6163/1674/960
f 6162/1670/1113 6133/1683/1113 6164/1678/1113
f 6133/1683/1101 6136/1687/1101 6164/1678/1101
f 6143/1679/1104 6164/1678/1104 6136/1687/1104
f 6165/1675/1114 6164/1678/1114 6143/1679/1114
f 6165/1675/965 6163/1674/965 6164/1678/965
f 6161/1660/963 6163/1674/963 6165/1675/963
f 6146/1669/968 6165/1675/968 6143/1679/968
f 6151/1663/956 6165/1675/956 6146/1669/956
f 6161/1660/1115 6165/1675/1115 6151/1663/1115
f 6154/1648/1107 6161/1660/1107 6151/1663/1107
f 6170/1798/1074 6158/1632/1074 6166/1639/1074
f 6158/1632/930 6155/1638/930 6166/1639/930
f 6169/1800/1081 6167/1623/1081 6158/1632/1081
f 6158/1632/927 6167/1623/927 6157/1625/927
f 6170/1798/1074 6168/1804/1074 6158/1632/1074
f 6169/1800/1081 6158/1632/1081 6168/1804/1081
f 6172/1784/1073 6168/1804/1073 6170/1798/1073
f 6171/1799/1077 6170/1798/1077 6166/1639/1077
f 6173/1785/1066 6170/1798/1066 6171/1799/1066
f 6173/1785/1174 6172/1784/1174 6170/1798/1174
f 6175/1768/1054 6172/1784/1054 6173/1785/1054
f 6174/1789/1069 6173/1785/1069 6171/1799/1069
f 6176/1769/1057 6173/1785/1057 6174/1789/1057
f 6176/1769/1057 6175/1768/1057 6173/1785/1057
f 6178/1767/1045 6175/1768/1045 6176/1769/1045
f 6177/1776/1060 6176/1769/1060 6174/1789/1060
f 6179/1775/1048 6176/1769/1048 6177/1776/1048
f 6179/1775/1048 6178/1767/1048 6176/1769/1048
f 6182/1751/1036 6178/1763/1036 6179/1757/1036
f 6182/1751/1036 6179/1757/1036 6180/1744/1036
f 6181/1760/1039 6180/1744/1039 6179/1757/1039
f 6181/1781/1051 6179/1775/1051 6177/1776/1051
f 6185/1736/1032 6183/1748/1032 6182/1751/1032
f 6183/1748/1043 6178/1763/1043 6182/1751/1043
f 6184/1740/1025 6182/1751/1025 6180/1744/1025
f 6185/1736/1032 6182/1751/1032 6184/1740/1032
f 6188/1730/1175 6186/1731/1175 6185/1736/1175
f 6186/1731/1029 6183/1748/1029 6185/1736/1029
f 6187/1722/1020 6185/1736/1020 6184/1740/1020
f 6188/1730/1017 6185/1736/1017 6187/1722/1017
f 6140/1714/1012 6189/1728/1012 6188/1730/1012
f 6189/1728/1014 6186/1731/1014 6188/1730/1014
f 6190/1717/1005 6188/1730/1005 6187/1722/1005
f 6140/1714/1176 6188/1730/1176 6190/1717/1176
f 6139/1705/1168 6140/1714/1168 6190/1717/1168
f 6190/1717/1005 6187/1722/1005 6191/1712/1005
f 6192/1700/1003 6190/1717/1003 6191/1712/1003
f 6192/1700/1003 6139/1705/1003 6190/1717/1003
f 6142/1694/992 6139/1705/992 6192/1700/992
f 6193/1701/996 6192/1700/996 6191/1712/996
f 6194/1689/985 6192/1700/985 6193/1701/985
f 6194/1689/985 6142/1694/985 6192/1700/985
f 6145/1676/983 6142/1694/983 6194/1689/983
f 6195/1690/1089 6194/1689/1089 6193/1701/1089
f 6196/1677/976 6194/1689/976 6195/1690/976
f 6196/1677/976 6145/1676/976 6194/1689/976
f 6148/1668/964 6145/1676/964 6196/1677/964
f 6181/1681/967 6148/1668/967 6196/1677/967
f 6181/1693/979 6196/1677/979 6195/1690/979
f 6181/1707/991 6195/1690/991 6197/1704/991
f 6195/1690/1089 6193/1701/1089 6197/1704/1089
f 6197/1704/1117 6193/1701/1117 6199/1713/1117
f 6181/1719/1002 6197/1704/1002 6198/1716/1002
f 6197/1704/1117 6199/1713/1117 6198/1716/1117
f 6191/1712/1008 6200/1727/1008 6199/1713/1008
f 6193/1701/996 6191/1712/996 6199/1713/996
f 6199/1713/1161 6201/1721/1161 6198/1716/1161
f 6199/1713/1161 6200/1727/1161 6201/1721/1161
f 6200/1727/1088 6202/1735/1088 6201/1721/1088
f 6181/1720/1004 6198/1716/1004 6201/1721/1004
f 6181/1734/1016 6201/1721/1016 6202/1735/1016
f 6200/1727/1088 6184/1740/1088 6202/1735/1088
f 6184/1740/1025 6180/1744/1025 6202/1735/1025
f 6181/1747/1028 6202/1735/1028 6180/1744/1028
f 6191/1712/1008 6187/1722/1008 6200/1727/1008
f 6187/1722/1020 6184/1740/1020 6200/1727/1020
f 6189/1728/1021 6203/1724/1021 6205/1737/1021
f 6140/1714/1009 6203/1724/1009 6189/1728/1009
f 6189/1728/1014 6204/1741/1014 6186/1731/1014
f 6189/1728/1021 6205/1737/1021 6204/1741/1021
f 6205/1737/1030 6206/1733/1030 6208/1746/1030
f 6203/1724/1178 6206/1733/1178 6205/1737/1178
f 6204/1741/1170 6205/1737/1170 6207/1749/1170
f 6205/1737/1119 6208/1746/1119 6207/1749/1119
f 6208/1746/1038 6209/1743/1038 6211/1756/1038
f 6206/1733/1027 6209/1743/1027 6208/1746/1027
f 6207/1749/1041 6208/1746/1041 6210/1759/1041
f 6208/1746/1038 6211/1756/1038 6210/1759/1038
f 6116/1764/1047 6212/1773/1047 6211/1774/1047
f 6209/1743/1035 6116/1755/1035 6211/1756/1035
f 6211/1774/1050 6213/1779/1050 6210/1780/1050
f 6211/1774/1050 6212/1773/1050 6213/1779/1050
f 6212/1773/1062 6215/1793/1062 6213/1779/1062
f 6210/1780/1053 6213/1779/1053 6214/1783/1053
f 6213/1779/1122 6216/1786/1122 6214/1783/1122
f 6213/1779/1055 6215/1793/1055 6216/1786/1055
f 6215/1793/1179 6169/1800/1179 6216/1786/1179
f 6214/1783/1058 6216/1786/1058 6217/1790/1058
f 6216/1786/1070 6168/1804/1070 6217/1790/1070
f 6216/1786/1070 6169/1800/1070 6168/1804/1070
f 6172/1784/1073 6217/1790/1073 6168/1804/1073
f 6219/1778/1061 6217/1790/1061 6172/1784/1061
f 6219/1778/1145 6218/1771/1145 6217/1790/1145
f 6214/1783/1143 6217/1790/1143 6218/1771/1143
f 6220/1777/1123 6218/1771/1123 6219/1778/1123
f 6175/1768/1124 6219/1778/1124 6172/1784/1124
f 6221/1782/1052 6219/1778/1052 6175/1768/1052
f 6221/1782/1052 6220/1777/1052 6219/1778/1052
f 6222/1745/1040 6220/1758/1040 6221/1761/1040
f 6178/1767/1045 6221/1782/1045 6175/1768/1045
f 6183/1748/1043 6221/1761/1043 6178/1763/1043
f 6222/1745/1040 6221/1761/1040 6183/1748/1040
f 6204/1741/1169 6223/1752/1169 6222/1745/1169
f 6223/1752/1127 6220/1758/1127 6222/1745/1127
f 6186/1731/1128 6222/1745/1128 6183/1748/1128
f 6204/1741/1169 6222/1745/1169 6186/1731/1169
f 6223/1752/1129 6207/1749/1129 6225/1753/1129
f 6204/1741/1170 6207/1749/1170 6223/1752/1170
f 6223/1752/1037 6224/1754/1037 6220/1758/1037
f 6223/1752/1034 6225/1753/1034 6224/1754/1034
f 6210/1780/1053 6214/1783/1053 6225/1770/1053
f 6207/1749/1041 6210/1759/1041 6225/1753/1041
f 6225/1770/1046 6218/1771/1046 6224/1772/1046
f 6225/1770/1130 6214/1783/1130 6218/1771/1130
f 6220/1777/1049 6224/1772/1049 6218/1771/1049
f 6212/1773/1062 6226/1791/1062 6215/1793/1062
f 6226/1791/1064 6227/1795/1064 6215/1793/1064
f 6215/1793/1067 6227/1795/1067 6169/1800/1067
f 6226/1791/1064 6120/1805/1064 6227/1795/1064
f 6120/1805/1075 6122/1640/1075 6227/1795/1075
f 6227/1795/1078 6167/1623/1078 6169/1800/1078
f 6227/1795/1078 6122/1640/1078 6167/1623/1078
f 6117/1766/1059 6118/1788/1059 6226/1791/1059
f 6118/1788/1084 6120/1805/1084 6226/1791/1084
f 6117/1766/1059 6226/1791/1059 6212/1773/1059
f 6116/1764/1047 6117/1766/1047 6212/1773/1047
f 6209/1743/1035 6115/1742/1035 6116/1755/1035
f 6228/1732/1024 6115/1742/1024 6209/1743/1024
f 6206/1733/1027 6228/1732/1027 6209/1743/1027
f 6228/1732/1024 6114/1739/1024 6115/1742/1024
f 6229/1729/1091 6114/1739/1091 6228/1732/1091
f 6230/1723/1015 6228/1732/1015 6206/1733/1015
f 6230/1723/1015 6229/1729/1015 6228/1732/1015
f 6231/1718/1013 6229/1729/1013 6230/1723/1013
f 6203/1724/1018 6230/1723/1018 6206/1733/1018
f 6232/1709/1006 6230/1723/1006 6203/1724/1006
f 6232/1709/1006 6231/1718/1006 6230/1723/1006
f 6233/1706/994 6231/1718/994 6232/1709/994
f 6140/1714/1180 6232/1709/1180 6203/1724/1180
f 6137/1708/1173 6232/1709/1173 6140/1714/1173
f 6233/1706/994 6232/1709/994 6137/1708/994
f 6235/1688/990 6234/1703/990 6233/1706/990
f 6234/1703/1001 6231/1718/1001 6233/1706/1001
f 6134/1692/993 6233/1706/993 6137/1708/993
f 6235/1688/990 6233/1706/990 6134/1692/990
f 6109/1685/975 6110/1697/975 6235/1688/975
f 6110/1697/1090 6234/1703/1090 6235/1688/1090
f 6131/1686/978 6235/1688/978 6134/1692/978
f 6109/1685/975 6235/1688/975 6131/1686/975
f 6110/1697/1090 6111/1699/1090 6234/1703/1090
f 6111/1699/1131 6236/1715/1131 6234/1703/1131
f 6234/1703/1001 6236/1715/1001 6231/1718/1001
f 6236/1715/1163 6112/1711/1163 6113/1726/1163
f 6111/1699/1131 6112/1711/1131 6236/1715/1131
f 6231/1718/1013 6236/1715/1013 6229/1729/1013
f 6236/1715/1163 6113/1726/1163 6229/1729/1163
f 6229/1729/1091 6113/1726/1091 6114/1739/1091
f 6181/1806/1076 6242/1797/1076 6237/1637/1076
f 6181/1641/932 6237/1637/932 6238/1636/932
f 6181/1652/942 6238/1636/942 6239/1650/942
f 6181/1664/953 6239/1650/953 6240/1662/953
f 6181/1667/955 6240/1662/955 6148/1668/955
f 6181/1794/1063 6177/1776/1063 6241/1792/1063
f 6181/1796/1065 6241/1792/1065 6242/1797/1065
f 6242/1797/1147 6243/1803/1147 6244/1631/1147
f 6241/1792/1087 6243/1803/1087 6242/1797/1087
f 6242/1797/1147 6244/1631/1147 6237/1637/1147
f 6243/1803/1080 6245/1629/1080 6244/1631/1080
f 6245/1629/926 6246/1630/926 6244/1631/926
f 6244/1631/1137 6238/1636/1137 6237/1637/1137
f 6244/1631/1137 6246/1630/1137 6238/1636/1137
f 6245/1629/926 6247/1642/926 6246/1630/926
f 6247/1642/936 6248/1647/936 6246/1630/936
f 6246/1630/1086 6239/1650/1086 6238/1636/1086
f 6246/1630/1086 6248/1647/1086 6239/1650/1086
f 6247/1642/936 6152/1653/936 6248/1647/936
f 6152/1653/947 6149/1659/947 6248/1647/947
f 6248/1647/950 6240/1662/950 6239/1650/950
f 6248/1647/950 6149/1659/950 6240/1662/950
f 6166/1639/1182 6155/1638/1182 6247/1642/1182
f 6155/1638/943 6152/1653/943 6247/1642/943
f 6166/1639/933 6247/1642/933 6245/1629/933
f 6171/1799/1077 6166/1639/1077 6245/1629/1077
f 6243/1803/1080 6171/1799/1080 6245/1629/1080
f 6174/1789/1069 6171/1799/1069 6243/1803/1069
f 6241/1792/1087 6174/1789/1087 6243/1803/1087
f 6177/1776/1060 6174/1789/1060 6241/1792/1060
f 6149/1659/962 6148/1668/962 6240/1662/962
f 6167/1623/924 6122/1640/924 6124/1624/924
f 6167/1623/1164 6124/1624/1164 6157/1625/1164
f 6157/1625/934 6124/1624/934 6126/1643/934
f 6108/1672/973 6109/1685/973 6131/1686/973
f 6265/1802/1079 6249/1807/1079 6250/1626/1079
f 6250/1626/925 6249/1627/925 6251/1628/925
f 6251/1628/935 6249/1645/935 6252/1646/935
f 6252/1646/946 6249/1657/946 6253/1658/946
f 6253/1658/958 6249/1671/958 6254/1672/958
f 6254/1672/970 6249/1684/970 6255/1685/970
f 6255/1685/982 6249/1696/982 6256/1697/982
f 6256/1697/984 6249/1698/984 6257/1699/984
f 6257/1699/995 6249/1710/995 6258/1711/995
f 6258/1711/1007 6249/1725/1007 6259/1726/1007
f 6259/1726/1019 6249/1738/1019 6260/1739/1019
f 6260/1739/1031 6249/1750/1031 6261/1742/1031
f 6261/1742/1042 6249/1762/1042 6262/1755/1042
f 6262/1764/1044 6249/1765/1044 6263/1766/1044
f 6263/1766/1056 6249/1787/1056 6264/1788/1056
f 6264/1788/1068 6249/1801/1068 6265/1802/1068
f 6264/1788/1084 6265/1802/1084 6266/1805/1084
f 6265/1802/1140 6267/1634/1140 6266/1805/1140
f 6265/1802/1140 6250/1626/1140 6267/1634/1140
f 6267/1634/1132 6250/1626/1132 6251/1628/1132
f 6266/1805/1075 6267/1634/1075 6268/1640/1075
f 6268/1640/931 6267/1634/931 6269/1635/931
f 6267/1634/1132 6251/1628/1132 6269/1635/1132
f 6269/1635/1085 6251/1628/1085 6252/1646/1085
f 6270/1624/941 6269/1635/941 6271/1649/941
f 6268/1640/931 6269/1635/931 6270/1624/931
f 6269/1635/1085 6252/1646/1085 6271/1649/1085
f 6271/1649/949 6252/1646/949 6253/1658/949
f 6272/1643/952 6271/1649/952 6273/1661/952
f 6270/1624/941 6271/1649/941 6272/1643/941
f 6271/1649/949 6253/1658/949 6273/1661/949
f 6273/1661/961 6253/1658/961 6254/1672/961
f 6274/1655/954 6273/1661/954 6275/1665/954
f 6272/1643/952 6273/1661/952 6274/1655/952
f 6273/1661/961 6254/1672/961 6275/1665/961
f 6254/1672/973 6277/1686/973 6275/1665/973
f 6275/1665/966 6278/1680/966 6276/1666/966
f 6274/1655/954 6275/1665/954 6276/1666/954
f 6275/1665/966 6277/1686/966 6278/1680/966
f 6277/1686/978 6280/1692/978 6278/1680/978
f 6276/1666/1133 6278/1680/1133 6279/1683/1133
f 6278/1680/981 6281/1695/981 6279/1683/981
f 6278/1680/1100 6280/1692/1100 6281/1695/1100
f 6280/1692/1181 6283/1708/1181 6281/1695/1181
f 6279/1683/974 6281/1695/974 6282/1687/974
f 6281/1695/986 6284/1702/986 6282/1687/986
f 6281/1695/986 6283/1708/986 6284/1702/986
f 6283/1708/997 6286/1714/997 6284/1702/997
f 6285/1705/1000 6284/1702/1000 6286/1714/1000
f 6287/1691/989 6284/1702/989 6285/1705/989
f 6287/1691/989 6282/1687/989 6284/1702/989
f 6289/1679/977 6282/1687/977 6287/1691/977
f 6288/1694/1177 6287/1691/1177 6285/1705/1177
f 6290/1682/1105 6287/1691/1105 6288/1694/1105
f 6290/1682/980 6289/1679/980 6287/1691/980
f 6292/1669/1134 6289/1679/1134 6290/1682/1134
f 6291/1676/983 6290/1682/983 6288/1694/983
f 6293/1673/971 6290/1682/971 6291/1676/971
f 6293/1673/971 6292/1669/971 6290/1682/971
f 6296/1654/959 6292/1669/959 6293/1673/959
f 6294/1668/964 6293/1673/964 6291/1676/964
f 6295/1659/962 6293/1673/962 6294/1668/962
f 6296/1654/959 6293/1673/959 6295/1659/959
f 6299/1651/944 6297/1663/944 6296/1654/944
f 6297/1663/1135 6292/1669/1135 6296/1654/1135
f 6298/1653/947 6296/1654/947 6295/1659/947
f 6299/1651/1106 6296/1654/1106 6298/1653/1106
f 6302/1633/940 6300/1648/940 6299/1651/940
f 6300/1648/1107 6297/1663/1107 6299/1651/1107
f 6301/1638/1152 6299/1651/1152 6298/1653/1152
f 6302/1633/940 6299/1651/940 6301/1638/940
f 6302/1633/937 6303/1625/937 6305/1644/937
f 6304/1632/927 6303/1625/927 6302/1633/927
f 6304/1632/930 6302/1633/930 6301/1638/930
f 6302/1633/937 6305/1644/937 6300/1648/937
f 6305/1644/1111 6272/1643/1111 6274/1655/1111
f 6303/1625/1153 6272/1643/1153 6305/1644/1153
f 6300/1648/1110 6305/1644/1110 6306/1656/1110
f 6305/1644/945 6274/1655/945 6306/1656/945
f 6306/1656/1136 6274/1655/1136 6276/1666/1136
f 6307/1660/1112 6306/1656/1112 6308/1670/1112
f 6300/1648/1110 6306/1656/1110 6307/1660/1110
f 6306/1656/957 6276/1666/957 6308/1670/957
f 6276/1666/969 6279/1683/969 6308/1670/969
f 6308/1670/1113 6310/1678/1113 6309/1674/1113
f 6307/1660/1112 6308/1670/1112 6309/1674/1112
f 6308/1670/1113 6279/1683/1113 6310/1678/1113
f 6279/1683/1101 6282/1687/1101 6310/1678/1101
f 6289/1679/1104 6310/1678/1104 6282/1687/1104
f 6311/1675/1114 6310/1678/1114 6289/1679/1114
f 6311/1675/1114 6309/1674/1114 6310/1678/1114
f 6307/1660/1115 6309/1674/1115 6311/1675/1115
f 6292/1669/968 6311/1675/968 6289/1679/968
f 6297/1663/956 6311/1675/956 6292/1669/956
f 6307/1660/1115 6311/1675/1115 6297/1663/1115
f 6300/1648/1107 6307/1660/1107 6297/1663/1107
f 6315/1798/1074 6304/1632/1074 6312/1639/1074
f 6304/1632/930 6301/1638/930 6312/1639/930
f 6316/1800/1081 6313/1623/1081 6304/1632/1081
f 6304/1632/927 6313/1623/927 6303/1625/927
f 6315/1798/1074 6314/1804/1074 6304/1632/1074
f 6316/1800/1081 6304/1632/1081 6314/1804/1081
f 6319/1793/1067 6317/1795/1067 6316/1800/1067
f 6317/1795/1078 6313/1623/1078 6316/1800/1078
f 6318/1786/1144 6316/1800/1144 6314/1804/1144
f 6319/1793/1179 6316/1800/1179 6318/1786/1179
f 6322/1773/1062 6320/1791/1062 6319/1793/1062
f 6320/1791/1064 6317/1795/1064 6319/1793/1064
f 6321/1779/1122 6319/1793/1122 6318/1786/1122
f 6322/1773/1062 6319/1793/1062 6321/1779/1062
f 6262/1764/1047 6263/1766/1047 6322/1773/1047
f 6263/1766/1059 6320/1791/1059 6322/1773/1059
f 6323/1774/1050 6322/1773/1050 6321/1779/1050
f 6262/1764/1047 6322/1773/1047 6323/1774/1047
f 6325/1743/1035 6262/1755/1035 6323/1756/1035
f 6323/1774/1050 6321/1779/1050 6324/1780/1050
f 6326/1746/1038 6323/1756/1038 6324/1759/1038
f 6326/1746/1038 6325/1743/1038 6323/1756/1038
f 6328/1733/1027 6325/1743/1027 6326/1746/1027
f 6327/1749/1120 6326/1746/1120 6324/1759/1120
f 6329/1737/1030 6326/1746/1030 6327/1749/1030
f 6329/1737/1119 6328/1733/1119 6326/1746/1119
f 6331/1724/1178 6328/1733/1178 6329/1737/1178
f 6330/1741/1170 6329/1737/1170 6327/1749/1170
f 6332/1728/1021 6329/1737/1021 6330/1741/1021
f 6332/1728/1118 6331/1724/1118 6329/1737/1118
f 6286/1714/1009 6331/1724/1009 6332/1728/1009
f 6286/1714/1012 6332/1728/1012 6333/1730/1012
f 6332/1728/1116 6334/1731/1116 6333/1730/1116
f 6332/1728/1014 6330/1741/1014 6334/1731/1014
f 6330/1741/1169 6336/1745/1169 6334/1731/1169
f 6333/1730/1175 6334/1731/1175 6335/1736/1175
f 6334/1731/1128 6337/1748/1128 6335/1736/1128
f 6334/1731/1029 6336/1745/1029 6337/1748/1029
f 6336/1745/1126 6339/1761/1126 6337/1748/1126
f 6335/1736/1032 6337/1748/1032 6338/1751/1032
f 6337/1748/1043 6340/1763/1043 6338/1751/1043
f 6337/1748/1043 6339/1761/1043 6340/1763/1043
f 6340/1767/1045 6339/1782/1045 6343/1768/1045
f 6341/1775/1048 6340/1767/1048 6342/1769/1048
f 6338/1751/1036 6340/1763/1036 6341/1757/1036
f 6340/1767/1045 6343/1768/1045 6342/1769/1045
f 6343/1768/1054 6344/1778/1054 6346/1784/1054
f 6339/1782/1125 6344/1778/1125 6343/1768/1125
f 6342/1769/1057 6343/1768/1057 6345/1785/1057
f 6343/1768/1124 6346/1784/1124 6345/1785/1124
f 6346/1784/1073 6347/1790/1073 6314/1804/1073
f 6344/1778/1061 6347/1790/1061 6346/1784/1061
f 6345/1785/1174 6346/1784/1174 6315/1798/1174
f 6346/1784/1141 6314/1804/1141 6315/1798/1141
f 6349/1783/1058 6318/1786/1058 6347/1790/1058
f 6318/1786/1070 6314/1804/1070 6347/1790/1070
f 6344/1778/1145 6348/1771/1145 6347/1790/1145
f 6349/1783/1143 6347/1790/1143 6348/1771/1143
f 6324/1780/1121 6321/1779/1121 6349/1783/1121
f 6321/1779/1055 6318/1786/1055 6349/1783/1055
f 6350/1770/1130 6349/1783/1130 6348/1771/1130
f 6324/1780/1053 6349/1783/1053 6350/1770/1053
f 6327/1749/1041 6324/1759/1041 6350/1753/1041
f 6350/1770/1130 6348/1771/1130 6351/1772/1130
f 6352/1752/1129 6350/1753/1129 6351/1754/1129
f 6352/1752/1034 6327/1749/1034 6350/1753/1034
f 6330/1741/1170 6327/1749/1170 6352/1752/1170
f 6330/1741/1169 6352/1752/1169 6336/1745/1169
f 6352/1752/1037 6353/1758/1037 6336/1745/1037
f 6352/1752/1127 6351/1754/1127 6353/1758/1127
f 6353/1777/1123 6351/1772/1123 6348/1771/1123
f 6339/1782/1052 6353/1777/1052 6344/1778/1052
f 6336/1745/1040 6353/1758/1040 6339/1761/1040
f 6353/1777/1123 6348/1771/1123 6344/1778/1123
f 6354/1789/1069 6345/1785/1069 6355/1799/1069
f 6342/1769/1057 6345/1785/1057 6354/1789/1057
f 6345/1785/1066 6315/1798/1066 6355/1799/1066
f 6355/1799/1077 6315/1798/1077 6312/1639/1077
f 6356/1803/1080 6355/1799/1080 6357/1629/1080
f 6354/1789/1069 6355/1799/1069 6356/1803/1069
f 6355/1799/1077 6312/1639/1077 6357/1629/1077
f 6312/1639/933 6358/1642/933 6357/1629/933
f 6357/1629/926 6358/1642/926 6360/1630/926
f 6356/1803/1080 6357/1629/1080 6359/1631/1080
f 6357/1629/926 6360/1630/926 6359/1631/926
f 6358/1642/936 6362/1647/936 6360/1630/936
f 6359/1631/1137 6360/1630/1137 6361/1636/1137
f 6360/1630/1086 6363/1650/1086 6361/1636/1086
f 6360/1630/1086 6362/1647/1086 6363/1650/1086
f 6362/1647/950 6364/1662/950 6363/1650/950
f 6365/1652/942 6361/1636/942 6363/1650/942
f 6365/1664/953 6363/1650/953 6364/1662/953
f 6365/1806/1076 6376/1797/1076 6366/1637/1076
f 6365/1641/932 6366/1637/932 6361/1636/932
f 6365/1667/955 6364/1662/955 6294/1668/955
f 6365/1681/967 6294/1668/967 6367/1677/967
f 6365/1693/979 6367/1677/979 6368/1690/979
f 6365/1707/991 6368/1690/991 6369/1704/991
f 6365/1719/1002 6369/1704/1002 6370/1716/1002
f 6365/1720/1004 6370/1716/1004 6371/1721/1004
f 6365/1734/1016 6371/1721/1016 6372/1735/1016
f 6365/1747/1028 6372/1735/1028 6373/1744/1028
f 6365/1760/1039 6373/1744/1039 6341/1757/1039
f 6365/1781/1051 6341/1775/1051 6374/1776/1051
f 6365/1794/1063 6374/1776/1063 6375/1792/1063
f 6365/1796/1065 6375/1792/1065 6376/1797/1065
f 6376/1797/1147 6356/1803/1147 6359/1631/1147
f 6375/1792/1087 6356/1803/1087 6376/1797/1087
f 6376/1797/1147 6359/1631/1147 6366/1637/1147
f 6375/1792/1087 6354/1789/1087 6356/1803/1087
f 6374/1776/1060 6354/1789/1060 6375/1792/1060
f 6374/1776/1060 6342/1769/1060 6354/1789/1060
f 6341/1775/1048 6342/1769/1048 6374/1776/1048
f 6377/1740/1025 6338/1751/1025 6373/1744/1025
f 6338/1751/1036 6341/1757/1036 6373/1744/1036
f 6377/1740/1025 6373/1744/1025 6372/1735/1025
f 6379/1722/1020 6335/1736/1020 6377/1740/1020
f 6335/1736/1032 6338/1751/1032 6377/1740/1032
f 6378/1727/1088 6377/1740/1088 6372/1735/1088
f 6379/1722/1020 6377/1740/1020 6378/1727/1020
f 6381/1717/1005 6333/1730/1005 6379/1722/1005
f 6333/1730/1017 6335/1736/1017 6379/1722/1017
f 6380/1712/1008 6379/1722/1008 6378/1727/1008
f 6381/1717/1005 6379/1722/1005 6380/1712/1005
f 6286/1714/1176 6333/1730/1176 6381/1717/1176
f 6285/1705/1168 6286/1714/1168 6381/1717/1168
f 6382/1700/1003 6381/1717/1003 6380/1712/1003
f 6382/1700/1003 6285/1705/1003 6381/1717/1003
f 6288/1694/992 6285/1705/992 6382/1700/992
f 6383/1701/996 6382/1700/996 6380/1712/996
f 6384/1689/985 6382/1700/985 6383/1701/985
f 6384/1689/985 6288/1694/985 6382/1700/985
f 6291/1676/983 6288/1694/983 6384/1689/983
f 6368/1690/1089 6384/1689/1089 6383/1701/1089
f 6367/1677/976 6384/1689/976 6368/1690/976
f 6367/1677/976 6291/1676/976 6384/1689/976
f 6369/1704/1117 6383/1701/1117 6385/1713/1117
f 6368/1690/1089 6383/1701/1089 6369/1704/1089
f 6383/1701/996 6380/1712/996 6385/1713/996
f 6380/1712/1008 6378/1727/1008 6385/1713/1008
f 6385/1713/1161 6371/1721/1161 6370/1716/1161
f 6369/1704/1117 6385/1713/1117 6370/1716/1117
f 6385/1713/1161 6378/1727/1161 6371/1721/1161
f 6378/1727/1088 6372/1735/1088 6371/1721/1088
f 6294/1668/964 6291/1676/964 6367/1677/964
f 6359/1631/1137 6361/1636/1137 6366/1637/1137
f 6362/1647/950 6295/1659/950 6364/1662/950
f 6295/1659/962 6294/1668/962 6364/1662/962
f 6358/1642/936 6298/1653/936 6362/1647/936
f 6298/1653/947 6295/1659/947 6362/1647/947
f 6312/1639/1182 6301/1638/1182 6358/1642/1182
f 6301/1638/943 6298/1653/943 6358/1642/943
f 6331/1724/1018 6386/1723/1018 6328/1733/1018
f 6387/1709/1006 6386/1723/1006 6331/1724/1006
f 6286/1714/1180 6387/1709/1180 6331/1724/1180
f 6387/1709/1006 6388/1718/1006 6386/1723/1006
f 6389/1706/994 6388/1718/994 6387/1709/994
f 6283/1708/1173 6387/1709/1173 6286/1714/1173
f 6389/1706/994 6387/1709/994 6283/1708/994
f 6391/1688/990 6390/1703/990 6389/1706/990
f 6390/1703/1001 6388/1718/1001 6389/1706/1001
f 6280/1692/993 6389/1706/993 6283/1708/993
f 6391/1688/990 6389/1706/990 6280/1692/990
f 6255/1685/975 6256/1697/975 6391/1688/975
f 6256/1697/1090 6390/1703/1090 6391/1688/1090
f 6277/1686/978 6391/1688/978 6280/1692/978
f 6255/1685/975 6391/1688/975 6277/1686/975
f 6256/1697/1090 6257/1699/1090 6390/1703/1090
f 6257/1699/1131 6392/1715/1131 6390/1703/1131
f 6390/1703/1001 6392/1715/1001 6388/1718/1001
f 6392/1715/1163 6258/1711/1163 6259/1726/1163
f 6257/1699/1131 6258/1711/1131 6392/1715/1131
f 6388/1718/1013 6392/1715/1013 6393/1729/1013
f 6392/1715/1163 6259/1726/1163 6393/1729/1163
f 6393/1729/1091 6259/1726/1091 6260/1739/1091
f 6386/1723/1015 6393/1729/1015 6394/1732/1015
f 6388/1718/1013 6393/1729/1013 6386/1723/1013
f 6393/1729/1091 6260/1739/1091 6394/1732/1091
f 6394/1732/1024 6260/1739/1024 6261/1742/1024
f 6328/1733/1027 6394/1732/1027 6325/1743/1027
f 6386/1723/1015 6394/1732/1015 6328/1733/1015
f 6394/1732/1024 6261/1742/1024 6325/1743/1024
f 6325/1743/1035 6261/1742/1035 6262/1755/1035
f 6263/1766/1059 6264/1788/1059 6320/1791/1059
f 6264/1788/1084 6266/1805/1084 6320/1791/1084
f 6320/1791/1064 6266/1805/1064 6317/1795/1064
f 6266/1805/1075 6268/1640/1075 6317/1795/1075
f 6317/1795/1078 6268/1640/1078 6313/1623/1078
f 6313/1623/924 6268/1640/924 6270/1624/924
f 6313/1623/1164 6270/1624/1164 6303/1625/1164
f 6303/1625/934 6270/1624/934 6272/1643/934
f 6254/1672/973 6255/1685/973 6277/1686/973
f 6411/1802/1079 6395/1807/1079 6396/1626/1079
f 6396/1626/925 6395/1627/925 6397/1628/925
f 6397/1628/935 6395/1645/935 6398/1646/935
f 6398/1646/946 6395/1657/946 6399/1658/946
f 6399/1658/958 6395/1671/958 6400/1672/958
f 6400/1672/970 6395/1684/970 6401/1685/970
f 6401/1685/1149 6395/1696/1149 6402/1697/1149
f 6402/1697/984 6395/1698/984 6403/1699/984
f 6403/1699/1183 6395/1710/1183 6404/1711/1183
f 6404/1711/1007 6395/1725/1007 6405/1726/1007
f 6405/1726/1019 6395/1738/1019 6406/1739/1019
f 6406/1739/1150 6395/1750/1150 6407/1742/1150
f 6407/1742/1042 6395/1762/1042 6408/1755/1042
f 6408/1764/1044 6395/1765/1044 6409/1766/1044
f 6409/1766/1056 6395/1787/1056 6410/1788/1056
f 6410/1788/1068 6395/1801/1068 6411/1802/1068
f 6410/1788/1084 6411/1802/1084 6412/1805/1084
f 6411/1802/1140 6413/1634/1140 6412/1805/1140
f 6411/1802/1140 6396/1626/1140 6413/1634/1140
f 6413/1634/1132 6396/1626/1132 6397/1628/1132
f 6412/1805/1075 6413/1634/1075 6414/1640/1075
f 6414/1640/931 6413/1634/931 6415/1635/931
f 6413/1634/1132 6397/1628/1132 6415/1635/1132
f 6415/1635/1085 6397/1628/1085 6398/1646/1085
f 6416/1624/941 6415/1635/941 6417/1649/941
f 6414/1640/931 6415/1635/931 6416/1624/931
f 6415/1635/1085 6398/1646/1085 6417/1649/1085
f 6417/1649/949 6398/1646/949 6399/1658/949
f 6418/1643/952 6417/1649/952 6419/1661/952
f 6416/1624/941 6417/1649/941 6418/1643/941
f 6417/1649/949 6399/1658/949 6419/1661/949
f 6419/1661/961 6399/1658/961 6400/1672/961
f 6420/1655/954 6419/1661/954 6421/1665/954
f 6418/1643/952 6419/1661/952 6420/1655/952
f 6419/1661/961 6400/1672/961 6421/1665/961
f 6400/1672/973 6423/1686/973 6421/1665/973
f 6421/1665/966 6424/1680/966 6422/1666/966
f 6420/1655/954 6421/1665/954 6422/1666/954
f 6421/1665/966 6423/1686/966 6424/1680/966
f 6423/1686/978 6426/1692/978 6424/1680/978
f 6422/1666/1133 6424/1680/1133 6425/1683/1133
f 6424/1680/981 6427/1695/981 6425/1683/981
f 6424/1680/1100 6426/1692/1100 6427/1695/1100
f 6426/1692/1181 6429/1708/1181 6427/1695/1181
f 6425/1683/974 6427/1695/974 6428/1687/974
f 6427/1695/986 6430/1702/986 6428/1687/986
f 6427/1695/1102 6429/1708/1102 6430/1702/1102
f 6429/1708/997 6432/1714/997 6430/1702/997
f 6431/1705/1000 6430/1702/1000 6432/1714/1000
f 6433/1691/1103 6430/1702/1103 6431/1705/1103
f 6433/1691/989 6428/1687/989 6430/1702/989
f 6435/1679/977 6428/1687/977 6433/1691/977
f 6434/1694/1177 6433/1691/1177 6431/1705/1177
f 6436/1682/1105 6433/1691/1105 6434/1694/1105
f 6436/1682/980 6435/1679/980 6433/1691/980
f 6438/1669/1134 6435/1679/1134 6436/1682/1134
f 6437/1676/983 6436/1682/983 6434/1694/983
f 6439/1673/971 6436/1682/971 6437/1676/971
f 6439/1673/971 6438/1669/971 6436/1682/971
f 6442/1654/959 6438/1669/959 6439/1673/959
f 6440/1668/964 6439/1673/964 6437/1676/964
f 6441/1659/962 6439/1673/962 6440/1668/962
f 6442/1654/959 6439/1673/959 6441/1659/959
f 6445/1651/944 6443/1663/944 6442/1654/944
f 6443/1663/1135 6438/1669/1135 6442/1654/1135
f 6444/1653/947 6442/1654/947 6441/1659/947
f 6445/1651/1106 6442/1654/1106 6444/1653/1106
f 6448/1633/940 6446/1648/940 6445/1651/940
f 6446/1648/1107 6443/1663/1107 6445/1651/1107
f 6447/1638/1152 6445/1651/1152 6444/1653/1152
f 6448/1633/1108 6445/1651/1108 6447/1638/1108
f 6448/1633/1109 6449/1625/1109 6451/1644/1109
f 6450/1632/927 6449/1625/927 6448/1633/927
f 6450/1632/930 6448/1633/930 6447/1638/930
f 6448/1633/937 6451/1644/937 6446/1648/937
f 6451/1644/1111 6418/1643/1111 6420/1655/1111
f 6449/1625/1153 6418/1643/1153 6451/1644/1153
f 6446/1648/1110 6451/1644/1110 6452/1656/1110
f 6451/1644/945 6420/1655/945 6452/1656/945
f 6452/1656/1136 6420/1655/1136 6422/1666/1136
f 6453/1660/1112 6452/1656/1112 6454/1670/1112
f 6446/1648/1110 6452/1656/1110 6453/1660/1110
f 6452/1656/957 6422/1666/957 6454/1670/957
f 6422/1666/969 6425/1683/969 6454/1670/969
f 6454/1670/1113 6456/1678/1113 6455/1674/1113
f 6453/1660/1112 6454/1670/1112 6455/1674/1112
f 6454/1670/1113 6425/1683/1113 6456/1678/1113
f 6425/1683/974 6428/1687/974 6456/1678/974
f 6435/1679/977 6456/1678/977 6428/1687/977
f 6457/1675/1114 6456/1678/1114 6435/1679/1114
f 6457/1675/1114 6455/1674/1114 6456/1678/1114
f 6453/1660/1115 6455/1674/1115 6457/1675/1115
f 6438/1669/968 6457/1675/968 6435/1679/968
f 6443/1663/956 6457/1675/956 6438/1669/956
f 6453/1660/1115 6457/1675/1115 6443/1663/1115
f 6446/1648/1107 6453/1660/1107 6443/1663/1107
f 6462/1798/1165 6450/1632/1165 6458/1639/1165
f 6450/1632/1154 6447/1638/1154 6458/1639/1154
f 6461/1800/1155 6459/1623/1155 6450/1632/1155
f 6450/1632/1166 6459/1623/1166 6449/1625/1166
f 6462/1798/1074 6460/1804/1074 6450/1632/1074
f 6461/1800/1081 6450/1632/1081 6460/1804/1081
f 6464/1784/1073 6460/1804/1073 6462/1798/1073
f 6463/1799/1077 6462/1798/1077 6458/1639/1077
f 6465/1785/1066 6462/1798/1066 6463/1799/1066
f 6465/1785/1174 6464/1784/1174 6462/1798/1174
f 6467/1768/1124 6464/1784/1124 6465/1785/1124
f 6466/1789/1069 6465/1785/1069 6463/1799/1069
f 6468/1769/1057 6465/1785/1057 6466/1789/1057
f 6468/1769/1057 6467/1768/1057 6465/1785/1057
f 6470/1767/1045 6467/1768/1045 6468/1769/1045
f 6469/1776/1060 6468/1769/1060 6466/1789/1060
f 6471/1775/1048 6468/1769/1048 6469/1776/1048
f 6471/1775/1048 6470/1767/1048 6468/1769/1048
f 6474/1751/1036 6470/1763/1036 6471/1757/1036
f 6473/1760/1039 6472/1744/1039 6471/1757/1039
f 6474/1751/1036 6471/1757/1036 6472/1744/1036
f 6473/1781/1051 6471/1775/1051 6469/1776/1051
f 6477/1736/1032 6475/1748/1032 6474/1751/1032
f 6475/1748/1043 6470/1763/1043 6474/1751/1043
f 6476/1740/1025 6474/1751/1025 6472/1744/1025
f 6477/1736/1032 6474/1751/1032 6476/1740/1032
f 6480/1730/1175 6478/1731/1175 6477/1736/1175
f 6478/1731/1128 6475/1748/1128 6477/1736/1128
f 6479/1722/1020 6477/1736/1020 6476/1740/1020
f 6480/1730/1017 6477/1736/1017 6479/1722/1017
f 6432/1714/1012 6481/1728/1012 6480/1730/1012
f 6481/1728/1014 6478/1731/1014 6480/1730/1014
f 6482/1717/1005 6480/1730/1005 6479/1722/1005
f 6432/1714/1176 6480/1730/1176 6482/1717/1176
f 6431/1705/1168 6432/1714/1168 6482/1717/1168
f 6482/1717/1005 6479/1722/1005 6483/1712/1005
f 6484/1700/1003 6482/1717/1003 6483/1712/1003
f 6484/1700/1003 6431/1705/1003 6482/1717/1003
f 6434/1694/992 6431/1705/992 6484/1700/992
f 6485/1701/996 6484/1700/996 6483/1712/996
f 6486/1689/985 6484/1700/985 6485/1701/985
f 6486/1689/985 6434/1694/985 6484/1700/985
f 6437/1676/983 6434/1694/983 6486/1689/983
f 6487/1690/1089 6486/1689/1089 6485/1701/1089
f 6488/1677/1184 6486/1689/1184 6487/1690/1184
f 6488/1677/976 6437/1676/976 6486/1689/976
f 6440/1668/964 6437/1676/964 6488/1677/964
f 6473/1681/967 6440/1668/967 6488/1677/967
f 6473/1693/1185 6488/1677/1185 6487/1690/1185
f 6473/1707/991 6487/1690/991 6489/1704/991
f 6487/1690/1089 6485/1701/1089 6489/1704/1089
f 6489/1704/1117 6485/1701/1117 6491/1713/1117
f 6489/1704/1117 6491/1713/1117 6490/1716/1117
f 6473/1719/1186 6489/1704/1186 6490/1716/1186
f 6483/1712/1008 6492/1727/1008 6491/1713/1008
f 6485/1701/996 6483/1712/996 6491/1713/996
f 6491/1713/1161 6493/1721/1161 6490/1716/1161
f 6491/1713/1161 6492/1727/1161 6493/1721/1161
f 6492/1727/1088 6494/1735/1088 6493/1721/1088
f 6473/1720/1004 6490/1716/1004 6493/1721/1004
f 6473/1734/1016 6493/1721/1016 6494/1735/1016
f 6492/1727/1088 6476/1740/1088 6494/1735/1088
f 6476/1740/1025 6472/1744/1025 6494/1735/1025
f 6473/1747/1158 6494/1735/1158 6472/1744/1158
f 6483/1712/1008 6479/1722/1008 6492/1727/1008
f 6479/1722/1020 6476/1740/1020 6492/1727/1020
f 6481/1728/1021 6495/1724/1021 6497/1737/1021
f 6432/1714/1009 6495/1724/1009 6481/1728/1009
f 6481/1728/1014 6496/1741/1014 6478/1731/1014
f 6481/1728/1021 6497/1737/1021 6496/1741/1021
f 6497/1737/1119 6498/1733/1119 6500/1746/1119
f 6495/1724/1178 6498/1733/1178 6497/1737/1178
f 6496/1741/1033 6497/1737/1033 6499/1749/1033
f 6497/1737/1030 6500/1746/1030 6499/1749/1030
f 6500/1746/1038 6501/1743/1038 6503/1756/1038
f 6498/1733/1027 6501/1743/1027 6500/1746/1027
f 6499/1749/1120 6500/1746/1120 6502/1759/1120
f 6500/1746/1038 6503/1756/1038 6502/1759/1038
f 6408/1764/1047 6504/1773/1047 6503/1774/1047
f 6501/1743/1035 6408/1755/1035 6503/1756/1035
f 6503/1774/1050 6505/1779/1050 6502/1780/1050
f 6503/1774/1050 6504/1773/1050 6505/1779/1050
f 6504/1773/1062 6507/1793/1062 6505/1779/1062
f 6502/1780/1121 6505/1779/1121 6506/1783/1121
f 6505/1779/1055 6508/1786/1055 6506/1783/1055
f 6505/1779/1122 6507/1793/1122 6508/1786/1122
f 6507/1793/1179 6461/1800/1179 6508/1786/1179
f 6506/1783/1143 6508/1786/1143 6509/1790/1143
f 6508/1786/1070 6460/1804/1070 6509/1790/1070
f 6508/1786/1070 6461/1800/1070 6460/1804/1070
f 6464/1784/1073 6509/1790/1073 6460/1804/1073
f 6511/1778/1145 6509/1790/1145 6464/1784/1145
f 6511/1778/1061 6510/1771/1061 6509/1790/1061
f 6506/1783/1058 6509/1790/1058 6510/1771/1058
f 6512/1777/1123 6510/1771/1123 6511/1778/1123
f 6467/1768/1054 6511/1778/1054 6464/1784/1054
f 6513/1782/1125 6511/1778/1125 6467/1768/1125
f 6513/1782/1052 6512/1777/1052 6511/1778/1052
f 6514/1745/1040 6512/1758/1040 6513/1761/1040
f 6470/1767/1045 6513/1782/1045 6467/1768/1045
f 6475/1748/1043 6513/1761/1043 6470/1763/1043
f 6514/1745/1126 6513/1761/1126 6475/1748/1126
f 6496/1741/1169 6515/1752/1169 6514/1745/1169
f 6515/1752/1127 6512/1758/1127 6514/1745/1127
f 6478/1731/1029 6514/1745/1029 6475/1748/1029
f 6496/1741/1026 6514/1745/1026 6478/1731/1026
f 6515/1752/1129 6499/1749/1129 6517/1753/1129
f 6496/1741/1170 6499/1749/1170 6515/1752/1170
f 6515/1752/1037 6516/1754/1037 6512/1758/1037
f 6515/1752/1034 6517/1753/1034 6516/1754/1034
f 6502/1780/1053 6506/1783/1053 6517/1770/1053
f 6499/1749/1041 6502/1759/1041 6517/1753/1041
f 6517/1770/1046 6510/1771/1046 6516/1772/1046
f 6517/1770/1130 6506/1783/1130 6510/1771/1130
f 6512/1777/1049 6516/1772/1049 6510/1771/1049
f 6504/1773/1062 6518/1791/1062 6507/1793/1062
f 6518/1791/1064 6519/1795/1064 6507/1793/1064
f 6507/1793/1067 6519/1795/1067 6461/1800/1067
f 6518/1791/1064 6412/1805/1064 6519/1795/1064
f 6412/1805/1075 6414/1640/1075 6519/1795/1075
f 6519/1795/1078 6459/1623/1078 6461/1800/1078
f 6519/1795/1078 6414/1640/1078 6459/1623/1078
f 6409/1766/1059 6410/1788/1059 6518/1791/1059
f 6410/1788/1084 6412/1805/1084 6518/1791/1084
f 6409/1766/1059 6518/1791/1059 6504/1773/1059
f 6408/1764/1047 6409/1766/1047 6504/1773/1047
f 6501/1743/1035 6407/1742/1035 6408/1755/1035
f 6520/1732/1024 6407/1742/1024 6501/1743/1024
f 6498/1733/1027 6520/1732/1027 6501/1743/1027
f 6520/1732/1024 6406/1739/1024 6407/1742/1024
f 6521/1729/1091 6406/1739/1091 6520/1732/1091
f 6522/1723/1015 6520/1732/1015 6498/1733/1015
f 6522/1723/1015 6521/1729/1015 6520/1732/1015
f 6523/1718/1013 6521/1729/1013 6522/1723/1013
f 6495/1724/1018 6522/1723/1018 6498/1733/1018
f 6524/1709/1006 6522/1723/1006 6495/1724/1006
f 6524/1709/1006 6523/1718/1006 6522/1723/1006
f 6525/1706/994 6523/1718/994 6524/1709/994
f 6432/1714/1180 6524/1709/1180 6495/1724/1180
f 6429/1708/1173 6524/1709/1173 6432/1714/1173
f 6525/1706/994 6524/1709/994 6429/1708/994
f 6527/1688/990 6526/1703/990 6525/1706/990
f 6526/1703/1001 6523/1718/1001 6525/1706/1001
f 6426/1692/993 6525/1706/993 6429/1708/993
f 6527/1688/990 6525/1706/990 6426/1692/990
f 6401/1685/1187 6402/1697/1187 6527/1688/1187
f 6402/1697/1090 6526/1703/1090 6527/1688/1090
f 6423/1686/978 6527/1688/978 6426/1692/978
f 6401/1685/975 6527/1688/975 6423/1686/975
f 6402/1697/1090 6403/1699/1090 6526/1703/1090
f 6403/1699/1131 6528/1715/1131 6526/1703/1131
f 6526/1703/1001 6528/1715/1001 6523/1718/1001
f 6528/1715/1163 6404/1711/1163 6405/1726/1163
f 6403/1699/1131 6404/1711/1131 6528/1715/1131
f 6523/1718/1013 6528/1715/1013 6521/1729/1013
f 6528/1715/1163 6405/1726/1163 6521/1729/1163
f 6521/1729/1091 6405/1726/1091 6406/1739/1091
f 6473/1806/1076 6534/1797/1076 6529/1637/1076
f 6473/1641/932 6529/1637/932 6530/1636/932
f 6473/1652/942 6530/1636/942 6531/1650/942
f 6473/1664/953 6531/1650/953 6532/1662/953
f 6473/1667/955 6532/1662/955 6440/1668/955
f 6473/1794/1063 6469/1776/1063 6533/1792/1063
f 6473/1796/1065 6533/1792/1065 6534/1797/1065
f 6534/1797/1147 6535/1803/1147 6536/1631/1147
f 6533/1792/1087 6535/1803/1087 6534/1797/1087
f 6534/1797/1147 6536/1631/1147 6529/1637/1147
f 6535/1803/1080 6537/1629/1080 6536/1631/1080
f 6537/1629/926 6538/1630/926 6536/1631/926
f 6536/1631/1137 6530/1636/1137 6529/1637/1137
f 6536/1631/1137 6538/1630/1137 6530/1636/1137
f 6537/1629/926 6539/1642/926 6538/1630/926
f 6539/1642/936 6540/1647/936 6538/1630/936
f 6538/1630/1086 6531/1650/1086 6530/1636/1086
f 6538/1630/1086 6540/1647/1086 6531/1650/1086
f 6539/1642/936 6444/1653/936 6540/1647/936
f 6444/1653/947 6441/1659/947 6540/1647/947
f 6540/1647/950 6532/1662/950 6531/1650/950
f 6540/1647/950 6441/1659/950 6532/1662/950
f 6458/1639/933 6447/1638/933 6539/1642/933
f 6447/1638/943 6444/1653/943 6539/1642/943
f 6458/1639/933 6539/1642/933 6537/1629/933
f 6463/1799/1077 6458/1639/1077 6537/1629/1077
f 6535/1803/1080 6463/1799/1080 6537/1629/1080
f 6466/1789/1069 6463/1799/1069 6535/1803/1069
f 6533/1792/1087 6466/1789/1087 6535/1803/1087
f 6469/1776/1060 6466/1789/1060 6533/1792/1060
f 6441/1659/962 6440/1668/962 6532/1662/962
f 6459/1623/924 6414/1640/924 6416/1624/924
f 6459/1623/924 6416/1624/924 6449/1625/924
f 6449/1625/934 6416/1624/934 6418/1643/934
f 6400/1672/973 6401/1685/973 6423/1686/973
usemtl WaxDark
f 5194/1808/1092 5191/1809/1092 5192/1810/1092
f 5193/1811/1093 5192/1812/1093 5191/1772/1093
f 5195/1813/1094 5193/1814/1094 5191/1815/1094
f 5195/1813/1094 5191/1815/1094 5194/1816/1094
f 5196/1817/1095 5195/1813/1095 5194/1816/1095
f 5193/1818/1096 5195/1819/1096 5196/1820/1096
f 5197/1821/1097 5196/1817/1097 5198/1822/1097
f 5196/1820/1096 5197/1823/1096 5199/1824/1096
f 5196/1817/1095 5194/1816/1095 5198/1822/1095
f 5199/1824/1096 5200/1825/1096 5196/1820/1096
f 5200/1825/1096 5193/1818/1096 5196/1820/1096
f 5193/1811/1093 5200/1826/1093 5192/1812/1093
f 5200/1826/1098 5201/1827/1098 5192/1812/1098
f 5200/1826/1098 5199/1828/1098 5201/1827/1098
f 5192/1810/1092 5201/1829/1092 5202/1830/1092
f 5199/1828/1099 5202/1831/1099 5201/1827/1099
f 5199/1828/1099 5197/1821/1099 5202/1831/1099
f 5197/1821/1097 5198/1822/1097 5202/1831/1097
f 5202/1830/1092 5198/1832/1092 5194/1808/1092
f 5192/1810/1092 5202/1830/1092 5194/1808/1092
f 5644/1808/1092 5641/1809/1092 5642/1810/1092
f 5643/1811/1093 5642/1812/1093 5641/1772/1093
f 5645/1813/1094 5643/1814/1094 5641/1815/1094
f 5645/1813/1094 5641/1815/1094 5644/1816/1094
f 5646/1817/1095 5645/1813/1095 5644/1816/1095
f 5645/1819/1096 5646/1820/1096 5647/1824/1096
f 5643/1818/1096 5645/1819/1096 5647/1824/1096
f 5647/1824/1096 5648/1825/1096 5643/1818/1096
f 5648/1826/1098 5647/1828/1098 5649/1827/1098
f 5647/1828/1099 5651/1831/1099 5649/1827/1099
f 5647/1828/1099 5650/1821/1099 5651/1831/1099
f 5646/1820/1096 5650/1823/1096 5647/1824/1096
f 5642/1810/1092 5649/1829/1092 5651/1830/1092
f 5650/1821/1097 5652/1822/1097 5651/1831/1097
f 5651/1830/1092 5652/1832/1092 5642/1810/1092
f 5650/1821/1097 5646/1817/1097 5652/1822/1097
f 5646/1817/1095 5644/1816/1095 5652/1822/1095
f 5652/1832/1092 5644/1808/1092 5642/1810/1092
f 5648/1826/1098 5649/1827/1098 5642/1812/1098
f 5643/1811/1093 5648/1826/1093 5642/1812/1093
f 6094/1808/1092 6091/1809/1092 6092/1810/1092
f 6093/1811/1093 6092/1812/1093 6091/1772/1093
f 6095/1813/1094 6093/1814/1094 6091/1815/1094
f 6095/1813/1094 6091/1815/1094 6094/1816/1094
f 6096/1817/1095 6095/1813/1095 6094/1816/1095
f 6093/1818/1096 6095/1819/1096 6096/1820/1096
f 6097/1821/1097 6096/1817/1097 6098/1822/1097
f 6096/1820/1096 6097/1823/1096 6099/1824/1096
f 6096/1817/1095 6094/1816/1095 6098/1822/1095
f 6099/1824/1096 6100/1825/1096 6096/1820/1096
f 6100/1825/1096 6093/1818/1096 6096/1820/1096
f 6093/1811/1093 6100/1826/1093 6092/1812/1093
f 6100/1826/1098 6101/1827/1098 6092/1812/1098
f 6100/1826/1098 6099/1828/1098 6101/1827/1098
f 6092/1810/1092 6101/1829/1092 6102/1830/1092
f 6099/1828/1099 6102/1831/1099 6101/1827/1099
f 6099/1828/1099 6097/1821/1099 6102/1831/1099
f 6097/1821/1097 6098/1822/1097 6102/1831/1097
f 6102/1830/1092 6098/1832/1092 6092/1810/1092
f 6098/1832/1092 6094/1808/1092 6092/1810/1092
f 6544/1808/1092 6541/1809/1092 6542/1810/1092
f 6543/1811/1093 6542/1812/1093 6541/1772/1093
f 6545/1813/1094 6543/1814/1094 6541/1815/1094
f 6545/1813/1094 6541/1815/1094 6544/1816/1094
f 6546/1817/1095 6545/1813/1095 6544/1816/1095
f 6543/1818/1096 6545/1819/1096 6546/1820/1096
f 6547/1821/1097 6546/1817/1097 6548/1822/1097
f 6546/1820/1096 6547/1823/1096 6549/1824/1096
f 6546/1817/1095 6544/1816/1095 6548/1822/1095
f 6549/1824/1096 6550/1825/1096 6546/1820/1096
f 6550/1825/1096 6543/1818/1096 6546/1820/1096
f 6543/1811/1093 6550/1826/1093 6542/1812/1093
f 6550/1826/1098 6551/1827/1098 6542/1812/1098
f 6550/1826/1098 6549/1828/1098 6551/1827/1098
f 6542/1810/1092 6551/1829/1092 6552/1830/1092
f 6549/1828/1099 6552/1831/1099 6551/1827/1099
f 6549/1828/1099 6547/1821/1099 6552/1831/1099
f 6547/1821/1097 6548/1822/1097 6552/1831/1097
f 6552/1830/1092 6548/1832/1092 6542/1810/1092
f 6548/1832/1092 6544/1808/1092 6542/1810/1092
o WalkFloor
v 6.440000 0.720000 5.860000
v 6.440000 1.000000 5.860000
v 6.440000 0.720000 18.139999
v 6.440000 1.000000 18.139999
v -6.440000 0.720000 5.860000
v -6.440000 1.000000 5.860000
v -6.440000 0.720000 18.139999
v -6.440000 1.000000 18.139999
vn 1.0000 -0.0000 -0.0000
vn -0.0000 -0.0000 1.0000
vn -1.0000 -0.0000 -0.0000
vn -0.0000 -0.0000 -1.0000
vn -0.0000 -1.0000 -0.0000
vn -0.0000 1.0000 -0.0000
vt 0.625000 0.000000
vt 0.375000 0.250000
vt 0.375000 0.000000
vt 0.625000 0.250000
vt 0.375000 0.500000
vt 0.625000 0.500000
vt 0.375000 0.750000
vt 0.625000 0.750000
vt 0.375000 1.000000
vt 0.125000 0.750000
vt 0.125000 0.500000
vt 0.875000 0.500000
vt 0.625000 1.000000
vt 0.875000 0.750000
s 0
usemtl WalkFloor
f 6554/1833/1188 6555/1834/1188 6553/1835/1188
f 6556/1836/1189 6559/1837/1189 6555/1834/1189
f 6560/1838/1190 6557/1839/1190 6559/1837/1190
f 6558/1840/1191 6553/1841/1191 6557/1839/1191
f 6559/1837/1192 6553/1842/1192 6555/1843/1192
f 6556/1844/1193 6558/1840/1193 6560/1838/1193
f 6554/1833/1188 6556/1836/1188 6555/1834/1188
f 6556/1836/1189 6560/1838/1189 6559/1837/1189
f 6560/1838/1190 6558/1840/1190 6557/1839/1190
f 6558/1840/1191 6554/1845/1191 6553/1841/1191
f 6559/1837/1192 6557/1839/1192 6553/1842/1192
f 6556/1844/1193 6554/1846/1193 6558/1840/1193
o WalkCeiling
v 6.440000 11.000000 5.860000
v 6.440000 11.120001 5.860000
v 6.440000 11.000000 18.139999
v 6.440000 11.120001 18.139999
v -6.440000 11.000000 5.860000
v -6.440000 11.120001 5.860000
v -6.440000 11.000000 18.139999
v -6.440000 11.120001 18.139999
vn 1.0000 -0.0000 -0.0000
vn -0.0000 -0.0000 1.0000
vn -1.0000 -0.0000 -0.0000
vn -0.0000 -0.0000 -1.0000
vn -0.0000 -1.0000 -0.0000
vn -0.0000 1.0000 -0.0000
vt 0.625000 0.000000
vt 0.375000 0.250000
vt 0.375000 0.000000
vt 0.625000 0.250000
vt 0.375000 0.500000
vt 0.625000 0.500000
vt 0.375000 0.750000
vt 0.625000 0.750000
vt 0.375000 1.000000
vt 0.125000 0.750000
vt 0.125000 0.500000
vt 0.875000 0.500000
vt 0.625000 1.000000
vt 0.875000 0.750000
s 0
usemtl WalkWall
f 6562/1847/1194 6563/1848/1194 6561/1849/1194
f 6564/1850/1195 6567/1851/1195 6563/1848/1195
f 6568/1852/1196 6565/1853/1196 6567/1851/1196
f 6566/1854/1197 6561/1855/1197 6565/1853/1197
f 6567/1851/1198 6561/1856/1198 6563/1857/1198
f 6564/1858/1199 6566/1854/1199 6568/1852/1199
f 6562/1847/1194 6564/1850/1194 6563/1848/1194
f 6564/1850/1195 6568/1852/1195 6567/1851/1195
f 6568/1852/1196 6566/1854/1196 6565/1853/1196
f 6566/1854/1197 6562/1859/1197 6561/1855/1197
f 6567/1851/1198 6565/1853/1198 6561/1856/1198
f 6564/1858/1199 6562/1860/1199 6566/1854/1199
o WalkSideLeftWall
v 6.420000 1.000000 6.000000
v 6.420000 11.000000 6.000000
v 6.420000 1.000000 18.000000
v 6.420000 11.000000 18.000000
v 6.300000 1.000000 6.000000
v 6.300000 11.000000 6.000000
v 6.300000 1.000000 18.000000
v 6.300000 11.000000 18.000000
vn 1.0000 -0.0000 -0.0000
vn -0.0000 -0.0000 1.0000
vn -1.0000 -0.0000 -0.0000
vn -0.0000 -0.0000 -1.0000
vn -0.0000 -1.0000 -0.0000
vn -0.0000 1.0000 -0.0000
vt 0.625000 0.000000
vt 0.375000 0.250000
vt 0.375000 0.000000
vt 0.625000 0.250000
vt 0.375000 0.500000
vt 0.625000 0.500000
vt 0.375000 0.750000
vt 0.625000 0.750000
vt 0.375000 1.000000
vt 0.125000 0.750000
vt 0.125000 0.500000
vt 0.875000 0.500000
vt 0.625000 1.000000
vt 0.875000 0.750000
s 0
usemtl WalkWall
f 6570/1861/1200 6571/1862/1200 6569/1863/1200
f 6572/1864/1201 6575/1865/1201 6571/1862/1201
f 6576/1866/1202 6573/1867/1202 6575/1865/1202
f 6574/1868/1203 6569/1869/1203 6573/1867/1203
f 6575/1865/1204 6569/1870/1204 6571/1871/1204
f 6572/1872/1205 6574/1868/1205 6576/1866/1205
f 6570/1861/1200 6572/1864/1200 6571/1862/1200
f 6572/1864/1201 6576/1866/1201 6575/1865/1201
f 6576/1866/1202 6574/1868/1202 6573/1867/1202
f 6574/1868/1203 6570/1873/1203 6569/1869/1203
f 6575/1865/1204 6573/1867/1204 6569/1870/1204
f 6572/1872/1205 6570/1874/1205 6574/1868/1205
o WalkSideRightWall
v -6.300000 1.000000 6.000000
v -6.300000 11.000000 6.000000
v -6.300000 1.000000 18.000000
v -6.300000 11.000000 18.000000
v -6.420000 1.000000 6.000000
v -6.420000 11.000000 6.000000
v -6.420000 1.000000 18.000000
v -6.420000 11.000000 18.000000
vn 1.0000 -0.0000 -0.0000
vn -0.0000 -0.0000 1.0000
vn -1.0000 -0.0000 -0.0000
vn -0.0000 -0.0000 -1.0000
vn -0.0000 -1.0000 -0.0000
vn -0.0000 1.0000 -0.0000
vt 0.625000 0.000000
vt 0.375000 0.250000
vt 0.375000 0.000000
vt 0.625000 0.250000
vt 0.375000 0.500000
vt 0.625000 0.500000
vt 0.375000 0.750000
vt 0.625000 0.750000
vt 0.375000 1.000000
vt 0.125000 0.750000
vt 0.125000 0.500000
vt 0.875000 0.500000
vt 0.625000 1.000000
vt 0.875000 0.750000
s 0
usemtl WalkWall
f 6578/1875/1206 6579/1876/1206 6577/1877/1206
f 6580/1878/1207 6583/1879/1207 6579/1876/1207
f 6584/1880/1208 6581/1881/1208 6583/1879/1208
f 6582/1882/1209 6577/1883/1209 6581/1881/1209
f 6583/1879/1210 6577/1884/1210 6579/1885/1210
f 6580/1886/1211 6582/1882/1211 6584/1880/1211
f 6578/1875/1206 6580/1878/1206 6579/1876/1206
f 6580/1878/1207 6584/1880/1207 6583/1879/1207
f 6584/1880/1208 6582/1882/1208 6581/1881/1208
f 6582/1882/1209 6578/1887/1209 6577/1883/1209
f 6583/1879/1210 6581/1881/1210 6577/1884/1210
f 6580/1886/1211 6578/1888/1211 6582/1882/1211
o WalkRearWall
v 6.300000 1.000000 18.000000
v 6.300000 11.000000 18.000000
v 6.300000 1.000000 18.119999
v 6.300000 11.000000 18.119999
v -6.300000 1.000000 18.000000
v -6.300000 11.000000 18.000000
v -6.300000 1.000000 18.119999
v -6.300000 11.000000 18.119999
vn 1.0000 -0.0000 -0.0000
vn -0.0000 -0.0000 1.0000
vn -1.0000 -0.0000 -0.0000
vn -0.0000 -0.0000 -1.0000
vn -0.0000 -1.0000 -0.0000
vn -0.0000 1.0000 -0.0000
vt 0.625000 0.000000
vt 0.375000 0.250000
vt 0.375000 0.000000
vt 0.625000 0.250000
vt 0.375000 0.500000
vt 0.625000 0.500000
vt 0.375000 0.750000
vt 0.625000 0.750000
vt 0.375000 1.000000
vt 0.125000 0.750000
vt 0.125000 0.500000
vt 0.875000 0.500000
vt 0.625000 1.000000
vt 0.875000 0.750000
s 0
usemtl WalkWall
f 6586/1889/1212 6587/1890/1212 6585/1891/1212
f 6588/1892/1213 6591/1893/1213 6587/1890/1213
f 6592/1894/1214 6589/1895/1214 6591/1893/1214
f 6590/1896/1215 6585/1897/1215 6589/1895/1215
f 6591/1893/1216 6585/1898/1216 6587/1899/1216
f 6588/1900/1217 6590/1896/1217 6592/1894/1217
f 6586/1889/1212 6588/1892/1212 6587/1890/1212
f 6588/1892/1213 6592/1894/1213 6591/1893/1213
f 6592/1894/1214 6590/1896/1214 6589/1895/1214
f 6590/1896/1215 6586/1901/1215 6585/1897/1215
f 6591/1893/1216 6589/1895/1216 6585/1898/1216
f 6588/1900/1217 6586/1902/1217 6590/1896/1217
o WalkFrontLeft
v 6.300000 1.000000 5.880000
v 6.300000 11.000000 5.880000
v 6.300000 1.000000 6.000000
v 6.300000 11.000000 6.000000
v 3.000000 1.000000 5.880000
v 3.000000 11.000000 5.880000
v 3.000000 1.000000 6.000000
v 3.000000 11.000000 6.000000
vn 1.0000 -0.0000 -0.0000
vn -0.0000 -0.0000 1.0000
vn -1.0000 -0.0000 -0.0000
vn -0.0000 -0.0000 -1.0000
vn -0.0000 -1.0000 -0.0000
vn -0.0000 1.0000 -0.0000
vt 0.625000 0.000000
vt 0.375000 0.250000
vt 0.375000 0.000000
vt 0.625000 0.250000
vt 0.375000 0.500000
vt 0.625000 0.500000
vt 0.375000 0.750000
vt 0.625000 0.750000
vt 0.375000 1.000000
vt 0.125000 0.750000
vt 0.125000 0.500000
vt 0.875000 0.500000
vt 0.625000 1.000000
vt 0.875000 0.750000
s 0
usemtl WalkWall
f 6594/1903/1218 6595/1904/1218 6593/1905/1218
f 6596/1906/1219 6599/1907/1219 6595/1904/1219
f 6600/1908/1220 6597/1909/1220 6599/1907/1220
f 6598/1910/1221 6593/1911/1221 6597/1909/1221
f 6599/1907/1222 6593/1912/1222 6595/1913/1222
f 6596/1914/1223 6598/1910/1223 6600/1908/1223
f 6594/1903/1218 6596/1906/1218 6595/1904/1218
f 6596/1906/1219 6600/1908/1219 6599/1907/1219
f 6600/1908/1220 6598/1910/1220 6597/1909/1220
f 6598/1910/1221 6594/1915/1221 6593/1911/1221
f 6599/1907/1222 6597/1909/1222 6593/1912/1222
f 6596/1914/1223 6594/1916/1223 6598/1910/1223
o WalkFrontRight
v -3.000000 1.000000 5.880000
v -3.000000 11.000000 5.880000
v -3.000000 1.000000 6.000000
v -3.000000 11.000000 6.000000
v -6.300000 1.000000 5.880000
v -6.300000 11.000000 5.880000
v -6.300000 1.000000 6.000000
v -6.300000 11.000000 6.000000
vn 1.0000 -0.0000 -0.0000
vn -0.0000 -0.0000 1.0000
vn -1.0000 -0.0000 -0.0000
vn -0.0000 -0.0000 -1.0000
vn -0.0000 -1.0000 -0.0000
vn -0.0000 1.0000 -0.0000
vt 0.625000 0.000000
vt 0.375000 0.250000
vt 0.375000 0.000000
vt 0.625000 0.250000
vt 0.375000 0.500000
vt 0.625000 0.500000
vt 0.375000 0.750000
vt 0.625000 0.750000
vt 0.375000 1.000000
vt 0.125000 0.750000
vt 0.125000 0.500000
vt 0.875000 0.500000
vt 0.625000 1.000000
vt 0.875000 0.750000
s 0
usemtl WalkWall
f 6602/1917/1224 6603/1918/1224 6601/1919/1224
f 6604/1920/1225 6607/1921/1225 6603/1918/1225
f 6608/1922/1226 6605/1923/1226 6607/1921/1226
f 6606/1924/1227 6601/1925/1227 6605/1923/1227
f 6607/1921/1228 6601/1926/1228 6603/1927/1228
f 6604/1928/1229 6606/1924/1229 6608/1922/1229
f 6602/1917/1224 6604/1920/1224 6603/1918/1224
f 6604/1920/1225 6608/1922/1225 6607/1921/1225
f 6608/1922/1226 6606/1924/1226 6605/1923/1226
f 6606/1924/1227 6602/1929/1227 6601/1925/1227
f 6607/1921/1228 6605/1923/1228 6601/1926/1228
f 6604/1928/1229 6602/1930/1229 6606/1924/1229
o WalkLintel
v 3.000000 9.000000 5.880000
v 3.000000 11.000000 5.880000
v 3.000000 9.000000 6.000000
v 3.000000 11.000000 6.000000
v -3.000000 9.000000 5.880000
v -3.000000 11.000000 5.880000
v -3.000000 9.000000 6.000000
v -3.000000 11.000000 6.000000
vn 1.0000 -0.0000 -0.0000
vn -0.0000 -0.0000 1.0000
vn -1.0000 -0.0000 -0.0000
vn -0.0000 -0.0000 -1.0000
vn -0.0000 -1.0000 -0.0000
vn -0.0000 1.0000 -0.0000
vt 0.625000 0.000000
vt 0.375000 0.250000
vt 0.375000 0.000000
vt 0.625000 0.250000
vt 0.375000 0.500000
vt 0.625000 0.500000
vt 0.375000 0.750000
vt 0.625000 0.750000
vt 0.375000 1.000000
vt 0.125000 0.750000
vt 0.125000 0.500000
vt 0.875000 0.500000
vt 0.625000 1.000000
vt 0.875000 0.750000
s 0
usemtl WalkWall
f 6610/1931/1230 6611/1932/1230 6609/1933/1230
f 6612/1934/1231 6615/1935/1231 6611/1932/1231
f 6616/1936/1232 6613/1937/1232 6615/1935/1232
f 6614/1938/1233 6609/1939/1233 6613/1937/1233
f 6615/1935/1234 6609/1940/1234 6611/1941/1234
f 6612/1942/1235 6614/1938/1235 6616/1936/1235
f 6610/1931/1230 6612/1934/1230 6611/1932/1230
f 6612/1934/1231 6616/1936/1231 6615/1935/1231
f 6616/1936/1232 6614/1938/1232 6613/1937/1232
f 6614/1938/1233 6610/1943/1233 6609/1939/1233
f 6615/1935/1234 6613/1937/1234 6609/1940/1234
f 6612/1942/1235 6610/1944/1235 6614/1938/1235
o WalkPassageLeft
v 3.200000 1.000000 -1.750000
v 3.200000 9.000000 -1.750000
v 3.200000 1.000000 5.880000
v 3.200000 9.000000 5.880000
v 3.160000 1.150000 -1.740000
v 3.000000 9.000000 -1.750000
v 3.000000 1.000000 5.880000
v 3.000000 9.000000 5.880000
v 3.000000 1.150000 -1.740000
v 3.000000 1.000000 -1.740000
v 3.000000 1.150000 -1.750000
v 3.160000 1.150000 -1.750000
v 3.160000 1.000000 -1.750000
v 3.160000 1.000000 -1.740000
vn 1.0000 -0.0000 -0.0000
vn -0.0000 -0.0000 1.0000
vn -1.0000 -0.0000 -0.0000
vn -0.0000 -0.0000 -1.0000
vn -0.0000 -1.0000 -0.0000
vn -0.0000 1.0000 -0.0000
vt 0.625000 0.000000
vt 0.375000 0.250000
vt 0.375000 0.000000
vt 0.625000 0.250000
vt 0.375000 0.500000
vt 0.625000 0.750000
vt 0.379687 0.750000
vt 0.379688 0.749672
vt 0.375000 1.000000
vt 0.375000 0.950000
vt 0.379687 0.950000
vt 0.375000 0.749672
vt 0.175000 0.749672
vt 0.875000 0.500000
vt 0.625000 0.500000
vt 0.592672 0.248837
vt 0.592672 0.250000
vt 0.625000 0.256329
vt 0.592672 0.256329
vt 0.868671 0.500000
vt 0.875000 0.501163
vt 0.625000 1.000000
vt 0.175000 0.750000
vt 0.125000 0.750000
vt 0.125000 0.500000
vt 0.875000 0.750000
vt 0.625000 0.248837
vt 0.868671 0.501163
s 0
usemtl WalkWall
f 6618/1945/1236 6619/1946/1236 6617/1947/1236
f 6620/1948/1237 6623/1949/1237 6619/1946/1237
f 6622/1950/1238 6627/1951/1238 6625/1952/1238
f 6617/1953/1239 6629/1954/1239 6628/1955/1239
f 6623/1949/1240 6626/1956/1240 6630/1957/1240
f 6620/1958/1241 6622/1950/1241 6624/1959/1241
f 6621/1948/1238 6629/1960/1238 6630/1961/1238
f 6625/1962/1239 6630/1961/1239 6626/1963/1239
f 6625/1964/1240 6628/1965/1240 6621/1958/1240
f 6618/1945/1236 6620/1948/1236 6619/1946/1236
f 6620/1948/1237 6624/1959/1237 6623/1949/1237
f 6625/1952/1238 6626/1956/1238 6623/1949/1238
f 6623/1949/1238 6624/1959/1238 6625/1952/1238
f 6624/1959/1238 6622/1950/1238 6625/1952/1238
f 6628/1955/1239 6627/1951/1239 6622/1950/1239
f 6622/1950/1239 6618/1966/1239 6628/1955/1239
f 6618/1966/1239 6617/1953/1239 6628/1955/1239
f 6629/1967/1240 6617/1968/1240 6630/1957/1240
f 6617/1968/1240 6619/1969/1240 6630/1957/1240
f 6619/1969/1240 6623/1949/1240 6630/1957/1240
f 6620/1958/1241 6618/1970/1241 6622/1950/1241
f 6621/1948/1238 6628/1971/1238 6629/1960/1238
f 6625/1962/1239 6621/1948/1239 6630/1961/1239
f 6625/1964/1240 6627/1972/1240 6628/1965/1240
o WalkPassageRight
v -3.000000 9.000000 -1.750000
v -3.000000 1.000000 5.880000
v -3.000000 9.000000 5.880000
v -3.200000 1.000000 -1.750000
v -3.200000 9.000000 -1.750000
v -3.200000 1.000000 5.880000
v -3.200000 9.000000 5.880000
v -3.160000 1.150000 -1.740000
v -3.000000 1.150000 -1.740000
v -3.000000 1.150000 -1.750000
v -3.000000 1.000000 -1.740000
v -3.160000 1.150000 -1.750000
v -3.160000 1.000000 -1.750000
v -3.160000 1.000000 -1.740000
vn 1.0000 -0.0000 -0.0000
vn -0.0000 -0.0000 1.0000
vn -1.0000 -0.0000 -0.0000
vn -0.0000 -0.0000 -1.0000
vn -0.0000 -1.0000 -0.0000
vn -0.0000 1.0000 -0.0000
vt 0.375000 0.250000
vt 0.375000 0.000328
vt 0.379688 0.000328
vt 0.625000 0.250000
vt 0.375000 0.500000
vt 0.625000 0.500000
vt 0.375000 0.750000
vt 0.625000 1.000000
vt 0.379687 1.000000
vt 0.379687 0.800000
vt 0.325000 0.750000
vt 0.325000 0.749672
vt 0.875000 0.500000
vt 0.625000 0.750000
vt 0.592672 0.493671
vt 0.592672 0.500000
vt 0.592672 0.501163
vt 0.625000 0.501163
vt 0.631329 0.500000
vt 0.631329 0.501163
vt 0.379687 0.000000
vt 0.625000 0.000000
vt 0.375000 0.800000
vt 0.125000 0.749672
vt 0.125000 0.500000
vt 0.875000 0.750000
vt 0.625000 0.493671
s 0
usemtl WalkWall
f 6632/1973/1242 6641/1974/1242 6639/1975/1242
f 6633/1976/1243 6636/1977/1243 6632/1973/1243
f 6637/1978/1244 6634/1979/1244 6636/1977/1244
f 6631/1980/1245 6640/1981/1245 6642/1982/1245
f 6634/1979/1246 6643/1983/1246 6644/1984/1246
f 6633/1985/1247 6635/1986/1247 6637/1978/1247
f 6638/1978/1245 6641/1987/1245 6644/1988/1245
f 6638/1978/1242 6643/1989/1242 6642/1990/1242
f 6639/1991/1246 6642/1990/1246 6640/1992/1246
f 6640/1993/1242 6631/1994/1242 6639/1975/1242
f 6631/1994/1242 6633/1976/1242 6639/1975/1242
f 6633/1976/1242 6632/1973/1242 6639/1975/1242
f 6633/1976/1243 6637/1978/1243 6636/1977/1243
f 6637/1978/1244 6635/1986/1244 6634/1979/1244
f 6643/1995/1245 6634/1979/1245 6642/1982/1245
f 6634/1979/1245 6635/1986/1245 6642/1982/1245
f 6635/1986/1245 6631/1980/1245 6642/1982/1245
f 6641/1996/1246 6632/1997/1246 6644/1984/1246
f 6632/1997/1246 6636/1977/1246 6644/1984/1246
f 6636/1977/1246 6634/1979/1246 6644/1984/1246
f 6633/1985/1247 6631/1998/1247 6635/1986/1247
f 6638/1978/1245 6639/1999/1245 6641/1987/1245
f 6638/1978/1242 6644/1988/1242 6643/1989/1242
f 6639/1991/1246 6638/1978/1246 6642/1990/1246
o WalkPassageCeiling
v 3.200000 9.000000 -1.750000
v 3.200000 9.200001 -1.750000
v 3.200000 9.000000 5.880000
v 3.200000 9.200001 5.880000
v -3.200000 9.000000 -1.750000
v -3.200000 9.200001 -1.750000
v -3.200000 9.000000 5.880000
v -3.200000 9.200001 5.880000
vn 1.0000 -0.0000 -0.0000
vn -0.0000 -0.0000 1.0000
vn -1.0000 -0.0000 -0.0000
vn -0.0000 -0.0000 -1.0000
vn -0.0000 -1.0000 -0.0000
vn -0.0000 1.0000 -0.0000
vt 0.625000 0.000000
vt 0.375000 0.250000
vt 0.375000 0.000000
vt 0.625000 0.250000
vt 0.375000 0.500000
vt 0.625000 0.500000
vt 0.375000 0.750000
vt 0.625000 0.750000
vt 0.375000 1.000000
vt 0.125000 0.750000
vt 0.125000 0.500000
vt 0.875000 0.500000
vt 0.625000 1.000000
vt 0.875000 0.750000
s 0
usemtl WalkWall
f 6646/2000/1248 6647/2001/1248 6645/2002/1248
f 6648/2003/1249 6651/2004/1249 6647/2001/1249
f 6652/2005/1250 6649/2006/1250 6651/2004/1250
f 6650/2007/1251 6645/2008/1251 6649/2006/1251
f 6651/2004/1252 6645/2009/1252 6647/2010/1252
f 6648/2011/1253 6650/2007/1253 6652/2005/1253
f 6646/2000/1248 6648/2003/1248 6647/2001/1248
f 6648/2003/1249 6652/2005/1249 6651/2004/1249
f 6652/2005/1250 6650/2007/1250 6649/2006/1250
f 6650/2007/1251 6646/2012/1251 6645/2008/1251
f 6651/2004/1252 6649/2006/1252 6645/2009/1252
f 6648/2011/1253 6646/2013/1253 6650/2007/1253
o WalkPassageFloor
v 3.000000 0.750000 5.860000
v 3.000000 1.000000 5.860000
v -3.000000 0.750000 5.860000
v -3.000000 1.000000 5.860000
v 3.000000 1.000000 -1.740000
v 3.000000 0.750000 -1.740000
v -3.000000 1.000000 -1.740000
v -3.000000 0.750000 -1.740000
vn 1.0000 -0.0000 -0.0000
vn -0.0000 -0.0000 1.0000
vn -1.0000 -0.0000 -0.0000
vn -0.0000 -1.0000 -0.0000
vn -0.0000 1.0000 -0.0000
vn -0.0000 -0.0000 -1.0000
vt 0.625000 0.250000
vt 0.375000 0.000329
vt 0.625000 0.000329
vt 0.375000 0.500000
vt 0.375000 0.250000
vt 0.625000 0.749671
vt 0.375000 0.749671
vt 0.125000 0.749671
vt 0.125000 0.500000
vt 0.625000 0.500000
vt 0.875000 0.749671
vt 0.592672 0.493671
vt 0.538793 0.256329
vt 0.538793 0.493671
vt 0.875000 0.500000
vt 0.592672 0.256329
s 0
usemtl WalkFloor
f 6654/2014/1254 6658/2015/1254 6657/2016/1254
f 6654/2014/1255 6655/2017/1255 6653/2018/1255
f 6655/2017/1256 6659/2019/1256 6660/2020/1256
f 6655/2017/1257 6658/2021/1257 6653/2022/1257
f 6656/2023/1258 6657/2024/1258 6659/2019/1258
f 6659/2025/1259 6658/2026/1259 6660/2027/1259
f 6654/2014/1254 6653/2018/1254 6658/2015/1254
f 6654/2014/1255 6656/2023/1255 6655/2017/1255
f 6655/2017/1256 6656/2023/1256 6659/2019/1256
f 6655/2017/1257 6660/2020/1257 6658/2021/1257
f 6656/2023/1258 6654/2028/1258 6657/2024/1258
f 6659/2025/1259 6657/2029/1259 6658/2026/1259
o WalkApproach0
v 3.120000 -0.020000 -3.790000
v 3.120000 0.333333 -3.790000
v 3.120000 -0.020000 -3.085000
v 3.120000 0.333333 -3.085000
v -3.120000 -0.020000 -3.790000
v -3.120000 0.333333 -3.790000
v -3.120000 -0.020000 -3.085000
v -3.120000 0.333333 -3.085000
vn 1.0000 -0.0000 -0.0000
vn -0.0000 -0.0000 1.0000
vn -1.0000 -0.0000 -0.0000
vn -0.0000 -0.0000 -1.0000
vn -0.0000 -1.0000 -0.0000
vn -0.0000 1.0000 -0.0000
vt 0.625000 0.000000
vt 0.375000 0.250000
vt 0.375000 0.000000
vt 0.625000 0.250000
vt 0.375000 0.500000
vt 0.625000 0.500000
vt 0.375000 0.750000
vt 0.625000 0.750000
vt 0.375000 1.000000
vt 0.125000 0.750000
vt 0.125000 0.500000
vt 0.875000 0.500000
vt 0.625000 1.000000
vt 0.875000 0.750000
s 0
usemtl WalkFloor
f 6662/2030/1260 6663/2031/1260 6661/2032/1260
f 6664/2033/1261 6667/2034/1261 6663/2031/1261
f 6668/2035/1262 6665/2036/1262 6667/2034/1262
f 6666/2037/1263 6661/2038/1263 6665/2036/1263
f 6667/2034/1264 6661/2039/1264 6663/2040/1264
f 6664/2041/1265 6666/2037/1265 6668/2035/1265
f 6662/2030/1260 6664/2033/1260 6663/2031/1260
f 6664/2033/1261 6668/2035/1261 6667/2034/1261
f 6668/2035/1262 6666/2037/1262 6665/2036/1262
f 6666/2037/1263 6662/2042/1263 6661/2038/1263
f 6667/2034/1264 6665/2036/1264 6661/2039/1264
f 6664/2041/1265 6662/2043/1265 6666/2037/1265
o WalkApproach1
v 3.120000 -0.020000 -3.110000
v 3.120000 0.666667 -3.110000
v 3.120000 -0.020000 -2.405000
v 3.120000 0.666667 -2.405000
v -3.120000 -0.020000 -3.110000
v -3.120000 0.666667 -3.110000
v -3.120000 -0.020000 -2.405000
v -3.120000 0.666667 -2.405000
vn 1.0000 -0.0000 -0.0000
vn -0.0000 -0.0000 1.0000
vn -1.0000 -0.0000 -0.0000
vn -0.0000 -0.0000 -1.0000
vn -0.0000 -1.0000 -0.0000
vn -0.0000 1.0000 -0.0000
vt 0.625000 0.000000
vt 0.375000 0.250000
vt 0.375000 0.000000
vt 0.625000 0.250000
vt 0.375000 0.500000
vt 0.625000 0.500000
vt 0.375000 0.750000
vt 0.625000 0.750000
vt 0.375000 1.000000
vt 0.125000 0.750000
vt 0.125000 0.500000
vt 0.875000 0.500000
vt 0.625000 1.000000
vt 0.875000 0.750000
s 0
usemtl WalkFloor
f 6670/2044/1266 6671/2045/1266 6669/2046/1266
f 6672/2047/1267 6675/2048/1267 6671/2045/1267
f 6676/2049/1268 6673/2050/1268 6675/2048/1268
f 6674/2051/1269 6669/2052/1269 6673/2050/1269
f 6675/2048/1270 6669/2053/1270 6671/2054/1270
f 6672/2055/1271 6674/2051/1271 6676/2049/1271
f 6670/2044/1266 6672/2047/1266 6671/2045/1266
f 6672/2047/1267 6676/2049/1267 6675/2048/1267
f 6676/2049/1268 6674/2051/1268 6673/2050/1268
f 6674/2051/1269 6670/2056/1269 6669/2052/1269
f 6675/2048/1270 6673/2050/1270 6669/2053/1270
f 6672/2055/1271 6670/2057/1271 6674/2051/1271
o WalkApproach2
v 3.120000 -0.020000 -2.430000
v 3.120000 1.000000 -2.430000
v 3.120000 -0.020000 -1.725000
v 3.120000 1.000000 -1.725000
v -3.120000 -0.020000 -2.430000
v -3.120000 1.000000 -2.430000
v -3.120000 -0.020000 -1.725000
v -3.120000 1.000000 -1.725000
vn 1.0000 -0.0000 -0.0000
vn -0.0000 -0.0000 1.0000
vn -1.0000 -0.0000 -0.0000
vn -0.0000 -0.0000 -1.0000
vn -0.0000 -1.0000 -0.0000
vn -0.0000 1.0000 -0.0000
vt 0.625000 0.000000
vt 0.375000 0.250000
vt 0.375000 0.000000
vt 0.625000 0.250000
vt 0.375000 0.500000
vt 0.625000 0.500000
vt 0.375000 0.750000
vt 0.625000 0.750000
vt 0.375000 1.000000
vt 0.125000 0.750000
vt 0.125000 0.500000
vt 0.875000 0.500000
vt 0.625000 1.000000
vt 0.875000 0.750000
s 0
usemtl WalkFloor
f 6678/2058/1272 6679/2059/1272 6677/2060/1272
f 6680/2061/1273 6683/2062/1273 6679/2059/1273
f 6684/2063/1274 6681/2064/1274 6683/2062/1274
f 6682/2065/1275 6677/2066/1275 6681/2064/1275
f 6683/2062/1276 6677/2067/1276 6679/2068/1276
f 6680/2069/1277 6682/2065/1277 6684/2063/1277
f 6678/2058/1272 6680/2061/1272 6679/2059/1272
f 6680/2061/1273 6684/2063/1273 6683/2062/1273
f 6684/2063/1274 6682/2065/1274 6681/2064/1274
f 6682/2065/1275 6678/2070/1275 6677/2066/1275
f 6683/2062/1276 6681/2064/1276 6677/2067/1276
f 6680/2069/1277 6678/2071/1277 6682/2065/1277
o HouseDoorLeaf_L
v 2.960000 1.060000 -1.930000
v 2.960000 8.900000 -1.930000
v 2.960000 1.060000 -1.730000
v 2.960000 8.900000 -1.730000
v 0.075000 1.060000 -1.930000
v 0.075000 8.900000 -1.930000
v 0.075000 1.060000 -1.730000
v 0.075000 8.900000 -1.730000
vn 1.0000 -0.0000 -0.0000
vn -0.0000 -0.0000 1.0000
vn -1.0000 -0.0000 -0.0000
vn -0.0000 -0.0000 -1.0000
vn -0.0000 -1.0000 -0.0000
vn -0.0000 1.0000 -0.0000
vt 0.625000 0.000000
vt 0.375000 0.250000
vt 0.375000 0.000000
vt 0.625000 0.250000
vt 0.375000 0.500000
vt 0.625000 0.500000
vt 0.375000 0.750000
vt 0.625000 0.750000
vt 0.375000 1.000000
vt 0.125000 0.750000
vt 0.125000 0.500000
vt 0.875000 0.500000
vt 0.625000 1.000000
vt 0.875000 0.750000
s 0
usemtl WalkDoor
f 6686/2072/1278 6687/2073/1278 6685/2074/1278
f 6688/2075/1279 6691/2076/1279 6687/2073/1279
f 6692/2077/1280 6689/2078/1280 6691/2076/1280
f 6690/2079/1281 6685/2080/1281 6689/2078/1281
f 6691/2076/1282 6685/2081/1282 6687/2082/1282
f 6688/2083/1283 6690/2079/1283 6692/2077/1283
f 6686/2072/1278 6688/2075/1278 6687/2073/1278
f 6688/2075/1279 6692/2077/1279 6691/2076/1279
f 6692/2077/1280 6690/2079/1280 6689/2078/1280
f 6690/2079/1281 6686/2084/1281 6685/2080/1281
f 6691/2076/1282 6689/2078/1282 6685/2081/1282
f 6688/2083/1283 6686/2085/1283 6690/2079/1283
o HouseDoorLeaf_L_Panel
v 2.790000 1.280000 -1.965000
v 2.790000 8.670000 -1.965000
v 2.790000 1.280000 -1.935000
v 2.790000 8.670000 -1.935000
v 0.245000 1.280000 -1.965000
v 0.245000 8.670000 -1.965000
v 0.245000 1.280000 -1.935000
v 0.245000 8.670000 -1.935000
vn 1.0000 -0.0000 -0.0000
vn -0.0000 -0.0000 1.0000
vn -1.0000 -0.0000 -0.0000
vn -0.0000 -0.0000 -1.0000
vn -0.0000 -1.0000 -0.0000
vn -0.0000 1.0000 -0.0000
vt 0.625000 0.000000
vt 0.375000 0.250000
vt 0.375000 0.000000
vt 0.625000 0.250000
vt 0.375000 0.500000
vt 0.625000 0.500000
vt 0.375000 0.750000
vt 0.625000 0.750000
vt 0.375000 1.000000
vt 0.125000 0.750000
vt 0.125000 0.500000
vt 0.875000 0.500000
vt 0.625000 1.000000
vt 0.875000 0.750000
s 0
usemtl WalkTrim
f 6694/2086/1284 6695/2087/1284 6693/2088/1284
f 6696/2089/1285 6699/2090/1285 6695/2087/1285
f 6700/2091/1286 6697/2092/1286 6699/2090/1286
f 6698/2093/1287 6693/2094/1287 6697/2092/1287
f 6699/2090/1288 6693/2095/1288 6695/2096/1288
f 6696/2097/1289 6698/2093/1289 6700/2091/1289
f 6694/2086/1284 6696/2089/1284 6695/2087/1284
f 6696/2089/1285 6700/2091/1285 6699/2090/1285
f 6700/2091/1286 6698/2093/1286 6697/2092/1286
f 6698/2093/1287 6694/2098/1287 6693/2094/1287
f 6699/2090/1288 6697/2092/1288 6693/2095/1288
f 6696/2097/1289 6694/2099/1289 6698/2093/1289
o HouseDoorLeaf_L_Handle
v 0.380000 4.440000 -2.090000
v 0.380000 5.090000 -2.090000
v 0.380000 4.440000 -1.965000
v 0.380000 5.090000 -1.965000
v 0.250000 4.440000 -2.090000
v 0.250000 5.090000 -2.090000
v 0.250000 4.440000 -1.965000
v 0.250000 5.090000 -1.965000
vn 1.0000 -0.0000 -0.0000
vn -0.0000 -0.0000 1.0000
vn -1.0000 -0.0000 -0.0000
vn -0.0000 -0.0000 -1.0000
vn -0.0000 -1.0000 -0.0000
vn -0.0000 1.0000 -0.0000
vt 0.625000 0.000000
vt 0.375000 0.250000
vt 0.375000 0.000000
vt 0.625000 0.250000
vt 0.375000 0.500000
vt 0.625000 0.500000
vt 0.375000 0.750000
vt 0.625000 0.750000
vt 0.375000 1.000000
vt 0.125000 0.750000
vt 0.125000 0.500000
vt 0.875000 0.500000
vt 0.625000 1.000000
vt 0.875000 0.750000
s 0
usemtl WalkTrim
f 6702/2100/1290 6703/2101/1290 6701/2102/1290
f 6704/2103/1291 6707/2104/1291 6703/2101/1291
f 6708/2105/1292 6705/2106/1292 6707/2104/1292
f 6706/2107/1293 6701/2108/1293 6705/2106/1293
f 6707/2104/1294 6701/2109/1294 6703/2110/1294
f 6704/2111/1295 6706/2107/1295 6708/2105/1295
f 6702/2100/1290 6704/2103/1290 6703/2101/1290
f 6704/2103/1291 6708/2105/1291 6707/2104/1291
f 6708/2105/1292 6706/2107/1292 6705/2106/1292
f 6706/2107/1293 6702/2112/1293 6701/2108/1293
f 6707/2104/1294 6705/2106/1294 6701/2109/1294
f 6704/2111/1295 6702/2113/1295 6706/2107/1295
o HouseDoorLeaf_R
v -0.075000 1.060000 -1.930000
v -0.075000 8.900000 -1.930000
v -0.075000 1.060000 -1.730000
v -0.075000 8.900000 -1.730000
v -2.960000 1.060000 -1.930000
v -2.960000 8.900000 -1.930000
v -2.960000 1.060000 -1.730000
v -2.960000 8.900000 -1.730000
vn 1.0000 -0.0000 -0.0000
vn -0.0000 -0.0000 1.0000
vn -1.0000 -0.0000 -0.0000
vn -0.0000 -0.0000 -1.0000
vn -0.0000 -1.0000 -0.0000
vn -0.0000 1.0000 -0.0000
vt 0.625000 0.000000
vt 0.375000 0.250000
vt 0.375000 0.000000
vt 0.625000 0.250000
vt 0.375000 0.500000
vt 0.625000 0.500000
vt 0.375000 0.750000
vt 0.625000 0.750000
vt 0.375000 1.000000
vt 0.125000 0.750000
vt 0.125000 0.500000
vt 0.875000 0.500000
vt 0.625000 1.000000
vt 0.875000 0.750000
s 0
usemtl WalkDoor
f 6710/2114/1296 6711/2115/1296 6709/2116/1296
f 6712/2117/1297 6715/2118/1297 6711/2115/1297
f 6716/2119/1298 6713/2120/1298 6715/2118/1298
f 6714/2121/1299 6709/2122/1299 6713/2120/1299
f 6715/2118/1300 6709/2123/1300 6711/2124/1300
f 6712/2125/1301 6714/2121/1301 6716/2119/1301
f 6710/2114/1296 6712/2117/1296 6711/2115/1296
f 6712/2117/1297 6716/2119/1297 6715/2118/1297
f 6716/2119/1298 6714/2121/1298 6713/2120/1298
f 6714/2121/1299 6710/2126/1299 6709/2122/1299
f 6715/2118/1300 6713/2120/1300 6709/2123/1300
f 6712/2125/1301 6710/2127/1301 6714/2121/1301
o HouseDoorLeaf_R_Panel
v -0.245000 1.280000 -1.965000
v -0.245000 8.670000 -1.965000
v -0.245000 1.280000 -1.935000
v -0.245000 8.670000 -1.935000
v -2.790000 1.280000 -1.965000
v -2.790000 8.670000 -1.965000
v -2.790000 1.280000 -1.935000
v -2.790000 8.670000 -1.935000
vn 1.0000 -0.0000 -0.0000
vn -0.0000 -0.0000 1.0000
vn -1.0000 -0.0000 -0.0000
vn -0.0000 -0.0000 -1.0000
vn -0.0000 -1.0000 -0.0000
vn -0.0000 1.0000 -0.0000
vt 0.625000 0.000000
vt 0.375000 0.250000
vt 0.375000 0.000000
vt 0.625000 0.250000
vt 0.375000 0.500000
vt 0.625000 0.500000
vt 0.375000 0.750000
vt 0.625000 0.750000
vt 0.375000 1.000000
vt 0.125000 0.750000
vt 0.125000 0.500000
vt 0.875000 0.500000
vt 0.625000 1.000000
vt 0.875000 0.750000
s 0
usemtl WalkTrim
f 6718/2128/1302 6719/2129/1302 6717/2130/1302
f 6720/2131/1303 6723/2132/1303 6719/2129/1303
f 6724/2133/1304 6721/2134/1304 6723/2132/1304
f 6722/2135/1305 6717/2136/1305 6721/2134/1305
f 6723/2132/1306 6717/2137/1306 6719/2138/1306
f 6720/2139/1307 6722/2135/1307 6724/2133/1307
f 6718/2128/1302 6720/2131/1302 6719/2129/1302
f 6720/2131/1303 6724/2133/1303 6723/2132/1303
f 6724/2133/1304 6722/2135/1304 6721/2134/1304
f 6722/2135/1305 6718/2140/1305 6717/2136/1305
f 6723/2132/1306 6721/2134/1306 6717/2137/1306
f 6720/2139/1307 6718/2141/1307 6722/2135/1307
o HouseDoorLeaf_R_Handle
v -0.250000 4.440000 -2.090000
v -0.250000 5.090000 -2.090000
v -0.250000 4.440000 -1.965000
v -0.250000 5.090000 -1.965000
v -0.380000 4.440000 -2.090000
v -0.380000 5.090000 -2.090000
v -0.380000 4.440000 -1.965000
v -0.380000 5.090000 -1.965000
vn 1.0000 -0.0000 -0.0000
vn -0.0000 -0.0000 1.0000
vn -1.0000 -0.0000 -0.0000
vn -0.0000 -0.0000 -1.0000
vn -0.0000 -1.0000 -0.0000
vn -0.0000 1.0000 -0.0000
vt 0.625000 0.000000
vt 0.375000 0.250000
vt 0.375000 0.000000
vt 0.625000 0.250000
vt 0.375000 0.500000
vt 0.625000 0.500000
vt 0.375000 0.750000
vt 0.625000 0.750000
vt 0.375000 1.000000
vt 0.125000 0.750000
vt 0.125000 0.500000
vt 0.875000 0.500000
vt 0.625000 1.000000
vt 0.875000 0.750000
s 0
usemtl WalkTrim
f 6726/2142/1308 6727/2143/1308 6725/2144/1308
f 6728/2145/1309 6731/2146/1309 6727/2143/1309
f 6732/2147/1310 6729/2148/1310 6731/2146/1310
f 6730/2149/1311 6725/2150/1311 6729/2148/1311
f 6731/2146/1312 6725/2151/1312 6727/2152/1312
f 6728/2153/1313 6730/2149/1313 6732/2147/1313
f 6726/2142/1308 6728/2145/1308 6727/2143/1308
f 6728/2145/1309 6732/2147/1309 6731/2146/1309
f 6732/2147/1310 6730/2149/1310 6729/2148/1310
f 6730/2149/1311 6726/2154/1311 6725/2150/1311
f 6731/2146/1312 6729/2148/1312 6725/2151/1312
f 6728/2153/1313 6726/2155/1313 6730/2149/1313
o WalkEntryJamb-1
v 3.130000 1.000000 -2.020000
v 3.130000 9.160000 -2.020000
v 3.130000 1.000000 -1.680000
v 3.130000 9.160000 -1.680000
v 2.870000 1.000000 -2.020000
v 2.870000 9.160000 -2.020000
v 2.870000 1.000000 -1.680000
v 2.870000 9.160000 -1.680000
vn 1.0000 -0.0000 -0.0000
vn -0.0000 -0.0000 1.0000
vn -1.0000 -0.0000 -0.0000
vn -0.0000 -0.0000 -1.0000
vn -0.0000 -1.0000 -0.0000
vn -0.0000 1.0000 -0.0000
vt 0.625000 0.000000
vt 0.375000 0.250000
vt 0.375000 0.000000
vt 0.625000 0.250000
vt 0.375000 0.500000
vt 0.625000 0.500000
vt 0.375000 0.750000
vt 0.625000 0.750000
vt 0.375000 1.000000
vt 0.125000 0.750000
vt 0.125000 0.500000
vt 0.875000 0.500000
vt 0.625000 1.000000
vt 0.875000 0.750000
s 0
usemtl WalkTrim
f 6734/2156/1314 6735/2157/1314 6733/2158/1314
f 6736/2159/1315 6739/2160/1315 6735/2157/1315
f 6740/2161/1316 6737/2162/1316 6739/2160/1316
f 6738/2163/1317 6733/2164/1317 6737/2162/1317
f 6739/2160/1318 6733/2165/1318 6735/2166/1318
f 6736/2167/1319 6738/2163/1319 6740/2161/1319
f 6734/2156/1314 6736/2159/1314 6735/2157/1314
f 6736/2159/1315 6740/2161/1315 6739/2160/1315
f 6740/2161/1316 6738/2163/1316 6737/2162/1316
f 6738/2163/1317 6734/2168/1317 6733/2164/1317
f 6739/2160/1318 6737/2162/1318 6733/2165/1318
f 6736/2167/1319 6734/2169/1319 6738/2163/1319
o WalkEntryJamb1
v -2.870000 1.000000 -2.020000
v -2.870000 9.160000 -2.020000
v -2.870000 1.000000 -1.680000
v -2.870000 9.160000 -1.680000
v -3.130000 1.000000 -2.020000
v -3.130000 9.160000 -2.020000
v -3.130000 1.000000 -1.680000
v -3.130000 9.160000 -1.680000
vn 1.0000 -0.0000 -0.0000
vn -0.0000 -0.0000 1.0000
vn -1.0000 -0.0000 -0.0000
vn -0.0000 -0.0000 -1.0000
vn -0.0000 -1.0000 -0.0000
vn -0.0000 1.0000 -0.0000
vt 0.625000 0.000000
vt 0.375000 0.250000
vt 0.375000 0.000000
vt 0.625000 0.250000
vt 0.375000 0.500000
vt 0.625000 0.500000
vt 0.375000 0.750000
vt 0.625000 0.750000
vt 0.375000 1.000000
vt 0.125000 0.750000
vt 0.125000 0.500000
vt 0.875000 0.500000
vt 0.625000 1.000000
vt 0.875000 0.750000
s 0
usemtl WalkTrim
f 6742/2170/1320 6743/2171/1320 6741/2172/1320
f 6744/2173/1321 6747/2174/1321 6743/2171/1321
f 6748/2175/1322 6745/2176/1322 6747/2174/1322
f 6746/2177/1323 6741/2178/1323 6745/2176/1323
f 6747/2174/1324 6741/2179/1324 6743/2180/1324
f 6744/2181/1325 6746/2177/1325 6748/2175/1325
f 6742/2170/1320 6744/2173/1320 6743/2171/1320
f 6744/2173/1321 6748/2175/1321 6747/2174/1321
f 6748/2175/1322 6746/2177/1322 6745/2176/1322
f 6746/2177/1323 6742/2182/1323 6741/2178/1323
f 6747/2174/1324 6745/2176/1324 6741/2179/1324
f 6744/2181/1325 6742/2183/1325 6746/2177/1325
o WalkEntryHeader
v 3.130000 9.000000 -2.020000
v 3.130000 9.250000 -2.020000
v 3.130000 9.000000 -1.680000
v 3.130000 9.250000 -1.680000
v -3.130000 9.000000 -2.020000
v -3.130000 9.250000 -2.020000
v -3.130000 9.000000 -1.680000
v -3.130000 9.250000 -1.680000
vn 1.0000 -0.0000 -0.0000
vn -0.0000 -0.0000 1.0000
vn -1.0000 -0.0000 -0.0000
vn -0.0000 -0.0000 -1.0000
vn -0.0000 -1.0000 -0.0000
vn -0.0000 1.0000 -0.0000
vt 0.625000 0.000000
vt 0.375000 0.250000
vt 0.375000 0.000000
vt 0.625000 0.250000
vt 0.375000 0.500000
vt 0.625000 0.500000
vt 0.375000 0.750000
vt 0.625000 0.750000
vt 0.375000 1.000000
vt 0.125000 0.750000
vt 0.125000 0.500000
vt 0.875000 0.500000
vt 0.625000 1.000000
vt 0.875000 0.750000
s 0
usemtl WalkTrim
f 6750/2184/1326 6751/2185/1326 6749/2186/1326
f 6752/2187/1327 6755/2188/1327 6751/2185/1327
f 6756/2189/1328 6753/2190/1328 6755/2188/1328
f 6754/2191/1329 6749/2192/1329 6753/2190/1329
f 6755/2188/1330 6749/2193/1330 6751/2194/1330
f 6752/2195/1331 6754/2191/1331 6756/2189/1331
f 6750/2184/1326 6752/2187/1326 6751/2185/1326
f 6752/2187/1327 6756/2189/1327 6755/2188/1327
f 6756/2189/1328 6754/2191/1328 6753/2190/1328
f 6754/2191/1329 6750/2196/1329 6749/2192/1329
f 6755/2188/1330 6753/2190/1330 6749/2193/1330
f 6752/2195/1331 6750/2197/1331 6754/2191/1331
o Foundation_01
v 13.772500 0.227500 -2.500000
v 14.000000 0.227500 -2.272500
v 13.772500 0.000000 -2.272500
v 13.772499 0.227500 -2.272499
v -13.772500 0.227500 -2.500000
v -13.772500 0.000000 -2.272500
v -14.000000 0.227500 -2.272500
v -13.772499 0.227500 -2.272499
v -13.772500 0.227500 25.500000
v -14.000000 0.227500 25.272499
v -13.772500 0.000000 25.272499
v -13.772499 0.227500 25.272499
v 14.000000 0.227500 25.272499
v 13.772500 0.227500 25.500000
v 13.772500 0.000000 25.272499
v 13.772499 0.227500 25.272499
v 14.000000 0.422500 -2.272500
v 13.772500 0.422500 -2.500000
v 13.772500 0.650000 -2.272500
v 13.772499 0.422500 -2.272499
v -13.772500 0.422500 -2.500000
v -14.000000 0.422500 -2.272500
v -13.772500 0.650000 -2.272500
v -13.772499 0.422500 -2.272499
v -14.000000 0.422500 25.272499
v -13.772500 0.422500 25.500000
v -13.772500 0.650000 25.272499
v -13.772499 0.422500 25.272499
v 14.000000 0.422500 25.272499
v 13.772500 0.650000 25.272499
v 13.772500 0.422500 25.500000
v 13.772499 0.422500 25.272499
v -3.160000 0.087651 -2.272500
v -3.160000 0.000000 -2.272500
v 3.160000 0.000000 -2.272500
v 3.160000 0.139849 -2.272499
v 3.160000 0.227500 -2.412349
v -3.160000 0.227500 -2.272499
v -3.160000 0.227500 -2.360150
v 3.160000 0.227500 -2.272499
v -3.160000 0.422500 -2.412349
v -3.160000 0.422500 -2.500000
v 3.160000 0.422500 -2.500000
v 3.160000 0.422500 -2.360150
v -3.160000 0.510151 -2.272499
v -3.160000 0.422500 -2.272499
v 3.160000 0.422500 -2.272499
v 3.160000 0.562349 -2.272500
v -3.160000 0.302629 -2.500000
v -3.160000 0.227500 -2.500000
v 3.160000 0.227500 -2.500000
v 3.160000 0.347371 -2.500000
v 3.160000 0.000000 -1.740001
v -3.160000 0.000000 -1.740001
v 3.160000 0.650000 -2.272500
v 3.160000 0.650000 -1.740001
v -3.160000 0.650000 -1.740001
v -3.160000 0.650000 -2.272500
vn -0.0000 -0.0000 -1.0000
vn -0.0000 -1.0000 -0.0000
vn 1.0000 -0.0000 -0.0000
vn -0.0000 -0.0000 1.0000
vn -1.0000 -0.0000 -0.0000
vn -0.0000 1.0000 -0.0000
vt 0.000000 0.000000
vt 0.517241 0.250000
vt 0.468211 0.188082
vt 0.426185 0.188082
vt 0.377155 0.250000
vt 0.517241 0.500000
vt 0.377155 0.500000
vt 0.426185 0.561918
vt 0.468211 0.561918
vt 0.452020 0.161628
vt 0.426185 0.161628
vt 0.426185 0.171820
vt 0.468211 0.177890
vt 0.468211 0.161628
vt 0.517241 0.188081
vt 0.498351 0.188081
vt 0.377155 0.188081
vt 0.407295 0.188082
vt 0.442377 0.588372
vt 0.468211 0.588372
vt 0.468211 0.578180
vt 0.426185 0.572110
vt 0.426185 0.588372
vt 0.377155 0.561919
vt 0.396045 0.561918
vt 0.517241 0.561919
vt 0.487102 0.561918
s 0
usemtl Grass
f 6762/2198/1332 6789/2198/1332 6790/2198/1332
f 6759/2198/1332 6792/2198/1332 6760/2198/1332
f 6760/2198/1333 6793/2198/1333 6757/2198/1333
f 6764/2198/1333 6795/2198/1333 6794/2198/1333
f 6769/2198/1333 6760/2198/1333 6758/2198/1333
f 6772/2198/1334 6759/2198/1334 6760/2198/1334
f 6771/2198/1335 6768/2198/1335 6767/2198/1335
f 6772/2198/1333 6765/2198/1333 6768/2198/1333
f 6767/2198/1336 6764/2198/1336 6762/2198/1336
f 6768/2198/1333 6763/2198/1333 6764/2198/1333
f 6786/2198/1334 6776/2198/1334 6775/2198/1334
f 6788/2198/1337 6773/2198/1337 6776/2198/1337
f 6777/2198/1337 6797/2198/1337 6798/2198/1337
f 6774/2198/1337 6800/2198/1337 6776/2198/1337
f 6780/2198/1332 6801/2198/1332 6802/2198/1332
f 6776/2198/1332 6804/2198/1332 6775/2198/1332
f 6781/2198/1337 6780/2198/1337 6778/2198/1337
f 6784/2198/1336 6779/2198/1336 6780/2198/1336
f 6787/2198/1337 6784/2198/1337 6782/2198/1337
f 6788/2198/1335 6783/2198/1335 6784/2198/1335
f 6774/2198/1334 6760/2198/1334 6757/2198/1334
f 6776/2198/1332 6758/2198/1332 6760/2198/1332
f 6778/2198/1332 6764/2198/1332 6763/2198/1332
f 6764/2198/1336 6777/2198/1336 6761/2198/1336
f 6782/2198/1336 6768/2198/1336 6765/2198/1336
f 6784/2198/1335 6766/2198/1335 6768/2198/1335
f 6769/2198/1335 6788/2198/1335 6772/2198/1335
f 6788/2198/1334 6770/2198/1334 6772/2198/1334
f 6761/2198/1332 6805/2198/1332 6806/2198/1332
f 6757/2198/1332 6808/2198/1332 6774/2198/1332
f 6771/2198/1333 6810/2198/1333 6809/2198/1333
f 6758/2198/1334 6785/2198/1334 6769/2198/1334
f 6766/2198/1336 6778/2198/1336 6763/2198/1336
f 6770/2198/1335 6782/2198/1335 6765/2198/1335
f 6779/2198/1337 6786/2198/1337 6813/2198/1337
f 6760/2198/1332 6792/2198/1332 6796/2198/1332
f 6764/2198/1332 6789/2198/1332 6762/2198/1332
f 6757/2198/1333 6793/2198/1333 6807/2198/1333
f 6761/2198/1333 6795/2198/1333 6764/2198/1333
f 6769/2198/1333 6772/2198/1333 6760/2198/1333
f 6772/2198/1334 6771/2198/1334 6759/2198/1334
f 6771/2198/1335 6772/2198/1335 6768/2198/1335
f 6772/2198/1333 6770/2198/1333 6765/2198/1333
f 6767/2198/1336 6768/2198/1336 6764/2198/1336
f 6768/2198/1333 6766/2198/1333 6763/2198/1333
f 6786/2198/1334 6788/2198/1334 6776/2198/1334
f 6788/2198/1337 6785/2198/1337 6773/2198/1337
f 6776/2198/1337 6800/2198/1337 6803/2198/1337
f 6780/2198/1337 6797/2198/1337 6777/2198/1337
f 6775/2198/1332 6804/2198/1332 6811/2198/1332
f 6779/2198/1332 6801/2198/1332 6780/2198/1332
f 6781/2198/1337 6784/2198/1337 6780/2198/1337
f 6784/2198/1336 6783/2198/1336 6779/2198/1336
f 6787/2198/1337 6788/2198/1337 6784/2198/1337
f 6788/2198/1335 6786/2198/1335 6783/2198/1335
f 6774/2198/1334 6776/2198/1334 6760/2198/1334
f 6776/2198/1332 6773/2198/1332 6758/2198/1332
f 6778/2198/1332 6780/2198/1332 6764/2198/1332
f 6764/2198/1336 6780/2198/1336 6777/2198/1336
f 6782/2198/1336 6784/2198/1336 6768/2198/1336
f 6784/2198/1335 6781/2198/1335 6766/2198/1335
f 6769/2198/1335 6785/2198/1335 6788/2198/1335
f 6788/2198/1334 6787/2198/1334 6770/2198/1334
f 6774/2198/1332 6808/2198/1332 6799/2198/1332
f 6777/2198/1332 6805/2198/1332 6761/2198/1332
f 6771/2198/1333 6767/2198/1333 6762/2198/1333
f 6758/2198/1334 6773/2198/1334 6785/2198/1334
f 6766/2198/1336 6781/2198/1336 6778/2198/1336
f 6770/2198/1335 6787/2198/1335 6782/2198/1335
f 6786/2198/1337 6779/2198/1337 6783/2198/1337
f 6812/2199/1336 6803/2200/1336 6796/2201/1336
f 6809/2202/1332 6813/2203/1332 6812/2199/1332
f 6810/2204/1334 6794/2205/1334 6802/2206/1334
f 6759/2198/1332 6791/2198/1332 6792/2198/1332
f 6760/2198/1333 6796/2198/1333 6793/2198/1333
f 6774/2198/1337 6799/2198/1337 6800/2198/1337
f 6776/2198/1332 6803/2198/1332 6804/2198/1332
f 6757/2198/1332 6807/2198/1332 6808/2198/1332
f 6809/2198/1333 6791/2198/1333 6759/2198/1333
f 6762/2198/1333 6790/2198/1333 6810/2198/1333
f 6809/2198/1333 6759/2198/1333 6771/2198/1333
f 6771/2198/1333 6762/2198/1333 6810/2198/1333
f 6786/2198/1337 6775/2198/1337 6812/2198/1337
f 6775/2198/1337 6811/2198/1337 6812/2198/1337
f 6813/2198/1337 6814/2198/1337 6779/2198/1337
f 6786/2198/1337 6812/2198/1337 6813/2198/1337
f 6764/2198/1332 6794/2198/1332 6789/2198/1332
f 6761/2198/1333 6806/2198/1333 6795/2198/1333
f 6780/2198/1337 6802/2198/1337 6797/2198/1337
f 6779/2198/1332 6814/2198/1332 6801/2198/1332
f 6777/2198/1332 6798/2198/1332 6805/2198/1332
f 6808/2207/1336 6807/2208/1336 6793/2209/1336
f 6808/2207/1336 6793/2209/1336 6800/2210/1336
f 6793/2209/1336 6796/2201/1336 6800/2210/1336
f 6800/2210/1336 6799/2211/1336 6808/2207/1336
f 6811/2212/1336 6804/2213/1336 6812/2199/1336
f 6804/2213/1336 6803/2200/1336 6812/2199/1336
f 6803/2200/1336 6800/2210/1336 6796/2201/1336
f 6791/2214/1336 6809/2202/1336 6792/2215/1336
f 6809/2202/1336 6812/2199/1336 6796/2201/1336
f 6792/2215/1336 6809/2202/1336 6796/2201/1336
f 6809/2202/1332 6810/2204/1332 6813/2203/1332
f 6805/2216/1334 6798/2217/1334 6797/2218/1334
f 6805/2216/1334 6797/2218/1334 6795/2219/1334
f 6797/2218/1334 6802/2206/1334 6795/2219/1334
f 6795/2219/1334 6806/2220/1334 6805/2216/1334
f 6790/2221/1334 6789/2222/1334 6810/2204/1334
f 6789/2222/1334 6794/2205/1334 6810/2204/1334
f 6794/2205/1334 6795/2219/1334 6802/2206/1334
f 6814/2223/1334 6813/2203/1334 6801/2224/1334
f 6813/2203/1334 6810/2204/1334 6802/2206/1334
f 6801/2224/1334 6813/2203/1334 6802/2206/1334
o EntrancePod_01
v 3.550000 0.650000 -1.450000
v -3.550000 0.650000 -1.450000
v -3.550000 5.600000 -1.450000
v -3.429037 6.518807 -1.450000
v -3.074390 7.375000 -1.450000
v 3.074390 7.375000 -1.450000
v 3.429037 6.518807 -1.450000
v 3.550000 5.600000 -1.450000
v 3.550000 0.650000 4.750000
v -3.550000 0.650000 4.750000
v -3.550000 5.600000 4.750000
v -3.429037 6.518807 4.750000
v -3.074390 7.375000 4.750000
v 3.074390 7.375000 4.750000
v 3.429037 6.518807 4.750000
v 3.550000 5.600000 4.750000
v 3.045000 7.375000 -1.450000
v 3.045000 7.391968 -1.450000
v -3.045000 7.391968 -1.450000
v -3.045000 7.375000 -1.450000
v 3.045000 5.600000 4.750000
v 3.045000 6.474685 4.750000
v -3.045000 5.891562 4.750000
v -3.045000 5.600000 4.750000
v -3.045000 7.413302 4.427010
v -3.045000 7.413302 -1.450000
v 3.045000 7.413302 -1.127010
v 3.045000 7.413302 -1.450000
v 3.045000 5.600000 -1.450000
v -3.045000 5.666484 -1.450000
v -3.045000 5.600000 -1.450000
v 3.045000 6.468248 -1.450000
v 3.045000 1.002077 -1.450000
v -3.045000 5.247922 -1.450000
v 3.045000 0.680000 -1.450000
v -3.045000 0.680000 -1.450000
v -3.045000 7.404390 -1.450000
v 3.045000 7.404390 -1.450000
v -3.045000 5.735314 -1.450000
v 3.045000 7.367125 -1.450000
v 3.045000 0.680000 4.750000
v 3.045000 5.247922 4.750000
v -3.045000 0.680000 4.750000
v -3.045000 1.002077 4.750000
v 3.045000 7.019294 4.750000
v 3.045000 7.404390 4.750000
v 3.045000 7.413302 4.750000
v -3.045000 7.413302 4.750000
v -3.045000 7.404390 4.750000
v -3.045000 7.382875 4.750000
vn -0.0000 -0.0000 -1.0000
vn -0.0000 -0.0000 1.0000
vn -0.0000 -1.0000 -0.0000
vn -1.0000 -0.0000 -0.0000
vn -0.9914 0.1305 -0.0000
vn -0.9239 0.3827 -0.0000
vn -0.7934 0.6088 -0.0000
vn 0.7934 0.6088 -0.0000
vn 0.9239 0.3827 -0.0000
vn 0.9914 0.1305 -0.0000
vn 1.0000 -0.0000 -0.0000
vn -0.0000 1.0000 -0.0000
vt 0.000000 0.000000
vt 0.571390 0.031088
vt 0.571027 0.031088
vt 0.571650 0.039456
vt 0.518692 0.718912
vt 0.518692 0.558290
vt 0.508409 0.718912
vt 0.125000 0.718912
vt 0.375000 0.558290
vt 0.125000 0.558290
vt 0.384407 0.031088
vt 0.375000 0.031088
vt 0.375000 0.191710
vt 0.508409 0.191710
vt 0.518692 0.031088
vt 0.518692 0.191710
vt 0.544049 0.031088
vt 0.544237 0.191710
vt 0.570302 0.031088
vt 0.560143 0.191710
vt 0.570532 0.031088
vt 0.571390 0.191710
vt 0.571650 0.191710
vt 0.571650 0.031088
vt 0.571650 0.566658
vt 0.571650 0.558290
vt 0.571390 0.558290
vt 0.570762 0.558290
vt 0.571390 0.718912
vt 0.571650 0.718912
vt 0.571027 0.718912
vt 0.527207 0.558290
vt 0.522644 0.718912
vt 0.570532 0.718912
vt 0.384406 0.558290
vt 0.520633 0.718912
vt 0.375000 0.718912
s 0
usemtl WaxLight
f 6820/2225/1338 6831/2225/1338 6832/2225/1338
f 6819/2225/1338 6833/2225/1338 6834/2225/1338
f 6830/2225/1339 6836/2225/1339 6835/2225/1339
f 6825/2225/1339 6838/2225/1339 6837/2225/1339
f 6823/2225/1340 6816/2225/1340 6815/2225/1340
f 6824/2225/1341 6817/2225/1341 6816/2225/1341
f 6825/2225/1342 6818/2225/1342 6817/2225/1342
f 6826/2225/1343 6819/2225/1343 6818/2225/1343
f 6819/2225/1344 6839/2225/1344 6840/2225/1344
f 6842/2225/1345 6841/2225/1345 6820/2225/1345
f 6828/2225/1346 6821/2225/1346 6820/2225/1346
f 6829/2225/1347 6822/2225/1347 6821/2225/1347
f 6830/2225/1348 6815/2225/1348 6822/2225/1348
f 6817/2225/1338 6844/2225/1338 6845/2225/1338
f 6821/2225/1338 6843/2225/1338 6846/2225/1338
f 6817/2225/1338 6845/2225/1338 6848/2225/1338
f 6822/2225/1338 6847/2225/1338 6843/2225/1338
f 6815/2225/1338 6816/2225/1338 6849/2225/1338
f 6817/2225/1338 6818/2225/1338 6819/2225/1338
f 6840/2225/1338 6851/2225/1338 6819/2225/1338
f 6820/2225/1338 6852/2225/1338 6842/2225/1338
f 6817/2225/1338 6853/2225/1338 6844/2225/1338
f 6820/2225/1338 6846/2225/1338 6854/2225/1338
f 6820/2225/1338 6854/2225/1338 6831/2225/1338
f 6819/2225/1338 6853/2225/1338 6817/2225/1338
f 6851/2225/1338 6833/2225/1338 6819/2225/1338
f 6820/2225/1338 6832/2225/1338 6852/2225/1338
f 6824/2225/1339 6823/2225/1339 6857/2225/1339
f 6829/2225/1339 6836/2225/1339 6830/2225/1339
f 6828/2225/1339 6859/2225/1339 6829/2225/1339
f 6828/2225/1339 6861/2225/1339 6860/2225/1339
f 6862/2225/1339 6827/2225/1339 6863/2225/1339
f 6827/2225/1339 6826/2225/1339 6825/2225/1339
f 6830/2225/1339 6835/2225/1339 6856/2225/1339
f 6825/2225/1339 6858/2225/1339 6838/2225/1339
f 6863/2225/1339 6827/2225/1339 6864/2225/1339
f 6827/2225/1339 6837/2225/1339 6864/2225/1339
f 6823/2225/1340 6824/2225/1340 6816/2225/1340
f 6824/2225/1341 6825/2225/1341 6817/2225/1341
f 6825/2225/1342 6826/2225/1342 6818/2225/1342
f 6826/2225/1343 6827/2225/1343 6819/2225/1343
f 6827/2225/1344 6862/2225/1344 6839/2225/1344
f 6828/2225/1345 6841/2225/1345 6861/2225/1345
f 6828/2225/1346 6829/2225/1346 6821/2225/1346
f 6829/2225/1347 6830/2225/1347 6822/2225/1347
f 6830/2225/1348 6823/2225/1348 6815/2225/1348
f 6852/2226/1341 6832/2227/1341 6841/2228/1341
f 6845/2229/1348 6838/2230/1348 6848/2231/1348
f 6849/2232/1349 6857/2233/1349 6855/2234/1349
f 6819/2225/1344 6827/2225/1344 6839/2225/1344
f 6821/2225/1338 6822/2225/1338 6843/2225/1338
f 6822/2225/1338 6815/2225/1338 6847/2225/1338
f 6816/2225/1338 6817/2225/1338 6848/2225/1338
f 6816/2225/1338 6848/2225/1338 6850/2225/1338
f 6849/2225/1338 6847/2225/1338 6815/2225/1338
f 6816/2225/1338 6850/2225/1338 6849/2225/1338
f 6820/2225/1338 6821/2225/1338 6846/2225/1338
f 6819/2225/1338 6834/2225/1338 6853/2225/1338
f 6823/2225/1339 6830/2225/1339 6856/2225/1339
f 6823/2225/1339 6856/2225/1339 6855/2225/1339
f 6857/2225/1339 6858/2225/1339 6824/2225/1339
f 6823/2225/1339 6855/2225/1339 6857/2225/1339
f 6829/2225/1339 6859/2225/1339 6836/2225/1339
f 6828/2225/1339 6860/2225/1339 6859/2225/1339
f 6825/2225/1339 6824/2225/1339 6858/2225/1339
f 6827/2225/1339 6825/2225/1339 6837/2225/1339
f 6828/2225/1345 6820/2225/1345 6841/2225/1345
f 6847/2235/1341 6849/2236/1341 6855/2237/1341
f 6847/2235/1341 6855/2237/1341 6856/2238/1341
f 6843/2239/1341 6847/2235/1341 6856/2238/1341
f 6843/2239/1341 6856/2238/1341 6835/2240/1341
f 6846/2241/1341 6843/2239/1341 6841/2228/1341
f 6843/2239/1341 6835/2240/1341 6841/2228/1341
f 6835/2240/1341 6836/2242/1341 6841/2228/1341
f 6854/2243/1341 6846/2241/1341 6841/2228/1341
f 6836/2242/1341 6859/2244/1341 6841/2228/1341
f 6831/2245/1341 6854/2243/1341 6841/2228/1341
f 6860/2246/1341 6861/2247/1341 6841/2228/1341
f 6859/2244/1341 6860/2246/1341 6841/2228/1341
f 6832/2227/1341 6831/2245/1341 6841/2228/1341
f 6841/2228/1341 6842/2248/1341 6852/2226/1341
f 6839/2249/1348 6862/2250/1348 6863/2251/1348
f 6839/2249/1348 6863/2251/1348 6864/2252/1348
f 6851/2253/1348 6840/2254/1348 6839/2249/1348
f 6833/2255/1348 6851/2253/1348 6839/2249/1348
f 6839/2249/1348 6864/2252/1348 6837/2256/1348
f 6839/2249/1348 6837/2256/1348 6853/2257/1348
f 6837/2256/1348 6838/2230/1348 6853/2257/1348
f 6834/2258/1348 6833/2255/1348 6839/2249/1348
f 6853/2257/1348 6834/2258/1348 6839/2249/1348
f 6838/2230/1348 6858/2259/1348 6848/2231/1348
f 6853/2257/1348 6838/2230/1348 6844/2260/1348
f 6858/2259/1348 6857/2233/1348 6850/2261/1348
f 6858/2259/1348 6850/2261/1348 6848/2231/1348
f 6844/2260/1348 6838/2230/1348 6845/2229/1348
f 6849/2232/1349 6850/2261/1349 6857/2233/1349
o Approach
v 3.160000 0.040000 -4.630000
v 3.200000 0.040000 -4.590000
v 3.160000 0.000000 -4.590000
v 3.160000 0.040000 -4.590000
v -3.160000 0.040000 -4.630000
v -3.160000 0.000000 -4.590000
v -3.200000 0.040000 -4.590000
v -3.160000 0.040000 -4.590000
v -3.160000 0.040000 -3.770000
v -3.200000 0.040000 -3.810000
v -3.160000 0.000000 -3.810000
v -3.160000 0.040000 -3.810000
v 3.200000 0.040000 -3.810000
v 3.160000 0.040000 -3.770000
v 3.160000 0.000000 -3.810000
v 3.160000 0.040000 -3.810000
v 3.200000 0.190000 -4.590000
v 3.160000 0.190000 -4.630000
v 3.160000 0.230000 -4.590000
v 3.160000 0.190000 -4.590000
v -3.160000 0.190000 -4.630000
v -3.200000 0.190000 -4.590000
v -3.160000 0.230000 -4.590000
v -3.160000 0.190000 -4.590000
v -3.200000 0.190000 -3.810000
v -3.160000 0.190000 -3.770000
v -3.160000 0.230000 -3.810000
v -3.160000 0.190000 -3.810000
v 3.200000 0.190000 -3.810000
v 3.160000 0.230000 -3.810000
v 3.160000 0.190000 -3.770000
v 3.160000 0.190000 -3.810000
v -3.160000 0.040000 -3.810000
v 3.160000 0.040000 -3.810000
v 3.160000 0.040000 -3.810000
v -3.160000 0.040000 -3.810000
v -3.160000 0.000000 -3.890000
v 3.160000 0.230000 -3.890000
v -3.160000 0.190000 -3.810000
v 3.160000 0.190000 -3.810000
v 3.160000 0.190000 -3.810000
v -3.160000 0.190000 -3.810000
v 2.511792 0.000000 -3.890000
v 3.160000 0.000000 -3.890000
v 2.511792 0.230000 -3.890000
v -3.160000 0.230000 -3.890000
v 3.160000 0.040000 -3.830000
v 3.160000 0.040000 -3.790000
v -3.160000 0.040000 -3.830000
v 3.160000 0.420000 -3.830000
v -3.160000 0.040000 -3.790000
v -3.160000 0.000000 -3.790000
v -3.160000 0.040000 -3.010000
v -3.200000 0.040000 -3.790000
v -3.160000 0.420000 -3.790000
v -3.160000 0.000000 -3.010000
v -3.200000 0.420000 -3.790000
v -3.200000 0.420000 -3.010000
v -3.200000 0.040000 -3.010000
v -3.160000 0.420000 -3.010000
v -3.160000 0.460000 -3.010000
v -3.160000 0.420000 -2.970000
v 3.160000 0.420000 -3.010000
v -3.160000 0.460000 -3.790000
v 3.160000 0.420000 -2.970000
v 3.160000 0.040000 -2.970000
v 3.160000 0.040000 -3.010000
v -3.160000 0.040000 -2.970000
v 3.200000 0.040000 -3.010000
v 3.160000 0.000000 -3.010000
v 3.160000 0.000000 -3.790000
v 3.200000 0.420000 -3.010000
v 3.200000 0.420000 -3.790000
v 3.200000 0.040000 -3.790000
v 3.160000 0.420000 -3.790000
v 3.160000 0.460000 -3.790000
v 3.160000 0.460000 -3.010000
v -3.160000 0.420000 -3.830000
v -3.160000 0.040000 -3.790000
v -3.160000 0.040000 -3.790000
v 3.160000 0.040000 -3.790000
v 3.160000 0.040000 -3.790000
v 3.160000 0.420000 -3.010000
v 3.160000 0.420000 -3.010000
v -3.160000 0.420000 -3.010000
v -3.160000 0.420000 -3.010000
v 3.160000 0.040000 -3.010000
v 3.160000 0.040000 -3.010000
v -3.160000 0.040000 -3.010000
v -3.160000 0.040000 -3.010000
v 3.160000 0.420000 -3.790000
v -3.160000 0.420000 -3.790000
v -3.160000 0.420000 -3.790000
v 3.160000 0.420000 -3.790000
v 3.160000 0.040000 -3.030000
v 3.160000 0.040000 -2.990000
v -3.160000 0.040000 -3.030000
v 3.160000 0.650000 -3.030000
v -3.160000 0.040000 -2.990000
v -3.160000 -0.000000 -2.990000
v -3.160000 0.040000 -2.210000
v -3.200000 0.040000 -2.990000
v -3.160000 0.650000 -2.990000
v -3.160000 -0.000000 -2.210000
v -3.200000 0.650000 -2.990000
v -3.200000 0.650000 -2.210000
v -3.200000 0.040000 -2.210000
v -3.160000 0.650000 -2.210000
v -3.160000 0.690000 -2.210000
v -3.160000 0.650000 -2.170000
v 3.160000 0.650000 -2.210000
v -3.160000 0.690000 -2.990000
v 3.160000 0.650000 -2.170000
v 3.160000 0.040000 -2.170000
v 3.160000 0.040000 -2.210000
v -3.160000 0.040000 -2.170000
v 3.200000 0.040000 -2.210000
v 3.160000 -0.000000 -2.210000
v 3.160000 -0.000000 -2.990000
v 3.200000 0.650000 -2.210000
v 3.200000 0.650000 -2.990000
v 3.200000 0.040000 -2.990000
v 3.160000 0.650000 -2.990000
v 3.160000 0.690000 -2.990000
v 3.160000 0.690000 -2.210000
v -3.160000 0.650000 -3.030000
v 3.160000 0.040000 -2.990000
v -3.160000 0.040000 -2.990000
v -3.160000 0.040000 -2.990000
v 3.160000 0.040000 -2.990000
v 3.160000 0.650000 -2.210000
v 3.160000 0.650000 -2.210000
v -3.160000 0.650000 -2.210000
v -3.160000 0.650000 -2.210000
v 3.160000 0.040000 -2.210000
v 3.160000 0.040000 -2.210000
v -3.160000 0.040000 -2.210000
v -3.160000 0.040000 -2.210000
v 3.160000 0.650000 -2.990000
v -3.160000 0.650000 -2.990000
v -3.160000 0.650000 -2.990000
v 3.160000 0.650000 -2.990000
v 3.160000 0.040000 -2.230000
v 3.160000 0.040000 -2.190000
v -3.160000 0.040000 -2.230000
v 3.160000 0.880000 -2.230000
v -3.160000 0.040000 -2.190000
v -3.160000 -0.000000 -2.190000
v -3.160000 0.040000 -1.410000
v -3.200000 0.040000 -2.190000
v -3.160000 0.880000 -2.190000
v -3.160000 -0.000000 -1.410000
v -3.200000 0.880000 -2.190000
v -3.160000 0.880000 -2.230000
v 3.160000 0.880000 -2.190000
v 3.160000 0.920000 -2.190000
v 3.160000 0.880000 -1.410000
v 3.200000 0.880000 -2.190000
v 3.160000 0.920000 -1.410000
v 3.200000 0.040000 -2.190000
v 3.200000 0.040000 -1.410000
v 3.200000 0.880000 -1.410000
v 3.160000 0.040000 -1.410000
v 3.160000 -0.000000 -1.410000
v 3.160000 0.040000 -1.370000
v 3.160000 -0.000000 -2.190000
v -3.160000 0.040000 -1.370000
v -3.160000 0.880000 -1.370000
v -3.160000 0.880000 -1.410000
v 3.160000 0.880000 -1.370000
v -3.200000 0.880000 -1.410000
v -3.160000 0.920000 -1.410000
v -3.160000 0.920000 -2.190000
v -3.200000 0.040000 -1.410000
v -3.045000 0.680000 -1.370000
v -3.045000 0.864715 -1.370000
v -1.655239 0.680000 -1.370000
v 3.045000 0.880000 -1.370728
v 3.045000 0.880000 -1.370000
v -3.045000 0.880000 -1.409272
v -3.045000 0.880000 -1.370000
v 3.045000 0.680000 -1.370000
v -3.045000 0.880000 -1.410000
v 3.045000 0.880000 -1.410000
v 3.045000 0.880728 -1.410000
v -3.045000 0.919272 -1.410000
v 3.045000 0.920000 -1.424193
v 3.045000 0.920000 -1.410000
v -3.045000 0.920000 -1.410000
v 3.160000 0.040000 -2.190000
v -3.160000 0.040000 -2.190000
v -3.160000 0.040000 -2.190000
v 3.160000 0.040000 -2.190000
v -3.160000 -0.000000 -1.740000
v 3.160000 0.880000 -2.190000
v 3.160000 0.880000 -2.190000
v -3.160000 0.880000 -2.190000
v -3.160000 0.880000 -2.190000
v 3.160000 0.920000 -1.740000
v 3.160000 -0.000000 -1.740000
v -3.160000 0.920000 -1.740000
v 3.045000 0.920000 -1.740000
v -3.045000 0.920000 -1.740000
v 0.486153 -0.000000 -1.740000
v 3.045000 0.680000 -1.740000
v -3.045000 0.680000 -1.740000
vn -0.0000 -0.0000 -1.0000
vn -0.0000 -1.0000 -0.0000
vn 1.0000 -0.0000 -0.0000
vn -0.0000 -0.0000 1.0000
vn -0.0000 1.0000 -0.0000
vn -1.0000 -0.0000 -0.0000
vt 0.000000 0.000000
vt 0.385776 0.009302
vt 0.418103 0.009302
vt 0.426724 0.000000
vt 0.418103 0.740698
vt 0.385776 0.740698
vt 0.377155 0.750000
vt 0.377155 0.974359
vt 0.426724 1.000000
vt 0.426724 0.974359
vt 0.467672 0.102326
vt 0.467672 0.011628
vt 0.385776 0.011628
vt 0.476293 0.647674
vt 0.467672 0.647674
vt 0.525862 0.104651
vt 0.517241 0.104651
vt 0.385776 0.550000
vt 0.385776 0.554651
vt 0.380841 0.032124
vt 0.380862 0.032124
vt 0.382009 0.031757
vt 0.380841 0.716839
vt 0.380395 0.716839
vt 0.380841 0.717857
vt 0.317949 0.716839
vt 0.125000 0.716839
vt 0.125000 0.726425
vt 0.385776 0.197674
vt 0.377155 0.197674
vt 0.377155 0.250000
vt 0.377155 0.355769
vt 0.523707 0.254549
vt 0.566810 0.556977
vt 0.566810 0.552326
vt 0.385776 0.013954
vt 0.418103 0.013954
vt 0.377155 0.000000
vt 0.377155 0.009302
vt 0.426724 0.009302
vt 0.418103 0.736046
vt 0.385776 0.736046
vt 0.426724 0.750000
vt 0.426724 0.740698
vt 0.377155 0.740698
vt 0.377155 1.000000
vt 0.385776 0.102326
vt 0.385776 0.106977
vt 0.467672 0.106977
vt 0.377155 0.011628
vt 0.377155 0.102326
vt 0.385776 0.006977
vt 0.467672 0.006977
vt 0.476293 0.102326
vt 0.476293 0.011628
vt 0.385776 0.643023
vt 0.385776 0.647674
vt 0.377155 0.647674
vt 0.377155 0.738372
vt 0.467672 0.643023
vt 0.385776 0.738372
vt 0.385776 0.743023
vt 0.467672 0.738372
vt 0.476293 0.738372
vt 0.467672 0.743023
vt 0.385776 0.104651
vt 0.377155 0.104651
vt 0.377155 0.195349
vt 0.517241 0.100000
vt 0.385776 0.100000
vt 0.385776 0.195349
vt 0.385776 0.200000
vt 0.517241 0.195349
vt 0.525862 0.195349
vt 0.517241 0.200000
vt 0.517241 0.554651
vt 0.517241 0.550000
vt 0.525862 0.645349
vt 0.525862 0.554651
vt 0.517241 0.645349
vt 0.517241 0.650000
vt 0.385776 0.645349
vt 0.377155 0.645349
vt 0.385776 0.650000
vt 0.377155 0.554651
vt 0.375000 0.023575
vt 0.375000 0.033161
vt 0.380841 0.033161
vt 0.380841 0.033142
vt 0.382009 0.023575
vt 0.382009 0.032124
vt 0.375000 0.716839
vt 0.380841 0.717876
vt 0.375000 0.726425
vt 0.382009 0.726425
vt 0.382009 0.717876
vt 0.381988 0.717876
vt 0.575431 0.250000
vt 0.566810 0.197674
vt 0.566810 0.193023
vt 0.575431 0.197674
vt 0.385776 0.193023
vt 0.575431 0.254549
vt 0.377155 0.500000
vt 0.575431 0.500000
vt 0.523707 0.495451
vt 0.575431 0.495451
vt 0.575431 0.552326
vt 0.385776 0.552326
vt 0.385776 0.556977
vt 0.377155 0.552326
s 0
usemtl WaxLight
f 6870/2262/1350 6868/2262/1350 6867/2262/1350
f 6872/2262/1351 6865/2262/1351 6868/2262/1351
f 6877/2262/1351 6868/2262/1351 6866/2262/1351
f 6868/2262/1352 6880/2262/1352 6867/2262/1352
f 6876/2262/1353 6875/2262/1353 6897/2262/1353
f 6880/2262/1354 6899/2262/1354 6898/2262/1354
f 6873/2262/1351 6876/2262/1351 6900/2262/1351
f 6901/2262/1355 6872/2262/1355 6870/2262/1355
f 6876/2262/1351 6871/2262/1351 6872/2262/1351
f 6884/2262/1352 6902/2262/1352 6894/2262/1352
f 6881/2262/1354 6884/2262/1354 6896/2262/1354
f 6885/2262/1354 6884/2262/1354 6882/2262/1354
f 6888/2262/1350 6883/2262/1350 6884/2262/1350
f 6888/2262/1354 6886/2262/1354 6889/2262/1354
f 6887/2262/1355 6888/2262/1355 6892/2262/1355
f 6892/2262/1354 6890/2262/1354 6903/2262/1354
f 6896/2262/1354 6905/2262/1354 6904/2262/1354
f 6891/2262/1353 6892/2262/1353 6906/2262/1353
f 6882/2262/1352 6868/2262/1352 6865/2262/1352
f 6884/2262/1350 6866/2262/1350 6868/2262/1350
f 6886/2262/1350 6872/2262/1350 6871/2262/1350
f 6872/2262/1355 6885/2262/1355 6869/2262/1355
f 6876/2262/1355 6873/2262/1355 6890/2262/1355
f 6892/2262/1353 6874/2262/1353 6876/2262/1353
f 6877/2262/1353 6896/2262/1353 6880/2262/1353
f 6896/2262/1352 6878/2262/1352 6880/2262/1352
f 6869/2262/1350 6882/2262/1350 6865/2262/1350
f 6867/2262/1351 6907/2262/1351 6870/2262/1351
f 6866/2262/1352 6893/2262/1352 6877/2262/1352
f 6874/2262/1355 6886/2262/1355 6871/2262/1355
f 6883/2262/1354 6909/2262/1354 6902/2262/1354
f 6870/2262/1350 6872/2262/1350 6868/2262/1350
f 6872/2262/1351 6869/2262/1351 6865/2262/1351
f 6877/2262/1351 6880/2262/1351 6868/2262/1351
f 6880/2262/1352 6908/2262/1352 6867/2262/1352
f 6880/2262/1353 6898/2262/1353 6879/2262/1353
f 6876/2262/1354 6897/2262/1354 6900/2262/1354
f 6880/2262/1351 6878/2262/1351 6899/2262/1351
f 6872/2262/1355 6875/2262/1355 6876/2262/1355
f 6876/2262/1351 6874/2262/1351 6871/2262/1351
f 6884/2262/1352 6894/2262/1352 6896/2262/1352
f 6893/2262/1354 6881/2262/1354 6896/2262/1354
f 6885/2262/1354 6888/2262/1354 6884/2262/1354
f 6888/2262/1350 6887/2262/1350 6883/2262/1350
f 6892/2262/1354 6888/2262/1354 6889/2262/1354
f 6910/2262/1355 6892/2262/1355 6891/2262/1355
f 6896/2262/1354 6904/2262/1354 6895/2262/1354
f 6903/2262/1354 6906/2262/1354 6892/2262/1354
f 6896/2262/1354 6894/2262/1354 6905/2262/1354
f 6882/2262/1352 6884/2262/1352 6868/2262/1352
f 6884/2262/1350 6881/2262/1350 6866/2262/1350
f 6886/2262/1350 6888/2262/1350 6872/2262/1350
f 6872/2262/1355 6888/2262/1355 6885/2262/1355
f 6892/2262/1355 6876/2262/1355 6890/2262/1355
f 6892/2262/1353 6889/2262/1353 6874/2262/1353
f 6893/2262/1353 6896/2262/1353 6877/2262/1353
f 6896/2262/1352 6895/2262/1352 6878/2262/1352
f 6869/2262/1350 6885/2262/1350 6882/2262/1350
f 6870/2262/1351 6907/2262/1351 6901/2262/1351
f 6866/2262/1352 6881/2262/1352 6893/2262/1352
f 6874/2262/1355 6889/2262/1355 6886/2262/1355
f 6909/2262/1354 6887/2262/1354 6910/2262/1354
f 6898/2263/1355 6905/2264/1355 6902/2265/1355
f 6906/2266/1352 6897/2267/1352 6901/2268/1352
f 6907/2269/1353 6902/2270/1353 6909/2271/1353
f 6914/2262/1352 6912/2262/1352 6911/2262/1352
f 6912/2262/1351 6945/2262/1351 6911/2262/1351
f 6915/2262/1354 6944/2262/1354 6943/2262/1354
f 6915/2262/1351 6913/2262/1351 6944/2262/1351
f 6912/2262/1354 6946/2262/1354 6945/2262/1354
f 6943/2262/1350 6916/2262/1350 6915/2262/1350
f 6915/2262/1355 6916/2262/1355 6920/2262/1355
f 6913/2262/1355 6915/2262/1355 6919/2262/1355
f 6915/2262/1355 6920/2262/1355 6917/2262/1355
f 6917/2262/1351 6918/2262/1351 6915/2262/1351
f 6915/2262/1350 6918/2262/1350 6921/2262/1350
f 6919/2262/1350 6915/2262/1350 6921/2262/1350
f 6919/2262/1354 6921/2262/1354 6922/2262/1354
f 6923/2262/1355 6922/2262/1355 6921/2262/1355
f 6923/2262/1355 6921/2262/1355 6918/2262/1355
f 6917/2262/1351 6923/2262/1351 6918/2262/1351
f 6924/2262/1353 6923/2262/1353 6917/2262/1353
f 6924/2262/1353 6922/2262/1353 6923/2262/1353
f 6924/2262/1354 6919/2262/1354 6922/2262/1354
f 6928/2262/1355 6919/2262/1355 6924/2262/1355
f 6928/2262/1355 6924/2262/1355 6925/2262/1355
f 6927/2262/1354 6948/2262/1354 6947/2262/1354
f 6925/2262/1353 6924/2262/1353 6949/2262/1353
f 6924/2262/1355 6917/2262/1355 6926/2262/1355
f 6924/2262/1354 6926/2262/1354 6950/2262/1354
f 6927/2262/1354 6947/2262/1354 6929/2262/1354
f 6950/2262/1354 6949/2262/1354 6924/2262/1354
f 6927/2262/1352 6929/2262/1352 6930/2262/1352
f 6931/2262/1351 6930/2262/1351 6951/2262/1351
f 6927/2262/1352 6930/2262/1352 6931/2262/1352
f 6917/2262/1355 6932/2262/1355 6926/2262/1355
f 6931/2262/1354 6951/2262/1354 6952/2262/1354
f 6932/2262/1351 6917/2262/1351 6953/2262/1351
f 6933/2262/1351 6931/2262/1351 6912/2262/1351
f 6936/2262/1353 6931/2262/1353 6933/2262/1353
f 6912/2262/1352 6931/2262/1352 6935/2262/1352
f 6931/2262/1353 6952/2262/1353 6934/2262/1353
f 6953/2262/1354 6917/2262/1354 6954/2262/1354
f 6935/2262/1352 6931/2262/1352 6934/2262/1352
f 6936/2262/1353 6927/2262/1353 6931/2262/1353
f 6936/2262/1354 6937/2262/1354 6927/2262/1354
f 6938/2262/1352 6937/2262/1352 6936/2262/1352
f 6938/2262/1352 6936/2262/1352 6933/2262/1352
f 6938/2262/1350 6912/2262/1350 6939/2262/1350
f 6933/2262/1351 6912/2262/1351 6938/2262/1351
f 6937/2262/1350 6938/2262/1350 6939/2262/1350
f 6939/2262/1350 6955/2262/1350 6940/2262/1350
f 6956/2262/1354 6957/2262/1354 6919/2262/1354
f 6941/2262/1352 6939/2262/1352 6940/2262/1352
f 6939/2262/1352 6941/2262/1352 6927/2262/1352
f 6937/2262/1354 6939/2262/1354 6927/2262/1354
f 6914/2262/1352 6939/2262/1352 6912/2262/1352
f 6939/2262/1354 6914/2262/1354 6958/2262/1354
f 6939/2262/1354 6958/2262/1354 6955/2262/1354
f 6957/2262/1354 6942/2262/1354 6919/2262/1354
f 6942/2262/1355 6913/2262/1355 6919/2262/1355
f 6927/2262/1353 6941/2262/1353 6948/2262/1353
f 6919/2262/1350 6928/2262/1350 6956/2262/1350
f 6912/2262/1350 6935/2262/1350 6946/2262/1350
f 6917/2262/1353 6920/2262/1353 6954/2262/1353
f 6947/2272/1355 6955/2273/1355 6946/2274/1355
f 6925/2275/1354 6949/2276/1354 6950/2276/1354
f 6960/2262/1352 6959/2262/1352 6962/2262/1352
f 6960/2262/1351 6991/2262/1351 6959/2262/1351
f 6992/2262/1354 6963/2262/1354 6993/2262/1354
f 6963/2262/1351 6961/2262/1351 6993/2262/1351
f 6960/2262/1354 6994/2262/1354 6991/2262/1354
f 6992/2262/1350 6964/2262/1350 6963/2262/1350
f 6963/2262/1355 6964/2262/1355 6968/2262/1355
f 6961/2262/1355 6963/2262/1355 6967/2262/1355
f 6963/2262/1355 6968/2262/1355 6965/2262/1355
f 6965/2262/1351 6966/2262/1351 6963/2262/1351
f 6963/2262/1350 6966/2262/1350 6969/2262/1350
f 6967/2262/1350 6963/2262/1350 6969/2262/1350
f 6967/2262/1354 6969/2262/1354 6970/2262/1354
f 6971/2262/1355 6970/2262/1355 6969/2262/1355
f 6971/2262/1355 6969/2262/1355 6966/2262/1355
f 6965/2262/1351 6971/2262/1351 6966/2262/1351
f 6972/2262/1353 6971/2262/1353 6965/2262/1353
f 6972/2262/1353 6970/2262/1353 6971/2262/1353
f 6972/2262/1354 6967/2262/1354 6970/2262/1354
f 6976/2262/1355 6967/2262/1355 6972/2262/1355
f 6976/2262/1355 6972/2262/1355 6973/2262/1355
f 6975/2262/1354 6996/2262/1354 6995/2262/1354
f 6972/2262/1353 6997/2262/1353 6973/2262/1353
f 6972/2262/1355 6965/2262/1355 6974/2262/1355
f 6972/2262/1354 6974/2262/1354 6998/2262/1354
f 6975/2262/1354 6995/2262/1354 6977/2262/1354
f 6998/2262/1354 6997/2262/1354 6972/2262/1354
f 6975/2262/1352 6977/2262/1352 6978/2262/1352
f 6979/2262/1351 6978/2262/1351 6999/2262/1351
f 6975/2262/1352 6978/2262/1352 6979/2262/1352
f 6974/2262/1355 6965/2262/1355 6980/2262/1355
f 6979/2262/1354 6999/2262/1354 7000/2262/1354
f 6980/2262/1351 6965/2262/1351 7001/2262/1351
f 6981/2262/1351 6979/2262/1351 6960/2262/1351
f 6984/2262/1353 6979/2262/1353 6981/2262/1353
f 6960/2262/1352 6979/2262/1352 6983/2262/1352
f 6979/2262/1353 7000/2262/1353 6982/2262/1353
f 7001/2262/1354 6965/2262/1354 7002/2262/1354
f 6983/2262/1352 6979/2262/1352 6982/2262/1352
f 6984/2262/1353 6975/2262/1353 6979/2262/1353
f 6984/2262/1354 6985/2262/1354 6975/2262/1354
f 6986/2262/1352 6985/2262/1352 6984/2262/1352
f 6986/2262/1352 6984/2262/1352 6981/2262/1352
f 6986/2262/1350 6960/2262/1350 6987/2262/1350
f 6981/2262/1351 6960/2262/1351 6986/2262/1351
f 6985/2262/1350 6986/2262/1350 6987/2262/1350
f 6987/2262/1350 7003/2262/1350 6988/2262/1350
f 7004/2262/1354 7005/2262/1354 6967/2262/1354
f 6989/2262/1352 6987/2262/1352 6988/2262/1352
f 6987/2262/1352 6989/2262/1352 6975/2262/1352
f 6985/2262/1354 6987/2262/1354 6975/2262/1354
f 6962/2262/1352 6987/2262/1352 6960/2262/1352
f 6987/2262/1354 6962/2262/1354 7006/2262/1354
f 6987/2262/1354 7006/2262/1354 7003/2262/1354
f 7005/2262/1354 6990/2262/1354 6967/2262/1354
f 6990/2262/1355 6961/2262/1355 6967/2262/1355
f 6975/2262/1353 6989/2262/1353 6996/2262/1353
f 6967/2262/1350 6976/2262/1350 7004/2262/1350
f 6960/2262/1350 6983/2262/1350 6994/2262/1350
f 6965/2262/1353 6968/2262/1353 7002/2262/1353
f 7010/2262/1352 7008/2262/1352 7007/2262/1352
f 7008/2262/1351 7054/2262/1351 7007/2262/1351
f 7055/2262/1354 7011/2262/1354 7056/2262/1354
f 7011/2262/1351 7009/2262/1351 7056/2262/1351
f 7008/2262/1354 7057/2262/1354 7054/2262/1354
f 7055/2262/1354 7012/2262/1354 7011/2262/1354
f 7058/2262/1355 7011/2262/1355 7012/2262/1355
f 7009/2262/1355 7011/2262/1355 7018/2262/1355
f 7011/2262/1355 7016/2262/1355 7013/2262/1355
f 7013/2262/1351 7014/2262/1351 7011/2262/1351
f 7011/2262/1350 7014/2262/1350 7017/2262/1350
f 7018/2262/1355 7011/2262/1355 7015/2262/1355
f 7015/2262/1350 7011/2262/1350 7017/2262/1350
f 7019/2262/1354 7010/2262/1354 7059/2262/1354
f 7019/2262/1354 7059/2262/1354 7060/2262/1354
f 7015/2262/1354 7061/2262/1354 7018/2262/1354
f 7062/2262/1354 7061/2262/1354 7015/2262/1354
f 7020/2262/1350 7019/2262/1350 7060/2262/1350
f 7019/2262/1352 7063/2262/1352 7023/2262/1352
f 7019/2262/1352 7023/2262/1352 7021/2262/1352
f 7022/2262/1354 7019/2262/1354 7021/2262/1354
f 7022/2262/1350 7024/2262/1350 7019/2262/1350
f 7010/2262/1352 7019/2262/1352 7008/2262/1352
f 7024/2262/1350 7008/2262/1350 7019/2262/1350
f 7025/2262/1351 7008/2262/1351 7024/2262/1351
f 7024/2262/1352 7026/2262/1352 7025/2262/1352
f 7024/2262/1352 7022/2262/1352 7026/2262/1352
f 7026/2262/1353 7021/2262/1353 7027/2262/1353
f 7026/2262/1354 7022/2262/1354 7021/2262/1354
f 7026/2262/1353 7027/2262/1353 7025/2262/1353
f 7025/2262/1351 7027/2262/1351 7008/2262/1351
f 7008/2262/1352 7027/2262/1352 7030/2262/1352
f 7028/2262/1353 7027/2262/1353 7013/2262/1353
f 7027/2262/1352 7064/2262/1352 7030/2262/1352
f 7027/2262/1351 7031/2262/1351 7013/2262/1351
f 7027/2262/1351 7029/2262/1351 7031/2262/1351
f 7021/2262/1352 7029/2262/1352 7027/2262/1352
f 7032/2262/1355 7013/2262/1355 7031/2262/1355
f 7039/2262/1353 7031/2262/1353 7041/2262/1353
f 7032/2262/1355 7033/2262/1355 7013/2262/1355
f 7034/2262/1354 7042/2262/1354 7043/2262/1354
f 7032/2262/1354 7044/2262/1354 7033/2262/1354
f 7032/2262/1353 7040/2262/1353 7045/2262/1353
f 7034/2262/1353 7043/2262/1353 7046/2262/1353
f 7021/2262/1352 7034/2262/1352 7029/2262/1352
f 7033/2262/1354 7044/2262/1354 7047/2262/1354
f 7021/2262/1354 7042/2262/1354 7034/2262/1354
f 7033/2262/1353 7035/2262/1353 7038/2262/1353
f 7033/2262/1354 7015/2262/1354 7035/2262/1354
f 7037/2262/1355 7015/2262/1355 7033/2262/1355
f 7065/2262/1355 7033/2262/1355 7036/2262/1355
f 7021/2262/1353 7049/2262/1353 7048/2262/1353
f 7033/2262/1353 7050/2262/1353 7036/2262/1353
f 7033/2262/1353 7038/2262/1353 7013/2262/1353
f 7013/2262/1351 7038/2262/1351 7014/2262/1351
f 7038/2262/1355 7017/2262/1355 7014/2262/1355
f 7038/2262/1355 7035/2262/1355 7017/2262/1355
f 7062/2262/1350 7015/2262/1350 7037/2262/1350
f 7051/2262/1354 7063/2262/1354 7066/2262/1354
f 7023/2262/1354 7051/2262/1354 7052/2262/1354
f 7036/2262/1354 7067/2262/1354 7065/2262/1354
f 7023/2262/1353 7049/2262/1353 7021/2262/1353
f 7036/2262/1353 7050/2262/1353 7053/2262/1353
f 7015/2262/1354 7017/2262/1354 7035/2262/1354
f 7008/2262/1350 7030/2262/1350 7057/2262/1350
f 7028/2262/1351 7068/2262/1351 7064/2262/1351
f 7016/2262/1351 7068/2262/1351 7028/2262/1351
f 7028/2262/1353 7013/2262/1353 7016/2262/1353
f 7048/2281/1355 7049/2282/1355 7051/2283/1355
f 7045/2284/1352 7040/2285/1352 7044/2286/1352
f 7041/2287/1354 7046/2288/1354 7069/2289/1354
f 6901/2262/1355 6875/2262/1355 6872/2262/1355
f 6884/2262/1352 6883/2262/1352 6902/2262/1352
f 6867/2262/1351 6908/2262/1351 6907/2262/1351
f 6883/2262/1354 6887/2262/1354 6909/2262/1354
f 6880/2262/1352 6879/2262/1352 6908/2262/1352
f 6910/2262/1355 6887/2262/1355 6892/2262/1355
f 6899/2263/1355 6878/2297/1355 6895/2298/1355
f 6902/2265/1355 6908/2299/1355 6898/2263/1355
f 6908/2299/1355 6879/2300/1355 6898/2263/1355
f 6895/2298/1354 6904/2264/1354 6905/2264/1354
f 6905/2264/1355 6894/2301/1355 6902/2265/1355
f 6898/2263/1354 6899/2263/1354 6895/2298/1354
f 6898/2263/1355 6895/2298/1355 6905/2264/1355
f 6903/2266/1352 6890/2302/1352 6873/2303/1352
f 6901/2268/1352 6910/2304/1352 6906/2266/1352
f 6910/2304/1352 6891/2305/1352 6906/2266/1352
f 6873/2303/1354 6900/2267/1354 6897/2267/1354
f 6897/2267/1352 6875/2306/1352 6901/2268/1352
f 6906/2266/1354 6903/2266/1354 6873/2303/1354
f 6906/2266/1352 6873/2303/1352 6897/2267/1352
f 6909/2271/1353 6910/2304/1353 6901/2268/1353
f 6907/2269/1353 6908/2307/1353 6902/2270/1353
f 6909/2271/1353 6901/2268/1353 6907/2269/1353
f 6951/2308/1355 6930/2309/1355 6929/2310/1355
f 6952/2308/1354 6951/2308/1354 6929/2310/1354
f 6935/2311/1355 6934/2312/1355 6952/2308/1355
f 6935/2311/1355 6952/2308/1355 6946/2274/1355
f 6952/2308/1355 6929/2310/1355 6947/2272/1355
f 6946/2274/1355 6952/2308/1355 6947/2272/1355
f 6911/2313/1354 6945/2274/1354 6946/2274/1354
f 6914/2314/1355 6911/2313/1355 6946/2274/1355
f 6947/2272/1354 6948/2272/1354 6941/2315/1354
f 6947/2272/1355 6941/2315/1355 6940/2316/1355
f 6955/2273/1354 6958/2273/1354 6914/2314/1354
f 6947/2272/1355 6940/2316/1355 6955/2273/1355
f 6955/2273/1355 6914/2314/1355 6946/2274/1355
f 6932/2317/1354 6953/2318/1354 6954/2318/1354
f 6954/2318/1352 6920/2319/1352 6916/2320/1352
f 6926/2321/1352 6932/2317/1352 6954/2318/1352
f 6926/2321/1352 6954/2318/1352 6950/2276/1352
f 6954/2318/1352 6916/2320/1352 6943/2322/1352
f 6943/2322/1354 6944/2322/1354 6913/2323/1354
f 6954/2318/1352 6943/2322/1352 6950/2276/1352
f 6943/2322/1352 6913/2323/1352 6957/2324/1352
f 6950/2276/1352 6943/2322/1352 6957/2324/1352
f 6957/2324/1354 6956/2324/1354 6928/2325/1354
f 6913/2323/1352 6942/2326/1352 6957/2324/1352
f 6957/2324/1352 6928/2325/1352 6925/2275/1352
f 6957/2324/1352 6925/2275/1352 6950/2276/1352
f 7058/2262/1355 7016/2262/1355 7011/2262/1355
f 7019/2262/1352 7020/2262/1352 7063/2262/1352
f 7027/2262/1352 7028/2262/1352 7064/2262/1352
f 7039/2262/1353 7040/2262/1353 7032/2262/1353
f 7031/2262/1353 7029/2262/1353 7041/2262/1353
f 7039/2262/1353 7032/2262/1353 7031/2262/1353
f 7032/2262/1354 7045/2262/1354 7044/2262/1354
f 7046/2262/1353 7041/2262/1353 7029/2262/1353
f 7029/2262/1353 7034/2262/1353 7046/2262/1353
f 7021/2262/1354 7048/2262/1354 7042/2262/1354
f 7065/2262/1355 7037/2262/1355 7033/2262/1355
f 7033/2262/1353 7047/2262/1353 7050/2262/1353
f 7051/2262/1354 7023/2262/1354 7063/2262/1354
f 7036/2262/1354 7053/2262/1354 7067/2262/1354
f 7023/2262/1353 7052/2262/1353 7049/2262/1353
f 7016/2262/1351 7058/2262/1351 7068/2262/1351
f 7069/2347/1355 7046/2348/1355 7048/2281/1355
f 7046/2348/1355 7043/2349/1355 7042/2350/1355
f 7046/2348/1355 7042/2350/1355 7048/2281/1355
f 7051/2283/1355 7066/2351/1355 7048/2281/1355
f 7066/2351/1355 7069/2347/1355 7048/2281/1355
f 7049/2282/1355 7052/2352/1355 7051/2283/1355
f 7040/2285/1352 7039/2353/1352 7047/2354/1352
f 7039/2353/1352 7070/2355/1352 7047/2354/1352
f 7040/2285/1352 7047/2354/1352 7044/2286/1352
f 7070/2355/1352 7067/2356/1352 7047/2354/1352
f 7067/2356/1352 7053/2357/1352 7050/2358/1352
f 7067/2356/1352 7050/2358/1352 7047/2354/1352
f 7069/2289/1354 7070/2355/1354 7041/2287/1354
f 7070/2355/1354 7039/2353/1354 7041/2287/1354
usemtl WalkWall
f 6988/2277/1354 7003/2278/1354 7006/2278/1354
f 6980/2279/1354 7001/2280/1354 7002/2280/1354
f 7054/2290/1354 7057/2290/1354 7030/2291/1354
f 7064/2292/1350 7068/2293/1350 7069/2294/1350
f 7018/2295/1354 7061/2296/1354 7062/2296/1354
f 6994/2327/1355 6983/2328/1355 6982/2329/1355
f 6991/2327/1354 6994/2327/1354 6982/2329/1354
f 6962/2330/1355 6959/2331/1355 6991/2327/1355
f 6962/2330/1355 6991/2327/1355 7006/2278/1355
f 6991/2327/1355 6982/2329/1355 7000/2332/1355
f 7000/2332/1354 6999/2332/1354 6978/2333/1354
f 6991/2327/1355 7000/2332/1355 7006/2278/1355
f 7000/2332/1355 6978/2333/1355 6995/2334/1355
f 7006/2278/1355 7000/2332/1355 6995/2334/1355
f 6995/2334/1354 6996/2334/1354 6989/2335/1354
f 6978/2333/1355 6977/2336/1355 6995/2334/1355
f 6995/2334/1355 6989/2335/1355 6988/2277/1355
f 6995/2334/1355 6988/2277/1355 7006/2278/1355
f 6997/2337/1354 6998/2337/1354 6974/2338/1354
f 6976/2339/1352 6973/2340/1352 6997/2337/1352
f 6997/2337/1352 6974/2338/1352 6980/2279/1352
f 6976/2339/1352 6997/2337/1352 7004/2341/1352
f 6997/2337/1352 6980/2279/1352 7002/2280/1352
f 7004/2341/1352 6997/2337/1352 7002/2280/1352
f 6990/2342/1354 7005/2341/1354 7004/2341/1354
f 6990/2342/1352 7004/2341/1352 6993/2343/1352
f 6964/2344/1354 6992/2343/1354 6993/2343/1354
f 6993/2343/1352 6961/2345/1352 6990/2342/1352
f 6968/2346/1352 6964/2344/1352 6993/2343/1352
f 6968/2346/1352 6993/2343/1352 7002/2280/1352
f 7002/2280/1352 6993/2343/1352 7004/2341/1352
f 7030/2291/1355 7064/2292/1355 7054/2290/1355
f 7064/2292/1355 7063/2359/1355 7054/2290/1355
f 7060/2360/1354 7059/2360/1354 7010/2361/1354
f 7063/2359/1355 7020/2362/1355 7060/2360/1355
f 7060/2360/1355 7010/2361/1355 7007/2363/1355
f 7063/2359/1355 7060/2360/1355 7054/2290/1355
f 7060/2360/1355 7007/2363/1355 7054/2290/1355
f 7069/2294/1350 7066/2364/1350 7063/2359/1350
f 7058/2365/1350 7065/2366/1350 7070/2367/1350
f 7065/2366/1350 7067/2368/1350 7070/2367/1350
f 7068/2293/1350 7058/2365/1350 7070/2367/1350
f 7069/2294/1350 7063/2359/1350 7064/2292/1350
f 7068/2293/1350 7070/2367/1350 7069/2294/1350
f 7037/2369/1352 7065/2366/1352 7062/2296/1352
f 7065/2366/1352 7058/2365/1352 7062/2296/1352
f 7055/2370/1354 7056/2370/1354 7009/2371/1354
f 7058/2365/1352 7012/2372/1352 7055/2370/1352
f 7055/2370/1352 7009/2371/1352 7018/2295/1352
f 7058/2365/1352 7055/2370/1352 7062/2296/1352
f 7055/2370/1352 7018/2295/1352 7062/2296/1352
o HoneycombWindows
v 5.601856 9.150000 1.821094
v 6.921663 10.099999 2.803749
v 8.241470 9.150000 3.786403
v 8.241470 7.250000 3.786403
v 6.921663 6.300000 2.803749
v 5.601856 7.250000 1.821094
v 5.410754 9.150000 2.077765
v 6.730561 10.099999 3.060419
v 8.050367 9.150000 4.043074
v 8.050367 7.250000 4.043074
v 6.730561 6.300000 3.060419
v 5.410754 7.250000 2.077765
v 7.094850 8.200000 2.571141
v 7.122307 8.200000 2.617145
v 7.094850 9.644000 2.571141
v 7.042904 8.200000 2.558026
v 7.042904 9.644000 2.558026
v 6.996899 9.644000 2.585484
v 6.983785 9.644000 2.637429
v 6.996899 8.200000 2.585484
v 7.011242 9.644000 2.683434
v 7.109193 9.644000 2.669091
v 7.122307 9.644000 2.617145
v 7.109193 8.200000 2.669091
v 7.063188 9.644000 2.696549
v 7.063188 8.200000 2.696549
v 7.011242 8.200000 2.683434
v 6.983785 8.200000 2.637429
v 7.081120 8.260622 2.648189
v 7.102457 8.242866 2.602365
v 8.084172 7.538621 3.395007
v 7.043337 8.242866 2.681769
v 8.046391 7.520866 3.428586
v 8.014296 7.478000 3.430252
v 7.011242 8.200000 2.683434
v 7.003635 8.157134 2.652209
v 8.006689 7.435133 3.399027
v 7.062755 8.157134 2.572806
v 7.094850 8.200000 2.571141
v 8.065808 7.435133 3.319623
v 7.024973 8.139378 2.606385
v 8.097903 7.478000 3.317958
v 8.105510 7.520866 3.349183
v 8.028026 7.417378 3.353203
v 7.024973 8.260622 2.606385
v 7.003635 8.242866 2.652209
v 6.021919 7.538621 1.859568
v 7.062755 8.242866 2.572805
v 6.059701 7.520866 1.825988
v 6.091796 7.478000 1.824323
v 7.094850 8.200000 2.571140
v 7.102457 8.157134 2.602365
v 6.099403 7.435133 1.855548
v 7.043337 8.157134 2.681769
v 7.011242 8.200000 2.683434
v 6.040284 7.435133 1.934952
v 7.081120 8.139378 2.648189
v 6.008189 7.478000 1.936617
v 6.000582 7.520866 1.905392
v 6.078066 7.417378 1.901372
v -7.094849 8.200000 2.571141
v -7.042904 8.200000 2.558026
v -7.094849 9.644000 2.571141
v -7.122307 8.200000 2.617146
v -7.122307 9.644000 2.617146
v -7.109193 9.644000 2.669092
v -6.996899 9.644000 2.585484
v -7.042904 9.644000 2.558026
v -6.996899 8.200000 2.585484
v -6.983784 9.644000 2.637430
v -6.983784 8.200000 2.637430
v -7.011242 8.200000 2.683434
v -7.063188 8.200000 2.696549
v -7.063188 9.644000 2.696549
v -7.109193 8.200000 2.669092
v -7.011242 9.644000 2.683434
v -7.024973 8.260622 2.606385
v -7.062754 8.242866 2.572805
v -6.021920 7.538621 1.859568
v -7.003636 8.242866 2.652208
v -6.000582 7.520866 1.905392
v -6.008189 7.478000 1.936617
v -6.091797 7.478000 1.824323
v -7.011242 8.200000 2.683434
v -7.043337 8.157134 2.681768
v -7.081120 8.139378 2.648189
v -6.040284 7.435133 1.934951
v -6.078066 7.417378 1.901371
v -7.102456 8.157134 2.602365
v -7.094851 8.200000 2.571140
v -6.099404 7.435133 1.855548
v -6.059702 7.520866 1.825989
v -7.081121 8.260622 2.648189
v -7.043338 8.242866 2.681769
v -8.084173 7.538621 3.395006
v -7.102458 8.242866 2.602365
v -8.046391 7.520866 3.428586
v -8.105511 7.520866 3.349183
v -8.097904 7.478000 3.317958
v -7.094851 8.200000 2.571140
v -7.062756 8.157134 2.572805
v -7.024974 8.139378 2.606385
v -8.065807 7.435133 3.319623
v -8.028025 7.417378 3.353202
v -7.003636 8.157134 2.652209
v -7.011242 8.200000 2.683434
v -8.006689 7.435133 3.399027
v -8.014296 7.478000 3.430252
v -11.830000 8.000000 12.000000
v -11.809500 8.000000 11.950502
v -11.830000 9.368000 12.000000
v -11.809500 8.000000 12.049498
v -11.809500 9.368000 12.049498
v -11.760000 9.368000 12.070000
v -11.710503 9.368000 12.049496
v -11.760000 8.000000 12.070000
v -11.690001 9.368000 12.000000
v -11.760000 9.368000 11.930000
v -11.809500 9.368000 11.950502
v -11.760000 8.000000 11.930000
v -11.710503 9.368000 11.950502
v -11.710503 8.000000 11.950502
v -11.690001 8.000000 12.000000
v -11.710503 8.000000 12.049496
v -11.760000 8.060622 11.965000
v -11.809498 8.042866 11.975250
v -11.760000 7.376622 10.780275
v -11.710503 8.042866 11.975250
v -11.809496 7.358866 10.790527
v -11.830000 7.316000 10.815277
v -11.830000 8.000000 11.999998
v -11.690001 7.316000 10.815277
v -11.710501 7.273134 10.840025
v -11.690001 8.000000 11.999998
v -11.710501 7.358866 10.790527
v -11.710503 7.957134 12.024748
v -11.759998 7.255378 10.850275
v -11.809496 7.273134 10.840025
v -11.760000 7.939378 12.035000
v -11.809498 7.957134 12.024748
v -11.760000 8.060621 12.034998
v -11.710505 8.042866 12.024748
v -11.760000 7.376622 13.219723
v -11.809498 8.042866 12.024748
v -11.830000 8.000000 12.000000
v -11.809500 7.358866 13.209471
v -11.830000 7.316000 13.184723
v -11.690001 8.000000 12.000000
v -11.710503 7.957134 11.975250
v -11.760000 7.939378 11.965000
v -11.809498 7.957134 11.975250
v -11.809496 7.273134 13.159973
v -11.760000 7.255378 13.149723
v -11.710503 7.273134 13.159973
v -11.690001 7.316000 13.184723
v -11.710503 7.358866 13.209471
v 6.014161 8.922000 1.928596
v 6.014161 7.478000 1.928596
v 7.017215 9.644000 2.675413
v 5.930554 8.922000 2.040889
v 7.017215 6.756000 2.675413
v 8.020267 8.922000 3.422231
v 5.930554 7.478000 2.040889
v 6.933607 6.756000 2.787707
v 6.933607 9.644000 2.787707
v 7.936661 7.478000 3.534524
v 7.936661 8.922000 3.534524
v 8.020267 7.478000 3.422231
v -8.241470 9.150000 3.786403
v -8.241470 7.250000 3.786403
v -6.921664 10.099999 2.803749
v -8.050369 9.150000 4.043074
v -6.921664 6.300000 2.803749
v -5.601858 9.150000 1.821094
v -6.730561 10.099999 3.060420
v -8.050369 7.250000 4.043074
v -6.730561 6.300000 3.060420
v -5.410755 7.250000 2.077765
v -5.410755 9.150000 2.077765
v -5.601858 7.250000 1.821094
v -8.020267 8.922000 3.422231
v -8.020267 7.478000 3.422231
v -7.017216 9.644000 2.675413
v -7.936661 8.922000 3.534524
v -7.017216 6.756000 2.675413
v -6.014162 8.922000 1.928596
v -7.936661 7.478000 3.534524
v -6.933608 6.756000 2.787707
v -6.933608 9.644000 2.787707
v -5.930554 8.922000 2.040889
v -5.930554 7.478000 2.040889
v -6.014162 7.478000 1.928596
v -11.540001 8.900000 13.558846
v -11.540001 7.100000 13.558846
v -11.540001 9.800000 11.999998
v -11.220001 8.900000 13.558846
v -11.540001 6.200000 11.999998
v -11.220001 9.800000 12.000000
v -11.220001 7.100000 13.558846
v -11.220001 6.200000 12.000000
v -11.219999 7.100000 10.441154
v -11.219999 8.900000 10.441154
v -11.540001 7.100000 10.441154
v -11.540001 8.900000 10.441154
v -11.700001 8.684000 13.184723
v -11.700001 7.316000 13.184723
v -11.700001 9.368000 12.000000
v -11.560001 8.684000 13.184723
v -11.700001 6.632000 12.000000
v -11.700001 8.684000 10.815277
v -11.560001 7.316000 13.184723
v -11.559999 6.632000 12.000000
v -11.559999 7.316000 10.815277
v -11.559999 8.684000 10.815277
v -11.700001 7.316000 10.815277
v -11.559999 9.368000 12.000000
vn 0.5972 -0.0000 -0.8021
vn -0.5972 -0.0000 0.8021
vn -0.4010 0.8660 -0.2986
vn 0.4010 0.8660 0.2986
vn 0.8021 -0.0000 0.5972
vn 0.4010 -0.8660 0.2986
vn -0.4010 -0.8660 -0.2986
vn -0.8021 -0.0000 -0.5972
vn -0.0000 -1.0000 -0.0000
vn 0.8587 -0.0000 -0.5125
vn 0.2448 -0.0000 -0.9696
vn -0.5125 -0.0000 -0.8587
vn -0.0000 1.0000 -0.0000
vn -0.9696 -0.0000 -0.2448
vn 0.9696 -0.0000 0.2448
vn 0.5125 -0.0000 0.8587
vn -0.2448 -0.0000 0.9696
vn -0.8587 -0.0000 0.5125
vn -0.6946 0.5000 -0.5172
vn 0.5991 0.8001 -0.0311
vn 0.1420 0.8001 0.5828
vn -0.3983 0.3314 0.8553
vn 0.6946 -0.5000 0.5172
vn -0.7052 -0.3314 0.6268
vn 0.3983 -0.3314 -0.8553
vn -0.1420 -0.8001 -0.5828
vn 0.7052 0.3314 -0.6268
vn -0.5991 -0.8001 0.0311
vn 0.6946 0.5000 0.5172
vn -0.5991 0.8001 0.0311
vn -0.1420 0.8001 -0.5828
vn 0.3983 0.3314 -0.8553
vn -0.6946 -0.5000 -0.5172
vn 0.7052 -0.3314 -0.6268
vn -0.3983 -0.3314 0.8553
vn 0.1420 -0.8001 0.5828
vn -0.7052 0.3314 0.6268
vn 0.5991 -0.8001 -0.0311
vn -0.2448 -0.0000 -0.9696
vn -0.8587 -0.0000 -0.5125
vn -0.9696 -0.0000 0.2448
vn 0.5125 -0.0000 -0.8587
vn 0.9696 -0.0000 -0.2448
vn 0.8587 -0.0000 0.5125
vn 0.2448 -0.0000 0.9696
vn -0.5125 -0.0000 0.8587
vn -0.6946 0.5000 0.5172
vn 0.1420 0.8001 -0.5828
vn 0.5991 0.8001 0.0311
vn 0.7052 0.3314 0.6268
vn 0.6946 -0.5000 -0.5172
vn 0.3983 -0.3314 0.8553
vn -0.6947 0.5000 0.5172
vn -0.1420 -0.8001 0.5828
vn -0.7052 -0.3314 -0.6268
vn -0.5991 -0.8001 -0.0311
vn -0.3982 0.3314 -0.8553
vn -0.3983 0.3314 -0.8553
vn 0.6946 0.5000 -0.5172
vn -0.1420 0.8001 0.5828
vn -0.5991 0.8001 -0.0311
vn -0.7052 0.3314 -0.6268
vn -0.6946 -0.5000 0.5172
vn -0.3982 -0.3314 -0.8553
vn 0.1420 -0.8001 -0.5828
vn -0.3983 -0.3314 -0.8553
vn 0.7052 -0.3314 0.6268
vn 0.5991 -0.8001 0.0311
vn -0.6947 -0.5000 0.5172
vn 0.3983 0.3314 0.8553
vn -0.9239 -0.0000 -0.3827
vn -0.9239 -0.0000 0.3827
vn -0.3827 -0.0000 0.9239
vn 0.3827 -0.0000 0.9239
vn -0.3827 -0.0000 -0.9239
vn 0.3827 -0.0000 -0.9239
vn 0.9239 -0.0000 -0.3827
vn 0.9239 -0.0000 0.3827
vn -0.0000 0.4999 0.8661
vn -0.3827 0.8001 -0.4619
vn -0.3827 0.8001 -0.4620
vn 0.3827 0.8001 -0.4619
vn -0.0000 -0.5001 -0.8660
vn -0.9239 0.3314 -0.1913
vn -0.0000 -0.5000 -0.8660
vn -0.0000 -0.5000 -0.8661
vn 0.9239 -0.3314 0.1913
vn 0.9239 0.3314 -0.1914
vn 0.9239 0.3314 -0.1913
vn 0.0001 -0.4999 -0.8661
vn -0.3827 -0.8001 0.4619
vn 0.3827 -0.8001 0.4620
vn 0.3827 -0.8001 0.4619
vn -0.0000 0.5000 0.8660
vn -0.9239 -0.3314 0.1913
vn -0.0000 0.5000 -0.8660
vn 0.3827 0.8001 0.4619
vn -0.3827 0.8001 0.4620
vn -0.9239 0.3314 0.1914
vn -0.3827 0.8001 0.4619
vn -0.9239 0.3314 0.1913
vn -0.3827 -0.8001 -0.4619
vn -0.9239 -0.3314 -0.1913
vn -0.0000 -0.5000 0.8660
vn -0.9239 -0.3314 -0.1914
vn 0.3827 -0.8001 -0.4620
vn 0.0001 -0.5000 0.8660
vn 0.9239 0.3314 0.1914
vn 0.9239 -0.3314 -0.1913
vn 0.9239 0.3314 0.1913
vn 0.3827 -0.8001 -0.4619
vn -0.0000 -0.4999 0.8661
vn -0.5972 -0.0000 -0.8021
vn -0.8021 -0.0000 0.5972
vn -0.4010 0.8660 0.2986
vn 0.5972 -0.0000 0.8021
vn -0.4010 -0.8660 0.2986
vn 0.8021 -0.0000 -0.5972
vn 0.4010 -0.8660 -0.2986
vn 0.4010 0.8660 -0.2986
vn -1.0000 -0.0000 -0.0000
vn -0.0000 -0.0000 1.0000
vn -0.0000 0.8660 0.5000
vn 1.0000 -0.0000 -0.0000
vn -0.0000 -0.8660 0.5000
vn -0.0000 -0.8660 -0.5000
vn -0.0000 -0.0000 -1.0000
vn -0.0000 0.8660 -0.5000
vt 0.000000 0.000000
vt 0.580294 0.419706
vt 0.750000 0.490000
vt 0.919706 0.419706
vt 1.000000 1.000000
vt 0.875000 0.500000
vt 1.000000 0.500000
vt 0.125000 1.000000
vt 0.000000 1.000000
vt 0.000000 0.500000
vt 0.125000 0.500000
vt 0.250000 1.000000
vt 0.250000 0.490000
vt 0.080294 0.419706
vt 0.010000 0.250000
vt 0.080294 0.080294
vt 0.250000 0.010000
vt 0.375000 1.000000
vt 0.250000 0.500000
vt 0.490000 0.250000
vt 0.419706 0.419706
vt 0.875000 1.000000
vt 0.750000 1.000000
vt 0.750000 0.500000
vt 0.625000 0.500000
vt 0.419706 0.080294
vt 0.625000 1.000000
vt 0.990000 0.250000
vt 0.919706 0.080294
vt 0.500000 0.500000
vt 0.750000 0.010000
vt 0.580294 0.080294
vt 0.510000 0.250000
vt 0.500000 1.000000
vt 0.375000 0.500000
s 0
usemtl WaxDark
f 7073/2373/1356 7074/2373/1356 7075/2373/1356
f 7080/2373/1357 7079/2373/1357 7078/2373/1357
f 7077/2373/1358 7072/2373/1358 7071/2373/1358
f 7078/2373/1359 7073/2373/1359 7072/2373/1359
f 7079/2373/1360 7074/2373/1360 7073/2373/1360
f 7080/2373/1361 7075/2373/1361 7074/2373/1361
f 7081/2373/1362 7076/2373/1362 7075/2373/1362
f 7082/2373/1363 7071/2373/1363 7076/2373/1363
f 7075/2373/1356 7076/2373/1356 7073/2373/1356
f 7076/2373/1356 7071/2373/1356 7073/2373/1356
f 7071/2373/1356 7072/2373/1356 7073/2373/1356
f 7078/2373/1357 7077/2373/1357 7080/2373/1357
f 7077/2373/1357 7082/2373/1357 7080/2373/1357
f 7082/2373/1357 7081/2373/1357 7080/2373/1357
f 7077/2373/1358 7078/2373/1358 7072/2373/1358
f 7078/2373/1359 7079/2373/1359 7073/2373/1359
f 7079/2373/1360 7080/2373/1360 7074/2373/1360
f 7080/2373/1361 7081/2373/1361 7075/2373/1361
f 7081/2373/1362 7082/2373/1362 7076/2373/1362
f 7082/2373/1363 7077/2373/1363 7071/2373/1363
f 7086/2374/1364 7083/2375/1364 7084/2376/1364
f 7085/2377/1365 7084/2378/1365 7083/2379/1365
f 7087/2380/1366 7085/2381/1366 7083/2382/1366
f 7087/2380/1366 7083/2382/1366 7086/2383/1366
f 7088/2384/1367 7087/2380/1367 7086/2383/1367
f 7085/2385/1368 7087/2386/1368 7088/2387/1368
f 7088/2387/1368 7089/2388/1368 7091/2389/1368
f 7089/2390/1369 7088/2384/1369 7090/2391/1369
f 7088/2384/1367 7086/2383/1367 7090/2391/1367
f 7092/2392/1368 7085/2385/1368 7088/2387/1368
f 7088/2387/1368 7091/2389/1368 7092/2392/1368
f 7092/2392/1368 7093/2393/1368 7085/2385/1368
f 7093/2394/1370 7092/2395/1370 7094/2396/1370
f 7092/2395/1371 7096/2397/1371 7094/2396/1371
f 7091/2389/1368 7095/2398/1368 7092/2392/1368
f 7092/2395/1371 7095/2399/1371 7096/2397/1371
f 7094/2400/1364 7096/2401/1364 7086/2374/1364
f 7095/2399/1372 7097/2402/1372 7096/2397/1372
f 7096/2401/1364 7097/2403/1364 7098/2404/1364
f 7090/2405/1364 7086/2374/1364 7096/2401/1364
f 7098/2404/1364 7090/2405/1364 7096/2401/1364
f 7091/2406/1373 7098/2407/1373 7097/2402/1373
f 7091/2406/1373 7089/2390/1373 7098/2407/1373
f 7089/2390/1369 7090/2391/1369 7098/2407/1369
f 7095/2399/1372 7091/2406/1372 7097/2402/1372
f 7084/2376/1364 7094/2400/1364 7086/2374/1364
f 7093/2394/1370 7094/2396/1370 7084/2378/1370
f 7085/2377/1365 7093/2394/1365 7084/2378/1365
f 7102/2374/1374 7099/2375/1374 7100/2376/1374
f 7101/2377/1375 7100/2378/1375 7099/2379/1375
f 7103/2380/1376 7101/2381/1376 7099/2382/1376
f 7103/2380/1376 7099/2382/1376 7102/2383/1376
f 7105/2391/1377 7104/2384/1377 7103/2380/1377
f 7101/2385/1378 7103/2386/1378 7104/2387/1378
f 7105/2391/1377 7103/2380/1377 7102/2383/1377
f 7106/2404/1374 7105/2405/1374 7108/2401/1374
f 7107/2390/1379 7105/2391/1379 7106/2407/1379
f 7107/2390/1379 7104/2384/1379 7105/2391/1379
f 7105/2405/1374 7102/2374/1374 7108/2401/1374
f 7100/2376/1374 7109/2400/1374 7108/2401/1374
f 7112/2395/1380 7108/2397/1380 7109/2396/1380
f 7112/2395/1380 7110/2399/1380 7108/2397/1380
f 7110/2399/1381 7111/2402/1381 7108/2397/1381
f 7108/2401/1374 7111/2403/1374 7106/2404/1374
f 7102/2374/1374 7100/2376/1374 7108/2401/1374
f 7112/2392/1378 7113/2393/1378 7101/2385/1378
f 7113/2394/1382 7112/2395/1382 7109/2396/1382
f 7114/2389/1378 7110/2398/1378 7112/2392/1378
f 7112/2392/1378 7101/2385/1378 7104/2387/1378
f 7104/2387/1378 7114/2389/1378 7112/2392/1378
f 7110/2399/1381 7114/2406/1381 7111/2402/1381
f 7114/2406/1383 7106/2407/1383 7111/2402/1383
f 7104/2387/1378 7107/2388/1378 7114/2389/1378
f 7114/2406/1383 7107/2390/1383 7106/2407/1383
f 7101/2377/1375 7113/2394/1375 7100/2378/1375
f 7113/2394/1382 7109/2396/1382 7100/2378/1382
f 7118/2374/1384 7115/2375/1384 7116/2376/1384
f 7117/2377/1385 7116/2378/1385 7115/2379/1385
f 7119/2380/1386 7117/2381/1386 7115/2382/1386
f 7119/2380/1386 7115/2382/1386 7118/2383/1386
f 7121/2391/1387 7120/2384/1387 7119/2380/1387
f 7117/2385/1388 7119/2386/1388 7120/2387/1388
f 7121/2391/1387 7119/2380/1387 7118/2383/1387
f 7122/2404/1384 7121/2405/1384 7124/2401/1384
f 7123/2390/1389 7121/2391/1389 7122/2407/1389
f 7123/2390/1389 7120/2384/1389 7121/2391/1389
f 7121/2405/1384 7118/2374/1384 7124/2401/1384
f 7125/2400/1384 7124/2401/1384 7118/2374/1384
f 7128/2395/1390 7124/2397/1390 7125/2396/1390
f 7128/2395/1390 7126/2399/1390 7124/2397/1390
f 7126/2399/1391 7127/2402/1391 7124/2397/1391
f 7124/2401/1384 7127/2403/1384 7122/2404/1384
f 7128/2392/1388 7129/2393/1388 7117/2385/1388
f 7129/2394/1392 7128/2395/1392 7125/2396/1392
f 7130/2389/1388 7126/2398/1388 7128/2392/1388
f 7128/2392/1388 7117/2385/1388 7130/2389/1388
f 7126/2399/1391 7130/2406/1391 7127/2402/1391
f 7130/2406/1393 7122/2407/1393 7127/2402/1393
f 7120/2387/1388 7123/2388/1388 7130/2389/1388
f 7130/2406/1393 7123/2390/1393 7122/2407/1393
f 7117/2385/1388 7120/2387/1388 7130/2389/1388
f 7117/2377/1385 7129/2394/1385 7116/2378/1385
f 7129/2394/1392 7125/2396/1392 7116/2378/1392
f 7116/2376/1384 7125/2400/1384 7118/2374/1384
f 7134/2374/1364 7131/2375/1364 7132/2376/1364
f 7133/2377/1394 7132/2378/1394 7131/2379/1394
f 7135/2380/1395 7133/2381/1395 7131/2382/1395
f 7135/2380/1395 7131/2382/1395 7134/2383/1395
f 7136/2384/1396 7135/2380/1396 7134/2383/1396
f 7135/2386/1368 7136/2387/1368 7137/2392/1368
f 7133/2385/1368 7135/2386/1368 7137/2392/1368
f 7137/2392/1368 7138/2393/1368 7133/2385/1368
f 7138/2394/1397 7137/2395/1397 7139/2396/1397
f 7137/2395/1398 7141/2397/1398 7139/2396/1398
f 7137/2395/1398 7140/2399/1398 7141/2397/1398
f 7140/2398/1368 7137/2392/1368 7136/2387/1368
f 7132/2376/1364 7139/2400/1364 7141/2401/1364
f 7140/2399/1399 7142/2402/1399 7141/2397/1399
f 7141/2401/1364 7142/2403/1364 7143/2404/1364
f 7134/2374/1364 7132/2376/1364 7141/2401/1364
f 7141/2401/1364 7143/2404/1364 7134/2374/1364
f 7146/2406/1400 7143/2407/1400 7142/2402/1400
f 7146/2406/1400 7144/2390/1400 7143/2407/1400
f 7144/2390/1401 7145/2391/1401 7143/2407/1401
f 7143/2404/1364 7145/2405/1364 7134/2374/1364
f 7146/2389/1368 7140/2398/1368 7136/2387/1368
f 7140/2399/1399 7146/2406/1399 7142/2402/1399
f 7136/2387/1368 7144/2388/1368 7146/2389/1368
f 7144/2390/1401 7136/2384/1401 7145/2391/1401
f 7136/2384/1396 7134/2383/1396 7145/2391/1396
f 7138/2394/1397 7139/2396/1397 7132/2378/1397
f 7133/2377/1394 7138/2394/1394 7132/2378/1394
f 7150/2374/1402 7147/2375/1402 7148/2376/1402
f 7149/2377/1403 7148/2378/1403 7147/2379/1403
f 7151/2380/1404 7149/2381/1404 7147/2382/1404
f 7151/2380/1404 7147/2382/1404 7150/2383/1404
f 7154/2391/1405 7152/2384/1405 7151/2380/1405
f 7151/2386/1406 7152/2387/1406 7153/2392/1406
f 7154/2391/1405 7151/2380/1405 7150/2383/1405
f 7149/2385/1406 7151/2386/1406 7153/2392/1406
f 7155/2404/1402 7154/2405/1402 7150/2374/1402
f 7155/2407/1407 7152/2384/1407 7154/2391/1407
f 7159/2401/1408 7156/2403/1408 7155/2404/1408
f 7158/2406/1409 7155/2407/1409 7156/2402/1409
f 7155/2407/1407 7157/2390/1407 7152/2384/1407
f 7158/2406/1409 7157/2390/1409 7155/2407/1409
f 7159/2401/1402 7155/2404/1402 7150/2374/1402
f 7148/2376/1402 7160/2400/1402 7159/2401/1402
f 7153/2395/1410 7159/2397/1410 7160/2396/1410
f 7159/2397/1411 7161/2399/1411 7158/2406/1411
f 7153/2395/1410 7161/2399/1410 7159/2397/1410
f 7159/2397/1411 7158/2406/1411 7156/2402/1411
f 7150/2374/1402 7148/2376/1402 7159/2401/1402
f 7161/2398/1406 7153/2392/1406 7152/2387/1406
f 7158/2389/1406 7161/2398/1406 7152/2387/1406
f 7148/2378/1412 7153/2395/1412 7160/2396/1412
f 7152/2387/1406 7157/2388/1406 7158/2389/1406
f 7153/2392/1406 7162/2393/1406 7149/2385/1406
f 7148/2378/1413 7162/2394/1413 7153/2395/1413
f 7149/2377/1403 7162/2394/1403 7148/2378/1403
f 7166/2374/1414 7163/2375/1414 7164/2376/1414
f 7163/2379/1415 7167/2394/1415 7164/2378/1415
f 7168/2380/1416 7165/2381/1416 7163/2382/1416
f 7163/2379/1415 7165/2377/1415 7167/2394/1415
f 7168/2380/1416 7163/2382/1416 7166/2383/1416
f 7170/2391/1417 7169/2384/1417 7168/2380/1417
f 7165/2385/1418 7168/2386/1418 7169/2387/1418
f 7170/2391/1417 7168/2380/1417 7166/2383/1417
f 7171/2404/1414 7170/2405/1414 7166/2374/1414
f 7171/2407/1419 7169/2384/1419 7170/2391/1419
f 7175/2401/1414 7172/2403/1414 7171/2404/1414
f 7174/2406/1420 7171/2407/1420 7172/2402/1420
f 7171/2407/1421 7173/2390/1421 7169/2384/1421
f 7174/2406/1420 7173/2390/1420 7171/2407/1420
f 7175/2401/1414 7171/2404/1414 7166/2374/1414
f 7176/2400/1414 7175/2401/1414 7166/2374/1414
f 7178/2395/1422 7175/2397/1422 7176/2396/1422
f 7175/2397/1423 7177/2399/1423 7174/2406/1423
f 7178/2395/1422 7177/2399/1422 7175/2397/1422
f 7175/2397/1423 7174/2406/1423 7172/2402/1423
f 7178/2392/1424 7167/2393/1424 7165/2385/1424
f 7167/2394/1425 7178/2395/1425 7176/2396/1425
f 7174/2389/1424 7177/2398/1424 7178/2392/1424
f 7178/2392/1418 7165/2385/1418 7169/2387/1418
f 7169/2387/1418 7174/2389/1418 7178/2392/1418
f 7164/2376/1414 7176/2400/1414 7166/2374/1414
f 7167/2394/1425 7176/2396/1425 7164/2378/1425
f 7169/2387/1418 7173/2388/1418 7174/2389/1418
f 7182/2374/1364 7179/2375/1364 7180/2376/1364
f 7181/2377/1426 7180/2378/1426 7179/2379/1426
f 7183/2380/1427 7181/2381/1427 7179/2382/1427
f 7183/2380/1427 7179/2382/1427 7182/2383/1427
f 7184/2384/1428 7183/2380/1428 7182/2383/1428
f 7181/2385/1368 7183/2386/1368 7184/2387/1368
f 7184/2387/1368 7185/2388/1368 7187/2389/1368
f 7185/2390/1429 7184/2384/1429 7186/2391/1429
f 7184/2384/1428 7182/2383/1428 7186/2391/1428
f 7188/2392/1368 7181/2385/1368 7184/2387/1368
f 7184/2387/1368 7187/2389/1368 7188/2392/1368
f 7188/2392/1368 7189/2393/1368 7181/2385/1368
f 7189/2394/1430 7188/2395/1430 7190/2396/1430
f 7188/2395/1431 7192/2397/1431 7190/2396/1431
f 7187/2389/1368 7191/2398/1368 7188/2392/1368
f 7188/2395/1431 7191/2399/1431 7192/2397/1431
f 7190/2400/1364 7192/2401/1364 7182/2374/1364
f 7191/2399/1432 7193/2402/1432 7192/2397/1432
f 7192/2401/1364 7193/2403/1364 7194/2404/1364
f 7186/2405/1364 7182/2374/1364 7192/2401/1364
f 7194/2404/1364 7186/2405/1364 7192/2401/1364
f 7187/2406/1433 7194/2407/1433 7193/2402/1433
f 7187/2406/1433 7185/2390/1433 7194/2407/1433
f 7185/2390/1429 7186/2391/1429 7194/2407/1429
f 7191/2399/1432 7187/2406/1432 7193/2402/1432
f 7180/2376/1364 7190/2400/1364 7182/2374/1364
f 7189/2394/1430 7190/2396/1430 7180/2378/1430
f 7181/2377/1426 7189/2394/1426 7180/2378/1426
f 7198/2374/1434 7195/2375/1434 7196/2376/1434
f 7195/2379/1435 7199/2394/1435 7196/2378/1435
f 7195/2379/1436 7197/2377/1436 7199/2394/1436
f 7198/2383/1437 7197/2381/1437 7195/2382/1437
f 7199/2393/1438 7197/2385/1438 7202/2387/1438
f 7199/2394/1439 7201/2396/1439 7196/2378/1439
f 7200/2392/1440 7199/2393/1440 7202/2387/1440
f 7199/2394/1439 7200/2395/1439 7201/2396/1439
f 7202/2387/1441 7203/2388/1441 7207/2389/1441
f 7206/2407/1442 7203/2390/1442 7202/2384/1442
f 7202/2384/1443 7198/2383/1443 7204/2391/1443
f 7206/2407/1442 7202/2384/1442 7204/2391/1442
f 7202/2384/1444 7205/2380/1444 7198/2383/1444
f 7197/2385/1440 7205/2386/1440 7202/2387/1440
f 7202/2387/1440 7207/2389/1440 7200/2392/1440
f 7207/2389/1445 7208/2398/1445 7200/2392/1445
f 7208/2399/1446 7207/2406/1446 7209/2402/1446
f 7207/2406/1447 7206/2407/1447 7209/2402/1447
f 7207/2406/1448 7203/2390/1448 7206/2407/1448
f 7210/2401/1449 7209/2403/1449 7198/2374/1449
f 7208/2399/1446 7209/2402/1446 7210/2397/1446
f 7209/2403/1449 7206/2404/1449 7198/2374/1449
f 7201/2400/1449 7210/2401/1449 7198/2374/1449
f 7201/2396/1450 7208/2399/1450 7210/2397/1450
f 7201/2396/1450 7200/2395/1450 7208/2399/1450
f 7206/2404/1449 7204/2405/1449 7198/2374/1449
f 7198/2383/1437 7205/2380/1437 7197/2381/1437
f 7196/2376/1449 7201/2400/1449 7198/2374/1449
f 7214/2374/1451 7211/2375/1451 7212/2376/1451
f 7213/2377/1452 7212/2378/1452 7211/2379/1452
f 7214/2383/1453 7213/2381/1453 7211/2382/1453
f 7221/2404/1451 7215/2405/1451 7214/2374/1451
f 7217/2384/1454 7214/2383/1454 7215/2391/1454
f 7214/2383/1455 7216/2380/1455 7213/2381/1455
f 7217/2384/1456 7216/2380/1456 7214/2383/1456
f 7212/2376/1451 7218/2400/1451 7214/2374/1451
f 7218/2400/1451 7219/2401/1451 7214/2374/1451
f 7219/2401/1451 7220/2403/1451 7214/2374/1451
f 7220/2403/1451 7221/2404/1451 7214/2374/1451
f 7220/2402/1457 7222/2390/1457 7221/2407/1457
f 7222/2390/1458 7215/2391/1458 7221/2407/1458
f 7217/2387/1459 7222/2388/1459 7223/2389/1459
f 7220/2402/1457 7223/2406/1457 7222/2390/1457
f 7222/2390/1460 7217/2384/1460 7215/2391/1460
f 7223/2389/1459 7224/2398/1459 7225/2392/1459
f 7224/2399/1461 7223/2406/1461 7220/2402/1461
f 7213/2385/1459 7217/2387/1459 7223/2389/1459
f 7225/2392/1459 7213/2385/1459 7223/2389/1459
f 7225/2392/1462 7226/2393/1462 7213/2385/1462
f 7212/2378/1463 7226/2394/1463 7225/2395/1463
f 7218/2396/1464 7225/2395/1464 7224/2399/1464
f 7212/2378/1465 7225/2395/1465 7218/2396/1465
f 7213/2377/1452 7226/2394/1452 7212/2378/1452
f 7224/2399/1466 7220/2402/1466 7219/2397/1466
f 7218/2396/1464 7224/2399/1464 7219/2397/1464
f 7213/2385/1467 7216/2386/1467 7217/2387/1467
f 7243/2373/1468 7240/2373/1468 7239/2373/1468
f 7246/2373/1469 7239/2373/1469 7240/2373/1469
f 7239/2373/1468 7241/2373/1468 7244/2373/1468
f 7239/2373/1470 7245/2373/1470 7241/2373/1470
f 7246/2373/1469 7242/2373/1469 7239/2373/1469
f 7239/2373/1470 7242/2373/1470 7245/2373/1470
f 7239/2373/1468 7244/2373/1468 7243/2373/1468
f 7242/2373/1471 7246/2373/1471 7248/2373/1471
f 7247/2373/1472 7246/2373/1472 7240/2373/1472
f 7246/2373/1471 7247/2373/1471 7248/2373/1471
f 7249/2373/1473 7248/2373/1473 7250/2373/1473
f 7248/2373/1471 7249/2373/1471 7245/2373/1471
f 7248/2373/1474 7247/2373/1474 7243/2373/1474
f 7248/2373/1474 7243/2373/1474 7250/2373/1474
f 7245/2373/1471 7242/2373/1471 7248/2373/1471
f 7244/2373/1468 7250/2373/1468 7243/2373/1468
f 7249/2373/1473 7250/2373/1473 7244/2373/1473
f 7241/2373/1475 7245/2373/1475 7249/2373/1475
f 7241/2373/1475 7249/2373/1475 7244/2373/1475
f 7247/2373/1472 7240/2373/1472 7243/2373/1472
f 7267/2373/1476 7264/2373/1476 7263/2373/1476
f 7269/2373/1477 7263/2373/1477 7264/2373/1477
f 7263/2373/1476 7265/2373/1476 7267/2373/1476
f 7263/2373/1478 7268/2373/1478 7265/2373/1478
f 7269/2373/1477 7266/2373/1477 7263/2373/1477
f 7263/2373/1478 7266/2373/1478 7268/2373/1478
f 7268/2373/1479 7266/2373/1479 7269/2373/1479
f 7270/2373/1480 7269/2373/1480 7264/2373/1480
f 7269/2373/1479 7270/2373/1479 7268/2373/1479
f 7271/2373/1481 7270/2373/1481 7267/2373/1481
f 7270/2373/1479 7271/2373/1479 7268/2373/1479
f 7270/2373/1480 7264/2373/1480 7267/2373/1480
f 7272/2373/1482 7271/2373/1482 7273/2373/1482
f 7271/2373/1479 7272/2373/1479 7268/2373/1479
f 7271/2373/1481 7267/2373/1481 7273/2373/1481
f 7274/2373/1476 7273/2373/1476 7267/2373/1476
f 7272/2373/1482 7273/2373/1482 7274/2373/1482
f 7265/2373/1476 7274/2373/1476 7267/2373/1476
f 7265/2373/1483 7272/2373/1483 7274/2373/1483
f 7265/2373/1483 7268/2373/1483 7272/2373/1483
usemtl Amber
f 7231/2373/1356 7228/2373/1356 7227/2373/1356
f 7233/2373/1363 7227/2373/1363 7228/2373/1363
f 7227/2373/1356 7229/2373/1356 7232/2373/1356
f 7230/2373/1358 7229/2373/1358 7227/2373/1358
f 7233/2373/1363 7230/2373/1363 7227/2373/1363
f 7227/2373/1356 7232/2373/1356 7231/2373/1356
f 7235/2373/1357 7230/2373/1357 7233/2373/1357
f 7234/2373/1362 7233/2373/1362 7228/2373/1362
f 7233/2373/1357 7234/2373/1357 7236/2373/1357
f 7233/2373/1357 7236/2373/1357 7235/2373/1357
f 7237/2373/1360 7236/2373/1360 7238/2373/1360
f 7236/2373/1357 7237/2373/1357 7235/2373/1357
f 7236/2373/1361 7234/2373/1361 7231/2373/1361
f 7236/2373/1361 7231/2373/1361 7238/2373/1361
f 7232/2373/1356 7238/2373/1356 7231/2373/1356
f 7237/2373/1360 7238/2373/1360 7232/2373/1360
f 7235/2373/1359 7237/2373/1359 7232/2373/1359
f 7230/2373/1358 7235/2373/1358 7229/2373/1358
f 7235/2373/1359 7232/2373/1359 7229/2373/1359
f 7234/2373/1362 7228/2373/1362 7231/2373/1362
f 7255/2373/1468 7252/2373/1468 7251/2373/1468
f 7257/2373/1469 7251/2373/1469 7252/2373/1469
f 7251/2373/1468 7253/2373/1468 7256/2373/1468
f 7254/2373/1470 7253/2373/1470 7251/2373/1470
f 7257/2373/1469 7254/2373/1469 7251/2373/1469
f 7251/2373/1468 7256/2373/1468 7255/2373/1468
f 7259/2373/1471 7254/2373/1471 7257/2373/1471
f 7258/2373/1472 7257/2373/1472 7252/2373/1472
f 7257/2373/1471 7258/2373/1471 7259/2373/1471
f 7254/2373/1470 7259/2373/1470 7253/2373/1470
f 7259/2373/1475 7260/2373/1475 7256/2373/1475
f 7261/2373/1471 7260/2373/1471 7259/2373/1471
f 7259/2373/1475 7256/2373/1475 7253/2373/1475
f 7258/2373/1471 7261/2373/1471 7259/2373/1471
f 7260/2373/1473 7261/2373/1473 7262/2373/1473
f 7261/2373/1474 7258/2373/1474 7255/2373/1474
f 7261/2373/1474 7255/2373/1474 7262/2373/1474
f 7256/2373/1468 7262/2373/1468 7255/2373/1468
f 7260/2373/1473 7262/2373/1473 7256/2373/1473
f 7258/2373/1472 7252/2373/1472 7255/2373/1472
f 7279/2373/1476 7276/2373/1476 7275/2373/1476
f 7281/2373/1477 7275/2373/1477 7276/2373/1477
f 7275/2373/1476 7277/2373/1476 7280/2373/1476
f 7278/2373/1478 7277/2373/1478 7275/2373/1478
f 7281/2373/1477 7278/2373/1477 7275/2373/1477
f 7275/2373/1476 7280/2373/1476 7279/2373/1476
f 7278/2373/1479 7281/2373/1479 7283/2373/1479
f 7279/2373/1480 7282/2373/1480 7281/2373/1480
f 7281/2373/1479 7282/2373/1479 7283/2373/1479
f 7279/2373/1480 7281/2373/1480 7276/2373/1480
f 7284/2373/1482 7283/2373/1482 7285/2373/1482
f 7283/2373/1479 7284/2373/1479 7286/2373/1479
f 7285/2373/1481 7283/2373/1481 7282/2373/1481
f 7286/2373/1479 7278/2373/1479 7283/2373/1479
f 7278/2373/1478 7286/2373/1478 7277/2373/1478
f 7286/2373/1483 7284/2373/1483 7280/2373/1483
f 7286/2373/1483 7280/2373/1483 7277/2373/1483
f 7280/2373/1476 7285/2373/1476 7279/2373/1476
f 7285/2373/1481 7282/2373/1481 7279/2373/1481
f 7284/2373/1482 7285/2373/1482 7280/2373/1482
