# Blender 5.2.1 LTS
# www.blender.org
mtllib gingerbread-manor-seasonal-visual.mtl
o IcingTrim_01
v 12.500000 0.900000 -0.350000
v 12.500000 17.000000 -0.350000
v 12.676777 0.900000 -0.276777
v 12.676777 17.000000 -0.276777
v 12.750000 0.900000 -0.100000
v 12.750000 17.000000 -0.100000
v 12.676777 0.900000 0.076777
v 12.676777 17.000000 0.076777
v 12.500000 0.900000 0.150000
v 12.500000 17.000000 0.150000
v 12.323223 0.900000 0.076777
v 12.323223 17.000000 0.076777
v 12.250000 0.900000 -0.100000
v 12.250000 17.000000 -0.100000
v 12.323223 0.900000 -0.276777
v 12.323223 17.000000 -0.276777
v -12.500000 0.900000 -0.350000
v -12.500000 17.000000 -0.350000
v -12.323223 0.900000 -0.276777
v -12.323223 17.000000 -0.276777
v -12.250000 0.900000 -0.100000
v -12.250000 17.000000 -0.100000
v -12.323223 0.900000 0.076777
v -12.323223 17.000000 0.076777
v -12.500000 0.900000 0.150000
v -12.500000 17.000000 0.150000
v -12.676777 0.900000 0.076777
v -12.676777 17.000000 0.076777
v -12.750000 0.900000 -0.100000
v -12.750000 17.000000 -0.100000
v -12.676777 0.900000 -0.276777
v -12.676777 17.000000 -0.276777
v 13.000000 17.360001 -2.000000
v 13.000000 17.170380 -1.660213
v 13.000000 16.900000 -1.580000
v 13.000000 16.757851 -1.600556
v 13.000000 16.629620 -1.660213
v 13.000000 16.462513 -1.870213
v 13.000000 16.439999 -2.000000
v 12.887657 17.337486 -1.880092
v 12.786311 17.272148 -1.771922
v 12.705882 17.170380 -1.686078
v 12.654243 17.042149 -1.630962
v 12.636451 16.900000 -1.611971
v 12.654243 16.757851 -1.630962
v 12.705882 16.629620 -1.686078
v 12.786311 16.527851 -1.771922
v 12.887657 16.462513 -1.880092
v 12.792418 17.337486 -1.908227
v 12.605154 17.272148 -1.825437
v 12.456541 17.170380 -1.759734
v 12.361126 17.042149 -1.717551
v 12.328248 16.900000 -1.703015
v 12.361126 16.757851 -1.717551
v 12.456541 16.629620 -1.759734
v 12.605154 16.527851 -1.825437
v 12.792418 16.462513 -1.908227
v 12.728780 17.337486 -1.950333
v 12.484109 17.272148 -1.905527
v 12.289937 17.170380 -1.869969
v 12.165271 17.042149 -1.847140
v 12.122314 16.900000 -1.839273
v 12.165271 16.757851 -1.847140
v 12.289937 16.629620 -1.869969
v 12.484109 16.527851 -1.905527
v 12.728780 16.462513 -1.950333
v 12.706433 17.337486 -2.000000
v 12.441604 17.272148 -2.000000
v 12.231434 17.170380 -2.000000
v 12.096496 17.042149 -2.000000
v 12.049999 16.900000 -2.000000
v 12.096496 16.757851 -2.000000
v 12.231434 16.629620 -2.000000
v 12.441604 16.527851 -2.000000
v 12.706433 16.462513 -2.000000
v 12.728780 17.337486 -2.049667
v 12.484109 17.272148 -2.094473
v 12.289937 17.170380 -2.130031
v 12.165272 17.042149 -2.152861
v 12.122314 16.900000 -2.160727
v 12.165272 16.757851 -2.152861
v 12.289937 16.629620 -2.130031
v 12.484109 16.527851 -2.094473
v 12.728780 16.462513 -2.049667
v 12.792418 17.337486 -2.091773
v 12.605154 17.272148 -2.174563
v 12.456542 17.170380 -2.240266
v 12.361126 17.042149 -2.282449
v 12.328248 16.900000 -2.296985
v 12.361126 16.757851 -2.282449
v 12.456542 16.629620 -2.240266
v 12.605154 16.527851 -2.174563
v 12.792418 16.462513 -2.091773
v 12.887657 17.337486 -2.119908
v 12.786311 17.272148 -2.228078
v 12.705882 17.170380 -2.313922
v 12.654244 17.042149 -2.369038
v 12.636451 16.900000 -2.388029
v 12.654244 16.757851 -2.369038
v 12.705882 16.629620 -2.313922
v 12.786311 16.527851 -2.228078
v 12.887657 16.462513 -2.119908
v 13.000000 17.337486 -2.129787
v 13.000000 17.272148 -2.246870
v 13.000000 17.170380 -2.339787
v 13.000000 17.042149 -2.399444
v 13.000000 16.900000 -2.420000
v 13.000000 16.757851 -2.399444
v 13.000000 16.629620 -2.339787
v 13.000000 16.527851 -2.246870
v 13.000000 16.462513 -2.129787
v 13.112343 17.337486 -2.119908
v 13.213689 17.272148 -2.228078
v 13.294117 17.170380 -2.313922
v 13.345756 17.042149 -2.369038
v 13.363549 16.900000 -2.388029
v 13.345756 16.757851 -2.369038
v 13.294117 16.629620 -2.313922
v 13.213689 16.527851 -2.228078
v 13.112343 16.462513 -2.119908
v 13.207582 17.337486 -2.091773
v 13.394845 17.272148 -2.174563
v 13.543458 17.170380 -2.240266
v 13.638873 17.042149 -2.282449
v 13.671751 16.900000 -2.296985
v 13.638873 16.757851 -2.282449
v 13.543458 16.629620 -2.240266
v 13.394845 16.527851 -2.174563
v 13.207582 16.462513 -2.091773
v 13.271219 17.337486 -2.049667
v 13.515890 17.272148 -2.094473
v 13.710062 17.170380 -2.130031
v 13.834728 17.042149 -2.152860
v 13.877686 16.900000 -2.160727
v 13.834728 16.757851 -2.152860
v 13.710062 16.629620 -2.130031
v 13.515890 16.527851 -2.094473
v 13.271219 16.462513 -2.049667
v 13.293566 17.337486 -2.000000
v 13.558395 17.272148 -2.000000
v 13.768565 17.170380 -2.000000
v 13.903503 17.042149 -2.000000
v 13.950000 16.900000 -2.000000
v 13.903503 16.757851 -2.000000
v 13.768565 16.629620 -2.000000
v 13.558395 16.527851 -2.000000
v 13.293566 16.462513 -2.000000
v 13.271219 17.337486 -1.950333
v 13.515890 17.272148 -1.905527
v 13.710062 17.170380 -1.869969
v 13.834728 17.042149 -1.847139
v 13.877686 16.900000 -1.839273
v 13.834728 16.757851 -1.847139
v 13.710062 16.629620 -1.869969
v 13.515890 16.527851 -1.905527
v 13.271219 16.462513 -1.950333
v 13.207582 17.337486 -1.908227
v 13.394845 17.272148 -1.825437
v 13.543457 17.170380 -1.759734
v 13.638873 17.042149 -1.717551
v 13.671751 16.900000 -1.703015
v 13.638873 16.757851 -1.717551
v 13.543457 16.629620 -1.759734
v 13.394845 16.527851 -1.825437
v 13.207582 16.462513 -1.908227
v 13.112343 17.337486 -1.880092
v 13.213688 17.272148 -1.771922
v 13.294117 17.170380 -1.686078
v 13.345755 17.042149 -1.630962
v 13.363548 16.900000 -1.611971
v 13.345755 16.757851 -1.630962
v 13.294117 16.629620 -1.686078
v 13.213688 16.527851 -1.771922
v 13.112343 16.462513 -1.880092
v 13.000000 17.337486 -1.870213
v 12.999999 17.272148 -1.753130
v 12.999999 17.042149 -1.600556
v 12.999999 16.527851 -1.753130
v 11.380000 17.360001 -2.000000
v 11.380000 17.170380 -1.660213
v 11.380000 16.900000 -1.580000
v 11.380000 16.757851 -1.600556
v 11.380000 16.629620 -1.660213
v 11.380000 16.462513 -1.870213
v 11.380000 16.439999 -2.000000
v 11.267657 17.337486 -1.880092
v 11.166311 17.272148 -1.771922
v 11.085882 17.170380 -1.686078
v 11.034244 17.042149 -1.630962
v 11.016451 16.900000 -1.611971
v 11.034244 16.757851 -1.630962
v 11.085882 16.629620 -1.686078
v 11.166311 16.527851 -1.771922
v 11.267657 16.462513 -1.880092
v 11.172417 17.337486 -1.908227
v 10.985154 17.272148 -1.825437
v 10.836541 17.170380 -1.759734
v 10.741126 17.042149 -1.717551
v 10.708248 16.900000 -1.703015
v 10.741126 16.757851 -1.717551
v 10.836541 16.629620 -1.759734
v 10.985154 16.527851 -1.825437
v 11.172417 16.462513 -1.908227
v 11.108780 17.337486 -1.950333
v 10.864109 17.272148 -1.905527
v 10.669937 17.170380 -1.869969
v 10.545271 17.042149 -1.847140
v 10.502315 16.900000 -1.839273
v 10.545271 16.757851 -1.847140
v 10.669937 16.629620 -1.869969
v 10.864109 16.527851 -1.905527
v 11.108780 16.462513 -1.950333
v 11.086433 17.337486 -2.000000
v 10.821604 17.272148 -2.000000
v 10.611434 17.170380 -2.000000
v 10.476496 17.042149 -2.000000
v 10.430000 16.900000 -2.000000
v 10.476496 16.757851 -2.000000
v 10.611434 16.629620 -2.000000
v 10.821604 16.527851 -2.000000
v 11.086433 16.462513 -2.000000
v 11.108780 17.337486 -2.049667
v 10.864109 17.272148 -2.094473
v 10.669937 17.170380 -2.130031
v 10.545271 17.042149 -2.152861
v 10.502315 16.900000 -2.160727
v 10.545271 16.757851 -2.152861
v 10.669937 16.629620 -2.130031
v 10.864109 16.527851 -2.094473
v 11.108780 16.462513 -2.049667
v 11.172417 17.337486 -2.091773
v 10.985154 17.272148 -2.174563
v 10.836542 17.170380 -2.240266
v 10.741126 17.042149 -2.282449
v 10.708248 16.900000 -2.296985
v 10.741126 16.757851 -2.282449
v 10.836542 16.629620 -2.240266
v 10.985154 16.527851 -2.174563
v 11.172417 16.462513 -2.091773
v 11.267657 17.337486 -2.119908
v 11.166311 17.272148 -2.228078
v 11.085882 17.170380 -2.313922
v 11.034245 17.042149 -2.369038
v 11.016451 16.900000 -2.388029
v 11.034245 16.757851 -2.369038
v 11.085882 16.629620 -2.313922
v 11.166311 16.527851 -2.228078
v 11.267657 16.462513 -2.119908
v 11.380000 17.337486 -2.129787
v 11.380000 17.272148 -2.246870
v 11.380000 17.170380 -2.339787
v 11.380000 17.042149 -2.399444
v 11.380000 16.900000 -2.420000
v 11.380000 16.757851 -2.399444
v 11.380000 16.629620 -2.339787
v 11.380000 16.527851 -2.246870
v 11.380000 16.462513 -2.129787
v 11.492343 17.337486 -2.119908
v 11.593689 17.272148 -2.228078
v 11.674117 17.170380 -2.313922
v 11.725756 17.042149 -2.369038
v 11.743549 16.900000 -2.388029
v 11.725756 16.757851 -2.369038
v 11.674117 16.629620 -2.313922
v 11.593689 16.527851 -2.228078
v 11.492343 16.462513 -2.119908
v 11.587583 17.337486 -2.091773
v 11.774845 17.272148 -2.174563
v 11.923458 17.170380 -2.240266
v 12.018873 17.042149 -2.282449
v 12.051751 16.900000 -2.296985
v 12.018873 16.757851 -2.282449
v 11.923458 16.629620 -2.240266
v 11.774845 16.527851 -2.174563
v 11.587583 16.462513 -2.091773
v 11.651219 17.337486 -2.049667
v 11.895890 17.272148 -2.094473
v 12.090062 17.170380 -2.130031
v 12.214728 17.042149 -2.152860
v 12.257686 16.900000 -2.160727
v 12.214728 16.757851 -2.152860
v 12.090062 16.629620 -2.130031
v 11.895890 16.527851 -2.094473
v 11.651219 16.462513 -2.049667
v 11.673566 17.337486 -2.000000
v 11.938396 17.272148 -2.000000
v 12.148565 17.170380 -2.000000
v 12.283504 17.042149 -2.000000
v 12.330000 16.900000 -2.000000
v 12.283504 16.757851 -2.000000
v 12.148565 16.629620 -2.000000
v 11.938396 16.527851 -2.000000
v 11.673566 16.462513 -2.000000
v 11.651219 17.337486 -1.950333
v 11.895890 17.272148 -1.905527
v 12.090062 17.170380 -1.869969
v 12.214728 17.042149 -1.847139
v 12.257685 16.900000 -1.839273
v 12.214728 16.757851 -1.847139
v 12.090062 16.629620 -1.869969
v 11.895890 16.527851 -1.905527
v 11.651219 16.462513 -1.950333
v 11.587583 17.337486 -1.908227
v 11.774845 17.272148 -1.825437
v 11.923458 17.170380 -1.759734
v 12.018873 17.042149 -1.717551
v 12.051751 16.900000 -1.703015
v 12.018873 16.757851 -1.717551
v 11.923458 16.629620 -1.759734
v 11.774845 16.527851 -1.825437
v 11.587583 16.462513 -1.908227
v 11.492343 17.337486 -1.880092
v 11.593688 17.272148 -1.771922
v 11.674117 17.170380 -1.686078
v 11.725755 17.042149 -1.630962
v 11.743548 16.900000 -1.611971
v 11.725755 16.757851 -1.630962
v 11.674117 16.629620 -1.686078
v 11.593688 16.527851 -1.771922
v 11.492343 16.462513 -1.880092
v 11.380000 17.337486 -1.870213
v 11.379999 17.272148 -1.753130
v 11.379999 17.042149 -1.600556
v 11.379999 16.527851 -1.753130
v 9.760000 17.360001 -2.000000
v 9.760000 17.170380 -1.660213
v 9.760000 16.900000 -1.580000
v 9.760000 16.757851 -1.600556
v 9.760000 16.629620 -1.660213
v 9.760000 16.462513 -1.870213
v 9.760000 16.439999 -2.000000
v 9.647657 17.337486 -1.880092
v 9.546311 17.272148 -1.771922
v 9.465882 17.170380 -1.686078
v 9.414244 17.042149 -1.630962
v 9.396451 16.900000 -1.611971
v 9.414244 16.757851 -1.630962
v 9.465882 16.629620 -1.686078
v 9.546311 16.527851 -1.771922
v 9.647657 16.462513 -1.880092
v 9.552418 17.337486 -1.908227
v 9.365154 17.272148 -1.825437
v 9.216541 17.170380 -1.759734
v 9.121126 17.042149 -1.717551
v 9.088248 16.900000 -1.703015
v 9.121126 16.757851 -1.717551
v 9.216541 16.629620 -1.759734
v 9.365154 16.527851 -1.825437
v 9.552418 16.462513 -1.908227
v 9.488780 17.337486 -1.950333
v 9.244109 17.272148 -1.905527
v 9.049937 17.170380 -1.869969
v 8.925272 17.042149 -1.847140
v 8.882315 16.900000 -1.839273
v 8.925272 16.757851 -1.847140
v 9.049937 16.629620 -1.869969
v 9.244109 16.527851 -1.905527
v 9.488780 16.462513 -1.950333
v 9.466434 17.337486 -2.000000
v 9.201604 17.272148 -2.000000
v 8.991434 17.170380 -2.000000
v 8.856497 17.042149 -2.000000
v 8.809999 16.900000 -2.000000
v 8.856497 16.757851 -2.000000
v 8.991434 16.629620 -2.000000
v 9.201604 16.527851 -2.000000
v 9.466434 16.462513 -2.000000
v 9.488780 17.337486 -2.049667
v 9.244109 17.272148 -2.094473
v 9.049937 17.170380 -2.130031
v 8.925272 17.042149 -2.152861
v 8.882315 16.900000 -2.160727
v 8.925272 16.757851 -2.152861
v 9.049937 16.629620 -2.130031
v 9.244109 16.527851 -2.094473
v 9.488780 16.462513 -2.049667
v 9.552418 17.337486 -2.091773
v 9.365154 17.272148 -2.174563
v 9.216542 17.170380 -2.240266
v 9.121126 17.042149 -2.282449
v 9.088249 16.900000 -2.296985
v 9.121126 16.757851 -2.282449
v 9.216542 16.629620 -2.240266
v 9.365154 16.527851 -2.174563
v 9.552418 16.462513 -2.091773
v 9.647657 17.337486 -2.119908
v 9.546311 17.272148 -2.228078
v 9.465883 17.170380 -2.313922
v 9.414245 17.042149 -2.369038
v 9.396451 16.900000 -2.388029
v 9.414245 16.757851 -2.369038
v 9.465883 16.629620 -2.313922
v 9.546311 16.527851 -2.228078
v 9.647657 16.462513 -2.119908
v 9.760000 17.337486 -2.129787
v 9.760000 17.272148 -2.246870
v 9.760000 17.170380 -2.339787
v 9.760000 17.042149 -2.399444
v 9.760000 16.900000 -2.420000
v 9.760000 16.757851 -2.399444
v 9.760000 16.629620 -2.339787
v 9.760000 16.527851 -2.246870
v 9.760000 16.462513 -2.129787
v 9.872343 17.337486 -2.119908
v 9.973689 17.272148 -2.228078
v 10.054117 17.170380 -2.313922
v 10.105756 17.042149 -2.369038
v 10.123549 16.900000 -2.388029
v 10.105756 16.757851 -2.369038
v 10.054117 16.629620 -2.313922
v 9.973689 16.527851 -2.228078
v 9.872343 16.462513 -2.119908
v 9.967583 17.337486 -2.091773
v 10.154846 17.272148 -2.174563
v 10.303458 17.170380 -2.240266
v 10.398873 17.042149 -2.282449
v 10.431751 16.900000 -2.296985
v 10.398873 16.757851 -2.282449
v 10.303458 16.629620 -2.240266
v 10.154846 16.527851 -2.174563
v 9.967583 16.462513 -2.091773
v 10.031219 17.337486 -2.049667
v 10.275890 17.272148 -2.094473
v 10.470062 17.170380 -2.130031
v 10.594728 17.042149 -2.152860
v 10.637686 16.900000 -2.160727
v 10.594728 16.757851 -2.152860
v 10.470062 16.629620 -2.130031
v 10.275890 16.527851 -2.094473
v 10.031219 16.462513 -2.049667
v 10.053566 17.337486 -2.000000
v 10.318396 17.272148 -2.000000
v 10.528565 17.170380 -2.000000
v 10.663504 17.042149 -2.000000
v 10.710000 16.900000 -2.000000
v 10.663504 16.757851 -2.000000
v 10.528565 16.629620 -2.000000
v 10.318396 16.527851 -2.000000
v 10.053566 16.462513 -2.000000
v 10.031219 17.337486 -1.950333
v 10.275890 17.272148 -1.905527
v 10.470062 17.170380 -1.869969
v 10.594728 17.042149 -1.847139
v 10.637686 16.900000 -1.839273
v 10.594728 16.757851 -1.847139
v 10.470062 16.629620 -1.869969
v 10.275890 16.527851 -1.905527
v 10.031219 16.462513 -1.950333
v 9.967583 17.337486 -1.908227
v 10.154845 17.272148 -1.825437
v 10.303457 17.170380 -1.759734
v 10.398873 17.042149 -1.717551
v 10.431751 16.900000 -1.703015
v 10.398873 16.757851 -1.717551
v 10.303457 16.629620 -1.759734
v 10.154845 16.527851 -1.825437
v 9.967583 16.462513 -1.908227
v 9.872343 17.337486 -1.880092
v 9.973688 17.272148 -1.771922
v 10.054117 17.170380 -1.686078
v 10.105755 17.042149 -1.630962
v 10.123549 16.900000 -1.611971
v 10.105755 16.757851 -1.630962
v 10.054117 16.629620 -1.686078
v 9.973688 16.527851 -1.771922
v 9.872343 16.462513 -1.880092
v 9.760000 17.337486 -1.870213
v 9.760000 17.272148 -1.753130
v 9.759999 17.042149 -1.600556
v 9.760000 16.527851 -1.753130
v 8.139999 17.360001 -2.000000
v 8.140000 17.170380 -1.660213
v 8.140000 16.900000 -1.580000
v 8.140000 16.757851 -1.600556
v 8.140000 16.629620 -1.660213
v 8.139999 16.462513 -1.870213
v 8.139999 16.439999 -2.000000
v 8.027657 17.337486 -1.880092
v 7.926311 17.272148 -1.771922
v 7.845882 17.170380 -1.686078
v 7.794244 17.042149 -1.630962
v 7.776451 16.900000 -1.611971
v 7.794244 16.757851 -1.630962
v 7.845882 16.629620 -1.686078
v 7.926311 16.527851 -1.771922
v 8.027657 16.462513 -1.880092
v 7.932417 17.337486 -1.908227
v 7.745154 17.272148 -1.825437
v 7.596541 17.170380 -1.759734
v 7.501126 17.042149 -1.717551
v 7.468248 16.900000 -1.703015
v 7.501126 16.757851 -1.717551
v 7.596541 16.629620 -1.759734
v 7.745154 16.527851 -1.825437
v 7.932417 16.462513 -1.908227
v 7.868780 17.337486 -1.950333
v 7.624109 17.272148 -1.905527
v 7.429937 17.170380 -1.869969
v 7.305271 17.042149 -1.847140
v 7.262314 16.900000 -1.839273
v 7.305271 16.757851 -1.847140
v 7.429937 16.629620 -1.869969
v 7.624109 16.527851 -1.905527
v 7.868780 16.462513 -1.950333
v 7.846434 17.337486 -2.000000
v 7.581604 17.272148 -2.000000
v 7.371434 17.170380 -2.000000
v 7.236496 17.042149 -2.000000
v 7.190000 16.900000 -2.000000
v 7.236496 16.757851 -2.000000
v 7.371434 16.629620 -2.000000
v 7.581604 16.527851 -2.000000
v 7.846434 16.462513 -2.000000
v 7.868780 17.337486 -2.049667
v 7.624109 17.272148 -2.094473
v 7.429937 17.170380 -2.130031
v 7.305272 17.042149 -2.152861
v 7.262314 16.900000 -2.160727
v 7.305272 16.757851 -2.152861
v 7.429937 16.629620 -2.130031
v 7.624109 16.527851 -2.094473
v 7.868780 16.462513 -2.049667
v 7.932417 17.337486 -2.091773
v 7.745154 17.272148 -2.174563
v 7.596542 17.170380 -2.240266
v 7.501127 17.042149 -2.282449
v 7.468249 16.900000 -2.296985
v 7.501127 16.757851 -2.282449
v 7.596542 16.629620 -2.240266
v 7.745154 16.527851 -2.174563
v 7.932417 16.462513 -2.091773
v 8.027657 17.337486 -2.119908
v 7.926311 17.272148 -2.228078
v 7.845883 17.170380 -2.313922
v 7.794244 17.042149 -2.369038
v 7.776451 16.900000 -2.388029
v 7.794244 16.757851 -2.369038
v 7.845883 16.629620 -2.313922
v 7.926311 16.527851 -2.228078
v 8.027657 16.462513 -2.119908
v 8.139999 17.337486 -2.129787
v 8.139999 17.272148 -2.246870
v 8.140000 17.170380 -2.339787
v 8.140000 17.042149 -2.399444
v 8.140000 16.900000 -2.420000
v 8.140000 16.757851 -2.399444
v 8.140000 16.629620 -2.339787
v 8.139999 16.527851 -2.246870
v 8.139999 16.462513 -2.129787
v 8.252342 17.337486 -2.119908
v 8.353689 17.272148 -2.228078
v 8.434118 17.170380 -2.313922
v 8.485756 17.042149 -2.369038
v 8.503550 16.900000 -2.388029
v 8.485756 16.757851 -2.369038
v 8.434118 16.629620 -2.313922
v 8.353689 16.527851 -2.228078
v 8.252342 16.462513 -2.119908
v 8.347582 17.337486 -2.091773
v 8.534845 17.272148 -2.174563
v 8.683458 17.170380 -2.240266
v 8.778873 17.042149 -2.282449
v 8.811752 16.900000 -2.296985
v 8.778873 16.757851 -2.282449
v 8.683458 16.629620 -2.240266
v 8.534845 16.527851 -2.174563
v 8.347582 16.462513 -2.091773
v 8.411220 17.337486 -2.049667
v 8.655890 17.272148 -2.094473
v 8.850062 17.170380 -2.130031
v 8.974729 17.042149 -2.152860
v 9.017686 16.900000 -2.160727
v 8.974729 16.757851 -2.152860
v 8.850062 16.629620 -2.130031
v 8.655890 16.527851 -2.094473
v 8.411220 16.462513 -2.049667
v 8.433566 17.337486 -2.000000
v 8.698396 17.272148 -2.000000
v 8.908566 17.170380 -2.000000
v 9.043504 17.042149 -2.000000
v 9.090000 16.900000 -2.000000
v 9.043504 16.757851 -2.000000
v 8.908566 16.629620 -2.000000
v 8.698396 16.527851 -2.000000
v 8.433566 16.462513 -2.000000
v 8.411220 17.337486 -1.950333
v 8.655890 17.272148 -1.905527
v 8.850062 17.170380 -1.869969
v 8.974729 17.042149 -1.847139
v 9.017685 16.900000 -1.839273
v 8.974729 16.757851 -1.847139
v 8.850062 16.629620 -1.869969
v 8.655890 16.527851 -1.905527
v 8.411220 16.462513 -1.950333
v 8.347582 17.337486 -1.908227
v 8.534845 17.272148 -1.825437
v 8.683458 17.170380 -1.759734
v 8.778873 17.042149 -1.717551
v 8.811751 16.900000 -1.703015
v 8.778873 16.757851 -1.717551
v 8.683458 16.629620 -1.759734
v 8.534845 16.527851 -1.825437
v 8.347582 16.462513 -1.908227
v 8.252342 17.337486 -1.880092
v 8.353688 17.272148 -1.771922
v 8.434116 17.170380 -1.686078
v 8.485756 17.042149 -1.630962
v 8.503549 16.900000 -1.611971
v 8.485756 16.757851 -1.630962
v 8.434116 16.629620 -1.686078
v 8.353688 16.527851 -1.771922
v 8.252342 16.462513 -1.880092
v 8.139999 17.337486 -1.870213
v 8.139999 17.272148 -1.753130
v 8.139999 17.042149 -1.600556
v 8.139999 16.527851 -1.753130
v 6.520000 17.360001 -2.000000
v 6.520000 17.170380 -1.660213
v 6.520000 16.900000 -1.580000
v 6.520000 16.757851 -1.600556
v 6.520000 16.629620 -1.660213
v 6.520000 16.462513 -1.870213
v 6.520000 16.439999 -2.000000
v 6.407657 17.337486 -1.880092
v 6.306311 17.272148 -1.771922
v 6.225883 17.170380 -1.686078
v 6.174244 17.042149 -1.630962
v 6.156451 16.900000 -1.611971
v 6.174244 16.757851 -1.630962
v 6.225883 16.629620 -1.686078
v 6.306311 16.527851 -1.771922
v 6.407657 16.462513 -1.880092
v 6.312418 17.337486 -1.908227
v 6.125154 17.272148 -1.825437
v 5.976542 17.170380 -1.759734
v 5.881126 17.042149 -1.717551
v 5.848248 16.900000 -1.703015
v 5.881126 16.757851 -1.717551
v 5.976542 16.629620 -1.759734
v 6.125154 16.527851 -1.825437
v 6.312418 16.462513 -1.908227
v 6.248780 17.337486 -1.950333
v 6.004109 17.272148 -1.905527
v 5.809937 17.170380 -1.869969
v 5.685271 17.042149 -1.847140
v 5.642314 16.900000 -1.839273
v 5.685271 16.757851 -1.847140
v 5.809937 16.629620 -1.869969
v 6.004109 16.527851 -1.905527
v 6.248780 16.462513 -1.950333
v 6.226434 17.337486 -2.000000
v 5.961604 17.272148 -2.000000
v 5.751434 17.170380 -2.000000
v 5.616497 17.042149 -2.000000
v 5.570000 16.900000 -2.000000
v 5.616497 16.757851 -2.000000
v 5.751434 16.629620 -2.000000
v 5.961604 16.527851 -2.000000
v 6.226434 16.462513 -2.000000
v 6.248780 17.337486 -2.049667
v 6.004109 17.272148 -2.094473
v 5.809937 17.170380 -2.130031
v 5.685272 17.042149 -2.152861
v 5.642314 16.900000 -2.160727
v 5.685272 16.757851 -2.152861
v 5.809937 16.629620 -2.130031
v 6.004109 16.527851 -2.094473
v 6.248780 16.462513 -2.049667
v 6.312418 17.337486 -2.091773
v 6.125154 17.272148 -2.174563
v 5.976542 17.170380 -2.240266
v 5.881127 17.042149 -2.282449
v 5.848249 16.900000 -2.296985
v 5.881127 16.757851 -2.282449
v 5.976542 16.629620 -2.240266
v 6.125154 16.527851 -2.174563
v 6.312418 16.462513 -2.091773
v 6.407657 17.337486 -2.119908
v 6.306311 17.272148 -2.228078
v 6.225883 17.170380 -2.313922
v 6.174244 17.042149 -2.369038
v 6.156451 16.900000 -2.388029
v 6.174244 16.757851 -2.369038
v 6.225883 16.629620 -2.313922
v 6.306311 16.527851 -2.228078
v 6.407657 16.462513 -2.119908
v 6.520000 17.337486 -2.129787
v 6.520000 17.272148 -2.246870
v 6.520000 17.170380 -2.339787
v 6.520000 17.042149 -2.399444
v 6.520000 16.900000 -2.420000
v 6.520000 16.757851 -2.399444
v 6.520000 16.629620 -2.339787
v 6.520000 16.527851 -2.246870
v 6.520000 16.462513 -2.129787
v 6.632343 17.337486 -2.119908
v 6.733689 17.272148 -2.228078
v 6.814118 17.170380 -2.313922
v 6.865756 17.042149 -2.369038
v 6.883550 16.900000 -2.388029
v 6.865756 16.757851 -2.369038
v 6.814118 16.629620 -2.313922
v 6.733689 16.527851 -2.228078
v 6.632343 16.462513 -2.119908
v 6.727582 17.337486 -2.091773
v 6.914845 17.272148 -2.174563
v 7.063458 17.170380 -2.240266
v 7.158874 17.042149 -2.282449
v 7.191752 16.900000 -2.296985
v 7.158874 16.757851 -2.282449
v 7.063458 16.629620 -2.240266
v 6.914845 16.527851 -2.174563
v 6.727582 16.462513 -2.091773
v 6.791220 17.337486 -2.049667
v 7.035891 17.272148 -2.094473
v 7.230062 17.170380 -2.130031
v 7.354728 17.042149 -2.152860
v 7.397686 16.900000 -2.160727
v 7.354728 16.757851 -2.152860
v 7.230062 16.629620 -2.130031
v 7.035891 16.527851 -2.094473
v 6.791220 16.462513 -2.049667
v 6.813566 17.337486 -2.000000
v 7.078396 17.272148 -2.000000
v 7.288566 17.170380 -2.000000
v 7.423503 17.042149 -2.000000
v 7.470000 16.900000 -2.000000
v 7.423503 16.757851 -2.000000
v 7.288566 16.629620 -2.000000
v 7.078396 16.527851 -2.000000
v 6.813566 16.462513 -2.000000
v 6.791220 17.337486 -1.950333
v 7.035890 17.272148 -1.905527
v 7.230062 17.170380 -1.869969
v 7.354728 17.042149 -1.847139
v 7.397686 16.900000 -1.839273
v 7.354728 16.757851 -1.847139
v 7.230062 16.629620 -1.869969
v 7.035890 16.527851 -1.905527
v 6.791220 16.462513 -1.950333
v 6.727582 17.337486 -1.908227
v 6.914845 17.272148 -1.825437
v 7.063458 17.170380 -1.759734
v 7.158873 17.042149 -1.717551
v 7.191751 16.900000 -1.703015
v 7.158873 16.757851 -1.717551
v 7.063458 16.629620 -1.759734
v 6.914845 16.527851 -1.825437
v 6.727582 16.462513 -1.908227
v 6.632343 17.337486 -1.880092
v 6.733688 17.272148 -1.771922
v 6.814117 17.170380 -1.686078
v 6.865756 17.042149 -1.630962
v 6.883549 16.900000 -1.611971
v 6.865756 16.757851 -1.630962
v 6.814117 16.629620 -1.686078
v 6.733688 16.527851 -1.771922
v 6.632343 16.462513 -1.880092
v 6.520000 17.337486 -1.870213
v 6.520000 17.272148 -1.753130
v 6.520000 17.042149 -1.600556
v 6.520000 16.527851 -1.753130
v 4.900000 17.360001 -2.000000
v 4.900001 17.170380 -1.660213
v 4.900001 16.900000 -1.580000
v 4.900001 16.757851 -1.600556
v 4.900001 16.629620 -1.660213
v 4.900000 16.462513 -1.870213
v 4.900000 16.439999 -2.000000
v 4.787657 17.337486 -1.880092
v 4.686311 17.272148 -1.771922
v 4.605883 17.170380 -1.686078
v 4.554245 17.042149 -1.630962
v 4.536451 16.900000 -1.611971
v 4.554245 16.757851 -1.630962
v 4.605883 16.629620 -1.686078
v 4.686311 16.527851 -1.771922
v 4.787657 16.462513 -1.880092
v 4.692418 17.337486 -1.908227
v 4.505155 17.272148 -1.825437
v 4.356543 17.170380 -1.759734
v 4.261127 17.042149 -1.717551
v 4.228249 16.900000 -1.703015
v 4.261127 16.757851 -1.717551
v 4.356543 16.629620 -1.759734
v 4.505155 16.527851 -1.825437
v 4.692418 16.462513 -1.908227
v 4.628780 17.337486 -1.950333
v 4.384109 17.272148 -1.905527
v 4.189938 17.170380 -1.869969
v 4.065272 17.042149 -1.847140
v 4.022315 16.900000 -1.839273
v 4.065272 16.757851 -1.847140
v 4.189938 16.629620 -1.869969
v 4.384109 16.527851 -1.905527
v 4.628780 16.462513 -1.950333
v 4.606434 17.337486 -2.000000
v 4.341604 17.272148 -2.000000
v 4.131434 17.170380 -2.000000
v 3.996497 17.042149 -2.000000
v 3.950001 16.900000 -2.000000
v 3.996497 16.757851 -2.000000
v 4.131434 16.629620 -2.000000
v 4.341604 16.527851 -2.000000
v 4.606434 16.462513 -2.000000
v 4.628780 17.337486 -2.049667
v 4.384110 17.272148 -2.094473
v 4.189939 17.170380 -2.130031
v 4.065272 17.042149 -2.152861
v 4.022315 16.900000 -2.160727
v 4.065272 16.757851 -2.152861
v 4.189939 16.629620 -2.130031
v 4.384110 16.527851 -2.094473
v 4.628780 16.462513 -2.049667
v 4.692418 17.337486 -2.091773
v 4.505155 17.272148 -2.174563
v 4.356543 17.170380 -2.240266
v 4.261127 17.042149 -2.282449
v 4.228250 16.900000 -2.296985
v 4.261127 16.757851 -2.282449
v 4.356543 16.629620 -2.240266
v 4.505155 16.527851 -2.174563
v 4.692418 16.462513 -2.091773
v 4.787657 17.337486 -2.119908
v 4.686311 17.272148 -2.228078
v 4.605883 17.170380 -2.313922
v 4.554245 17.042149 -2.369038
v 4.536451 16.900000 -2.388029
v 4.554245 16.757851 -2.369038
v 4.605883 16.629620 -2.313922
v 4.686311 16.527851 -2.228078
v 4.787657 16.462513 -2.119908
v 4.900000 17.337486 -2.129787
v 4.900000 17.272148 -2.246870
v 4.900001 17.170380 -2.339787
v 4.900001 17.042149 -2.399444
v 4.900001 16.900000 -2.420000
v 4.900001 16.757851 -2.399444
v 4.900001 16.629620 -2.339787
v 4.900000 16.527851 -2.246870
v 4.900000 16.462513 -2.129787
v 5.012343 17.337486 -2.119908
v 5.113689 17.272148 -2.228078
v 5.194118 17.170380 -2.313922
v 5.245756 17.042149 -2.369038
v 5.263550 16.900000 -2.388029
v 5.245756 16.757851 -2.369038
v 5.194118 16.629620 -2.313922
v 5.113689 16.527851 -2.228078
v 5.012343 16.462513 -2.119908
v 5.107583 17.337486 -2.091773
v 5.294846 17.272148 -2.174563
v 5.443459 17.170380 -2.240266
v 5.538874 17.042149 -2.282449
v 5.571752 16.900000 -2.296985
v 5.538874 16.757851 -2.282449
v 5.443459 16.629620 -2.240266
v 5.294846 16.527851 -2.174563
v 5.107583 16.462513 -2.091773
v 5.171220 17.337486 -2.049667
v 5.415891 17.272148 -2.094473
v 5.610063 17.170380 -2.130031
v 5.734728 17.042149 -2.152860
v 5.777686 16.900000 -2.160727
v 5.734728 16.757851 -2.152860
v 5.610063 16.629620 -2.130031
v 5.415891 16.527851 -2.094473
v 5.171220 16.462513 -2.049667
v 5.193566 17.337486 -2.000000
v 5.458396 17.272148 -2.000000
v 5.668566 17.170380 -2.000000
v 5.803504 17.042149 -2.000000
v 5.850000 16.900000 -2.000000
v 5.803504 16.757851 -2.000000
v 5.668566 16.629620 -2.000000
v 5.458396 16.527851 -2.000000
v 5.193566 16.462513 -2.000000
v 5.171220 17.337486 -1.950333
v 5.415890 17.272148 -1.905527
v 5.610062 17.170380 -1.869969
v 5.734728 17.042149 -1.847139
v 5.777686 16.900000 -1.839273
v 5.734728 16.757851 -1.847139
v 5.610062 16.629620 -1.869969
v 5.415890 16.527851 -1.905527
v 5.171220 16.462513 -1.950333
v 5.107583 17.337486 -1.908227
v 5.294845 17.272148 -1.825437
v 5.443458 17.170380 -1.759734
v 5.538873 17.042149 -1.717551
v 5.571751 16.900000 -1.703015
v 5.538873 16.757851 -1.717551
v 5.443458 16.629620 -1.759734
v 5.294845 16.527851 -1.825437
v 5.107583 16.462513 -1.908227
v 5.012343 17.337486 -1.880092
v 5.113688 17.272148 -1.771922
v 5.194117 17.170380 -1.686078
v 5.245756 17.042149 -1.630962
v 5.263549 16.900000 -1.611971
v 5.245756 16.757851 -1.630962
v 5.194117 16.629620 -1.686078
v 5.113688 16.527851 -1.771922
v 5.012343 16.462513 -1.880092
v 4.900000 17.337486 -1.870213
v 4.900000 17.272148 -1.753130
v 4.900000 17.042149 -1.600556
v 4.900000 16.527851 -1.753130
v 3.280001 17.360001 -2.000000
v 3.280001 17.170380 -1.660213
v 3.280001 16.900000 -1.580000
v 3.280001 16.757851 -1.600556
v 3.280001 16.629620 -1.660213
v 3.280001 16.462513 -1.870213
v 3.280001 16.439999 -2.000000
v 3.167658 17.337486 -1.880092
v 3.066312 17.272148 -1.771922
v 2.985883 17.170380 -1.686078
v 2.934245 17.042149 -1.630962
v 2.916451 16.900000 -1.611971
v 2.934245 16.757851 -1.630962
v 2.985883 16.629620 -1.686078
v 3.066312 16.527851 -1.771922
v 3.167658 16.462513 -1.880092
v 3.072418 17.337486 -1.908227
v 2.885155 17.272148 -1.825437
v 2.736543 17.170380 -1.759734
v 2.641127 17.042149 -1.717551
v 2.608249 16.900000 -1.703015
v 2.641127 16.757851 -1.717551
v 2.736543 16.629620 -1.759734
v 2.885155 16.527851 -1.825437
v 3.072418 16.462513 -1.908227
v 3.008780 17.337486 -1.950333
v 2.764110 17.272148 -1.905527
v 2.569939 17.170380 -1.869969
v 2.445272 17.042149 -1.847140
v 2.402315 16.900000 -1.839273
v 2.445272 16.757851 -1.847140
v 2.569939 16.629620 -1.869969
v 2.764110 16.527851 -1.905527
v 3.008780 16.462513 -1.950333
v 2.986435 17.337486 -2.000000
v 2.721604 17.272148 -2.000000
v 2.511435 17.170380 -2.000000
v 2.376497 17.042149 -2.000000
v 2.330001 16.900000 -2.000000
v 2.376497 16.757851 -2.000000
v 2.511435 16.629620 -2.000000
v 2.721604 16.527851 -2.000000
v 2.986435 16.462513 -2.000000
v 3.008781 17.337486 -2.049667
v 2.764111 17.272148 -2.094473
v 2.569939 17.170380 -2.130031
v 2.445272 17.042149 -2.152861
v 2.402315 16.900000 -2.160727
v 2.445272 16.757851 -2.152861
v 2.569939 16.629620 -2.130031
v 2.764111 16.527851 -2.094473
v 3.008781 16.462513 -2.049667
v 3.072418 17.337486 -2.091773
v 2.885156 17.272148 -2.174563
v 2.736543 17.170380 -2.240266
v 2.641128 17.042149 -2.282449
v 2.608250 16.900000 -2.296985
v 2.641128 16.757851 -2.282449
v 2.736543 16.629620 -2.240266
v 2.885156 16.527851 -2.174563
v 3.072418 16.462513 -2.091773
v 3.167658 17.337486 -2.119908
v 3.066312 17.272148 -2.228078
v 2.985884 17.170380 -2.313922
v 2.934245 17.042149 -2.369038
v 2.916451 16.900000 -2.388029
v 2.934245 16.757851 -2.369038
v 2.985884 16.629620 -2.313922
v 3.066312 16.527851 -2.228078
v 3.167658 16.462513 -2.119908
v 3.280001 17.337486 -2.129787
v 3.280001 17.272148 -2.246870
v 3.280001 17.170380 -2.339787
v 3.280001 17.042149 -2.399444
v 3.280001 16.900000 -2.420000
v 3.280001 16.757851 -2.399444
v 3.280001 16.629620 -2.339787
v 3.280001 16.527851 -2.246870
v 3.280001 16.462513 -2.129787
v 3.392344 17.337486 -2.119908
v 3.493690 17.272148 -2.228078
v 3.574119 17.170380 -2.313922
v 3.625757 17.042149 -2.369038
v 3.643550 16.900000 -2.388029
v 3.625757 16.757851 -2.369038
v 3.574119 16.629620 -2.313922
v 3.493690 16.527851 -2.228078
v 3.392344 16.462513 -2.119908
v 3.487583 17.337486 -2.091773
v 3.674847 17.272148 -2.174563
v 3.823459 17.170380 -2.240266
v 3.918875 17.042149 -2.282449
v 3.951753 16.900000 -2.296985
v 3.918875 16.757851 -2.282449
v 3.823459 16.629620 -2.240266
v 3.674847 16.527851 -2.174563
v 3.487583 16.462513 -2.091773
v 3.551221 17.337486 -2.049667
v 3.795891 17.272148 -2.094473
v 3.990063 17.170380 -2.130031
v 4.114729 17.042149 -2.152860
v 4.157686 16.900000 -2.160727
v 4.114729 16.757851 -2.152860
v 3.990063 16.629620 -2.130031
v 3.795891 16.527851 -2.094473
v 3.551221 16.462513 -2.049667
v 3.573566 17.337486 -2.000000
v 3.838396 17.272148 -2.000000
v 4.048567 17.170380 -2.000000
v 4.183504 17.042149 -2.000000
v 4.230000 16.900000 -2.000000
v 4.183504 16.757851 -2.000000
v 4.048567 16.629620 -2.000000
v 3.838396 16.527851 -2.000000
v 3.573566 16.462513 -2.000000
v 3.551220 17.337486 -1.950333
v 3.795891 17.272148 -1.905527
v 3.990063 17.170380 -1.869969
v 4.114729 17.042149 -1.847139
v 4.157686 16.900000 -1.839273
v 4.114729 16.757851 -1.847139
v 3.990063 16.629620 -1.869969
v 3.795891 16.527851 -1.905527
v 3.551220 16.462513 -1.950333
v 3.487583 17.337486 -1.908227
v 3.674846 17.272148 -1.825437
v 3.823459 17.170380 -1.759734
v 3.918874 17.042149 -1.717551
v 3.951752 16.900000 -1.703015
v 3.918874 16.757851 -1.717551
v 3.823459 16.629620 -1.759734
v 3.674846 16.527851 -1.825437
v 3.487583 16.462513 -1.908227
v 3.392344 17.337486 -1.880092
v 3.493690 17.272148 -1.771922
v 3.574118 17.170380 -1.686078
v 3.625756 17.042149 -1.630962
v 3.643549 16.900000 -1.611971
v 3.625756 16.757851 -1.630962
v 3.574118 16.629620 -1.686078
v 3.493690 16.527851 -1.771922
v 3.392344 16.462513 -1.880092
v 3.280001 17.337486 -1.870213
v 3.280001 17.272148 -1.753130
v 3.280000 17.042149 -1.600556
v 3.280001 16.527851 -1.753130
v 1.660000 17.360001 -2.000000
v 1.660000 17.170380 -1.660213
v 1.660000 16.900000 -1.580000
v 1.660000 16.757851 -1.600556
v 1.660000 16.629620 -1.660213
v 1.660000 16.462513 -1.870213
v 1.660000 16.439999 -2.000000
v 1.547657 17.337486 -1.880092
v 1.446311 17.272148 -1.771922
v 1.365882 17.170380 -1.686078
v 1.314244 17.042149 -1.630962
v 1.296451 16.900000 -1.611971
v 1.314244 16.757851 -1.630962
v 1.365882 16.629620 -1.686078
v 1.446311 16.527851 -1.771922
v 1.547657 16.462513 -1.880092
v 1.452417 17.337486 -1.908227
v 1.265154 17.272148 -1.825437
v 1.116542 17.170380 -1.759734
v 1.021126 17.042149 -1.717551
v 0.988248 16.900000 -1.703015
v 1.021126 16.757851 -1.717551
v 1.116542 16.629620 -1.759734
v 1.265154 16.527851 -1.825437
v 1.452417 16.462513 -1.908227
v 1.388780 17.337486 -1.950333
v 1.144109 17.272148 -1.905527
v 0.949938 17.170380 -1.869969
v 0.825272 17.042149 -1.847140
v 0.782314 16.900000 -1.839273
v 0.825272 16.757851 -1.847140
v 0.949938 16.629620 -1.869969
v 1.144109 16.527851 -1.905527
v 1.388780 16.462513 -1.950333
v 1.366434 17.337486 -2.000000
v 1.101604 17.272148 -2.000000
v 0.891434 17.170380 -2.000000
v 0.756496 17.042149 -2.000000
v 0.710000 16.900000 -2.000000
v 0.756496 16.757851 -2.000000
v 0.891434 16.629620 -2.000000
v 1.101604 16.527851 -2.000000
v 1.366434 16.462513 -2.000000
v 1.388781 17.337486 -2.049667
v 1.144110 17.272148 -2.094473
v 0.949938 17.170380 -2.130031
v 0.825272 17.042149 -2.152861
v 0.782314 16.900000 -2.160727
v 0.825272 16.757851 -2.152861
v 0.949938 16.629620 -2.130031
v 1.144110 16.527851 -2.094473
v 1.388781 16.462513 -2.049667
v 1.452417 17.337486 -2.091773
v 1.265155 17.272148 -2.174563
v 1.116542 17.170380 -2.240266
v 1.021127 17.042149 -2.282449
v 0.988249 16.900000 -2.296985
v 1.021127 16.757851 -2.282449
v 1.116542 16.629620 -2.240266
v 1.265155 16.527851 -2.174563
v 1.452417 16.462513 -2.091773
v 1.547657 17.337486 -2.119908
v 1.446311 17.272148 -2.228078
v 1.365883 17.170380 -2.313922
v 1.314244 17.042149 -2.369038
v 1.296451 16.900000 -2.388029
v 1.314244 16.757851 -2.369038
v 1.365883 16.629620 -2.313922
v 1.446311 16.527851 -2.228078
v 1.547657 16.462513 -2.119908
v 1.660000 17.337486 -2.129787
v 1.660000 17.272148 -2.246870
v 1.660000 17.170380 -2.339787
v 1.660000 17.042149 -2.399444
v 1.660000 16.900000 -2.420000
v 1.660000 16.757851 -2.399444
v 1.660000 16.629620 -2.339787
v 1.660000 16.527851 -2.246870
v 1.660000 16.462513 -2.129787
v 1.772343 17.337486 -2.119908
v 1.873689 17.272148 -2.228078
v 1.954118 17.170380 -2.313922
v 2.005756 17.042149 -2.369038
v 2.023549 16.900000 -2.388029
v 2.005756 16.757851 -2.369038
v 1.954118 16.629620 -2.313922
v 1.873689 16.527851 -2.228078
v 1.772343 16.462513 -2.119908
v 1.867582 17.337486 -2.091773
v 2.054846 17.272148 -2.174563
v 2.203458 17.170380 -2.240265
v 2.298874 17.042149 -2.282449
v 2.331752 16.900000 -2.296985
v 2.298874 16.757851 -2.282449
v 2.203458 16.629620 -2.240265
v 2.054846 16.527851 -2.174563
v 1.867582 16.462513 -2.091773
v 1.931220 17.337486 -2.049667
v 2.175890 17.272148 -2.094473
v 2.370062 17.170380 -2.130031
v 2.494728 17.042149 -2.152860
v 2.537685 16.900000 -2.160727
v 2.494728 16.757851 -2.152860
v 2.370062 16.629620 -2.130031
v 2.175890 16.527851 -2.094473
v 1.931220 16.462513 -2.049667
v 1.953566 17.337486 -2.000000
v 2.218395 17.272148 -2.000000
v 2.428566 17.170380 -2.000000
v 2.563503 17.042149 -2.000000
v 2.610000 16.900000 -2.000000
v 2.563503 16.757851 -2.000000
v 2.428566 16.629620 -2.000000
v 2.218395 16.527851 -2.000000
v 1.953566 16.462513 -2.000000
v 1.931219 17.337486 -1.950333
v 2.175890 17.272148 -1.905527
v 2.370062 17.170380 -1.869969
v 2.494728 17.042149 -1.847139
v 2.537685 16.900000 -1.839273
v 2.494728 16.757851 -1.847139
v 2.370062 16.629620 -1.869969
v 2.175890 16.527851 -1.905527
v 1.931219 16.462513 -1.950333
v 1.867582 17.337486 -1.908227
v 2.054845 17.272148 -1.825437
v 2.203458 17.170380 -1.759734
v 2.298873 17.042149 -1.717551
v 2.331751 16.900000 -1.703015
v 2.298873 16.757851 -1.717551
v 2.203458 16.629620 -1.759734
v 2.054845 16.527851 -1.825437
v 1.867582 16.462513 -1.908227
v 1.772343 17.337486 -1.880092
v 1.873689 17.272148 -1.771922
v 1.954117 17.170380 -1.686078
v 2.005755 17.042149 -1.630962
v 2.023548 16.900000 -1.611971
v 2.005755 16.757851 -1.630962
v 1.954117 16.629620 -1.686078
v 1.873689 16.527851 -1.771922
v 1.772343 16.462513 -1.880092
v 1.660000 17.337486 -1.870213
v 1.660000 17.272148 -1.753130
v 1.659999 17.042149 -1.600556
v 1.660000 16.527851 -1.753130
v 0.040000 17.360001 -2.000000
v 0.040000 17.170380 -1.660213
v 0.040000 16.900000 -1.580000
v 0.040000 16.757851 -1.600556
v 0.040000 16.629620 -1.660213
v 0.040000 16.462513 -1.870213
v 0.040000 16.439999 -2.000000
v -0.072343 17.337486 -1.880092
v -0.173689 17.272148 -1.771922
v -0.254118 17.170380 -1.686078
v -0.305756 17.042149 -1.630962
v -0.323549 16.900000 -1.611971
v -0.305756 16.757851 -1.630962
v -0.254118 16.629620 -1.686078
v -0.173689 16.527851 -1.771922
v -0.072343 16.462513 -1.880092
v -0.167583 17.337486 -1.908227
v -0.354846 17.272148 -1.825437
v -0.503458 17.170380 -1.759734
v -0.598874 17.042149 -1.717551
v -0.631752 16.900000 -1.703015
v -0.598874 16.757851 -1.717551
v -0.503458 16.629620 -1.759734
v -0.354846 16.527851 -1.825437
v -0.167583 16.462513 -1.908227
v -0.231220 17.337486 -1.950333
v -0.475891 17.272148 -1.905527
v -0.670063 17.170380 -1.869969
v -0.794728 17.042149 -1.847140
v -0.837686 16.900000 -1.839273
v -0.794728 16.757851 -1.847140
v -0.670063 16.629620 -1.869969
v -0.475891 16.527851 -1.905527
v -0.231220 16.462513 -1.950333
v -0.253566 17.337486 -2.000000
v -0.518396 17.272148 -2.000000
v -0.728566 17.170380 -2.000000
v -0.863503 17.042149 -2.000000
v -0.910000 16.900000 -2.000000
v -0.863503 16.757851 -2.000000
v -0.728566 16.629620 -2.000000
v -0.518396 16.527851 -2.000000
v -0.253566 16.462513 -2.000000
v -0.231220 17.337486 -2.049667
v -0.475890 17.272148 -2.094473
v -0.670062 17.170380 -2.130031
v -0.794728 17.042149 -2.152861
v -0.837686 16.900000 -2.160727
v -0.794728 16.757851 -2.152861
v -0.670062 16.629620 -2.130031
v -0.475890 16.527851 -2.094473
v -0.231220 16.462513 -2.049667
v -0.167583 17.337486 -2.091773
v -0.354845 17.272148 -2.174563
v -0.503458 17.170380 -2.240266
v -0.598873 17.042149 -2.282449
v -0.631751 16.900000 -2.296985
v -0.598873 16.757851 -2.282449
v -0.503458 16.629620 -2.240266
v -0.354845 16.527851 -2.174563
v -0.167583 16.462513 -2.091773
v -0.072343 17.337486 -2.119908
v -0.173689 17.272148 -2.228078
v -0.254117 17.170380 -2.313922
v -0.305756 17.042149 -2.369038
v -0.323549 16.900000 -2.388029
v -0.305756 16.757851 -2.369038
v -0.254117 16.629620 -2.313922
v -0.173689 16.527851 -2.228078
v -0.072343 16.462513 -2.119908
v 0.040000 17.337486 -2.129787
v 0.040000 17.272148 -2.246870
v 0.040000 17.170380 -2.339787
v 0.040000 17.042149 -2.399444
v 0.040000 16.900000 -2.420000
v 0.040000 16.757851 -2.399444
v 0.040000 16.629620 -2.339787
v 0.040000 16.527851 -2.246870
v 0.040000 16.462513 -2.129787
v 0.152343 17.337486 -2.119908
v 0.253689 17.272148 -2.228078
v 0.334118 17.170380 -2.313922
v 0.385756 17.042149 -2.369038
v 0.403549 16.900000 -2.388029
v 0.385756 16.757851 -2.369038
v 0.334118 16.629620 -2.313922
v 0.253689 16.527851 -2.228078
v 0.152343 16.462513 -2.119908
v 0.247582 17.337486 -2.091773
v 0.434846 17.272148 -2.174563
v 0.583458 17.170380 -2.240265
v 0.678874 17.042149 -2.282449
v 0.711752 16.900000 -2.296985
v 0.678874 16.757851 -2.282449
v 0.583458 16.629620 -2.240265
v 0.434846 16.527851 -2.174563
v 0.247582 16.462513 -2.091773
v 0.311220 17.337486 -2.049667
v 0.555891 17.272148 -2.094473
v 0.750062 17.170380 -2.130031
v 0.874728 17.042149 -2.152860
v 0.917686 16.900000 -2.160727
v 0.874728 16.757851 -2.152860
v 0.750062 16.629620 -2.130031
v 0.555891 16.527851 -2.094473
v 0.311220 16.462513 -2.049667
v 0.333566 17.337486 -2.000000
v 0.598396 17.272148 -2.000000
v 0.808566 17.170380 -2.000000
v 0.943503 17.042149 -2.000000
v 0.990000 16.900000 -2.000000
v 0.943503 16.757851 -2.000000
v 0.808566 16.629620 -2.000000
v 0.598396 16.527851 -2.000000
v 0.333566 16.462513 -2.000000
v 0.311220 17.337486 -1.950333
v 0.555890 17.272148 -1.905527
v 0.750062 17.170380 -1.869969
v 0.874728 17.042149 -1.847139
v 0.917686 16.900000 -1.839273
v 0.874728 16.757851 -1.847139
v 0.750062 16.629620 -1.869969
v 0.555890 16.527851 -1.905527
v 0.311220 16.462513 -1.950333
v 0.247582 17.337486 -1.908227
v 0.434845 17.272148 -1.825437
v 0.583458 17.170380 -1.759734
v 0.678873 17.042149 -1.717551
v 0.711751 16.900000 -1.703015
v 0.678873 16.757851 -1.717551
v 0.583458 16.629620 -1.759734
v 0.434845 16.527851 -1.825437
v 0.247582 16.462513 -1.908227
v 0.152343 17.337486 -1.880092
v 0.253689 17.272148 -1.771922
v 0.334117 17.170380 -1.686078
v 0.385756 17.042149 -1.630962
v 0.403548 16.900000 -1.611971
v 0.385756 16.757851 -1.630962
v 0.334117 16.629620 -1.686078
v 0.253689 16.527851 -1.771922
v 0.152343 16.462513 -1.880092
v 0.040000 17.337486 -1.870213
v 0.040000 17.272148 -1.753130
v 0.039999 17.042149 -1.600556
v 0.040000 16.527851 -1.753130
v -1.580000 17.360001 -2.000000
v -1.580000 17.170380 -1.660213
v -1.580000 16.900000 -1.580000
v -1.580000 16.757851 -1.600556
v -1.580000 16.629620 -1.660213
v -1.580000 16.462513 -1.870213
v -1.580000 16.439999 -2.000000
v -1.692343 17.337486 -1.880092
v -1.793689 17.272148 -1.771922
v -1.874118 17.170380 -1.686078
v -1.925756 17.042149 -1.630962
v -1.943549 16.900000 -1.611971
v -1.925756 16.757851 -1.630962
v -1.874118 16.629620 -1.686078
v -1.793689 16.527851 -1.771922
v -1.692343 16.462513 -1.880092
v -1.787582 17.337486 -1.908227
v -1.974846 17.272148 -1.825437
v -2.123458 17.170380 -1.759734
v -2.218874 17.042149 -1.717551
v -2.251752 16.900000 -1.703015
v -2.218874 16.757851 -1.717551
v -2.123458 16.629620 -1.759734
v -1.974846 16.527851 -1.825437
v -1.787582 16.462513 -1.908227
v -1.851220 17.337486 -1.950333
v -2.095891 17.272148 -1.905527
v -2.290062 17.170380 -1.869969
v -2.414728 17.042149 -1.847140
v -2.457685 16.900000 -1.839273
v -2.414728 16.757851 -1.847140
v -2.290062 16.629620 -1.869969
v -2.095891 16.527851 -1.905527
v -1.851220 16.462513 -1.950333
v -1.873566 17.337486 -2.000000
v -2.138396 17.272148 -2.000000
v -2.348566 17.170380 -2.000000
v -2.483503 17.042149 -2.000000
v -2.530000 16.900000 -2.000000
v -2.483503 16.757851 -2.000000
v -2.348566 16.629620 -2.000000
v -2.138396 16.527851 -2.000000
v -1.873566 16.462513 -2.000000
v -1.851219 17.337486 -2.049667
v -2.095890 17.272148 -2.094473
v -2.290062 17.170380 -2.130031
v -2.414728 17.042149 -2.152861
v -2.457685 16.900000 -2.160727
v -2.414728 16.757851 -2.152861
v -2.290062 16.629620 -2.130031
v -2.095890 16.527851 -2.094473
v -1.851219 16.462513 -2.049667
v -1.787582 17.337486 -2.091773
v -1.974845 17.272148 -2.174563
v -2.123458 17.170380 -2.240266
v -2.218873 17.042149 -2.282449
v -2.251751 16.900000 -2.296985
v -2.218873 16.757851 -2.282449
v -2.123458 16.629620 -2.240266
v -1.974845 16.527851 -2.174563
v -1.787582 16.462513 -2.091773
v -1.692343 17.337486 -2.119908
v -1.793689 17.272148 -2.228078
v -1.874117 17.170380 -2.313922
v -1.925756 17.042149 -2.369038
v -1.943549 16.900000 -2.388029
v -1.925756 16.757851 -2.369038
v -1.874117 16.629620 -2.313922
v -1.793689 16.527851 -2.228078
v -1.692343 16.462513 -2.119908
v -1.580000 17.337486 -2.129787
v -1.580000 17.272148 -2.246870
v -1.580000 17.170380 -2.339787
v -1.580000 17.042149 -2.399444
v -1.580000 16.900000 -2.420000
v -1.580000 16.757851 -2.399444
v -1.580000 16.629620 -2.339787
v -1.580000 16.527851 -2.246870
v -1.580000 16.462513 -2.129787
v -1.467657 17.337486 -2.119908
v -1.366311 17.272148 -2.228078
v -1.285882 17.170380 -2.313922
v -1.234243 17.042149 -2.369038
v -1.216451 16.900000 -2.388029
v -1.234243 16.757851 -2.369038
v -1.285882 16.629620 -2.313922
v -1.366311 16.527851 -2.228078
v -1.467657 16.462513 -2.119908
v -1.372417 17.337486 -2.091773
v -1.185154 17.272148 -2.174563
v -1.036542 17.170380 -2.240265
v -0.941126 17.042149 -2.282449
v -0.908248 16.900000 -2.296985
v -0.941126 16.757851 -2.282449
v -1.036542 16.629620 -2.240265
v -1.185154 16.527851 -2.174563
v -1.372417 16.462513 -2.091773
v -1.308780 17.337486 -2.049667
v -1.064110 17.272148 -2.094473
v -0.869938 17.170380 -2.130031
v -0.745272 17.042149 -2.152860
v -0.702314 16.900000 -2.160727
v -0.745272 16.757851 -2.152860
v -0.869938 16.629620 -2.130031
v -1.064110 16.527851 -2.094473
v -1.308780 16.462513 -2.049667
v -1.286434 17.337486 -2.000000
v -1.021605 17.272148 -2.000000
v -0.811434 17.170380 -2.000000
v -0.676497 17.042149 -2.000000
v -0.630000 16.900000 -2.000000
v -0.676497 16.757851 -2.000000
v -0.811434 16.629620 -2.000000
v -1.021605 16.527851 -2.000000
v -1.286434 16.462513 -2.000000
v -1.308781 17.337486 -1.950333
v -1.064110 17.272148 -1.905527
v -0.869938 17.170380 -1.869969
v -0.745272 17.042149 -1.847139
v -0.702314 16.900000 -1.839273
v -0.745272 16.757851 -1.847139
v -0.869938 16.629620 -1.869969
v -1.064110 16.527851 -1.905527
v -1.308781 16.462513 -1.950333
v -1.372417 17.337486 -1.908227
v -1.185155 17.272148 -1.825437
v -1.036542 17.170380 -1.759734
v -0.941127 17.042149 -1.717551
v -0.908249 16.900000 -1.703015
v -0.941127 16.757851 -1.717551
v -1.036542 16.629620 -1.759734
v -1.185155 16.527851 -1.825437
v -1.372417 16.462513 -1.908227
v -1.467657 17.337486 -1.880092
v -1.366311 17.272148 -1.771922
v -1.285883 17.170380 -1.686078
v -1.234244 17.042149 -1.630962
v -1.216452 16.900000 -1.611971
v -1.234244 16.757851 -1.630962
v -1.285883 16.629620 -1.686078
v -1.366311 16.527851 -1.771922
v -1.467657 16.462513 -1.880092
v -1.580000 17.337486 -1.870213
v -1.580000 17.272148 -1.753130
v -1.580001 17.042149 -1.600556
v -1.580000 16.527851 -1.753130
v -3.200000 17.360001 -2.000000
v -3.200000 17.170380 -1.660213
v -3.200000 16.900000 -1.580000
v -3.200000 16.757851 -1.600556
v -3.200000 16.629620 -1.660213
v -3.200000 16.462513 -1.870213
v -3.200000 16.439999 -2.000000
v -3.312343 17.337486 -1.880092
v -3.413689 17.272148 -1.771922
v -3.494118 17.170380 -1.686078
v -3.545755 17.042149 -1.630962
v -3.563549 16.900000 -1.611971
v -3.545755 16.757851 -1.630962
v -3.494118 16.629620 -1.686078
v -3.413689 16.527851 -1.771922
v -3.312343 16.462513 -1.880092
v -3.407582 17.337486 -1.908227
v -3.594845 17.272148 -1.825437
v -3.743458 17.170380 -1.759734
v -3.838873 17.042149 -1.717551
v -3.871752 16.900000 -1.703015
v -3.838873 16.757851 -1.717551
v -3.743458 16.629620 -1.759734
v -3.594845 16.527851 -1.825437
v -3.407582 16.462513 -1.908227
v -3.471220 17.337486 -1.950333
v -3.715891 17.272148 -1.905527
v -3.910063 17.170380 -1.869969
v -4.034729 17.042149 -1.847140
v -4.077686 16.900000 -1.839273
v -4.034729 16.757851 -1.847140
v -3.910063 16.629620 -1.869969
v -3.715891 16.527851 -1.905527
v -3.471220 16.462513 -1.950333
v -3.493566 17.337486 -2.000000
v -3.758396 17.272148 -2.000000
v -3.968565 17.170380 -2.000000
v -4.103504 17.042149 -2.000000
v -4.150000 16.900000 -2.000000
v -4.103504 16.757851 -2.000000
v -3.968565 16.629620 -2.000000
v -3.758396 16.527851 -2.000000
v -3.493566 16.462513 -2.000000
v -3.471220 17.337486 -2.049667
v -3.715891 17.272148 -2.094473
v -3.910063 17.170380 -2.130031
v -4.034729 17.042149 -2.152861
v -4.077684 16.900000 -2.160727
v -4.034729 16.757851 -2.152861
v -3.910063 16.629620 -2.130031
v -3.715891 16.527851 -2.094473
v -3.471220 16.462513 -2.049667
v -3.407582 17.337486 -2.091773
v -3.594845 17.272148 -2.174563
v -3.743458 17.170380 -2.240266
v -3.838873 17.042149 -2.282449
v -3.871752 16.900000 -2.296985
v -3.838873 16.757851 -2.282449
v -3.743458 16.629620 -2.240266
v -3.594845 16.527851 -2.174563
v -3.407582 16.462513 -2.091773
v -3.312343 17.337486 -2.119908
v -3.413689 17.272148 -2.228078
v -3.494117 17.170380 -2.313922
v -3.545755 17.042149 -2.369038
v -3.563549 16.900000 -2.388029
v -3.545755 16.757851 -2.369038
v -3.494117 16.629620 -2.313922
v -3.413689 16.527851 -2.228078
v -3.312343 16.462513 -2.119908
v -3.200000 17.337486 -2.129787
v -3.200000 17.272148 -2.246870
v -3.200000 17.170380 -2.339787
v -3.200000 17.042149 -2.399444
v -3.200000 16.900000 -2.420000
v -3.200000 16.757851 -2.399444
v -3.200000 16.629620 -2.339787
v -3.200000 16.527851 -2.246870
v -3.200000 16.462513 -2.129787
v -3.087657 17.337486 -2.119908
v -2.986311 17.272148 -2.228078
v -2.905882 17.170380 -2.313922
v -2.854243 17.042149 -2.369038
v -2.836451 16.900000 -2.388029
v -2.854243 16.757851 -2.369038
v -2.905882 16.629620 -2.313922
v -2.986311 16.527851 -2.228078
v -3.087657 16.462513 -2.119908
v -2.992417 17.337486 -2.091773
v -2.805154 17.272148 -2.174563
v -2.656542 17.170380 -2.240265
v -2.561126 17.042149 -2.282449
v -2.528248 16.900000 -2.296984
v -2.561126 16.757851 -2.282449
v -2.656542 16.629620 -2.240265
v -2.805154 16.527851 -2.174563
v -2.992417 16.462513 -2.091773
v -2.928780 17.337486 -2.049667
v -2.684109 17.272148 -2.094473
v -2.489938 17.170380 -2.130031
v -2.365272 17.042149 -2.152860
v -2.322314 16.900000 -2.160727
v -2.365272 16.757851 -2.152860
v -2.489938 16.629620 -2.130031
v -2.684109 16.527851 -2.094473
v -2.928780 16.462513 -2.049667
v -2.906434 17.337486 -2.000000
v -2.641603 17.272148 -2.000000
v -2.431434 17.170380 -2.000000
v -2.296496 17.042149 -2.000000
v -2.250000 16.900000 -2.000000
v -2.296496 16.757851 -2.000000
v -2.431434 16.629620 -2.000000
v -2.641603 16.527851 -2.000000
v -2.906434 16.462513 -2.000000
v -2.928780 17.337486 -1.950333
v -2.684110 17.272148 -1.905527
v -2.489938 17.170380 -1.869969
v -2.365272 17.042149 -1.847139
v -2.322314 16.900000 -1.839273
v -2.365272 16.757851 -1.847139
v -2.489938 16.629620 -1.869969
v -2.684110 16.527851 -1.905527
v -2.928780 16.462513 -1.950333
v -2.992417 17.337486 -1.908227
v -2.805155 17.272148 -1.825437
v -2.656542 17.170380 -1.759734
v -2.561127 17.042149 -1.717551
v -2.528249 16.900000 -1.703015
v -2.561127 16.757851 -1.717551
v -2.656542 16.629620 -1.759734
v -2.805155 16.527851 -1.825437
v -2.992417 16.462513 -1.908227
v -3.087657 17.337486 -1.880092
v -2.986311 17.272148 -1.771922
v -2.905883 17.170380 -1.686078
v -2.854244 17.042149 -1.630962
v -2.836452 16.900000 -1.611971
v -2.854244 16.757851 -1.630962
v -2.905883 16.629620 -1.686078
v -2.986311 16.527851 -1.771922
v -3.087657 16.462513 -1.880092
v -3.200000 17.337486 -1.870213
v -3.200000 17.272148 -1.753130
v -3.200001 17.042149 -1.600556
v -3.200000 16.527851 -1.753130
v -4.820000 17.360001 -2.000000
v -4.820000 17.170380 -1.660213
v -4.820000 16.900000 -1.580000
v -4.820000 16.757851 -1.600556
v -4.820000 16.629620 -1.660213
v -4.820000 16.462513 -1.870213
v -4.820000 16.439999 -2.000000
v -4.932343 17.337486 -1.880092
v -5.033689 17.272148 -1.771922
v -5.114117 17.170380 -1.686078
v -5.165756 17.042149 -1.630962
v -5.183550 16.900000 -1.611971
v -5.165756 16.757851 -1.630962
v -5.114117 16.629620 -1.686078
v -5.033689 16.527851 -1.771922
v -4.932343 16.462513 -1.880092
v -5.027582 17.337486 -1.908227
v -5.214846 17.272148 -1.825437
v -5.363459 17.170380 -1.759734
v -5.458874 17.042149 -1.717551
v -5.491751 16.900000 -1.703015
v -5.458874 16.757851 -1.717551
v -5.363459 16.629620 -1.759734
v -5.214846 16.527851 -1.825437
v -5.027582 16.462513 -1.908227
v -5.091219 17.337486 -1.950333
v -5.335890 17.272148 -1.905527
v -5.530062 17.170380 -1.869969
v -5.654728 17.042149 -1.847140
v -5.697685 16.900000 -1.839273
v -5.654728 16.757851 -1.847140
v -5.530062 16.629620 -1.869969
v -5.335890 16.527851 -1.905527
v -5.091219 16.462513 -1.950333
v -5.113565 17.337486 -2.000000
v -5.378395 17.272148 -2.000000
v -5.588566 17.170380 -2.000000
v -5.723503 17.042149 -2.000000
v -5.770000 16.900000 -2.000000
v -5.723503 16.757851 -2.000000
v -5.588566 16.629620 -2.000000
v -5.378395 16.527851 -2.000000
v -5.113565 16.462513 -2.000000
v -5.091219 17.337486 -2.049667
v -5.335890 17.272148 -2.094473
v -5.530062 17.170380 -2.130031
v -5.654728 17.042149 -2.152861
v -5.697685 16.900000 -2.160727
v -5.654728 16.757851 -2.152861
v -5.530062 16.629620 -2.130031
v -5.335890 16.527851 -2.094473
v -5.091219 16.462513 -2.049667
v -5.027582 17.337486 -2.091773
v -5.214846 17.272148 -2.174563
v -5.363459 17.170380 -2.240266
v -5.458874 17.042149 -2.282449
v -5.491751 16.900000 -2.296985
v -5.458874 16.757851 -2.282449
v -5.363459 16.629620 -2.240266
v -5.214846 16.527851 -2.174563
v -5.027582 16.462513 -2.091773
v -4.932343 17.337486 -2.119908
v -5.033688 17.272148 -2.228078
v -5.114117 17.170380 -2.313922
v -5.165756 17.042149 -2.369038
v -5.183548 16.900000 -2.388029
v -5.165756 16.757851 -2.369038
v -5.114117 16.629620 -2.313922
v -5.033688 16.527851 -2.228078
v -4.932343 16.462513 -2.119908
v -4.820000 17.337486 -2.129787
v -4.820000 17.272148 -2.246870
v -4.820000 17.170380 -2.339787
v -4.820000 17.042149 -2.399444
v -4.820000 16.900000 -2.420000
v -4.820000 16.757851 -2.399444
v -4.820000 16.629620 -2.339787
v -4.820000 16.527851 -2.246870
v -4.820000 16.462513 -2.129787
v -4.707657 17.337486 -2.119908
v -4.606310 17.272148 -2.228078
v -4.525883 17.170380 -2.313922
v -4.474243 17.042149 -2.369038
v -4.456450 16.900000 -2.388029
v -4.474243 16.757851 -2.369038
v -4.525883 16.629620 -2.313922
v -4.606310 16.527851 -2.228078
v -4.707657 16.462513 -2.119908
v -4.612417 17.337486 -2.091773
v -4.425154 17.272148 -2.174563
v -4.276541 17.170380 -2.240265
v -4.181126 17.042149 -2.282449
v -4.148249 16.900000 -2.296984
v -4.181126 16.757851 -2.282449
v -4.276541 16.629620 -2.240265
v -4.425154 16.527851 -2.174563
v -4.612417 16.462513 -2.091773
v -4.548780 17.337486 -2.049667
v -4.304110 17.272148 -2.094473
v -4.109938 17.170380 -2.130030
v -3.985271 17.042149 -2.152860
v -3.942314 16.900000 -2.160727
v -3.985271 16.757851 -2.152860
v -4.109938 16.629620 -2.130030
v -4.304110 16.527851 -2.094473
v -4.548780 16.462513 -2.049667
v -4.526434 17.337486 -2.000000
v -4.261604 17.272148 -2.000000
v -4.051434 17.170380 -2.000000
v -3.916496 17.042149 -2.000000
v -3.869999 16.900000 -2.000000
v -3.916496 16.757851 -2.000000
v -4.051434 16.629620 -2.000000
v -4.261604 16.527851 -2.000000
v -4.526434 16.462513 -2.000000
v -4.548780 17.337486 -1.950333
v -4.304110 17.272148 -1.905527
v -4.109938 17.170380 -1.869969
v -3.985271 17.042149 -1.847139
v -3.942314 16.900000 -1.839273
v -3.985271 16.757851 -1.847139
v -4.109938 16.629620 -1.869969
v -4.304110 16.527851 -1.905527
v -4.548780 16.462513 -1.950333
v -4.612417 17.337486 -1.908227
v -4.425154 17.272148 -1.825437
v -4.276543 17.170380 -1.759734
v -4.181128 17.042149 -1.717551
v -4.148249 16.900000 -1.703015
v -4.181128 16.757851 -1.717551
v -4.276543 16.629620 -1.759734
v -4.425154 16.527851 -1.825437
v -4.612417 16.462513 -1.908227
v -4.707657 17.337486 -1.880092
v -4.606312 17.272148 -1.771922
v -4.525883 17.170380 -1.686078
v -4.474245 17.042149 -1.630962
v -4.456451 16.900000 -1.611971
v -4.474245 16.757851 -1.630962
v -4.525883 16.629620 -1.686078
v -4.606312 16.527851 -1.771922
v -4.707657 16.462513 -1.880092
v -4.820000 17.337486 -1.870213
v -4.820000 17.272148 -1.753130
v -4.820000 17.042149 -1.600556
v -4.820000 16.527851 -1.753130
v -6.439999 17.360001 -2.000000
v -6.439999 17.170380 -1.660213
v -6.439999 16.900000 -1.580000
v -6.439999 16.757851 -1.600556
v -6.439999 16.629620 -1.660213
v -6.439999 16.462513 -1.870213
v -6.439999 16.439999 -2.000000
v -6.552341 17.337486 -1.880092
v -6.653688 17.272148 -1.771922
v -6.734116 17.170380 -1.686078
v -6.785755 17.042149 -1.630962
v -6.803549 16.900000 -1.611971
v -6.785755 16.757851 -1.630962
v -6.734116 16.629620 -1.686078
v -6.653688 16.527851 -1.771922
v -6.552341 16.462513 -1.880092
v -6.647581 17.337486 -1.908227
v -6.834845 17.272148 -1.825437
v -6.983458 17.170380 -1.759734
v -7.078873 17.042149 -1.717551
v -7.111750 16.900000 -1.703015
v -7.078873 16.757851 -1.717551
v -6.983458 16.629620 -1.759734
v -6.834845 16.527851 -1.825437
v -6.647581 16.462513 -1.908227
v -6.711218 17.337486 -1.950333
v -6.955889 17.272148 -1.905527
v -7.150061 17.170380 -1.869969
v -7.274727 17.042149 -1.847140
v -7.317684 16.900000 -1.839273
v -7.274727 16.757851 -1.847140
v -7.150061 16.629620 -1.869969
v -6.955889 16.527851 -1.905527
v -6.711218 16.462513 -1.950333
v -6.733564 17.337486 -2.000000
v -6.998394 17.272148 -2.000000
v -7.208565 17.170380 -2.000000
v -7.343502 17.042149 -2.000000
v -7.389999 16.900000 -2.000000
v -7.343502 16.757851 -2.000000
v -7.208565 16.629620 -2.000000
v -6.998394 16.527851 -2.000000
v -6.733564 16.462513 -2.000000
v -6.711218 17.337486 -2.049667
v -6.955889 17.272148 -2.094473
v -7.150061 17.170380 -2.130031
v -7.274727 17.042149 -2.152860
v -7.317684 16.900000 -2.160727
v -7.274727 16.757851 -2.152860
v -7.150061 16.629620 -2.130031
v -6.955889 16.527851 -2.094473
v -6.711218 16.462513 -2.049667
v -6.647581 17.337486 -2.091773
v -6.834845 17.272148 -2.174563
v -6.983458 17.170380 -2.240266
v -7.078873 17.042149 -2.282449
v -7.111750 16.900000 -2.296985
v -7.078873 16.757851 -2.282449
v -6.983458 16.629620 -2.240266
v -6.834845 16.527851 -2.174563
v -6.647581 16.462513 -2.091773
v -6.552341 17.337486 -2.119908
v -6.653687 17.272148 -2.228078
v -6.734116 17.170380 -2.313922
v -6.785755 17.042149 -2.369038
v -6.803547 16.900000 -2.388029
v -6.785755 16.757851 -2.369038
v -6.734116 16.629620 -2.313922
v -6.653687 16.527851 -2.228078
v -6.552341 16.462513 -2.119908
v -6.439999 17.337486 -2.129787
v -6.439999 17.272148 -2.246870
v -6.439999 17.170380 -2.339787
v -6.439999 17.042149 -2.399444
v -6.439999 16.900000 -2.420000
v -6.439999 16.757851 -2.399444
v -6.439999 16.629620 -2.339787
v -6.439999 16.527851 -2.246870
v -6.439999 16.462513 -2.129787
v -6.327656 17.337486 -2.119908
v -6.226309 17.272148 -2.228078
v -6.145882 17.170380 -2.313922
v -6.094242 17.042149 -2.369038
v -6.076448 16.900000 -2.388029
v -6.094242 16.757851 -2.369038
v -6.145882 16.629620 -2.313922
v -6.226309 16.527851 -2.228078
v -6.327656 16.462513 -2.119908
v -6.232416 17.337486 -2.091773
v -6.045153 17.272148 -2.174563
v -5.896540 17.170380 -2.240265
v -5.801125 17.042149 -2.282449
v -5.768248 16.900000 -2.296984
v -5.801125 16.757851 -2.282449
v -5.896540 16.629620 -2.240265
v -6.045153 16.527851 -2.174563
v -6.232416 16.462513 -2.091773
v -6.168779 17.337486 -2.049667
v -5.924109 17.272148 -2.094473
v -5.729937 17.170380 -2.130031
v -5.605270 17.042149 -2.152860
v -5.562313 16.900000 -2.160727
v -5.605270 16.757851 -2.152860
v -5.729937 16.629620 -2.130031
v -5.924109 16.527851 -2.094473
v -6.168779 16.462513 -2.049667
v -6.146433 17.337486 -2.000000
v -5.881603 17.272148 -2.000000
v -5.671432 17.170380 -2.000000
v -5.536495 17.042149 -2.000000
v -5.489998 16.900000 -2.000000
v -5.536495 16.757851 -2.000000
v -5.671432 16.629620 -2.000000
v -5.881603 16.527851 -2.000000
v -6.146433 16.462513 -2.000000
v -6.168779 17.337486 -1.950333
v -5.924109 17.272148 -1.905527
v -5.729937 17.170380 -1.869969
v -5.605270 17.042149 -1.847139
v -5.562313 16.900000 -1.839273
v -5.605270 16.757851 -1.847139
v -5.729937 16.629620 -1.869969
v -5.924109 16.527851 -1.905527
v -6.168779 16.462513 -1.950333
v -6.232416 17.337486 -1.908227
v -6.045153 17.272148 -1.825437
v -5.896542 17.170380 -1.759734
v -5.801126 17.042149 -1.717551
v -5.768248 16.900000 -1.703015
v -5.801126 16.757851 -1.717551
v -5.896542 16.629620 -1.759734
v -6.045153 16.527851 -1.825437
v -6.232416 16.462513 -1.908227
v -6.327656 17.337486 -1.880092
v -6.226311 17.272148 -1.771922
v -6.145882 17.170380 -1.686078
v -6.094244 17.042149 -1.630962
v -6.076450 16.900000 -1.611970
v -6.094244 16.757851 -1.630962
v -6.145882 16.629620 -1.686078
v -6.226311 16.527851 -1.771922
v -6.327656 16.462513 -1.880092
v -6.439999 17.337486 -1.870213
v -6.439999 17.272148 -1.753130
v -6.439999 17.042149 -1.600556
v -6.439999 16.527851 -1.753130
v -8.060001 17.360001 -2.000000
v -8.060001 17.170380 -1.660213
v -8.060001 16.900000 -1.580000
v -8.060001 16.757851 -1.600556
v -8.060001 16.629620 -1.660213
v -8.060001 16.462513 -1.870213
v -8.060001 16.439999 -2.000000
v -8.172344 17.337486 -1.880092
v -8.273691 17.272148 -1.771922
v -8.354118 17.170380 -1.686078
v -8.405758 17.042149 -1.630962
v -8.423552 16.900000 -1.611971
v -8.405758 16.757851 -1.630962
v -8.354118 16.629620 -1.686078
v -8.273691 16.527851 -1.771922
v -8.172344 16.462513 -1.880092
v -8.267584 17.337486 -1.908227
v -8.454847 17.272148 -1.825437
v -8.603460 17.170380 -1.759734
v -8.698875 17.042149 -1.717551
v -8.731752 16.900000 -1.703015
v -8.698875 16.757851 -1.717551
v -8.603460 16.629620 -1.759734
v -8.454847 16.527851 -1.825437
v -8.267584 16.462513 -1.908227
v -8.331221 17.337486 -1.950333
v -8.575891 17.272148 -1.905527
v -8.770063 17.170380 -1.869969
v -8.894730 17.042149 -1.847140
v -8.937687 16.900000 -1.839273
v -8.894730 16.757851 -1.847140
v -8.770063 16.629620 -1.869969
v -8.575891 16.527851 -1.905527
v -8.331221 16.462513 -1.950333
v -8.353567 17.337486 -2.000000
v -8.618397 17.272148 -2.000000
v -8.828568 17.170380 -2.000000
v -8.963505 17.042149 -2.000000
v -9.010002 16.900000 -2.000000
v -8.963505 16.757851 -2.000000
v -8.828568 16.629620 -2.000000
v -8.618397 16.527851 -2.000000
v -8.353567 16.462513 -2.000000
v -8.331221 17.337486 -2.049667
v -8.575891 17.272148 -2.094473
v -8.770063 17.170380 -2.130031
v -8.894730 17.042149 -2.152860
v -8.937687 16.900000 -2.160727
v -8.894730 16.757851 -2.152860
v -8.770063 16.629620 -2.130031
v -8.575891 16.527851 -2.094473
v -8.331221 16.462513 -2.049667
v -8.267584 17.337486 -2.091773
v -8.454847 17.272148 -2.174563
v -8.603460 17.170380 -2.240266
v -8.698875 17.042149 -2.282449
v -8.731752 16.900000 -2.296985
v -8.698875 16.757851 -2.282449
v -8.603460 16.629620 -2.240266
v -8.454847 16.527851 -2.174563
v -8.267584 16.462513 -2.091773
v -8.172344 17.337486 -2.119908
v -8.273689 17.272148 -2.228078
v -8.354118 17.170380 -2.313922
v -8.405758 17.042149 -2.369038
v -8.423550 16.900000 -2.388029
v -8.405758 16.757851 -2.369038
v -8.354118 16.629620 -2.313922
v -8.273689 16.527851 -2.228078
v -8.172344 16.462513 -2.119908
v -8.060001 17.337486 -2.129787
v -8.060001 17.272148 -2.246870
v -8.060001 17.170380 -2.339787
v -8.060001 17.042149 -2.399444
v -8.060001 16.900000 -2.420000
v -8.060001 16.757851 -2.399444
v -8.060001 16.629620 -2.339787
v -8.060001 16.527851 -2.246870
v -8.060001 16.462513 -2.129787
v -7.947659 17.337486 -2.119908
v -7.846312 17.272148 -2.228078
v -7.765884 17.170380 -2.313922
v -7.714245 17.042149 -2.369038
v -7.696451 16.900000 -2.388029
v -7.714245 16.757851 -2.369038
v -7.765884 16.629620 -2.313922
v -7.846312 16.527851 -2.228078
v -7.947659 16.462513 -2.119908
v -7.852419 17.337486 -2.091773
v -7.665155 17.272148 -2.174563
v -7.516542 17.170380 -2.240265
v -7.421127 17.042149 -2.282449
v -7.388250 16.900000 -2.296984
v -7.421127 16.757851 -2.282449
v -7.516542 16.629620 -2.240265
v -7.665155 16.527851 -2.174563
v -7.852419 16.462513 -2.091773
v -7.788782 17.337486 -2.049667
v -7.544111 17.272148 -2.094473
v -7.349939 17.170380 -2.130030
v -7.225273 17.042149 -2.152860
v -7.182316 16.900000 -2.160727
v -7.225273 16.757851 -2.152860
v -7.349939 16.629620 -2.130030
v -7.544111 16.527851 -2.094473
v -7.788782 16.462513 -2.049667
v -7.766436 17.337486 -2.000000
v -7.501606 17.272148 -2.000000
v -7.291435 17.170380 -2.000000
v -7.156498 17.042149 -2.000000
v -7.110001 16.900000 -2.000000
v -7.156498 16.757851 -2.000000
v -7.291435 16.629620 -2.000000
v -7.501606 16.527851 -2.000000
v -7.766436 16.462513 -2.000000
v -7.788782 17.337486 -1.950333
v -7.544111 17.272148 -1.905527
v -7.349939 17.170380 -1.869969
v -7.225273 17.042149 -1.847139
v -7.182316 16.900000 -1.839273
v -7.225273 16.757851 -1.847139
v -7.349939 16.629620 -1.869969
v -7.544111 16.527851 -1.905527
v -7.788782 16.462513 -1.950333
v -7.852419 17.337486 -1.908227
v -7.665155 17.272148 -1.825437
v -7.516544 17.170380 -1.759734
v -7.421129 17.042149 -1.717551
v -7.388250 16.900000 -1.703015
v -7.421129 16.757851 -1.717551
v -7.516544 16.629620 -1.759734
v -7.665155 16.527851 -1.825437
v -7.852419 16.462513 -1.908227
v -7.947659 17.337486 -1.880092
v -7.846313 17.272148 -1.771922
v -7.765884 17.170380 -1.686078
v -7.714247 17.042149 -1.630962
v -7.696453 16.900000 -1.611970
v -7.714247 16.757851 -1.630962
v -7.765884 16.629620 -1.686078
v -7.846313 16.527851 -1.771922
v -7.947659 16.462513 -1.880092
v -8.060001 17.337486 -1.870213
v -8.060001 17.272148 -1.753130
v -8.060001 17.042149 -1.600556
v -8.060001 16.527851 -1.753130
v -9.680000 17.360001 -2.000000
v -9.680000 17.170380 -1.660213
v -9.680000 16.900000 -1.580000
v -9.680000 16.757851 -1.600556
v -9.680000 16.629620 -1.660213
v -9.680000 16.462513 -1.870213
v -9.680000 16.439999 -2.000000
v -9.792343 17.337486 -1.880092
v -9.893690 17.272148 -1.771922
v -9.974117 17.170380 -1.686078
v -10.025757 17.042149 -1.630962
v -10.043550 16.900000 -1.611971
v -10.025757 16.757851 -1.630962
v -9.974117 16.629620 -1.686078
v -9.893690 16.527851 -1.771922
v -9.792343 16.462513 -1.880092
v -9.887583 17.337486 -1.908227
v -10.074846 17.272148 -1.825437
v -10.223459 17.170380 -1.759734
v -10.318874 17.042149 -1.717551
v -10.351751 16.900000 -1.703015
v -10.318874 16.757851 -1.717551
v -10.223459 16.629620 -1.759734
v -10.074846 16.527851 -1.825437
v -9.887583 16.462513 -1.908227
v -9.951220 17.337486 -1.950333
v -10.195890 17.272148 -1.905527
v -10.390062 17.170380 -1.869969
v -10.514729 17.042149 -1.847140
v -10.557686 16.900000 -1.839273
v -10.514729 16.757851 -1.847140
v -10.390062 16.629620 -1.869969
v -10.195890 16.527851 -1.905527
v -9.951220 16.462513 -1.950333
v -9.973566 17.337486 -2.000000
v -10.238396 17.272148 -2.000000
v -10.448566 17.170380 -2.000000
v -10.583504 17.042149 -2.000000
v -10.630001 16.900000 -2.000000
v -10.583504 16.757851 -2.000000
v -10.448566 16.629620 -2.000000
v -10.238396 16.527851 -2.000000
v -9.973566 16.462513 -2.000000
v -9.951220 17.337486 -2.049667
v -10.195890 17.272148 -2.094473
v -10.390062 17.170380 -2.130031
v -10.514729 17.042149 -2.152860
v -10.557686 16.900000 -2.160727
v -10.514729 16.757851 -2.152860
v -10.390062 16.629620 -2.130031
v -10.195890 16.527851 -2.094473
v -9.951220 16.462513 -2.049667
v -9.887583 17.337486 -2.091773
v -10.074846 17.272148 -2.174563
v -10.223459 17.170380 -2.240266
v -10.318874 17.042149 -2.282449
v -10.351751 16.900000 -2.296985
v -10.318874 16.757851 -2.282449
v -10.223459 16.629620 -2.240266
v -10.074846 16.527851 -2.174563
v -9.887583 16.462513 -2.091773
v -9.792343 17.337486 -2.119908
v -9.893688 17.272148 -2.228078
v -9.974117 17.170380 -2.313922
v -10.025757 17.042149 -2.369038
v -10.043549 16.900000 -2.388029
v -10.025757 16.757851 -2.369038
v -9.974117 16.629620 -2.313922
v -9.893688 16.527851 -2.228078
v -9.792343 16.462513 -2.119908
v -9.680000 17.337486 -2.129787
v -9.680000 17.272148 -2.246870
v -9.680000 17.170380 -2.339787
v -9.680000 17.042149 -2.399444
v -9.680000 16.900000 -2.420000
v -9.680000 16.757851 -2.399444
v -9.680000 16.629620 -2.339787
v -9.680000 16.527851 -2.246870
v -9.680000 16.462513 -2.129787
v -9.567657 17.337486 -2.119908
v -9.466311 17.272148 -2.228078
v -9.385883 17.170380 -2.313922
v -9.334244 17.042149 -2.369038
v -9.316450 16.900000 -2.388029
v -9.334244 16.757851 -2.369038
v -9.385883 16.629620 -2.313922
v -9.466311 16.527851 -2.228078
v -9.567657 16.462513 -2.119908
v -9.472418 17.337486 -2.091773
v -9.285154 17.272148 -2.174563
v -9.136541 17.170380 -2.240265
v -9.041126 17.042149 -2.282449
v -9.008249 16.900000 -2.296984
v -9.041126 16.757851 -2.282449
v -9.136541 16.629620 -2.240265
v -9.285154 16.527851 -2.174563
v -9.472418 16.462513 -2.091773
v -9.408781 17.337486 -2.049667
v -9.164110 17.272148 -2.094473
v -8.969938 17.170380 -2.130031
v -8.845272 17.042149 -2.152860
v -8.802315 16.900000 -2.160727
v -8.845272 16.757851 -2.152860
v -8.969938 16.629620 -2.130031
v -9.164110 16.527851 -2.094473
v -9.408781 16.462513 -2.049667
v -9.386435 17.337486 -2.000000
v -9.121605 17.272148 -2.000000
v -8.911434 17.170380 -2.000000
v -8.776497 17.042149 -2.000000
v -8.730000 16.900000 -2.000000
v -8.776497 16.757851 -2.000000
v -8.911434 16.629620 -2.000000
v -9.121605 16.527851 -2.000000
v -9.386435 16.462513 -2.000000
v -9.408781 17.337486 -1.950333
v -9.164110 17.272148 -1.905527
v -8.969938 17.170380 -1.869969
v -8.845272 17.042149 -1.847139
v -8.802315 16.900000 -1.839273
v -8.845272 16.757851 -1.847139
v -8.969938 16.629620 -1.869969
v -9.164110 16.527851 -1.905527
v -9.408781 16.462513 -1.950333
v -9.472418 17.337486 -1.908227
v -9.285154 17.272148 -1.825437
v -9.136543 17.170380 -1.759734
v -9.041128 17.042149 -1.717551
v -9.008249 16.900000 -1.703015
v -9.041128 16.757851 -1.717551
v -9.136543 16.629620 -1.759734
v -9.285154 16.527851 -1.825437
v -9.472418 16.462513 -1.908227
v -9.567657 17.337486 -1.880092
v -9.466312 17.272148 -1.771922
v -9.385883 17.170380 -1.686078
v -9.334246 17.042149 -1.630962
v -9.316452 16.900000 -1.611970
v -9.334246 16.757851 -1.630962
v -9.385883 16.629620 -1.686078
v -9.466312 16.527851 -1.771922
v -9.567657 16.462513 -1.880092
v -9.680000 17.337486 -1.870213
v -9.680000 17.272148 -1.753130
v -9.680000 17.042149 -1.600556
v -9.680000 16.527851 -1.753130
v -11.299999 17.360001 -2.000000
v -11.299999 17.170380 -1.660213
v -11.299999 16.900000 -1.580000
v -11.299999 16.757851 -1.600556
v -11.299999 16.629620 -1.660213
v -11.299999 16.462513 -1.870213
v -11.299999 16.439999 -2.000000
v -11.412342 17.337486 -1.880092
v -11.513689 17.272148 -1.771922
v -11.594116 17.170380 -1.686078
v -11.645756 17.042149 -1.630962
v -11.663549 16.900000 -1.611971
v -11.645756 16.757851 -1.630962
v -11.594116 16.629620 -1.686078
v -11.513689 16.527851 -1.771922
v -11.412342 16.462513 -1.880092
v -11.507582 17.337486 -1.908227
v -11.694845 17.272148 -1.825437
v -11.843458 17.170380 -1.759734
v -11.938873 17.042149 -1.717551
v -11.971750 16.900000 -1.703015
v -11.938873 16.757851 -1.717551
v -11.843458 16.629620 -1.759734
v -11.694845 16.527851 -1.825437
v -11.507582 16.462513 -1.908227
v -11.571218 17.337486 -1.950333
v -11.815889 17.272148 -1.905527
v -12.010061 17.170380 -1.869969
v -12.134727 17.042149 -1.847140
v -12.177685 16.900000 -1.839273
v -12.134727 16.757851 -1.847140
v -12.010061 16.629620 -1.869969
v -11.815889 16.527851 -1.905527
v -11.571218 16.462513 -1.950333
v -11.593565 17.337486 -2.000000
v -11.858395 17.272148 -2.000000
v -12.068565 17.170380 -2.000000
v -12.203503 17.042149 -2.000000
v -12.250000 16.900000 -2.000000
v -12.203503 16.757851 -2.000000
v -12.068565 16.629620 -2.000000
v -11.858395 16.527851 -2.000000
v -11.593565 16.462513 -2.000000
v -11.571218 17.337486 -2.049667
v -11.815889 17.272148 -2.094473
v -12.010061 17.170380 -2.130031
v -12.134727 17.042149 -2.152860
v -12.177685 16.900000 -2.160727
v -12.134727 16.757851 -2.152860
v -12.010061 16.629620 -2.130031
v -11.815889 16.527851 -2.094473
v -11.571218 16.462513 -2.049667
v -11.507582 17.337486 -2.091773
v -11.694845 17.272148 -2.174563
v -11.843458 17.170380 -2.240266
v -11.938873 17.042149 -2.282449
v -11.971750 16.900000 -2.296985
v -11.938873 16.757851 -2.282449
v -11.843458 16.629620 -2.240266
v -11.694845 16.527851 -2.174563
v -11.507582 16.462513 -2.091773
v -11.412342 17.337486 -2.119908
v -11.513687 17.272148 -2.228078
v -11.594116 17.170380 -2.313922
v -11.645756 17.042149 -2.369038
v -11.663548 16.900000 -2.388029
v -11.645756 16.757851 -2.369038
v -11.594116 16.629620 -2.313922
v -11.513687 16.527851 -2.228078
v -11.412342 16.462513 -2.119908
v -11.299999 17.337486 -2.129787
v -11.299999 17.272148 -2.246870
v -11.299999 17.170380 -2.339787
v -11.299999 17.042149 -2.399444
v -11.299999 16.900000 -2.420000
v -11.299999 16.757851 -2.399444
v -11.299999 16.629620 -2.339787
v -11.299999 16.527851 -2.246870
v -11.299999 16.462513 -2.129787
v -11.187656 17.337486 -2.119908
v -11.086309 17.272148 -2.228078
v -11.005882 17.170380 -2.313922
v -10.954243 17.042149 -2.369038
v -10.936449 16.900000 -2.388029
v -10.954243 16.757851 -2.369038
v -11.005882 16.629620 -2.313922
v -11.086309 16.527851 -2.228078
v -11.187656 16.462513 -2.119908
v -11.092417 17.337486 -2.091773
v -10.905153 17.272148 -2.174563
v -10.756540 17.170380 -2.240265
v -10.661125 17.042149 -2.282449
v -10.628248 16.900000 -2.296984
v -10.661125 16.757851 -2.282449
v -10.756540 16.629620 -2.240265
v -10.905153 16.527851 -2.174563
v -11.092417 16.462513 -2.091773
v -11.028780 17.337486 -2.049667
v -10.784109 17.272148 -2.094473
v -10.589937 17.170380 -2.130030
v -10.465271 17.042149 -2.152860
v -10.422314 16.900000 -2.160727
v -10.465271 16.757851 -2.152860
v -10.589937 16.629620 -2.130030
v -10.784109 16.527851 -2.094473
v -11.028780 16.462513 -2.049667
v -11.006433 17.337486 -2.000000
v -10.741604 17.272148 -2.000000
v -10.531433 17.170380 -2.000000
v -10.396496 17.042149 -2.000000
v -10.349998 16.900000 -2.000000
v -10.396496 16.757851 -2.000000
v -10.531433 16.629620 -2.000000
v -10.741604 16.527851 -2.000000
v -11.006433 16.462513 -2.000000
v -11.028780 17.337486 -1.950333
v -10.784109 17.272148 -1.905527
v -10.589937 17.170380 -1.869969
v -10.465271 17.042149 -1.847139
v -10.422314 16.900000 -1.839273
v -10.465271 16.757851 -1.847139
v -10.589937 16.629620 -1.869969
v -10.784109 16.527851 -1.905527
v -11.028780 16.462513 -1.950333
v -11.092417 17.337486 -1.908227
v -10.905153 17.272148 -1.825437
v -10.756542 17.170380 -1.759734
v -10.661127 17.042149 -1.717551
v -10.628248 16.900000 -1.703015
v -10.661127 16.757851 -1.717551
v -10.756542 16.629620 -1.759734
v -10.905153 16.527851 -1.825437
v -11.092417 16.462513 -1.908227
v -11.187656 17.337486 -1.880092
v -11.086311 17.272148 -1.771922
v -11.005882 17.170380 -1.686078
v -10.954245 17.042149 -1.630962
v -10.936451 16.900000 -1.611970
v -10.954245 16.757851 -1.630962
v -11.005882 16.629620 -1.686078
v -11.086311 16.527851 -1.771922
v -11.187656 16.462513 -1.880092
v -11.299999 17.337486 -1.870213
v -11.299999 17.272148 -1.753130
v -11.299999 17.042149 -1.600556
v -11.299999 16.527851 -1.753130
v -12.920000 17.360001 -2.000000
v -12.920000 17.170380 -1.660213
v -12.920000 16.900000 -1.580000
v -12.920000 16.757851 -1.600556
v -12.920000 16.629620 -1.660213
v -12.920000 16.462513 -1.870213
v -12.920000 16.439999 -2.000000
v -13.032343 17.337486 -1.880092
v -13.133690 17.272148 -1.771922
v -13.214117 17.170380 -1.686078
v -13.265757 17.042149 -1.630962
v -13.283550 16.900000 -1.611971
v -13.265757 16.757851 -1.630962
v -13.214117 16.629620 -1.686078
v -13.133690 16.527851 -1.771922
v -13.032343 16.462513 -1.880092
v -13.127583 17.337486 -1.908227
v -13.314846 17.272148 -1.825437
v -13.463459 17.170380 -1.759734
v -13.558874 17.042149 -1.717551
v -13.591751 16.900000 -1.703015
v -13.558874 16.757851 -1.717551
v -13.463459 16.629620 -1.759734
v -13.314846 16.527851 -1.825437
v -13.127583 16.462513 -1.908227
v -13.191219 17.337486 -1.950333
v -13.435890 17.272148 -1.905527
v -13.630062 17.170380 -1.869969
v -13.754728 17.042149 -1.847140
v -13.797686 16.900000 -1.839273
v -13.754728 16.757851 -1.847140
v -13.630062 16.629620 -1.869969
v -13.435890 16.527851 -1.905527
v -13.191219 16.462513 -1.950333
v -13.213566 17.337486 -2.000000
v -13.478395 17.272148 -2.000000
v -13.688566 17.170380 -2.000000
v -13.823503 17.042149 -2.000000
v -13.870001 16.900000 -2.000000
v -13.823503 16.757851 -2.000000
v -13.688566 16.629620 -2.000000
v -13.478395 16.527851 -2.000000
v -13.213566 16.462513 -2.000000
v -13.191219 17.337486 -2.049667
v -13.435890 17.272148 -2.094473
v -13.630062 17.170380 -2.130031
v -13.754728 17.042149 -2.152860
v -13.797686 16.900000 -2.160727
v -13.754728 16.757851 -2.152860
v -13.630062 16.629620 -2.130031
v -13.435890 16.527851 -2.094473
v -13.191219 16.462513 -2.049667
v -13.127583 17.337486 -2.091773
v -13.314846 17.272148 -2.174563
v -13.463459 17.170380 -2.240266
v -13.558874 17.042149 -2.282449
v -13.591751 16.900000 -2.296985
v -13.558874 16.757851 -2.282449
v -13.463459 16.629620 -2.240266
v -13.314846 16.527851 -2.174563
v -13.127583 16.462513 -2.091773
v -13.032343 17.337486 -2.119908
v -13.133688 17.272148 -2.228078
v -13.214117 17.170380 -2.313922
v -13.265755 17.042149 -2.369038
v -13.283548 16.900000 -2.388029
v -13.265755 16.757851 -2.369038
v -13.214117 16.629620 -2.313922
v -13.133688 16.527851 -2.228078
v -13.032343 16.462513 -2.119908
v -12.920000 17.337486 -2.129787
v -12.920000 17.272148 -2.246870
v -12.920000 17.170380 -2.339787
v -12.920000 17.042149 -2.399444
v -12.920000 16.900000 -2.420000
v -12.920000 16.757851 -2.399444
v -12.920000 16.629620 -2.339787
v -12.920000 16.527851 -2.246870
v -12.920000 16.462513 -2.129787
v -12.807657 17.337486 -2.119908
v -12.706310 17.272148 -2.228078
v -12.625883 17.170380 -2.313922
v -12.574244 17.042149 -2.369038
v -12.556450 16.900000 -2.388029
v -12.574244 16.757851 -2.369038
v -12.625883 16.629620 -2.313922
v -12.706310 16.527851 -2.228078
v -12.807657 16.462513 -2.119908
v -12.712418 17.337486 -2.091773
v -12.525154 17.272148 -2.174563
v -12.376541 17.170380 -2.240265
v -12.281126 17.042149 -2.282449
v -12.248249 16.900000 -2.296984
v -12.281126 16.757851 -2.282449
v -12.376541 16.629620 -2.240265
v -12.525154 16.527851 -2.174563
v -12.712418 16.462513 -2.091773
v -12.648781 17.337486 -2.049667
v -12.404110 17.272148 -2.094473
v -12.209938 17.170380 -2.130031
v -12.085272 17.042149 -2.152860
v -12.042315 16.900000 -2.160727
v -12.085272 16.757851 -2.152860
v -12.209938 16.629620 -2.130031
v -12.404110 16.527851 -2.094473
v -12.648781 16.462513 -2.049667
v -12.626434 17.337486 -2.000000
v -12.361605 17.272148 -2.000000
v -12.151434 17.170380 -2.000000
v -12.016497 17.042149 -2.000000
v -11.969999 16.900000 -2.000000
v -12.016497 16.757851 -2.000000
v -12.151434 16.629620 -2.000000
v -12.361605 16.527851 -2.000000
v -12.626434 16.462513 -2.000000
v -12.648781 17.337486 -1.950333
v -12.404110 17.272148 -1.905527
v -12.209938 17.170380 -1.869969
v -12.085272 17.042149 -1.847139
v -12.042315 16.900000 -1.839273
v -12.085272 16.757851 -1.847139
v -12.209938 16.629620 -1.869969
v -12.404110 16.527851 -1.905527
v -12.648781 16.462513 -1.950333
v -12.712418 17.337486 -1.908227
v -12.525154 17.272148 -1.825437
v -12.376543 17.170380 -1.759734
v -12.281128 17.042149 -1.717551
v -12.248249 16.900000 -1.703015
v -12.281128 16.757851 -1.717551
v -12.376543 16.629620 -1.759734
v -12.525154 16.527851 -1.825437
v -12.712418 16.462513 -1.908227
v -12.807657 17.337486 -1.880092
v -12.706312 17.272148 -1.771922
v -12.625883 17.170380 -1.686078
v -12.574245 17.042149 -1.630962
v -12.556452 16.900000 -1.611970
v -12.574245 16.757851 -1.630962
v -12.625883 16.629620 -1.686078
v -12.706312 16.527851 -1.771922
v -12.807657 16.462513 -1.880092
v -12.920000 17.337486 -1.870213
v -12.920000 17.272148 -1.753130
v -12.920000 17.042149 -1.600556
v -12.920000 16.527851 -1.753130
v 12.630000 1.110000 -0.480000
v 12.750000 1.110000 -0.360000
v 12.630000 0.990000 -0.360000
v 12.630001 1.110000 -0.360000
v -12.630001 1.110000 -0.480000
v -12.630001 0.990000 -0.360000
v -12.750000 1.110000 -0.360000
v -12.630001 1.110000 -0.360000
v -12.630001 1.110000 0.020000
v -12.750000 1.110000 -0.100000
v -12.630001 0.990000 -0.100000
v -12.630001 1.110000 -0.100000
v 12.750000 1.110000 -0.100000
v 12.630000 1.110000 0.020000
v 12.630000 0.990000 -0.100000
v 12.630001 1.110000 -0.100000
v 12.750000 1.290000 -0.360000
v 12.630000 1.290000 -0.480000
v 12.630000 1.410000 -0.360000
v 12.630001 1.290000 -0.360000
v -12.630001 1.290000 -0.480000
v -12.750000 1.290000 -0.360000
v -12.630001 1.410000 -0.360000
v -12.630001 1.290000 -0.360000
v -12.750000 1.290000 -0.100000
v -12.630001 1.290000 0.020000
v -12.630001 1.410000 -0.100000
v -12.630001 1.290000 -0.100000
v 12.750000 1.290000 -0.100000
v 12.630000 1.410000 -0.100000
v 12.630000 1.290000 0.020000
v 12.630001 1.290000 -0.100000
v 12.630000 9.710000 -0.480000
v 12.750000 9.710000 -0.360000
v 12.630000 9.590000 -0.360000
v 12.630001 9.710000 -0.360000
v -12.630001 9.710000 -0.480000
v -12.630001 9.590000 -0.360000
v -12.750000 9.710000 -0.360000
v -12.630001 9.710000 -0.360000
v -12.630001 9.710000 0.020000
v -12.750000 9.710000 -0.100000
v -12.630001 9.590000 -0.100000
v -12.630001 9.710000 -0.100000
v 12.750000 9.710000 -0.100000
v 12.630000 9.710000 0.020000
v 12.630000 9.590000 -0.100000
v 12.630001 9.710000 -0.100000
v 12.750000 9.890000 -0.360000
v 12.630000 9.890000 -0.480000
v 12.630000 10.010000 -0.360000
v 12.630001 9.890000 -0.360000
v -12.630001 9.890000 -0.480000
v -12.750000 9.890000 -0.360000
v -12.630001 10.010000 -0.360000
v -12.630001 9.890000 -0.360000
v -12.750000 9.890000 -0.100000
v -12.630001 9.890000 0.020000
v -12.630001 10.010000 -0.100000
v -12.630001 9.890000 -0.100000
v 12.750000 9.890000 -0.100000
v 12.630000 10.010000 -0.100000
v 12.630000 9.890000 0.020000
v 12.630001 9.890000 -0.100000
v 12.630000 16.709999 -0.480000
v 12.750000 16.709999 -0.360000
v 12.630000 16.590000 -0.360000
v 12.630001 16.709999 -0.360000
v -12.630001 16.709999 -0.480000
v -12.630001 16.590000 -0.360000
v -12.750000 16.709999 -0.360000
v -12.630001 16.709999 -0.360000
v -12.630001 16.709999 0.020000
v -12.750000 16.709999 -0.100000
v -12.630001 16.590000 -0.100000
v -12.630001 16.709999 -0.100000
v 12.750000 16.709999 -0.100000
v 12.630000 16.709999 0.020000
v 12.630000 16.590000 -0.100000
v 12.630001 16.709999 -0.100000
v 12.750000 16.889999 -0.360000
v 12.630000 16.889999 -0.480000
v 12.630000 17.009998 -0.360000
v 12.630001 16.889999 -0.360000
v -12.630001 16.889999 -0.480000
v -12.750000 16.889999 -0.360000
v -12.630001 17.009998 -0.360000
v -12.630001 16.889999 -0.360000
v -12.750000 16.889999 -0.100000
v -12.630001 16.889999 0.020000
v -12.630001 17.009998 -0.100000
v -12.630001 16.889999 -0.100000
v 12.750000 16.889999 -0.100000
v 12.630000 17.009998 -0.100000
v 12.630000 16.889999 0.020000
v 12.630001 16.889999 -0.100000
vn 0.3827 -0.0000 -0.9239
vn 0.9239 -0.0000 -0.3827
vn 0.9239 -0.0000 0.3827
vn 0.3827 -0.0000 0.9239
vn -0.3827 -0.0000 0.9239
vn -0.9239 -0.0000 0.3827
vn -0.0000 1.0000 -0.0000
vn -0.9239 -0.0000 -0.3827
vn -0.3827 -0.0000 -0.9239
vn -0.0000 -1.0000 -0.0000
vn -0.0428 0.8724 0.4869
vn -0.0428 -0.8724 0.4869
vn -0.0867 -0.1426 0.9860
vn -0.0648 0.6729 0.7369
vn -0.0150 -0.9852 0.1709
vn -0.0795 -0.4205 0.9038
vn -0.0795 0.4205 0.9038
vn -0.0150 0.9852 0.1709
vn -0.0648 -0.6729 0.7369
vn -0.0867 0.1426 0.9860
vn -0.1253 0.8968 0.4243
vn -0.1253 -0.8968 0.4243
vn -0.2796 -0.1614 0.9464
vn -0.1971 0.7185 0.6671
vn -0.0429 -0.9884 0.1454
vn -0.2507 -0.4657 0.8487
vn -0.2507 0.4657 0.8487
vn -0.0430 0.9884 0.1454
vn -0.1971 -0.7185 0.6671
vn -0.2796 0.1614 0.9464
vn -0.5397 0.2082 0.8157
vn -0.1956 0.9351 0.2956
vn -0.1956 -0.9351 0.2956
vn -0.5397 -0.2082 0.8157
vn -0.3294 0.8023 0.4978
vn -0.0646 -0.9931 0.0976
vn -0.4553 -0.5651 0.6881
vn -0.4553 0.5651 0.6881
vn -0.0646 0.9931 0.0976
vn -0.3294 -0.8023 0.4978
vn -0.0764 0.9965 0.0344
vn -0.4277 -0.8832 0.1924
vn -0.8739 0.2858 0.3932
vn -0.2382 0.9653 0.1072
vn -0.2382 -0.9653 0.1072
vn -0.8739 -0.2858 0.3932
vn -0.4277 0.8832 0.1924
vn -0.0764 -0.9965 0.0344
vn -0.6580 -0.6924 0.2960
vn -0.6580 0.6924 0.2960
vn -0.6580 -0.6924 -0.2960
vn -0.6580 0.6924 -0.2960
vn -0.0764 0.9965 -0.0344
vn -0.4277 -0.8832 -0.1924
vn -0.8739 0.2858 -0.3932
vn -0.2382 0.9653 -0.1072
vn -0.2382 -0.9653 -0.1072
vn -0.8739 -0.2858 -0.3932
vn -0.4277 0.8832 -0.1924
vn -0.0764 -0.9965 -0.0344
vn -0.3294 0.8023 -0.4978
vn -0.0646 -0.9931 -0.0976
vn -0.4553 -0.5651 -0.6881
vn -0.4553 0.5651 -0.6881
vn -0.0646 0.9931 -0.0976
vn -0.3294 -0.8023 -0.4978
vn -0.5397 0.2082 -0.8157
vn -0.1956 0.9351 -0.2956
vn -0.1956 -0.9351 -0.2956
vn -0.5397 -0.2082 -0.8157
vn -0.2796 -0.1614 -0.9464
vn -0.1971 0.7184 -0.6671
vn -0.0429 -0.9884 -0.1454
vn -0.2507 -0.4657 -0.8487
vn -0.2507 0.4657 -0.8487
vn -0.0429 0.9884 -0.1454
vn -0.1971 -0.7184 -0.6671
vn -0.2796 0.1614 -0.9464
vn -0.1253 0.8968 -0.4243
vn -0.1253 -0.8968 -0.4243
vn -0.0428 0.8724 -0.4869
vn -0.0428 -0.8724 -0.4869
vn -0.0867 -0.1426 -0.9860
vn -0.0648 0.6729 -0.7369
vn -0.0150 -0.9852 -0.1709
vn -0.0795 -0.4205 -0.9038
vn -0.0795 0.4205 -0.9038
vn -0.0150 0.9852 -0.1709
vn -0.0648 -0.6728 -0.7369
vn -0.0867 0.1426 -0.9860
vn 0.0648 -0.6729 -0.7369
vn 0.0867 0.1426 -0.9860
vn 0.0428 0.8724 -0.4869
vn 0.0428 -0.8724 -0.4869
vn 0.0867 -0.1426 -0.9860
vn 0.0648 0.6729 -0.7369
vn 0.0150 -0.9852 -0.1709
vn 0.0795 -0.4205 -0.9038
vn 0.0795 0.4205 -0.9038
vn 0.0150 0.9852 -0.1709
vn 0.2507 0.4657 -0.8487
vn 0.0429 0.9884 -0.1454
vn 0.1971 -0.7185 -0.6671
vn 0.2796 0.1615 -0.9464
vn 0.1253 0.8968 -0.4243
vn 0.1253 -0.8968 -0.4243
vn 0.2796 -0.1614 -0.9464
vn 0.1971 0.7185 -0.6671
vn 0.0429 -0.9884 -0.1454
vn 0.2507 -0.4657 -0.8487
vn 0.4553 -0.5651 -0.6881
vn 0.4553 0.5651 -0.6881
vn 0.0646 0.9931 -0.0976
vn 0.3294 -0.8023 -0.4978
vn 0.5397 0.2082 -0.8157
vn 0.1956 0.9351 -0.2956
vn 0.1956 -0.9351 -0.2956
vn 0.5397 -0.2082 -0.8157
vn 0.3294 0.8023 -0.4978
vn 0.0646 -0.9931 -0.0976
vn 0.4277 0.8832 -0.1924
vn 0.0764 -0.9965 -0.0344
vn 0.6580 -0.6924 -0.2960
vn 0.6580 0.6924 -0.2960
vn 0.0764 0.9965 -0.0344
vn 0.4277 -0.8832 -0.1924
vn 0.8739 0.2859 -0.3932
vn 0.2382 0.9653 -0.1072
vn 0.2382 -0.9653 -0.1072
vn 0.8739 -0.2859 -0.3932
vn 0.2382 -0.9653 0.1072
vn 0.8739 -0.2859 0.3932
vn 0.4277 0.8832 0.1924
vn 0.0764 -0.9965 0.0344
vn 0.6580 -0.6924 0.2960
vn 0.6580 0.6924 0.2960
vn 0.0764 0.9965 0.0344
vn 0.4277 -0.8832 0.1924
vn 0.8739 0.2858 0.3932
vn 0.2382 0.9653 0.1072
vn 0.5397 0.2082 0.8157
vn 0.1956 0.9351 0.2956
vn 0.1956 -0.9351 0.2956
vn 0.5397 -0.2082 0.8157
vn 0.3294 0.8023 0.4978
vn 0.0646 -0.9931 0.0976
vn 0.4553 -0.5651 0.6881
vn 0.4553 0.5651 0.6881
vn 0.0646 0.9931 0.0976
vn 0.3294 -0.8023 0.4978
vn 0.0429 0.9884 0.1454
vn 0.1971 -0.7184 0.6671
vn 0.2796 0.1614 0.9464
vn 0.1253 0.8968 0.4243
vn 0.1253 -0.8968 0.4243
vn 0.2796 -0.1614 0.9464
vn 0.1971 0.7185 0.6671
vn 0.0429 -0.9884 0.1454
vn 0.2507 -0.4657 0.8487
vn 0.2507 0.4657 0.8487
vn 0.0795 0.4205 0.9038
vn 0.0150 0.9852 0.1709
vn 0.0648 -0.6729 0.7369
vn 0.0867 0.1426 0.9860
vn 0.0428 0.8724 0.4869
vn 0.0428 -0.8724 0.4869
vn 0.0867 -0.1426 0.9860
vn 0.0648 0.6729 0.7369
vn 0.0150 -0.9852 0.1709
vn 0.0795 -0.4205 0.9038
vn -0.1971 -0.7184 0.6671
vn -0.8739 -0.2859 -0.3932
vn -0.1971 0.7185 -0.6671
vn -0.1971 -0.7185 -0.6671
vn -0.0648 -0.6729 -0.7369
vn 0.1971 -0.7184 -0.6671
vn 0.2796 0.1614 -0.9464
vn 0.1971 0.7184 -0.6671
vn 0.8739 0.2858 -0.3932
vn 0.1971 0.7184 0.6671
vn 0.0648 -0.6728 -0.7369
vn 0.8739 -0.2858 0.3932
vn -0.0648 -0.6728 0.7369
vn 0.2796 -0.1614 -0.9465
vn -0.2796 -0.1614 0.9465
vn -0.4552 -0.5651 0.6881
vn -0.6580 -0.6924 0.2961
vn -0.6580 -0.6924 -0.2961
vn -0.0648 0.6728 -0.7369
vn -0.0648 0.6728 0.7369
vn -0.2382 -0.9653 0.1071
vn 0.0648 0.6728 -0.7369
vn -0.4553 -0.5651 0.6880
vn -0.2382 0.9653 0.1071
vn -0.8739 -0.2859 0.3932
vn -0.2382 -0.9653 -0.1071
vn 0.4553 -0.5651 -0.6880
vn 0.2382 0.9653 -0.1071
vn 0.2382 -0.9653 0.1071
vn 0.0648 -0.6728 0.7369
vn 0.2796 0.1614 -0.9465
vn -0.2382 0.9653 -0.1071
vn 0.4553 0.5651 -0.6880
vn 0.6580 -0.6924 -0.2961
vn 0.6580 -0.6924 0.2961
vn 0.4552 -0.5651 0.6881
vn 0.4553 0.5651 0.6880
vn -0.8739 0.2859 0.3932
vn -0.8739 0.2859 -0.3932
vn -0.1970 -0.7184 -0.6671
vn 0.8739 0.2859 0.3932
vn 0.2382 0.9653 0.1071
vn -0.4553 -0.5651 -0.6880
vn -0.2796 -0.1614 -0.9465
vn 0.0648 0.6728 0.7369
vn -0.4553 0.5651 0.6880
vn -0.4553 0.5651 -0.6880
vn 0.8739 -0.2858 -0.3932
vn -0.6580 0.6924 0.2961
vn -0.6580 0.6924 -0.2961
vn 0.6580 0.6924 -0.2961
vn 0.6580 0.6924 0.2961
vn -0.2796 0.1614 0.9465
vn -0.1971 0.7184 0.6671
vn -0.2796 0.1614 -0.9465
vn 0.1971 -0.7185 0.6671
vn 0.2796 -0.1614 0.9465
vn -0.0000 -0.0000 -1.0000
vn 1.0000 -0.0000 -0.0000
vn -0.0000 -0.0000 1.0000
vn -1.0000 -0.0000 -0.0000
vn 0.2796 -0.1615 -0.9464
vn 0.2796 0.1614 0.9465
vn 0.2382 -0.9653 -0.1071
vn -0.3293 0.8023 -0.4978
vn 0.4553 -0.5651 0.6880
vt 1.000000 1.000000
vt 0.875000 0.500000
vt 1.000000 0.500000
vt 0.875000 1.000000
vt 0.750000 0.500000
vt 0.750000 1.000000
vt 0.625000 0.500000
vt 0.625000 1.000000
vt 0.500000 0.500000
vt 0.500000 1.000000
vt 0.375000 0.500000
vt 0.375000 1.000000
vt 0.250000 0.500000
vt 0.010000 0.250000
vt 0.250000 0.010000
vt 0.490000 0.250000
vt 0.250000 1.000000
vt 0.125000 0.500000
vt 0.125000 1.000000
vt 0.000000 0.500000
vt 0.919706 0.080294
vt 0.580294 0.080294
vt 0.580294 0.419706
vt 0.510000 0.250000
vt 0.750000 0.800000
vt 0.687500 0.900000
vt 0.687500 0.800000
vt 0.750000 0.200000
vt 0.687500 0.100000
vt 0.750000 0.100000
vt 0.687500 0.400000
vt 0.750000 0.400000
vt 0.750000 0.700000
vt 0.687500 0.700000
vt 0.718750 0.000000
vt 0.687500 0.300000
vt 0.750000 0.300000
vt 0.750000 0.600000
vt 0.687500 0.600000
vt 0.750000 0.900000
vt 0.718750 1.000000
vt 0.687500 0.200000
vt 0.687500 0.500000
vt 0.625000 0.900000
vt 0.625000 0.800000
vt 0.625000 0.100000
vt 0.625000 0.400000
vt 0.625000 0.700000
vt 0.656250 0.000000
vt 0.625000 0.300000
vt 0.625000 0.600000
vt 0.656250 1.000000
vt 0.625000 0.200000
vt 0.562500 0.600000
vt 0.562500 0.500000
vt 0.562500 0.900000
vt 0.562500 0.800000
vt 0.562500 0.100000
vt 0.562500 0.400000
vt 0.562500 0.700000
vt 0.593750 0.000000
vt 0.562500 0.300000
vt 0.593750 1.000000
vt 0.562500 0.200000
vt 0.531250 1.000000
vt 0.500000 0.900000
vt 0.500000 0.200000
vt 0.500000 0.600000
vt 0.500000 0.500000
vt 0.500000 0.800000
vt 0.500000 0.100000
vt 0.500000 0.400000
vt 0.500000 0.700000
vt 0.531250 0.000000
vt 0.500000 0.300000
vt 0.437500 0.400000
vt 0.437500 0.300000
vt 0.437500 0.600000
vt 0.468750 1.000000
vt 0.437500 0.900000
vt 0.437500 0.200000
vt 0.437500 0.500000
vt 0.437500 0.800000
vt 0.437500 0.100000
vt 0.437500 0.700000
vt 0.468750 0.000000
vt 0.375000 0.700000
vt 0.406250 0.000000
vt 0.375000 0.100000
vt 0.375000 0.400000
vt 0.375000 0.300000
vt 0.375000 0.600000
vt 0.406250 1.000000
vt 0.375000 0.900000
vt 0.375000 0.200000
vt 0.375000 0.500000
vt 0.375000 0.800000
vt 0.312500 0.500000
vt 0.312500 0.400000
vt 0.312500 0.700000
vt 0.343750 0.000000
vt 0.312500 0.100000
vt 0.312500 0.300000
vt 0.312500 0.600000
vt 0.343750 1.000000
vt 0.312500 0.900000
vt 0.312500 0.200000
vt 0.312500 0.800000
vt 0.250000 0.800000
vt 0.250000 0.200000
vt 0.250000 0.100000
vt 0.250000 0.500000
vt 0.250000 0.400000
vt 0.250000 0.700000
vt 0.281250 0.000000
vt 0.250000 0.300000
vt 0.250000 0.600000
vt 0.281250 1.000000
vt 0.250000 0.900000
vt 0.187500 0.200000
vt 0.187500 0.600000
vt 0.187500 0.500000
vt 0.187500 0.900000
vt 0.187500 0.800000
vt 0.187500 0.100000
vt 0.187500 0.400000
vt 0.187500 0.700000
vt 0.218750 0.000000
vt 0.187500 0.300000
vt 0.218750 1.000000
vt 0.125000 0.700000
vt 0.125000 0.600000
vt 0.156250 1.000000
vt 0.125000 0.900000
vt 0.125000 0.200000
vt 0.125000 0.500000
vt 0.125000 0.800000
vt 0.125000 0.100000
vt 0.125000 0.400000
vt 0.156250 0.000000
vt 0.125000 0.300000
vt 0.062500 0.300000
vt 0.062500 0.700000
vt 0.062500 0.600000
vt 0.093750 1.000000
vt 0.062500 0.900000
vt 0.062500 0.200000
vt 0.062500 0.500000
vt 0.062500 0.800000
vt 0.062500 0.100000
vt 0.062500 0.400000
vt 0.093750 0.000000
vt 0.000000 0.800000
vt 0.000000 0.700000
vt 0.031250 0.000000
vt 0.000000 0.100000
vt 0.000000 0.300000
vt 0.000000 0.600000
vt 0.031250 1.000000
vt 0.000000 0.900000
vt 0.000000 0.200000
vt 0.000000 0.400000
vt 1.000000 0.100000
vt 0.937500 0.200000
vt 0.937500 0.100000
vt 1.000000 0.400000
vt 0.937500 0.500000
vt 0.937500 0.400000
vt 1.000000 0.800000
vt 0.937500 0.700000
vt 1.000000 0.700000
vt 0.968750 0.000000
vt 1.000000 0.300000
vt 0.937500 0.300000
vt 0.937500 0.600000
vt 1.000000 0.600000
vt 1.000000 0.900000
vt 0.968750 1.000000
vt 0.937500 0.900000
vt 1.000000 0.200000
vt 0.937500 0.800000
vt 0.875000 0.500000
vt 0.875000 0.800000
vt 0.875000 0.200000
vt 0.875000 0.100000
vt 0.875000 0.400000
vt 0.875000 0.700000
vt 0.906250 0.000000
vt 0.875000 0.300000
vt 0.875000 0.600000
vt 0.906250 1.000000
vt 0.875000 0.900000
vt 0.843750 1.000000
vt 0.812500 0.900000
vt 0.812500 0.300000
vt 0.812500 0.200000
vt 0.812500 0.500000
vt 0.812500 0.800000
vt 0.812500 0.100000
vt 0.812500 0.400000
vt 0.812500 0.700000
vt 0.843750 0.000000
vt 0.812500 0.600000
vt 0.781250 1.000000
vt 0.781250 0.000000
vt 0.000000 0.000000
vt 0.419706 0.419706
vt 0.250000 0.490000
vt 0.080294 0.419706
vt 0.080294 0.080294
vt 0.419706 0.080294
vt 0.000000 1.000000
vt 0.750000 0.490000
vt 0.919706 0.419706
vt 0.990000 0.250000
vt 0.750000 0.010000
s 0
usemtl Icing
f 2/1/1 3/2/1 1/3/1
f 4/4/2 5/5/2 3/2/2
f 6/6/3 7/7/3 5/5/3
f 8/8/4 9/9/4 7/7/4
f 10/10/5 11/11/5 9/9/5
f 12/12/6 13/13/6 11/11/6
f 14/14/7 10/15/7 6/16/7
f 14/17/8 15/18/8 13/13/8
f 16/19/9 1/20/9 15/18/9
f 7/21/10 11/22/10 15/23/10
f 18/1/1 19/2/1 17/3/1
f 20/4/2 21/5/2 19/2/2
f 22/6/3 23/7/3 21/5/3
f 24/8/4 25/9/4 23/7/4
f 26/10/5 27/11/5 25/9/5
f 28/12/6 29/13/6 27/11/6
f 30/14/7 26/15/7 22/16/7
f 30/17/8 31/18/8 29/13/8
f 32/19/9 17/20/9 31/18/9
f 27/22/10 29/24/10 31/23/10
f 176/25/11 40/26/11 41/27/11
f 178/28/12 48/29/12 38/30/12
f 35/5/13 45/31/13 36/32/13
f 34/33/14 41/27/14 42/34/14
f 39/35/15 38/30/15 48/29/15
f 36/32/16 46/36/16 37/37/16
f 177/38/17 42/34/17 43/39/17
f 175/40/18 33/41/18 40/26/18
f 37/37/19 47/42/19 178/28/19
f 35/5/20 43/39/20 44/43/20
f 41/27/21 49/44/21 50/45/21
f 47/42/22 57/46/22 48/29/22
f 44/43/23 54/47/23 45/31/23
f 42/34/24 50/45/24 51/48/24
f 39/49/25 48/29/25 57/46/25
f 45/31/26 55/50/26 46/36/26
f 43/39/27 51/48/27 52/51/27
f 40/26/28 33/52/28 49/44/28
f 46/36/29 56/53/29 47/42/29
f 44/43/30 52/51/30 53/7/30
f 53/7/31 61/54/31 62/55/31
f 50/45/32 58/56/32 59/57/32
f 56/53/33 66/58/33 57/46/33
f 53/7/34 63/59/34 54/47/34
f 51/48/35 59/57/35 60/60/35
f 39/61/36 57/46/36 66/58/36
f 54/47/37 64/62/37 55/50/37
f 52/51/38 60/60/38 61/54/38
f 49/44/39 33/63/39 58/56/39
f 55/50/40 65/64/40 56/53/40
f 58/56/41 33/65/41 67/66/41
f 64/62/42 74/67/42 65/64/42
f 62/55/43 70/68/43 71/69/43
f 59/57/44 67/66/44 68/70/44
f 65/64/45 75/71/45 66/58/45
f 62/55/46 72/72/46 63/59/46
f 60/60/47 68/70/47 69/73/47
f 39/74/48 66/58/48 75/71/48
f 63/59/49 73/75/49 64/62/49
f 61/54/50 69/73/50 70/68/50
f 73/75/51 81/76/51 82/77/51
f 69/73/52 79/78/52 70/68/52
f 67/66/53 33/79/53 76/80/53
f 74/67/54 82/77/54 83/81/54
f 70/68/55 80/82/55 71/69/55
f 67/66/56 77/83/56 68/70/56
f 75/71/57 83/81/57 84/84/57
f 72/72/58 80/82/58 81/76/58
f 68/70/59 78/85/59 69/73/59
f 39/86/60 75/71/60 84/84/60
f 77/83/61 87/87/61 78/85/61
f 39/88/62 84/84/62 93/89/62
f 82/77/63 90/90/63 91/91/63
f 78/85/64 88/92/64 79/78/64
f 76/80/65 33/93/65 85/94/65
f 83/81/66 91/91/66 92/95/66
f 79/78/67 89/96/67 80/82/67
f 76/80/68 86/97/68 77/83/68
f 84/84/69 92/95/69 93/89/69
f 81/76/70 89/96/70 90/90/70
f 90/90/71 98/98/71 99/99/71
f 86/97/72 96/100/72 87/87/72
f 39/101/73 93/89/73 102/102/73
f 91/91/74 99/99/74 100/103/74
f 87/87/75 97/104/75 88/92/75
f 85/94/76 33/105/76 94/106/76
f 92/95/77 100/103/77 101/107/77
f 88/92/78 98/98/78 89/96/78
f 85/94/79 95/108/79 86/97/79
f 93/89/80 101/107/80 102/102/80
f 94/106/81 104/109/81 95/108/81
f 102/102/82 110/110/82 111/111/82
f 99/99/83 107/112/83 108/113/83
f 95/108/84 105/114/84 96/100/84
f 39/115/85 102/102/85 111/111/85
f 100/103/86 108/113/86 109/116/86
f 96/100/87 106/117/87 97/104/87
f 94/106/88 33/118/88 103/119/88
f 101/107/89 109/116/89 110/110/89
f 97/104/90 107/112/90 98/98/90
f 109/116/91 119/120/91 110/110/91
f 107/112/92 115/121/92 116/122/92
f 104/109/93 112/123/93 113/124/93
f 110/110/94 120/125/94 111/111/94
f 107/112/95 117/126/95 108/113/95
f 105/114/96 113/124/96 114/127/96
f 39/128/97 111/111/97 120/125/97
f 108/113/98 118/129/98 109/116/98
f 106/117/99 114/127/99 115/121/99
f 103/119/100 33/130/100 112/123/100
f 115/121/101 123/131/101 124/132/101
f 112/123/102 33/133/102 121/134/102
f 118/129/103 128/135/103 119/120/103
f 116/122/104 124/132/104 125/136/104
f 113/124/105 121/134/105 122/137/105
f 119/120/106 129/138/106 120/125/106
f 116/122/107 126/139/107 117/126/107
f 114/127/108 122/137/108 123/131/108
f 39/140/109 120/125/109 129/138/109
f 117/126/110 127/141/110 118/129/110
f 126/139/111 136/142/111 127/141/111
f 124/132/112 132/143/112 133/144/112
f 121/134/113 33/145/113 130/146/113
f 127/141/114 137/147/114 128/135/114
f 125/136/115 133/144/115 134/148/115
f 122/137/116 130/146/116 131/149/116
f 128/135/117 138/150/117 129/138/117
f 125/136/118 135/151/118 126/139/118
f 123/131/119 131/149/119 132/143/119
f 39/152/120 129/138/120 138/150/120
f 132/143/121 140/153/121 141/154/121
f 39/155/122 138/150/122 147/156/122
f 135/151/123 145/157/123 136/142/123
f 133/144/124 141/154/124 142/158/124
f 130/146/125 33/159/125 139/160/125
f 136/142/126 146/161/126 137/147/126
f 134/148/127 142/158/127 143/20/127
f 131/149/128 139/160/128 140/153/128
f 137/147/129 147/156/129 138/150/129
f 134/148/130 144/162/130 135/151/130
f 147/163/131 155/164/131 156/165/131
f 144/166/132 152/167/132 153/168/132
f 140/169/133 150/170/133 141/171/133
f 39/172/134 147/163/134 156/165/134
f 145/173/135 153/168/135 154/174/135
f 141/171/136 151/175/136 142/176/136
f 139/177/137 33/178/137 148/179/137
f 146/180/138 154/174/138 155/164/138
f 142/176/139 152/167/139 143/3/139
f 139/177/140 149/181/140 140/169/140
f 151/175/141 161/182/141 152/167/141
f 148/179/142 158/183/142 149/181/142
f 156/165/143 164/184/143 165/185/143
f 153/168/144 161/182/144 162/186/144
f 149/181/145 159/187/145 150/170/145
f 39/188/146 156/165/146 165/185/146
f 154/174/147 162/186/147 163/189/147
f 150/170/148 160/190/148 151/175/148
f 148/179/149 33/191/149 157/192/149
f 155/164/150 163/189/150 164/184/150
f 157/192/151 33/193/151 166/194/151
f 164/184/152 172/195/152 173/196/152
f 160/190/153 170/197/153 161/182/153
f 157/192/154 167/198/154 158/183/154
f 165/185/155 173/196/155 174/199/155
f 162/186/156 170/197/156 171/200/156
f 158/183/157 168/201/157 159/187/157
f 39/202/158 165/185/158 174/199/158
f 163/189/159 171/200/159 172/195/159
f 159/187/160 169/203/160 160/190/160
f 168/201/161 177/38/161 169/203/161
f 166/194/162 33/204/162 175/40/162
f 173/196/163 37/37/163 178/28/163
f 169/203/164 35/5/164 170/197/164
f 166/194/165 176/25/165 167/198/165
f 174/199/166 178/28/166 38/30/166
f 171/200/167 35/5/167 36/32/167
f 167/198/168 34/33/168 168/201/168
f 39/205/169 174/199/169 38/30/169
f 172/195/170 36/32/170 37/37/170
f 181/5/20 189/39/20 190/43/20
f 322/25/11 186/26/11 187/27/11
f 324/28/12 194/29/12 184/30/12
f 181/5/13 191/31/13 182/32/13
f 180/33/14 187/27/14 188/34/14
f 185/35/15 184/30/15 194/29/15
f 182/32/16 192/36/16 183/37/16
f 323/38/17 188/34/17 189/39/17
f 321/40/18 179/41/18 186/26/18
f 183/37/19 193/42/19 324/28/19
f 187/27/21 195/44/21 196/45/21
f 193/42/22 203/46/22 194/29/22
f 190/43/23 200/47/23 191/31/23
f 188/34/24 196/45/24 197/48/24
f 185/49/25 194/29/25 203/46/25
f 191/31/26 201/50/26 192/36/26
f 189/39/27 197/48/27 198/51/27
f 186/26/28 179/52/28 195/44/28
f 192/36/171 202/53/171 193/42/171
f 190/43/30 198/51/30 199/7/30
f 201/50/40 211/64/40 202/53/40
f 199/7/31 207/54/31 208/55/31
f 196/45/32 204/56/32 205/57/32
f 202/53/33 212/58/33 203/46/33
f 199/7/34 209/59/34 200/47/34
f 197/48/35 205/57/35 206/60/35
f 185/61/36 203/46/36 212/58/36
f 200/47/37 210/62/37 201/50/37
f 198/51/38 206/60/38 207/54/38
f 195/44/39 179/63/39 204/56/39
f 207/54/50 215/73/50 216/68/50
f 204/56/41 179/65/41 213/66/41
f 210/62/42 220/67/42 211/64/42
f 208/55/43 216/68/43 217/69/43
f 205/57/44 213/66/44 214/70/44
f 211/64/45 221/71/45 212/58/45
f 208/55/46 218/72/46 209/59/46
f 206/60/47 214/70/47 215/73/47
f 185/74/48 212/58/48 221/71/48
f 209/59/49 219/75/49 210/62/49
f 219/75/51 227/76/51 228/77/51
f 215/73/52 225/78/52 216/68/52
f 213/66/53 179/79/53 222/80/53
f 220/67/54 228/77/54 229/81/54
f 216/68/55 226/82/55 217/69/55
f 213/66/56 223/83/56 214/70/56
f 221/71/57 229/81/57 230/84/57
f 218/72/172 226/82/172 227/76/172
f 214/70/59 224/85/59 215/73/59
f 185/86/60 221/71/60 230/84/60
f 223/83/61 233/87/61 224/85/61
f 185/88/62 230/84/62 239/89/62
f 228/77/63 236/90/63 237/91/63
f 224/85/64 234/92/64 225/78/64
f 222/80/65 179/93/65 231/94/65
f 229/81/66 237/91/66 238/95/66
f 225/78/67 235/96/67 226/82/67
f 222/80/68 232/97/68 223/83/68
f 230/84/69 238/95/69 239/89/69
f 227/76/70 235/96/70 236/90/70
f 239/89/80 247/107/80 248/102/80
f 236/90/71 244/98/71 245/99/71
f 232/97/173 242/100/173 233/87/173
f 185/101/73 239/89/73 248/102/73
f 237/91/74 245/99/74 246/103/74
f 233/87/75 243/104/75 234/92/75
f 231/94/76 179/105/76 240/106/76
f 238/95/174 246/103/174 247/107/174
f 234/92/78 244/98/78 235/96/78
f 231/94/79 241/108/79 232/97/79
f 243/104/90 253/112/90 244/98/90
f 240/106/81 250/109/81 241/108/81
f 248/102/82 256/110/82 257/111/82
f 245/99/83 253/112/83 254/113/83
f 241/108/84 251/114/84 242/100/84
f 185/115/85 248/102/85 257/111/85
f 246/103/86 254/113/86 255/116/86
f 242/100/87 252/117/87 243/104/87
f 240/106/88 179/118/88 249/119/88
f 247/107/175 255/116/175 256/110/175
f 249/119/100 179/130/100 258/123/100
f 255/116/91 265/120/91 256/110/91
f 253/112/92 261/121/92 262/122/92
f 250/109/93 258/123/93 259/124/93
f 256/110/94 266/125/94 257/111/94
f 253/112/95 263/126/95 254/113/95
f 251/114/96 259/124/96 260/127/96
f 185/128/97 257/111/97 266/125/97
f 254/113/98 264/129/98 255/116/98
f 252/117/99 260/127/99 261/121/99
f 261/121/101 269/131/101 270/132/101
f 258/123/102 179/133/102 267/134/102
f 264/129/176 274/135/176 265/120/176
f 262/122/177 270/132/177 271/136/177
f 259/124/105 267/134/105 268/137/105
f 265/120/106 275/138/106 266/125/106
f 262/122/107 272/139/107 263/126/107
f 260/127/178 268/137/178 269/131/178
f 185/140/109 266/125/109 275/138/109
f 263/126/110 273/141/110 264/129/110
f 185/152/120 275/138/120 284/150/120
f 272/139/111 282/142/111 273/141/111
f 270/132/112 278/143/112 279/144/112
f 267/134/113 179/145/113 276/146/113
f 273/141/114 283/147/114 274/135/114
f 271/136/115 279/144/115 280/148/115
f 268/137/116 276/146/116 277/149/116
f 274/135/117 284/150/117 275/138/117
f 271/136/118 281/151/118 272/139/118
f 269/131/119 277/149/119 278/143/119
f 280/148/130 290/162/130 281/151/130
f 278/143/121 286/153/121 287/154/121
f 185/155/122 284/150/122 293/156/122
f 281/151/123 291/157/123 282/142/123
f 279/144/124 287/154/124 288/158/124
f 276/146/125 179/159/125 285/160/125
f 282/142/126 292/161/126 283/147/126
f 280/148/179 288/158/179 289/20/179
f 277/149/128 285/160/128 286/153/128
f 283/147/129 293/156/129 284/150/129
f 285/177/140 295/181/140 286/169/140
f 293/163/131 301/164/131 302/165/131
f 290/166/132 298/167/132 299/168/132
f 286/169/133 296/170/133 287/171/133
f 185/172/134 293/163/134 302/165/134
f 291/173/135 299/168/135 300/174/135
f 287/171/136 297/175/136 288/176/136
f 285/177/137 179/178/137 294/179/137
f 292/180/138 300/174/138 301/164/138
f 288/176/139 298/167/139 289/3/139
f 297/175/141 307/182/141 298/167/141
f 294/179/142 304/183/142 295/181/142
f 302/165/143 310/184/143 311/185/143
f 299/168/144 307/182/144 308/186/144
f 295/181/145 305/187/145 296/170/145
f 185/188/146 302/165/146 311/185/146
f 300/174/147 308/186/147 309/189/147
f 296/170/148 306/190/148 297/175/148
f 294/179/149 179/191/149 303/192/149
f 301/164/150 309/189/150 310/184/150
f 303/192/151 179/193/151 312/194/151
f 310/184/152 318/195/152 319/196/152
f 306/190/153 316/197/153 307/182/153
f 303/192/154 313/198/154 304/183/154
f 311/185/155 319/196/155 320/199/155
f 308/186/156 316/197/156 317/200/156
f 304/183/157 314/201/157 305/187/157
f 185/202/158 311/185/158 320/199/158
f 309/189/159 317/200/159 318/195/159
f 305/187/160 315/203/160 306/190/160
f 318/195/170 182/32/170 183/37/170
f 314/201/161 323/38/161 315/203/161
f 312/194/162 179/204/162 321/40/162
f 319/196/163 183/37/163 324/28/163
f 315/203/164 181/5/164 316/197/164
f 312/194/165 322/25/165 313/198/165
f 320/199/166 324/28/166 184/30/166
f 317/200/167 181/5/167 182/32/167
f 313/198/168 180/33/168 314/201/168
f 185/205/169 320/199/169 184/30/169
f 468/25/11 332/26/11 333/27/11
f 470/28/12 340/29/12 330/30/12
f 327/5/13 337/31/13 328/32/13
f 326/33/14 333/27/14 334/34/14
f 331/35/15 330/30/15 340/29/15
f 328/32/16 338/36/16 329/37/16
f 469/38/17 334/34/17 335/39/17
f 467/40/18 325/41/18 332/26/18
f 329/37/19 339/42/19 470/28/19
f 327/5/20 335/39/20 336/43/20
f 333/27/21 341/44/21 342/45/21
f 339/42/22 349/46/22 340/29/22
f 336/43/23 346/47/23 337/31/23
f 334/34/24 342/45/24 343/48/24
f 331/49/25 340/29/25 349/46/25
f 337/31/26 347/50/26 338/36/26
f 335/39/27 343/48/27 344/51/27
f 332/26/28 325/52/28 341/44/28
f 338/36/29 348/53/29 339/42/29
f 336/43/30 344/51/30 345/7/30
f 345/7/31 353/54/31 354/55/31
f 342/45/32 350/56/32 351/57/32
f 348/53/33 358/58/33 349/46/33
f 345/7/34 355/59/34 346/47/34
f 343/48/35 351/57/35 352/60/35
f 331/61/36 349/46/36 358/58/36
f 346/47/37 356/62/37 347/50/37
f 344/51/38 352/60/38 353/54/38
f 341/44/39 325/63/39 350/56/39
f 347/50/40 357/64/40 348/53/40
f 350/56/41 325/65/41 359/66/41
f 356/62/42 366/67/42 357/64/42
f 354/55/43 362/68/43 363/69/43
f 351/57/44 359/66/44 360/70/44
f 357/64/45 367/71/45 358/58/45
f 354/55/46 364/72/46 355/59/46
f 352/60/47 360/70/47 361/73/47
f 331/74/48 358/58/48 367/71/48
f 355/59/49 365/75/49 356/62/49
f 353/54/50 361/73/50 362/68/50
f 365/75/51 373/76/51 374/77/51
f 361/73/52 371/78/52 362/68/52
f 359/66/53 325/79/53 368/80/53
f 366/67/54 374/77/54 375/81/54
f 362/68/55 372/82/55 363/69/55
f 359/66/56 369/83/56 360/70/56
f 367/71/57 375/81/57 376/84/57
f 364/72/58 372/82/58 373/76/58
f 360/70/59 370/85/59 361/73/59
f 331/86/60 367/71/60 376/84/60
f 369/83/61 379/87/61 370/85/61
f 331/88/62 376/84/62 385/89/62
f 374/77/63 382/90/63 383/91/63
f 370/85/64 380/92/64 371/78/64
f 368/80/65 325/93/65 377/94/65
f 375/81/66 383/91/66 384/95/66
f 371/78/67 381/96/67 372/82/67
f 368/80/68 378/97/68 369/83/68
f 376/84/69 384/95/69 385/89/69
f 373/76/70 381/96/70 382/90/70
f 382/90/71 390/98/71 391/99/71
f 378/97/173 388/100/173 379/87/173
f 331/101/73 385/89/73 394/102/73
f 383/91/74 391/99/74 392/103/74
f 379/87/75 389/104/75 380/92/75
f 377/94/76 325/105/76 386/106/76
f 384/95/77 392/103/77 393/107/77
f 380/92/78 390/98/78 381/96/78
f 377/94/79 387/108/79 378/97/79
f 385/89/80 393/107/80 394/102/80
f 386/106/81 396/109/81 387/108/81
f 394/102/82 402/110/82 403/111/82
f 391/99/83 399/112/83 400/113/83
f 387/108/84 397/114/84 388/100/84
f 331/115/85 394/102/85 403/111/85
f 392/103/86 400/113/86 401/116/86
f 388/100/87 398/117/87 389/104/87
f 386/106/88 325/118/88 395/119/88
f 393/107/175 401/116/175 402/110/175
f 389/104/90 399/112/90 390/98/90
f 401/116/91 411/120/91 402/110/91
f 399/112/92 407/121/92 408/122/92
f 396/109/93 404/123/93 405/124/93
f 402/110/94 412/125/94 403/111/94
f 399/112/95 409/126/95 400/113/95
f 397/114/96 405/124/96 406/127/96
f 331/128/97 403/111/97 412/125/97
f 400/113/98 410/129/98 401/116/98
f 398/117/99 406/127/99 407/121/99
f 395/119/100 325/130/100 404/123/100
f 407/121/101 415/131/101 416/132/101
f 404/123/102 325/133/102 413/134/102
f 410/129/176 420/135/176 411/120/176
f 408/122/177 416/132/177 417/136/177
f 405/124/105 413/134/105 414/137/105
f 411/120/106 421/138/106 412/125/106
f 408/122/107 418/139/107 409/126/107
f 406/127/108 414/137/108 415/131/108
f 331/140/109 412/125/109 421/138/109
f 409/126/110 419/141/110 410/129/110
f 418/139/111 428/142/111 419/141/111
f 416/132/112 424/143/112 425/144/112
f 413/134/113 325/145/113 422/146/113
f 419/141/114 429/147/114 420/135/114
f 417/136/115 425/144/115 426/148/115
f 414/137/116 422/146/116 423/149/116
f 420/135/117 430/150/117 421/138/117
f 417/136/118 427/151/118 418/139/118
f 415/131/119 423/149/119 424/143/119
f 331/152/120 421/138/120 430/150/120
f 424/143/121 432/153/121 433/154/121
f 331/155/122 430/150/122 439/156/122
f 427/151/123 437/157/123 428/142/123
f 425/144/124 433/154/124 434/158/124
f 422/146/125 325/159/125 431/160/125
f 428/142/126 438/161/126 429/147/126
f 426/148/179 434/158/179 435/20/179
f 423/149/128 431/160/128 432/153/128
f 429/147/129 439/156/129 430/150/129
f 426/148/130 436/162/130 427/151/130
f 439/163/131 447/164/131 448/165/131
f 436/166/132 444/167/132 445/168/132
f 432/169/133 442/170/133 433/171/133
f 331/172/134 439/163/134 448/165/134
f 437/173/135 445/168/135 446/174/135
f 433/171/136 443/175/136 434/176/136
f 431/177/137 325/178/137 440/179/137
f 438/180/138 446/174/138 447/164/138
f 434/176/139 444/167/139 435/3/139
f 431/177/140 441/181/140 432/169/140
f 443/175/141 453/182/141 444/167/141
f 440/179/142 450/183/142 441/181/142
f 448/165/143 456/184/143 457/185/143
f 445/168/144 453/182/144 454/186/144
f 441/181/145 451/187/145 442/170/145
f 331/188/146 448/165/146 457/185/146
f 446/174/147 454/186/147 455/189/147
f 442/170/148 452/190/148 443/175/148
f 440/179/149 325/191/149 449/192/149
f 447/164/150 455/189/150 456/184/150
f 449/192/151 325/193/151 458/194/151
f 456/184/152 464/195/152 465/196/152
f 452/190/153 462/197/153 453/182/153
f 449/192/154 459/198/154 450/183/154
f 457/185/155 465/196/155 466/199/155
f 454/186/156 462/197/156 463/200/156
f 450/183/180 460/201/180 451/187/180
f 331/202/158 457/185/158 466/199/158
f 455/189/159 463/200/159 464/195/159
f 451/187/160 461/203/160 452/190/160
f 460/201/161 469/38/161 461/203/161
f 458/194/162 325/204/162 467/40/162
f 465/196/163 329/37/163 470/28/163
f 461/203/164 327/5/164 462/197/164
f 458/194/165 468/25/165 459/198/165
f 466/199/166 470/28/166 330/30/166
f 463/200/167 327/5/167 328/32/167
f 459/198/168 326/33/168 460/201/168
f 331/205/169 466/199/169 330/30/169
f 464/195/170 328/32/170 329/37/170
f 473/5/20 481/39/20 482/43/20
f 614/25/11 478/26/11 479/27/11
f 616/28/12 486/29/12 476/30/12
f 473/5/13 483/31/13 474/32/13
f 472/33/14 479/27/14 480/34/14
f 477/35/15 476/30/15 486/29/15
f 474/32/16 484/36/16 475/37/16
f 615/38/17 480/34/17 481/39/17
f 613/40/18 471/41/18 478/26/18
f 475/37/19 485/42/19 616/28/19
f 479/27/21 487/44/21 488/45/21
f 485/42/22 495/46/22 486/29/22
f 482/43/23 492/47/23 483/31/23
f 480/34/24 488/45/24 489/48/24
f 477/49/25 486/29/25 495/46/25
f 483/31/26 493/50/26 484/36/26
f 481/39/27 489/48/27 490/51/27
f 478/26/28 471/52/28 487/44/28
f 484/36/29 494/53/29 485/42/29
f 482/43/30 490/51/30 491/7/30
f 493/50/40 503/64/40 494/53/40
f 491/7/31 499/54/31 500/55/31
f 488/45/32 496/56/32 497/57/32
f 494/53/33 504/58/33 495/46/33
f 491/7/34 501/59/34 492/47/34
f 489/48/35 497/57/35 498/60/35
f 477/61/36 495/46/36 504/58/36
f 492/47/37 502/62/37 493/50/37
f 490/51/38 498/60/38 499/54/38
f 487/44/39 471/63/39 496/56/39
f 499/54/50 507/73/50 508/68/50
f 496/56/41 471/65/41 505/66/41
f 502/62/42 512/67/42 503/64/42
f 500/55/43 508/68/43 509/69/43
f 497/57/44 505/66/44 506/70/44
f 503/64/45 513/71/45 504/58/45
f 500/55/46 510/72/46 501/59/46
f 498/60/47 506/70/47 507/73/47
f 477/74/48 504/58/48 513/71/48
f 501/59/49 511/75/49 502/62/49
f 511/75/51 519/76/51 520/77/51
f 507/73/52 517/78/52 508/68/52
f 505/66/53 471/79/53 514/80/53
f 512/67/54 520/77/54 521/81/54
f 508/68/55 518/82/55 509/69/55
f 505/66/56 515/83/56 506/70/56
f 513/71/57 521/81/57 522/84/57
f 510/72/172 518/82/172 519/76/172
f 506/70/59 516/85/59 507/73/59
f 477/86/60 513/71/60 522/84/60
f 515/83/61 525/87/61 516/85/61
f 477/88/62 522/84/62 531/89/62
f 520/77/63 528/90/63 529/91/63
f 516/85/64 526/92/64 517/78/64
f 514/80/65 471/93/65 523/94/65
f 521/81/66 529/91/66 530/95/66
f 517/78/67 527/96/67 518/82/67
f 514/80/68 524/97/68 515/83/68
f 522/84/69 530/95/69 531/89/69
f 519/76/70 527/96/70 528/90/70
f 531/89/80 539/107/80 540/102/80
f 528/90/71 536/98/71 537/99/71
f 524/97/173 534/100/173 525/87/173
f 477/101/73 531/89/73 540/102/73
f 529/91/74 537/99/74 538/103/74
f 525/87/75 535/104/75 526/92/75
f 523/94/76 471/105/76 532/106/76
f 530/95/77 538/103/77 539/107/77
f 526/92/78 536/98/78 527/96/78
f 523/94/79 533/108/79 524/97/79
f 535/104/90 545/112/90 536/98/90
f 532/106/81 542/109/81 533/108/81
f 540/102/82 548/110/82 549/111/82
f 537/99/83 545/112/83 546/113/83
f 533/108/84 543/114/84 534/100/84
f 477/115/85 540/102/85 549/111/85
f 538/103/86 546/113/86 547/116/86
f 534/100/87 544/117/87 535/104/87
f 532/106/88 471/118/88 541/119/88
f 539/107/175 547/116/175 548/110/175
f 541/119/100 471/130/100 550/123/100
f 547/116/181 557/120/181 548/110/181
f 545/112/92 553/121/92 554/122/92
f 542/109/93 550/123/93 551/124/93
f 548/110/94 558/125/94 549/111/94
f 545/112/95 555/126/95 546/113/95
f 543/114/96 551/124/96 552/127/96
f 477/128/97 549/111/97 558/125/97
f 546/113/98 556/129/98 547/116/98
f 544/117/99 552/127/99 553/121/99
f 553/121/101 561/131/101 562/132/101
f 550/123/102 471/133/102 559/134/102
f 556/129/176 566/135/176 557/120/176
f 554/122/177 562/132/177 563/136/177
f 551/124/105 559/134/105 560/137/105
f 557/120/106 567/138/106 558/125/106
f 554/122/107 564/139/107 555/126/107
f 552/127/108 560/137/108 561/131/108
f 477/140/109 558/125/109 567/138/109
f 555/126/110 565/141/110 556/129/110
f 477/152/120 567/138/120 576/150/120
f 564/139/111 574/142/111 565/141/111
f 562/132/112 570/143/112 571/144/112
f 559/134/113 471/145/113 568/146/113
f 565/141/114 575/147/114 566/135/114
f 563/136/115 571/144/115 572/148/115
f 560/137/116 568/146/116 569/149/116
f 566/135/117 576/150/117 567/138/117
f 563/136/118 573/151/118 564/139/118
f 561/131/119 569/149/119 570/143/119
f 572/148/130 582/162/130 573/151/130
f 570/143/121 578/153/121 579/154/121
f 477/155/122 576/150/122 585/156/122
f 573/151/123 583/157/123 574/142/123
f 571/144/124 579/154/124 580/158/124
f 568/146/125 471/159/125 577/160/125
f 574/142/126 584/161/126 575/147/126
f 572/148/179 580/158/179 581/20/179
f 569/149/128 577/160/128 578/153/128
f 575/147/129 585/156/129 576/150/129
f 577/177/140 587/181/140 578/169/140
f 585/163/131 593/164/131 594/165/131
f 582/166/182 590/167/182 591/168/182
f 578/169/133 588/170/133 579/171/133
f 477/172/134 585/163/134 594/165/134
f 583/173/135 591/168/135 592/174/135
f 579/171/136 589/175/136 580/176/136
f 577/177/137 471/178/137 586/179/137
f 584/180/138 592/174/138 593/164/138
f 580/176/139 590/167/139 581/3/139
f 589/175/141 599/182/141 590/167/141
f 586/179/142 596/183/142 587/181/142
f 594/165/143 602/184/143 603/185/143
f 591/168/144 599/182/144 600/186/144
f 587/181/145 597/187/145 588/170/145
f 477/188/146 594/165/146 603/185/146
f 592/174/147 600/186/147 601/189/147
f 588/170/148 598/190/148 589/175/148
f 586/179/149 471/191/149 595/192/149
f 593/164/150 601/189/150 602/184/150
f 595/192/151 471/193/151 604/194/151
f 602/184/152 610/195/152 611/196/152
f 598/190/153 608/197/153 599/182/153
f 595/192/154 605/198/154 596/183/154
f 603/185/155 611/196/155 612/199/155
f 600/186/156 608/197/156 609/200/156
f 596/183/180 606/201/180 597/187/180
f 477/202/158 603/185/158 612/199/158
f 601/189/159 609/200/159 610/195/159
f 597/187/160 607/203/160 598/190/160
f 610/195/170 474/32/170 475/37/170
f 606/201/161 615/38/161 607/203/161
f 604/194/162 471/204/162 613/40/162
f 611/196/163 475/37/163 616/28/163
f 607/203/164 473/5/164 608/197/164
f 604/194/165 614/25/165 605/198/165
f 612/199/166 616/28/166 476/30/166
f 609/200/167 473/5/167 474/32/167
f 605/198/168 472/33/168 606/201/168
f 477/205/169 612/199/169 476/30/169
f 619/5/20 627/39/20 628/43/20
f 760/25/11 624/26/11 625/27/11
f 762/28/12 632/29/12 622/30/12
f 619/5/13 629/31/13 620/32/13
f 618/33/14 625/27/14 626/34/14
f 623/35/15 622/30/15 632/29/15
f 620/32/16 630/36/16 621/37/16
f 761/38/17 626/34/17 627/39/17
f 759/40/18 617/41/18 624/26/18
f 621/37/183 631/42/183 762/28/183
f 628/43/30 636/51/30 637/7/30
f 625/27/21 633/44/21 634/45/21
f 631/42/22 641/46/22 632/29/22
f 628/43/23 638/47/23 629/31/23
f 626/34/24 634/45/24 635/48/24
f 623/49/25 632/29/25 641/46/25
f 629/31/26 639/50/26 630/36/26
f 627/39/27 635/48/27 636/51/27
f 624/26/28 617/52/28 633/44/28
f 630/36/29 640/53/29 631/42/29
f 633/44/39 617/63/39 642/56/39
f 639/50/40 649/64/40 640/53/40
f 637/7/31 645/54/31 646/55/31
f 634/45/32 642/56/32 643/57/32
f 640/53/33 650/58/33 641/46/33
f 637/7/34 647/59/34 638/47/34
f 635/48/35 643/57/35 644/60/35
f 623/61/36 641/46/36 650/58/36
f 638/47/37 648/62/37 639/50/37
f 636/51/38 644/60/38 645/54/38
f 645/54/50 653/73/50 654/68/50
f 642/56/41 617/65/41 651/66/41
f 648/62/42 658/67/42 649/64/42
f 646/55/43 654/68/43 655/69/43
f 643/57/44 651/66/44 652/70/44
f 649/64/45 659/71/45 650/58/45
f 646/55/46 656/72/46 647/59/46
f 644/60/47 652/70/47 653/73/47
f 623/74/48 650/58/48 659/71/48
f 647/59/49 657/75/49 648/62/49
f 623/86/60 659/71/60 668/84/60
f 657/75/51 665/76/51 666/77/51
f 653/73/52 663/78/52 654/68/52
f 651/66/53 617/79/53 660/80/53
f 658/67/54 666/77/54 667/81/54
f 654/68/55 664/82/55 655/69/55
f 651/66/56 661/83/56 652/70/56
f 659/71/57 667/81/57 668/84/57
f 656/72/172 664/82/172 665/76/172
f 652/70/59 662/85/59 653/73/59
f 665/76/70 673/96/70 674/90/70
f 661/83/61 671/87/61 662/85/61
f 623/88/62 668/84/62 677/89/62
f 666/77/63 674/90/63 675/91/63
f 662/85/64 672/92/64 663/78/64
f 660/80/65 617/93/65 669/94/65
f 667/81/66 675/91/66 676/95/66
f 663/78/67 673/96/67 664/82/67
f 660/80/68 670/97/68 661/83/68
f 668/84/69 676/95/69 677/89/69
f 669/94/79 679/108/79 670/97/79
f 677/89/80 685/107/80 686/102/80
f 674/90/71 682/98/71 683/99/71
f 670/97/173 680/100/173 671/87/173
f 623/101/73 677/89/73 686/102/73
f 675/91/74 683/99/74 684/103/74
f 671/87/75 681/104/75 672/92/75
f 669/94/76 617/105/76 678/106/76
f 676/95/77 684/103/77 685/107/77
f 672/92/78 682/98/78 673/96/78
f 681/104/90 691/112/90 682/98/90
f 678/106/81 688/109/81 679/108/81
f 686/102/82 694/110/82 695/111/82
f 683/99/83 691/112/83 692/113/83
f 679/108/84 689/114/84 680/100/84
f 623/115/85 686/102/85 695/111/85
f 684/103/86 692/113/86 693/116/86
f 680/100/87 690/117/87 681/104/87
f 678/106/88 617/118/88 687/119/88
f 685/107/175 693/116/175 694/110/175
f 687/119/100 617/130/100 696/123/100
f 693/116/181 703/120/181 694/110/181
f 691/112/92 699/121/92 700/122/92
f 688/109/93 696/123/93 697/124/93
f 694/110/94 704/125/94 695/111/94
f 691/112/95 701/126/95 692/113/95
f 689/114/96 697/124/96 698/127/96
f 623/128/97 695/111/97 704/125/97
f 692/113/98 702/129/98 693/116/98
f 690/117/99 698/127/99 699/121/99
f 701/126/110 711/141/110 702/129/110
f 699/121/101 707/131/101 708/132/101
f 696/123/102 617/133/102 705/134/102
f 702/129/103 712/135/103 703/120/103
f 700/122/177 708/132/177 709/136/177
f 697/124/105 705/134/105 706/137/105
f 703/120/106 713/138/106 704/125/106
f 700/122/184 710/139/184 701/126/184
f 698/127/108 706/137/108 707/131/108
f 623/140/109 704/125/109 713/138/109
f 707/131/119 715/149/119 716/143/119
f 623/152/120 713/138/120 722/150/120
f 710/139/111 720/142/111 711/141/111
f 708/132/112 716/143/112 717/144/112
f 705/134/113 617/145/113 714/146/113
f 711/141/114 721/147/114 712/135/114
f 709/136/115 717/144/115 718/148/115
f 706/137/116 714/146/116 715/149/116
f 712/135/117 722/150/117 713/138/117
f 709/136/118 719/151/118 710/139/118
f 718/148/130 728/162/130 719/151/130
f 716/143/121 724/153/121 725/154/121
f 623/155/122 722/150/122 731/156/122
f 719/151/123 729/157/123 720/142/123
f 717/144/124 725/154/124 726/158/124
f 714/146/125 617/159/125 723/160/125
f 720/142/126 730/161/126 721/147/126
f 718/148/179 726/158/179 727/20/179
f 715/149/128 723/160/128 724/153/128
f 721/147/129 731/156/129 722/150/129
f 723/177/140 733/181/140 724/169/140
f 731/163/131 739/164/131 740/165/131
f 728/166/182 736/167/182 737/168/182
f 724/169/133 734/170/133 725/171/133
f 623/172/134 731/163/134 740/165/134
f 729/173/135 737/168/135 738/174/135
f 725/171/136 735/175/136 726/176/136
f 723/177/137 617/178/137 732/179/137
f 730/180/138 738/174/138 739/164/138
f 726/176/139 736/167/139 727/3/139
f 739/164/150 747/189/150 748/184/150
f 735/175/141 745/182/141 736/167/141
f 732/179/142 742/183/142 733/181/142
f 740/165/143 748/184/143 749/185/143
f 737/168/144 745/182/144 746/186/144
f 733/181/145 743/187/145 734/170/145
f 623/188/146 740/165/146 749/185/146
f 738/174/147 746/186/147 747/189/147
f 734/170/148 744/190/148 735/175/148
f 732/179/149 617/191/149 741/192/149
f 743/187/160 753/203/160 744/190/160
f 741/192/151 617/193/151 750/194/151
f 748/184/152 756/195/152 757/196/152
f 744/190/153 754/197/153 745/182/153
f 741/192/154 751/198/154 742/183/154
f 749/185/155 757/196/155 758/199/155
f 746/186/156 754/197/156 755/200/156
f 742/183/157 752/201/157 743/187/157
f 623/202/158 749/185/158 758/199/158
f 747/189/159 755/200/159 756/195/159
f 756/195/170 620/32/170 621/37/170
f 752/201/161 761/38/161 753/203/161
f 750/194/162 617/204/162 759/40/162
f 757/196/163 621/37/163 762/28/163
f 753/203/164 619/5/164 754/197/164
f 750/194/165 760/25/165 751/198/165
f 758/199/166 762/28/166 622/30/166
f 755/200/167 619/5/167 620/32/167
f 751/198/168 618/33/168 752/201/168
f 623/205/169 758/199/169 622/30/169
f 767/37/183 777/42/183 908/28/183
f 765/5/20 773/39/20 774/43/20
f 906/25/11 770/26/11 771/27/11
f 908/28/12 778/29/12 768/30/12
f 765/5/13 775/31/13 766/32/13
f 764/33/14 771/27/14 772/34/14
f 769/35/15 768/30/15 778/29/15
f 766/32/16 776/36/16 767/37/16
f 907/38/17 772/34/17 773/39/17
f 905/40/18 763/41/18 770/26/18
f 774/43/30 782/51/30 783/7/30
f 771/27/21 779/44/21 780/45/21
f 777/42/22 787/46/22 778/29/22
f 774/43/185 784/47/185 775/31/185
f 772/34/24 780/45/24 781/48/24
f 769/49/25 778/29/25 787/46/25
f 775/31/26 785/50/26 776/36/26
f 773/39/27 781/48/27 782/51/27
f 770/26/28 763/52/28 779/44/28
f 776/36/29 786/53/29 777/42/29
f 779/44/39 763/63/39 788/56/39
f 785/50/40 795/64/40 786/53/40
f 783/7/31 791/54/31 792/55/31
f 780/45/32 788/56/32 789/57/32
f 786/53/33 796/58/33 787/46/33
f 783/7/34 793/59/34 784/47/34
f 781/48/35 789/57/35 790/60/35
f 769/61/36 787/46/36 796/58/36
f 784/47/186 794/62/186 785/50/186
f 782/51/38 790/60/38 791/54/38
f 793/59/187 803/75/187 794/62/187
f 791/54/50 799/73/50 800/68/50
f 788/56/41 763/65/41 797/66/41
f 794/62/42 804/67/42 795/64/42
f 792/55/43 800/68/43 801/69/43
f 789/57/44 797/66/44 798/70/44
f 795/64/45 805/71/45 796/58/45
f 792/55/46 802/72/46 793/59/46
f 790/60/47 798/70/47 799/73/47
f 769/74/48 796/58/48 805/71/48
f 798/70/59 808/85/59 799/73/59
f 769/86/60 805/71/60 814/84/60
f 803/75/188 811/76/188 812/77/188
f 799/73/52 809/78/52 800/68/52
f 797/66/53 763/79/53 806/80/53
f 804/67/54 812/77/54 813/81/54
f 800/68/55 810/82/55 801/69/55
f 797/66/56 807/83/56 798/70/56
f 805/71/57 813/81/57 814/84/57
f 802/72/172 810/82/172 811/76/172
f 811/76/70 819/96/70 820/90/70
f 807/83/61 817/87/61 808/85/61
f 769/88/62 814/84/62 823/89/62
f 812/77/63 820/90/63 821/91/63
f 808/85/64 818/92/64 809/78/64
f 806/80/65 763/93/65 815/94/65
f 813/81/66 821/91/66 822/95/66
f 809/78/67 819/96/67 810/82/67
f 806/80/68 816/97/68 807/83/68
f 814/84/69 822/95/69 823/89/69
f 815/94/79 825/108/79 816/97/79
f 823/89/80 831/107/80 832/102/80
f 820/90/71 828/98/71 829/99/71
f 816/97/173 826/100/173 817/87/173
f 769/101/73 823/89/73 832/102/73
f 821/91/74 829/99/74 830/103/74
f 817/87/75 827/104/75 818/92/75
f 815/94/76 763/105/76 824/106/76
f 822/95/174 830/103/174 831/107/174
f 818/92/78 828/98/78 819/96/78
f 831/107/175 839/116/175 840/110/175
f 827/104/90 837/112/90 828/98/90
f 824/106/81 834/109/81 825/108/81
f 832/102/82 840/110/82 841/111/82
f 829/99/83 837/112/83 838/113/83
f 825/108/189 835/114/189 826/100/189
f 769/115/85 832/102/85 841/111/85
f 830/103/86 838/113/86 839/116/86
f 826/100/87 836/117/87 827/104/87
f 824/106/88 763/118/88 833/119/88
f 836/117/99 844/127/99 845/121/99
f 833/119/100 763/130/100 842/123/100
f 839/116/181 849/120/181 840/110/181
f 837/112/92 845/121/92 846/122/92
f 834/109/93 842/123/93 843/124/93
f 840/110/94 850/125/94 841/111/94
f 837/112/95 847/126/95 838/113/95
f 835/114/96 843/124/96 844/127/96
f 769/128/97 841/111/97 850/125/97
f 838/113/98 848/129/98 839/116/98
f 847/126/110 857/141/110 848/129/110
f 845/121/101 853/131/101 854/132/101
f 842/123/102 763/133/102 851/134/102
f 848/129/176 858/135/176 849/120/176
f 846/122/177 854/132/177 855/136/177
f 843/124/105 851/134/105 852/137/105
f 849/120/106 859/138/106 850/125/106
f 846/122/107 856/139/107 847/126/107
f 844/127/108 852/137/108 853/131/108
f 769/140/109 850/125/109 859/138/109
f 853/131/119 861/149/119 862/143/119
f 769/152/120 859/138/120 868/150/120
f 856/139/111 866/142/111 857/141/111
f 854/132/112 862/143/112 863/144/112
f 851/134/113 763/145/113 860/146/113
f 857/141/114 867/147/114 858/135/114
f 855/136/115 863/144/115 864/148/115
f 852/137/116 860/146/116 861/149/116
f 858/135/117 868/150/117 859/138/117
f 855/136/118 865/151/118 856/139/118
f 867/147/129 877/156/129 868/150/129
f 864/148/130 874/162/130 865/151/130
f 862/143/121 870/153/121 871/154/121
f 769/155/122 868/150/122 877/156/122
f 865/151/123 875/157/123 866/142/123
f 863/144/124 871/154/124 872/158/124
f 860/146/125 763/159/125 869/160/125
f 866/142/126 876/161/126 867/147/126
f 864/148/179 872/158/179 873/20/179
f 861/149/128 869/160/128 870/153/128
f 872/176/139 882/167/139 873/3/139
f 869/177/140 879/181/140 870/169/140
f 877/163/131 885/164/131 886/165/131
f 874/166/132 882/167/132 883/168/132
f 870/169/133 880/170/133 871/171/133
f 769/172/134 877/163/134 886/165/134
f 875/173/135 883/168/135 884/174/135
f 871/171/136 881/175/136 872/176/136
f 869/177/137 763/178/137 878/179/137
f 876/180/138 884/174/138 885/164/138
f 878/179/149 763/191/149 887/192/149
f 885/164/150 893/189/150 894/184/150
f 881/175/141 891/182/141 882/167/141
f 878/179/142 888/183/142 879/181/142
f 886/165/143 894/184/143 895/185/143
f 883/168/144 891/182/144 892/186/144
f 879/181/145 889/187/145 880/170/145
f 769/188/146 886/165/146 895/185/146
f 884/174/147 892/186/147 893/189/147
f 880/170/148 890/190/148 881/175/148
f 889/187/160 899/203/160 890/190/160
f 887/192/151 763/193/151 896/194/151
f 894/184/152 902/195/152 903/196/152
f 890/190/153 900/197/153 891/182/153
f 887/192/154 897/198/154 888/183/154
f 895/185/155 903/196/155 904/199/155
f 892/186/156 900/197/156 901/200/156
f 888/183/157 898/201/157 889/187/157
f 769/202/158 895/185/158 904/199/158
f 893/189/159 901/200/159 902/195/159
f 769/205/169 904/199/169 768/30/169
f 902/195/170 766/32/170 767/37/170
f 898/201/161 907/38/161 899/203/161
f 896/194/162 763/204/162 905/40/162
f 903/196/163 767/37/163 908/28/163
f 899/203/164 765/5/164 900/197/164
f 896/194/165 906/25/165 897/198/165
f 904/199/166 908/28/166 768/30/166
f 901/200/167 765/5/167 766/32/167
f 897/198/168 764/33/168 898/201/168
f 1051/40/18 909/41/18 916/26/18
f 913/37/19 923/42/19 1054/28/19
f 911/5/20 919/39/20 920/43/20
f 1052/25/11 916/26/11 917/27/11
f 1054/28/12 924/29/12 914/30/12
f 911/5/13 921/31/13 912/32/13
f 910/33/190 917/27/190 918/34/190
f 915/35/15 914/30/15 924/29/15
f 912/32/16 922/36/16 913/37/16
f 1053/38/17 918/34/17 919/39/17
f 922/36/171 932/53/171 923/42/171
f 920/43/30 928/51/30 929/7/30
f 917/27/21 925/44/21 926/45/21
f 923/42/22 933/46/22 924/29/22
f 920/43/23 930/47/23 921/31/23
f 918/34/24 926/45/24 927/48/24
f 915/49/25 924/29/25 933/46/25
f 921/31/26 931/50/26 922/36/26
f 919/39/27 927/48/27 928/51/27
f 916/26/28 909/52/28 925/44/28
f 928/51/38 936/60/38 937/54/38
f 925/44/39 909/63/39 934/56/39
f 931/50/40 941/64/40 932/53/40
f 929/7/31 937/54/31 938/55/31
f 926/45/32 934/56/32 935/57/32
f 932/53/33 942/58/33 933/46/33
f 929/7/34 939/59/34 930/47/34
f 927/48/35 935/57/35 936/60/35
f 915/61/36 933/46/36 942/58/36
f 930/47/37 940/62/37 931/50/37
f 939/59/49 949/75/49 940/62/49
f 937/54/50 945/73/50 946/68/50
f 934/56/41 909/65/41 943/66/41
f 940/62/42 950/67/42 941/64/42
f 938/55/43 946/68/43 947/69/43
f 935/57/44 943/66/44 944/70/44
f 941/64/191 951/71/191 942/58/191
f 938/55/46 948/72/46 939/59/46
f 936/60/47 944/70/47 945/73/47
f 915/74/48 942/58/48 951/71/48
f 944/70/59 954/85/59 945/73/59
f 915/86/60 951/71/60 960/84/60
f 949/75/51 957/76/51 958/77/51
f 945/73/52 955/78/52 946/68/52
f 943/66/53 909/79/53 952/80/53
f 950/67/54 958/77/54 959/81/54
f 946/68/55 956/82/55 947/69/55
f 943/66/56 953/83/56 944/70/56
f 951/71/57 959/81/57 960/84/57
f 948/72/172 956/82/172 957/76/172
f 960/84/69 968/95/69 969/89/69
f 957/76/70 965/96/70 966/90/70
f 953/83/61 963/87/61 954/85/61
f 915/88/62 960/84/62 969/89/62
f 958/77/63 966/90/63 967/91/63
f 954/85/64 964/92/64 955/78/64
f 952/80/65 909/93/65 961/94/65
f 959/81/66 967/91/66 968/95/66
f 955/78/67 965/96/67 956/82/67
f 952/80/68 962/97/68 953/83/68
f 964/92/78 974/98/78 965/96/78
f 961/94/79 971/108/79 962/97/79
f 969/89/80 977/107/80 978/102/80
f 966/90/71 974/98/71 975/99/71
f 962/97/72 972/100/72 963/87/72
f 915/101/73 969/89/73 978/102/73
f 967/91/74 975/99/74 976/103/74
f 963/87/75 973/104/75 964/92/75
f 961/94/76 909/105/76 970/106/76
f 968/95/77 976/103/77 977/107/77
f 970/106/88 909/118/88 979/119/88
f 977/107/175 985/116/175 986/110/175
f 973/104/90 983/112/90 974/98/90
f 970/106/81 980/109/81 971/108/81
f 978/102/82 986/110/82 987/111/82
f 975/99/83 983/112/83 984/113/83
f 971/108/84 981/114/84 972/100/84
f 915/115/85 978/102/85 987/111/85
f 976/103/86 984/113/86 985/116/86
f 972/100/87 982/117/87 973/104/87
f 982/117/99 990/127/99 991/121/99
f 979/119/100 909/130/100 988/123/100
f 985/116/91 995/120/91 986/110/91
f 983/112/92 991/121/92 992/122/92
f 980/109/93 988/123/93 989/124/93
f 986/110/94 996/125/94 987/111/94
f 983/112/95 993/126/95 984/113/95
f 981/114/96 989/124/96 990/127/96
f 915/128/97 987/111/97 996/125/97
f 984/113/98 994/129/98 985/116/98
f 915/140/109 996/125/109 1005/138/109
f 993/126/110 1003/141/110 994/129/110
f 991/121/101 999/131/101 1000/132/101
f 988/123/102 909/133/102 997/134/102
f 994/129/103 1004/135/103 995/120/103
f 992/122/177 1000/132/177 1001/136/177
f 989/124/105 997/134/105 998/137/105
f 995/120/106 1005/138/106 996/125/106
f 992/122/107 1002/139/107 993/126/107
f 990/127/108 998/137/108 999/131/108
f 1001/136/118 1011/151/118 1002/139/118
f 999/131/119 1007/149/119 1008/143/119
f 915/152/120 1005/138/120 1014/150/120
f 1002/139/111 1012/142/111 1003/141/111
f 1000/132/112 1008/143/112 1009/144/112
f 997/134/113 909/145/113 1006/146/113
f 1003/141/114 1013/147/114 1004/135/114
f 1001/136/115 1009/144/115 1010/148/115
f 998/137/116 1006/146/116 1007/149/116
f 1004/135/117 1014/150/117 1005/138/117
f 1007/149/128 1015/160/128 1016/153/128
f 1013/147/129 1023/156/129 1014/150/129
f 1010/148/130 1020/162/130 1011/151/130
f 1008/143/121 1016/153/121 1017/154/121
f 915/155/122 1014/150/122 1023/156/122
f 1011/151/123 1021/157/123 1012/142/123
f 1009/144/124 1017/154/124 1018/158/124
f 1006/146/125 909/159/125 1015/160/125
f 1012/142/126 1022/161/126 1013/147/126
f 1010/148/179 1018/158/179 1019/20/179
f 1018/176/139 1028/167/139 1019/3/139
f 1015/177/140 1025/181/140 1016/169/140
f 1023/163/131 1031/164/131 1032/165/131
f 1020/166/132 1028/167/132 1029/168/132
f 1016/169/133 1026/170/133 1017/171/133
f 915/172/134 1023/163/134 1032/165/134
f 1021/173/135 1029/168/135 1030/174/135
f 1017/171/136 1027/175/136 1018/176/136
f 1015/177/137 909/178/137 1024/179/137
f 1022/180/138 1030/174/138 1031/164/138
f 1024/179/149 909/191/149 1033/192/149
f 1031/164/150 1039/189/150 1040/184/150
f 1027/175/141 1037/182/141 1028/167/141
f 1024/179/142 1034/183/142 1025/181/142
f 1032/165/143 1040/184/143 1041/185/143
f 1029/168/144 1037/182/144 1038/186/144
f 1025/181/145 1035/187/145 1026/170/145
f 915/188/146 1032/165/146 1041/185/146
f 1030/174/147 1038/186/147 1039/189/147
f 1026/170/148 1036/190/148 1027/175/148
f 1039/189/159 1047/200/159 1048/195/159
f 1035/187/160 1045/203/160 1036/190/160
f 1033/192/151 909/193/151 1042/194/151
f 1040/184/152 1048/195/152 1049/196/152
f 1036/190/153 1046/197/153 1037/182/153
f 1033/192/154 1043/198/154 1034/183/154
f 1041/185/155 1049/196/155 1050/199/155
f 1038/186/156 1046/197/156 1047/200/156
f 1034/183/180 1044/201/180 1035/187/180
f 915/202/158 1041/185/158 1050/199/158
f 1043/198/168 910/33/168 1044/201/168
f 915/205/169 1050/199/169 914/30/169
f 1048/195/170 912/32/170 913/37/170
f 1044/201/161 1053/38/161 1045/203/161
f 1042/194/162 909/204/162 1051/40/162
f 1049/196/163 913/37/163 1054/28/163
f 1045/203/164 911/5/164 1046/197/164
f 1042/194/165 1052/25/165 1043/198/165
f 1050/199/166 1054/28/166 914/30/166
f 1047/200/167 911/5/167 912/32/167
f 1197/40/18 1055/41/18 1062/26/18
f 1059/37/19 1069/42/19 1200/28/19
f 1057/5/20 1065/39/20 1066/43/20
f 1198/25/11 1062/26/11 1063/27/11
f 1200/28/12 1070/29/12 1060/30/12
f 1057/5/13 1067/31/13 1058/32/13
f 1056/33/190 1063/27/190 1064/34/190
f 1061/35/15 1060/30/15 1070/29/15
f 1058/32/16 1068/36/16 1059/37/16
f 1199/38/17 1064/34/17 1065/39/17
f 1062/26/28 1055/52/28 1071/44/28
f 1068/36/171 1078/53/171 1069/42/171
f 1066/43/30 1074/51/30 1075/7/30
f 1063/27/21 1071/44/21 1072/45/21
f 1069/42/22 1079/46/22 1070/29/22
f 1066/43/23 1076/47/23 1067/31/23
f 1064/34/24 1072/45/24 1073/48/24
f 1061/49/25 1070/29/25 1079/46/25
f 1067/31/26 1077/50/26 1068/36/26
f 1065/39/27 1073/48/27 1074/51/27
f 1074/51/38 1082/60/38 1083/54/38
f 1071/44/39 1055/63/39 1080/56/39
f 1077/50/40 1087/64/40 1078/53/40
f 1075/7/31 1083/54/31 1084/55/31
f 1072/45/32 1080/56/32 1081/57/32
f 1078/53/33 1088/58/33 1079/46/33
f 1075/7/34 1085/59/34 1076/47/34
f 1073/48/35 1081/57/35 1082/60/35
f 1061/61/36 1079/46/36 1088/58/36
f 1076/47/37 1086/62/37 1077/50/37
f 1061/74/48 1088/58/48 1097/71/48
f 1085/59/49 1095/75/49 1086/62/49
f 1083/54/50 1091/73/50 1092/68/50
f 1080/56/41 1055/65/41 1089/66/41
f 1086/62/42 1096/67/42 1087/64/42
f 1084/55/43 1092/68/43 1093/69/43
f 1081/57/44 1089/66/44 1090/70/44
f 1087/64/191 1097/71/191 1088/58/191
f 1084/55/46 1094/72/46 1085/59/46
f 1082/60/47 1090/70/47 1091/73/47
f 1094/72/172 1102/82/172 1103/76/172
f 1090/70/59 1100/85/59 1091/73/59
f 1061/86/60 1097/71/60 1106/84/60
f 1095/75/51 1103/76/51 1104/77/51
f 1091/73/52 1101/78/52 1092/68/52
f 1089/66/53 1055/79/53 1098/80/53
f 1096/67/54 1104/77/54 1105/81/54
f 1092/68/55 1102/82/55 1093/69/55
f 1089/66/56 1099/83/56 1090/70/56
f 1097/71/57 1105/81/57 1106/84/57
f 1098/80/68 1108/97/68 1099/83/68
f 1106/84/69 1114/95/69 1115/89/69
f 1103/76/70 1111/96/70 1112/90/70
f 1099/83/61 1109/87/61 1100/85/61
f 1061/88/62 1106/84/62 1115/89/62
f 1104/77/63 1112/90/63 1113/91/63
f 1100/85/64 1110/92/64 1101/78/64
f 1098/80/65 1055/93/65 1107/94/65
f 1105/81/66 1113/91/66 1114/95/66
f 1101/78/67 1111/96/67 1102/82/67
f 1110/92/78 1120/98/78 1111/96/78
f 1107/94/79 1117/108/79 1108/97/79
f 1115/89/80 1123/107/80 1124/102/80
f 1112/90/71 1120/98/71 1121/99/71
f 1108/97/72 1118/100/72 1109/87/72
f 1061/101/73 1115/89/73 1124/102/73
f 1113/91/74 1121/99/74 1122/103/74
f 1109/87/75 1119/104/75 1110/92/75
f 1107/94/76 1055/105/76 1116/106/76
f 1114/95/174 1122/103/174 1123/107/174
f 1116/106/88 1055/118/88 1125/119/88
f 1123/107/175 1131/116/175 1132/110/175
f 1119/104/90 1129/112/90 1120/98/90
f 1116/106/81 1126/109/81 1117/108/81
f 1124/102/82 1132/110/82 1133/111/82
f 1121/99/83 1129/112/83 1130/113/83
f 1117/108/189 1127/114/189 1118/100/189
f 1061/115/85 1124/102/85 1133/111/85
f 1122/103/86 1130/113/86 1131/116/86
f 1118/100/87 1128/117/87 1119/104/87
f 1130/113/98 1140/129/98 1131/116/98
f 1128/117/99 1136/127/99 1137/121/99
f 1125/119/100 1055/130/100 1134/123/100
f 1131/116/91 1141/120/91 1132/110/91
f 1129/112/92 1137/121/92 1138/122/92
f 1126/109/93 1134/123/93 1135/124/93
f 1132/110/94 1142/125/94 1133/111/94
f 1129/112/95 1139/126/95 1130/113/95
f 1127/114/192 1135/124/192 1136/127/192
f 1061/128/97 1133/111/97 1142/125/97
f 1136/127/178 1144/137/178 1145/131/178
f 1061/140/109 1142/125/109 1151/138/109
f 1139/126/110 1149/141/110 1140/129/110
f 1137/121/101 1145/131/101 1146/132/101
f 1134/123/102 1055/133/102 1143/134/102
f 1140/129/103 1150/135/103 1141/120/103
f 1138/122/177 1146/132/177 1147/136/177
f 1135/124/105 1143/134/105 1144/137/105
f 1141/120/106 1151/138/106 1142/125/106
f 1138/122/107 1148/139/107 1139/126/107
f 1147/136/118 1157/151/118 1148/139/118
f 1145/131/119 1153/149/119 1154/143/119
f 1061/152/120 1151/138/120 1160/150/120
f 1148/139/111 1158/142/111 1149/141/111
f 1146/132/112 1154/143/112 1155/144/112
f 1143/134/113 1055/145/113 1152/146/113
f 1149/141/114 1159/147/114 1150/135/114
f 1147/136/115 1155/144/115 1156/148/115
f 1144/137/116 1152/146/116 1153/149/116
f 1150/135/117 1160/150/117 1151/138/117
f 1153/149/128 1161/160/128 1162/153/128
f 1159/147/129 1169/156/129 1160/150/129
f 1156/148/130 1166/162/130 1157/151/130
f 1154/143/121 1162/153/121 1163/154/121
f 1061/155/122 1160/150/122 1169/156/122
f 1157/151/123 1167/157/123 1158/142/123
f 1155/144/124 1163/154/124 1164/158/124
f 1152/146/125 1055/159/125 1161/160/125
f 1158/142/126 1168/161/126 1159/147/126
f 1156/148/179 1164/158/179 1165/20/179
f 1168/180/138 1176/174/138 1177/164/138
f 1164/176/139 1174/167/139 1165/3/139
f 1161/177/140 1171/181/140 1162/169/140
f 1169/163/131 1177/164/131 1178/165/131
f 1166/166/132 1174/167/132 1175/168/132
f 1162/169/133 1172/170/133 1163/171/133
f 1061/172/134 1169/163/134 1178/165/134
f 1167/173/135 1175/168/135 1176/174/135
f 1163/171/136 1173/175/136 1164/176/136
f 1161/177/137 1055/178/137 1170/179/137
f 1172/170/148 1182/190/148 1173/175/148
f 1170/179/149 1055/191/149 1179/192/149
f 1177/164/150 1185/189/150 1186/184/150
f 1173/175/141 1183/182/141 1174/167/141
f 1170/179/142 1180/183/142 1171/181/142
f 1178/165/143 1186/184/143 1187/185/143
f 1175/168/144 1183/182/144 1184/186/144
f 1171/181/145 1181/187/145 1172/170/145
f 1061/188/146 1178/165/146 1187/185/146
f 1176/174/147 1184/186/147 1185/189/147
f 1185/189/159 1193/200/159 1194/195/159
f 1181/187/160 1191/203/160 1182/190/160
f 1179/192/151 1055/193/151 1188/194/151
f 1186/184/152 1194/195/152 1195/196/152
f 1182/190/153 1192/197/153 1183/182/153
f 1179/192/154 1189/198/154 1180/183/154
f 1187/185/155 1195/196/155 1196/199/155
f 1184/186/156 1192/197/156 1193/200/156
f 1180/183/180 1190/201/180 1181/187/180
f 1061/202/158 1187/185/158 1196/199/158
f 1189/198/168 1056/33/168 1190/201/168
f 1061/205/169 1196/199/169 1060/30/169
f 1194/195/170 1058/32/170 1059/37/170
f 1190/201/161 1199/38/161 1191/203/161
f 1188/194/162 1055/204/162 1197/40/162
f 1195/196/163 1059/37/163 1200/28/163
f 1191/203/164 1057/5/164 1192/197/164
f 1188/194/165 1198/25/165 1189/198/165
f 1196/199/166 1200/28/166 1060/30/166
f 1193/200/167 1057/5/167 1058/32/167
f 1344/25/11 1208/26/11 1209/27/11
f 1346/28/12 1216/29/12 1206/30/12
f 1203/5/13 1213/31/13 1204/32/13
f 1202/33/14 1209/27/14 1210/34/14
f 1207/35/15 1206/30/15 1216/29/15
f 1204/32/16 1214/36/16 1205/37/16
f 1345/38/17 1210/34/17 1211/39/17
f 1343/40/18 1201/41/18 1208/26/18
f 1205/37/19 1215/42/19 1346/28/19
f 1203/5/20 1211/39/20 1212/43/20
f 1209/27/21 1217/44/21 1218/45/21
f 1215/42/22 1225/46/22 1216/29/22
f 1212/43/185 1222/47/185 1213/31/185
f 1210/34/24 1218/45/24 1219/48/24
f 1207/49/25 1216/29/25 1225/46/25
f 1213/31/26 1223/50/26 1214/36/26
f 1211/39/27 1219/48/27 1220/51/27
f 1208/26/28 1201/52/28 1217/44/28
f 1214/36/29 1224/53/29 1215/42/29
f 1212/43/30 1220/51/30 1221/7/30
f 1221/7/31 1229/54/31 1230/55/31
f 1218/45/32 1226/56/32 1227/57/32
f 1224/53/33 1234/58/33 1225/46/33
f 1221/7/34 1231/59/34 1222/47/34
f 1219/48/35 1227/57/35 1228/60/35
f 1207/61/36 1225/46/36 1234/58/36
f 1222/47/193 1232/62/193 1223/50/193
f 1220/51/38 1228/60/38 1229/54/38
f 1217/44/39 1201/63/39 1226/56/39
f 1223/50/40 1233/64/40 1224/53/40
f 1226/56/41 1201/65/41 1235/66/41
f 1232/62/42 1242/67/42 1233/64/42
f 1230/55/43 1238/68/43 1239/69/43
f 1227/57/194 1235/66/194 1236/70/194
f 1233/64/45 1243/71/45 1234/58/45
f 1230/55/195 1240/72/195 1231/59/195
f 1228/60/47 1236/70/47 1237/73/47
f 1207/74/48 1234/58/48 1243/71/48
f 1231/59/49 1241/75/49 1232/62/49
f 1229/54/50 1237/73/50 1238/68/50
f 1241/75/51 1249/76/51 1250/77/51
f 1237/73/52 1247/78/52 1238/68/52
f 1235/66/53 1201/79/53 1244/80/53
f 1242/67/54 1250/77/54 1251/81/54
f 1238/68/55 1248/82/55 1239/69/55
f 1235/66/56 1245/83/56 1236/70/56
f 1243/71/196 1251/81/196 1252/84/196
f 1240/72/172 1248/82/172 1249/76/172
f 1236/70/59 1246/85/59 1237/73/59
f 1207/86/60 1243/71/60 1252/84/60
f 1245/83/61 1255/87/61 1246/85/61
f 1207/88/62 1252/84/62 1261/89/62
f 1250/77/63 1258/90/63 1259/91/63
f 1246/85/64 1256/92/64 1247/78/64
f 1244/80/65 1201/93/65 1253/94/65
f 1251/81/66 1259/91/66 1260/95/66
f 1247/78/67 1257/96/67 1248/82/67
f 1244/80/68 1254/97/68 1245/83/68
f 1252/84/69 1260/95/69 1261/89/69
f 1249/76/70 1257/96/70 1258/90/70
f 1258/90/71 1266/98/71 1267/99/71
f 1254/97/173 1264/100/173 1255/87/173
f 1207/101/73 1261/89/73 1270/102/73
f 1259/91/74 1267/99/74 1268/103/74
f 1255/87/75 1265/104/75 1256/92/75
f 1253/94/76 1201/105/76 1262/106/76
f 1260/95/77 1268/103/77 1269/107/77
f 1256/92/78 1266/98/78 1257/96/78
f 1253/94/79 1263/108/79 1254/97/79
f 1261/89/80 1269/107/80 1270/102/80
f 1262/106/81 1272/109/81 1263/108/81
f 1270/102/82 1278/110/82 1279/111/82
f 1267/99/83 1275/112/83 1276/113/83
f 1263/108/84 1273/114/84 1264/100/84
f 1207/115/85 1270/102/85 1279/111/85
f 1268/103/86 1276/113/86 1277/116/86
f 1264/100/87 1274/117/87 1265/104/87
f 1262/106/88 1201/118/88 1271/119/88
f 1269/107/175 1277/116/175 1278/110/175
f 1265/104/90 1275/112/90 1266/98/90
f 1277/116/181 1287/120/181 1278/110/181
f 1275/112/92 1283/121/92 1284/122/92
f 1272/109/93 1280/123/93 1281/124/93
f 1278/110/94 1288/125/94 1279/111/94
f 1275/112/95 1285/126/95 1276/113/95
f 1273/114/96 1281/124/96 1282/127/96
f 1207/128/97 1279/111/97 1288/125/97
f 1276/113/98 1286/129/98 1277/116/98
f 1274/117/99 1282/127/99 1283/121/99
f 1271/119/100 1201/130/100 1280/123/100
f 1283/121/101 1291/131/101 1292/132/101
f 1280/123/102 1201/133/102 1289/134/102
f 1286/129/103 1296/135/103 1287/120/103
f 1284/122/104 1292/132/104 1293/136/104
f 1281/124/105 1289/134/105 1290/137/105
f 1287/120/106 1297/138/106 1288/125/106
f 1284/122/107 1294/139/107 1285/126/107
f 1282/127/108 1290/137/108 1291/131/108
f 1207/140/109 1288/125/109 1297/138/109
f 1285/126/110 1295/141/110 1286/129/110
f 1294/139/197 1304/142/197 1295/141/197
f 1292/132/112 1300/143/112 1301/144/112
f 1289/134/113 1201/145/113 1298/146/113
f 1295/141/114 1305/147/114 1296/135/114
f 1293/136/115 1301/144/115 1302/148/115
f 1290/137/116 1298/146/116 1299/149/116
f 1296/135/117 1306/150/117 1297/138/117
f 1293/136/118 1303/151/118 1294/139/118
f 1291/131/119 1299/149/119 1300/143/119
f 1207/152/120 1297/138/120 1306/150/120
f 1300/143/121 1308/153/121 1309/154/121
f 1207/155/122 1306/150/122 1315/156/122
f 1303/151/123 1313/157/123 1304/142/123
f 1301/144/124 1309/154/124 1310/158/124
f 1298/146/125 1201/159/125 1307/160/125
f 1304/142/126 1314/161/126 1305/147/126
f 1302/148/179 1310/158/179 1311/20/179
f 1299/149/198 1307/160/198 1308/153/198
f 1305/147/129 1315/156/129 1306/150/129
f 1302/148/130 1312/162/130 1303/151/130
f 1315/163/199 1323/164/199 1324/165/199
f 1312/166/132 1320/167/132 1321/168/132
f 1308/169/133 1318/170/133 1309/171/133
f 1207/172/134 1315/163/134 1324/165/134
f 1313/173/135 1321/168/135 1322/174/135
f 1309/171/136 1319/175/136 1310/176/136
f 1307/177/137 1201/178/137 1316/179/137
f 1314/180/138 1322/174/138 1323/164/138
f 1310/176/139 1320/167/139 1311/3/139
f 1307/177/140 1317/181/140 1308/169/140
f 1319/175/141 1329/182/141 1320/167/141
f 1316/179/142 1326/183/142 1317/181/142
f 1324/165/143 1332/184/143 1333/185/143
f 1321/168/144 1329/182/144 1330/186/144
f 1317/181/145 1327/187/145 1318/170/145
f 1207/188/146 1324/165/146 1333/185/146
f 1322/174/147 1330/186/147 1331/189/147
f 1318/170/148 1328/190/148 1319/175/148
f 1316/179/149 1201/191/149 1325/192/149
f 1323/164/150 1331/189/150 1332/184/150
f 1325/192/151 1201/193/151 1334/194/151
f 1332/184/152 1340/195/152 1341/196/152
f 1328/190/153 1338/197/153 1329/182/153
f 1325/192/154 1335/198/154 1326/183/154
f 1333/185/155 1341/196/155 1342/199/155
f 1330/186/156 1338/197/156 1339/200/156
f 1326/183/157 1336/201/157 1327/187/157
f 1207/202/158 1333/185/158 1342/199/158
f 1331/189/159 1339/200/159 1340/195/159
f 1327/187/160 1337/203/160 1328/190/160
f 1336/201/161 1345/38/161 1337/203/161
f 1334/194/162 1201/204/162 1343/40/162
f 1341/196/200 1205/37/200 1346/28/200
f 1337/203/164 1203/5/164 1338/197/164
f 1334/194/165 1344/25/165 1335/198/165
f 1342/199/166 1346/28/166 1206/30/166
f 1339/200/167 1203/5/167 1204/32/167
f 1335/198/168 1202/33/168 1336/201/168
f 1207/205/169 1342/199/169 1206/30/169
f 1340/195/170 1204/32/170 1205/37/170
f 1349/5/20 1357/39/20 1358/43/20
f 1490/25/11 1354/26/11 1355/27/11
f 1492/28/12 1362/29/12 1352/30/12
f 1349/5/13 1359/31/13 1350/32/13
f 1348/33/190 1355/27/190 1356/34/190
f 1353/35/15 1352/30/15 1362/29/15
f 1350/32/16 1360/36/16 1351/37/16
f 1491/38/17 1356/34/17 1357/39/17
f 1489/40/18 1347/41/18 1354/26/18
f 1351/37/19 1361/42/19 1492/28/19
f 1355/27/21 1363/44/21 1364/45/21
f 1361/42/22 1371/46/22 1362/29/22
f 1358/43/23 1368/47/23 1359/31/23
f 1356/34/24 1364/45/24 1365/48/24
f 1353/49/25 1362/29/25 1371/46/25
f 1359/31/26 1369/50/26 1360/36/26
f 1357/39/27 1365/48/27 1366/51/27
f 1354/26/28 1347/52/28 1363/44/28
f 1360/36/171 1370/53/171 1361/42/171
f 1358/43/30 1366/51/30 1367/7/30
f 1369/50/40 1379/64/40 1370/53/40
f 1367/7/31 1375/54/31 1376/55/31
f 1364/45/32 1372/56/32 1373/57/32
f 1370/53/33 1380/58/33 1371/46/33
f 1367/7/34 1377/59/34 1368/47/34
f 1365/48/35 1373/57/35 1374/60/35
f 1353/61/36 1371/46/36 1380/58/36
f 1368/47/37 1378/62/37 1369/50/37
f 1366/51/38 1374/60/38 1375/54/38
f 1363/44/39 1347/63/39 1372/56/39
f 1375/54/50 1383/73/50 1384/68/50
f 1372/56/41 1347/65/41 1381/66/41
f 1378/62/42 1388/67/42 1379/64/42
f 1376/55/43 1384/68/43 1385/69/43
f 1373/57/44 1381/66/44 1382/70/44
f 1379/64/191 1389/71/191 1380/58/191
f 1376/55/195 1386/72/195 1377/59/195
f 1374/60/47 1382/70/47 1383/73/47
f 1353/74/48 1380/58/48 1389/71/48
f 1377/59/49 1387/75/49 1378/62/49
f 1387/75/51 1395/76/51 1396/77/51
f 1383/73/52 1393/78/52 1384/68/52
f 1381/66/53 1347/79/53 1390/80/53
f 1388/67/54 1396/77/54 1397/81/54
f 1384/68/55 1394/82/55 1385/69/55
f 1381/66/56 1391/83/56 1382/70/56
f 1389/71/57 1397/81/57 1398/84/57
f 1386/72/172 1394/82/172 1395/76/172
f 1382/70/59 1392/85/59 1383/73/59
f 1353/86/60 1389/71/60 1398/84/60
f 1391/83/61 1401/87/61 1392/85/61
f 1353/88/62 1398/84/62 1407/89/62
f 1396/77/63 1404/90/63 1405/91/63
f 1392/85/64 1402/92/64 1393/78/64
f 1390/80/65 1347/93/65 1399/94/65
f 1397/81/66 1405/91/66 1406/95/66
f 1393/78/67 1403/96/67 1394/82/67
f 1390/80/68 1400/97/68 1391/83/68
f 1398/84/69 1406/95/69 1407/89/69
f 1395/76/70 1403/96/70 1404/90/70
f 1407/89/80 1415/107/80 1416/102/80
f 1404/90/71 1412/98/71 1413/99/71
f 1400/97/72 1410/100/72 1401/87/72
f 1353/101/73 1407/89/73 1416/102/73
f 1405/91/74 1413/99/74 1414/103/74
f 1401/87/75 1411/104/75 1402/92/75
f 1399/94/76 1347/105/76 1408/106/76
f 1406/95/174 1414/103/174 1415/107/174
f 1402/92/78 1412/98/78 1403/96/78
f 1399/94/79 1409/108/79 1400/97/79
f 1411/104/90 1421/112/90 1412/98/90
f 1408/106/81 1418/109/81 1409/108/81
f 1416/102/82 1424/110/82 1425/111/82
f 1413/99/83 1421/112/83 1422/113/83
f 1409/108/189 1419/114/189 1410/100/189
f 1353/115/85 1416/102/85 1425/111/85
f 1414/103/86 1422/113/86 1423/116/86
f 1410/100/87 1420/117/87 1411/104/87
f 1408/106/88 1347/118/88 1417/119/88
f 1415/107/175 1423/116/175 1424/110/175
f 1417/119/100 1347/130/100 1426/123/100
f 1423/116/91 1433/120/91 1424/110/91
f 1421/112/92 1429/121/92 1430/122/92
f 1418/109/93 1426/123/93 1427/124/93
f 1424/110/94 1434/125/94 1425/111/94
f 1421/112/95 1431/126/95 1422/113/95
f 1419/114/192 1427/124/192 1428/127/192
f 1353/128/97 1425/111/97 1434/125/97
f 1422/113/98 1432/129/98 1423/116/98
f 1420/117/99 1428/127/99 1429/121/99
f 1429/121/101 1437/131/101 1438/132/101
f 1426/123/102 1347/133/102 1435/134/102
f 1432/129/103 1442/135/103 1433/120/103
f 1430/122/201 1438/132/201 1439/136/201
f 1427/124/105 1435/134/105 1436/137/105
f 1433/120/106 1443/138/106 1434/125/106
f 1430/122/184 1440/139/184 1431/126/184
f 1428/127/178 1436/137/178 1437/131/178
f 1353/140/109 1434/125/109 1443/138/109
f 1431/126/110 1441/141/110 1432/129/110
f 1353/152/120 1443/138/120 1452/150/120
f 1440/139/111 1450/142/111 1441/141/111
f 1438/132/112 1446/143/112 1447/144/112
f 1435/134/113 1347/145/113 1444/146/113
f 1441/141/114 1451/147/114 1442/135/114
f 1439/136/115 1447/144/115 1448/148/115
f 1436/137/116 1444/146/116 1445/149/116
f 1442/135/117 1452/150/117 1443/138/117
f 1439/136/118 1449/151/118 1440/139/118
f 1437/131/119 1445/149/119 1446/143/119
f 1448/148/130 1458/162/130 1449/151/130
f 1446/143/121 1454/153/121 1455/154/121
f 1353/155/122 1452/150/122 1461/156/122
f 1449/151/123 1459/157/123 1450/142/123
f 1447/144/124 1455/154/124 1456/158/124
f 1444/146/125 1347/159/125 1453/160/125
f 1450/142/126 1460/161/126 1451/147/126
f 1448/148/179 1456/158/179 1457/20/179
f 1445/149/128 1453/160/128 1454/153/128
f 1451/147/129 1461/156/129 1452/150/129
f 1453/177/140 1463/181/140 1454/169/140
f 1461/163/131 1469/164/131 1470/165/131
f 1458/166/132 1466/167/132 1467/168/132
f 1454/169/133 1464/170/133 1455/171/133
f 1353/172/134 1461/163/134 1470/165/134
f 1459/173/135 1467/168/135 1468/174/135
f 1455/171/136 1465/175/136 1456/176/136
f 1453/177/137 1347/178/137 1462/179/137
f 1460/180/138 1468/174/138 1469/164/138
f 1456/176/139 1466/167/139 1457/3/139
f 1465/175/141 1475/182/141 1466/167/141
f 1462/179/142 1472/183/142 1463/181/142
f 1470/165/143 1478/184/143 1479/185/143
f 1467/168/144 1475/182/144 1476/186/144
f 1463/181/145 1473/187/145 1464/170/145
f 1353/188/146 1470/165/146 1479/185/146
f 1468/174/147 1476/186/147 1477/189/147
f 1464/170/148 1474/190/148 1465/175/148
f 1462/179/149 1347/191/149 1471/192/149
f 1469/164/150 1477/189/150 1478/184/150
f 1471/192/151 1347/193/151 1480/194/151
f 1478/184/152 1486/195/152 1487/196/152
f 1474/190/153 1484/197/153 1475/182/153
f 1471/192/154 1481/198/154 1472/183/154
f 1479/185/155 1487/196/155 1488/199/155
f 1476/186/156 1484/197/156 1485/200/156
f 1472/183/180 1482/201/180 1473/187/180
f 1353/202/158 1479/185/158 1488/199/158
f 1477/189/159 1485/200/159 1486/195/159
f 1473/187/160 1483/203/160 1474/190/160
f 1486/195/170 1350/32/170 1351/37/170
f 1482/201/161 1491/38/161 1483/203/161
f 1480/194/162 1347/204/162 1489/40/162
f 1487/196/163 1351/37/163 1492/28/163
f 1483/203/164 1349/5/164 1484/197/164
f 1480/194/165 1490/25/165 1481/198/165
f 1488/199/166 1492/28/166 1352/30/166
f 1485/200/167 1349/5/167 1350/32/167
f 1481/198/168 1348/33/168 1482/201/168
f 1353/205/169 1488/199/169 1352/30/169
f 1495/5/20 1503/39/20 1504/43/20
f 1636/25/11 1500/26/11 1501/27/11
f 1638/28/12 1508/29/12 1498/30/12
f 1495/5/13 1505/31/13 1496/32/13
f 1494/33/14 1501/27/14 1502/34/14
f 1499/35/15 1498/30/15 1508/29/15
f 1496/32/16 1506/36/16 1497/37/16
f 1637/38/17 1502/34/17 1503/39/17
f 1635/40/18 1493/41/18 1500/26/18
f 1497/37/19 1507/42/19 1638/28/19
f 1504/43/30 1512/51/30 1513/7/30
f 1501/27/21 1509/44/21 1510/45/21
f 1507/42/22 1517/46/22 1508/29/22
f 1504/43/23 1514/47/23 1505/31/23
f 1502/34/24 1510/45/24 1511/48/24
f 1499/49/25 1508/29/25 1517/46/25
f 1505/31/26 1515/50/26 1506/36/26
f 1503/39/27 1511/48/27 1512/51/27
f 1500/26/28 1493/52/28 1509/44/28
f 1506/36/29 1516/53/29 1507/42/29
f 1509/44/39 1493/63/39 1518/56/39
f 1515/50/40 1525/64/40 1516/53/40
f 1513/7/31 1521/54/31 1522/55/31
f 1510/45/32 1518/56/32 1519/57/32
f 1516/53/33 1526/58/33 1517/46/33
f 1513/7/34 1523/59/34 1514/47/34
f 1511/48/35 1519/57/35 1520/60/35
f 1499/61/36 1517/46/36 1526/58/36
f 1514/47/186 1524/62/186 1515/50/186
f 1512/51/38 1520/60/38 1521/54/38
f 1521/54/50 1529/73/50 1530/68/50
f 1518/56/41 1493/65/41 1527/66/41
f 1524/62/42 1534/67/42 1525/64/42
f 1522/55/43 1530/68/43 1531/69/43
f 1519/57/194 1527/66/194 1528/70/194
f 1525/64/45 1535/71/45 1526/58/45
f 1522/55/195 1532/72/195 1523/59/195
f 1520/60/47 1528/70/47 1529/73/47
f 1499/74/48 1526/58/48 1535/71/48
f 1523/59/49 1533/75/49 1524/62/49
f 1499/86/60 1535/71/60 1544/84/60
f 1533/75/51 1541/76/51 1542/77/51
f 1529/73/52 1539/78/52 1530/68/52
f 1527/66/53 1493/79/53 1536/80/53
f 1534/67/54 1542/77/54 1543/81/54
f 1530/68/55 1540/82/55 1531/69/55
f 1527/66/202 1537/83/202 1528/70/202
f 1535/71/57 1543/81/57 1544/84/57
f 1532/72/58 1540/82/58 1541/76/58
f 1528/70/59 1538/85/59 1529/73/59
f 1541/76/70 1549/96/70 1550/90/70
f 1537/83/61 1547/87/61 1538/85/61
f 1499/88/62 1544/84/62 1553/89/62
f 1542/77/63 1550/90/63 1551/91/63
f 1538/85/64 1548/92/64 1539/78/64
f 1536/80/65 1493/93/65 1545/94/65
f 1543/81/66 1551/91/66 1552/95/66
f 1539/78/67 1549/96/67 1540/82/67
f 1536/80/68 1546/97/68 1537/83/68
f 1544/84/69 1552/95/69 1553/89/69
f 1545/94/79 1555/108/79 1546/97/79
f 1553/89/80 1561/107/80 1562/102/80
f 1550/90/71 1558/98/71 1559/99/71
f 1546/97/173 1556/100/173 1547/87/173
f 1499/101/73 1553/89/73 1562/102/73
f 1551/91/74 1559/99/74 1560/103/74
f 1547/87/75 1557/104/75 1548/92/75
f 1545/94/76 1493/105/76 1554/106/76
f 1552/95/77 1560/103/77 1561/107/77
f 1548/92/78 1558/98/78 1549/96/78
f 1557/104/90 1567/112/90 1558/98/90
f 1554/106/81 1564/109/81 1555/108/81
f 1562/102/82 1570/110/82 1571/111/82
f 1559/99/83 1567/112/83 1568/113/83
f 1555/108/84 1565/114/84 1556/100/84
f 1499/115/85 1562/102/85 1571/111/85
f 1560/103/86 1568/113/86 1569/116/86
f 1556/100/87 1566/117/87 1557/104/87
f 1554/106/88 1493/118/88 1563/119/88
f 1561/107/175 1569/116/175 1570/110/175
f 1563/119/100 1493/130/100 1572/123/100
f 1569/116/181 1579/120/181 1570/110/181
f 1567/112/92 1575/121/92 1576/122/92
f 1564/109/93 1572/123/93 1573/124/93
f 1570/110/94 1580/125/94 1571/111/94
f 1567/112/95 1577/126/95 1568/113/95
f 1565/114/96 1573/124/96 1574/127/96
f 1499/128/97 1571/111/97 1580/125/97
f 1568/113/98 1578/129/98 1569/116/98
f 1566/117/99 1574/127/99 1575/121/99
f 1577/126/110 1587/141/110 1578/129/110
f 1575/121/101 1583/131/101 1584/132/101
f 1572/123/102 1493/133/102 1581/134/102
f 1578/129/103 1588/135/103 1579/120/103
f 1576/122/104 1584/132/104 1585/136/104
f 1573/124/105 1581/134/105 1582/137/105
f 1579/120/106 1589/138/106 1580/125/106
f 1576/122/184 1586/139/184 1577/126/184
f 1574/127/108 1582/137/108 1583/131/108
f 1499/140/109 1580/125/109 1589/138/109
f 1583/131/119 1591/149/119 1592/143/119
f 1499/152/120 1589/138/120 1598/150/120
f 1586/139/111 1596/142/111 1587/141/111
f 1584/132/203 1592/143/203 1593/144/203
f 1581/134/113 1493/145/113 1590/146/113
f 1587/141/114 1597/147/114 1588/135/114
f 1585/136/115 1593/144/115 1594/148/115
f 1582/137/116 1590/146/116 1591/149/116
f 1588/135/117 1598/150/117 1589/138/117
f 1585/136/118 1595/151/118 1586/139/118
f 1594/148/130 1604/162/130 1595/151/130
f 1592/143/121 1600/153/121 1601/154/121
f 1499/155/122 1598/150/122 1607/156/122
f 1595/151/204 1605/157/204 1596/142/204
f 1593/144/124 1601/154/124 1602/158/124
f 1590/146/125 1493/159/125 1599/160/125
f 1596/142/126 1606/161/126 1597/147/126
f 1594/148/179 1602/158/179 1603/20/179
f 1591/149/198 1599/160/198 1600/153/198
f 1597/147/129 1607/156/129 1598/150/129
f 1599/177/140 1609/181/140 1600/169/140
f 1607/163/199 1615/164/199 1616/165/199
f 1604/166/132 1612/167/132 1613/168/132
f 1600/169/133 1610/170/133 1601/171/133
f 1499/172/134 1607/163/134 1616/165/134
f 1605/173/205 1613/168/205 1614/174/205
f 1601/171/136 1611/175/136 1602/176/136
f 1599/177/137 1493/178/137 1608/179/137
f 1606/180/138 1614/174/138 1615/164/138
f 1602/176/139 1612/167/139 1603/3/139
f 1615/164/150 1623/189/150 1624/184/150
f 1611/175/141 1621/182/141 1612/167/141
f 1608/179/142 1618/183/142 1609/181/142
f 1616/165/143 1624/184/143 1625/185/143
f 1613/168/144 1621/182/144 1622/186/144
f 1609/181/145 1619/187/145 1610/170/145
f 1499/188/146 1616/165/146 1625/185/146
f 1614/174/206 1622/186/206 1623/189/206
f 1610/170/207 1620/190/207 1611/175/207
f 1608/179/149 1493/191/149 1617/192/149
f 1619/187/160 1629/203/160 1620/190/160
f 1617/192/151 1493/193/151 1626/194/151
f 1624/184/152 1632/195/152 1633/196/152
f 1620/190/153 1630/197/153 1621/182/153
f 1617/192/154 1627/198/154 1618/183/154
f 1625/185/155 1633/196/155 1634/199/155
f 1622/186/156 1630/197/156 1631/200/156
f 1618/183/157 1628/201/157 1619/187/157
f 1499/202/158 1625/185/158 1634/199/158
f 1623/189/159 1631/200/159 1632/195/159
f 1632/195/170 1496/32/170 1497/37/170
f 1628/201/161 1637/38/161 1629/203/161
f 1626/194/162 1493/204/162 1635/40/162
f 1633/196/200 1497/37/200 1638/28/200
f 1629/203/164 1495/5/164 1630/197/164
f 1626/194/165 1636/25/165 1627/198/165
f 1634/199/166 1638/28/166 1498/30/166
f 1631/200/167 1495/5/167 1496/32/167
f 1627/198/168 1494/33/168 1628/201/168
f 1499/205/169 1634/199/169 1498/30/169
f 1643/37/183 1653/42/183 1784/28/183
f 1641/5/20 1649/39/20 1650/43/20
f 1782/25/11 1646/26/11 1647/27/11
f 1784/28/12 1654/29/12 1644/30/12
f 1641/5/13 1651/31/13 1642/32/13
f 1640/33/14 1647/27/14 1648/34/14
f 1645/35/15 1644/30/15 1654/29/15
f 1642/32/16 1652/36/16 1643/37/16
f 1783/38/17 1648/34/17 1649/39/17
f 1781/40/18 1639/41/18 1646/26/18
f 1650/43/30 1658/51/30 1659/7/30
f 1647/27/21 1655/44/21 1656/45/21
f 1653/42/22 1663/46/22 1654/29/22
f 1650/43/185 1660/47/185 1651/31/185
f 1648/34/24 1656/45/24 1657/48/24
f 1645/49/25 1654/29/25 1663/46/25
f 1651/31/26 1661/50/26 1652/36/26
f 1649/39/27 1657/48/27 1658/51/27
f 1646/26/28 1639/52/28 1655/44/28
f 1652/36/171 1662/53/171 1653/42/171
f 1655/44/39 1639/63/39 1664/56/39
f 1661/50/40 1671/64/40 1662/53/40
f 1659/7/31 1667/54/31 1668/55/31
f 1656/45/32 1664/56/32 1665/57/32
f 1662/53/33 1672/58/33 1663/46/33
f 1659/7/34 1669/59/34 1660/47/34
f 1657/48/35 1665/57/35 1666/60/35
f 1645/61/36 1663/46/36 1672/58/36
f 1660/47/37 1670/62/37 1661/50/37
f 1658/51/38 1666/60/38 1667/54/38
f 1669/59/49 1679/75/49 1670/62/49
f 1667/54/50 1675/73/50 1676/68/50
f 1664/56/41 1639/65/41 1673/66/41
f 1670/62/42 1680/67/42 1671/64/42
f 1668/55/208 1676/68/208 1677/69/208
f 1665/57/194 1673/66/194 1674/70/194
f 1671/64/45 1681/71/45 1672/58/45
f 1668/55/46 1678/72/46 1669/59/46
f 1666/60/47 1674/70/47 1675/73/47
f 1645/74/48 1672/58/48 1681/71/48
f 1674/70/59 1684/85/59 1675/73/59
f 1645/86/60 1681/71/60 1690/84/60
f 1679/75/51 1687/76/51 1688/77/51
f 1675/73/52 1685/78/52 1676/68/52
f 1673/66/53 1639/79/53 1682/80/53
f 1680/67/54 1688/77/54 1689/81/54
f 1676/68/209 1686/82/209 1677/69/209
f 1673/66/202 1683/83/202 1674/70/202
f 1681/71/57 1689/81/57 1690/84/57
f 1678/72/58 1686/82/58 1687/76/58
f 1687/76/70 1695/96/70 1696/90/70
f 1683/83/61 1693/87/61 1684/85/61
f 1645/88/62 1690/84/62 1699/89/62
f 1688/77/63 1696/90/63 1697/91/63
f 1684/85/64 1694/92/64 1685/78/64
f 1682/80/65 1639/93/65 1691/94/65
f 1689/81/66 1697/91/66 1698/95/66
f 1685/78/67 1695/96/67 1686/82/67
f 1682/80/68 1692/97/68 1683/83/68
f 1690/84/69 1698/95/69 1699/89/69
f 1691/94/79 1701/108/79 1692/97/79
f 1699/89/80 1707/107/80 1708/102/80
f 1696/90/71 1704/98/71 1705/99/71
f 1692/97/173 1702/100/173 1693/87/173
f 1645/101/73 1699/89/73 1708/102/73
f 1697/91/74 1705/99/74 1706/103/74
f 1693/87/75 1703/104/75 1694/92/75
f 1691/94/76 1639/105/76 1700/106/76
f 1698/95/210 1706/103/210 1707/107/210
f 1694/92/78 1704/98/78 1695/96/78
f 1707/107/175 1715/116/175 1716/110/175
f 1703/104/90 1713/112/90 1704/98/90
f 1700/106/81 1710/109/81 1701/108/81
f 1708/102/82 1716/110/82 1717/111/82
f 1705/99/83 1713/112/83 1714/113/83
f 1701/108/84 1711/114/84 1702/100/84
f 1645/115/85 1708/102/85 1717/111/85
f 1706/103/86 1714/113/86 1715/116/86
f 1702/100/87 1712/117/87 1703/104/87
f 1700/106/88 1639/118/88 1709/119/88
f 1712/117/99 1720/127/99 1721/121/99
f 1709/119/100 1639/130/100 1718/123/100
f 1715/116/181 1725/120/181 1716/110/181
f 1713/112/92 1721/121/92 1722/122/92
f 1710/109/93 1718/123/93 1719/124/93
f 1716/110/94 1726/125/94 1717/111/94
f 1713/112/95 1723/126/95 1714/113/95
f 1711/114/96 1719/124/96 1720/127/96
f 1645/128/97 1717/111/97 1726/125/97
f 1714/113/98 1724/129/98 1715/116/98
f 1723/126/110 1733/141/110 1724/129/110
f 1721/121/101 1729/131/101 1730/132/101
f 1718/123/102 1639/133/102 1727/134/102
f 1724/129/176 1734/135/176 1725/120/176
f 1722/122/177 1730/132/177 1731/136/177
f 1719/124/105 1727/134/105 1728/137/105
f 1725/120/106 1735/138/106 1726/125/106
f 1722/122/184 1732/139/184 1723/126/184
f 1720/127/108 1728/137/108 1729/131/108
f 1645/140/109 1726/125/109 1735/138/109
f 1729/131/119 1737/149/119 1738/143/119
f 1645/152/120 1735/138/120 1744/150/120
f 1732/139/111 1742/142/111 1733/141/111
f 1730/132/203 1738/143/203 1739/144/203
f 1727/134/113 1639/145/113 1736/146/113
f 1733/141/114 1743/147/114 1734/135/114
f 1731/136/115 1739/144/115 1740/148/115
f 1728/137/116 1736/146/116 1737/149/116
f 1734/135/117 1744/150/117 1735/138/117
f 1731/136/118 1741/151/118 1732/139/118
f 1743/147/129 1753/156/129 1744/150/129
f 1740/148/130 1750/162/130 1741/151/130
f 1738/143/121 1746/153/121 1747/154/121
f 1645/155/122 1744/150/122 1753/156/122
f 1741/151/123 1751/157/123 1742/142/123
f 1739/144/124 1747/154/124 1748/158/124
f 1736/146/125 1639/159/125 1745/160/125
f 1742/142/126 1752/161/126 1743/147/126
f 1740/148/127 1748/158/127 1749/20/127
f 1737/149/198 1745/160/198 1746/153/198
f 1748/176/211 1758/167/211 1749/3/211
f 1745/177/212 1755/181/212 1746/169/212
f 1753/163/131 1761/164/131 1762/165/131
f 1750/166/132 1758/167/132 1759/168/132
f 1746/169/133 1756/170/133 1747/171/133
f 1645/172/134 1753/163/134 1762/165/134
f 1751/173/135 1759/168/135 1760/174/135
f 1747/171/136 1757/175/136 1748/176/136
f 1745/177/137 1639/178/137 1754/179/137
f 1752/180/138 1760/174/138 1761/164/138
f 1754/179/149 1639/191/149 1763/192/149
f 1761/164/150 1769/189/150 1770/184/150
f 1757/175/141 1767/182/141 1758/167/141
f 1754/179/142 1764/183/142 1755/181/142
f 1762/165/143 1770/184/143 1771/185/143
f 1759/168/144 1767/182/144 1768/186/144
f 1755/181/145 1765/187/145 1756/170/145
f 1645/188/146 1762/165/146 1771/185/146
f 1760/174/206 1768/186/206 1769/189/206
f 1756/170/148 1766/190/148 1757/175/148
f 1765/187/160 1775/203/160 1766/190/160
f 1763/192/151 1639/193/151 1772/194/151
f 1770/184/152 1778/195/152 1779/196/152
f 1766/190/153 1776/197/153 1767/182/153
f 1763/192/154 1773/198/154 1764/183/154
f 1771/185/155 1779/196/155 1780/199/155
f 1768/186/156 1776/197/156 1777/200/156
f 1764/183/157 1774/201/157 1765/187/157
f 1645/202/158 1771/185/158 1780/199/158
f 1769/189/159 1777/200/159 1778/195/159
f 1645/205/169 1780/199/169 1644/30/169
f 1778/195/170 1642/32/170 1643/37/170
f 1774/201/161 1783/38/161 1775/203/161
f 1772/194/162 1639/204/162 1781/40/162
f 1779/196/163 1643/37/163 1784/28/163
f 1775/203/164 1641/5/164 1776/197/164
f 1772/194/165 1782/25/165 1773/198/165
f 1780/199/166 1784/28/166 1644/30/166
f 1777/200/167 1641/5/167 1642/32/167
f 1773/198/168 1640/33/168 1774/201/168
f 1927/40/18 1785/41/18 1792/26/18
f 1789/37/183 1799/42/183 1930/28/183
f 1787/5/20 1795/39/20 1796/43/20
f 1928/25/11 1792/26/11 1793/27/11
f 1930/28/12 1800/29/12 1790/30/12
f 1787/5/13 1797/31/13 1788/32/13
f 1786/33/14 1793/27/14 1794/34/14
f 1791/35/15 1790/30/15 1800/29/15
f 1788/32/16 1798/36/16 1789/37/16
f 1929/38/17 1794/34/17 1795/39/17
f 1798/36/171 1808/53/171 1799/42/171
f 1796/43/30 1804/51/30 1805/7/30
f 1793/27/21 1801/44/21 1802/45/21
f 1799/42/22 1809/46/22 1800/29/22
f 1796/43/185 1806/47/185 1797/31/185
f 1794/34/24 1802/45/24 1803/48/24
f 1791/49/25 1800/29/25 1809/46/25
f 1797/31/26 1807/50/26 1798/36/26
f 1795/39/27 1803/48/27 1804/51/27
f 1792/26/28 1785/52/28 1801/44/28
f 1804/51/38 1812/60/38 1813/54/38
f 1801/44/39 1785/63/39 1810/56/39
f 1807/50/40 1817/64/40 1808/53/40
f 1805/7/31 1813/54/31 1814/55/31
f 1802/45/32 1810/56/32 1811/57/32
f 1808/53/33 1818/58/33 1809/46/33
f 1805/7/34 1815/59/34 1806/47/34
f 1803/48/35 1811/57/35 1812/60/35
f 1791/61/36 1809/46/36 1818/58/36
f 1806/47/193 1816/62/193 1807/50/193
f 1815/59/49 1825/75/49 1816/62/49
f 1813/54/50 1821/73/50 1822/68/50
f 1810/56/41 1785/65/41 1819/66/41
f 1816/62/42 1826/67/42 1817/64/42
f 1814/55/208 1822/68/208 1823/69/208
f 1811/57/194 1819/66/194 1820/70/194
f 1817/64/45 1827/71/45 1818/58/45
f 1814/55/46 1824/72/46 1815/59/46
f 1812/60/47 1820/70/47 1821/73/47
f 1791/74/48 1818/58/48 1827/71/48
f 1820/70/59 1830/85/59 1821/73/59
f 1791/86/60 1827/71/60 1836/84/60
f 1825/75/51 1833/76/51 1834/77/51
f 1821/73/52 1831/78/52 1822/68/52
f 1819/66/53 1785/79/53 1828/80/53
f 1826/67/54 1834/77/54 1835/81/54
f 1822/68/209 1832/82/209 1823/69/209
f 1819/66/202 1829/83/202 1820/70/202
f 1827/71/57 1835/81/57 1836/84/57
f 1824/72/58 1832/82/58 1833/76/58
f 1836/84/69 1844/95/69 1845/89/69
f 1833/76/70 1841/96/70 1842/90/70
f 1829/83/61 1839/87/61 1830/85/61
f 1791/88/62 1836/84/62 1845/89/62
f 1834/77/213 1842/90/213 1843/91/213
f 1830/85/64 1840/92/64 1831/78/64
f 1828/80/65 1785/93/65 1837/94/65
f 1835/81/66 1843/91/66 1844/95/66
f 1831/78/67 1841/96/67 1832/82/67
f 1828/80/68 1838/97/68 1829/83/68
f 1840/92/78 1850/98/78 1841/96/78
f 1837/94/79 1847/108/79 1838/97/79
f 1845/89/80 1853/107/80 1854/102/80
f 1842/90/214 1850/98/214 1851/99/214
f 1838/97/173 1848/100/173 1839/87/173
f 1791/101/73 1845/89/73 1854/102/73
f 1843/91/74 1851/99/74 1852/103/74
f 1839/87/75 1849/104/75 1840/92/75
f 1837/94/76 1785/105/76 1846/106/76
f 1844/95/77 1852/103/77 1853/107/77
f 1846/106/88 1785/118/88 1855/119/88
f 1853/107/175 1861/116/175 1862/110/175
f 1849/104/90 1859/112/90 1850/98/90
f 1846/106/81 1856/109/81 1847/108/81
f 1854/102/82 1862/110/82 1863/111/82
f 1851/99/83 1859/112/83 1860/113/83
f 1847/108/84 1857/114/84 1848/100/84
f 1791/115/85 1854/102/85 1863/111/85
f 1852/103/86 1860/113/86 1861/116/86
f 1848/100/87 1858/117/87 1849/104/87
f 1858/117/99 1866/127/99 1867/121/99
f 1855/119/100 1785/130/100 1864/123/100
f 1861/116/181 1871/120/181 1862/110/181
f 1859/112/92 1867/121/92 1868/122/92
f 1856/109/93 1864/123/93 1865/124/93
f 1862/110/94 1872/125/94 1863/111/94
f 1859/112/95 1869/126/95 1860/113/95
f 1857/114/96 1865/124/96 1866/127/96
f 1791/128/97 1863/111/97 1872/125/97
f 1860/113/98 1870/129/98 1861/116/98
f 1791/140/109 1872/125/109 1881/138/109
f 1869/126/110 1879/141/110 1870/129/110
f 1867/121/101 1875/131/101 1876/132/101
f 1864/123/102 1785/133/102 1873/134/102
f 1870/129/176 1880/135/176 1871/120/176
f 1868/122/177 1876/132/177 1877/136/177
f 1865/124/105 1873/134/105 1874/137/105
f 1871/120/106 1881/138/106 1872/125/106
f 1868/122/184 1878/139/184 1869/126/184
f 1866/127/108 1874/137/108 1875/131/108
f 1877/136/118 1887/151/118 1878/139/118
f 1875/131/119 1883/149/119 1884/143/119
f 1791/152/120 1881/138/120 1890/150/120
f 1878/139/197 1888/142/197 1879/141/197
f 1876/132/112 1884/143/112 1885/144/112
f 1873/134/113 1785/145/113 1882/146/113
f 1879/141/114 1889/147/114 1880/135/114
f 1877/136/115 1885/144/115 1886/148/115
f 1874/137/116 1882/146/116 1883/149/116
f 1880/135/117 1890/150/117 1881/138/117
f 1883/149/198 1891/160/198 1892/153/198
f 1889/147/129 1899/156/129 1890/150/129
f 1886/148/130 1896/162/130 1887/151/130
f 1884/143/121 1892/153/121 1893/154/121
f 1791/155/122 1890/150/122 1899/156/122
f 1887/151/123 1897/157/123 1888/142/123
f 1885/144/124 1893/154/124 1894/158/124
f 1882/146/125 1785/159/125 1891/160/125
f 1888/142/126 1898/161/126 1889/147/126
f 1886/148/127 1894/158/127 1895/20/127
f 1894/176/211 1904/167/211 1895/3/211
f 1891/177/212 1901/181/212 1892/169/212
f 1899/163/131 1907/164/131 1908/165/131
f 1896/166/182 1904/167/182 1905/168/182
f 1892/169/133 1902/170/133 1893/171/133
f 1791/172/134 1899/163/134 1908/165/134
f 1897/173/135 1905/168/135 1906/174/135
f 1893/171/136 1903/175/136 1894/176/136
f 1891/177/137 1785/178/137 1900/179/137
f 1898/180/138 1906/174/138 1907/164/138
f 1900/179/149 1785/191/149 1909/192/149
f 1907/164/150 1915/189/150 1916/184/150
f 1903/175/141 1913/182/141 1904/167/141
f 1900/179/142 1910/183/142 1901/181/142
f 1908/165/143 1916/184/143 1917/185/143
f 1905/168/144 1913/182/144 1914/186/144
f 1901/181/145 1911/187/145 1902/170/145
f 1791/188/146 1908/165/146 1917/185/146
f 1906/174/147 1914/186/147 1915/189/147
f 1902/170/148 1912/190/148 1903/175/148
f 1915/189/159 1923/200/159 1924/195/159
f 1911/187/160 1921/203/160 1912/190/160
f 1909/192/151 1785/193/151 1918/194/151
f 1916/184/152 1924/195/152 1925/196/152
f 1912/190/153 1922/197/153 1913/182/153
f 1909/192/154 1919/198/154 1910/183/154
f 1917/185/155 1925/196/155 1926/199/155
f 1914/186/156 1922/197/156 1923/200/156
f 1910/183/157 1920/201/157 1911/187/157
f 1791/202/158 1917/185/158 1926/199/158
f 1919/198/168 1786/33/168 1920/201/168
f 1791/205/169 1926/199/169 1790/30/169
f 1924/195/170 1788/32/170 1789/37/170
f 1920/201/161 1929/38/161 1921/203/161
f 1918/194/162 1785/204/162 1927/40/162
f 1925/196/163 1789/37/163 1930/28/163
f 1921/203/164 1787/5/164 1922/197/164
f 1918/194/165 1928/25/165 1919/198/165
f 1926/199/166 1930/28/166 1790/30/166
f 1923/200/167 1787/5/167 1788/32/167
f 2073/40/18 1931/41/18 1938/26/18
f 1935/37/19 1945/42/19 2076/28/19
f 1933/5/20 1941/39/20 1942/43/20
f 2074/25/11 1938/26/11 1939/27/11
f 2076/28/12 1946/29/12 1936/30/12
f 1933/5/13 1943/31/13 1934/32/13
f 1932/33/14 1939/27/14 1940/34/14
f 1937/35/15 1936/30/15 1946/29/15
f 1934/32/16 1944/36/16 1935/37/16
f 2075/38/17 1940/34/17 1941/39/17
f 1938/26/28 1931/52/28 1947/44/28
f 1944/36/171 1954/53/171 1945/42/171
f 1942/43/30 1950/51/30 1951/7/30
f 1939/27/21 1947/44/21 1948/45/21
f 1945/42/22 1955/46/22 1946/29/22
f 1942/43/185 1952/47/185 1943/31/185
f 1940/34/24 1948/45/24 1949/48/24
f 1937/49/25 1946/29/25 1955/46/25
f 1943/31/26 1953/50/26 1944/36/26
f 1941/39/27 1949/48/27 1950/51/27
f 1950/51/38 1958/60/38 1959/54/38
f 1947/44/39 1931/63/39 1956/56/39
f 1953/50/40 1963/64/40 1954/53/40
f 1951/7/31 1959/54/31 1960/55/31
f 1948/45/32 1956/56/32 1957/57/32
f 1954/53/33 1964/58/33 1955/46/33
f 1951/7/34 1961/59/34 1952/47/34
f 1949/48/35 1957/57/35 1958/60/35
f 1937/61/36 1955/46/36 1964/58/36
f 1952/47/193 1962/62/193 1953/50/193
f 1937/74/48 1964/58/48 1973/71/48
f 1961/59/49 1971/75/49 1962/62/49
f 1959/54/50 1967/73/50 1968/68/50
f 1956/56/41 1931/65/41 1965/66/41
f 1962/62/42 1972/67/42 1963/64/42
f 1960/55/208 1968/68/208 1969/69/208
f 1957/57/194 1965/66/194 1966/70/194
f 1963/64/45 1973/71/45 1964/58/45
f 1960/55/46 1970/72/46 1961/59/46
f 1958/60/47 1966/70/47 1967/73/47
f 1970/72/58 1978/82/58 1979/76/58
f 1966/70/59 1976/85/59 1967/73/59
f 1937/86/60 1973/71/60 1982/84/60
f 1971/75/51 1979/76/51 1980/77/51
f 1967/73/52 1977/78/52 1968/68/52
f 1965/66/53 1931/79/53 1974/80/53
f 1972/67/54 1980/77/54 1981/81/54
f 1968/68/209 1978/82/209 1969/69/209
f 1965/66/202 1975/83/202 1966/70/202
f 1973/71/57 1981/81/57 1982/84/57
f 1974/80/68 1984/97/68 1975/83/68
f 1982/84/69 1990/95/69 1991/89/69
f 1979/76/70 1987/96/70 1988/90/70
f 1975/83/61 1985/87/61 1976/85/61
f 1937/88/62 1982/84/62 1991/89/62
f 1980/77/213 1988/90/213 1989/91/213
f 1976/85/64 1986/92/64 1977/78/64
f 1974/80/65 1931/93/65 1983/94/65
f 1981/81/66 1989/91/66 1990/95/66
f 1977/78/67 1987/96/67 1978/82/67
f 1986/92/78 1996/98/78 1987/96/78
f 1983/94/79 1993/108/79 1984/97/79
f 1991/89/80 1999/107/80 2000/102/80
f 1988/90/71 1996/98/71 1997/99/71
f 1984/97/173 1994/100/173 1985/87/173
f 1937/101/73 1991/89/73 2000/102/73
f 1989/91/74 1997/99/74 1998/103/74
f 1985/87/75 1995/104/75 1986/92/75
f 1983/94/76 1931/105/76 1992/106/76
f 1990/95/210 1998/103/210 1999/107/210
f 1992/106/88 1931/118/88 2001/119/88
f 1999/107/89 2007/116/89 2008/110/89
f 1995/104/90 2005/112/90 1996/98/90
f 1992/106/81 2002/109/81 1993/108/81
f 2000/102/82 2008/110/82 2009/111/82
f 1997/99/83 2005/112/83 2006/113/83
f 1993/108/189 2003/114/189 1994/100/189
f 1937/115/85 2000/102/85 2009/111/85
f 1998/103/86 2006/113/86 2007/116/86
f 1994/100/87 2004/117/87 1995/104/87
f 2006/113/98 2016/129/98 2007/116/98
f 2004/117/99 2012/127/99 2013/121/99
f 2001/119/100 1931/130/100 2010/123/100
f 2007/116/181 2017/120/181 2008/110/181
f 2005/112/92 2013/121/92 2014/122/92
f 2002/109/93 2010/123/93 2011/124/93
f 2008/110/94 2018/125/94 2009/111/94
f 2005/112/95 2015/126/95 2006/113/95
f 2003/114/96 2011/124/96 2012/127/96
f 1937/128/97 2009/111/97 2018/125/97
f 2012/127/108 2020/137/108 2021/131/108
f 1937/140/109 2018/125/109 2027/138/109
f 2015/126/110 2025/141/110 2016/129/110
f 2013/121/101 2021/131/101 2022/132/101
f 2010/123/102 1931/133/102 2019/134/102
f 2016/129/176 2026/135/176 2017/120/176
f 2014/122/177 2022/132/177 2023/136/177
f 2011/124/105 2019/134/105 2020/137/105
f 2017/120/106 2027/138/106 2018/125/106
f 2014/122/184 2024/139/184 2015/126/184
f 2023/136/118 2033/151/118 2024/139/118
f 2021/131/119 2029/149/119 2030/143/119
f 1937/152/120 2027/138/120 2036/150/120
f 2024/139/197 2034/142/197 2025/141/197
f 2022/132/112 2030/143/112 2031/144/112
f 2019/134/113 1931/145/113 2028/146/113
f 2025/141/114 2035/147/114 2026/135/114
f 2023/136/115 2031/144/115 2032/148/115
f 2020/137/116 2028/146/116 2029/149/116
f 2026/135/117 2036/150/117 2027/138/117
f 2029/149/198 2037/160/198 2038/153/198
f 2035/147/129 2045/156/129 2036/150/129
f 2032/148/130 2042/162/130 2033/151/130
f 2030/143/121 2038/153/121 2039/154/121
f 1937/155/122 2036/150/122 2045/156/122
f 2033/151/123 2043/157/123 2034/142/123
f 2031/144/124 2039/154/124 2040/158/124
f 2028/146/125 1931/159/125 2037/160/125
f 2034/142/126 2044/161/126 2035/147/126
f 2032/148/127 2040/158/127 2041/20/127
f 2044/180/138 2052/174/138 2053/164/138
f 2040/176/211 2050/167/211 2041/3/211
f 2037/177/212 2047/181/212 2038/169/212
f 2045/163/131 2053/164/131 2054/165/131
f 2042/166/182 2050/167/182 2051/168/182
f 2038/169/133 2048/170/133 2039/171/133
f 1937/172/134 2045/163/134 2054/165/134
f 2043/173/135 2051/168/135 2052/174/135
f 2039/171/136 2049/175/136 2040/176/136
f 2037/177/137 1931/178/137 2046/179/137
f 2048/170/148 2058/190/148 2049/175/148
f 2046/179/149 1931/191/149 2055/192/149
f 2053/164/150 2061/189/150 2062/184/150
f 2049/175/141 2059/182/141 2050/167/141
f 2046/179/142 2056/183/142 2047/181/142
f 2054/165/143 2062/184/143 2063/185/143
f 2051/168/144 2059/182/144 2060/186/144
f 2047/181/145 2057/187/145 2048/170/145
f 1937/188/146 2054/165/146 2063/185/146
f 2052/174/147 2060/186/147 2061/189/147
f 2061/189/159 2069/200/159 2070/195/159
f 2057/187/160 2067/203/160 2058/190/160
f 2055/192/151 1931/193/151 2064/194/151
f 2062/184/152 2070/195/152 2071/196/152
f 2058/190/153 2068/197/153 2059/182/153
f 2055/192/154 2065/198/154 2056/183/154
f 2063/185/155 2071/196/155 2072/199/155
f 2060/186/156 2068/197/156 2069/200/156
f 2056/183/157 2066/201/157 2057/187/157
f 1937/202/158 2063/185/158 2072/199/158
f 2065/198/215 1932/33/215 2066/201/215
f 1937/205/169 2072/199/169 1936/30/169
f 2070/195/170 1934/32/170 1935/37/170
f 2066/201/161 2075/38/161 2067/203/161
f 2064/194/162 1931/204/162 2073/40/162
f 2071/196/163 1935/37/163 2076/28/163
f 2067/203/164 1933/5/164 2068/197/164
f 2064/194/165 2074/25/165 2065/198/165
f 2072/199/166 2076/28/166 1936/30/166
f 2069/200/167 1933/5/167 1934/32/167
f 2220/25/11 2084/26/11 2085/27/11
f 2222/28/12 2092/29/12 2082/30/12
f 2079/5/13 2089/31/13 2080/32/13
f 2078/33/14 2085/27/14 2086/34/14
f 2083/35/15 2082/30/15 2092/29/15
f 2080/32/16 2090/36/16 2081/37/16
f 2221/38/17 2086/34/17 2087/39/17
f 2219/40/18 2077/41/18 2084/26/18
f 2081/37/183 2091/42/183 2222/28/183
f 2079/5/20 2087/39/20 2088/43/20
f 2085/27/21 2093/44/21 2094/45/21
f 2091/42/22 2101/46/22 2092/29/22
f 2088/43/185 2098/47/185 2089/31/185
f 2086/34/24 2094/45/24 2095/48/24
f 2083/49/25 2092/29/25 2101/46/25
f 2089/31/26 2099/50/26 2090/36/26
f 2087/39/27 2095/48/27 2096/51/27
f 2084/26/28 2077/52/28 2093/44/28
f 2090/36/171 2100/53/171 2091/42/171
f 2088/43/30 2096/51/30 2097/7/30
f 2097/7/31 2105/54/31 2106/55/31
f 2094/45/32 2102/56/32 2103/57/32
f 2100/53/33 2110/58/33 2101/46/33
f 2097/7/34 2107/59/34 2098/47/34
f 2095/48/35 2103/57/35 2104/60/35
f 2083/61/36 2101/46/36 2110/58/36
f 2098/47/37 2108/62/37 2099/50/37
f 2096/51/216 2104/60/216 2105/54/216
f 2093/44/39 2077/63/39 2102/56/39
f 2099/50/40 2109/64/40 2100/53/40
f 2102/56/41 2077/65/41 2111/66/41
f 2108/62/42 2118/67/42 2109/64/42
f 2106/55/208 2114/68/208 2115/69/208
f 2103/57/194 2111/66/194 2112/70/194
f 2109/64/45 2119/71/45 2110/58/45
f 2106/55/195 2116/72/195 2107/59/195
f 2104/60/47 2112/70/47 2113/73/47
f 2083/74/48 2110/58/48 2119/71/48
f 2107/59/49 2117/75/49 2108/62/49
f 2105/54/50 2113/73/50 2114/68/50
f 2117/75/51 2125/76/51 2126/77/51
f 2113/73/52 2123/78/52 2114/68/52
f 2111/66/53 2077/79/53 2120/80/53
f 2118/67/54 2126/77/54 2127/81/54
f 2114/68/209 2124/82/209 2115/69/209
f 2111/66/202 2121/83/202 2112/70/202
f 2119/71/57 2127/81/57 2128/84/57
f 2116/72/172 2124/82/172 2125/76/172
f 2112/70/59 2122/85/59 2113/73/59
f 2083/86/60 2119/71/60 2128/84/60
f 2121/83/61 2131/87/61 2122/85/61
f 2083/88/62 2128/84/62 2137/89/62
f 2126/77/63 2134/90/63 2135/91/63
f 2122/85/217 2132/92/217 2123/78/217
f 2120/80/65 2077/93/65 2129/94/65
f 2127/81/66 2135/91/66 2136/95/66
f 2123/78/67 2133/96/67 2124/82/67
f 2120/80/68 2130/97/68 2121/83/68
f 2128/84/69 2136/95/69 2137/89/69
f 2125/76/70 2133/96/70 2134/90/70
f 2134/90/71 2142/98/71 2143/99/71
f 2130/97/173 2140/100/173 2131/87/173
f 2083/101/73 2137/89/73 2146/102/73
f 2135/91/74 2143/99/74 2144/103/74
f 2131/87/75 2141/104/75 2132/92/75
f 2129/94/76 2077/105/76 2138/106/76
f 2136/95/77 2144/103/77 2145/107/77
f 2132/92/78 2142/98/78 2133/96/78
f 2129/94/79 2139/108/79 2130/97/79
f 2137/89/80 2145/107/80 2146/102/80
f 2138/106/81 2148/109/81 2139/108/81
f 2146/102/82 2154/110/82 2155/111/82
f 2143/99/83 2151/112/83 2152/113/83
f 2139/108/84 2149/114/84 2140/100/84
f 2083/115/85 2146/102/85 2155/111/85
f 2144/103/86 2152/113/86 2153/116/86
f 2140/100/87 2150/117/87 2141/104/87
f 2138/106/88 2077/118/88 2147/119/88
f 2145/107/175 2153/116/175 2154/110/175
f 2141/104/90 2151/112/90 2142/98/90
f 2153/116/181 2163/120/181 2154/110/181
f 2151/112/92 2159/121/92 2160/122/92
f 2148/109/93 2156/123/93 2157/124/93
f 2154/110/94 2164/125/94 2155/111/94
f 2151/112/95 2161/126/95 2152/113/95
f 2149/114/96 2157/124/96 2158/127/96
f 2083/128/97 2155/111/97 2164/125/97
f 2152/113/98 2162/129/98 2153/116/98
f 2150/117/99 2158/127/99 2159/121/99
f 2147/119/100 2077/130/100 2156/123/100
f 2159/121/101 2167/131/101 2168/132/101
f 2156/123/102 2077/133/102 2165/134/102
f 2162/129/176 2172/135/176 2163/120/176
f 2160/122/104 2168/132/104 2169/136/104
f 2157/124/105 2165/134/105 2166/137/105
f 2163/120/106 2173/138/106 2164/125/106
f 2160/122/184 2170/139/184 2161/126/184
f 2158/127/108 2166/137/108 2167/131/108
f 2083/140/109 2164/125/109 2173/138/109
f 2161/126/110 2171/141/110 2162/129/110
f 2170/139/111 2180/142/111 2171/141/111
f 2168/132/112 2176/143/112 2177/144/112
f 2165/134/113 2077/145/113 2174/146/113
f 2171/141/114 2181/147/114 2172/135/114
f 2169/136/115 2177/144/115 2178/148/115
f 2166/137/116 2174/146/116 2175/149/116
f 2172/135/117 2182/150/117 2173/138/117
f 2169/136/118 2179/151/118 2170/139/118
f 2167/131/119 2175/149/119 2176/143/119
f 2083/152/120 2173/138/120 2182/150/120
f 2176/143/121 2184/153/121 2185/154/121
f 2083/155/122 2182/150/122 2191/156/122
f 2179/151/123 2189/157/123 2180/142/123
f 2177/144/124 2185/154/124 2186/158/124
f 2174/146/125 2077/159/125 2183/160/125
f 2180/142/126 2190/161/126 2181/147/126
f 2178/148/127 2186/158/127 2187/20/127
f 2175/149/198 2183/160/198 2184/153/198
f 2181/147/129 2191/156/129 2182/150/129
f 2178/148/218 2188/162/218 2179/151/218
f 2191/163/131 2199/164/131 2200/165/131
f 2188/166/182 2196/167/182 2197/168/182
f 2184/169/133 2194/170/133 2185/171/133
f 2083/172/134 2191/163/134 2200/165/134
f 2189/173/135 2197/168/135 2198/174/135
f 2185/171/136 2195/175/136 2186/176/136
f 2183/177/137 2077/178/137 2192/179/137
f 2190/180/138 2198/174/138 2199/164/138
f 2186/176/211 2196/167/211 2187/3/211
f 2183/177/212 2193/181/212 2184/169/212
f 2195/175/141 2205/182/141 2196/167/141
f 2192/179/142 2202/183/142 2193/181/142
f 2200/165/143 2208/184/143 2209/185/143
f 2197/168/144 2205/182/144 2206/186/144
f 2193/181/145 2203/187/145 2194/170/145
f 2083/188/146 2200/165/146 2209/185/146
f 2198/174/206 2206/186/206 2207/189/206
f 2194/170/148 2204/190/148 2195/175/148
f 2192/179/149 2077/191/149 2201/192/149
f 2199/164/150 2207/189/150 2208/184/150
f 2201/192/151 2077/193/151 2210/194/151
f 2208/184/152 2216/195/152 2217/196/152
f 2204/190/153 2214/197/153 2205/182/153
f 2201/192/154 2211/198/154 2202/183/154
f 2209/185/155 2217/196/155 2218/199/155
f 2206/186/156 2214/197/156 2215/200/156
f 2202/183/157 2212/201/157 2203/187/157
f 2083/202/158 2209/185/158 2218/199/158
f 2207/189/159 2215/200/159 2216/195/159
f 2203/187/160 2213/203/160 2204/190/160
f 2212/201/161 2221/38/161 2213/203/161
f 2210/194/162 2077/204/162 2219/40/162
f 2217/196/200 2081/37/200 2222/28/200
f 2213/203/164 2079/5/164 2214/197/164
f 2210/194/165 2220/25/165 2211/198/165
f 2218/199/166 2222/28/166 2082/30/166
f 2215/200/167 2079/5/167 2080/32/167
f 2211/198/168 2078/33/168 2212/201/168
f 2083/205/169 2218/199/169 2082/30/169
f 2216/195/170 2080/32/170 2081/37/170
f 2225/5/20 2233/39/20 2234/43/20
f 2366/25/11 2230/26/11 2231/27/11
f 2368/28/12 2238/29/12 2228/30/12
f 2225/5/13 2235/31/13 2226/32/13
f 2224/33/14 2231/27/14 2232/34/14
f 2229/35/15 2228/30/15 2238/29/15
f 2226/32/16 2236/36/16 2227/37/16
f 2367/38/17 2232/34/17 2233/39/17
f 2365/40/18 2223/41/18 2230/26/18
f 2227/37/183 2237/42/183 2368/28/183
f 2231/27/21 2239/44/21 2240/45/21
f 2237/42/22 2247/46/22 2238/29/22
f 2234/43/185 2244/47/185 2235/31/185
f 2232/34/24 2240/45/24 2241/48/24
f 2229/49/25 2238/29/25 2247/46/25
f 2235/31/26 2245/50/26 2236/36/26
f 2233/39/27 2241/48/27 2242/51/27
f 2230/26/28 2223/52/28 2239/44/28
f 2236/36/171 2246/53/171 2237/42/171
f 2234/43/30 2242/51/30 2243/7/30
f 2245/50/40 2255/64/40 2246/53/40
f 2243/7/31 2251/54/31 2252/55/31
f 2240/45/32 2248/56/32 2249/57/32
f 2246/53/33 2256/58/33 2247/46/33
f 2243/7/34 2253/59/34 2244/47/34
f 2241/48/35 2249/57/35 2250/60/35
f 2229/61/36 2247/46/36 2256/58/36
f 2244/47/37 2254/62/37 2245/50/37
f 2242/51/38 2250/60/38 2251/54/38
f 2239/44/39 2223/63/39 2248/56/39
f 2251/54/219 2259/73/219 2260/68/219
f 2248/56/41 2223/65/41 2257/66/41
f 2254/62/42 2264/67/42 2255/64/42
f 2252/55/208 2260/68/208 2261/69/208
f 2249/57/194 2257/66/194 2258/70/194
f 2255/64/45 2265/71/45 2256/58/45
f 2252/55/195 2262/72/195 2253/59/195
f 2250/60/47 2258/70/47 2259/73/47
f 2229/74/48 2256/58/48 2265/71/48
f 2253/59/49 2263/75/49 2254/62/49
f 2263/75/51 2271/76/51 2272/77/51
f 2259/73/220 2269/78/220 2260/68/220
f 2257/66/53 2223/79/53 2266/80/53
f 2264/67/54 2272/77/54 2273/81/54
f 2260/68/209 2270/82/209 2261/69/209
f 2257/66/202 2267/83/202 2258/70/202
f 2265/71/57 2273/81/57 2274/84/57
f 2262/72/172 2270/82/172 2271/76/172
f 2258/70/59 2268/85/59 2259/73/59
f 2229/86/60 2265/71/60 2274/84/60
f 2267/83/61 2277/87/61 2268/85/61
f 2229/88/62 2274/84/62 2283/89/62
f 2272/77/63 2280/90/63 2281/91/63
f 2268/85/64 2278/92/64 2269/78/64
f 2266/80/65 2223/93/65 2275/94/65
f 2273/81/66 2281/91/66 2282/95/66
f 2269/78/67 2279/96/67 2270/82/67
f 2266/80/68 2276/97/68 2267/83/68
f 2274/84/69 2282/95/69 2283/89/69
f 2271/76/70 2279/96/70 2280/90/70
f 2283/89/80 2291/107/80 2292/102/80
f 2280/90/71 2288/98/71 2289/99/71
f 2276/97/173 2286/100/173 2277/87/173
f 2229/101/73 2283/89/73 2292/102/73
f 2281/91/74 2289/99/74 2290/103/74
f 2277/87/75 2287/104/75 2278/92/75
f 2275/94/76 2223/105/76 2284/106/76
f 2282/95/210 2290/103/210 2291/107/210
f 2278/92/78 2288/98/78 2279/96/78
f 2275/94/79 2285/108/79 2276/97/79
f 2287/104/90 2297/112/90 2288/98/90
f 2284/106/81 2294/109/81 2285/108/81
f 2292/102/82 2300/110/82 2301/111/82
f 2289/99/83 2297/112/83 2298/113/83
f 2285/108/84 2295/114/84 2286/100/84
f 2229/115/85 2292/102/85 2301/111/85
f 2290/103/86 2298/113/86 2299/116/86
f 2286/100/87 2296/117/87 2287/104/87
f 2284/106/88 2223/118/88 2293/119/88
f 2291/107/89 2299/116/89 2300/110/89
f 2293/119/100 2223/130/100 2302/123/100
f 2299/116/181 2309/120/181 2300/110/181
f 2297/112/92 2305/121/92 2306/122/92
f 2294/109/93 2302/123/93 2303/124/93
f 2300/110/94 2310/125/94 2301/111/94
f 2297/112/95 2307/126/95 2298/113/95
f 2295/114/96 2303/124/96 2304/127/96
f 2229/128/97 2301/111/97 2310/125/97
f 2298/113/98 2308/129/98 2299/116/98
f 2296/117/99 2304/127/99 2305/121/99
f 2305/121/101 2313/131/101 2314/132/101
f 2302/123/102 2223/133/102 2311/134/102
f 2308/129/176 2318/135/176 2309/120/176
f 2306/122/177 2314/132/177 2315/136/177
f 2303/124/105 2311/134/105 2312/137/105
f 2309/120/106 2319/138/106 2310/125/106
f 2306/122/184 2316/139/184 2307/126/184
f 2304/127/108 2312/137/108 2313/131/108
f 2229/140/109 2310/125/109 2319/138/109
f 2307/126/110 2317/141/110 2308/129/110
f 2229/152/120 2319/138/120 2328/150/120
f 2316/139/111 2326/142/111 2317/141/111
f 2314/132/112 2322/143/112 2323/144/112
f 2311/134/113 2223/145/113 2320/146/113
f 2317/141/114 2327/147/114 2318/135/114
f 2315/136/115 2323/144/115 2324/148/115
f 2312/137/116 2320/146/116 2321/149/116
f 2318/135/117 2328/150/117 2319/138/117
f 2315/136/118 2325/151/118 2316/139/118
f 2313/131/119 2321/149/119 2322/143/119
f 2324/148/130 2334/162/130 2325/151/130
f 2322/143/121 2330/153/121 2331/154/121
f 2229/155/122 2328/150/122 2337/156/122
f 2325/151/123 2335/157/123 2326/142/123
f 2323/144/221 2331/154/221 2332/158/221
f 2320/146/125 2223/159/125 2329/160/125
f 2326/142/126 2336/161/126 2327/147/126
f 2324/148/127 2332/158/127 2333/20/127
f 2321/149/198 2329/160/198 2330/153/198
f 2327/147/129 2337/156/129 2328/150/129
f 2329/177/212 2339/181/212 2330/169/212
f 2337/163/131 2345/164/131 2346/165/131
f 2334/166/132 2342/167/132 2343/168/132
f 2330/169/133 2340/170/133 2331/171/133
f 2229/172/134 2337/163/134 2346/165/134
f 2335/173/135 2343/168/135 2344/174/135
f 2331/171/222 2341/175/222 2332/176/222
f 2329/177/137 2223/178/137 2338/179/137
f 2336/180/138 2344/174/138 2345/164/138
f 2332/176/211 2342/167/211 2333/3/211
f 2341/175/141 2351/182/141 2342/167/141
f 2338/179/142 2348/183/142 2339/181/142
f 2346/165/143 2354/184/143 2355/185/143
f 2343/168/144 2351/182/144 2352/186/144
f 2339/181/145 2349/187/145 2340/170/145
f 2229/188/146 2346/165/146 2355/185/146
f 2344/174/206 2352/186/206 2353/189/206
f 2340/170/148 2350/190/148 2341/175/148
f 2338/179/149 2223/191/149 2347/192/149
f 2345/164/150 2353/189/150 2354/184/150
f 2347/192/151 2223/193/151 2356/194/151
f 2354/184/152 2362/195/152 2363/196/152
f 2350/190/153 2360/197/153 2351/182/153
f 2347/192/154 2357/198/154 2348/183/154
f 2355/185/155 2363/196/155 2364/199/155
f 2352/186/156 2360/197/156 2361/200/156
f 2348/183/180 2358/201/180 2349/187/180
f 2229/202/158 2355/185/158 2364/199/158
f 2353/189/159 2361/200/159 2362/195/159
f 2349/187/160 2359/203/160 2350/190/160
f 2362/195/170 2226/32/170 2227/37/170
f 2358/201/161 2367/38/161 2359/203/161
f 2356/194/162 2223/204/162 2365/40/162
f 2363/196/163 2227/37/163 2368/28/163
f 2359/203/164 2225/5/164 2360/197/164
f 2356/194/165 2366/25/165 2357/198/165
f 2364/199/166 2368/28/166 2228/30/166
f 2361/200/167 2225/5/167 2226/32/167
f 2357/198/168 2224/33/168 2358/201/168
f 2229/205/169 2364/199/169 2228/30/169
f 2371/5/20 2379/39/20 2380/43/20
f 2512/25/11 2376/26/11 2377/27/11
f 2514/28/12 2384/29/12 2374/30/12
f 2371/5/13 2381/31/13 2372/32/13
f 2370/33/190 2377/27/190 2378/34/190
f 2375/35/15 2374/30/15 2384/29/15
f 2372/32/16 2382/36/16 2373/37/16
f 2513/38/17 2378/34/17 2379/39/17
f 2511/40/18 2369/41/18 2376/26/18
f 2373/37/19 2383/42/19 2514/28/19
f 2380/43/223 2388/51/223 2389/7/223
f 2377/27/21 2385/44/21 2386/45/21
f 2383/42/22 2393/46/22 2384/29/22
f 2380/43/23 2390/47/23 2381/31/23
f 2378/34/224 2386/45/224 2387/48/224
f 2375/49/25 2384/29/25 2393/46/25
f 2381/31/26 2391/50/26 2382/36/26
f 2379/39/27 2387/48/27 2388/51/27
f 2376/26/28 2369/52/28 2385/44/28
f 2382/36/29 2392/53/29 2383/42/29
f 2385/44/39 2369/63/39 2394/56/39
f 2391/50/40 2401/64/40 2392/53/40
f 2389/7/31 2397/54/31 2398/55/31
f 2386/45/32 2394/56/32 2395/57/32
f 2392/53/33 2402/58/33 2393/46/33
f 2389/7/34 2399/59/34 2390/47/34
f 2387/48/35 2395/57/35 2396/60/35
f 2375/61/36 2393/46/36 2402/58/36
f 2390/47/37 2400/62/37 2391/50/37
f 2388/51/38 2396/60/38 2397/54/38
f 2397/54/50 2405/73/50 2406/68/50
f 2394/56/41 2369/65/41 2403/66/41
f 2400/62/42 2410/67/42 2401/64/42
f 2398/55/208 2406/68/208 2407/69/208
f 2395/57/44 2403/66/44 2404/70/44
f 2401/64/45 2411/71/45 2402/58/45
f 2398/55/195 2408/72/195 2399/59/195
f 2396/60/47 2404/70/47 2405/73/47
f 2375/74/48 2402/58/48 2411/71/48
f 2399/59/187 2409/75/187 2400/62/187
f 2375/86/60 2411/71/60 2420/84/60
f 2409/75/188 2417/76/188 2418/77/188
f 2405/73/52 2415/78/52 2406/68/52
f 2403/66/53 2369/79/53 2412/80/53
f 2410/67/54 2418/77/54 2419/81/54
f 2406/68/209 2416/82/209 2407/69/209
f 2403/66/56 2413/83/56 2404/70/56
f 2411/71/57 2419/81/57 2420/84/57
f 2408/72/172 2416/82/172 2417/76/172
f 2404/70/59 2414/85/59 2405/73/59
f 2417/76/70 2425/96/70 2426/90/70
f 2413/83/61 2423/87/61 2414/85/61
f 2375/88/62 2420/84/62 2429/89/62
f 2418/77/63 2426/90/63 2427/91/63
f 2414/85/64 2424/92/64 2415/78/64
f 2412/80/65 2369/93/65 2421/94/65
f 2419/81/66 2427/91/66 2428/95/66
f 2415/78/67 2425/96/67 2416/82/67
f 2412/80/68 2422/97/68 2413/83/68
f 2420/84/69 2428/95/69 2429/89/69
f 2421/94/79 2431/108/79 2422/97/79
f 2429/89/80 2437/107/80 2438/102/80
f 2426/90/214 2434/98/214 2435/99/214
f 2422/97/72 2432/100/72 2423/87/72
f 2375/101/73 2429/89/73 2438/102/73
f 2427/91/74 2435/99/74 2436/103/74
f 2423/87/75 2433/104/75 2424/92/75
f 2421/94/76 2369/105/76 2430/106/76
f 2428/95/174 2436/103/174 2437/107/174
f 2424/92/225 2434/98/225 2425/96/225
f 2433/104/90 2443/112/90 2434/98/90
f 2430/106/81 2440/109/81 2431/108/81
f 2438/102/82 2446/110/82 2447/111/82
f 2435/99/83 2443/112/83 2444/113/83
f 2431/108/84 2441/114/84 2432/100/84
f 2375/115/85 2438/102/85 2447/111/85
f 2436/103/86 2444/113/86 2445/116/86
f 2432/100/87 2442/117/87 2433/104/87
f 2430/106/88 2369/118/88 2439/119/88
f 2437/107/175 2445/116/175 2446/110/175
f 2439/119/100 2369/130/100 2448/123/100
f 2445/116/181 2455/120/181 2446/110/181
f 2443/112/92 2451/121/92 2452/122/92
f 2440/109/93 2448/123/93 2449/124/93
f 2446/110/94 2456/125/94 2447/111/94
f 2443/112/95 2453/126/95 2444/113/95
f 2441/114/192 2449/124/192 2450/127/192
f 2375/128/97 2447/111/97 2456/125/97
f 2444/113/98 2454/129/98 2445/116/98
f 2442/117/99 2450/127/99 2451/121/99
f 2453/126/110 2463/141/110 2454/129/110
f 2451/121/101 2459/131/101 2460/132/101
f 2448/123/102 2369/133/102 2457/134/102
f 2454/129/103 2464/135/103 2455/120/103
f 2452/122/177 2460/132/177 2461/136/177
f 2449/124/105 2457/134/105 2458/137/105
f 2455/120/106 2465/138/106 2456/125/106
f 2452/122/107 2462/139/107 2453/126/107
f 2450/127/178 2458/137/178 2459/131/178
f 2375/140/109 2456/125/109 2465/138/109
f 2459/131/119 2467/149/119 2468/143/119
f 2375/152/120 2465/138/120 2474/150/120
f 2462/139/111 2472/142/111 2463/141/111
f 2460/132/203 2468/143/203 2469/144/203
f 2457/134/113 2369/145/113 2466/146/113
f 2463/141/114 2473/147/114 2464/135/114
f 2461/136/115 2469/144/115 2470/148/115
f 2458/137/116 2466/146/116 2467/149/116
f 2464/135/117 2474/150/117 2465/138/117
f 2461/136/118 2471/151/118 2462/139/118
f 2470/148/130 2480/162/130 2471/151/130
f 2468/143/121 2476/153/121 2477/154/121
f 2375/155/122 2474/150/122 2483/156/122
f 2471/151/204 2481/157/204 2472/142/204
f 2469/144/124 2477/154/124 2478/158/124
f 2466/146/125 2369/159/125 2475/160/125
f 2472/142/126 2482/161/126 2473/147/126
f 2470/148/127 2478/158/127 2479/20/127
f 2467/149/128 2475/160/128 2476/153/128
f 2473/147/129 2483/156/129 2474/150/129
f 2475/177/140 2485/181/140 2476/169/140
f 2483/163/131 2491/164/131 2492/165/131
f 2480/166/132 2488/167/132 2489/168/132
f 2476/169/133 2486/170/133 2477/171/133
f 2375/172/134 2483/163/134 2492/165/134
f 2481/173/205 2489/168/205 2490/174/205
f 2477/171/136 2487/175/136 2478/176/136
f 2475/177/137 2369/178/137 2484/179/137
f 2482/180/138 2490/174/138 2491/164/138
f 2478/176/211 2488/167/211 2479/3/211
f 2491/164/150 2499/189/150 2500/184/150
f 2487/175/141 2497/182/141 2488/167/141
f 2484/179/142 2494/183/142 2485/181/142
f 2492/165/143 2500/184/143 2501/185/143
f 2489/168/144 2497/182/144 2498/186/144
f 2485/181/145 2495/187/145 2486/170/145
f 2375/188/146 2492/165/146 2501/185/146
f 2490/174/147 2498/186/147 2499/189/147
f 2486/170/207 2496/190/207 2487/175/207
f 2484/179/149 2369/191/149 2493/192/149
f 2495/187/160 2505/203/160 2496/190/160
f 2493/192/151 2369/193/151 2502/194/151
f 2500/184/226 2508/195/226 2509/196/226
f 2496/190/153 2506/197/153 2497/182/153
f 2493/192/154 2503/198/154 2494/183/154
f 2501/185/155 2509/196/155 2510/199/155
f 2498/186/227 2506/197/227 2507/200/227
f 2494/183/180 2504/201/180 2495/187/180
f 2375/202/158 2501/185/158 2510/199/158
f 2499/189/159 2507/200/159 2508/195/159
f 2508/195/170 2372/32/170 2373/37/170
f 2504/201/161 2513/38/161 2505/203/161
f 2502/194/162 2369/204/162 2511/40/162
f 2509/196/200 2373/37/200 2514/28/200
f 2505/203/164 2371/5/164 2506/197/164
f 2502/194/165 2512/25/165 2503/198/165
f 2510/199/166 2514/28/166 2374/30/166
f 2507/200/167 2371/5/167 2372/32/167
f 2503/198/215 2370/33/215 2504/201/215
f 2375/205/169 2510/199/169 2374/30/169
f 2520/206/228 2518/206/228 2517/206/228
f 2522/206/10 2515/206/10 2518/206/10
f 2516/206/10 2530/206/10 2518/206/10
f 2530/206/229 2517/206/229 2518/206/229
f 2529/206/230 2526/206/230 2525/206/230
f 2530/206/10 2523/206/10 2526/206/10
f 2525/206/231 2522/206/231 2520/206/231
f 2526/206/10 2521/206/10 2522/206/10
f 2544/206/229 2534/206/229 2533/206/229
f 2546/206/7 2531/206/7 2534/206/7
f 2535/206/7 2534/206/7 2532/206/7
f 2538/206/228 2533/206/228 2534/206/228
f 2539/206/7 2538/206/7 2536/206/7
f 2542/206/231 2537/206/231 2538/206/231
f 2545/206/7 2542/206/7 2540/206/7
f 2546/206/230 2541/206/230 2542/206/230
f 2532/206/229 2518/206/229 2515/206/229
f 2534/206/228 2516/206/228 2518/206/228
f 2536/206/228 2522/206/228 2521/206/228
f 2538/206/231 2519/206/231 2522/206/231
f 2540/206/231 2526/206/231 2523/206/231
f 2542/206/230 2524/206/230 2526/206/230
f 2543/206/230 2530/206/230 2527/206/230
f 2546/206/229 2528/206/229 2530/206/229
f 2519/206/228 2532/206/228 2515/206/228
f 2529/206/10 2520/206/10 2517/206/10
f 2516/206/229 2543/206/229 2527/206/229
f 2524/206/231 2536/206/231 2521/206/231
f 2528/206/230 2540/206/230 2523/206/230
f 2537/206/7 2544/206/7 2533/206/7
f 2552/206/228 2550/206/228 2549/206/228
f 2554/206/10 2547/206/10 2550/206/10
f 2548/206/10 2562/206/10 2550/206/10
f 2562/206/229 2549/206/229 2550/206/229
f 2561/206/230 2558/206/230 2557/206/230
f 2562/206/10 2555/206/10 2558/206/10
f 2557/206/231 2554/206/231 2552/206/231
f 2558/206/10 2553/206/10 2554/206/10
f 2565/206/229 2578/206/229 2566/206/229
f 2578/206/7 2563/206/7 2566/206/7
f 2567/206/7 2566/206/7 2564/206/7
f 2570/206/228 2565/206/228 2566/206/228
f 2571/206/7 2570/206/7 2568/206/7
f 2574/206/231 2569/206/231 2570/206/231
f 2577/206/7 2574/206/7 2572/206/7
f 2578/206/230 2573/206/230 2574/206/230
f 2564/206/229 2550/206/229 2547/206/229
f 2550/206/228 2563/206/228 2548/206/228
f 2553/206/228 2570/206/228 2554/206/228
f 2570/206/231 2551/206/231 2554/206/231
f 2572/206/231 2558/206/231 2555/206/231
f 2558/206/230 2571/206/230 2556/206/230
f 2575/206/230 2562/206/230 2559/206/230
f 2562/206/229 2577/206/229 2560/206/229
f 2551/206/228 2564/206/228 2547/206/228
f 2561/206/10 2552/206/10 2549/206/10
f 2559/206/229 2563/206/229 2575/206/229
f 2553/206/231 2571/206/231 2568/206/231
f 2560/206/230 2572/206/230 2555/206/230
f 2569/206/7 2576/206/7 2565/206/7
f 2584/206/228 2582/206/228 2581/206/228
f 2586/206/10 2579/206/10 2582/206/10
f 2580/206/10 2594/206/10 2582/206/10
f 2594/206/229 2581/206/229 2582/206/229
f 2593/206/230 2590/206/230 2589/206/230
f 2594/206/10 2587/206/10 2590/206/10
f 2589/206/231 2586/206/231 2584/206/231
f 2590/206/10 2585/206/10 2586/206/10
f 2608/206/229 2598/206/229 2597/206/229
f 2610/206/7 2595/206/7 2598/206/7
f 2599/206/7 2598/206/7 2596/206/7
f 2602/206/228 2597/206/228 2598/206/228
f 2603/206/7 2602/206/7 2600/206/7
f 2606/206/231 2601/206/231 2602/206/231
f 2609/206/7 2606/206/7 2604/206/7
f 2610/206/230 2605/206/230 2606/206/230
f 2596/206/229 2582/206/229 2579/206/229
f 2598/206/228 2580/206/228 2582/206/228
f 2600/206/228 2586/206/228 2585/206/228
f 2602/206/231 2583/206/231 2586/206/231
f 2604/206/231 2590/206/231 2587/206/231
f 2606/206/230 2588/206/230 2590/206/230
f 2607/206/230 2594/206/230 2591/206/230
f 2610/206/229 2592/206/229 2594/206/229
f 2583/206/228 2596/206/228 2579/206/228
f 2593/206/10 2584/206/10 2581/206/10
f 2580/206/229 2607/206/229 2591/206/229
f 2588/206/231 2600/206/231 2585/206/231
f 2592/206/230 2604/206/230 2587/206/230
f 2601/206/7 2608/206/7 2597/206/7
f 2/1/1 4/4/1 3/2/1
f 4/4/2 6/6/2 5/5/2
f 6/6/3 8/8/3 7/7/3
f 8/8/4 10/10/4 9/9/4
f 10/10/5 12/12/5 11/11/5
f 12/12/6 14/17/6 13/13/6
f 6/16/7 4/207/7 2/208/7
f 2/208/7 16/209/7 14/14/7
f 14/14/7 12/210/7 10/15/7
f 10/15/7 8/211/7 6/16/7
f 6/16/7 2/208/7 14/14/7
f 14/17/8 16/19/8 15/18/8
f 16/19/9 2/212/9 1/20/9
f 15/23/10 1/213/10 3/214/10
f 3/214/10 5/215/10 7/21/10
f 7/21/10 9/216/10 11/22/10
f 11/22/10 13/24/10 15/23/10
f 15/23/10 3/214/10 7/21/10
f 18/1/1 20/4/1 19/2/1
f 20/4/2 22/6/2 21/5/2
f 22/6/3 24/8/3 23/7/3
f 24/8/4 26/10/4 25/9/4
f 26/10/5 28/12/5 27/11/5
f 28/12/6 30/17/6 29/13/6
f 22/16/7 20/207/7 18/208/7
f 18/208/7 32/209/7 30/14/7
f 30/14/7 28/210/7 26/15/7
f 26/15/7 24/211/7 22/16/7
f 22/16/7 18/208/7 30/14/7
f 30/17/8 32/19/8 31/18/8
f 32/19/9 18/212/9 17/20/9
f 31/23/10 17/213/10 19/214/10
f 19/214/10 21/215/10 31/23/10
f 21/215/10 23/21/10 31/23/10
f 23/21/10 25/216/10 31/23/10
f 25/216/10 27/22/10 31/23/10
f 176/25/11 175/40/11 40/26/11
f 178/28/12 47/42/12 48/29/12
f 35/5/13 44/43/13 45/31/13
f 34/33/14 176/25/14 41/27/14
f 36/32/16 45/31/16 46/36/16
f 177/38/17 34/33/17 42/34/17
f 37/37/183 46/36/183 47/42/183
f 35/5/20 177/38/20 43/39/20
f 41/27/21 40/26/21 49/44/21
f 47/42/22 56/53/22 57/46/22
f 44/43/23 53/7/23 54/47/23
f 42/34/24 41/27/24 50/45/24
f 45/31/26 54/47/26 55/50/26
f 43/39/27 42/34/27 51/48/27
f 46/36/171 55/50/171 56/53/171
f 44/43/223 43/39/223 52/51/223
f 53/7/31 52/51/31 61/54/31
f 50/45/32 49/44/32 58/56/32
f 56/53/33 65/64/33 66/58/33
f 53/7/34 62/55/34 63/59/34
f 51/48/35 50/45/35 59/57/35
f 54/47/37 63/59/37 64/62/37
f 52/51/38 51/48/38 60/60/38
f 55/50/40 64/62/40 65/64/40
f 64/62/42 73/75/42 74/67/42
f 62/55/208 61/54/208 70/68/208
f 59/57/44 58/56/44 67/66/44
f 65/64/45 74/67/45 75/71/45
f 62/55/195 71/69/195 72/72/195
f 60/60/47 59/57/47 68/70/47
f 63/59/49 72/72/49 73/75/49
f 61/54/50 60/60/50 69/73/50
f 73/75/51 72/72/51 81/76/51
f 69/73/52 78/85/52 79/78/52
f 74/67/54 73/75/54 82/77/54
f 70/68/209 79/78/209 80/82/209
f 67/66/56 76/80/56 77/83/56
f 75/71/57 74/67/57 83/81/57
f 72/72/172 71/69/172 80/82/172
f 68/70/59 77/83/59 78/85/59
f 77/83/61 86/97/61 87/87/61
f 82/77/63 81/76/63 90/90/63
f 78/85/64 87/87/64 88/92/64
f 83/81/66 82/77/66 91/91/66
f 79/78/67 88/92/67 89/96/67
f 76/80/68 85/94/68 86/97/68
f 84/84/69 83/81/69 92/95/69
f 81/76/70 80/82/70 89/96/70
f 90/90/71 89/96/71 98/98/71
f 86/97/72 95/108/72 96/100/72
f 91/91/74 90/90/74 99/99/74
f 87/87/75 96/100/75 97/104/75
f 92/95/77 91/91/77 100/103/77
f 88/92/78 97/104/78 98/98/78
f 85/94/79 94/106/79 95/108/79
f 93/89/80 92/95/80 101/107/80
f 94/106/81 103/119/81 104/109/81
f 102/102/82 101/107/82 110/110/82
f 99/99/83 98/98/83 107/112/83
f 95/108/84 104/109/84 105/114/84
f 100/103/86 99/99/86 108/113/86
f 96/100/87 105/114/87 106/117/87
f 101/107/175 100/103/175 109/116/175
f 97/104/90 106/117/90 107/112/90
f 109/116/91 118/129/91 119/120/91
f 107/112/92 106/117/92 115/121/92
f 104/109/93 103/119/93 112/123/93
f 110/110/94 119/120/94 120/125/94
f 107/112/95 116/122/95 117/126/95
f 105/114/96 104/109/96 113/124/96
f 108/113/98 117/126/98 118/129/98
f 106/117/99 105/114/99 114/127/99
f 115/121/101 114/127/101 123/131/101
f 118/129/176 127/141/176 128/135/176
f 116/122/177 115/121/177 124/132/177
f 113/124/105 112/123/105 121/134/105
f 119/120/106 128/135/106 129/138/106
f 116/122/232 125/136/232 126/139/232
f 114/127/108 113/124/108 122/137/108
f 117/126/110 126/139/110 127/141/110
f 126/139/111 135/151/111 136/142/111
f 124/132/112 123/131/112 132/143/112
f 127/141/114 136/142/114 137/147/114
f 125/136/115 124/132/115 133/144/115
f 122/137/116 121/134/116 130/146/116
f 128/135/117 137/147/117 138/150/117
f 125/136/118 134/148/118 135/151/118
f 123/131/119 122/137/119 131/149/119
f 132/143/121 131/149/121 140/153/121
f 135/151/123 144/162/123 145/157/123
f 133/144/124 132/143/124 141/154/124
f 136/142/126 145/157/126 146/161/126
f 134/148/127 133/144/127 142/158/127
f 131/149/128 130/146/128 139/160/128
f 137/147/129 146/161/129 147/156/129
f 134/148/130 143/20/130 144/162/130
f 147/163/131 146/180/131 155/164/131
f 144/166/132 143/3/132 152/167/132
f 140/169/133 149/181/133 150/170/133
f 145/173/135 144/166/135 153/168/135
f 141/171/136 150/170/136 151/175/136
f 146/180/138 145/173/138 154/174/138
f 142/176/211 151/175/211 152/167/211
f 139/177/140 148/179/140 149/181/140
f 151/175/141 160/190/141 161/182/141
f 148/179/142 157/192/142 158/183/142
f 156/165/143 155/164/143 164/184/143
f 153/168/144 152/167/144 161/182/144
f 149/181/145 158/183/145 159/187/145
f 154/174/147 153/168/147 162/186/147
f 150/170/148 159/187/148 160/190/148
f 155/164/150 154/174/150 163/189/150
f 164/184/152 163/189/152 172/195/152
f 160/190/233 169/203/233 170/197/233
f 157/192/154 166/194/154 167/198/154
f 165/185/155 164/184/155 173/196/155
f 162/186/156 161/182/156 170/197/156
f 158/183/157 167/198/157 168/201/157
f 163/189/159 162/186/159 171/200/159
f 159/187/160 168/201/160 169/203/160
f 168/201/161 34/33/161 177/38/161
f 173/196/163 172/195/163 37/37/163
f 169/203/164 177/38/164 35/5/164
f 166/194/165 175/40/165 176/25/165
f 174/199/166 173/196/166 178/28/166
f 171/200/167 170/197/167 35/5/167
f 167/198/168 176/25/168 34/33/168
f 172/195/170 171/200/170 36/32/170
f 181/5/20 323/38/20 189/39/20
f 322/25/11 321/40/11 186/26/11
f 324/28/12 193/42/12 194/29/12
f 181/5/13 190/43/13 191/31/13
f 180/33/14 322/25/14 187/27/14
f 182/32/16 191/31/16 192/36/16
f 323/38/17 180/33/17 188/34/17
f 183/37/183 192/36/183 193/42/183
f 187/27/21 186/26/21 195/44/21
f 193/42/22 202/53/22 203/46/22
f 190/43/23 199/7/23 200/47/23
f 188/34/24 187/27/24 196/45/24
f 191/31/26 200/47/26 201/50/26
f 189/39/27 188/34/27 197/48/27
f 192/36/171 201/50/171 202/53/171
f 190/43/223 189/39/223 198/51/223
f 201/50/40 210/62/40 211/64/40
f 199/7/31 198/51/31 207/54/31
f 196/45/32 195/44/32 204/56/32
f 202/53/33 211/64/33 212/58/33
f 199/7/34 208/55/34 209/59/34
f 197/48/35 196/45/35 205/57/35
f 200/47/37 209/59/37 210/62/37
f 198/51/38 197/48/38 206/60/38
f 207/54/50 206/60/50 215/73/50
f 210/62/42 219/75/42 220/67/42
f 208/55/208 207/54/208 216/68/208
f 205/57/44 204/56/44 213/66/44
f 211/64/45 220/67/45 221/71/45
f 208/55/195 217/69/195 218/72/195
f 206/60/47 205/57/47 214/70/47
f 209/59/49 218/72/49 219/75/49
f 219/75/51 218/72/51 227/76/51
f 215/73/52 224/85/52 225/78/52
f 220/67/54 219/75/54 228/77/54
f 216/68/209 225/78/209 226/82/209
f 213/66/56 222/80/56 223/83/56
f 221/71/57 220/67/57 229/81/57
f 218/72/172 217/69/172 226/82/172
f 214/70/59 223/83/59 224/85/59
f 223/83/61 232/97/61 233/87/61
f 228/77/63 227/76/63 236/90/63
f 224/85/64 233/87/64 234/92/64
f 229/81/66 228/77/66 237/91/66
f 225/78/67 234/92/67 235/96/67
f 222/80/68 231/94/68 232/97/68
f 230/84/69 229/81/69 238/95/69
f 227/76/70 226/82/70 235/96/70
f 239/89/80 238/95/80 247/107/80
f 236/90/71 235/96/71 244/98/71
f 232/97/173 241/108/173 242/100/173
f 237/91/74 236/90/74 245/99/74
f 233/87/75 242/100/75 243/104/75
f 238/95/77 237/91/77 246/103/77
f 234/92/225 243/104/225 244/98/225
f 231/94/79 240/106/79 241/108/79
f 243/104/90 252/117/90 253/112/90
f 240/106/81 249/119/81 250/109/81
f 248/102/82 247/107/82 256/110/82
f 245/99/83 244/98/83 253/112/83
f 241/108/84 250/109/84 251/114/84
f 246/103/86 245/99/86 254/113/86
f 242/100/87 251/114/87 252/117/87
f 247/107/89 246/103/89 255/116/89
f 255/116/181 264/129/181 265/120/181
f 253/112/92 252/117/92 261/121/92
f 250/109/93 249/119/93 258/123/93
f 256/110/94 265/120/94 266/125/94
f 253/112/95 262/122/95 263/126/95
f 251/114/96 250/109/96 259/124/96
f 254/113/98 263/126/98 264/129/98
f 252/117/99 251/114/99 260/127/99
f 261/121/101 260/127/101 269/131/101
f 264/129/176 273/141/176 274/135/176
f 262/122/177 261/121/177 270/132/177
f 259/124/105 258/123/105 267/134/105
f 265/120/106 274/135/106 275/138/106
f 262/122/107 271/136/107 272/139/107
f 260/127/108 259/124/108 268/137/108
f 263/126/110 272/139/110 273/141/110
f 272/139/111 281/151/111 282/142/111
f 270/132/112 269/131/112 278/143/112
f 273/141/114 282/142/114 283/147/114
f 271/136/115 270/132/115 279/144/115
f 268/137/116 267/134/116 276/146/116
f 274/135/117 283/147/117 284/150/117
f 271/136/118 280/148/118 281/151/118
f 269/131/119 268/137/119 277/149/119
f 280/148/130 289/20/130 290/162/130
f 278/143/121 277/149/121 286/153/121
f 281/151/123 290/162/123 291/157/123
f 279/144/124 278/143/124 287/154/124
f 282/142/126 291/157/126 292/161/126
f 280/148/127 279/144/127 288/158/127
f 277/149/128 276/146/128 285/160/128
f 283/147/129 292/161/129 293/156/129
f 285/177/140 294/179/140 295/181/140
f 293/163/131 292/180/131 301/164/131
f 290/166/132 289/3/132 298/167/132
f 286/169/133 295/181/133 296/170/133
f 291/173/135 290/166/135 299/168/135
f 287/171/136 296/170/136 297/175/136
f 292/180/138 291/173/138 300/174/138
f 288/176/211 297/175/211 298/167/211
f 297/175/141 306/190/141 307/182/141
f 294/179/142 303/192/142 304/183/142
f 302/165/143 301/164/143 310/184/143
f 299/168/144 298/167/144 307/182/144
f 295/181/145 304/183/145 305/187/145
f 300/174/147 299/168/147 308/186/147
f 296/170/148 305/187/148 306/190/148
f 301/164/150 300/174/150 309/189/150
f 310/184/152 309/189/152 318/195/152
f 306/190/233 315/203/233 316/197/233
f 303/192/154 312/194/154 313/198/154
f 311/185/155 310/184/155 319/196/155
f 308/186/227 307/182/227 316/197/227
f 304/183/180 313/198/180 314/201/180
f 309/189/159 308/186/159 317/200/159
f 305/187/160 314/201/160 315/203/160
f 318/195/170 317/200/170 182/32/170
f 314/201/161 180/33/161 323/38/161
f 319/196/163 318/195/163 183/37/163
f 315/203/164 323/38/164 181/5/164
f 312/194/165 321/40/165 322/25/165
f 320/199/166 319/196/166 324/28/166
f 317/200/167 316/197/167 181/5/167
f 313/198/168 322/25/168 180/33/168
f 468/25/11 467/40/11 332/26/11
f 470/28/12 339/42/12 340/29/12
f 327/5/13 336/43/13 337/31/13
f 326/33/14 468/25/14 333/27/14
f 328/32/16 337/31/16 338/36/16
f 469/38/17 326/33/17 334/34/17
f 329/37/183 338/36/183 339/42/183
f 327/5/20 469/38/20 335/39/20
f 333/27/21 332/26/21 341/44/21
f 339/42/22 348/53/22 349/46/22
f 336/43/23 345/7/23 346/47/23
f 334/34/24 333/27/24 342/45/24
f 337/31/26 346/47/26 347/50/26
f 335/39/27 334/34/27 343/48/27
f 338/36/171 347/50/171 348/53/171
f 336/43/223 335/39/223 344/51/223
f 345/7/31 344/51/31 353/54/31
f 342/45/32 341/44/32 350/56/32
f 348/53/33 357/64/33 358/58/33
f 345/7/34 354/55/34 355/59/34
f 343/48/35 342/45/35 351/57/35
f 346/47/37 355/59/37 356/62/37
f 344/51/38 343/48/38 352/60/38
f 347/50/40 356/62/40 357/64/40
f 356/62/42 365/75/42 366/67/42
f 354/55/208 353/54/208 362/68/208
f 351/57/44 350/56/44 359/66/44
f 357/64/45 366/67/45 367/71/45
f 354/55/195 363/69/195 364/72/195
f 352/60/47 351/57/47 360/70/47
f 355/59/49 364/72/49 365/75/49
f 353/54/50 352/60/50 361/73/50
f 365/75/51 364/72/51 373/76/51
f 361/73/52 370/85/52 371/78/52
f 366/67/54 365/75/54 374/77/54
f 362/68/209 371/78/209 372/82/209
f 359/66/56 368/80/56 369/83/56
f 367/71/57 366/67/57 375/81/57
f 364/72/172 363/69/172 372/82/172
f 360/70/59 369/83/59 370/85/59
f 369/83/61 378/97/61 379/87/61
f 374/77/63 373/76/63 382/90/63
f 370/85/64 379/87/64 380/92/64
f 375/81/66 374/77/66 383/91/66
f 371/78/67 380/92/67 381/96/67
f 368/80/68 377/94/68 378/97/68
f 376/84/69 375/81/69 384/95/69
f 373/76/70 372/82/70 381/96/70
f 382/90/71 381/96/71 390/98/71
f 378/97/72 387/108/72 388/100/72
f 383/91/74 382/90/74 391/99/74
f 379/87/75 388/100/75 389/104/75
f 384/95/77 383/91/77 392/103/77
f 380/92/78 389/104/78 390/98/78
f 377/94/79 386/106/79 387/108/79
f 385/89/80 384/95/80 393/107/80
f 386/106/81 395/119/81 396/109/81
f 394/102/82 393/107/82 402/110/82
f 391/99/83 390/98/83 399/112/83
f 387/108/84 396/109/84 397/114/84
f 392/103/86 391/99/86 400/113/86
f 388/100/87 397/114/87 398/117/87
f 393/107/175 392/103/175 401/116/175
f 389/104/90 398/117/90 399/112/90
f 401/116/91 410/129/91 411/120/91
f 399/112/92 398/117/92 407/121/92
f 396/109/93 395/119/93 404/123/93
f 402/110/94 411/120/94 412/125/94
f 399/112/95 408/122/95 409/126/95
f 397/114/96 396/109/96 405/124/96
f 400/113/98 409/126/98 410/129/98
f 398/117/99 397/114/99 406/127/99
f 407/121/101 406/127/101 415/131/101
f 410/129/176 419/141/176 420/135/176
f 408/122/177 407/121/177 416/132/177
f 405/124/105 404/123/105 413/134/105
f 411/120/106 420/135/106 421/138/106
f 408/122/107 417/136/107 418/139/107
f 406/127/108 405/124/108 414/137/108
f 409/126/110 418/139/110 419/141/110
f 418/139/111 427/151/111 428/142/111
f 416/132/112 415/131/112 424/143/112
f 419/141/114 428/142/114 429/147/114
f 417/136/115 416/132/115 425/144/115
f 414/137/116 413/134/116 422/146/116
f 420/135/117 429/147/117 430/150/117
f 417/136/118 426/148/118 427/151/118
f 415/131/119 414/137/119 423/149/119
f 424/143/121 423/149/121 432/153/121
f 427/151/123 436/162/123 437/157/123
f 425/144/124 424/143/124 433/154/124
f 428/142/126 437/157/126 438/161/126
f 426/148/127 425/144/127 434/158/127
f 423/149/128 422/146/128 431/160/128
f 429/147/129 438/161/129 439/156/129
f 426/148/130 435/20/130 436/162/130
f 439/163/131 438/180/131 447/164/131
f 436/166/132 435/3/132 444/167/132
f 432/169/133 441/181/133 442/170/133
f 437/173/135 436/166/135 445/168/135
f 433/171/136 442/170/136 443/175/136
f 438/180/138 437/173/138 446/174/138
f 434/176/211 443/175/211 444/167/211
f 431/177/140 440/179/140 441/181/140
f 443/175/141 452/190/141 453/182/141
f 440/179/142 449/192/142 450/183/142
f 448/165/143 447/164/143 456/184/143
f 445/168/144 444/167/144 453/182/144
f 441/181/145 450/183/145 451/187/145
f 446/174/147 445/168/147 454/186/147
f 442/170/148 451/187/148 452/190/148
f 447/164/150 446/174/150 455/189/150
f 456/184/152 455/189/152 464/195/152
f 452/190/233 461/203/233 462/197/233
f 449/192/154 458/194/154 459/198/154
f 457/185/155 456/184/155 465/196/155
f 454/186/227 453/182/227 462/197/227
f 450/183/157 459/198/157 460/201/157
f 455/189/159 454/186/159 463/200/159
f 451/187/160 460/201/160 461/203/160
f 460/201/161 326/33/161 469/38/161
f 465/196/163 464/195/163 329/37/163
f 461/203/164 469/38/164 327/5/164
f 458/194/165 467/40/165 468/25/165
f 466/199/166 465/196/166 470/28/166
f 463/200/167 462/197/167 327/5/167
f 459/198/168 468/25/168 326/33/168
f 464/195/170 463/200/170 328/32/170
f 473/5/20 615/38/20 481/39/20
f 614/25/11 613/40/11 478/26/11
f 616/28/12 485/42/12 486/29/12
f 473/5/13 482/43/13 483/31/13
f 472/33/14 614/25/14 479/27/14
f 474/32/16 483/31/16 484/36/16
f 615/38/17 472/33/17 480/34/17
f 475/37/183 484/36/183 485/42/183
f 479/27/21 478/26/21 487/44/21
f 485/42/22 494/53/22 495/46/22
f 482/43/23 491/7/23 492/47/23
f 480/34/24 479/27/24 488/45/24
f 483/31/26 492/47/26 493/50/26
f 481/39/27 480/34/27 489/48/27
f 484/36/171 493/50/171 494/53/171
f 482/43/223 481/39/223 490/51/223
f 493/50/40 502/62/40 503/64/40
f 491/7/31 490/51/31 499/54/31
f 488/45/32 487/44/32 496/56/32
f 494/53/33 503/64/33 504/58/33
f 491/7/34 500/55/34 501/59/34
f 489/48/35 488/45/35 497/57/35
f 492/47/37 501/59/37 502/62/37
f 490/51/38 489/48/38 498/60/38
f 499/54/50 498/60/50 507/73/50
f 502/62/42 511/75/42 512/67/42
f 500/55/43 499/54/43 508/68/43
f 497/57/44 496/56/44 505/66/44
f 503/64/45 512/67/45 513/71/45
f 500/55/195 509/69/195 510/72/195
f 498/60/47 497/57/47 506/70/47
f 501/59/49 510/72/49 511/75/49
f 511/75/51 510/72/51 519/76/51
f 507/73/52 516/85/52 517/78/52
f 512/67/54 511/75/54 520/77/54
f 508/68/209 517/78/209 518/82/209
f 505/66/56 514/80/56 515/83/56
f 513/71/57 512/67/57 521/81/57
f 510/72/172 509/69/172 518/82/172
f 506/70/59 515/83/59 516/85/59
f 515/83/61 524/97/61 525/87/61
f 520/77/63 519/76/63 528/90/63
f 516/85/64 525/87/64 526/92/64
f 521/81/66 520/77/66 529/91/66
f 517/78/67 526/92/67 527/96/67
f 514/80/68 523/94/68 524/97/68
f 522/84/69 521/81/69 530/95/69
f 519/76/70 518/82/70 527/96/70
f 531/89/80 530/95/80 539/107/80
f 528/90/71 527/96/71 536/98/71
f 524/97/72 533/108/72 534/100/72
f 529/91/74 528/90/74 537/99/74
f 525/87/75 534/100/75 535/104/75
f 530/95/174 529/91/174 538/103/174
f 526/92/225 535/104/225 536/98/225
f 523/94/79 532/106/79 533/108/79
f 535/104/90 544/117/90 545/112/90
f 532/106/81 541/119/81 542/109/81
f 540/102/82 539/107/82 548/110/82
f 537/99/83 536/98/83 545/112/83
f 533/108/84 542/109/84 543/114/84
f 538/103/86 537/99/86 546/113/86
f 534/100/87 543/114/87 544/117/87
f 539/107/89 538/103/89 547/116/89
f 547/116/181 556/129/181 557/120/181
f 545/112/92 544/117/92 553/121/92
f 542/109/93 541/119/93 550/123/93
f 548/110/94 557/120/94 558/125/94
f 545/112/95 554/122/95 555/126/95
f 543/114/96 542/109/96 551/124/96
f 546/113/98 555/126/98 556/129/98
f 544/117/99 543/114/99 552/127/99
f 553/121/101 552/127/101 561/131/101
f 556/129/103 565/141/103 566/135/103
f 554/122/177 553/121/177 562/132/177
f 551/124/105 550/123/105 559/134/105
f 557/120/106 566/135/106 567/138/106
f 554/122/107 563/136/107 564/139/107
f 552/127/108 551/124/108 560/137/108
f 555/126/110 564/139/110 565/141/110
f 564/139/111 573/151/111 574/142/111
f 562/132/112 561/131/112 570/143/112
f 565/141/114 574/142/114 575/147/114
f 563/136/115 562/132/115 571/144/115
f 560/137/116 559/134/116 568/146/116
f 566/135/117 575/147/117 576/150/117
f 563/136/118 572/148/118 573/151/118
f 561/131/119 560/137/119 569/149/119
f 572/148/130 581/20/130 582/162/130
f 570/143/121 569/149/121 578/153/121
f 573/151/123 582/162/123 583/157/123
f 571/144/124 570/143/124 579/154/124
f 574/142/126 583/157/126 584/161/126
f 572/148/127 571/144/127 580/158/127
f 569/149/128 568/146/128 577/160/128
f 575/147/129 584/161/129 585/156/129
f 577/177/140 586/179/140 587/181/140
f 585/163/131 584/180/131 593/164/131
f 582/166/132 581/3/132 590/167/132
f 578/169/133 587/181/133 588/170/133
f 583/173/135 582/166/135 591/168/135
f 579/171/136 588/170/136 589/175/136
f 584/180/138 583/173/138 592/174/138
f 580/176/211 589/175/211 590/167/211
f 589/175/141 598/190/141 599/182/141
f 586/179/142 595/192/142 596/183/142
f 594/165/143 593/164/143 602/184/143
f 591/168/144 590/167/144 599/182/144
f 587/181/145 596/183/145 597/187/145
f 592/174/147 591/168/147 600/186/147
f 588/170/148 597/187/148 598/190/148
f 593/164/150 592/174/150 601/189/150
f 602/184/152 601/189/152 610/195/152
f 598/190/233 607/203/233 608/197/233
f 595/192/154 604/194/154 605/198/154
f 603/185/155 602/184/155 611/196/155
f 600/186/156 599/182/156 608/197/156
f 596/183/157 605/198/157 606/201/157
f 601/189/159 600/186/159 609/200/159
f 597/187/160 606/201/160 607/203/160
f 610/195/170 609/200/170 474/32/170
f 606/201/161 472/33/161 615/38/161
f 611/196/163 610/195/163 475/37/163
f 607/203/164 615/38/164 473/5/164
f 604/194/165 613/40/165 614/25/165
f 612/199/166 611/196/166 616/28/166
f 609/200/167 608/197/167 473/5/167
f 605/198/168 614/25/168 472/33/168
f 619/5/20 761/38/20 627/39/20
f 760/25/11 759/40/11 624/26/11
f 762/28/12 631/42/12 632/29/12
f 619/5/13 628/43/13 629/31/13
f 618/33/14 760/25/14 625/27/14
f 620/32/16 629/31/16 630/36/16
f 761/38/17 618/33/17 626/34/17
f 621/37/19 630/36/19 631/42/19
f 628/43/223 627/39/223 636/51/223
f 625/27/21 624/26/21 633/44/21
f 631/42/22 640/53/22 641/46/22
f 628/43/23 637/7/23 638/47/23
f 626/34/24 625/27/24 634/45/24
f 629/31/26 638/47/26 639/50/26
f 627/39/27 626/34/27 635/48/27
f 630/36/171 639/50/171 640/53/171
f 639/50/40 648/62/40 649/64/40
f 637/7/31 636/51/31 645/54/31
f 634/45/32 633/44/32 642/56/32
f 640/53/33 649/64/33 650/58/33
f 637/7/34 646/55/34 647/59/34
f 635/48/35 634/45/35 643/57/35
f 638/47/37 647/59/37 648/62/37
f 636/51/38 635/48/38 644/60/38
f 645/54/50 644/60/50 653/73/50
f 648/62/42 657/75/42 658/67/42
f 646/55/43 645/54/43 654/68/43
f 643/57/44 642/56/44 651/66/44
f 649/64/45 658/67/45 659/71/45
f 646/55/195 655/69/195 656/72/195
f 644/60/47 643/57/47 652/70/47
f 647/59/49 656/72/49 657/75/49
f 657/75/51 656/72/51 665/76/51
f 653/73/52 662/85/52 663/78/52
f 658/67/54 657/75/54 666/77/54
f 654/68/209 663/78/209 664/82/209
f 651/66/56 660/80/56 661/83/56
f 659/71/57 658/67/57 667/81/57
f 656/72/172 655/69/172 664/82/172
f 652/70/59 661/83/59 662/85/59
f 665/76/70 664/82/70 673/96/70
f 661/83/61 670/97/61 671/87/61
f 666/77/63 665/76/63 674/90/63
f 662/85/64 671/87/64 672/92/64
f 667/81/66 666/77/66 675/91/66
f 663/78/67 672/92/67 673/96/67
f 660/80/68 669/94/68 670/97/68
f 668/84/69 667/81/69 676/95/69
f 669/94/79 678/106/79 679/108/79
f 677/89/80 676/95/80 685/107/80
f 674/90/71 673/96/71 682/98/71
f 670/97/72 679/108/72 680/100/72
f 675/91/74 674/90/74 683/99/74
f 671/87/75 680/100/75 681/104/75
f 676/95/77 675/91/77 684/103/77
f 672/92/78 681/104/78 682/98/78
f 681/104/90 690/117/90 691/112/90
f 678/106/81 687/119/81 688/109/81
f 686/102/82 685/107/82 694/110/82
f 683/99/83 682/98/83 691/112/83
f 679/108/84 688/109/84 689/114/84
f 684/103/86 683/99/86 692/113/86
f 680/100/87 689/114/87 690/117/87
f 685/107/89 684/103/89 693/116/89
f 693/116/91 702/129/91 703/120/91
f 691/112/92 690/117/92 699/121/92
f 688/109/93 687/119/93 696/123/93
f 694/110/94 703/120/94 704/125/94
f 691/112/95 700/122/95 701/126/95
f 689/114/96 688/109/96 697/124/96
f 692/113/98 701/126/98 702/129/98
f 690/117/99 689/114/99 698/127/99
f 701/126/110 710/139/110 711/141/110
f 699/121/101 698/127/101 707/131/101
f 702/129/103 711/141/103 712/135/103
f 700/122/201 699/121/201 708/132/201
f 697/124/105 696/123/105 705/134/105
f 703/120/106 712/135/106 713/138/106
f 700/122/107 709/136/107 710/139/107
f 698/127/108 697/124/108 706/137/108
f 707/131/119 706/137/119 715/149/119
f 710/139/111 719/151/111 720/142/111
f 708/132/112 707/131/112 716/143/112
f 711/141/114 720/142/114 721/147/114
f 709/136/115 708/132/115 717/144/115
f 706/137/116 705/134/116 714/146/116
f 712/135/117 721/147/117 722/150/117
f 709/136/118 718/148/118 719/151/118
f 718/148/130 727/20/130 728/162/130
f 716/143/121 715/149/121 724/153/121
f 719/151/123 728/162/123 729/157/123
f 717/144/124 716/143/124 725/154/124
f 720/142/126 729/157/126 730/161/126
f 718/148/127 717/144/127 726/158/127
f 715/149/128 714/146/128 723/160/128
f 721/147/129 730/161/129 731/156/129
f 723/177/140 732/179/140 733/181/140
f 731/163/131 730/180/131 739/164/131
f 728/166/132 727/3/132 736/167/132
f 724/169/133 733/181/133 734/170/133
f 729/173/135 728/166/135 737/168/135
f 725/171/136 734/170/136 735/175/136
f 730/180/138 729/173/138 738/174/138
f 726/176/211 735/175/211 736/167/211
f 739/164/150 738/174/150 747/189/150
f 735/175/141 744/190/141 745/182/141
f 732/179/142 741/192/142 742/183/142
f 740/165/143 739/164/143 748/184/143
f 737/168/144 736/167/144 745/182/144
f 733/181/145 742/183/145 743/187/145
f 738/174/147 737/168/147 746/186/147
f 734/170/148 743/187/148 744/190/148
f 743/187/160 752/201/160 753/203/160
f 748/184/152 747/189/152 756/195/152
f 744/190/233 753/203/233 754/197/233
f 741/192/154 750/194/154 751/198/154
f 749/185/155 748/184/155 757/196/155
f 746/186/156 745/182/156 754/197/156
f 742/183/180 751/198/180 752/201/180
f 747/189/159 746/186/159 755/200/159
f 756/195/170 755/200/170 620/32/170
f 752/201/161 618/33/161 761/38/161
f 757/196/163 756/195/163 621/37/163
f 753/203/164 761/38/164 619/5/164
f 750/194/165 759/40/165 760/25/165
f 758/199/166 757/196/166 762/28/166
f 755/200/167 754/197/167 619/5/167
f 751/198/168 760/25/168 618/33/168
f 767/37/19 776/36/19 777/42/19
f 765/5/20 907/38/20 773/39/20
f 906/25/11 905/40/11 770/26/11
f 908/28/12 777/42/12 778/29/12
f 765/5/13 774/43/13 775/31/13
f 764/33/14 906/25/14 771/27/14
f 766/32/16 775/31/16 776/36/16
f 907/38/17 764/33/17 772/34/17
f 774/43/223 773/39/223 782/51/223
f 771/27/21 770/26/21 779/44/21
f 777/42/22 786/53/22 787/46/22
f 774/43/23 783/7/23 784/47/23
f 772/34/24 771/27/24 780/45/24
f 775/31/26 784/47/26 785/50/26
f 773/39/27 772/34/27 781/48/27
f 776/36/171 785/50/171 786/53/171
f 785/50/40 794/62/40 795/64/40
f 783/7/31 782/51/31 791/54/31
f 780/45/32 779/44/32 788/56/32
f 786/53/33 795/64/33 796/58/33
f 783/7/34 792/55/34 793/59/34
f 781/48/35 780/45/35 789/57/35
f 784/47/37 793/59/37 794/62/37
f 782/51/38 781/48/38 790/60/38
f 793/59/49 802/72/49 803/75/49
f 791/54/219 790/60/219 799/73/219
f 794/62/42 803/75/42 804/67/42
f 792/55/208 791/54/208 800/68/208
f 789/57/44 788/56/44 797/66/44
f 795/64/45 804/67/45 805/71/45
f 792/55/195 801/69/195 802/72/195
f 790/60/47 789/57/47 798/70/47
f 798/70/59 807/83/59 808/85/59
f 803/75/51 802/72/51 811/76/51
f 799/73/220 808/85/220 809/78/220
f 804/67/54 803/75/54 812/77/54
f 800/68/209 809/78/209 810/82/209
f 797/66/56 806/80/56 807/83/56
f 805/71/57 804/67/57 813/81/57
f 802/72/172 801/69/172 810/82/172
f 811/76/70 810/82/70 819/96/70
f 807/83/61 816/97/61 817/87/61
f 812/77/63 811/76/63 820/90/63
f 808/85/64 817/87/64 818/92/64
f 813/81/66 812/77/66 821/91/66
f 809/78/67 818/92/67 819/96/67
f 806/80/68 815/94/68 816/97/68
f 814/84/69 813/81/69 822/95/69
f 815/94/79 824/106/79 825/108/79
f 823/89/80 822/95/80 831/107/80
f 820/90/71 819/96/71 828/98/71
f 816/97/173 825/108/173 826/100/173
f 821/91/74 820/90/74 829/99/74
f 817/87/75 826/100/75 827/104/75
f 822/95/174 821/91/174 830/103/174
f 818/92/225 827/104/225 828/98/225
f 831/107/89 830/103/89 839/116/89
f 827/104/90 836/117/90 837/112/90
f 824/106/81 833/119/81 834/109/81
f 832/102/82 831/107/82 840/110/82
f 829/99/83 828/98/83 837/112/83
f 825/108/84 834/109/84 835/114/84
f 830/103/86 829/99/86 838/113/86
f 826/100/87 835/114/87 836/117/87
f 836/117/99 835/114/99 844/127/99
f 839/116/181 848/129/181 849/120/181
f 837/112/92 836/117/92 845/121/92
f 834/109/93 833/119/93 842/123/93
f 840/110/94 849/120/94 850/125/94
f 837/112/95 846/122/95 847/126/95
f 835/114/96 834/109/96 843/124/96
f 838/113/98 847/126/98 848/129/98
f 847/126/110 856/139/110 857/141/110
f 845/121/101 844/127/101 853/131/101
f 848/129/103 857/141/103 858/135/103
f 846/122/177 845/121/177 854/132/177
f 843/124/105 842/123/105 851/134/105
f 849/120/106 858/135/106 859/138/106
f 846/122/107 855/136/107 856/139/107
f 844/127/108 843/124/108 852/137/108
f 853/131/119 852/137/119 861/149/119
f 856/139/111 865/151/111 866/142/111
f 854/132/112 853/131/112 862/143/112
f 857/141/114 866/142/114 867/147/114
f 855/136/115 854/132/115 863/144/115
f 852/137/116 851/134/116 860/146/116
f 858/135/117 867/147/117 868/150/117
f 855/136/118 864/148/118 865/151/118
f 867/147/129 876/161/129 877/156/129
f 864/148/130 873/20/130 874/162/130
f 862/143/121 861/149/121 870/153/121
f 865/151/123 874/162/123 875/157/123
f 863/144/124 862/143/124 871/154/124
f 866/142/126 875/157/126 876/161/126
f 864/148/127 863/144/127 872/158/127
f 861/149/128 860/146/128 869/160/128
f 872/176/211 881/175/211 882/167/211
f 869/177/140 878/179/140 879/181/140
f 877/163/131 876/180/131 885/164/131
f 874/166/132 873/3/132 882/167/132
f 870/169/133 879/181/133 880/170/133
f 875/173/135 874/166/135 883/168/135
f 871/171/136 880/170/136 881/175/136
f 876/180/138 875/173/138 884/174/138
f 885/164/150 884/174/150 893/189/150
f 881/175/141 890/190/141 891/182/141
f 878/179/142 887/192/142 888/183/142
f 886/165/143 885/164/143 894/184/143
f 883/168/144 882/167/144 891/182/144
f 879/181/145 888/183/145 889/187/145
f 884/174/147 883/168/147 892/186/147
f 880/170/148 889/187/148 890/190/148
f 889/187/160 898/201/160 899/203/160
f 894/184/152 893/189/152 902/195/152
f 890/190/233 899/203/233 900/197/233
f 887/192/154 896/194/154 897/198/154
f 895/185/155 894/184/155 903/196/155
f 892/186/156 891/182/156 900/197/156
f 888/183/180 897/198/180 898/201/180
f 893/189/159 892/186/159 901/200/159
f 902/195/170 901/200/170 766/32/170
f 898/201/161 764/33/161 907/38/161
f 903/196/163 902/195/163 767/37/163
f 899/203/164 907/38/164 765/5/164
f 896/194/165 905/40/165 906/25/165
f 904/199/166 903/196/166 908/28/166
f 901/200/167 900/197/167 765/5/167
f 897/198/168 906/25/168 764/33/168
f 913/37/183 922/36/183 923/42/183
f 911/5/20 1053/38/20 919/39/20
f 1052/25/11 1051/40/11 916/26/11
f 1054/28/12 923/42/12 924/29/12
f 911/5/13 920/43/13 921/31/13
f 910/33/14 1052/25/14 917/27/14
f 912/32/16 921/31/16 922/36/16
f 1053/38/17 910/33/17 918/34/17
f 922/36/171 931/50/171 932/53/171
f 920/43/223 919/39/223 928/51/223
f 917/27/21 916/26/21 925/44/21
f 923/42/22 932/53/22 933/46/22
f 920/43/23 929/7/23 930/47/23
f 918/34/224 917/27/224 926/45/224
f 921/31/26 930/47/26 931/50/26
f 919/39/27 918/34/27 927/48/27
f 928/51/38 927/48/38 936/60/38
f 931/50/40 940/62/40 941/64/40
f 929/7/31 928/51/31 937/54/31
f 926/45/32 925/44/32 934/56/32
f 932/53/33 941/64/33 942/58/33
f 929/7/34 938/55/34 939/59/34
f 927/48/35 926/45/35 935/57/35
f 930/47/37 939/59/37 940/62/37
f 939/59/49 948/72/49 949/75/49
f 937/54/50 936/60/50 945/73/50
f 940/62/42 949/75/42 950/67/42
f 938/55/208 937/54/208 946/68/208
f 935/57/194 934/56/194 943/66/194
f 941/64/45 950/67/45 951/71/45
f 938/55/195 947/69/195 948/72/195
f 936/60/47 935/57/47 944/70/47
f 944/70/59 953/83/59 954/85/59
f 949/75/51 948/72/51 957/76/51
f 945/73/52 954/85/52 955/78/52
f 950/67/54 949/75/54 958/77/54
f 946/68/209 955/78/209 956/82/209
f 943/66/56 952/80/56 953/83/56
f 951/71/57 950/67/57 959/81/57
f 948/72/172 947/69/172 956/82/172
f 960/84/69 959/81/69 968/95/69
f 957/76/70 956/82/70 965/96/70
f 953/83/61 962/97/61 963/87/61
f 958/77/63 957/76/63 966/90/63
f 954/85/64 963/87/64 964/92/64
f 959/81/66 958/77/66 967/91/66
f 955/78/67 964/92/67 965/96/67
f 952/80/68 961/94/68 962/97/68
f 964/92/78 973/104/78 974/98/78
f 961/94/79 970/106/79 971/108/79
f 969/89/80 968/95/80 977/107/80
f 966/90/71 965/96/71 974/98/71
f 962/97/72 971/108/72 972/100/72
f 967/91/74 966/90/74 975/99/74
f 963/87/75 972/100/75 973/104/75
f 968/95/77 967/91/77 976/103/77
f 977/107/175 976/103/175 985/116/175
f 973/104/90 982/117/90 983/112/90
f 970/106/81 979/119/81 980/109/81
f 978/102/82 977/107/82 986/110/82
f 975/99/83 974/98/83 983/112/83
f 971/108/84 980/109/84 981/114/84
f 976/103/86 975/99/86 984/113/86
f 972/100/87 981/114/87 982/117/87
f 982/117/99 981/114/99 990/127/99
f 985/116/91 994/129/91 995/120/91
f 983/112/92 982/117/92 991/121/92
f 980/109/93 979/119/93 988/123/93
f 986/110/94 995/120/94 996/125/94
f 983/112/95 992/122/95 993/126/95
f 981/114/96 980/109/96 989/124/96
f 984/113/98 993/126/98 994/129/98
f 993/126/110 1002/139/110 1003/141/110
f 991/121/101 990/127/101 999/131/101
f 994/129/176 1003/141/176 1004/135/176
f 992/122/177 991/121/177 1000/132/177
f 989/124/105 988/123/105 997/134/105
f 995/120/106 1004/135/106 1005/138/106
f 992/122/107 1001/136/107 1002/139/107
f 990/127/108 989/124/108 998/137/108
f 1001/136/118 1010/148/118 1011/151/118
f 999/131/119 998/137/119 1007/149/119
f 1002/139/111 1011/151/111 1012/142/111
f 1000/132/112 999/131/112 1008/143/112
f 1003/141/114 1012/142/114 1013/147/114
f 1001/136/115 1000/132/115 1009/144/115
f 998/137/116 997/134/116 1006/146/116
f 1004/135/117 1013/147/117 1014/150/117
f 1007/149/128 1006/146/128 1015/160/128
f 1013/147/129 1022/161/129 1023/156/129
f 1010/148/130 1019/20/130 1020/162/130
f 1008/143/121 1007/149/121 1016/153/121
f 1011/151/123 1020/162/123 1021/157/123
f 1009/144/124 1008/143/124 1017/154/124
f 1012/142/126 1021/157/126 1022/161/126
f 1010/148/127 1009/144/127 1018/158/127
f 1018/176/211 1027/175/211 1028/167/211
f 1015/177/140 1024/179/140 1025/181/140
f 1023/163/131 1022/180/131 1031/164/131
f 1020/166/132 1019/3/132 1028/167/132
f 1016/169/133 1025/181/133 1026/170/133
f 1021/173/135 1020/166/135 1029/168/135
f 1017/171/136 1026/170/136 1027/175/136
f 1022/180/138 1021/173/138 1030/174/138
f 1031/164/150 1030/174/150 1039/189/150
f 1027/175/141 1036/190/141 1037/182/141
f 1024/179/142 1033/192/142 1034/183/142
f 1032/165/143 1031/164/143 1040/184/143
f 1029/168/144 1028/167/144 1037/182/144
f 1025/181/145 1034/183/145 1035/187/145
f 1030/174/147 1029/168/147 1038/186/147
f 1026/170/148 1035/187/148 1036/190/148
f 1039/189/159 1038/186/159 1047/200/159
f 1035/187/160 1044/201/160 1045/203/160
f 1040/184/152 1039/189/152 1048/195/152
f 1036/190/233 1045/203/233 1046/197/233
f 1033/192/154 1042/194/154 1043/198/154
f 1041/185/155 1040/184/155 1049/196/155
f 1038/186/156 1037/182/156 1046/197/156
f 1034/183/157 1043/198/157 1044/201/157
f 1043/198/168 1052/25/168 910/33/168
f 1048/195/170 1047/200/170 912/32/170
f 1044/201/161 910/33/161 1053/38/161
f 1049/196/200 1048/195/200 913/37/200
f 1045/203/164 1053/38/164 911/5/164
f 1042/194/165 1051/40/165 1052/25/165
f 1050/199/166 1049/196/166 1054/28/166
f 1047/200/167 1046/197/167 911/5/167
f 1059/37/183 1068/36/183 1069/42/183
f 1057/5/20 1199/38/20 1065/39/20
f 1198/25/11 1197/40/11 1062/26/11
f 1200/28/12 1069/42/12 1070/29/12
f 1057/5/13 1066/43/13 1067/31/13
f 1056/33/14 1198/25/14 1063/27/14
f 1058/32/16 1067/31/16 1068/36/16
f 1199/38/17 1056/33/17 1064/34/17
f 1068/36/171 1077/50/171 1078/53/171
f 1066/43/223 1065/39/223 1074/51/223
f 1063/27/21 1062/26/21 1071/44/21
f 1069/42/22 1078/53/22 1079/46/22
f 1066/43/185 1075/7/185 1076/47/185
f 1064/34/24 1063/27/24 1072/45/24
f 1067/31/26 1076/47/26 1077/50/26
f 1065/39/27 1064/34/27 1073/48/27
f 1074/51/38 1073/48/38 1082/60/38
f 1077/50/40 1086/62/40 1087/64/40
f 1075/7/31 1074/51/31 1083/54/31
f 1072/45/32 1071/44/32 1080/56/32
f 1078/53/33 1087/64/33 1088/58/33
f 1075/7/34 1084/55/34 1085/59/34
f 1073/48/35 1072/45/35 1081/57/35
f 1076/47/37 1085/59/37 1086/62/37
f 1085/59/49 1094/72/49 1095/75/49
f 1083/54/50 1082/60/50 1091/73/50
f 1086/62/42 1095/75/42 1096/67/42
f 1084/55/208 1083/54/208 1092/68/208
f 1081/57/194 1080/56/194 1089/66/194
f 1087/64/45 1096/67/45 1097/71/45
f 1084/55/195 1093/69/195 1094/72/195
f 1082/60/47 1081/57/47 1090/70/47
f 1094/72/172 1093/69/172 1102/82/172
f 1090/70/59 1099/83/59 1100/85/59
f 1095/75/51 1094/72/51 1103/76/51
f 1091/73/52 1100/85/52 1101/78/52
f 1096/67/54 1095/75/54 1104/77/54
f 1092/68/209 1101/78/209 1102/82/209
f 1089/66/56 1098/80/56 1099/83/56
f 1097/71/57 1096/67/57 1105/81/57
f 1098/80/68 1107/94/68 1108/97/68
f 1106/84/69 1105/81/69 1114/95/69
f 1103/76/70 1102/82/70 1111/96/70
f 1099/83/61 1108/97/61 1109/87/61
f 1104/77/63 1103/76/63 1112/90/63
f 1100/85/64 1109/87/64 1110/92/64
f 1105/81/66 1104/77/66 1113/91/66
f 1101/78/67 1110/92/67 1111/96/67
f 1110/92/225 1119/104/225 1120/98/225
f 1107/94/79 1116/106/79 1117/108/79
f 1115/89/80 1114/95/80 1123/107/80
f 1112/90/71 1111/96/71 1120/98/71
f 1108/97/173 1117/108/173 1118/100/173
f 1113/91/74 1112/90/74 1121/99/74
f 1109/87/75 1118/100/75 1119/104/75
f 1114/95/77 1113/91/77 1122/103/77
f 1123/107/89 1122/103/89 1131/116/89
f 1119/104/90 1128/117/90 1129/112/90
f 1116/106/81 1125/119/81 1126/109/81
f 1124/102/82 1123/107/82 1132/110/82
f 1121/99/83 1120/98/83 1129/112/83
f 1117/108/84 1126/109/84 1127/114/84
f 1122/103/86 1121/99/86 1130/113/86
f 1118/100/87 1127/114/87 1128/117/87
f 1130/113/98 1139/126/98 1140/129/98
f 1128/117/99 1127/114/99 1136/127/99
f 1131/116/181 1140/129/181 1141/120/181
f 1129/112/92 1128/117/92 1137/121/92
f 1126/109/93 1125/119/93 1134/123/93
f 1132/110/94 1141/120/94 1142/125/94
f 1129/112/95 1138/122/95 1139/126/95
f 1127/114/96 1126/109/96 1135/124/96
f 1136/127/108 1135/124/108 1144/137/108
f 1139/126/110 1148/139/110 1149/141/110
f 1137/121/101 1136/127/101 1145/131/101
f 1140/129/176 1149/141/176 1150/135/176
f 1138/122/177 1137/121/177 1146/132/177
f 1135/124/105 1134/123/105 1143/134/105
f 1141/120/106 1150/135/106 1151/138/106
f 1138/122/107 1147/136/107 1148/139/107
f 1147/136/118 1156/148/118 1157/151/118
f 1145/131/119 1144/137/119 1153/149/119
f 1148/139/111 1157/151/111 1158/142/111
f 1146/132/112 1145/131/112 1154/143/112
f 1149/141/114 1158/142/114 1159/147/114
f 1147/136/115 1146/132/115 1155/144/115
f 1144/137/116 1143/134/116 1152/146/116
f 1150/135/117 1159/147/117 1160/150/117
f 1153/149/128 1152/146/128 1161/160/128
f 1159/147/129 1168/161/129 1169/156/129
f 1156/148/130 1165/20/130 1166/162/130
f 1154/143/121 1153/149/121 1162/153/121
f 1157/151/123 1166/162/123 1167/157/123
f 1155/144/124 1154/143/124 1163/154/124
f 1158/142/126 1167/157/126 1168/161/126
f 1156/148/127 1155/144/127 1164/158/127
f 1168/180/138 1167/173/138 1176/174/138
f 1164/176/211 1173/175/211 1174/167/211
f 1161/177/140 1170/179/140 1171/181/140
f 1169/163/131 1168/180/131 1177/164/131
f 1166/166/132 1165/3/132 1174/167/132
f 1162/169/133 1171/181/133 1172/170/133
f 1167/173/135 1166/166/135 1175/168/135
f 1163/171/136 1172/170/136 1173/175/136
f 1172/170/148 1181/187/148 1182/190/148
f 1177/164/150 1176/174/150 1185/189/150
f 1173/175/141 1182/190/141 1183/182/141
f 1170/179/142 1179/192/142 1180/183/142
f 1178/165/143 1177/164/143 1186/184/143
f 1175/168/144 1174/167/144 1183/182/144
f 1171/181/145 1180/183/145 1181/187/145
f 1176/174/147 1175/168/147 1184/186/147
f 1185/189/159 1184/186/159 1193/200/159
f 1181/187/160 1190/201/160 1191/203/160
f 1186/184/152 1185/189/152 1194/195/152
f 1182/190/233 1191/203/233 1192/197/233
f 1179/192/154 1188/194/154 1189/198/154
f 1187/185/155 1186/184/155 1195/196/155
f 1184/186/156 1183/182/156 1192/197/156
f 1180/183/180 1189/198/180 1190/201/180
f 1189/198/168 1198/25/168 1056/33/168
f 1194/195/170 1193/200/170 1058/32/170
f 1190/201/161 1056/33/161 1199/38/161
f 1195/196/200 1194/195/200 1059/37/200
f 1191/203/164 1199/38/164 1057/5/164
f 1188/194/165 1197/40/165 1198/25/165
f 1196/199/166 1195/196/166 1200/28/166
f 1193/200/167 1192/197/167 1057/5/167
f 1344/25/11 1343/40/11 1208/26/11
f 1346/28/12 1215/42/12 1216/29/12
f 1203/5/13 1212/43/13 1213/31/13
f 1202/33/14 1344/25/14 1209/27/14
f 1204/32/16 1213/31/16 1214/36/16
f 1345/38/17 1202/33/17 1210/34/17
f 1205/37/183 1214/36/183 1215/42/183
f 1203/5/20 1345/38/20 1211/39/20
f 1209/27/21 1208/26/21 1217/44/21
f 1215/42/22 1224/53/22 1225/46/22
f 1212/43/23 1221/7/23 1222/47/23
f 1210/34/24 1209/27/24 1218/45/24
f 1213/31/26 1222/47/26 1223/50/26
f 1211/39/27 1210/34/27 1219/48/27
f 1214/36/171 1223/50/171 1224/53/171
f 1212/43/223 1211/39/223 1220/51/223
f 1221/7/31 1220/51/31 1229/54/31
f 1218/45/32 1217/44/32 1226/56/32
f 1224/53/33 1233/64/33 1234/58/33
f 1221/7/34 1230/55/34 1231/59/34
f 1219/48/35 1218/45/35 1227/57/35
f 1222/47/37 1231/59/37 1232/62/37
f 1220/51/216 1219/48/216 1228/60/216
f 1223/50/40 1232/62/40 1233/64/40
f 1232/62/42 1241/75/42 1242/67/42
f 1230/55/208 1229/54/208 1238/68/208
f 1227/57/44 1226/56/44 1235/66/44
f 1233/64/191 1242/67/191 1243/71/191
f 1230/55/195 1239/69/195 1240/72/195
f 1228/60/47 1227/57/47 1236/70/47
f 1231/59/49 1240/72/49 1241/75/49
f 1229/54/50 1228/60/50 1237/73/50
f 1241/75/51 1240/72/51 1249/76/51
f 1237/73/52 1246/85/52 1247/78/52
f 1242/67/54 1241/75/54 1250/77/54
f 1238/68/209 1247/78/209 1248/82/209
f 1235/66/202 1244/80/202 1245/83/202
f 1243/71/57 1242/67/57 1251/81/57
f 1240/72/172 1239/69/172 1248/82/172
f 1236/70/59 1245/83/59 1246/85/59
f 1245/83/61 1254/97/61 1255/87/61
f 1250/77/63 1249/76/63 1258/90/63
f 1246/85/64 1255/87/64 1256/92/64
f 1251/81/66 1250/77/66 1259/91/66
f 1247/78/67 1256/92/67 1257/96/67
f 1244/80/68 1253/94/68 1254/97/68
f 1252/84/69 1251/81/69 1260/95/69
f 1249/76/70 1248/82/70 1257/96/70
f 1258/90/71 1257/96/71 1266/98/71
f 1254/97/72 1263/108/72 1264/100/72
f 1259/91/74 1258/90/74 1267/99/74
f 1255/87/75 1264/100/75 1265/104/75
f 1260/95/77 1259/91/77 1268/103/77
f 1256/92/78 1265/104/78 1266/98/78
f 1253/94/79 1262/106/79 1263/108/79
f 1261/89/80 1260/95/80 1269/107/80
f 1262/106/81 1271/119/81 1272/109/81
f 1270/102/82 1269/107/82 1278/110/82
f 1267/99/83 1266/98/83 1275/112/83
f 1263/108/84 1272/109/84 1273/114/84
f 1268/103/86 1267/99/86 1276/113/86
f 1264/100/87 1273/114/87 1274/117/87
f 1269/107/89 1268/103/89 1277/116/89
f 1265/104/90 1274/117/90 1275/112/90
f 1277/116/91 1286/129/91 1287/120/91
f 1275/112/92 1274/117/92 1283/121/92
f 1272/109/93 1271/119/93 1280/123/93
f 1278/110/94 1287/120/94 1288/125/94
f 1275/112/95 1284/122/95 1285/126/95
f 1273/114/192 1272/109/192 1281/124/192
f 1276/113/98 1285/126/98 1286/129/98
f 1274/117/99 1273/114/99 1282/127/99
f 1283/121/101 1282/127/101 1291/131/101
f 1286/129/103 1295/141/103 1296/135/103
f 1284/122/177 1283/121/177 1292/132/177
f 1281/124/105 1280/123/105 1289/134/105
f 1287/120/106 1296/135/106 1297/138/106
f 1284/122/232 1293/136/232 1294/139/232
f 1282/127/108 1281/124/108 1290/137/108
f 1285/126/110 1294/139/110 1295/141/110
f 1294/139/111 1303/151/111 1304/142/111
f 1292/132/203 1291/131/203 1300/143/203
f 1295/141/114 1304/142/114 1305/147/114
f 1293/136/115 1292/132/115 1301/144/115
f 1290/137/116 1289/134/116 1298/146/116
f 1296/135/117 1305/147/117 1306/150/117
f 1293/136/118 1302/148/118 1303/151/118
f 1291/131/119 1290/137/119 1299/149/119
f 1300/143/121 1299/149/121 1308/153/121
f 1303/151/123 1312/162/123 1313/157/123
f 1301/144/124 1300/143/124 1309/154/124
f 1304/142/126 1313/157/126 1314/161/126
f 1302/148/127 1301/144/127 1310/158/127
f 1299/149/128 1298/146/128 1307/160/128
f 1305/147/234 1314/161/234 1315/156/234
f 1302/148/130 1311/20/130 1312/162/130
f 1315/163/131 1314/180/131 1323/164/131
f 1312/166/132 1311/3/132 1320/167/132
f 1308/169/133 1317/181/133 1318/170/133
f 1313/173/135 1312/166/135 1321/168/135
f 1309/171/136 1318/170/136 1319/175/136
f 1314/180/138 1313/173/138 1322/174/138
f 1310/176/211 1319/175/211 1320/167/211
f 1307/177/212 1316/179/212 1317/181/212
f 1319/175/141 1328/190/141 1329/182/141
f 1316/179/142 1325/192/142 1326/183/142
f 1324/165/143 1323/164/143 1332/184/143
f 1321/168/144 1320/167/144 1329/182/144
f 1317/181/145 1326/183/145 1327/187/145
f 1322/174/147 1321/168/147 1330/186/147
f 1318/170/148 1327/187/148 1328/190/148
f 1323/164/150 1322/174/150 1331/189/150
f 1332/184/226 1331/189/226 1340/195/226
f 1328/190/233 1337/203/233 1338/197/233
f 1325/192/154 1334/194/154 1335/198/154
f 1333/185/155 1332/184/155 1341/196/155
f 1330/186/227 1329/182/227 1338/197/227
f 1326/183/180 1335/198/180 1336/201/180
f 1331/189/159 1330/186/159 1339/200/159
f 1327/187/160 1336/201/160 1337/203/160
f 1336/201/161 1202/33/161 1345/38/161
f 1341/196/200 1340/195/200 1205/37/200
f 1337/203/164 1345/38/164 1203/5/164
f 1334/194/165 1343/40/165 1344/25/165
f 1342/199/166 1341/196/166 1346/28/166
f 1339/200/167 1338/197/167 1203/5/167
f 1335/198/215 1344/25/215 1202/33/215
f 1340/195/170 1339/200/170 1204/32/170
f 1349/5/20 1491/38/20 1357/39/20
f 1490/25/11 1489/40/11 1354/26/11
f 1492/28/12 1361/42/12 1362/29/12
f 1349/5/13 1358/43/13 1359/31/13
f 1348/33/14 1490/25/14 1355/27/14
f 1350/32/16 1359/31/16 1360/36/16
f 1491/38/17 1348/33/17 1356/34/17
f 1351/37/183 1360/36/183 1361/42/183
f 1355/27/21 1354/26/21 1363/44/21
f 1361/42/22 1370/53/22 1371/46/22
f 1358/43/185 1367/7/185 1368/47/185
f 1356/34/24 1355/27/24 1364/45/24
f 1359/31/26 1368/47/26 1369/50/26
f 1357/39/27 1356/34/27 1365/48/27
f 1360/36/171 1369/50/171 1370/53/171
f 1358/43/223 1357/39/223 1366/51/223
f 1369/50/40 1378/62/40 1379/64/40
f 1367/7/31 1366/51/31 1375/54/31
f 1364/45/32 1363/44/32 1372/56/32
f 1370/53/33 1379/64/33 1380/58/33
f 1367/7/34 1376/55/34 1377/59/34
f 1365/48/35 1364/45/35 1373/57/35
f 1368/47/37 1377/59/37 1378/62/37
f 1366/51/38 1365/48/38 1374/60/38
f 1375/54/50 1374/60/50 1383/73/50
f 1378/62/42 1387/75/42 1388/67/42
f 1376/55/208 1375/54/208 1384/68/208
f 1373/57/194 1372/56/194 1381/66/194
f 1379/64/45 1388/67/45 1389/71/45
f 1376/55/46 1385/69/46 1386/72/46
f 1374/60/47 1373/57/47 1382/70/47
f 1377/59/49 1386/72/49 1387/75/49
f 1387/75/51 1386/72/51 1395/76/51
f 1383/73/52 1392/85/52 1393/78/52
f 1388/67/54 1387/75/54 1396/77/54
f 1384/68/209 1393/78/209 1394/82/209
f 1381/66/56 1390/80/56 1391/83/56
f 1389/71/57 1388/67/57 1397/81/57
f 1386/72/172 1385/69/172 1394/82/172
f 1382/70/59 1391/83/59 1392/85/59
f 1391/83/61 1400/97/61 1401/87/61
f 1396/77/63 1395/76/63 1404/90/63
f 1392/85/64 1401/87/64 1402/92/64
f 1397/81/66 1396/77/66 1405/91/66
f 1393/78/67 1402/92/67 1403/96/67
f 1390/80/68 1399/94/68 1400/97/68
f 1398/84/69 1397/81/69 1406/95/69
f 1395/76/70 1394/82/70 1403/96/70
f 1407/89/80 1406/95/80 1415/107/80
f 1404/90/71 1403/96/71 1412/98/71
f 1400/97/173 1409/108/173 1410/100/173
f 1405/91/74 1404/90/74 1413/99/74
f 1401/87/75 1410/100/75 1411/104/75
f 1406/95/77 1405/91/77 1414/103/77
f 1402/92/225 1411/104/225 1412/98/225
f 1399/94/79 1408/106/79 1409/108/79
f 1411/104/90 1420/117/90 1421/112/90
f 1408/106/81 1417/119/81 1418/109/81
f 1416/102/82 1415/107/82 1424/110/82
f 1413/99/83 1412/98/83 1421/112/83
f 1409/108/84 1418/109/84 1419/114/84
f 1414/103/86 1413/99/86 1422/113/86
f 1410/100/87 1419/114/87 1420/117/87
f 1415/107/89 1414/103/89 1423/116/89
f 1423/116/181 1432/129/181 1433/120/181
f 1421/112/92 1420/117/92 1429/121/92
f 1418/109/93 1417/119/93 1426/123/93
f 1424/110/94 1433/120/94 1434/125/94
f 1421/112/95 1430/122/95 1431/126/95
f 1419/114/96 1418/109/96 1427/124/96
f 1422/113/98 1431/126/98 1432/129/98
f 1420/117/99 1419/114/99 1428/127/99
f 1429/121/101 1428/127/101 1437/131/101
f 1432/129/176 1441/141/176 1442/135/176
f 1430/122/201 1429/121/201 1438/132/201
f 1427/124/105 1426/123/105 1435/134/105
f 1433/120/106 1442/135/106 1443/138/106
f 1430/122/184 1439/136/184 1440/139/184
f 1428/127/108 1427/124/108 1436/137/108
f 1431/126/110 1440/139/110 1441/141/110
f 1440/139/111 1449/151/111 1450/142/111
f 1438/132/112 1437/131/112 1446/143/112
f 1441/141/114 1450/142/114 1451/147/114
f 1439/136/115 1438/132/115 1447/144/115
f 1436/137/116 1435/134/116 1444/146/116
f 1442/135/117 1451/147/117 1452/150/117
f 1439/136/118 1448/148/118 1449/151/118
f 1437/131/119 1436/137/119 1445/149/119
f 1448/148/218 1457/20/218 1458/162/218
f 1446/143/121 1445/149/121 1454/153/121
f 1449/151/123 1458/162/123 1459/157/123
f 1447/144/124 1446/143/124 1455/154/124
f 1450/142/126 1459/157/126 1460/161/126
f 1448/148/127 1447/144/127 1456/158/127
f 1445/149/128 1444/146/128 1453/160/128
f 1451/147/129 1460/161/129 1461/156/129
f 1453/177/140 1462/179/140 1463/181/140
f 1461/163/131 1460/180/131 1469/164/131
f 1458/166/132 1457/3/132 1466/167/132
f 1454/169/133 1463/181/133 1464/170/133
f 1459/173/135 1458/166/135 1467/168/135
f 1455/171/136 1464/170/136 1465/175/136
f 1460/180/138 1459/173/138 1468/174/138
f 1456/176/211 1465/175/211 1466/167/211
f 1465/175/141 1474/190/141 1475/182/141
f 1462/179/142 1471/192/142 1472/183/142
f 1470/165/143 1469/164/143 1478/184/143
f 1467/168/144 1466/167/144 1475/182/144
f 1463/181/145 1472/183/145 1473/187/145
f 1468/174/147 1467/168/147 1476/186/147
f 1464/170/148 1473/187/148 1474/190/148
f 1469/164/150 1468/174/150 1477/189/150
f 1478/184/152 1477/189/152 1486/195/152
f 1474/190/233 1483/203/233 1484/197/233
f 1471/192/154 1480/194/154 1481/198/154
f 1479/185/155 1478/184/155 1487/196/155
f 1476/186/156 1475/182/156 1484/197/156
f 1472/183/180 1481/198/180 1482/201/180
f 1477/189/159 1476/186/159 1485/200/159
f 1473/187/160 1482/201/160 1483/203/160
f 1486/195/170 1485/200/170 1350/32/170
f 1482/201/161 1348/33/161 1491/38/161
f 1487/196/200 1486/195/200 1351/37/200
f 1483/203/164 1491/38/164 1349/5/164
f 1480/194/165 1489/40/165 1490/25/165
f 1488/199/166 1487/196/166 1492/28/166
f 1485/200/167 1484/197/167 1349/5/167
f 1481/198/168 1490/25/168 1348/33/168
f 1495/5/20 1637/38/20 1503/39/20
f 1636/25/11 1635/40/11 1500/26/11
f 1638/28/12 1507/42/12 1508/29/12
f 1495/5/13 1504/43/13 1505/31/13
f 1494/33/14 1636/25/14 1501/27/14
f 1496/32/16 1505/31/16 1506/36/16
f 1637/38/17 1494/33/17 1502/34/17
f 1497/37/19 1506/36/19 1507/42/19
f 1504/43/30 1503/39/30 1512/51/30
f 1501/27/21 1500/26/21 1509/44/21
f 1507/42/22 1516/53/22 1517/46/22
f 1504/43/23 1513/7/23 1514/47/23
f 1502/34/224 1501/27/224 1510/45/224
f 1505/31/26 1514/47/26 1515/50/26
f 1503/39/27 1502/34/27 1511/48/27
f 1506/36/171 1515/50/171 1516/53/171
f 1515/50/40 1524/62/40 1525/64/40
f 1513/7/31 1512/51/31 1521/54/31
f 1510/45/32 1509/44/32 1518/56/32
f 1516/53/33 1525/64/33 1526/58/33
f 1513/7/34 1522/55/34 1523/59/34
f 1511/48/35 1510/45/35 1519/57/35
f 1514/47/37 1523/59/37 1524/62/37
f 1512/51/38 1511/48/38 1520/60/38
f 1521/54/50 1520/60/50 1529/73/50
f 1524/62/42 1533/75/42 1534/67/42
f 1522/55/208 1521/54/208 1530/68/208
f 1519/57/44 1518/56/44 1527/66/44
f 1525/64/191 1534/67/191 1535/71/191
f 1522/55/46 1531/69/46 1532/72/46
f 1520/60/47 1519/57/47 1528/70/47
f 1523/59/49 1532/72/49 1533/75/49
f 1533/75/51 1532/72/51 1541/76/51
f 1529/73/52 1538/85/52 1539/78/52
f 1534/67/54 1533/75/54 1542/77/54
f 1530/68/55 1539/78/55 1540/82/55
f 1527/66/56 1536/80/56 1537/83/56
f 1535/71/196 1534/67/196 1543/81/196
f 1532/72/58 1531/69/58 1540/82/58
f 1528/70/59 1537/83/59 1538/85/59
f 1541/76/70 1540/82/70 1549/96/70
f 1537/83/235 1546/97/235 1547/87/235
f 1542/77/63 1541/76/63 1550/90/63
f 1538/85/64 1547/87/64 1548/92/64
f 1543/81/66 1542/77/66 1551/91/66
f 1539/78/67 1548/92/67 1549/96/67
f 1536/80/68 1545/94/68 1546/97/68
f 1544/84/69 1543/81/69 1552/95/69
f 1545/94/79 1554/106/79 1555/108/79
f 1553/89/80 1552/95/80 1561/107/80
f 1550/90/71 1549/96/71 1558/98/71
f 1546/97/72 1555/108/72 1556/100/72
f 1551/91/74 1550/90/74 1559/99/74
f 1547/87/75 1556/100/75 1557/104/75
f 1552/95/77 1551/91/77 1560/103/77
f 1548/92/78 1557/104/78 1558/98/78
f 1557/104/90 1566/117/90 1567/112/90
f 1554/106/81 1563/119/81 1564/109/81
f 1562/102/82 1561/107/82 1570/110/82
f 1559/99/83 1558/98/83 1567/112/83
f 1555/108/84 1564/109/84 1565/114/84
f 1560/103/86 1559/99/86 1568/113/86
f 1556/100/87 1565/114/87 1566/117/87
f 1561/107/89 1560/103/89 1569/116/89
f 1569/116/91 1578/129/91 1579/120/91
f 1567/112/92 1566/117/92 1575/121/92
f 1564/109/93 1563/119/93 1572/123/93
f 1570/110/94 1579/120/94 1580/125/94
f 1567/112/95 1576/122/95 1577/126/95
f 1565/114/192 1564/109/192 1573/124/192
f 1568/113/98 1577/126/98 1578/129/98
f 1566/117/99 1565/114/99 1574/127/99
f 1577/126/110 1586/139/110 1587/141/110
f 1575/121/101 1574/127/101 1583/131/101
f 1578/129/103 1587/141/103 1588/135/103
f 1576/122/201 1575/121/201 1584/132/201
f 1573/124/105 1572/123/105 1581/134/105
f 1579/120/106 1588/135/106 1589/138/106
f 1576/122/232 1585/136/232 1586/139/232
f 1574/127/108 1573/124/108 1582/137/108
f 1583/131/119 1582/137/119 1591/149/119
f 1586/139/111 1595/151/111 1596/142/111
f 1584/132/112 1583/131/112 1592/143/112
f 1587/141/114 1596/142/114 1597/147/114
f 1585/136/115 1584/132/115 1593/144/115
f 1582/137/116 1581/134/116 1590/146/116
f 1588/135/117 1597/147/117 1598/150/117
f 1585/136/118 1594/148/118 1595/151/118
f 1594/148/130 1603/20/130 1604/162/130
f 1592/143/121 1591/149/121 1600/153/121
f 1595/151/123 1604/162/123 1605/157/123
f 1593/144/221 1592/143/221 1601/154/221
f 1596/142/126 1605/157/126 1606/161/126
f 1594/148/127 1593/144/127 1602/158/127
f 1591/149/128 1590/146/128 1599/160/128
f 1597/147/234 1606/161/234 1607/156/234
f 1599/177/212 1608/179/212 1609/181/212
f 1607/163/131 1606/180/131 1615/164/131
f 1604/166/132 1603/3/132 1612/167/132
f 1600/169/133 1609/181/133 1610/170/133
f 1605/173/135 1604/166/135 1613/168/135
f 1601/171/222 1610/170/222 1611/175/222
f 1606/180/138 1605/173/138 1614/174/138
f 1602/176/211 1611/175/211 1612/167/211
f 1615/164/150 1614/174/150 1623/189/150
f 1611/175/141 1620/190/141 1621/182/141
f 1608/179/142 1617/192/142 1618/183/142
f 1616/165/143 1615/164/143 1624/184/143
f 1613/168/144 1612/167/144 1621/182/144
f 1609/181/145 1618/183/145 1619/187/145
f 1614/174/236 1613/168/236 1622/186/236
f 1610/170/148 1619/187/148 1620/190/148
f 1619/187/160 1628/201/160 1629/203/160
f 1624/184/226 1623/189/226 1632/195/226
f 1620/190/233 1629/203/233 1630/197/233
f 1617/192/154 1626/194/154 1627/198/154
f 1625/185/155 1624/184/155 1633/196/155
f 1622/186/227 1621/182/227 1630/197/227
f 1618/183/180 1627/198/180 1628/201/180
f 1623/189/159 1622/186/159 1631/200/159
f 1632/195/170 1631/200/170 1496/32/170
f 1628/201/161 1494/33/161 1637/38/161
f 1633/196/200 1632/195/200 1497/37/200
f 1629/203/164 1637/38/164 1495/5/164
f 1626/194/165 1635/40/165 1636/25/165
f 1634/199/166 1633/196/166 1638/28/166
f 1631/200/167 1630/197/167 1495/5/167
f 1627/198/215 1636/25/215 1494/33/215
f 1643/37/19 1652/36/19 1653/42/19
f 1641/5/20 1783/38/20 1649/39/20
f 1782/25/11 1781/40/11 1646/26/11
f 1784/28/12 1653/42/12 1654/29/12
f 1641/5/13 1650/43/13 1651/31/13
f 1640/33/190 1782/25/190 1647/27/190
f 1642/32/16 1651/31/16 1652/36/16
f 1783/38/17 1640/33/17 1648/34/17
f 1650/43/223 1649/39/223 1658/51/223
f 1647/27/21 1646/26/21 1655/44/21
f 1653/42/22 1662/53/22 1663/46/22
f 1650/43/23 1659/7/23 1660/47/23
f 1648/34/224 1647/27/224 1656/45/224
f 1651/31/26 1660/47/26 1661/50/26
f 1649/39/27 1648/34/27 1657/48/27
f 1652/36/29 1661/50/29 1662/53/29
f 1661/50/40 1670/62/40 1671/64/40
f 1659/7/31 1658/51/31 1667/54/31
f 1656/45/32 1655/44/32 1664/56/32
f 1662/53/33 1671/64/33 1672/58/33
f 1659/7/34 1668/55/34 1669/59/34
f 1657/48/35 1656/45/35 1665/57/35
f 1660/47/37 1669/59/37 1670/62/37
f 1658/51/38 1657/48/38 1666/60/38
f 1669/59/49 1678/72/49 1679/75/49
f 1667/54/50 1666/60/50 1675/73/50
f 1670/62/42 1679/75/42 1680/67/42
f 1668/55/208 1667/54/208 1676/68/208
f 1665/57/44 1664/56/44 1673/66/44
f 1671/64/191 1680/67/191 1681/71/191
f 1668/55/195 1677/69/195 1678/72/195
f 1666/60/47 1665/57/47 1674/70/47
f 1674/70/59 1683/83/59 1684/85/59
f 1679/75/51 1678/72/51 1687/76/51
f 1675/73/52 1684/85/52 1685/78/52
f 1680/67/54 1679/75/54 1688/77/54
f 1676/68/209 1685/78/209 1686/82/209
f 1673/66/56 1682/80/56 1683/83/56
f 1681/71/196 1680/67/196 1689/81/196
f 1678/72/172 1677/69/172 1686/82/172
f 1687/76/70 1686/82/70 1695/96/70
f 1683/83/61 1692/97/61 1693/87/61
f 1688/77/63 1687/76/63 1696/90/63
f 1684/85/64 1693/87/64 1694/92/64
f 1689/81/66 1688/77/66 1697/91/66
f 1685/78/67 1694/92/67 1695/96/67
f 1682/80/68 1691/94/68 1692/97/68
f 1690/84/69 1689/81/69 1698/95/69
f 1691/94/79 1700/106/79 1701/108/79
f 1699/89/80 1698/95/80 1707/107/80
f 1696/90/71 1695/96/71 1704/98/71
f 1692/97/72 1701/108/72 1702/100/72
f 1697/91/74 1696/90/74 1705/99/74
f 1693/87/75 1702/100/75 1703/104/75
f 1698/95/174 1697/91/174 1706/103/174
f 1694/92/225 1703/104/225 1704/98/225
f 1707/107/175 1706/103/175 1715/116/175
f 1703/104/90 1712/117/90 1713/112/90
f 1700/106/81 1709/119/81 1710/109/81
f 1708/102/82 1707/107/82 1716/110/82
f 1705/99/83 1704/98/83 1713/112/83
f 1701/108/84 1710/109/84 1711/114/84
f 1706/103/86 1705/99/86 1714/113/86
f 1702/100/87 1711/114/87 1712/117/87
f 1712/117/99 1711/114/99 1720/127/99
f 1715/116/91 1724/129/91 1725/120/91
f 1713/112/92 1712/117/92 1721/121/92
f 1710/109/93 1709/119/93 1718/123/93
f 1716/110/94 1725/120/94 1726/125/94
f 1713/112/95 1722/122/95 1723/126/95
f 1711/114/192 1710/109/192 1719/124/192
f 1714/113/98 1723/126/98 1724/129/98
f 1723/126/110 1732/139/110 1733/141/110
f 1721/121/101 1720/127/101 1729/131/101
f 1724/129/103 1733/141/103 1734/135/103
f 1722/122/201 1721/121/201 1730/132/201
f 1719/124/105 1718/123/105 1727/134/105
f 1725/120/106 1734/135/106 1735/138/106
f 1722/122/107 1731/136/107 1732/139/107
f 1720/127/178 1719/124/178 1728/137/178
f 1729/131/119 1728/137/119 1737/149/119
f 1732/139/197 1741/151/197 1742/142/197
f 1730/132/112 1729/131/112 1738/143/112
f 1733/141/114 1742/142/114 1743/147/114
f 1731/136/115 1730/132/115 1739/144/115
f 1728/137/116 1727/134/116 1736/146/116
f 1734/135/117 1743/147/117 1744/150/117
f 1731/136/118 1740/148/118 1741/151/118
f 1743/147/234 1752/161/234 1753/156/234
f 1740/148/130 1749/20/130 1750/162/130
f 1738/143/121 1737/149/121 1746/153/121
f 1741/151/123 1750/162/123 1751/157/123
f 1739/144/124 1738/143/124 1747/154/124
f 1742/142/126 1751/157/126 1752/161/126
f 1740/148/127 1739/144/127 1748/158/127
f 1737/149/128 1736/146/128 1745/160/128
f 1748/176/211 1757/175/211 1758/167/211
f 1745/177/140 1754/179/140 1755/181/140
f 1753/163/199 1752/180/199 1761/164/199
f 1750/166/132 1749/3/132 1758/167/132
f 1746/169/133 1755/181/133 1756/170/133
f 1751/173/135 1750/166/135 1759/168/135
f 1747/171/136 1756/170/136 1757/175/136
f 1752/180/138 1751/173/138 1760/174/138
f 1761/164/150 1760/174/150 1769/189/150
f 1757/175/141 1766/190/141 1767/182/141
f 1754/179/142 1763/192/142 1764/183/142
f 1762/165/143 1761/164/143 1770/184/143
f 1759/168/144 1758/167/144 1767/182/144
f 1755/181/145 1764/183/145 1765/187/145
f 1760/174/147 1759/168/147 1768/186/147
f 1756/170/148 1765/187/148 1766/190/148
f 1765/187/160 1774/201/160 1775/203/160
f 1770/184/226 1769/189/226 1778/195/226
f 1766/190/153 1775/203/153 1776/197/153
f 1763/192/154 1772/194/154 1773/198/154
f 1771/185/155 1770/184/155 1779/196/155
f 1768/186/227 1767/182/227 1776/197/227
f 1764/183/180 1773/198/180 1774/201/180
f 1769/189/159 1768/186/159 1777/200/159
f 1778/195/170 1777/200/170 1642/32/170
f 1774/201/161 1640/33/161 1783/38/161
f 1779/196/200 1778/195/200 1643/37/200
f 1775/203/164 1783/38/164 1641/5/164
f 1772/194/165 1781/40/165 1782/25/165
f 1780/199/166 1779/196/166 1784/28/166
f 1777/200/167 1776/197/167 1641/5/167
f 1773/198/168 1782/25/168 1640/33/168
f 1789/37/19 1798/36/19 1799/42/19
f 1787/5/20 1929/38/20 1795/39/20
f 1928/25/11 1927/40/11 1792/26/11
f 1930/28/12 1799/42/12 1800/29/12
f 1787/5/13 1796/43/13 1797/31/13
f 1786/33/190 1928/25/190 1793/27/190
f 1788/32/16 1797/31/16 1798/36/16
f 1929/38/17 1786/33/17 1794/34/17
f 1798/36/29 1807/50/29 1808/53/29
f 1796/43/223 1795/39/223 1804/51/223
f 1793/27/21 1792/26/21 1801/44/21
f 1799/42/22 1808/53/22 1809/46/22
f 1796/43/23 1805/7/23 1806/47/23
f 1794/34/224 1793/27/224 1802/45/224
f 1797/31/26 1806/47/26 1807/50/26
f 1795/39/27 1794/34/27 1803/48/27
f 1804/51/216 1803/48/216 1812/60/216
f 1807/50/40 1816/62/40 1817/64/40
f 1805/7/31 1804/51/31 1813/54/31
f 1802/45/32 1801/44/32 1810/56/32
f 1808/53/33 1817/64/33 1818/58/33
f 1805/7/34 1814/55/34 1815/59/34
f 1803/48/35 1802/45/35 1811/57/35
f 1806/47/37 1815/59/37 1816/62/37
f 1815/59/49 1824/72/49 1825/75/49
f 1813/54/50 1812/60/50 1821/73/50
f 1816/62/42 1825/75/42 1826/67/42
f 1814/55/208 1813/54/208 1822/68/208
f 1811/57/44 1810/56/44 1819/66/44
f 1817/64/191 1826/67/191 1827/71/191
f 1814/55/195 1823/69/195 1824/72/195
f 1812/60/47 1811/57/47 1820/70/47
f 1820/70/59 1829/83/59 1830/85/59
f 1825/75/51 1824/72/51 1833/76/51
f 1821/73/52 1830/85/52 1831/78/52
f 1826/67/54 1825/75/54 1834/77/54
f 1822/68/209 1831/78/209 1832/82/209
f 1819/66/56 1828/80/56 1829/83/56
f 1827/71/196 1826/67/196 1835/81/196
f 1824/72/172 1823/69/172 1832/82/172
f 1836/84/69 1835/81/69 1844/95/69
f 1833/76/70 1832/82/70 1841/96/70
f 1829/83/61 1838/97/61 1839/87/61
f 1834/77/63 1833/76/63 1842/90/63
f 1830/85/217 1839/87/217 1840/92/217
f 1835/81/66 1834/77/66 1843/91/66
f 1831/78/67 1840/92/67 1841/96/67
f 1828/80/68 1837/94/68 1838/97/68
f 1840/92/225 1849/104/225 1850/98/225
f 1837/94/79 1846/106/79 1847/108/79
f 1845/89/80 1844/95/80 1853/107/80
f 1842/90/71 1841/96/71 1850/98/71
f 1838/97/72 1847/108/72 1848/100/72
f 1843/91/74 1842/90/74 1851/99/74
f 1839/87/75 1848/100/75 1849/104/75
f 1844/95/77 1843/91/77 1852/103/77
f 1853/107/175 1852/103/175 1861/116/175
f 1849/104/90 1858/117/90 1859/112/90
f 1846/106/81 1855/119/81 1856/109/81
f 1854/102/82 1853/107/82 1862/110/82
f 1851/99/83 1850/98/83 1859/112/83
f 1847/108/84 1856/109/84 1857/114/84
f 1852/103/86 1851/99/86 1860/113/86
f 1848/100/87 1857/114/87 1858/117/87
f 1858/117/99 1857/114/99 1866/127/99
f 1861/116/91 1870/129/91 1871/120/91
f 1859/112/92 1858/117/92 1867/121/92
f 1856/109/93 1855/119/93 1864/123/93
f 1862/110/94 1871/120/94 1872/125/94
f 1859/112/95 1868/122/95 1869/126/95
f 1857/114/192 1856/109/192 1865/124/192
f 1860/113/98 1869/126/98 1870/129/98
f 1869/126/110 1878/139/110 1879/141/110
f 1867/121/101 1866/127/101 1875/131/101
f 1870/129/103 1879/141/103 1880/135/103
f 1868/122/201 1867/121/201 1876/132/201
f 1865/124/105 1864/123/105 1873/134/105
f 1871/120/106 1880/135/106 1881/138/106
f 1868/122/107 1877/136/107 1878/139/107
f 1866/127/178 1865/124/178 1874/137/178
f 1877/136/118 1886/148/118 1887/151/118
f 1875/131/119 1874/137/119 1883/149/119
f 1878/139/111 1887/151/111 1888/142/111
f 1876/132/203 1875/131/203 1884/143/203
f 1879/141/114 1888/142/114 1889/147/114
f 1877/136/115 1876/132/115 1885/144/115
f 1874/137/116 1873/134/116 1882/146/116
f 1880/135/117 1889/147/117 1890/150/117
f 1883/149/128 1882/146/128 1891/160/128
f 1889/147/234 1898/161/234 1899/156/234
f 1886/148/130 1895/20/130 1896/162/130
f 1884/143/121 1883/149/121 1892/153/121
f 1887/151/123 1896/162/123 1897/157/123
f 1885/144/124 1884/143/124 1893/154/124
f 1888/142/126 1897/157/126 1898/161/126
f 1886/148/127 1885/144/127 1894/158/127
f 1894/176/211 1903/175/211 1904/167/211
f 1891/177/140 1900/179/140 1901/181/140
f 1899/163/199 1898/180/199 1907/164/199
f 1896/166/132 1895/3/132 1904/167/132
f 1892/169/133 1901/181/133 1902/170/133
f 1897/173/135 1896/166/135 1905/168/135
f 1893/171/136 1902/170/136 1903/175/136
f 1898/180/138 1897/173/138 1906/174/138
f 1907/164/150 1906/174/150 1915/189/150
f 1903/175/141 1912/190/141 1913/182/141
f 1900/179/142 1909/192/142 1910/183/142
f 1908/165/143 1907/164/143 1916/184/143
f 1905/168/144 1904/167/144 1913/182/144
f 1901/181/145 1910/183/145 1911/187/145
f 1906/174/147 1905/168/147 1914/186/147
f 1902/170/148 1911/187/148 1912/190/148
f 1915/189/159 1914/186/159 1923/200/159
f 1911/187/160 1920/201/160 1921/203/160
f 1916/184/226 1915/189/226 1924/195/226
f 1912/190/153 1921/203/153 1922/197/153
f 1909/192/154 1918/194/154 1919/198/154
f 1917/185/155 1916/184/155 1925/196/155
f 1914/186/156 1913/182/156 1922/197/156
f 1910/183/180 1919/198/180 1920/201/180
f 1919/198/168 1928/25/168 1786/33/168
f 1924/195/170 1923/200/170 1788/32/170
f 1920/201/161 1786/33/161 1929/38/161
f 1925/196/200 1924/195/200 1789/37/200
f 1921/203/164 1929/38/164 1787/5/164
f 1918/194/165 1927/40/165 1928/25/165
f 1926/199/166 1925/196/166 1930/28/166
f 1923/200/167 1922/197/167 1787/5/167
f 1935/37/19 1944/36/19 1945/42/19
f 1933/5/20 2075/38/20 1941/39/20
f 2074/25/11 2073/40/11 1938/26/11
f 2076/28/12 1945/42/12 1946/29/12
f 1933/5/13 1942/43/13 1943/31/13
f 1932/33/14 2074/25/14 1939/27/14
f 1934/32/16 1943/31/16 1944/36/16
f 2075/38/17 1932/33/17 1940/34/17
f 1944/36/29 1953/50/29 1954/53/29
f 1942/43/223 1941/39/223 1950/51/223
f 1939/27/21 1938/26/21 1947/44/21
f 1945/42/22 1954/53/22 1955/46/22
f 1942/43/23 1951/7/23 1952/47/23
f 1940/34/224 1939/27/224 1948/45/224
f 1943/31/26 1952/47/26 1953/50/26
f 1941/39/27 1940/34/27 1949/48/27
f 1950/51/216 1949/48/216 1958/60/216
f 1953/50/40 1962/62/40 1963/64/40
f 1951/7/31 1950/51/31 1959/54/31
f 1948/45/32 1947/44/32 1956/56/32
f 1954/53/33 1963/64/33 1964/58/33
f 1951/7/34 1960/55/34 1961/59/34
f 1949/48/35 1948/45/35 1957/57/35
f 1952/47/37 1961/59/37 1962/62/37
f 1961/59/49 1970/72/49 1971/75/49
f 1959/54/50 1958/60/50 1967/73/50
f 1962/62/42 1971/75/42 1972/67/42
f 1960/55/208 1959/54/208 1968/68/208
f 1957/57/44 1956/56/44 1965/66/44
f 1963/64/191 1972/67/191 1973/71/191
f 1960/55/195 1969/69/195 1970/72/195
f 1958/60/47 1957/57/47 1966/70/47
f 1970/72/172 1969/69/172 1978/82/172
f 1966/70/59 1975/83/59 1976/85/59
f 1971/75/51 1970/72/51 1979/76/51
f 1967/73/52 1976/85/52 1977/78/52
f 1972/67/54 1971/75/54 1980/77/54
f 1968/68/209 1977/78/209 1978/82/209
f 1965/66/56 1974/80/56 1975/83/56
f 1973/71/196 1972/67/196 1981/81/196
f 1974/80/68 1983/94/68 1984/97/68
f 1982/84/69 1981/81/69 1990/95/69
f 1979/76/70 1978/82/70 1987/96/70
f 1975/83/61 1984/97/61 1985/87/61
f 1980/77/63 1979/76/63 1988/90/63
f 1976/85/217 1985/87/217 1986/92/217
f 1981/81/66 1980/77/66 1989/91/66
f 1977/78/67 1986/92/67 1987/96/67
f 1986/92/225 1995/104/225 1996/98/225
f 1983/94/79 1992/106/79 1993/108/79
f 1991/89/80 1990/95/80 1999/107/80
f 1988/90/71 1987/96/71 1996/98/71
f 1984/97/72 1993/108/72 1994/100/72
f 1989/91/74 1988/90/74 1997/99/74
f 1985/87/75 1994/100/75 1995/104/75
f 1990/95/174 1989/91/174 1998/103/174
f 1999/107/175 1998/103/175 2007/116/175
f 1995/104/90 2004/117/90 2005/112/90
f 1992/106/81 2001/119/81 2002/109/81
f 2000/102/82 1999/107/82 2008/110/82
f 1997/99/83 1996/98/83 2005/112/83
f 1993/108/84 2002/109/84 2003/114/84
f 1998/103/86 1997/99/86 2006/113/86
f 1994/100/87 2003/114/87 2004/117/87
f 2006/113/98 2015/126/98 2016/129/98
f 2004/117/99 2003/114/99 2012/127/99
f 2007/116/91 2016/129/91 2017/120/91
f 2005/112/92 2004/117/92 2013/121/92
f 2002/109/93 2001/119/93 2010/123/93
f 2008/110/94 2017/120/94 2018/125/94
f 2005/112/95 2014/122/95 2015/126/95
f 2003/114/192 2002/109/192 2011/124/192
f 2012/127/178 2011/124/178 2020/137/178
f 2015/126/110 2024/139/110 2025/141/110
f 2013/121/101 2012/127/101 2021/131/101
f 2016/129/176 2025/141/176 2026/135/176
f 2014/122/201 2013/121/201 2022/132/201
f 2011/124/105 2010/123/105 2019/134/105
f 2017/120/106 2026/135/106 2027/138/106
f 2014/122/107 2023/136/107 2024/139/107
f 2023/136/118 2032/148/118 2033/151/118
f 2021/131/119 2020/137/119 2029/149/119
f 2024/139/111 2033/151/111 2034/142/111
f 2022/132/203 2021/131/203 2030/143/203
f 2025/141/114 2034/142/114 2035/147/114
f 2023/136/115 2022/132/115 2031/144/115
f 2020/137/116 2019/134/116 2028/146/116
f 2026/135/117 2035/147/117 2036/150/117
f 2029/149/128 2028/146/128 2037/160/128
f 2035/147/234 2044/161/234 2045/156/234
f 2032/148/130 2041/20/130 2042/162/130
f 2030/143/121 2029/149/121 2038/153/121
f 2033/151/123 2042/162/123 2043/157/123
f 2031/144/124 2030/143/124 2039/154/124
f 2034/142/126 2043/157/126 2044/161/126
f 2032/148/127 2031/144/127 2040/158/127
f 2044/180/138 2043/173/138 2052/174/138
f 2040/176/211 2049/175/211 2050/167/211
f 2037/177/140 2046/179/140 2047/181/140
f 2045/163/199 2044/180/199 2053/164/199
f 2042/166/132 2041/3/132 2050/167/132
f 2038/169/133 2047/181/133 2048/170/133
f 2043/173/135 2042/166/135 2051/168/135
f 2039/171/136 2048/170/136 2049/175/136
f 2048/170/148 2057/187/148 2058/190/148
f 2053/164/150 2052/174/150 2061/189/150
f 2049/175/141 2058/190/141 2059/182/141
f 2046/179/142 2055/192/142 2056/183/142
f 2054/165/143 2053/164/143 2062/184/143
f 2051/168/144 2050/167/144 2059/182/144
f 2047/181/145 2056/183/145 2057/187/145
f 2052/174/147 2051/168/147 2060/186/147
f 2061/189/159 2060/186/159 2069/200/159
f 2057/187/160 2066/201/160 2067/203/160
f 2062/184/226 2061/189/226 2070/195/226
f 2058/190/153 2067/203/153 2068/197/153
f 2055/192/154 2064/194/154 2065/198/154
f 2063/185/155 2062/184/155 2071/196/155
f 2060/186/227 2059/182/227 2068/197/227
f 2056/183/180 2065/198/180 2066/201/180
f 2065/198/168 2074/25/168 1932/33/168
f 2070/195/170 2069/200/170 1934/32/170
f 2066/201/161 1932/33/161 2075/38/161
f 2071/196/200 2070/195/200 1935/37/200
f 2067/203/164 2075/38/164 1933/5/164
f 2064/194/165 2073/40/165 2074/25/165
f 2072/199/166 2071/196/166 2076/28/166
f 2069/200/167 2068/197/167 1933/5/167
f 2220/25/11 2219/40/11 2084/26/11
f 2222/28/12 2091/42/12 2092/29/12
f 2079/5/13 2088/43/13 2089/31/13
f 2078/33/190 2220/25/190 2085/27/190
f 2080/32/16 2089/31/16 2090/36/16
f 2221/38/17 2078/33/17 2086/34/17
f 2081/37/19 2090/36/19 2091/42/19
f 2079/5/20 2221/38/20 2087/39/20
f 2085/27/21 2084/26/21 2093/44/21
f 2091/42/22 2100/53/22 2101/46/22
f 2088/43/23 2097/7/23 2098/47/23
f 2086/34/224 2085/27/224 2094/45/224
f 2089/31/26 2098/47/26 2099/50/26
f 2087/39/27 2086/34/27 2095/48/27
f 2090/36/171 2099/50/171 2100/53/171
f 2088/43/223 2087/39/223 2096/51/223
f 2097/7/31 2096/51/31 2105/54/31
f 2094/45/32 2093/44/32 2102/56/32
f 2100/53/33 2109/64/33 2110/58/33
f 2097/7/34 2106/55/34 2107/59/34
f 2095/48/35 2094/45/35 2103/57/35
f 2098/47/193 2107/59/193 2108/62/193
f 2096/51/38 2095/48/38 2104/60/38
f 2099/50/40 2108/62/40 2109/64/40
f 2108/62/42 2117/75/42 2118/67/42
f 2106/55/208 2105/54/208 2114/68/208
f 2103/57/44 2102/56/44 2111/66/44
f 2109/64/191 2118/67/191 2119/71/191
f 2106/55/195 2115/69/195 2116/72/195
f 2104/60/47 2103/57/47 2112/70/47
f 2107/59/49 2116/72/49 2117/75/49
f 2105/54/50 2104/60/50 2113/73/50
f 2117/75/51 2116/72/51 2125/76/51
f 2113/73/52 2122/85/52 2123/78/52
f 2118/67/54 2117/75/54 2126/77/54
f 2114/68/209 2123/78/209 2124/82/209
f 2111/66/56 2120/80/56 2121/83/56
f 2119/71/196 2118/67/196 2127/81/196
f 2116/72/172 2115/69/172 2124/82/172
f 2112/70/59 2121/83/59 2122/85/59
f 2121/83/61 2130/97/61 2131/87/61
f 2126/77/213 2125/76/213 2134/90/213
f 2122/85/64 2131/87/64 2132/92/64
f 2127/81/66 2126/77/66 2135/91/66
f 2123/78/67 2132/92/67 2133/96/67
f 2120/80/68 2129/94/68 2130/97/68
f 2128/84/69 2127/81/69 2136/95/69
f 2125/76/70 2124/82/70 2133/96/70
f 2134/90/71 2133/96/71 2142/98/71
f 2130/97/72 2139/108/72 2140/100/72
f 2135/91/74 2134/90/74 2143/99/74
f 2131/87/75 2140/100/75 2141/104/75
f 2136/95/77 2135/91/77 2144/103/77
f 2132/92/225 2141/104/225 2142/98/225
f 2129/94/79 2138/106/79 2139/108/79
f 2137/89/80 2136/95/80 2145/107/80
f 2138/106/81 2147/119/81 2148/109/81
f 2146/102/82 2145/107/82 2154/110/82
f 2143/99/83 2142/98/83 2151/112/83
f 2139/108/189 2148/109/189 2149/114/189
f 2144/103/86 2143/99/86 2152/113/86
f 2140/100/87 2149/114/87 2150/117/87
f 2145/107/89 2144/103/89 2153/116/89
f 2141/104/90 2150/117/90 2151/112/90
f 2153/116/91 2162/129/91 2163/120/91
f 2151/112/92 2150/117/92 2159/121/92
f 2148/109/93 2147/119/93 2156/123/93
f 2154/110/94 2163/120/94 2164/125/94
f 2151/112/95 2160/122/95 2161/126/95
f 2149/114/192 2148/109/192 2157/124/192
f 2152/113/98 2161/126/98 2162/129/98
f 2150/117/99 2149/114/99 2158/127/99
f 2159/121/101 2158/127/101 2167/131/101
f 2162/129/103 2171/141/103 2172/135/103
f 2160/122/201 2159/121/201 2168/132/201
f 2157/124/105 2156/123/105 2165/134/105
f 2163/120/106 2172/135/106 2173/138/106
f 2160/122/232 2169/136/232 2170/139/232
f 2158/127/178 2157/124/178 2166/137/178
f 2161/126/110 2170/139/110 2171/141/110
f 2170/139/111 2179/151/111 2180/142/111
f 2168/132/112 2167/131/112 2176/143/112
f 2171/141/114 2180/142/114 2181/147/114
f 2169/136/115 2168/132/115 2177/144/115
f 2166/137/116 2165/134/116 2174/146/116
f 2172/135/117 2181/147/117 2182/150/117
f 2169/136/118 2178/148/118 2179/151/118
f 2167/131/119 2166/137/119 2175/149/119
f 2176/143/121 2175/149/121 2184/153/121
f 2179/151/123 2188/162/123 2189/157/123
f 2177/144/124 2176/143/124 2185/154/124
f 2180/142/126 2189/157/126 2190/161/126
f 2178/148/179 2177/144/179 2186/158/179
f 2175/149/128 2174/146/128 2183/160/128
f 2181/147/234 2190/161/234 2191/156/234
f 2178/148/130 2187/20/130 2188/162/130
f 2191/163/199 2190/180/199 2199/164/199
f 2188/166/132 2187/3/132 2196/167/132
f 2184/169/133 2193/181/133 2194/170/133
f 2189/173/135 2188/166/135 2197/168/135
f 2185/171/136 2194/170/136 2195/175/136
f 2190/180/138 2189/173/138 2198/174/138
f 2186/176/211 2195/175/211 2196/167/211
f 2183/177/140 2192/179/140 2193/181/140
f 2195/175/141 2204/190/141 2205/182/141
f 2192/179/142 2201/192/142 2202/183/142
f 2200/165/143 2199/164/143 2208/184/143
f 2197/168/144 2196/167/144 2205/182/144
f 2193/181/145 2202/183/145 2203/187/145
f 2198/174/147 2197/168/147 2206/186/147
f 2194/170/148 2203/187/148 2204/190/148
f 2199/164/150 2198/174/150 2207/189/150
f 2208/184/226 2207/189/226 2216/195/226
f 2204/190/153 2213/203/153 2214/197/153
f 2201/192/154 2210/194/154 2211/198/154
f 2209/185/155 2208/184/155 2217/196/155
f 2206/186/156 2205/182/156 2214/197/156
f 2202/183/180 2211/198/180 2212/201/180
f 2207/189/159 2206/186/159 2215/200/159
f 2203/187/160 2212/201/160 2213/203/160
f 2212/201/161 2078/33/161 2221/38/161
f 2217/196/200 2216/195/200 2081/37/200
f 2213/203/164 2221/38/164 2079/5/164
f 2210/194/165 2219/40/165 2220/25/165
f 2218/199/166 2217/196/166 2222/28/166
f 2215/200/167 2214/197/167 2079/5/167
f 2211/198/168 2220/25/168 2078/33/168
f 2216/195/170 2215/200/170 2080/32/170
f 2225/5/20 2367/38/20 2233/39/20
f 2366/25/11 2365/40/11 2230/26/11
f 2368/28/12 2237/42/12 2238/29/12
f 2225/5/13 2234/43/13 2235/31/13
f 2224/33/190 2366/25/190 2231/27/190
f 2226/32/16 2235/31/16 2236/36/16
f 2367/38/17 2224/33/17 2232/34/17
f 2227/37/19 2236/36/19 2237/42/19
f 2231/27/21 2230/26/21 2239/44/21
f 2237/42/22 2246/53/22 2247/46/22
f 2234/43/23 2243/7/23 2244/47/23
f 2232/34/224 2231/27/224 2240/45/224
f 2235/31/26 2244/47/26 2245/50/26
f 2233/39/27 2232/34/27 2241/48/27
f 2236/36/29 2245/50/29 2246/53/29
f 2234/43/223 2233/39/223 2242/51/223
f 2245/50/40 2254/62/40 2255/64/40
f 2243/7/31 2242/51/31 2251/54/31
f 2240/45/32 2239/44/32 2248/56/32
f 2246/53/33 2255/64/33 2256/58/33
f 2243/7/34 2252/55/34 2253/59/34
f 2241/48/35 2240/45/35 2249/57/35
f 2244/47/37 2253/59/37 2254/62/37
f 2242/51/38 2241/48/38 2250/60/38
f 2251/54/50 2250/60/50 2259/73/50
f 2254/62/42 2263/75/42 2264/67/42
f 2252/55/208 2251/54/208 2260/68/208
f 2249/57/44 2248/56/44 2257/66/44
f 2255/64/191 2264/67/191 2265/71/191
f 2252/55/195 2261/69/195 2262/72/195
f 2250/60/47 2249/57/47 2258/70/47
f 2253/59/187 2262/72/187 2263/75/187
f 2263/75/188 2262/72/188 2271/76/188
f 2259/73/52 2268/85/52 2269/78/52
f 2264/67/54 2263/75/54 2272/77/54
f 2260/68/209 2269/78/209 2270/82/209
f 2257/66/56 2266/80/56 2267/83/56
f 2265/71/196 2264/67/196 2273/81/196
f 2262/72/172 2261/69/172 2270/82/172
f 2258/70/59 2267/83/59 2268/85/59
f 2267/83/61 2276/97/61 2277/87/61
f 2272/77/63 2271/76/63 2280/90/63
f 2268/85/64 2277/87/64 2278/92/64
f 2273/81/66 2272/77/66 2281/91/66
f 2269/78/67 2278/92/67 2279/96/67
f 2266/80/68 2275/94/68 2276/97/68
f 2274/84/69 2273/81/69 2282/95/69
f 2271/76/70 2270/82/70 2279/96/70
f 2283/89/80 2282/95/80 2291/107/80
f 2280/90/214 2279/96/214 2288/98/214
f 2276/97/72 2285/108/72 2286/100/72
f 2281/91/74 2280/90/74 2289/99/74
f 2277/87/75 2286/100/75 2287/104/75
f 2282/95/174 2281/91/174 2290/103/174
f 2278/92/225 2287/104/225 2288/98/225
f 2275/94/79 2284/106/79 2285/108/79
f 2287/104/90 2296/117/90 2297/112/90
f 2284/106/81 2293/119/81 2294/109/81
f 2292/102/82 2291/107/82 2300/110/82
f 2289/99/83 2288/98/83 2297/112/83
f 2285/108/84 2294/109/84 2295/114/84
f 2290/103/86 2289/99/86 2298/113/86
f 2286/100/87 2295/114/87 2296/117/87
f 2291/107/175 2290/103/175 2299/116/175
f 2299/116/91 2308/129/91 2309/120/91
f 2297/112/92 2296/117/92 2305/121/92
f 2294/109/93 2293/119/93 2302/123/93
f 2300/110/94 2309/120/94 2310/125/94
f 2297/112/95 2306/122/95 2307/126/95
f 2295/114/192 2294/109/192 2303/124/192
f 2298/113/98 2307/126/98 2308/129/98
f 2296/117/99 2295/114/99 2304/127/99
f 2305/121/101 2304/127/101 2313/131/101
f 2308/129/176 2317/141/176 2318/135/176
f 2306/122/201 2305/121/201 2314/132/201
f 2303/124/105 2302/123/105 2311/134/105
f 2309/120/106 2318/135/106 2319/138/106
f 2306/122/107 2315/136/107 2316/139/107
f 2304/127/178 2303/124/178 2312/137/178
f 2307/126/110 2316/139/110 2317/141/110
f 2316/139/111 2325/151/111 2326/142/111
f 2314/132/112 2313/131/112 2322/143/112
f 2317/141/114 2326/142/114 2327/147/114
f 2315/136/115 2314/132/115 2323/144/115
f 2312/137/116 2311/134/116 2320/146/116
f 2318/135/117 2327/147/117 2328/150/117
f 2315/136/118 2324/148/118 2325/151/118
f 2313/131/119 2312/137/119 2321/149/119
f 2324/148/130 2333/20/130 2334/162/130
f 2322/143/121 2321/149/121 2330/153/121
f 2325/151/204 2334/162/204 2335/157/204
f 2323/144/124 2322/143/124 2331/154/124
f 2326/142/126 2335/157/126 2336/161/126
f 2324/148/127 2323/144/127 2332/158/127
f 2321/149/128 2320/146/128 2329/160/128
f 2327/147/234 2336/161/234 2337/156/234
f 2329/177/140 2338/179/140 2339/181/140
f 2337/163/199 2336/180/199 2345/164/199
f 2334/166/132 2333/3/132 2342/167/132
f 2330/169/133 2339/181/133 2340/170/133
f 2335/173/205 2334/166/205 2343/168/205
f 2331/171/136 2340/170/136 2341/175/136
f 2336/180/138 2335/173/138 2344/174/138
f 2332/176/211 2341/175/211 2342/167/211
f 2341/175/141 2350/190/141 2351/182/141
f 2338/179/142 2347/192/142 2348/183/142
f 2346/165/143 2345/164/143 2354/184/143
f 2343/168/144 2342/167/144 2351/182/144
f 2339/181/145 2348/183/145 2349/187/145
f 2344/174/147 2343/168/147 2352/186/147
f 2340/170/148 2349/187/148 2350/190/148
f 2345/164/150 2344/174/150 2353/189/150
f 2354/184/152 2353/189/152 2362/195/152
f 2350/190/153 2359/203/153 2360/197/153
f 2347/192/154 2356/194/154 2357/198/154
f 2355/185/155 2354/184/155 2363/196/155
f 2352/186/156 2351/182/156 2360/197/156
f 2348/183/180 2357/198/180 2358/201/180
f 2353/189/159 2352/186/159 2361/200/159
f 2349/187/160 2358/201/160 2359/203/160
f 2362/195/170 2361/200/170 2226/32/170
f 2358/201/161 2224/33/161 2367/38/161
f 2363/196/200 2362/195/200 2227/37/200
f 2359/203/164 2367/38/164 2225/5/164
f 2356/194/165 2365/40/165 2366/25/165
f 2364/199/166 2363/196/166 2368/28/166
f 2361/200/167 2360/197/167 2225/5/167
f 2357/198/215 2366/25/215 2224/33/215
f 2371/5/20 2513/38/20 2379/39/20
f 2512/25/11 2511/40/11 2376/26/11
f 2514/28/12 2383/42/12 2384/29/12
f 2371/5/13 2380/43/13 2381/31/13
f 2370/33/14 2512/25/14 2377/27/14
f 2372/32/16 2381/31/16 2382/36/16
f 2513/38/17 2370/33/17 2378/34/17
f 2373/37/183 2382/36/183 2383/42/183
f 2380/43/30 2379/39/30 2388/51/30
f 2377/27/21 2376/26/21 2385/44/21
f 2383/42/22 2392/53/22 2393/46/22
f 2380/43/185 2389/7/185 2390/47/185
f 2378/34/24 2377/27/24 2386/45/24
f 2381/31/26 2390/47/26 2391/50/26
f 2379/39/27 2378/34/27 2387/48/27
f 2382/36/171 2391/50/171 2392/53/171
f 2391/50/40 2400/62/40 2401/64/40
f 2389/7/31 2388/51/31 2397/54/31
f 2386/45/32 2385/44/32 2394/56/32
f 2392/53/33 2401/64/33 2402/58/33
f 2389/7/34 2398/55/34 2399/59/34
f 2387/48/35 2386/45/35 2395/57/35
f 2390/47/37 2399/59/37 2400/62/37
f 2388/51/38 2387/48/38 2396/60/38
f 2397/54/219 2396/60/219 2405/73/219
f 2400/62/42 2409/75/42 2410/67/42
f 2398/55/208 2397/54/208 2406/68/208
f 2395/57/44 2394/56/44 2403/66/44
f 2401/64/45 2410/67/45 2411/71/45
f 2398/55/195 2407/69/195 2408/72/195
f 2396/60/47 2395/57/47 2404/70/47
f 2399/59/49 2408/72/49 2409/75/49
f 2409/75/51 2408/72/51 2417/76/51
f 2405/73/220 2414/85/220 2415/78/220
f 2410/67/54 2409/75/54 2418/77/54
f 2406/68/209 2415/78/209 2416/82/209
f 2403/66/56 2412/80/56 2413/83/56
f 2411/71/57 2410/67/57 2419/81/57
f 2408/72/172 2407/69/172 2416/82/172
f 2404/70/59 2413/83/59 2414/85/59
f 2417/76/70 2416/82/70 2425/96/70
f 2413/83/61 2422/97/61 2423/87/61
f 2418/77/63 2417/76/63 2426/90/63
f 2414/85/64 2423/87/64 2424/92/64
f 2419/81/66 2418/77/66 2427/91/66
f 2415/78/67 2424/92/67 2425/96/67
f 2412/80/68 2421/94/68 2422/97/68
f 2420/84/69 2419/81/69 2428/95/69
f 2421/94/79 2430/106/79 2431/108/79
f 2429/89/80 2428/95/80 2437/107/80
f 2426/90/214 2425/96/214 2434/98/214
f 2422/97/173 2431/108/173 2432/100/173
f 2427/91/74 2426/90/74 2435/99/74
f 2423/87/75 2432/100/75 2433/104/75
f 2428/95/77 2427/91/77 2436/103/77
f 2424/92/225 2433/104/225 2434/98/225
f 2433/104/90 2442/117/90 2443/112/90
f 2430/106/81 2439/119/81 2440/109/81
f 2438/102/82 2437/107/82 2446/110/82
f 2435/99/83 2434/98/83 2443/112/83
f 2431/108/84 2440/109/84 2441/114/84
f 2436/103/86 2435/99/86 2444/113/86
f 2432/100/87 2441/114/87 2442/117/87
f 2437/107/175 2436/103/175 2445/116/175
f 2445/116/91 2454/129/91 2455/120/91
f 2443/112/92 2442/117/92 2451/121/92
f 2440/109/93 2439/119/93 2448/123/93
f 2446/110/94 2455/120/94 2456/125/94
f 2443/112/95 2452/122/95 2453/126/95
f 2441/114/96 2440/109/96 2449/124/96
f 2444/113/98 2453/126/98 2454/129/98
f 2442/117/99 2441/114/99 2450/127/99
f 2453/126/110 2462/139/110 2463/141/110
f 2451/121/101 2450/127/101 2459/131/101
f 2454/129/176 2463/141/176 2464/135/176
f 2452/122/177 2451/121/177 2460/132/177
f 2449/124/105 2448/123/105 2457/134/105
f 2455/120/106 2464/135/106 2465/138/106
f 2452/122/184 2461/136/184 2462/139/184
f 2450/127/108 2449/124/108 2458/137/108
f 2459/131/119 2458/137/119 2467/149/119
f 2462/139/197 2471/151/197 2472/142/197
f 2460/132/112 2459/131/112 2468/143/112
f 2463/141/114 2472/142/114 2473/147/114
f 2461/136/115 2460/132/115 2469/144/115
f 2458/137/116 2457/134/116 2466/146/116
f 2464/135/117 2473/147/117 2474/150/117
f 2461/136/118 2470/148/118 2471/151/118
f 2470/148/130 2479/20/130 2480/162/130
f 2468/143/121 2467/149/121 2476/153/121
f 2471/151/123 2480/162/123 2481/157/123
f 2469/144/221 2468/143/221 2477/154/221
f 2472/142/126 2481/157/126 2482/161/126
f 2470/148/127 2469/144/127 2478/158/127
f 2467/149/128 2466/146/128 2475/160/128
f 2473/147/129 2482/161/129 2483/156/129
f 2475/177/140 2484/179/140 2485/181/140
f 2483/163/131 2482/180/131 2491/164/131
f 2480/166/132 2479/3/132 2488/167/132
f 2476/169/133 2485/181/133 2486/170/133
f 2481/173/135 2480/166/135 2489/168/135
f 2477/171/222 2486/170/222 2487/175/222
f 2482/180/138 2481/173/138 2490/174/138
f 2478/176/211 2487/175/211 2488/167/211
f 2491/164/150 2490/174/150 2499/189/150
f 2487/175/141 2496/190/141 2497/182/141
f 2484/179/142 2493/192/142 2494/183/142
f 2492/165/143 2491/164/143 2500/184/143
f 2489/168/144 2488/167/144 2497/182/144
f 2485/181/145 2494/183/145 2495/187/145
f 2490/174/236 2489/168/236 2498/186/236
f 2486/170/148 2495/187/148 2496/190/148
f 2495/187/160 2504/201/160 2505/203/160
f 2500/184/152 2499/189/152 2508/195/152
f 2496/190/233 2505/203/233 2506/197/233
f 2493/192/154 2502/194/154 2503/198/154
f 2501/185/155 2500/184/155 2509/196/155
f 2498/186/156 2497/182/156 2506/197/156
f 2494/183/157 2503/198/157 2504/201/157
f 2499/189/159 2498/186/159 2507/200/159
f 2508/195/170 2507/200/170 2372/32/170
f 2504/201/161 2370/33/161 2513/38/161
f 2509/196/200 2508/195/200 2373/37/200
f 2505/203/164 2513/38/164 2371/5/164
f 2502/194/165 2511/40/165 2512/25/165
f 2510/199/166 2509/196/166 2514/28/166
f 2507/200/167 2506/197/167 2371/5/167
f 2503/198/168 2512/25/168 2370/33/168
f 2520/206/228 2522/206/228 2518/206/228
f 2522/206/10 2519/206/10 2515/206/10
f 2516/206/10 2527/206/10 2530/206/10
f 2530/206/229 2529/206/229 2517/206/229
f 2529/206/230 2530/206/230 2526/206/230
f 2530/206/10 2528/206/10 2523/206/10
f 2525/206/231 2526/206/231 2522/206/231
f 2526/206/10 2524/206/10 2521/206/10
f 2544/206/229 2546/206/229 2534/206/229
f 2546/206/7 2543/206/7 2531/206/7
f 2535/206/7 2538/206/7 2534/206/7
f 2538/206/228 2537/206/228 2533/206/228
f 2539/206/7 2542/206/7 2538/206/7
f 2542/206/231 2541/206/231 2537/206/231
f 2545/206/7 2546/206/7 2542/206/7
f 2546/206/230 2544/206/230 2541/206/230
f 2532/206/229 2534/206/229 2518/206/229
f 2534/206/228 2531/206/228 2516/206/228
f 2536/206/228 2538/206/228 2522/206/228
f 2538/206/231 2535/206/231 2519/206/231
f 2540/206/231 2542/206/231 2526/206/231
f 2542/206/230 2539/206/230 2524/206/230
f 2543/206/230 2546/206/230 2530/206/230
f 2546/206/229 2545/206/229 2528/206/229
f 2519/206/228 2535/206/228 2532/206/228
f 2529/206/10 2525/206/10 2520/206/10
f 2516/206/229 2531/206/229 2543/206/229
f 2524/206/231 2539/206/231 2536/206/231
f 2528/206/230 2545/206/230 2540/206/230
f 2537/206/7 2541/206/7 2544/206/7
f 2552/206/228 2554/206/228 2550/206/228
f 2554/206/10 2551/206/10 2547/206/10
f 2548/206/10 2559/206/10 2562/206/10
f 2562/206/229 2561/206/229 2549/206/229
f 2561/206/230 2562/206/230 2558/206/230
f 2562/206/10 2560/206/10 2555/206/10
f 2557/206/231 2558/206/231 2554/206/231
f 2558/206/10 2556/206/10 2553/206/10
f 2565/206/229 2576/206/229 2578/206/229
f 2578/206/7 2575/206/7 2563/206/7
f 2567/206/7 2570/206/7 2566/206/7
f 2570/206/228 2569/206/228 2565/206/228
f 2571/206/7 2574/206/7 2570/206/7
f 2574/206/231 2573/206/231 2569/206/231
f 2577/206/7 2578/206/7 2574/206/7
f 2578/206/230 2576/206/230 2573/206/230
f 2564/206/229 2566/206/229 2550/206/229
f 2550/206/228 2566/206/228 2563/206/228
f 2553/206/228 2568/206/228 2570/206/228
f 2570/206/231 2567/206/231 2551/206/231
f 2572/206/231 2574/206/231 2558/206/231
f 2558/206/230 2574/206/230 2571/206/230
f 2575/206/230 2578/206/230 2562/206/230
f 2562/206/229 2578/206/229 2577/206/229
f 2551/206/228 2567/206/228 2564/206/228
f 2561/206/10 2557/206/10 2552/206/10
f 2559/206/229 2548/206/229 2563/206/229
f 2553/206/231 2556/206/231 2571/206/231
f 2560/206/230 2577/206/230 2572/206/230
f 2569/206/7 2573/206/7 2576/206/7
f 2584/206/228 2586/206/228 2582/206/228
f 2586/206/10 2583/206/10 2579/206/10
f 2580/206/10 2591/206/10 2594/206/10
f 2594/206/229 2593/206/229 2581/206/229
f 2593/206/230 2594/206/230 2590/206/230
f 2594/206/10 2592/206/10 2587/206/10
f 2589/206/231 2590/206/231 2586/206/231
f 2590/206/10 2588/206/10 2585/206/10
f 2608/206/229 2610/206/229 2598/206/229
f 2610/206/7 2607/206/7 2595/206/7
f 2599/206/7 2602/206/7 2598/206/7
f 2602/206/228 2601/206/228 2597/206/228
f 2603/206/7 2606/206/7 2602/206/7
f 2606/206/231 2605/206/231 2601/206/231
f 2609/206/7 2610/206/7 2606/206/7
f 2610/206/230 2608/206/230 2605/206/230
f 2596/206/229 2598/206/229 2582/206/229
f 2598/206/228 2595/206/228 2580/206/228
f 2600/206/228 2602/206/228 2586/206/228
f 2602/206/231 2599/206/231 2583/206/231
f 2604/206/231 2606/206/231 2590/206/231
f 2606/206/230 2603/206/230 2588/206/230
f 2607/206/230 2610/206/230 2594/206/230
f 2610/206/229 2609/206/229 2592/206/229
f 2583/206/228 2599/206/228 2596/206/228
f 2593/206/10 2589/206/10 2584/206/10
f 2580/206/229 2595/206/229 2607/206/229
f 2588/206/231 2603/206/231 2600/206/231
f 2592/206/230 2609/206/230 2604/206/230
f 2601/206/7 2605/206/7 2608/206/7
o SweetGarden_01
v 13.000000 2.900000 0.000000
v 13.000000 2.322899 1.051722
v 13.000000 1.500000 1.300000
v 13.000000 1.067376 1.236373
v 13.000000 0.677101 1.051722
v 13.000000 0.168521 0.401722
v 13.000000 0.100000 0.000000
v 12.846268 2.831479 0.371143
v 12.707583 2.632624 0.705956
v 12.597524 2.322899 0.971664
v 12.526860 1.932624 1.142260
v 12.502512 1.500000 1.201043
v 12.526860 1.067376 1.142260
v 12.597524 0.677101 0.971664
v 12.707583 0.367376 0.705956
v 12.846268 0.168521 0.371143
v 12.715940 2.831479 0.284060
v 12.459685 2.632624 0.540315
v 12.256320 2.322899 0.743680
v 12.125751 1.932624 0.874248
v 12.080761 1.500000 0.919239
v 12.125751 1.067376 0.874248
v 12.256320 0.677101 0.743680
v 12.459685 0.367376 0.540315
v 12.715940 0.168521 0.284060
v 12.628858 2.831479 0.153732
v 12.294044 2.632624 0.292416
v 12.028336 2.322899 0.402476
v 11.857740 1.932624 0.473140
v 11.798957 1.500000 0.497488
v 11.857740 1.067376 0.473140
v 12.028336 0.677101 0.402476
v 12.294044 0.367376 0.292416
v 12.628858 0.168521 0.153732
v 12.598278 2.831479 -0.000000
v 12.235879 2.632624 -0.000000
v 11.948278 2.322899 -0.000000
v 11.763626 1.932624 -0.000000
v 11.700000 1.500000 -0.000000
v 11.763626 1.067376 -0.000000
v 11.948278 0.677101 -0.000000
v 12.235879 0.367376 -0.000000
v 12.598278 0.168521 -0.000000
v 12.628858 2.831479 -0.153732
v 12.294044 2.632624 -0.292416
v 12.028336 2.322899 -0.402477
v 11.857740 1.932624 -0.473140
v 11.798957 1.500000 -0.497489
v 11.857740 1.067376 -0.473140
v 12.028336 0.677101 -0.402477
v 12.294044 0.367376 -0.292416
v 12.628858 0.168521 -0.153732
v 12.715940 2.831479 -0.284060
v 12.459685 2.632624 -0.540315
v 12.256321 2.322899 -0.743680
v 12.125752 1.932624 -0.874248
v 12.080762 1.500000 -0.919239
v 12.125752 1.067376 -0.874248
v 12.256321 0.677101 -0.743680
v 12.459685 0.367376 -0.540315
v 12.715940 0.168521 -0.284060
v 12.846268 2.831479 -0.371143
v 12.707583 2.632624 -0.705956
v 12.597524 2.322899 -0.971664
v 12.526861 1.932624 -1.142260
v 12.502512 1.500000 -1.201043
v 12.526861 1.067376 -1.142260
v 12.597524 0.677101 -0.971664
v 12.707583 0.367376 -0.705956
v 12.846268 0.168521 -0.371143
v 13.000000 2.831479 -0.401722
v 13.000000 2.632624 -0.764121
v 13.000000 2.322899 -1.051722
v 13.000000 1.932624 -1.236373
v 13.000000 1.500000 -1.300000
v 13.000000 1.067376 -1.236373
v 13.000000 0.677101 -1.051722
v 13.000000 0.367376 -0.764121
v 13.000000 0.168521 -0.401722
v 13.153732 2.831479 -0.371143
v 13.292417 2.632624 -0.705955
v 13.402477 2.322899 -0.971664
v 13.473140 1.932624 -1.142260
v 13.497489 1.500000 -1.201043
v 13.473140 1.067376 -1.142260
v 13.402477 0.677101 -0.971664
v 13.292417 0.367376 -0.705955
v 13.153732 0.168521 -0.371143
v 13.284060 2.831479 -0.284060
v 13.540315 2.632624 -0.540315
v 13.743680 2.322899 -0.743679
v 13.874249 1.932624 -0.874247
v 13.919239 1.500000 -0.919238
v 13.874249 1.067376 -0.874247
v 13.743680 0.677101 -0.743679
v 13.540315 0.367376 -0.540315
v 13.284060 0.168521 -0.284060
v 13.371143 2.831479 -0.153732
v 13.705956 2.632624 -0.292416
v 13.971664 2.322899 -0.402476
v 14.142260 1.932624 -0.473139
v 14.201043 1.500000 -0.497488
v 14.142260 1.067376 -0.473139
v 13.971664 0.677101 -0.402476
v 13.705956 0.367376 -0.292416
v 13.371143 0.168521 -0.153732
v 13.401722 2.831479 0.000000
v 13.764121 2.632624 0.000000
v 14.051722 2.322899 0.000000
v 14.236373 1.932624 0.000001
v 14.300000 1.500000 0.000001
v 14.236373 1.067376 0.000001
v 14.051722 0.677101 0.000000
v 13.764121 0.367376 0.000000
v 13.401722 0.168521 0.000000
v 13.371142 2.831479 0.153733
v 13.705956 2.632624 0.292417
v 13.971663 2.322899 0.402477
v 14.142260 1.932624 0.473140
v 14.201043 1.500000 0.497489
v 14.142260 1.067376 0.473140
v 13.971663 0.677101 0.402477
v 13.705956 0.367376 0.292417
v 13.371142 0.168521 0.153733
v 13.284060 2.831479 0.284061
v 13.540315 2.632624 0.540315
v 13.743679 2.322899 0.743680
v 13.874248 1.932624 0.874248
v 13.919238 1.500000 0.919239
v 13.874248 1.067376 0.874248
v 13.743679 0.677101 0.743680
v 13.540315 0.367376 0.540315
v 13.284060 0.168521 0.284061
v 13.153732 2.831479 0.371143
v 13.292416 2.632624 0.705955
v 13.402476 2.322899 0.971664
v 13.473139 1.932624 1.142260
v 13.497488 1.500000 1.201044
v 13.473139 1.067376 1.142260
v 13.402476 0.677101 0.971664
v 13.292416 0.367376 0.705955
v 13.153732 0.168521 0.371143
v 13.000000 2.831479 0.401722
v 13.000000 2.632624 0.764120
v 12.999999 1.932624 1.236373
v 13.000000 0.367376 0.764120
v -13.000000 2.900000 0.000000
v -13.000000 2.322899 1.051722
v -13.000000 1.500000 1.300000
v -13.000000 1.067376 1.236373
v -13.000000 0.677101 1.051722
v -13.000000 0.168521 0.401722
v -13.000000 0.100000 0.000000
v -13.153732 2.831479 0.371143
v -13.292416 2.632624 0.705956
v -13.402477 2.322899 0.971664
v -13.473139 1.932624 1.142260
v -13.497488 1.500000 1.201043
v -13.473139 1.067376 1.142260
v -13.402477 0.677101 0.971664
v -13.292416 0.367376 0.705956
v -13.153732 0.168521 0.371143
v -13.284060 2.831479 0.284060
v -13.540316 2.632624 0.540315
v -13.743679 2.322899 0.743680
v -13.874249 1.932624 0.874248
v -13.919239 1.500000 0.919239
v -13.874249 1.067376 0.874248
v -13.743679 0.677101 0.743680
v -13.540316 0.367376 0.540315
v -13.284060 0.168521 0.284060
v -13.371143 2.831479 0.153732
v -13.705956 2.632624 0.292416
v -13.971664 2.322899 0.402476
v -14.142260 1.932624 0.473140
v -14.201044 1.500000 0.497488
v -14.142260 1.067376 0.473140
v -13.971664 0.677101 0.402476
v -13.705956 0.367376 0.292416
v -13.371143 0.168521 0.153732
v -13.401722 2.831479 -0.000000
v -13.764120 2.632624 -0.000000
v -14.051722 2.322899 -0.000000
v -14.236374 1.932624 -0.000000
v -14.299999 1.500000 -0.000000
v -14.236374 1.067376 -0.000000
v -14.051722 0.677101 -0.000000
v -13.764120 0.367376 -0.000000
v -13.401722 0.168521 -0.000000
v -13.371143 2.831479 -0.153732
v -13.705956 2.632624 -0.292416
v -13.971664 2.322899 -0.402477
v -14.142260 1.932624 -0.473140
v -14.201044 1.500000 -0.497489
v -14.142260 1.067376 -0.473140
v -13.971664 0.677101 -0.402477
v -13.705956 0.367376 -0.292416
v -13.371143 0.168521 -0.153732
v -13.284060 2.831479 -0.284060
v -13.540316 2.632624 -0.540315
v -13.743679 2.322899 -0.743680
v -13.874249 1.932624 -0.874248
v -13.919239 1.500000 -0.919239
v -13.874249 1.067376 -0.874248
v -13.743679 0.677101 -0.743680
v -13.540316 0.367376 -0.540315
v -13.284060 0.168521 -0.284060
v -13.153732 2.831479 -0.371143
v -13.292416 2.632624 -0.705956
v -13.402475 2.322899 -0.971664
v -13.473139 1.932624 -1.142260
v -13.497488 1.500000 -1.201043
v -13.473139 1.067376 -1.142260
v -13.402475 0.677101 -0.971664
v -13.292416 0.367376 -0.705956
v -13.153732 0.168521 -0.371143
v -13.000000 2.831479 -0.401722
v -13.000000 2.632624 -0.764121
v -13.000000 2.322899 -1.051722
v -13.000000 1.932624 -1.236373
v -13.000000 1.500000 -1.300000
v -13.000000 1.067376 -1.236373
v -13.000000 0.677101 -1.051722
v -13.000000 0.367376 -0.764121
v -13.000000 0.168521 -0.401722
v -12.846268 2.831479 -0.371143
v -12.707584 2.632624 -0.705955
v -12.597523 2.322899 -0.971664
v -12.526859 1.932624 -1.142260
v -12.502512 1.500000 -1.201043
v -12.526859 1.067376 -1.142260
v -12.597523 0.677101 -0.971664
v -12.707584 0.367376 -0.705955
v -12.846268 0.168521 -0.371143
v -12.715939 2.831479 -0.284060
v -12.459684 2.632624 -0.540315
v -12.256321 2.322899 -0.743679
v -12.125751 1.932624 -0.874247
v -12.080761 1.500000 -0.919238
v -12.125751 1.067376 -0.874247
v -12.256321 0.677101 -0.743679
v -12.459684 0.367376 -0.540315
v -12.715939 0.168521 -0.284060
v -12.628857 2.831479 -0.153732
v -12.294044 2.632624 -0.292416
v -12.028336 2.322899 -0.402476
v -11.857740 1.932624 -0.473139
v -11.798956 1.500000 -0.497488
v -11.857740 1.067376 -0.473139
v -12.028336 0.677101 -0.402476
v -12.294044 0.367376 -0.292416
v -12.628857 0.168521 -0.153732
v -12.598278 2.831479 0.000000
v -12.235880 2.632624 0.000000
v -11.948278 2.322899 0.000000
v -11.763626 1.932624 0.000001
v -11.700001 1.500000 0.000001
v -11.763626 1.067376 0.000001
v -11.948278 0.677101 0.000000
v -12.235880 0.367376 0.000000
v -12.598278 0.168521 0.000000
v -12.628857 2.831479 0.153733
v -12.294044 2.632624 0.292417
v -12.028336 2.322899 0.402477
v -11.857740 1.932624 0.473140
v -11.798958 1.500000 0.497489
v -11.857740 1.067376 0.473140
v -12.028336 0.677101 0.402477
v -12.294044 0.367376 0.292417
v -12.628857 0.168521 0.153733
v -12.715940 2.831479 0.284061
v -12.459686 2.632624 0.540315
v -12.256321 2.322899 0.743680
v -12.125753 1.932624 0.874248
v -12.080761 1.500000 0.919239
v -12.125753 1.067376 0.874248
v -12.256321 0.677101 0.743680
v -12.459686 0.367376 0.540315
v -12.715940 0.168521 0.284061
v -12.846268 2.831479 0.371143
v -12.707584 2.632624 0.705955
v -12.597525 2.322899 0.971664
v -12.526861 1.932624 1.142260
v -12.502512 1.500000 1.201044
v -12.526861 1.067376 1.142260
v -12.597525 0.677101 0.971664
v -12.707584 0.367376 0.705955
v -12.846268 0.168521 0.371143
v -13.000000 2.831479 0.401722
v -13.000000 2.632624 0.764120
v -13.000000 1.932624 1.236373
v -13.000000 0.367376 0.764120
v 14.000000 2.900000 9.000000
v 14.000000 2.322899 10.051722
v 14.000000 1.500000 10.300000
v 14.000000 1.067376 10.236374
v 14.000000 0.677101 10.051722
v 14.000000 0.168521 9.401722
v 14.000000 0.100000 9.000000
v 13.846268 2.831479 9.371142
v 13.707583 2.632624 9.705956
v 13.597524 2.322899 9.971664
v 13.526860 1.932624 10.142260
v 13.502512 1.500000 10.201043
v 13.526860 1.067376 10.142260
v 13.597524 0.677101 9.971664
v 13.707583 0.367376 9.705956
v 13.846268 0.168521 9.371142
v 13.715940 2.831479 9.284060
v 13.459685 2.632624 9.540315
v 13.256320 2.322899 9.743680
v 13.125751 1.932624 9.874248
v 13.080761 1.500000 9.919239
v 13.125751 1.067376 9.874248
v 13.256320 0.677101 9.743680
v 13.459685 0.367376 9.540315
v 13.715940 0.168521 9.284060
v 13.628857 2.831479 9.153732
v 13.294044 2.632624 9.292417
v 13.028336 2.322899 9.402476
v 12.857740 1.932624 9.473140
v 12.798957 1.500000 9.497488
v 12.857740 1.067376 9.473140
v 13.028336 0.677101 9.402476
v 13.294044 0.367376 9.292417
v 13.628857 0.168521 9.153732
v 13.598278 2.831479 9.000000
v 13.235879 2.632624 9.000000
v 12.948278 2.322899 9.000000
v 12.763626 1.932624 9.000000
v 12.700000 1.500000 9.000000
v 12.763626 1.067376 9.000000
v 12.948278 0.677101 9.000000
v 13.235879 0.367376 9.000000
v 13.598278 0.168521 9.000000
v 13.628858 2.831479 8.846268
v 13.294044 2.632624 8.707583
v 13.028336 2.322899 8.597524
v 12.857740 1.932624 8.526860
v 12.798957 1.500000 8.502511
v 12.857740 1.067376 8.526860
v 13.028336 0.677101 8.597524
v 13.294044 0.367376 8.707583
v 13.628858 0.168521 8.846268
v 13.715940 2.831479 8.715940
v 13.459685 2.632624 8.459685
v 13.256321 2.322899 8.256320
v 13.125752 1.932624 8.125751
v 13.080762 1.500000 8.080761
v 13.125752 1.067376 8.125751
v 13.256321 0.677101 8.256320
v 13.459685 0.367376 8.459685
v 13.715940 0.168521 8.715940
v 13.846268 2.831479 8.628858
v 13.707584 2.632624 8.294044
v 13.597524 2.322899 8.028336
v 13.526861 1.932624 7.857740
v 13.502512 1.500000 7.798956
v 13.526861 1.067376 7.857740
v 13.597524 0.677101 8.028336
v 13.707584 0.367376 8.294044
v 13.846268 0.168521 8.628858
v 14.000000 2.831479 8.598278
v 14.000000 2.632624 8.235879
v 14.000000 2.322899 7.948278
v 14.000000 1.932624 7.763627
v 14.000000 1.500000 7.700000
v 14.000000 1.067376 7.763627
v 14.000000 0.677101 7.948278
v 14.000000 0.367376 8.235879
v 14.000000 0.168521 8.598278
v 14.153732 2.831479 8.628858
v 14.292417 2.632624 8.294044
v 14.402477 2.322899 8.028336
v 14.473140 1.932624 7.857740
v 14.497489 1.500000 7.798957
v 14.473140 1.067376 7.857740
v 14.402477 0.677101 8.028336
v 14.292417 0.367376 8.294044
v 14.153732 0.168521 8.628858
v 14.284060 2.831479 8.715940
v 14.540315 2.632624 8.459685
v 14.743680 2.322899 8.256321
v 14.874249 1.932624 8.125752
v 14.919239 1.500000 8.080762
v 14.874249 1.067376 8.125752
v 14.743680 0.677101 8.256321
v 14.540315 0.367376 8.459685
v 14.284060 0.168521 8.715940
v 14.371143 2.831479 8.846268
v 14.705956 2.632624 8.707584
v 14.971664 2.322899 8.597524
v 15.142260 1.932624 8.526861
v 15.201044 1.500000 8.502512
v 15.142260 1.067376 8.526861
v 14.971664 0.677101 8.597524
v 14.705956 0.367376 8.707584
v 14.371143 0.168521 8.846268
v 14.401722 2.831479 9.000000
v 14.764120 2.632624 9.000000
v 15.051722 2.322899 9.000000
v 15.236373 1.932624 9.000001
v 15.299999 1.500000 9.000001
v 15.236373 1.067376 9.000001
v 15.051722 0.677101 9.000000
v 14.764120 0.367376 9.000000
v 14.401722 0.168521 9.000000
v 14.371142 2.831479 9.153732
v 14.705956 2.632624 9.292417
v 14.971664 2.322899 9.402477
v 15.142260 1.932624 9.473140
v 15.201043 1.500000 9.497489
v 15.142260 1.067376 9.473140
v 14.971664 0.677101 9.402477
v 14.705956 0.367376 9.292417
v 14.371142 0.168521 9.153732
v 14.284060 2.831479 9.284060
v 14.540315 2.632624 9.540315
v 14.743679 2.322899 9.743680
v 14.874248 1.932624 9.874249
v 14.919238 1.500000 9.919239
v 14.874248 1.067376 9.874249
v 14.743679 0.677101 9.743680
v 14.540315 0.367376 9.540315
v 14.284060 0.168521 9.284060
v 14.153732 2.831479 9.371143
v 14.292416 2.632624 9.705956
v 14.402476 2.322899 9.971664
v 14.473139 1.932624 10.142260
v 14.497488 1.500000 10.201044
v 14.473139 1.067376 10.142260
v 14.402476 0.677101 9.971664
v 14.292416 0.367376 9.705956
v 14.153732 0.168521 9.371143
v 14.000000 2.831479 9.401722
v 14.000000 2.632624 9.764120
v 13.999999 1.932624 10.236373
v 14.000000 0.367376 9.764120
v -14.000000 2.900000 9.000000
v -14.000000 2.322899 10.051722
v -14.000000 1.500000 10.300000
v -14.000000 1.067376 10.236374
v -14.000000 0.677101 10.051722
v -14.000000 0.168521 9.401722
v -14.000000 0.100000 9.000000
v -14.153732 2.831479 9.371142
v -14.292416 2.632624 9.705956
v -14.402477 2.322899 9.971664
v -14.473139 1.932624 10.142260
v -14.497488 1.500000 10.201043
v -14.473139 1.067376 10.142260
v -14.402477 0.677101 9.971664
v -14.292416 0.367376 9.705956
v -14.153732 0.168521 9.371142
v -14.284060 2.831479 9.284060
v -14.540316 2.632624 9.540315
v -14.743679 2.322899 9.743680
v -14.874249 1.932624 9.874248
v -14.919239 1.500000 9.919239
v -14.874249 1.067376 9.874248
v -14.743679 0.677101 9.743680
v -14.540316 0.367376 9.540315
v -14.284060 0.168521 9.284060
v -14.371143 2.831479 9.153732
v -14.705956 2.632624 9.292417
v -14.971664 2.322899 9.402476
v -15.142260 1.932624 9.473140
v -15.201044 1.500000 9.497488
v -15.142260 1.067376 9.473140
v -14.971664 0.677101 9.402476
v -14.705956 0.367376 9.292417
v -14.371143 0.168521 9.153732
v -14.401722 2.831479 9.000000
v -14.764120 2.632624 9.000000
v -15.051722 2.322899 9.000000
v -15.236374 1.932624 9.000000
v -15.299999 1.500000 9.000000
v -15.236374 1.067376 9.000000
v -15.051722 0.677101 9.000000
v -14.764120 0.367376 9.000000
v -14.401722 0.168521 9.000000
v -14.371143 2.831479 8.846268
v -14.705956 2.632624 8.707583
v -14.971664 2.322899 8.597524
v -15.142260 1.932624 8.526860
v -15.201044 1.500000 8.502511
v -15.142260 1.067376 8.526860
v -14.971664 0.677101 8.597524
v -14.705956 0.367376 8.707583
v -14.371143 0.168521 8.846268
v -14.284060 2.831479 8.715940
v -14.540316 2.632624 8.459685
v -14.743679 2.322899 8.256320
v -14.874249 1.932624 8.125751
v -14.919239 1.500000 8.080761
v -14.874249 1.067376 8.125751
v -14.743679 0.677101 8.256320
v -14.540316 0.367376 8.459685
v -14.284060 0.168521 8.715940
v -14.153732 2.831479 8.628858
v -14.292416 2.632624 8.294044
v -14.402475 2.322899 8.028336
v -14.473139 1.932624 7.857740
v -14.497488 1.500000 7.798956
v -14.473139 1.067376 7.857740
v -14.402475 0.677101 8.028336
v -14.292416 0.367376 8.294044
v -14.153732 0.168521 8.628858
v -14.000000 2.831479 8.598278
v -14.000000 2.632624 8.235879
v -14.000000 2.322899 7.948278
v -14.000000 1.932624 7.763627
v -14.000000 1.500000 7.700000
v -14.000000 1.067376 7.763627
v -14.000000 0.677101 7.948278
v -14.000000 0.367376 8.235879
v -14.000000 0.168521 8.598278
v -13.846268 2.831479 8.628858
v -13.707584 2.632624 8.294044
v -13.597523 2.322899 8.028336
v -13.526859 1.932624 7.857740
v -13.502512 1.500000 7.798957
v -13.526859 1.067376 7.857740
v -13.597523 0.677101 8.028336
v -13.707584 0.367376 8.294044
v -13.846268 0.168521 8.628858
v -13.715939 2.831479 8.715940
v -13.459684 2.632624 8.459685
v -13.256321 2.322899 8.256321
v -13.125751 1.932624 8.125752
v -13.080761 1.500000 8.080762
v -13.125751 1.067376 8.125752
v -13.256321 0.677101 8.256321
v -13.459684 0.367376 8.459685
v -13.715939 0.168521 8.715940
v -13.628857 2.831479 8.846268
v -13.294044 2.632624 8.707584
v -13.028336 2.322899 8.597524
v -12.857740 1.932624 8.526861
v -12.798956 1.500000 8.502512
v -12.857740 1.067376 8.526861
v -13.028336 0.677101 8.597524
v -13.294044 0.367376 8.707584
v -13.628857 0.168521 8.846268
v -13.598278 2.831479 9.000000
v -13.235880 2.632624 9.000000
v -12.948278 2.322899 9.000000
v -12.763626 1.932624 9.000001
v -12.700001 1.500000 9.000001
v -12.763626 1.067376 9.000001
v -12.948278 0.677101 9.000000
v -13.235880 0.367376 9.000000
v -13.598278 0.168521 9.000000
v -13.628857 2.831479 9.153732
v -13.294044 2.632624 9.292417
v -13.028336 2.322899 9.402477
v -12.857740 1.932624 9.473140
v -12.798958 1.500000 9.497489
v -12.857740 1.067376 9.473140
v -13.028336 0.677101 9.402477
v -13.294044 0.367376 9.292417
v -13.628857 0.168521 9.153732
v -13.715940 2.831479 9.284060
v -13.459686 2.632624 9.540315
v -13.256321 2.322899 9.743680
v -13.125753 1.932624 9.874249
v -13.080761 1.500000 9.919239
v -13.125753 1.067376 9.874249
v -13.256321 0.677101 9.743680
v -13.459686 0.367376 9.540315
v -13.715940 0.168521 9.284060
v -13.846268 2.831479 9.371143
v -13.707584 2.632624 9.705956
v -13.597525 2.322899 9.971664
v -13.526861 1.932624 10.142260
v -13.502512 1.500000 10.201044
v -13.526861 1.067376 10.142260
v -13.597525 0.677101 9.971664
v -13.707584 0.367376 9.705956
v -13.846268 0.168521 9.371143
v -14.000000 2.831479 9.401722
v -14.000000 2.632624 9.764120
v -14.000000 1.932624 10.236373
v -14.000000 0.367376 9.764120
v 13.000000 2.900000 21.000000
v 13.000000 2.322899 22.051722
v 13.000000 1.500000 22.299999
v 13.000000 1.067376 22.236374
v 13.000000 0.677101 22.051722
v 13.000000 0.168521 21.401722
v 13.000000 0.100000 21.000000
v 12.846268 2.831479 21.371143
v 12.707583 2.632624 21.705956
v 12.597524 2.322899 21.971664
v 12.526860 1.932624 22.142260
v 12.502512 1.500000 22.201044
v 12.526860 1.067376 22.142260
v 12.597524 0.677101 21.971664
v 12.707583 0.367376 21.705956
v 12.846268 0.168521 21.371143
v 12.715940 2.831479 21.284060
v 12.459685 2.632624 21.540316
v 12.256320 2.322899 21.743679
v 12.125751 1.932624 21.874249
v 12.080761 1.500000 21.919239
v 12.125751 1.067376 21.874249
v 12.256320 0.677101 21.743679
v 12.459685 0.367376 21.540316
v 12.715940 0.168521 21.284060
v 12.628858 2.831479 21.153732
v 12.294044 2.632624 21.292416
v 12.028336 2.322899 21.402477
v 11.857740 1.932624 21.473139
v 11.798957 1.500000 21.497488
v 11.857740 1.067376 21.473139
v 12.028336 0.677101 21.402477
v 12.294044 0.367376 21.292416
v 12.628858 0.168521 21.153732
v 12.598278 2.831479 21.000000
v 12.235879 2.632624 21.000000
v 11.948278 2.322899 21.000000
v 11.763626 1.932624 21.000000
v 11.700000 1.500000 21.000000
v 11.763626 1.067376 21.000000
v 11.948278 0.677101 21.000000
v 12.235879 0.367376 21.000000
v 12.598278 0.168521 21.000000
v 12.628858 2.831479 20.846268
v 12.294044 2.632624 20.707584
v 12.028336 2.322899 20.597523
v 11.857740 1.932624 20.526859
v 11.798957 1.500000 20.502512
v 11.857740 1.067376 20.526859
v 12.028336 0.677101 20.597523
v 12.294044 0.367376 20.707584
v 12.628858 0.168521 20.846268
v 12.715940 2.831479 20.715939
v 12.459685 2.632624 20.459684
v 12.256321 2.322899 20.256321
v 12.125752 1.932624 20.125751
v 12.080762 1.500000 20.080761
v 12.125752 1.067376 20.125751
v 12.256321 0.677101 20.256321
v 12.459685 0.367376 20.459684
v 12.715940 0.168521 20.715939
v 12.846268 2.831479 20.628857
v 12.707583 2.632624 20.294044
v 12.597524 2.322899 20.028336
v 12.526861 1.932624 19.857740
v 12.502512 1.500000 19.798956
v 12.526861 1.067376 19.857740
v 12.597524 0.677101 20.028336
v 12.707583 0.367376 20.294044
v 12.846268 0.168521 20.628857
v 13.000000 2.831479 20.598278
v 13.000000 2.632624 20.235880
v 13.000000 2.322899 19.948278
v 13.000000 1.932624 19.763626
v 13.000000 1.500000 19.700001
v 13.000000 1.067376 19.763626
v 13.000000 0.677101 19.948278
v 13.000000 0.367376 20.235880
v 13.000000 0.168521 20.598278
v 13.153732 2.831479 20.628857
v 13.292417 2.632624 20.294044
v 13.402477 2.322899 20.028336
v 13.473140 1.932624 19.857740
v 13.497489 1.500000 19.798958
v 13.473140 1.067376 19.857740
v 13.402477 0.677101 20.028336
v 13.292417 0.367376 20.294044
v 13.153732 0.168521 20.628857
v 13.284060 2.831479 20.715940
v 13.540315 2.632624 20.459686
v 13.743680 2.322899 20.256321
v 13.874249 1.932624 20.125753
v 13.919239 1.500000 20.080761
v 13.874249 1.067376 20.125753
v 13.743680 0.677101 20.256321
v 13.540315 0.367376 20.459686
v 13.284060 0.168521 20.715940
v 13.371143 2.831479 20.846268
v 13.705956 2.632624 20.707584
v 13.971664 2.322899 20.597525
v 14.142260 1.932624 20.526861
v 14.201043 1.500000 20.502512
v 14.142260 1.067376 20.526861
v 13.971664 0.677101 20.597525
v 13.705956 0.367376 20.707584
v 13.371143 0.168521 20.846268
v 13.401722 2.831479 21.000000
v 13.764121 2.632624 21.000000
v 14.051722 2.322899 21.000000
v 14.236373 1.932624 21.000000
v 14.300000 1.500000 21.000000
v 14.236373 1.067376 21.000000
v 14.051722 0.677101 21.000000
v 13.764121 0.367376 21.000000
v 13.401722 0.168521 21.000000
v 13.371142 2.831479 21.153732
v 13.705956 2.632624 21.292418
v 13.971663 2.322899 21.402477
v 14.142260 1.932624 21.473141
v 14.201043 1.500000 21.497490
v 14.142260 1.067376 21.473141
v 13.971663 0.677101 21.402477
v 13.705956 0.367376 21.292418
v 13.371142 0.168521 21.153732
v 13.284060 2.831479 21.284061
v 13.540315 2.632624 21.540316
v 13.743679 2.322899 21.743679
v 13.874248 1.932624 21.874249
v 13.919238 1.500000 21.919239
v 13.874248 1.067376 21.874249
v 13.743679 0.677101 21.743679
v 13.540315 0.367376 21.540316
v 13.284060 0.168521 21.284061
v 13.153732 2.831479 21.371143
v 13.292416 2.632624 21.705956
v 13.402476 2.322899 21.971664
v 13.473139 1.932624 22.142260
v 13.497488 1.500000 22.201044
v 13.473139 1.067376 22.142260
v 13.402476 0.677101 21.971664
v 13.292416 0.367376 21.705956
v 13.153732 0.168521 21.371143
v 13.000000 2.831479 21.401722
v 13.000000 2.632624 21.764120
v 12.999999 1.932624 22.236374
v 13.000000 0.367376 21.764120
v -13.000000 2.900000 21.000000
v -13.000000 2.322899 22.051722
v -13.000000 1.500000 22.299999
v -13.000000 1.067376 22.236374
v -13.000000 0.677101 22.051722
v -13.000000 0.168521 21.401722
v -13.000000 0.100000 21.000000
v -13.153732 2.831479 21.371143
v -13.292416 2.632624 21.705956
v -13.402477 2.322899 21.971664
v -13.473139 1.932624 22.142260
v -13.497488 1.500000 22.201044
v -13.473139 1.067376 22.142260
v -13.402477 0.677101 21.971664
v -13.292416 0.367376 21.705956
v -13.153732 0.168521 21.371143
v -13.284060 2.831479 21.284060
v -13.540316 2.632624 21.540316
v -13.743679 2.322899 21.743679
v -13.874249 1.932624 21.874249
v -13.919239 1.500000 21.919239
v -13.874249 1.067376 21.874249
v -13.743679 0.677101 21.743679
v -13.540316 0.367376 21.540316
v -13.284060 0.168521 21.284060
v -13.371143 2.831479 21.153732
v -13.705956 2.632624 21.292416
v -13.971664 2.322899 21.402477
v -14.142260 1.932624 21.473139
v -14.201044 1.500000 21.497488
v -14.142260 1.067376 21.473139
v -13.971664 0.677101 21.402477
v -13.705956 0.367376 21.292416
v -13.371143 0.168521 21.153732
v -13.401722 2.831479 21.000000
v -13.764120 2.632624 21.000000
v -14.051722 2.322899 21.000000
v -14.236374 1.932624 21.000000
v -14.299999 1.500000 21.000000
v -14.236374 1.067376 21.000000
v -14.051722 0.677101 21.000000
v -13.764120 0.367376 21.000000
v -13.401722 0.168521 21.000000
v -13.371143 2.831479 20.846268
v -13.705956 2.632624 20.707584
v -13.971664 2.322899 20.597523
v -14.142260 1.932624 20.526859
v -14.201044 1.500000 20.502512
v -14.142260 1.067376 20.526859
v -13.971664 0.677101 20.597523
v -13.705956 0.367376 20.707584
v -13.371143 0.168521 20.846268
v -13.284060 2.831479 20.715939
v -13.540316 2.632624 20.459684
v -13.743679 2.322899 20.256321
v -13.874249 1.932624 20.125751
v -13.919239 1.500000 20.080761
v -13.874249 1.067376 20.125751
v -13.743679 0.677101 20.256321
v -13.540316 0.367376 20.459684
v -13.284060 0.168521 20.715939
v -13.153732 2.831479 20.628857
v -13.292416 2.632624 20.294044
v -13.402475 2.322899 20.028336
v -13.473139 1.932624 19.857740
v -13.497488 1.500000 19.798956
v -13.473139 1.067376 19.857740
v -13.402475 0.677101 20.028336
v -13.292416 0.367376 20.294044
v -13.153732 0.168521 20.628857
v -13.000000 2.831479 20.598278
v -13.000000 2.632624 20.235880
v -13.000000 2.322899 19.948278
v -13.000000 1.932624 19.763626
v -13.000000 1.500000 19.700001
v -13.000000 1.067376 19.763626
v -13.000000 0.677101 19.948278
v -13.000000 0.367376 20.235880
v -13.000000 0.168521 20.598278
v -12.846268 2.831479 20.628857
v -12.707584 2.632624 20.294044
v -12.597523 2.322899 20.028336
v -12.526859 1.932624 19.857740
v -12.502512 1.500000 19.798958
v -12.526859 1.067376 19.857740
v -12.597523 0.677101 20.028336
v -12.707584 0.367376 20.294044
v -12.846268 0.168521 20.628857
v -12.715939 2.831479 20.715940
v -12.459684 2.632624 20.459686
v -12.256321 2.322899 20.256321
v -12.125751 1.932624 20.125753
v -12.080761 1.500000 20.080761
v -12.125751 1.067376 20.125753
v -12.256321 0.677101 20.256321
v -12.459684 0.367376 20.459686
v -12.715939 0.168521 20.715940
v -12.628857 2.831479 20.846268
v -12.294044 2.632624 20.707584
v -12.028336 2.322899 20.597525
v -11.857740 1.932624 20.526861
v -11.798956 1.500000 20.502512
v -11.857740 1.067376 20.526861
v -12.028336 0.677101 20.597525
v -12.294044 0.367376 20.707584
v -12.628857 0.168521 20.846268
v -12.598278 2.831479 21.000000
v -12.235880 2.632624 21.000000
v -11.948278 2.322899 21.000000
v -11.763626 1.932624 21.000000
v -11.700001 1.500000 21.000000
v -11.763626 1.067376 21.000000
v -11.948278 0.677101 21.000000
v -12.235880 0.367376 21.000000
v -12.598278 0.168521 21.000000
v -12.628857 2.831479 21.153732
v -12.294044 2.632624 21.292418
v -12.028336 2.322899 21.402477
v -11.857740 1.932624 21.473141
v -11.798958 1.500000 21.497490
v -11.857740 1.067376 21.473141
v -12.028336 0.677101 21.402477
v -12.294044 0.367376 21.292418
v -12.628857 0.168521 21.153732
v -12.715940 2.831479 21.284061
v -12.459686 2.632624 21.540316
v -12.256321 2.322899 21.743679
v -12.125753 1.932624 21.874249
v -12.080761 1.500000 21.919239
v -12.125753 1.067376 21.874249
v -12.256321 0.677101 21.743679
v -12.459686 0.367376 21.540316
v -12.715940 0.168521 21.284061
v -12.846268 2.831479 21.371143
v -12.707584 2.632624 21.705956
v -12.597525 2.322899 21.971664
v -12.526861 1.932624 22.142260
v -12.502512 1.500000 22.201044
v -12.526861 1.067376 22.142260
v -12.597525 0.677101 21.971664
v -12.707584 0.367376 21.705956
v -12.846268 0.168521 21.371143
v -13.000000 2.831479 21.401722
v -13.000000 2.632624 21.764120
v -13.000000 1.932624 22.236374
v -13.000000 0.367376 21.764120
vn -0.0334 -0.9852 0.1680
vn -0.1770 -0.4209 0.8897
vn -0.1770 0.4209 0.8897
vn -0.0334 0.9852 0.1680
vn -0.1442 -0.6733 0.7251
vn -0.1931 0.1428 0.9707
vn -0.0953 0.8727 0.4789
vn -0.0953 -0.8727 0.4789
vn -0.1931 -0.1428 0.9707
vn -0.1442 0.6733 0.7251
vn -0.5040 -0.4209 0.7542
vn -0.5040 0.4209 0.7542
vn -0.0952 0.9852 0.1425
vn -0.4108 -0.6733 0.6147
vn -0.5499 0.1428 0.8230
vn -0.2713 0.8727 0.4060
vn -0.2713 -0.8727 0.4060
vn -0.5499 -0.1428 0.8230
vn -0.4108 0.6733 0.6147
vn -0.0952 -0.9852 0.1425
vn -0.6147 0.6733 0.4108
vn -0.1425 -0.9852 0.0952
vn -0.7542 -0.4209 0.5040
vn -0.7542 0.4209 0.5040
vn -0.1425 0.9852 0.0952
vn -0.6147 -0.6733 0.4108
vn -0.8230 0.1428 0.5499
vn -0.4060 0.8727 0.2713
vn -0.4060 -0.8727 0.2713
vn -0.8230 -0.1428 0.5499
vn -0.4789 -0.8727 0.0953
vn -0.9707 -0.1428 0.1931
vn -0.7251 0.6733 0.1442
vn -0.1680 -0.9852 0.0334
vn -0.8897 -0.4209 0.1770
vn -0.8897 0.4209 0.1770
vn -0.1680 0.9852 0.0334
vn -0.7251 -0.6733 0.1442
vn -0.9707 0.1428 0.1931
vn -0.4789 0.8727 0.0953
vn -0.9707 0.1428 -0.1931
vn -0.4789 0.8727 -0.0953
vn -0.4789 -0.8727 -0.0953
vn -0.9707 -0.1428 -0.1931
vn -0.7251 0.6733 -0.1442
vn -0.1680 -0.9852 -0.0334
vn -0.8897 -0.4209 -0.1770
vn -0.8897 0.4209 -0.1770
vn -0.1680 0.9852 -0.0334
vn -0.7251 -0.6733 -0.1442
vn -0.1425 0.9852 -0.0952
vn -0.6147 -0.6733 -0.4108
vn -0.8230 0.1428 -0.5499
vn -0.4060 0.8727 -0.2713
vn -0.4060 -0.8727 -0.2713
vn -0.8230 -0.1428 -0.5499
vn -0.6147 0.6733 -0.4108
vn -0.1425 -0.9852 -0.0952
vn -0.7542 -0.4209 -0.5040
vn -0.7542 0.4209 -0.5040
vn -0.5040 0.4209 -0.7542
vn -0.0952 0.9852 -0.1425
vn -0.4108 -0.6733 -0.6147
vn -0.5499 0.1428 -0.8230
vn -0.2713 0.8727 -0.4060
vn -0.2713 -0.8727 -0.4060
vn -0.5499 -0.1428 -0.8230
vn -0.4108 0.6733 -0.6147
vn -0.0952 -0.9852 -0.1425
vn -0.5040 -0.4209 -0.7542
vn -0.0334 -0.9852 -0.1680
vn -0.1770 -0.4209 -0.8897
vn -0.1770 0.4209 -0.8897
vn -0.0334 0.9852 -0.1680
vn -0.1442 -0.6733 -0.7251
vn -0.1931 0.1428 -0.9707
vn -0.0953 0.8727 -0.4789
vn -0.0953 -0.8727 -0.4789
vn -0.1931 -0.1428 -0.9707
vn -0.1442 0.6733 -0.7251
vn 0.1931 -0.1428 -0.9707
vn 0.1442 0.6733 -0.7251
vn 0.0334 -0.9852 -0.1680
vn 0.1770 -0.4209 -0.8897
vn 0.1770 0.4209 -0.8897
vn 0.0334 0.9852 -0.1680
vn 0.1442 -0.6733 -0.7251
vn 0.1931 0.1428 -0.9707
vn 0.0953 0.8727 -0.4789
vn 0.0953 -0.8727 -0.4789
vn 0.2713 0.8727 -0.4060
vn 0.2713 -0.8727 -0.4060
vn 0.5499 -0.1428 -0.8230
vn 0.4108 0.6733 -0.6147
vn 0.0952 -0.9852 -0.1425
vn 0.5040 -0.4209 -0.7542
vn 0.5040 0.4209 -0.7542
vn 0.0952 0.9852 -0.1425
vn 0.4108 -0.6733 -0.6147
vn 0.5499 0.1428 -0.8230
vn 0.8230 0.1428 -0.5499
vn 0.4060 0.8727 -0.2713
vn 0.4060 -0.8727 -0.2713
vn 0.8230 -0.1428 -0.5499
vn 0.6147 0.6733 -0.4108
vn 0.1425 -0.9852 -0.0952
vn 0.7542 -0.4209 -0.5040
vn 0.7542 0.4209 -0.5040
vn 0.1425 0.9852 -0.0952
vn 0.6147 -0.6733 -0.4108
vn 0.1680 0.9852 -0.0334
vn 0.7251 -0.6733 -0.1442
vn 0.9707 0.1428 -0.1931
vn 0.4789 0.8727 -0.0953
vn 0.4789 -0.8727 -0.0953
vn 0.9707 -0.1428 -0.1931
vn 0.7251 0.6733 -0.1442
vn 0.1680 -0.9852 -0.0334
vn 0.8897 -0.4209 -0.1770
vn 0.8897 0.4209 -0.1770
vn 0.8897 -0.4209 0.1770
vn 0.8897 0.4209 0.1770
vn 0.1680 0.9852 0.0334
vn 0.7251 -0.6733 0.1442
vn 0.9707 0.1428 0.1931
vn 0.4789 0.8727 0.0953
vn 0.4789 -0.8727 0.0953
vn 0.9707 -0.1428 0.1931
vn 0.7251 0.6733 0.1442
vn 0.1680 -0.9852 0.0334
vn 0.6147 0.6733 0.4108
vn 0.1425 -0.9852 0.0952
vn 0.7542 -0.4209 0.5040
vn 0.7542 0.4209 0.5040
vn 0.1425 0.9852 0.0952
vn 0.6147 -0.6733 0.4108
vn 0.8230 0.1428 0.5499
vn 0.4060 0.8727 0.2713
vn 0.4060 -0.8727 0.2713
vn 0.8230 -0.1428 0.5499
vn 0.5499 -0.1428 0.8230
vn 0.4108 0.6733 0.6147
vn 0.0952 -0.9852 0.1425
vn 0.5040 -0.4209 0.7542
vn 0.5040 0.4209 0.7542
vn 0.0952 0.9852 0.1425
vn 0.4108 -0.6733 0.6147
vn 0.5499 0.1428 0.8230
vn 0.2713 0.8727 0.4060
vn 0.2713 -0.8727 0.4060
vn 0.0953 0.8727 0.4789
vn 0.0953 -0.8727 0.4789
vn 0.1931 -0.1428 0.9707
vn 0.1442 0.6733 0.7251
vn 0.0334 -0.9852 0.1680
vn 0.1770 -0.4209 0.8897
vn 0.1770 0.4209 0.8897
vn 0.0334 0.9852 0.1680
vn 0.1442 -0.6733 0.7251
vn 0.1931 0.1428 0.9707
vn -0.4107 -0.6733 0.6147
vn -0.6147 -0.6733 0.4107
vn -0.8229 -0.1428 0.5499
vn -0.7542 -0.4209 0.5039
vn -0.4789 -0.8727 0.0952
vn -0.4789 -0.8727 -0.0952
vn -0.8229 -0.1428 -0.5499
vn -0.6147 -0.6733 -0.4107
vn -0.4107 -0.6733 -0.6147
vn 0.6147 0.6733 -0.4107
vn 0.7542 -0.4209 -0.5039
vn 0.7542 0.4209 -0.5039
vn 0.4789 -0.8727 -0.0952
vn 0.4789 -0.8727 0.0952
vn 0.7542 0.4209 0.5039
vn 0.5039 -0.4209 0.7542
vn -0.7542 0.4209 0.5039
vn 0.4107 -0.6733 -0.6147
vn -0.5039 0.4209 -0.7542
vn 0.4789 0.8727 0.0952
vn -0.4107 0.6733 0.6147
vn -0.8229 0.1428 0.5499
vn -0.6147 0.6733 0.4107
vn -0.4789 0.8727 0.0952
vn -0.4789 0.8727 -0.0952
vn -0.6147 0.6733 -0.4107
vn -0.8229 0.1428 -0.5499
vn -0.4107 0.6733 -0.6147
vn 0.6147 -0.6733 -0.4107
vn 0.4789 0.8727 -0.0952
vn 0.7542 -0.4209 0.5039
vn 0.5039 0.4209 0.7542
vn 0.4107 0.6733 -0.6147
vn -0.5039 -0.4209 -0.7542
vt 0.718750 0.000000
vt 0.750000 0.100000
vt 0.687500 0.100000
vt 0.750000 0.300000
vt 0.687500 0.400000
vt 0.687500 0.300000
vt 0.750000 0.600000
vt 0.687500 0.700000
vt 0.687500 0.600000
vt 0.750000 0.900000
vt 0.718750 1.000000
vt 0.687500 0.900000
vt 0.750000 0.200000
vt 0.687500 0.200000
vt 0.687500 0.500000
vt 0.750000 0.500000
vt 0.750000 0.800000
vt 0.687500 0.800000
vt 0.750000 0.400000
vt 0.750000 0.700000
vt 0.625000 0.400000
vt 0.625000 0.300000
vt 0.625000 0.600000
vt 0.656250 1.000000
vt 0.625000 0.900000
vt 0.625000 0.200000
vt 0.625000 0.500000
vt 0.625000 0.800000
vt 0.625000 0.100000
vt 0.625000 0.700000
vt 0.656250 0.000000
vt 0.562500 0.700000
vt 0.593750 0.000000
vt 0.562500 0.100000
vt 0.562500 0.400000
vt 0.562500 0.300000
vt 0.562500 0.600000
vt 0.593750 1.000000
vt 0.562500 0.900000
vt 0.562500 0.200000
vt 0.562500 0.500000
vt 0.562500 0.800000
vt 0.500000 0.200000
vt 0.500000 0.100000
vt 0.500000 0.400000
vt 0.500000 0.700000
vt 0.531250 0.000000
vt 0.500000 0.300000
vt 0.500000 0.600000
vt 0.531250 1.000000
vt 0.500000 0.900000
vt 0.500000 0.500000
vt 0.500000 0.800000
vt 0.437500 0.600000
vt 0.437500 0.500000
vt 0.437500 0.800000
vt 0.437500 0.200000
vt 0.437500 0.100000
vt 0.437500 0.400000
vt 0.437500 0.700000
vt 0.468750 0.000000
vt 0.437500 0.300000
vt 0.468750 1.000000
vt 0.437500 0.900000
vt 0.406250 1.000000
vt 0.375000 0.900000
vt 0.375000 0.300000
vt 0.375000 0.200000
vt 0.375000 0.600000
vt 0.375000 0.500000
vt 0.375000 0.800000
vt 0.375000 0.100000
vt 0.375000 0.400000
vt 0.375000 0.700000
vt 0.406250 0.000000
vt 0.312500 0.600000
vt 0.343750 1.000000
vt 0.312500 0.900000
vt 0.312500 0.300000
vt 0.312500 0.200000
vt 0.312500 0.500000
vt 0.312500 0.800000
vt 0.312500 0.100000
vt 0.312500 0.400000
vt 0.312500 0.700000
vt 0.343750 0.000000
vt 0.281250 0.000000
vt 0.250000 0.100000
vt 0.250000 0.300000
vt 0.250000 0.600000
vt 0.281250 1.000000
vt 0.250000 0.900000
vt 0.250000 0.200000
vt 0.250000 0.500000
vt 0.250000 0.800000
vt 0.250000 0.400000
vt 0.250000 0.700000
vt 0.187500 0.400000
vt 0.187500 0.700000
vt 0.218750 0.000000
vt 0.187500 0.100000
vt 0.187500 0.300000
vt 0.187500 0.600000
vt 0.218750 1.000000
vt 0.187500 0.900000
vt 0.187500 0.200000
vt 0.187500 0.500000
vt 0.187500 0.800000
vt 0.125000 0.800000
vt 0.125000 0.100000
vt 0.125000 0.400000
vt 0.125000 0.700000
vt 0.156250 0.000000
vt 0.125000 0.300000
vt 0.125000 0.600000
vt 0.156250 1.000000
vt 0.125000 0.900000
vt 0.125000 0.200000
vt 0.125000 0.500000
vt 0.062500 0.600000
vt 0.062500 0.500000
vt 0.062500 0.800000
vt 0.062500 0.100000
vt 0.062500 0.400000
vt 0.062500 0.700000
vt 0.093750 0.000000
vt 0.062500 0.300000
vt 0.093750 1.000000
vt 0.062500 0.900000
vt 0.062500 0.200000
vt 0.031250 1.000000
vt 0.000000 0.900000
vt 0.000000 0.300000
vt 0.000000 0.200000
vt 0.000000 0.600000
vt 0.000000 0.500000
vt 0.000000 0.800000
vt 0.000000 0.100000
vt 0.000000 0.400000
vt 0.000000 0.700000
vt 0.031250 0.000000
vt 1.000000 0.400000
vt 0.937500 0.300000
vt 1.000000 0.300000
vt 1.000000 0.600000
vt 0.937500 0.700000
vt 0.937500 0.600000
vt 1.000000 0.900000
vt 0.968750 1.000000
vt 0.937500 0.900000
vt 1.000000 0.200000
vt 0.937500 0.200000
vt 1.000000 0.500000
vt 0.937500 0.500000
vt 0.937500 0.800000
vt 1.000000 0.800000
vt 1.000000 0.100000
vt 0.937500 0.100000
vt 0.937500 0.400000
vt 1.000000 0.700000
vt 0.968750 0.000000
vt 0.875000 0.700000
vt 0.906250 0.000000
vt 0.875000 0.100000
vt 0.875000 0.300000
vt 0.875000 0.600000
vt 0.906250 1.000000
vt 0.875000 0.900000
vt 0.875000 0.200000
vt 0.875000 0.500000
vt 0.875000 0.800000
vt 0.875000 0.400000
vt 0.812500 0.400000
vt 0.812500 0.700000
vt 0.843750 0.000000
vt 0.812500 0.100000
vt 0.812500 0.300000
vt 0.812500 0.600000
vt 0.843750 1.000000
vt 0.812500 0.900000
vt 0.812500 0.200000
vt 0.812500 0.500000
vt 0.812500 0.800000
vt 0.781250 0.000000
vt 0.781250 1.000000
s 0
usemtl CandyPink
f 2617/217/237 2616/218/237 2626/219/237
f 2615/220/238 2623/221/238 2624/222/238
f 2755/223/239 2620/224/239 2621/225/239
f 2753/226/240 2611/227/240 2618/228/240
f 2756/229/241 2624/222/241 2625/230/241
f 2755/223/242 2622/231/242 2613/232/242
f 2754/233/243 2618/228/243 2619/234/243
f 2756/229/244 2626/219/244 2616/218/244
f 2613/232/245 2623/221/245 2614/235/245
f 2754/233/246 2620/224/246 2612/236/246
f 2624/222/247 2632/237/247 2633/238/247
f 2620/224/248 2630/239/248 2621/225/248
f 2618/228/249 2611/240/249 2627/241/249
f 2625/230/250 2633/238/250 2634/242/250
f 2622/231/251 2630/239/251 2631/243/251
f 2618/228/252 2628/244/252 2619/234/252
f 2625/230/253 2635/245/253 2626/219/253
f 2622/231/254 2632/237/254 2623/221/254
f 2619/234/255 2629/246/255 2620/224/255
f 2617/247/256 2626/219/256 2635/245/256
f 2628/244/257 2638/248/257 2629/246/257
f 2617/249/258 2635/245/258 2644/250/258
f 2633/238/259 2641/251/259 2642/252/259
f 2629/246/260 2639/253/260 2630/239/260
f 2627/241/261 2611/254/261 2636/255/261
f 2633/238/262 2643/256/262 2634/242/262
f 2631/243/263 2639/253/263 2640/257/263
f 2628/244/264 2636/255/264 2637/258/264
f 2634/242/265 2644/250/265 2635/245/265
f 2631/243/266 2641/251/266 2632/237/266
f 2644/250/267 2652/259/267 2653/260/267
f 2640/257/268 2650/261/268 2641/251/268
f 2637/258/269 2647/262/269 2638/248/269
f 2617/263/270 2644/250/270 2653/260/270
f 2642/252/271 2650/261/271 2651/264/271
f 2638/248/272 2648/265/272 2639/253/272
f 2636/255/273 2611/266/273 2645/267/273
f 2642/252/274 2652/259/274 2643/256/274
f 2640/257/275 2648/265/275 2649/268/275
f 2636/255/276 2646/269/276 2637/258/276
f 2649/268/277 2657/270/277 2658/271/277
f 2645/267/278 2655/272/278 2646/269/278
f 2653/260/279 2661/273/279 2662/274/279
f 2649/268/280 2659/275/280 2650/261/280
f 2646/269/281 2656/276/281 2647/262/281
f 2617/277/282 2653/260/282 2662/274/282
f 2651/264/283 2659/275/283 2660/278/283
f 2647/262/284 2657/270/284 2648/265/284
f 2645/267/285 2611/279/285 2654/280/285
f 2652/259/286 2660/278/286 2661/273/286
f 2654/280/287 2611/281/287 2663/282/287
f 2661/273/288 2669/283/288 2670/284/288
f 2658/271/289 2666/285/289 2667/286/289
f 2655/272/290 2663/282/290 2664/287/290
f 2661/273/291 2671/288/291 2662/274/291
f 2658/271/292 2668/289/292 2659/275/292
f 2655/272/293 2665/290/293 2656/276/293
f 2617/291/294 2662/274/294 2671/288/294
f 2660/278/295 2668/289/295 2669/283/295
f 2656/276/296 2666/285/296 2657/270/296
f 2665/290/297 2675/292/297 2666/285/297
f 2663/282/298 2611/293/298 2672/294/298
f 2670/284/299 2678/295/299 2679/296/299
f 2667/286/300 2675/292/300 2676/297/300
f 2663/282/301 2673/298/301 2664/287/301
f 2671/288/302 2679/296/302 2680/299/302
f 2667/286/303 2677/300/303 2668/289/303
f 2664/287/304 2674/301/304 2665/290/304
f 2617/302/305 2671/288/305 2680/299/305
f 2668/289/306 2678/295/306 2669/283/306
f 2617/303/307 2680/299/307 2689/304/307
f 2677/300/308 2687/305/308 2678/295/308
f 2674/301/309 2684/306/309 2675/292/309
f 2672/294/310 2611/307/310 2681/308/310
f 2678/295/311 2688/309/311 2679/296/311
f 2676/297/312 2684/306/312 2685/310/312
f 2673/298/313 2681/308/313 2682/311/313
f 2679/296/314 2689/304/314 2680/299/314
f 2676/297/315 2686/312/315 2677/300/315
f 2673/298/316 2683/313/316 2674/301/316
f 2685/310/317 2695/314/317 2686/312/317
f 2682/311/318 2692/315/318 2683/313/318
f 2617/316/319 2689/304/319 2698/317/319
f 2687/305/320 2695/314/320 2696/318/320
f 2683/313/321 2693/319/321 2684/306/321
f 2681/308/322 2611/320/322 2690/321/322
f 2688/309/323 2696/318/323 2697/322/323
f 2685/310/324 2693/319/324 2694/323/324
f 2681/308/325 2691/324/325 2682/311/325
f 2689/304/326 2697/322/326 2698/317/326
f 2690/321/327 2700/325/327 2691/324/327
f 2697/322/328 2707/326/328 2698/317/328
f 2694/323/329 2704/327/329 2695/314/329
f 2692/315/330 2700/325/330 2701/328/330
f 2617/329/331 2698/317/331 2707/326/331
f 2696/318/332 2704/327/332 2705/330/332
f 2692/315/333 2702/331/333 2693/319/333
f 2690/321/334 2611/332/334 2699/333/334
f 2696/318/335 2706/334/335 2697/322/335
f 2694/323/336 2702/331/336 2703/335/336
f 2703/335/337 2711/336/337 2712/337/337
f 2699/333/338 2709/338/338 2700/325/338
f 2706/334/339 2716/339/339 2707/326/339
f 2703/335/340 2713/340/340 2704/327/340
f 2700/325/341 2710/341/341 2701/328/341
f 2617/342/342 2707/326/342 2716/339/342
f 2704/327/343 2714/343/343 2705/330/343
f 2702/331/344 2710/341/344 2711/336/344
f 2699/333/345 2611/344/345 2708/345/345
f 2706/334/346 2714/343/346 2715/346/346
f 2708/345/347 2611/347/347 2717/348/347
f 2715/346/348 2723/349/348 2724/350/348
f 2712/337/349 2720/351/349 2721/352/349
f 2709/338/350 2717/348/350 2718/353/350
f 2715/346/351 2725/354/351 2716/339/351
f 2712/337/352 2722/355/352 2713/340/352
f 2709/338/353 2719/356/353 2710/341/353
f 2617/357/354 2716/339/354 2725/354/354
f 2713/340/355 2723/349/355 2714/343/355
f 2711/336/356 2719/356/356 2720/351/356
f 2722/358/357 2732/359/357 2723/360/357
f 2720/361/358 2728/362/358 2729/363/358
f 2717/364/359 2611/365/359 2726/366/359
f 2724/367/360 2732/359/360 2733/368/360
f 2721/369/361 2729/363/361 2730/370/361
f 2717/364/362 2727/371/362 2718/372/362
f 2725/373/363 2733/368/363 2734/374/363
f 2721/369/364 2731/375/364 2722/358/364
f 2718/372/365 2728/362/365 2719/376/365
f 2617/377/366 2725/373/366 2734/374/366
f 2727/371/367 2737/378/367 2728/362/367
f 2617/379/368 2734/374/368 2743/380/368
f 2731/375/369 2741/381/369 2732/359/369
f 2729/363/370 2737/378/370 2738/382/370
f 2726/366/371 2611/383/371 2735/384/371
f 2733/368/372 2741/381/372 2742/385/372
f 2730/370/373 2738/382/373 2739/386/373
f 2727/371/374 2735/384/374 2736/387/374
f 2733/368/375 2743/380/375 2734/374/375
f 2730/370/376 2740/388/376 2731/375/376
f 2739/386/377 2749/389/377 2740/388/377
f 2736/387/378 2746/390/378 2737/378/378
f 2617/391/379 2743/380/379 2752/392/379
f 2740/388/380 2750/393/380 2741/381/380
f 2738/382/381 2746/390/381 2747/394/381
f 2735/384/382 2611/395/382 2744/396/382
f 2742/385/383 2750/393/383 2751/397/383
f 2739/386/384 2747/394/384 2748/398/384
f 2735/384/385 2745/399/385 2736/387/385
f 2742/385/386 2752/392/386 2743/380/386
f 2744/396/387 2754/233/387 2745/399/387
f 2751/397/388 2616/218/388 2752/392/388
f 2748/398/389 2614/235/389 2749/389/389
f 2745/399/390 2612/236/390 2746/390/390
f 2617/400/391 2752/392/391 2616/218/391
f 2749/389/392 2615/220/392 2750/393/392
f 2747/394/393 2612/236/393 2755/223/393
f 2744/396/394 2611/401/394 2753/226/394
f 2751/397/395 2615/220/395 2756/229/395
f 2747/394/396 2613/232/396 2748/398/396
f 3191/226/240 3049/227/240 3056/228/240
f 3053/220/241 3063/230/241 3194/229/241
f 3051/232/242 3059/225/242 3060/231/242
f 3191/226/243 3057/234/243 3192/233/243
f 3054/218/244 3063/230/244 3064/219/244
f 3051/232/245 3061/221/245 3052/235/245
f 3050/236/246 3057/234/246 3058/224/246
f 3055/217/237 3054/218/237 3064/219/237
f 3053/220/238 3061/221/238 3062/222/238
f 3050/236/239 3059/225/239 3193/223/239
f 3056/228/249 3049/240/249 3065/241/249
f 3063/230/250 3071/238/250 3072/242/250
f 3059/225/251 3069/243/251 3060/231/251
f 3057/234/252 3065/241/252 3066/244/252
f 3063/230/253 3073/245/253 3064/219/253
f 3061/221/254 3069/243/254 3070/237/254
f 3057/234/255 3067/246/255 3058/224/255
f 3055/247/256 3064/219/256 3073/245/256
f 3061/221/247 3071/238/247 3062/222/247
f 3059/225/248 3067/246/248 3068/239/248
f 3068/239/413 3076/248/413 3077/253/413
f 3065/241/261 3049/254/261 3074/255/261
f 3072/242/262 3080/252/262 3081/256/262
f 3069/243/263 3077/253/263 3078/257/263
f 3066/244/264 3074/255/264 3075/258/264
f 3072/242/265 3082/250/265 3073/245/265
f 3069/243/399 3079/251/399 3070/237/399
f 3066/244/257 3076/248/257 3067/246/257
f 3055/249/258 3073/245/258 3082/250/258
f 3070/237/259 3080/252/259 3071/238/259
f 3055/263/270 3082/250/270 3091/260/270
f 3080/252/271 3088/261/271 3089/264/271
f 3076/248/272 3086/265/272 3077/253/272
f 3074/255/273 3049/266/273 3083/267/273
f 3081/256/274 3089/264/274 3090/259/274
f 3078/257/275 3086/265/275 3087/268/275
f 3074/255/276 3084/269/276 3075/258/276
f 3082/250/401 3090/259/401 3091/260/401
f 3078/257/268 3088/261/268 3079/251/268
f 3075/258/269 3085/262/269 3076/248/269
f 3087/268/280 3097/275/280 3088/261/280
f 3085/262/281 3093/272/281 3094/276/281
f 3055/277/282 3091/260/282 3100/274/282
f 3088/261/283 3098/278/283 3089/264/283
f 3086/265/284 3094/276/284 3095/270/284
f 3083/267/285 3049/279/285 3092/280/285
f 3089/264/286 3099/273/286 3090/259/286
f 3087/268/277 3095/270/277 3096/271/277
f 3084/269/278 3092/280/278 3093/272/278
f 3090/259/402 3100/274/402 3091/260/402
f 3092/280/290 3102/287/290 3093/272/290
f 3100/274/291 3108/284/291 3109/288/291
f 3097/275/292 3105/286/292 3106/289/292
f 3094/276/293 3102/287/293 3103/290/293
f 3055/291/294 3100/274/294 3109/288/294
f 3097/275/295 3107/283/295 3098/278/295
f 3095/270/296 3103/290/296 3104/285/296
f 3092/280/287 3049/281/287 3101/282/287
f 3098/278/288 3108/284/288 3099/273/288
f 3095/270/289 3105/286/289 3096/271/289
f 3104/285/300 3114/297/300 3105/286/300
f 3101/282/301 3111/298/301 3102/287/301
f 3109/288/302 3117/296/302 3118/299/302
f 3106/289/303 3114/297/303 3115/300/303
f 3103/290/304 3111/298/304 3112/301/304
f 3055/302/305 3109/288/305 3118/299/305
f 3107/283/306 3115/300/306 3116/295/306
f 3103/290/297 3113/292/297 3104/285/297
f 3101/282/298 3049/293/298 3110/294/298
f 3107/283/299 3117/296/299 3108/284/299
f 3110/294/310 3049/307/310 3119/308/310
f 3116/295/311 3126/309/311 3117/296/311
f 3113/292/312 3123/310/312 3114/297/312
f 3111/298/313 3119/308/313 3120/311/313
f 3117/296/314 3127/304/314 3118/299/314
f 3115/300/315 3123/310/315 3124/312/315
f 3112/301/316 3120/311/316 3121/313/316
f 3055/303/307 3118/299/307 3127/304/307
f 3116/295/308 3124/312/308 3125/305/308
f 3112/301/309 3122/306/309 3113/292/309
f 3124/312/320 3134/318/320 3125/305/320
f 3122/306/321 3130/315/321 3131/319/321
f 3119/308/322 3049/320/322 3128/321/322
f 3125/305/323 3135/322/323 3126/309/323
f 3122/306/324 3132/323/324 3123/310/324
f 3119/308/325 3129/324/325 3120/311/325
f 3127/304/326 3135/322/326 3136/317/326
f 3124/312/317 3132/323/317 3133/314/317
f 3121/313/318 3129/324/318 3130/315/318
f 3055/316/319 3127/304/319 3136/317/319
f 3129/324/330 3139/328/330 3130/315/330
f 3055/329/331 3136/317/331 3145/326/331
f 3133/314/332 3143/330/332 3134/318/332
f 3131/319/333 3139/328/333 3140/331/333
f 3128/321/334 3049/332/334 3137/333/334
f 3135/322/414 3143/330/414 3144/334/414
f 3131/319/336 3141/335/336 3132/323/336
f 3129/324/327 3137/333/327 3138/325/327
f 3135/322/328 3145/326/328 3136/317/328
f 3133/314/329 3141/335/329 3142/327/329
f 3141/335/340 3151/340/340 3142/327/340
f 3138/325/406 3148/341/406 3139/328/406
f 3055/342/342 3145/326/342 3154/339/342
f 3142/327/343 3152/343/343 3143/330/343
f 3140/331/408 3148/341/408 3149/336/408
f 3137/333/345 3049/344/345 3146/345/345
f 3144/334/346 3152/343/346 3153/346/346
f 3141/335/337 3149/336/337 3150/337/337
f 3137/333/338 3147/338/338 3138/325/338
f 3145/326/339 3153/346/339 3154/339/339
f 3146/345/350 3156/353/350 3147/338/350
f 3154/339/409 3162/350/409 3163/354/409
f 3151/340/352 3159/352/352 3160/355/352
f 3147/338/353 3157/356/353 3148/341/353
f 3055/357/354 3154/339/354 3163/354/354
f 3151/340/355 3161/349/355 3152/343/355
f 3149/336/356 3157/356/356 3158/351/356
f 3146/345/347 3049/347/347 3155/348/347
f 3153/346/348 3161/349/348 3162/350/348
f 3149/336/349 3159/352/349 3150/337/349
f 3161/360/360 3171/368/360 3162/367/360
f 3159/369/361 3167/363/361 3168/370/361
f 3156/372/362 3164/366/362 3165/371/362
f 3162/367/410 3172/374/410 3163/373/410
f 3159/369/364 3169/375/364 3160/358/364
f 3157/376/365 3165/371/365 3166/362/365
f 3055/377/366 3163/373/366 3172/374/366
f 3160/358/357 3170/359/357 3161/360/357
f 3158/361/358 3166/362/358 3167/363/358
f 3155/364/359 3049/365/359 3164/366/359
f 3166/362/370 3176/382/370 3167/363/370
f 3164/366/371 3049/383/371 3173/384/371
f 3171/368/372 3179/381/372 3180/385/372
f 3167/363/373 3177/386/373 3168/370/373
f 3164/366/374 3174/387/374 3165/371/374
f 3172/374/375 3180/385/375 3181/380/375
f 3169/375/376 3177/386/376 3178/388/376
f 3165/371/367 3175/378/367 3166/362/367
f 3055/379/368 3172/374/368 3181/380/368
f 3170/359/369 3178/388/369 3179/381/369
f 3179/381/412 3187/389/412 3188/393/412
f 3175/378/381 3185/394/381 3176/382/381
f 3173/384/382 3049/395/382 3182/396/382
f 3179/381/383 3189/397/383 3180/385/383
f 3176/382/384 3186/398/384 3177/386/384
f 3174/387/385 3182/396/385 3183/399/385
f 3180/385/386 3190/392/386 3181/380/386
f 3178/388/377 3186/398/377 3187/389/377
f 3175/378/378 3183/399/378 3184/390/378
f 3055/391/379 3181/380/379 3190/392/379
f 3184/390/390 3192/233/390 3050/236/390
f 3055/400/391 3190/392/391 3054/218/391
f 3187/389/392 3053/220/392 3188/393/392
f 3184/390/393 3193/223/393 3185/394/393
f 3182/396/394 3049/401/394 3191/226/394
f 3188/393/395 3194/229/395 3189/397/395
f 3185/394/396 3051/232/396 3186/398/396
f 3182/396/387 3192/233/387 3183/399/387
f 3190/392/388 3194/229/388 3054/218/388
f 3187/389/389 3051/232/389 3052/235/389
f 2615/220/238 2614/235/238 2623/221/238
f 2755/223/239 2612/236/239 2620/224/239
f 2756/229/241 2615/220/241 2624/222/241
f 2755/223/242 2621/225/242 2622/231/242
f 2754/233/243 2753/226/243 2618/228/243
f 2756/229/244 2625/230/244 2626/219/244
f 2613/232/245 2622/231/245 2623/221/245
f 2754/233/246 2619/234/246 2620/224/246
f 2624/222/247 2623/221/247 2632/237/247
f 2620/224/248 2629/246/248 2630/239/248
f 2625/230/250 2624/222/250 2633/238/250
f 2622/231/251 2621/225/251 2630/239/251
f 2618/228/252 2627/241/252 2628/244/252
f 2625/230/253 2634/242/253 2635/245/253
f 2622/231/254 2631/243/254 2632/237/254
f 2619/234/255 2628/244/255 2629/246/255
f 2628/244/257 2637/258/257 2638/248/257
f 2633/238/259 2632/237/259 2641/251/259
f 2629/246/260 2638/248/260 2639/253/260
f 2633/238/262 2642/252/262 2643/256/262
f 2631/243/263 2630/239/263 2639/253/263
f 2628/244/264 2627/241/264 2636/255/264
f 2634/242/265 2643/256/265 2644/250/265
f 2631/243/266 2640/257/266 2641/251/266
f 2644/250/267 2643/256/267 2652/259/267
f 2640/257/268 2649/268/268 2650/261/268
f 2637/258/269 2646/269/269 2647/262/269
f 2642/252/271 2641/251/271 2650/261/271
f 2638/248/272 2647/262/272 2648/265/272
f 2642/252/274 2651/264/274 2652/259/274
f 2640/257/275 2639/253/275 2648/265/275
f 2636/255/276 2645/267/276 2646/269/276
f 2649/268/277 2648/265/277 2657/270/277
f 2645/267/278 2654/280/278 2655/272/278
f 2653/260/279 2652/259/279 2661/273/279
f 2649/268/280 2658/271/280 2659/275/280
f 2646/269/281 2655/272/281 2656/276/281
f 2651/264/283 2650/261/283 2659/275/283
f 2647/262/284 2656/276/284 2657/270/284
f 2652/259/286 2651/264/286 2660/278/286
f 2661/273/288 2660/278/288 2669/283/288
f 2658/271/289 2657/270/289 2666/285/289
f 2655/272/290 2654/280/290 2663/282/290
f 2661/273/291 2670/284/291 2671/288/291
f 2658/271/292 2667/286/292 2668/289/292
f 2655/272/293 2664/287/293 2665/290/293
f 2660/278/295 2659/275/295 2668/289/295
f 2656/276/296 2665/290/296 2666/285/296
f 2665/290/297 2674/301/297 2675/292/297
f 2670/284/299 2669/283/299 2678/295/299
f 2667/286/300 2666/285/300 2675/292/300
f 2663/282/301 2672/294/301 2673/298/301
f 2671/288/302 2670/284/302 2679/296/302
f 2667/286/303 2676/297/303 2677/300/303
f 2664/287/304 2673/298/304 2674/301/304
f 2668/289/306 2677/300/306 2678/295/306
f 2677/300/308 2686/312/308 2687/305/308
f 2674/301/309 2683/313/309 2684/306/309
f 2678/295/311 2687/305/311 2688/309/311
f 2676/297/312 2675/292/312 2684/306/312
f 2673/298/313 2672/294/313 2681/308/313
f 2679/296/314 2688/309/314 2689/304/314
f 2676/297/315 2685/310/315 2686/312/315
f 2673/298/316 2682/311/316 2683/313/316
f 2685/310/317 2694/323/317 2695/314/317
f 2682/311/318 2691/324/318 2692/315/318
f 2687/305/320 2686/312/320 2695/314/320
f 2683/313/321 2692/315/321 2693/319/321
f 2688/309/323 2687/305/323 2696/318/323
f 2685/310/324 2684/306/324 2693/319/324
f 2681/308/325 2690/321/325 2691/324/325
f 2689/304/326 2688/309/326 2697/322/326
f 2690/321/327 2699/333/327 2700/325/327
f 2697/322/328 2706/334/328 2707/326/328
f 2694/323/329 2703/335/329 2704/327/329
f 2692/315/330 2691/324/330 2700/325/330
f 2696/318/332 2695/314/332 2704/327/332
f 2692/315/333 2701/328/333 2702/331/333
f 2696/318/335 2705/330/335 2706/334/335
f 2694/323/336 2693/319/336 2702/331/336
f 2703/335/337 2702/331/337 2711/336/337
f 2699/333/338 2708/345/338 2709/338/338
f 2706/334/339 2715/346/339 2716/339/339
f 2703/335/340 2712/337/340 2713/340/340
f 2700/325/341 2709/338/341 2710/341/341
f 2704/327/343 2713/340/343 2714/343/343
f 2702/331/344 2701/328/344 2710/341/344
f 2706/334/346 2705/330/346 2714/343/346
f 2715/346/348 2714/343/348 2723/349/348
f 2712/337/349 2711/336/349 2720/351/349
f 2709/338/350 2708/345/350 2717/348/350
f 2715/346/351 2724/350/351 2725/354/351
f 2712/337/352 2721/352/352 2722/355/352
f 2709/338/353 2718/353/353 2719/356/353
f 2713/340/355 2722/355/355 2723/349/355
f 2711/336/356 2710/341/356 2719/356/356
f 2722/358/357 2731/375/357 2732/359/357
f 2720/361/358 2719/376/358 2728/362/358
f 2724/367/360 2723/360/360 2732/359/360
f 2721/369/361 2720/361/361 2729/363/361
f 2717/364/362 2726/366/362 2727/371/362
f 2725/373/363 2724/367/363 2733/368/363
f 2721/369/364 2730/370/364 2731/375/364
f 2718/372/365 2727/371/365 2728/362/365
f 2727/371/367 2736/387/367 2737/378/367
f 2731/375/369 2740/388/369 2741/381/369
f 2729/363/370 2728/362/370 2737/378/370
f 2733/368/372 2732/359/372 2741/381/372
f 2730/370/373 2729/363/373 2738/382/373
f 2727/371/374 2726/366/374 2735/384/374
f 2733/368/375 2742/385/375 2743/380/375
f 2730/370/376 2739/386/376 2740/388/376
f 2739/386/377 2748/398/377 2749/389/377
f 2736/387/378 2745/399/378 2746/390/378
f 2740/388/380 2749/389/380 2750/393/380
f 2738/382/381 2737/378/381 2746/390/381
f 2742/385/383 2741/381/383 2750/393/383
f 2739/386/384 2738/382/384 2747/394/384
f 2735/384/385 2744/396/385 2745/399/385
f 2742/385/386 2751/397/386 2752/392/386
f 2744/396/387 2753/226/387 2754/233/387
f 2751/397/388 2756/229/388 2616/218/388
f 2748/398/389 2613/232/389 2614/235/389
f 2745/399/390 2754/233/390 2612/236/390
f 2749/389/392 2614/235/392 2615/220/392
f 2747/394/393 2746/390/393 2612/236/393
f 2751/397/395 2750/393/395 2615/220/395
f 2747/394/396 2755/223/396 2613/232/396
f 3053/220/241 3062/222/241 3063/230/241
f 3051/232/242 3193/223/242 3059/225/242
f 3191/226/243 3056/228/243 3057/234/243
f 3054/218/244 3194/229/244 3063/230/244
f 3051/232/245 3060/231/245 3061/221/245
f 3050/236/246 3192/233/246 3057/234/246
f 3053/220/238 3052/235/238 3061/221/238
f 3050/236/239 3058/224/239 3059/225/239
f 3063/230/250 3062/222/250 3071/238/250
f 3059/225/251 3068/239/251 3069/243/251
f 3057/234/252 3056/228/252 3065/241/252
f 3063/230/253 3072/242/253 3073/245/253
f 3061/221/254 3060/231/254 3069/243/254
f 3057/234/255 3066/244/255 3067/246/255
f 3061/221/247 3070/237/247 3071/238/247
f 3059/225/248 3058/224/248 3067/246/248
f 3068/239/260 3067/246/260 3076/248/260
f 3072/242/262 3071/238/262 3080/252/262
f 3069/243/418 3068/239/418 3077/253/418
f 3066/244/264 3065/241/264 3074/255/264
f 3072/242/265 3081/256/265 3082/250/265
f 3069/243/266 3078/257/266 3079/251/266
f 3066/244/257 3075/258/257 3076/248/257
f 3070/237/400 3079/251/400 3080/252/400
f 3080/252/271 3079/251/271 3088/261/271
f 3076/248/272 3085/262/272 3086/265/272
f 3081/256/274 3080/252/274 3089/264/274
f 3078/257/275 3077/253/275 3086/265/275
f 3074/255/420 3083/267/420 3084/269/420
f 3082/250/267 3081/256/267 3090/259/267
f 3078/257/268 3087/268/268 3088/261/268
f 3075/258/269 3084/269/269 3085/262/269
f 3087/268/280 3096/271/280 3097/275/280
f 3085/262/281 3084/269/281 3093/272/281
f 3088/261/283 3097/275/283 3098/278/283
f 3086/265/284 3085/262/284 3094/276/284
f 3089/264/286 3098/278/286 3099/273/286
f 3087/268/277 3086/265/277 3095/270/277
f 3084/269/421 3083/267/421 3092/280/421
f 3090/259/279 3099/273/279 3100/274/279
f 3092/280/290 3101/282/290 3102/287/290
f 3100/274/291 3099/273/291 3108/284/291
f 3097/275/292 3096/271/292 3105/286/292
f 3094/276/293 3093/272/293 3102/287/293
f 3097/275/295 3106/289/295 3107/283/295
f 3095/270/296 3094/276/296 3103/290/296
f 3098/278/288 3107/283/288 3108/284/288
f 3095/270/289 3104/285/289 3105/286/289
f 3104/285/300 3113/292/300 3114/297/300
f 3101/282/301 3110/294/301 3111/298/301
f 3109/288/302 3108/284/302 3117/296/302
f 3106/289/303 3105/286/303 3114/297/303
f 3103/290/304 3102/287/304 3111/298/304
f 3107/283/306 3106/289/306 3115/300/306
f 3103/290/297 3112/301/297 3113/292/297
f 3107/283/299 3116/295/299 3117/296/299
f 3116/295/311 3125/305/311 3126/309/311
f 3113/292/312 3122/306/312 3123/310/312
f 3111/298/313 3110/294/313 3119/308/313
f 3117/296/314 3126/309/314 3127/304/314
f 3115/300/315 3114/297/315 3123/310/315
f 3112/301/316 3111/298/316 3120/311/316
f 3116/295/308 3115/300/308 3124/312/308
f 3112/301/309 3121/313/309 3122/306/309
f 3124/312/320 3133/314/320 3134/318/320
f 3122/306/321 3121/313/321 3130/315/321
f 3125/305/323 3134/318/323 3135/322/323
f 3122/306/324 3131/319/324 3132/323/324
f 3119/308/325 3128/321/325 3129/324/325
f 3127/304/326 3126/309/326 3135/322/326
f 3124/312/317 3123/310/317 3132/323/317
f 3121/313/318 3120/311/318 3129/324/318
f 3129/324/429 3138/325/429 3139/328/429
f 3133/314/332 3142/327/332 3143/330/332
f 3131/319/333 3130/315/333 3139/328/333
f 3135/322/335 3134/318/335 3143/330/335
f 3131/319/336 3140/331/336 3141/335/336
f 3129/324/327 3128/321/327 3137/333/327
f 3135/322/328 3144/334/328 3145/326/328
f 3133/314/329 3132/323/329 3141/335/329
f 3141/335/340 3150/337/340 3151/340/340
f 3138/325/341 3147/338/341 3148/341/341
f 3142/327/407 3151/340/407 3152/343/407
f 3140/331/344 3139/328/344 3148/341/344
f 3144/334/425 3143/330/425 3152/343/425
f 3141/335/337 3140/331/337 3149/336/337
f 3137/333/338 3146/345/338 3147/338/338
f 3145/326/339 3144/334/339 3153/346/339
f 3146/345/426 3155/348/426 3156/353/426
f 3154/339/351 3153/346/351 3162/350/351
f 3151/340/352 3150/337/352 3159/352/352
f 3147/338/353 3156/353/353 3157/356/353
f 3151/340/355 3160/355/355 3161/349/355
f 3149/336/356 3148/341/356 3157/356/356
f 3153/346/348 3152/343/348 3161/349/348
f 3149/336/349 3158/351/349 3159/352/349
f 3161/360/360 3170/359/360 3171/368/360
f 3159/369/361 3158/361/361 3167/363/361
f 3156/372/416 3155/364/416 3164/366/416
f 3162/367/363 3171/368/363 3172/374/363
f 3159/369/364 3168/370/364 3169/375/364
f 3157/376/365 3156/372/365 3165/371/365
f 3160/358/357 3169/375/357 3170/359/357
f 3158/361/358 3157/376/358 3166/362/358
f 3166/362/370 3175/378/370 3176/382/370
f 3171/368/372 3170/359/372 3179/381/372
f 3167/363/373 3176/382/373 3177/386/373
f 3164/366/374 3173/384/374 3174/387/374
f 3172/374/375 3171/368/375 3180/385/375
f 3169/375/376 3168/370/376 3177/386/376
f 3165/371/367 3174/387/367 3175/378/367
f 3170/359/369 3169/375/369 3178/388/369
f 3179/381/380 3178/388/380 3187/389/380
f 3175/378/428 3184/390/428 3185/394/428
f 3179/381/383 3188/393/383 3189/397/383
f 3176/382/384 3185/394/384 3186/398/384
f 3174/387/385 3173/384/385 3182/396/385
f 3180/385/386 3189/397/386 3190/392/386
f 3178/388/377 3177/386/377 3186/398/377
f 3175/378/378 3174/387/378 3183/399/378
f 3184/390/390 3183/399/390 3192/233/390
f 3187/389/392 3052/235/392 3053/220/392
f 3184/390/393 3050/236/393 3193/223/393
f 3188/393/395 3053/220/395 3194/229/395
f 3185/394/396 3193/223/396 3051/232/396
f 3182/396/387 3191/226/387 3192/233/387
f 3190/392/388 3189/397/388 3194/229/388
f 3187/389/389 3186/398/389 3051/232/389
usemtl CandyGreen
f 2899/226/240 2757/227/240 2764/228/240
f 2761/220/241 2771/230/241 2902/229/241
f 2759/232/242 2767/225/242 2768/231/242
f 2899/226/243 2765/234/243 2900/233/243
f 2762/218/244 2771/230/244 2772/219/244
f 2759/232/245 2769/221/245 2760/235/245
f 2758/236/246 2765/234/246 2766/224/246
f 2763/217/237 2762/218/237 2772/219/237
f 2761/220/238 2769/221/238 2770/222/238
f 2758/236/239 2767/225/239 2901/223/239
f 2771/230/397 2779/238/397 2780/242/397
f 2768/231/251 2776/239/251 2777/243/251
f 2765/234/252 2773/241/252 2774/244/252
f 2771/230/253 2781/245/253 2772/219/253
f 2768/231/254 2778/237/254 2769/221/254
f 2765/234/255 2775/246/255 2766/224/255
f 2763/247/256 2772/219/256 2781/245/256
f 2770/222/247 2778/237/247 2779/238/247
f 2766/224/248 2776/239/248 2767/225/248
f 2764/228/249 2757/240/249 2773/241/249
f 2776/239/260 2784/248/260 2785/253/260
f 2773/241/261 2757/254/261 2782/255/261
f 2780/242/398 2788/252/398 2789/256/398
f 2777/243/263 2785/253/263 2786/257/263
f 2774/244/264 2782/255/264 2783/258/264
f 2780/242/265 2790/250/265 2781/245/265
f 2777/243/399 2787/251/399 2778/237/399
f 2774/244/257 2784/248/257 2775/246/257
f 2763/249/258 2781/245/258 2790/250/258
f 2778/237/400 2788/252/400 2779/238/400
f 2787/251/271 2797/264/271 2788/252/271
f 2785/253/272 2793/262/272 2794/265/272
f 2782/255/273 2757/266/273 2791/267/273
f 2789/256/274 2797/264/274 2798/259/274
f 2786/257/275 2794/265/275 2795/268/275
f 2782/255/276 2792/269/276 2783/258/276
f 2790/250/401 2798/259/401 2799/260/401
f 2786/257/268 2796/261/268 2787/251/268
f 2783/258/269 2793/262/269 2784/248/269
f 2763/263/270 2790/250/270 2799/260/270
f 2793/262/281 2801/272/281 2802/276/281
f 2763/277/282 2799/260/282 2808/274/282
f 2797/264/283 2805/275/283 2806/278/283
f 2793/262/284 2803/270/284 2794/265/284
f 2791/267/285 2757/279/285 2800/280/285
f 2797/264/286 2807/273/286 2798/259/286
f 2795/268/277 2803/270/277 2804/271/277
f 2792/269/278 2800/280/278 2801/272/278
f 2798/259/402 2808/274/402 2799/260/402
f 2795/268/280 2805/275/280 2796/261/280
f 2808/274/291 2816/284/291 2817/288/291
f 2805/275/403 2813/286/403 2814/289/403
f 2802/276/293 2810/287/293 2811/290/293
f 2763/291/294 2808/274/294 2817/288/294
f 2806/278/295 2814/289/295 2815/283/295
f 2802/276/296 2812/285/296 2803/270/296
f 2800/280/287 2757/281/287 2809/282/287
f 2806/278/404 2816/284/404 2807/273/404
f 2803/270/289 2813/286/289 2804/271/289
f 2800/280/290 2810/287/290 2801/272/290
f 2812/285/300 2822/297/300 2813/286/300
f 2809/282/301 2819/298/301 2810/287/301
f 2817/288/302 2825/296/302 2826/299/302
f 2814/289/303 2822/297/303 2823/300/303
f 2811/290/304 2819/298/304 2820/301/304
f 2763/302/305 2817/288/305 2826/299/305
f 2815/283/306 2823/300/306 2824/295/306
f 2811/290/297 2821/292/297 2812/285/297
f 2809/282/298 2757/293/298 2818/294/298
f 2815/283/405 2825/296/405 2816/284/405
f 2818/294/310 2757/307/310 2827/308/310
f 2824/295/311 2834/309/311 2825/296/311
f 2821/292/312 2831/310/312 2822/297/312
f 2819/298/313 2827/308/313 2828/311/313
f 2825/296/314 2835/304/314 2826/299/314
f 2823/300/315 2831/310/315 2832/312/315
f 2820/301/316 2828/311/316 2829/313/316
f 2763/303/307 2826/299/307 2835/304/307
f 2824/295/308 2832/312/308 2833/305/308
f 2820/301/309 2830/306/309 2821/292/309
f 2830/306/321 2838/315/321 2839/319/321
f 2827/308/322 2757/320/322 2836/321/322
f 2833/305/323 2843/322/323 2834/309/323
f 2830/306/324 2840/323/324 2831/310/324
f 2827/308/325 2837/324/325 2828/311/325
f 2835/304/326 2843/322/326 2844/317/326
f 2832/312/317 2840/323/317 2841/314/317
f 2829/313/318 2837/324/318 2838/315/318
f 2763/316/319 2835/304/319 2844/317/319
f 2832/312/320 2842/318/320 2833/305/320
f 2763/329/331 2844/317/331 2853/326/331
f 2841/314/332 2851/330/332 2842/318/332
f 2839/319/333 2847/328/333 2848/331/333
f 2836/321/334 2757/332/334 2845/333/334
f 2842/318/335 2852/334/335 2843/322/335
f 2839/319/336 2849/335/336 2840/323/336
f 2837/324/327 2845/333/327 2846/325/327
f 2843/322/328 2853/326/328 2844/317/328
f 2841/314/329 2849/335/329 2850/327/329
f 2838/315/330 2846/325/330 2847/328/330
f 2849/335/340 2859/340/340 2850/327/340
f 2846/325/406 2856/341/406 2847/328/406
f 2763/342/342 2853/326/342 2862/339/342
f 2850/327/407 2860/343/407 2851/330/407
f 2848/331/408 2856/341/408 2857/336/408
f 2845/333/345 2757/344/345 2854/345/345
f 2852/334/346 2860/343/346 2861/346/346
f 2849/335/337 2857/336/337 2858/337/337
f 2845/333/338 2855/338/338 2846/325/338
f 2853/326/339 2861/346/339 2862/339/339
f 2854/345/350 2864/353/350 2855/338/350
f 2862/339/409 2870/350/409 2871/354/409
f 2858/337/352 2868/355/352 2859/340/352
f 2855/338/353 2865/356/353 2856/341/353
f 2763/357/354 2862/339/354 2871/354/354
f 2859/340/355 2869/349/355 2860/343/355
f 2857/336/356 2865/356/356 2866/351/356
f 2854/345/347 2757/347/347 2863/348/347
f 2861/346/348 2869/349/348 2870/350/348
f 2857/336/349 2867/352/349 2858/337/349
f 2867/369/361 2875/363/361 2876/370/361
f 2864/372/362 2872/366/362 2873/371/362
f 2870/367/410 2880/374/410 2871/373/410
f 2867/369/364 2877/375/364 2868/358/364
f 2865/376/365 2873/371/365 2874/362/365
f 2763/377/366 2871/373/366 2880/374/366
f 2868/358/357 2878/359/357 2869/360/357
f 2866/361/358 2874/362/358 2875/363/358
f 2863/364/359 2757/365/359 2872/366/359
f 2869/360/360 2879/368/360 2870/367/360
f 2872/366/371 2757/383/371 2881/384/371
f 2879/368/372 2887/381/372 2888/385/372
f 2875/363/373 2885/386/373 2876/370/373
f 2872/366/374 2882/387/374 2873/371/374
f 2880/374/375 2888/385/375 2889/380/375
f 2877/375/376 2885/386/376 2886/388/376
f 2873/371/367 2883/378/367 2874/362/367
f 2763/379/368 2880/374/368 2889/380/368
f 2877/375/369 2887/381/369 2878/359/369
f 2875/363/411 2883/378/411 2884/382/411
f 2886/388/412 2896/393/412 2887/381/412
f 2884/382/381 2892/390/381 2893/394/381
f 2881/384/382 2757/395/382 2890/396/382
f 2888/385/383 2896/393/383 2897/397/383
f 2884/382/384 2894/398/384 2885/386/384
f 2882/387/385 2890/396/385 2891/399/385
f 2888/385/386 2898/392/386 2889/380/386
f 2886/388/377 2894/398/377 2895/389/377
f 2882/387/378 2892/390/378 2883/378/378
f 2763/391/379 2889/380/379 2898/392/379
f 2892/390/390 2900/233/390 2758/236/390
f 2763/400/391 2898/392/391 2762/218/391
f 2896/393/392 2760/235/392 2761/220/392
f 2892/390/393 2901/223/393 2893/394/393
f 2890/396/394 2757/401/394 2899/226/394
f 2896/393/395 2902/229/395 2897/397/395
f 2893/394/396 2759/232/396 2894/398/396
f 2891/399/387 2899/226/387 2900/233/387
f 2897/397/388 2762/218/388 2898/392/388
f 2895/389/389 2759/232/389 2760/235/389
f 3196/236/246 3203/234/246 3204/224/246
f 3201/217/237 3200/218/237 3210/219/237
f 3199/220/238 3207/221/238 3208/222/238
f 3339/223/239 3204/224/239 3205/225/239
f 3337/226/240 3195/227/240 3202/228/240
f 3199/220/241 3209/230/241 3340/229/241
f 3339/223/242 3206/231/242 3197/232/242
f 3338/233/243 3202/228/243 3203/234/243
f 3340/229/244 3210/219/244 3200/218/244
f 3197/232/245 3207/221/245 3198/235/245
f 3204/224/255 3212/244/255 3213/246/255
f 3201/247/256 3210/219/256 3219/245/256
f 3208/222/247 3216/237/247 3217/238/247
f 3204/224/248 3214/239/248 3205/225/248
f 3202/228/249 3195/240/249 3211/241/249
f 3208/222/250 3218/242/250 3209/230/250
f 3205/225/251 3215/243/251 3206/231/251
f 3202/228/252 3212/244/252 3203/234/252
f 3210/219/253 3218/242/253 3219/245/253
f 3207/221/254 3215/243/254 3216/237/254
f 3216/237/266 3224/257/266 3225/251/266
f 3212/244/257 3222/248/257 3213/246/257
f 3201/249/258 3219/245/258 3228/250/258
f 3216/237/259 3226/252/259 3217/238/259
f 3214/239/260 3222/248/260 3223/253/260
f 3211/241/261 3195/254/261 3220/255/261
f 3218/242/262 3226/252/262 3227/256/262
f 3214/239/263 3224/257/263 3215/243/263
f 3211/241/264 3221/258/264 3212/244/264
f 3219/245/265 3227/256/265 3228/250/265
f 3221/258/276 3229/267/276 3230/269/276
f 3227/256/267 3237/260/267 3228/250/267
f 3225/251/268 3233/268/268 3234/261/268
f 3221/258/269 3231/262/269 3222/248/269
f 3201/263/270 3228/250/270 3237/260/270
f 3225/251/271 3235/264/271 3226/252/271
f 3223/253/272 3231/262/272 3232/265/272
f 3220/255/273 3195/266/273 3229/267/273
f 3227/256/274 3235/264/274 3236/259/274
f 3223/253/275 3233/268/275 3224/257/275
f 3235/264/286 3245/273/286 3236/259/286
f 3232/265/277 3242/271/277 3233/268/277
f 3229/267/278 3239/272/278 3230/269/278
f 3237/260/279 3245/273/279 3246/274/279
f 3234/261/280 3242/271/280 3243/275/280
f 3231/262/281 3239/272/281 3240/276/281
f 3201/277/282 3237/260/282 3246/274/282
f 3234/261/283 3244/278/283 3235/264/283
f 3232/265/284 3240/276/284 3241/270/284
f 3229/267/285 3195/279/285 3238/280/285
f 3241/270/296 3249/290/296 3250/285/296
f 3238/280/287 3195/281/287 3247/282/287
f 3244/278/404 3254/284/404 3245/273/404
f 3241/270/289 3251/286/289 3242/271/289
f 3239/272/290 3247/282/290 3248/287/290
f 3245/273/291 3255/288/291 3246/274/291
f 3243/275/292 3251/286/292 3252/289/292
f 3240/276/293 3248/287/293 3249/290/293
f 3201/291/294 3246/274/294 3255/288/294
f 3243/275/295 3253/283/295 3244/278/295
f 3252/289/306 3262/295/306 3253/283/306
f 3250/285/297 3258/301/297 3259/292/297
f 3247/282/298 3195/293/298 3256/294/298
f 3254/284/299 3262/295/299 3263/296/299
f 3251/286/300 3259/292/300 3260/297/300
f 3247/282/301 3257/298/301 3248/287/301
f 3255/288/302 3263/296/302 3264/299/302
f 3251/286/303 3261/300/303 3252/289/303
f 3248/287/304 3258/301/304 3249/290/304
f 3201/302/305 3255/288/305 3264/299/305
f 3257/298/316 3267/313/316 3258/301/316
f 3201/303/307 3264/299/307 3273/304/307
f 3261/300/308 3271/305/308 3262/295/308
f 3259/292/309 3267/313/309 3268/306/309
f 3256/294/310 3195/307/310 3265/308/310
f 3263/296/311 3271/305/311 3272/309/311
f 3260/297/312 3268/306/312 3269/310/312
f 3256/294/313 3266/311/313 3257/298/313
f 3264/299/314 3272/309/314 3273/304/314
f 3260/297/315 3270/312/315 3261/300/315
f 3272/309/326 3282/317/326 3273/304/326
f 3269/310/317 3279/314/317 3270/312/317
f 3267/313/318 3275/324/318 3276/315/318
f 3201/316/319 3273/304/319 3282/317/319
f 3271/305/320 3279/314/320 3280/318/320
f 3267/313/321 3277/319/321 3268/306/321
f 3265/308/322 3195/320/322 3274/321/322
f 3271/305/323 3281/322/323 3272/309/323
f 3269/310/324 3277/319/324 3278/323/324
f 3266/311/325 3274/321/325 3275/324/325
f 3277/319/336 3287/335/336 3278/323/336
f 3274/321/327 3284/325/327 3275/324/327
f 3282/317/328 3290/334/328 3291/326/328
f 3279/314/329 3287/335/329 3288/327/329
f 3275/324/330 3285/328/330 3276/315/330
f 3201/329/331 3282/317/331 3291/326/331
f 3279/314/332 3289/330/332 3280/318/332
f 3277/319/333 3285/328/333 3286/331/333
f 3274/321/334 3195/332/334 3283/333/334
f 3281/322/335 3289/330/335 3290/334/335
f 3283/333/345 3195/344/345 3292/345/345
f 3290/334/346 3298/343/346 3299/346/346
f 3286/331/337 3296/337/337 3287/335/337
f 3284/325/338 3292/345/338 3293/338/338
f 3290/334/339 3300/339/339 3291/326/339
f 3288/327/340 3296/337/340 3297/340/340
f 3284/325/406 3294/341/406 3285/328/406
f 3201/342/342 3291/326/342 3300/339/342
f 3288/327/343 3298/343/343 3289/330/343
f 3286/331/344 3294/341/344 3295/336/344
f 3294/341/356 3304/351/356 3295/336/356
f 3292/345/347 3195/347/347 3301/348/347
f 3298/343/348 3308/350/348 3299/346/348
f 3295/336/349 3305/352/349 3296/337/349
f 3293/338/350 3301/348/350 3302/353/350
f 3299/346/351 3309/354/351 3300/339/351
f 3297/340/352 3305/352/352 3306/355/352
f 3294/341/353 3302/353/353 3303/356/353
f 3201/357/354 3300/339/354 3309/354/354
f 3298/343/355 3306/355/355 3307/349/355
f 3201/377/366 3309/373/366 3318/374/366
f 3306/358/357 3316/359/357 3307/360/357
f 3304/361/358 3312/362/358 3313/363/358
f 3301/364/359 3195/365/359 3310/366/359
f 3308/367/360 3316/359/360 3317/368/360
f 3305/369/361 3313/363/361 3314/370/361
f 3302/372/362 3310/366/362 3311/371/362
f 3308/367/363 3318/374/363 3309/373/363
f 3305/369/364 3315/375/364 3306/358/364
f 3302/372/365 3312/362/365 3303/376/365
f 3315/375/376 3323/386/376 3324/388/376
f 3311/371/367 3321/378/367 3312/362/367
f 3201/379/368 3318/374/368 3327/380/368
f 3315/375/369 3325/381/369 3316/359/369
f 3313/363/370 3321/378/370 3322/382/370
f 3310/366/371 3195/383/371 3319/384/371
f 3317/368/372 3325/381/372 3326/385/372
f 3313/363/373 3323/386/373 3314/370/373
f 3311/371/374 3319/384/374 3320/387/374
f 3317/368/375 3327/380/375 3318/374/375
f 3319/384/385 3329/399/385 3320/387/385
f 3327/380/386 3335/397/386 3336/392/386
f 3323/386/377 3333/389/377 3324/388/377
f 3320/387/378 3330/390/378 3321/378/378
f 3201/391/379 3327/380/379 3336/392/379
f 3324/388/380 3334/393/380 3325/381/380
f 3322/382/381 3330/390/381 3331/394/381
f 3319/384/382 3195/395/382 3328/396/382
f 3326/385/383 3334/393/383 3335/397/383
f 3323/386/384 3331/394/384 3332/398/384
f 3331/394/396 3197/232/396 3332/398/396
f 3328/396/387 3338/233/387 3329/399/387
f 3336/392/388 3340/229/388 3200/218/388
f 3333/389/389 3197/232/389 3198/235/389
f 3329/399/390 3196/236/390 3330/390/390
f 3201/400/391 3336/392/391 3200/218/391
f 3333/389/392 3199/220/392 3334/393/392
f 3331/394/393 3196/236/393 3339/223/393
f 3328/396/394 3195/401/394 3337/226/394
f 3335/397/395 3199/220/395 3340/229/395
f 2761/220/241 2770/222/241 2771/230/241
f 2759/232/242 2901/223/242 2767/225/242
f 2899/226/243 2764/228/243 2765/234/243
f 2762/218/244 2902/229/244 2771/230/244
f 2759/232/245 2768/231/245 2769/221/245
f 2758/236/246 2900/233/246 2765/234/246
f 2761/220/238 2760/235/238 2769/221/238
f 2758/236/239 2766/224/239 2767/225/239
f 2771/230/250 2770/222/250 2779/238/250
f 2768/231/251 2767/225/251 2776/239/251
f 2765/234/252 2764/228/252 2773/241/252
f 2771/230/253 2780/242/253 2781/245/253
f 2768/231/254 2777/243/254 2778/237/254
f 2765/234/417 2774/244/417 2775/246/417
f 2770/222/247 2769/221/247 2778/237/247
f 2766/224/248 2775/246/248 2776/239/248
f 2776/239/413 2775/246/413 2784/248/413
f 2780/242/262 2779/238/262 2788/252/262
f 2777/243/418 2776/239/418 2785/253/418
f 2774/244/264 2773/241/264 2782/255/264
f 2780/242/265 2789/256/265 2790/250/265
f 2777/243/266 2786/257/266 2787/251/266
f 2774/244/419 2783/258/419 2784/248/419
f 2778/237/259 2787/251/259 2788/252/259
f 2787/251/271 2796/261/271 2797/264/271
f 2785/253/272 2784/248/272 2793/262/272
f 2789/256/274 2788/252/274 2797/264/274
f 2786/257/275 2785/253/275 2794/265/275
f 2782/255/420 2791/267/420 2792/269/420
f 2790/250/267 2789/256/267 2798/259/267
f 2786/257/268 2795/268/268 2796/261/268
f 2783/258/269 2792/269/269 2793/262/269
f 2793/262/281 2792/269/281 2801/272/281
f 2797/264/283 2796/261/283 2805/275/283
f 2793/262/284 2802/276/284 2803/270/284
f 2797/264/286 2806/278/286 2807/273/286
f 2795/268/277 2794/265/277 2803/270/277
f 2792/269/421 2791/267/421 2800/280/421
f 2798/259/279 2807/273/279 2808/274/279
f 2795/268/280 2804/271/280 2805/275/280
f 2808/274/291 2807/273/291 2816/284/291
f 2805/275/292 2804/271/292 2813/286/292
f 2802/276/422 2801/272/422 2810/287/422
f 2806/278/295 2805/275/295 2814/289/295
f 2802/276/296 2811/290/296 2812/285/296
f 2806/278/288 2815/283/288 2816/284/288
f 2803/270/423 2812/285/423 2813/286/423
f 2800/280/290 2809/282/290 2810/287/290
f 2812/285/300 2821/292/300 2822/297/300
f 2809/282/301 2818/294/301 2819/298/301
f 2817/288/302 2816/284/302 2825/296/302
f 2814/289/303 2813/286/303 2822/297/303
f 2811/290/424 2810/287/424 2819/298/424
f 2815/283/306 2814/289/306 2823/300/306
f 2811/290/297 2820/301/297 2821/292/297
f 2815/283/299 2824/295/299 2825/296/299
f 2824/295/311 2833/305/311 2834/309/311
f 2821/292/312 2830/306/312 2831/310/312
f 2819/298/313 2818/294/313 2827/308/313
f 2825/296/314 2834/309/314 2835/304/314
f 2823/300/315 2822/297/315 2831/310/315
f 2820/301/316 2819/298/316 2828/311/316
f 2824/295/308 2823/300/308 2832/312/308
f 2820/301/309 2829/313/309 2830/306/309
f 2830/306/321 2829/313/321 2838/315/321
f 2833/305/323 2842/318/323 2843/322/323
f 2830/306/324 2839/319/324 2840/323/324
f 2827/308/325 2836/321/325 2837/324/325
f 2835/304/326 2834/309/326 2843/322/326
f 2832/312/317 2831/310/317 2840/323/317
f 2829/313/318 2828/311/318 2837/324/318
f 2832/312/320 2841/314/320 2842/318/320
f 2841/314/332 2850/327/332 2851/330/332
f 2839/319/333 2838/315/333 2847/328/333
f 2842/318/335 2851/330/335 2852/334/335
f 2839/319/336 2848/331/336 2849/335/336
f 2837/324/327 2836/321/327 2845/333/327
f 2843/322/328 2852/334/328 2853/326/328
f 2841/314/329 2840/323/329 2849/335/329
f 2838/315/330 2837/324/330 2846/325/330
f 2849/335/340 2858/337/340 2859/340/340
f 2846/325/341 2855/338/341 2856/341/341
f 2850/327/407 2859/340/407 2860/343/407
f 2848/331/408 2847/328/408 2856/341/408
f 2852/334/425 2851/330/425 2860/343/425
f 2849/335/337 2848/331/337 2857/336/337
f 2845/333/338 2854/345/338 2855/338/338
f 2853/326/339 2852/334/339 2861/346/339
f 2854/345/426 2863/348/426 2864/353/426
f 2862/339/351 2861/346/351 2870/350/351
f 2858/337/352 2867/352/352 2868/355/352
f 2855/338/353 2864/353/353 2865/356/353
f 2859/340/355 2868/355/355 2869/349/355
f 2857/336/356 2856/341/356 2865/356/356
f 2861/346/348 2860/343/348 2869/349/348
f 2857/336/349 2866/351/349 2867/352/349
f 2867/369/361 2866/361/361 2875/363/361
f 2864/372/416 2863/364/416 2872/366/416
f 2870/367/363 2879/368/363 2880/374/363
f 2867/369/364 2876/370/364 2877/375/364
f 2865/376/365 2864/372/365 2873/371/365
f 2868/358/357 2877/375/357 2878/359/357
f 2866/361/358 2865/376/358 2874/362/358
f 2869/360/360 2878/359/360 2879/368/360
f 2879/368/372 2878/359/372 2887/381/372
f 2875/363/373 2884/382/373 2885/386/373
f 2872/366/374 2881/384/374 2882/387/374
f 2880/374/375 2879/368/375 2888/385/375
f 2877/375/376 2876/370/376 2885/386/376
f 2873/371/367 2882/387/367 2883/378/367
f 2877/375/427 2886/388/427 2887/381/427
f 2875/363/370 2874/362/370 2883/378/370
f 2886/388/380 2895/389/380 2896/393/380
f 2884/382/428 2883/378/428 2892/390/428
f 2888/385/383 2887/381/383 2896/393/383
f 2884/382/384 2893/394/384 2894/398/384
f 2882/387/385 2881/384/385 2890/396/385
f 2888/385/386 2897/397/386 2898/392/386
f 2886/388/377 2885/386/377 2894/398/377
f 2882/387/378 2891/399/378 2892/390/378
f 2892/390/390 2891/399/390 2900/233/390
f 2896/393/392 2895/389/392 2760/235/392
f 2892/390/393 2758/236/393 2901/223/393
f 2896/393/395 2761/220/395 2902/229/395
f 2893/394/396 2901/223/396 2759/232/396
f 2891/399/387 2890/396/387 2899/226/387
f 2897/397/388 2902/229/388 2762/218/388
f 2895/389/389 2894/398/389 2759/232/389
f 3196/236/246 3338/233/246 3203/234/246
f 3199/220/238 3198/235/238 3207/221/238
f 3339/223/239 3196/236/239 3204/224/239
f 3199/220/241 3208/222/241 3209/230/241
f 3339/223/242 3205/225/242 3206/231/242
f 3338/233/243 3337/226/243 3202/228/243
f 3340/229/244 3209/230/244 3210/219/244
f 3197/232/245 3206/231/245 3207/221/245
f 3204/224/255 3203/234/255 3212/244/255
f 3208/222/247 3207/221/247 3216/237/247
f 3204/224/248 3213/246/248 3214/239/248
f 3208/222/250 3217/238/250 3218/242/250
f 3205/225/251 3214/239/251 3215/243/251
f 3202/228/252 3211/241/252 3212/244/252
f 3210/219/253 3209/230/253 3218/242/253
f 3207/221/254 3206/231/254 3215/243/254
f 3216/237/266 3215/243/266 3224/257/266
f 3212/244/257 3221/258/257 3222/248/257
f 3216/237/259 3225/251/259 3226/252/259
f 3214/239/260 3213/246/260 3222/248/260
f 3218/242/262 3217/238/262 3226/252/262
f 3214/239/263 3223/253/263 3224/257/263
f 3211/241/264 3220/255/264 3221/258/264
f 3219/245/265 3218/242/265 3227/256/265
f 3221/258/276 3220/255/276 3229/267/276
f 3227/256/267 3236/259/267 3237/260/267
f 3225/251/268 3224/257/268 3233/268/268
f 3221/258/269 3230/269/269 3231/262/269
f 3225/251/271 3234/261/271 3235/264/271
f 3223/253/272 3222/248/272 3231/262/272
f 3227/256/274 3226/252/274 3235/264/274
f 3223/253/275 3232/265/275 3233/268/275
f 3235/264/286 3244/278/286 3245/273/286
f 3232/265/277 3241/270/277 3242/271/277
f 3229/267/278 3238/280/278 3239/272/278
f 3237/260/279 3236/259/279 3245/273/279
f 3234/261/280 3233/268/280 3242/271/280
f 3231/262/281 3230/269/281 3239/272/281
f 3234/261/283 3243/275/283 3244/278/283
f 3232/265/284 3231/262/284 3240/276/284
f 3241/270/296 3240/276/296 3249/290/296
f 3244/278/288 3253/283/288 3254/284/288
f 3241/270/289 3250/285/289 3251/286/289
f 3239/272/290 3238/280/290 3247/282/290
f 3245/273/291 3254/284/291 3255/288/291
f 3243/275/292 3242/271/292 3251/286/292
f 3240/276/422 3239/272/422 3248/287/422
f 3243/275/295 3252/289/295 3253/283/295
f 3252/289/306 3261/300/306 3262/295/306
f 3250/285/297 3249/290/297 3258/301/297
f 3254/284/299 3253/283/299 3262/295/299
f 3251/286/300 3250/285/300 3259/292/300
f 3247/282/301 3256/294/301 3257/298/301
f 3255/288/302 3254/284/302 3263/296/302
f 3251/286/303 3260/297/303 3261/300/303
f 3248/287/304 3257/298/304 3258/301/304
f 3257/298/316 3266/311/316 3267/313/316
f 3261/300/308 3270/312/308 3271/305/308
f 3259/292/309 3258/301/309 3267/313/309
f 3263/296/311 3262/295/311 3271/305/311
f 3260/297/312 3259/292/312 3268/306/312
f 3256/294/313 3265/308/313 3266/311/313
f 3264/299/314 3263/296/314 3272/309/314
f 3260/297/315 3269/310/315 3270/312/315
f 3272/309/326 3281/322/326 3282/317/326
f 3269/310/317 3278/323/317 3279/314/317
f 3267/313/318 3266/311/318 3275/324/318
f 3271/305/320 3270/312/320 3279/314/320
f 3267/313/321 3276/315/321 3277/319/321
f 3271/305/323 3280/318/323 3281/322/323
f 3269/310/324 3268/306/324 3277/319/324
f 3266/311/325 3265/308/325 3274/321/325
f 3277/319/336 3286/331/336 3287/335/336
f 3274/321/327 3283/333/327 3284/325/327
f 3282/317/328 3281/322/328 3290/334/328
f 3279/314/329 3278/323/329 3287/335/329
f 3275/324/330 3284/325/330 3285/328/330
f 3279/314/332 3288/327/332 3289/330/332
f 3277/319/333 3276/315/333 3285/328/333
f 3281/322/335 3280/318/335 3289/330/335
f 3290/334/425 3289/330/425 3298/343/425
f 3286/331/337 3295/336/337 3296/337/337
f 3284/325/338 3283/333/338 3292/345/338
f 3290/334/339 3299/346/339 3300/339/339
f 3288/327/340 3287/335/340 3296/337/340
f 3284/325/341 3293/338/341 3294/341/341
f 3288/327/343 3297/340/343 3298/343/343
f 3286/331/344 3285/328/344 3294/341/344
f 3294/341/356 3303/356/356 3304/351/356
f 3298/343/348 3307/349/348 3308/350/348
f 3295/336/349 3304/351/349 3305/352/349
f 3293/338/350 3292/345/350 3301/348/350
f 3299/346/351 3308/350/351 3309/354/351
f 3297/340/352 3296/337/352 3305/352/352
f 3294/341/353 3293/338/353 3302/353/353
f 3298/343/355 3297/340/355 3306/355/355
f 3306/358/357 3315/375/357 3316/359/357
f 3304/361/358 3303/376/358 3312/362/358
f 3308/367/360 3307/360/360 3316/359/360
f 3305/369/361 3304/361/361 3313/363/361
f 3302/372/362 3301/364/362 3310/366/362
f 3308/367/363 3317/368/363 3318/374/363
f 3305/369/364 3314/370/364 3315/375/364
f 3302/372/365 3311/371/365 3312/362/365
f 3315/375/376 3314/370/376 3323/386/376
f 3311/371/367 3320/387/367 3321/378/367
f 3315/375/369 3324/388/369 3325/381/369
f 3313/363/370 3312/362/370 3321/378/370
f 3317/368/372 3316/359/372 3325/381/372
f 3313/363/373 3322/382/373 3323/386/373
f 3311/371/374 3310/366/374 3319/384/374
f 3317/368/375 3326/385/375 3327/380/375
f 3319/384/385 3328/396/385 3329/399/385
f 3327/380/386 3326/385/386 3335/397/386
f 3323/386/377 3332/398/377 3333/389/377
f 3320/387/378 3329/399/378 3330/390/378
f 3324/388/380 3333/389/380 3334/393/380
f 3322/382/381 3321/378/381 3330/390/381
f 3326/385/383 3325/381/383 3334/393/383
f 3323/386/384 3322/382/384 3331/394/384
f 3331/394/396 3339/223/396 3197/232/396
f 3328/396/387 3337/226/387 3338/233/387
f 3336/392/388 3335/397/388 3340/229/388
f 3333/389/389 3332/398/389 3197/232/389
f 3329/399/390 3338/233/390 3196/236/390
f 3333/389/392 3198/235/392 3199/220/392
f 3331/394/393 3330/390/393 3196/236/393
f 3335/397/395 3334/393/395 3199/220/395
usemtl CandyRed
f 3048/229/244 2918/219/244 2908/218/244
f 2906/235/245 2914/231/245 2915/221/245
f 2904/236/246 2911/234/246 2912/224/246
f 2909/217/237 2908/218/237 2918/219/237
f 2907/220/238 2915/221/238 2916/222/238
f 3047/223/239 2912/224/239 2913/225/239
f 3045/226/240 2903/227/240 2910/228/240
f 2907/220/241 2917/230/241 3048/229/241
f 3047/223/242 2914/231/242 2905/232/242
f 3046/233/243 2910/228/243 2911/234/243
f 2915/221/254 2923/243/254 2924/237/254
f 2911/234/255 2921/246/255 2912/224/255
f 2909/247/256 2918/219/256 2927/245/256
f 2915/221/247 2925/238/247 2916/222/247
f 2913/225/248 2921/246/248 2922/239/248
f 2910/228/249 2903/240/249 2919/241/249
f 2917/230/250 2925/238/250 2926/242/250
f 2913/225/251 2923/243/251 2914/231/251
f 2911/234/252 2919/241/252 2920/244/252
f 2917/230/253 2927/245/253 2918/219/253
f 2920/244/264 2928/255/264 2929/258/264
f 2926/242/265 2936/250/265 2927/245/265
f 2924/237/266 2932/257/266 2933/251/266
f 2920/244/257 2930/248/257 2921/246/257
f 2909/249/258 2927/245/258 2936/250/258
f 2924/237/259 2934/252/259 2925/238/259
f 2922/239/260 2930/248/260 2931/253/260
f 2919/241/261 2903/254/261 2928/255/261
f 2926/242/262 2934/252/262 2935/256/262
f 2922/239/263 2932/257/263 2923/243/263
f 2934/252/274 2944/259/274 2935/256/274
f 2932/257/275 2940/265/275 2941/268/275
f 2928/255/276 2938/269/276 2929/258/276
f 2936/250/267 2944/259/267 2945/260/267
f 2932/257/268 2942/261/268 2933/251/268
f 2930/248/269 2938/269/269 2939/262/269
f 2909/263/270 2936/250/270 2945/260/270
f 2934/252/271 2942/261/271 2943/264/271
f 2930/248/272 2940/265/272 2931/253/272
f 2928/255/273 2903/266/273 2937/267/273
f 2940/265/284 2948/276/284 2949/270/284
f 2937/267/285 2903/279/285 2946/280/285
f 2944/259/286 2952/278/286 2953/273/286
f 2941/268/277 2949/270/277 2950/271/277
f 2938/269/278 2946/280/278 2947/272/278
f 2944/259/279 2954/274/279 2945/260/279
f 2941/268/280 2951/275/280 2942/261/280
f 2938/269/281 2948/276/281 2939/262/281
f 2909/277/282 2945/260/282 2954/274/282
f 2942/261/283 2952/278/283 2943/264/283
f 2951/275/295 2961/283/295 2952/278/295
f 2949/270/296 2957/290/296 2958/285/296
f 2946/280/287 2903/281/287 2955/282/287
f 2952/278/288 2962/284/288 2953/273/288
f 2950/271/289 2958/285/289 2959/286/289
f 2946/280/290 2956/287/290 2947/272/290
f 2954/274/291 2962/284/291 2963/288/291
f 2950/271/292 2960/289/292 2951/275/292
f 2948/276/293 2956/287/293 2957/290/293
f 2909/291/294 2954/274/294 2963/288/294
f 2957/290/304 2965/298/304 2966/301/304
f 2909/302/305 2963/288/305 2972/299/305
f 2961/283/306 2969/300/306 2970/295/306
f 2957/290/297 2967/292/297 2958/285/297
f 2955/282/298 2903/293/298 2964/294/298
f 2961/283/299 2971/296/299 2962/284/299
f 2959/286/300 2967/292/300 2968/297/300
f 2955/282/301 2965/298/301 2956/287/301
f 2963/288/302 2971/296/302 2972/299/302
f 2959/286/303 2969/300/303 2960/289/303
f 2971/296/314 2981/304/314 2972/299/314
f 2968/297/315 2978/312/315 2969/300/315
f 2965/298/316 2975/313/316 2966/301/316
f 2909/303/307 2972/299/307 2981/304/307
f 2970/295/308 2978/312/308 2979/305/308
f 2966/301/309 2976/306/309 2967/292/309
f 2964/294/310 2903/307/310 2973/308/310
f 2971/296/311 2979/305/311 2980/309/311
f 2968/297/312 2976/306/312 2977/310/312
f 2965/298/313 2973/308/313 2974/311/313
f 2976/306/324 2986/323/324 2977/310/324
f 2973/308/325 2983/324/325 2974/311/325
f 2981/304/326 2989/322/326 2990/317/326
f 2977/310/317 2987/314/317 2978/312/317
f 2975/313/318 2983/324/318 2984/315/318
f 2909/316/319 2981/304/319 2990/317/319
f 2978/312/320 2988/318/320 2979/305/320
f 2976/306/321 2984/315/321 2985/319/321
f 2973/308/322 2903/320/322 2982/321/322
f 2979/305/323 2989/322/323 2980/309/323
f 2982/321/334 2903/332/334 2991/333/334
f 2989/322/335 2997/330/335 2998/334/335
f 2986/323/336 2994/331/336 2995/335/336
f 2983/324/327 2991/333/327 2992/325/327
f 2989/322/328 2999/326/328 2990/317/328
f 2986/323/329 2996/327/329 2987/314/329
f 2983/324/330 2993/328/330 2984/315/330
f 2909/329/331 2990/317/331 2999/326/331
f 2988/318/332 2996/327/332 2997/330/332
f 2984/315/333 2994/331/333 2985/319/333
f 2994/331/344 3002/341/344 3003/336/344
f 2991/333/345 2903/344/345 3000/345/345
f 2998/334/346 3006/343/346 3007/346/346
f 2995/335/337 3003/336/337 3004/337/337
f 2992/325/338 3000/345/338 3001/338/338
f 2998/334/339 3008/339/339 2999/326/339
f 2995/335/340 3005/340/340 2996/327/340
f 2992/325/341 3002/341/341 2993/328/341
f 2909/342/342 2999/326/342 3008/339/342
f 2996/327/343 3006/343/343 2997/330/343
f 2909/357/354 3008/339/354 3017/354/354
f 3005/340/355 3015/349/355 3006/343/355
f 3003/336/356 3011/356/356 3012/351/356
f 3000/345/347 2903/347/347 3009/348/347
f 3007/346/348 3015/349/348 3016/350/348
f 3003/336/349 3013/352/349 3004/337/349
f 3001/338/350 3009/348/350 3010/353/350
f 3007/346/351 3017/354/351 3008/339/351
f 3005/340/352 3013/352/352 3014/355/352
f 3001/338/353 3011/356/353 3002/341/353
f 3013/369/364 3023/375/364 3014/358/364
f 3011/376/365 3019/371/365 3020/362/365
f 2909/377/366 3017/373/366 3026/374/366
f 3014/358/357 3024/359/357 3015/360/357
f 3012/361/358 3020/362/358 3021/363/358
f 3009/364/359 2903/365/359 3018/366/359
f 3015/360/360 3025/368/360 3016/367/360
f 3013/369/361 3021/363/361 3022/370/361
f 3010/372/362 3018/366/362 3019/371/362
f 3016/367/363 3026/374/363 3017/373/363
f 3018/366/374 3028/387/374 3019/371/374
f 3026/374/375 3034/385/375 3035/380/375
f 3023/375/376 3031/386/376 3032/388/376
f 3020/362/367 3028/387/367 3029/378/367
f 2909/379/368 3026/374/368 3035/380/368
f 3024/359/369 3032/388/369 3033/381/369
f 3020/362/370 3030/382/370 3021/363/370
f 3018/366/371 2903/383/371 3027/384/371
f 3024/359/372 3034/385/372 3025/368/372
f 3021/363/373 3031/386/373 3022/370/373
f 3031/386/384 3039/394/384 3040/398/384
f 3028/387/385 3036/396/385 3037/399/385
f 3034/385/386 3044/392/386 3035/380/386
f 3031/386/377 3041/389/377 3032/388/377
f 3029/378/378 3037/399/378 3038/390/378
f 2909/391/379 3035/380/379 3044/392/379
f 3033/381/380 3041/389/380 3042/393/380
f 3029/378/381 3039/394/381 3030/382/381
f 3027/384/382 2903/395/382 3036/396/382
f 3033/381/383 3043/397/383 3034/385/383
f 3036/396/394 2903/401/394 3045/226/394
f 3043/397/395 2907/220/395 3048/229/395
f 3039/394/396 2905/232/396 3040/398/396
f 3036/396/387 3046/233/387 3037/399/387
f 3044/392/388 3048/229/388 2908/218/388
f 3040/398/389 2906/235/389 3041/389/389
f 3037/399/390 2904/236/390 3038/390/390
f 2909/400/391 3044/392/391 2908/218/391
f 3041/389/392 2907/220/392 3042/393/392
f 3039/394/393 2904/236/393 3047/223/393
f 3342/236/239 3351/225/239 3485/223/239
f 3483/226/240 3341/227/240 3348/228/240
f 3345/220/241 3355/230/241 3486/229/241
f 3343/232/242 3351/225/242 3352/231/242
f 3484/233/243 3348/228/243 3349/234/243
f 3486/229/244 3356/219/244 3346/218/244
f 3343/232/245 3353/221/245 3344/235/245
f 3342/236/246 3349/234/246 3350/224/246
f 3347/217/237 3346/218/237 3356/219/237
f 3345/220/238 3353/221/238 3354/222/238
f 3348/228/249 3341/240/249 3357/241/249
f 3354/222/397 3364/242/397 3355/230/397
f 3351/225/251 3361/243/251 3352/231/251
f 3348/228/252 3358/244/252 3349/234/252
f 3356/219/253 3364/242/253 3365/245/253
f 3353/221/254 3361/243/254 3362/237/254
f 3350/224/255 3358/244/255 3359/246/255
f 3347/247/256 3356/219/256 3365/245/256
f 3354/222/247 3362/237/247 3363/238/247
f 3350/224/248 3360/239/248 3351/225/248
f 3362/237/259 3372/252/259 3363/238/259
f 3360/239/260 3368/248/260 3369/253/260
f 3357/241/261 3341/254/261 3366/255/261
f 3364/242/398 3372/252/398 3373/256/398
f 3361/243/263 3369/253/263 3370/257/263
f 3358/244/264 3366/255/264 3367/258/264
f 3364/242/265 3374/250/265 3365/245/265
f 3361/243/266 3371/251/266 3362/237/266
f 3358/244/257 3368/248/257 3359/246/257
f 3347/249/258 3365/245/258 3374/250/258
f 3367/258/269 3377/262/269 3368/248/269
f 3347/263/270 3374/250/270 3383/260/270
f 3371/251/271 3381/264/271 3372/252/271
f 3369/253/272 3377/262/272 3378/265/272
f 3366/255/273 3341/266/273 3375/267/273
f 3373/256/274 3381/264/274 3382/259/274
f 3369/253/275 3379/268/275 3370/257/275
f 3366/255/276 3376/269/276 3367/258/276
f 3374/250/401 3382/259/401 3383/260/401
f 3371/251/268 3379/268/268 3380/261/268
f 3380/261/280 3388/271/280 3389/275/280
f 3377/262/281 3385/272/281 3386/276/281
f 3347/277/282 3383/260/282 3392/274/282
f 3380/261/283 3390/278/283 3381/264/283
f 3378/265/284 3386/276/284 3387/270/284
f 3375/267/285 3341/279/285 3384/280/285
f 3381/264/286 3391/273/286 3382/259/286
f 3378/265/277 3388/271/277 3379/268/277
f 3376/269/278 3384/280/278 3385/272/278
f 3382/259/402 3392/274/402 3383/260/402
f 3384/280/290 3394/287/290 3385/272/290
f 3392/274/291 3400/284/291 3401/288/291
f 3389/275/403 3397/286/403 3398/289/403
f 3386/276/293 3394/287/293 3395/290/293
f 3347/291/294 3392/274/294 3401/288/294
f 3389/275/295 3399/283/295 3390/278/295
f 3387/270/296 3395/290/296 3396/285/296
f 3384/280/287 3341/281/287 3393/282/287
f 3390/278/404 3400/284/404 3391/273/404
f 3387/270/289 3397/286/289 3388/271/289
f 3400/284/299 3408/295/299 3409/296/299
f 3397/286/300 3405/292/300 3406/297/300
f 3393/282/301 3403/298/301 3394/287/301
f 3401/288/302 3409/296/302 3410/299/302
f 3397/286/303 3407/300/303 3398/289/303
f 3394/287/304 3404/301/304 3395/290/304
f 3347/302/305 3401/288/305 3410/299/305
f 3399/283/306 3407/300/306 3408/295/306
f 3395/290/415 3405/292/415 3396/285/415
f 3393/282/298 3341/293/298 3402/294/298
f 3405/292/309 3413/313/309 3414/306/309
f 3402/294/310 3341/307/310 3411/308/310
f 3408/295/311 3418/309/311 3409/296/311
f 3405/292/312 3415/310/312 3406/297/312
f 3402/294/313 3412/311/313 3403/298/313
f 3410/299/314 3418/309/314 3419/304/314
f 3407/300/315 3415/310/315 3416/312/315
f 3404/301/316 3412/311/316 3413/313/316
f 3347/303/307 3410/299/307 3419/304/307
f 3407/300/308 3417/305/308 3408/295/308
f 3416/312/320 3426/318/320 3417/305/320
f 3414/306/321 3422/315/321 3423/319/321
f 3411/308/322 3341/320/322 3420/321/322
f 3417/305/323 3427/322/323 3418/309/323
f 3414/306/324 3424/323/324 3415/310/324
f 3412/311/325 3420/321/325 3421/324/325
f 3418/309/326 3428/317/326 3419/304/326
f 3416/312/317 3424/323/317 3425/314/317
f 3413/313/318 3421/324/318 3422/315/318
f 3347/316/319 3419/304/319 3428/317/319
f 3421/324/330 3431/328/330 3422/315/330
f 3347/329/331 3428/317/331 3437/326/331
f 3425/314/332 3435/330/332 3426/318/332
f 3423/319/333 3431/328/333 3432/331/333
f 3420/321/334 3341/332/334 3429/333/334
f 3427/322/335 3435/330/335 3436/334/335
f 3423/319/336 3433/335/336 3424/323/336
f 3420/321/327 3430/325/327 3421/324/327
f 3428/317/328 3436/334/328 3437/326/328
f 3425/314/329 3433/335/329 3434/327/329
f 3437/326/339 3445/346/339 3446/339/339
f 3434/327/340 3442/337/340 3443/340/340
f 3430/325/406 3440/341/406 3431/328/406
f 3347/342/342 3437/326/342 3446/339/342
f 3434/327/343 3444/343/343 3435/330/343
f 3432/331/408 3440/341/408 3441/336/408
f 3429/333/345 3341/344/345 3438/345/345
f 3436/334/346 3444/343/346 3445/346/346
f 3432/331/337 3442/337/337 3433/335/337
f 3429/333/338 3439/338/338 3430/325/338
f 3441/336/349 3451/352/349 3442/337/349
f 3438/345/350 3448/353/350 3439/338/350
f 3446/339/409 3454/350/409 3455/354/409
f 3443/340/352 3451/352/352 3452/355/352
f 3440/341/353 3448/353/353 3449/356/353
f 3347/357/354 3446/339/354 3455/354/354
f 3443/340/355 3453/349/355 3444/343/355
f 3441/336/356 3449/356/356 3450/351/356
f 3438/345/347 3341/347/347 3447/348/347
f 3444/343/348 3454/350/348 3445/346/348
f 3447/364/359 3341/365/359 3456/366/359
f 3453/360/360 3463/368/360 3454/367/360
f 3451/369/361 3459/363/361 3460/370/361
f 3448/372/416 3456/366/416 3457/371/416
f 3454/367/410 3464/374/410 3455/373/410
f 3451/369/364 3461/375/364 3452/358/364
f 3449/376/365 3457/371/365 3458/362/365
f 3347/377/366 3455/373/366 3464/374/366
f 3452/358/357 3462/359/357 3453/360/357
f 3450/361/358 3458/362/358 3459/363/358
f 3459/363/411 3467/378/411 3468/382/411
f 3456/366/371 3341/383/371 3465/384/371
f 3463/368/372 3471/381/372 3472/385/372
f 3459/363/373 3469/386/373 3460/370/373
f 3456/366/374 3466/387/374 3457/371/374
f 3464/374/375 3472/385/375 3473/380/375
f 3461/375/376 3469/386/376 3470/388/376
f 3457/371/367 3467/378/367 3458/362/367
f 3347/379/368 3464/374/368 3473/380/368
f 3461/375/369 3471/381/369 3462/359/369
f 3347/391/379 3473/380/379 3482/392/379
f 3470/388/380 3480/393/380 3471/381/380
f 3468/382/381 3476/390/381 3477/394/381
f 3465/384/382 3341/395/382 3474/396/382
f 3472/385/383 3480/393/383 3481/397/383
f 3468/382/384 3478/398/384 3469/386/384
f 3465/384/385 3475/399/385 3466/387/385
f 3473/380/386 3481/397/386 3482/392/386
f 3470/388/377 3478/398/377 3479/389/377
f 3466/387/378 3476/390/378 3467/378/378
f 3479/389/389 3343/232/389 3344/235/389
f 3476/390/390 3484/233/390 3342/236/390
f 3347/400/391 3482/392/391 3346/218/391
f 3479/389/392 3345/220/392 3480/393/392
f 3477/394/393 3342/236/393 3485/223/393
f 3474/396/394 3341/401/394 3483/226/394
f 3480/393/395 3486/229/395 3481/397/395
f 3477/394/396 3343/232/396 3478/398/396
f 3474/396/387 3484/233/387 3475/399/387
f 3482/392/388 3486/229/388 3346/218/388
f 3048/229/244 2917/230/244 2918/219/244
f 2906/235/245 2905/232/245 2914/231/245
f 2904/236/246 3046/233/246 2911/234/246
f 2907/220/238 2906/235/238 2915/221/238
f 3047/223/239 2904/236/239 2912/224/239
f 2907/220/241 2916/222/241 2917/230/241
f 3047/223/242 2913/225/242 2914/231/242
f 3046/233/243 3045/226/243 2910/228/243
f 2915/221/254 2914/231/254 2923/243/254
f 2911/234/255 2920/244/255 2921/246/255
f 2915/221/247 2924/237/247 2925/238/247
f 2913/225/248 2912/224/248 2921/246/248
f 2917/230/250 2916/222/250 2925/238/250
f 2913/225/251 2922/239/251 2923/243/251
f 2911/234/252 2910/228/252 2919/241/252
f 2917/230/253 2926/242/253 2927/245/253
f 2920/244/264 2919/241/264 2928/255/264
f 2926/242/265 2935/256/265 2936/250/265
f 2924/237/266 2923/243/266 2932/257/266
f 2920/244/257 2929/258/257 2930/248/257
f 2924/237/259 2933/251/259 2934/252/259
f 2922/239/260 2921/246/260 2930/248/260
f 2926/242/262 2925/238/262 2934/252/262
f 2922/239/263 2931/253/263 2932/257/263
f 2934/252/274 2943/264/274 2944/259/274
f 2932/257/275 2931/253/275 2940/265/275
f 2928/255/276 2937/267/276 2938/269/276
f 2936/250/267 2935/256/267 2944/259/267
f 2932/257/268 2941/268/268 2942/261/268
f 2930/248/269 2929/258/269 2938/269/269
f 2934/252/271 2933/251/271 2942/261/271
f 2930/248/272 2939/262/272 2940/265/272
f 2940/265/284 2939/262/284 2948/276/284
f 2944/259/286 2943/264/286 2952/278/286
f 2941/268/277 2940/265/277 2949/270/277
f 2938/269/278 2937/267/278 2946/280/278
f 2944/259/279 2953/273/279 2954/274/279
f 2941/268/280 2950/271/280 2951/275/280
f 2938/269/281 2947/272/281 2948/276/281
f 2942/261/283 2951/275/283 2952/278/283
f 2951/275/295 2960/289/295 2961/283/295
f 2949/270/296 2948/276/296 2957/290/296
f 2952/278/288 2961/283/288 2962/284/288
f 2950/271/289 2949/270/289 2958/285/289
f 2946/280/290 2955/282/290 2956/287/290
f 2954/274/291 2953/273/291 2962/284/291
f 2950/271/292 2959/286/292 2960/289/292
f 2948/276/293 2947/272/293 2956/287/293
f 2957/290/304 2956/287/304 2965/298/304
f 2961/283/306 2960/289/306 2969/300/306
f 2957/290/297 2966/301/297 2967/292/297
f 2961/283/299 2970/295/299 2971/296/299
f 2959/286/300 2958/285/300 2967/292/300
f 2955/282/301 2964/294/301 2965/298/301
f 2963/288/302 2962/284/302 2971/296/302
f 2959/286/303 2968/297/303 2969/300/303
f 2971/296/314 2980/309/314 2981/304/314
f 2968/297/315 2977/310/315 2978/312/315
f 2965/298/316 2974/311/316 2975/313/316
f 2970/295/308 2969/300/308 2978/312/308
f 2966/301/309 2975/313/309 2976/306/309
f 2971/296/311 2970/295/311 2979/305/311
f 2968/297/312 2967/292/312 2976/306/312
f 2965/298/313 2964/294/313 2973/308/313
f 2976/306/324 2985/319/324 2986/323/324
f 2973/308/325 2982/321/325 2983/324/325
f 2981/304/326 2980/309/326 2989/322/326
f 2977/310/317 2986/323/317 2987/314/317
f 2975/313/318 2974/311/318 2983/324/318
f 2978/312/320 2987/314/320 2988/318/320
f 2976/306/321 2975/313/321 2984/315/321
f 2979/305/323 2988/318/323 2989/322/323
f 2989/322/335 2988/318/335 2997/330/335
f 2986/323/336 2985/319/336 2994/331/336
f 2983/324/327 2982/321/327 2991/333/327
f 2989/322/328 2998/334/328 2999/326/328
f 2986/323/329 2995/335/329 2996/327/329
f 2983/324/330 2992/325/330 2993/328/330
f 2988/318/332 2987/314/332 2996/327/332
f 2984/315/333 2993/328/333 2994/331/333
f 2994/331/344 2993/328/344 3002/341/344
f 2998/334/346 2997/330/346 3006/343/346
f 2995/335/337 2994/331/337 3003/336/337
f 2992/325/338 2991/333/338 3000/345/338
f 2998/334/339 3007/346/339 3008/339/339
f 2995/335/340 3004/337/340 3005/340/340
f 2992/325/341 3001/338/341 3002/341/341
f 2996/327/343 3005/340/343 3006/343/343
f 3005/340/355 3014/355/355 3015/349/355
f 3003/336/356 3002/341/356 3011/356/356
f 3007/346/348 3006/343/348 3015/349/348
f 3003/336/349 3012/351/349 3013/352/349
f 3001/338/350 3000/345/350 3009/348/350
f 3007/346/351 3016/350/351 3017/354/351
f 3005/340/352 3004/337/352 3013/352/352
f 3001/338/353 3010/353/353 3011/356/353
f 3013/369/364 3022/370/364 3023/375/364
f 3011/376/365 3010/372/365 3019/371/365
f 3014/358/357 3023/375/357 3024/359/357
f 3012/361/358 3011/376/358 3020/362/358
f 3015/360/360 3024/359/360 3025/368/360
f 3013/369/361 3012/361/361 3021/363/361
f 3010/372/362 3009/364/362 3018/366/362
f 3016/367/363 3025/368/363 3026/374/363
f 3018/366/374 3027/384/374 3028/387/374
f 3026/374/375 3025/368/375 3034/385/375
f 3023/375/376 3022/370/376 3031/386/376
f 3020/362/367 3019/371/367 3028/387/367
f 3024/359/369 3023/375/369 3032/388/369
f 3020/362/370 3029/378/370 3030/382/370
f 3024/359/372 3033/381/372 3034/385/372
f 3021/363/373 3030/382/373 3031/386/373
f 3031/386/384 3030/382/384 3039/394/384
f 3028/387/385 3027/384/385 3036/396/385
f 3034/385/386 3043/397/386 3044/392/386
f 3031/386/377 3040/398/377 3041/389/377
f 3029/378/378 3028/387/378 3037/399/378
f 3033/381/380 3032/388/380 3041/389/380
f 3029/378/381 3038/390/381 3039/394/381
f 3033/381/383 3042/393/383 3043/397/383
f 3043/397/395 3042/393/395 2907/220/395
f 3039/394/396 3047/223/396 2905/232/396
f 3036/396/387 3045/226/387 3046/233/387
f 3044/392/388 3043/397/388 3048/229/388
f 3040/398/389 2905/232/389 2906/235/389
f 3037/399/390 3046/233/390 2904/236/390
f 3041/389/392 2906/235/392 2907/220/392
f 3039/394/393 3038/390/393 2904/236/393
f 3342/236/239 3350/224/239 3351/225/239
f 3345/220/241 3354/222/241 3355/230/241
f 3343/232/242 3485/223/242 3351/225/242
f 3484/233/243 3483/226/243 3348/228/243
f 3486/229/244 3355/230/244 3356/219/244
f 3343/232/245 3352/231/245 3353/221/245
f 3342/236/246 3484/233/246 3349/234/246
f 3345/220/238 3344/235/238 3353/221/238
f 3354/222/250 3363/238/250 3364/242/250
f 3351/225/251 3360/239/251 3361/243/251
f 3348/228/252 3357/241/252 3358/244/252
f 3356/219/253 3355/230/253 3364/242/253
f 3353/221/254 3352/231/254 3361/243/254
f 3350/224/417 3349/234/417 3358/244/417
f 3354/222/247 3353/221/247 3362/237/247
f 3350/224/248 3359/246/248 3360/239/248
f 3362/237/259 3371/251/259 3372/252/259
f 3360/239/260 3359/246/260 3368/248/260
f 3364/242/262 3363/238/262 3372/252/262
f 3361/243/263 3360/239/263 3369/253/263
f 3358/244/264 3357/241/264 3366/255/264
f 3364/242/265 3373/256/265 3374/250/265
f 3361/243/266 3370/257/266 3371/251/266
f 3358/244/419 3367/258/419 3368/248/419
f 3367/258/269 3376/269/269 3377/262/269
f 3371/251/271 3380/261/271 3381/264/271
f 3369/253/272 3368/248/272 3377/262/272
f 3373/256/274 3372/252/274 3381/264/274
f 3369/253/275 3378/265/275 3379/268/275
f 3366/255/420 3375/267/420 3376/269/420
f 3374/250/267 3373/256/267 3382/259/267
f 3371/251/268 3370/257/268 3379/268/268
f 3380/261/280 3379/268/280 3388/271/280
f 3377/262/281 3376/269/281 3385/272/281
f 3380/261/283 3389/275/283 3390/278/283
f 3378/265/284 3377/262/284 3386/276/284
f 3381/264/286 3390/278/286 3391/273/286
f 3378/265/277 3387/270/277 3388/271/277
f 3376/269/421 3375/267/421 3384/280/421
f 3382/259/279 3391/273/279 3392/274/279
f 3384/280/290 3393/282/290 3394/287/290
f 3392/274/291 3391/273/291 3400/284/291
f 3389/275/292 3388/271/292 3397/286/292
f 3386/276/422 3385/272/422 3394/287/422
f 3389/275/295 3398/289/295 3399/283/295
f 3387/270/296 3386/276/296 3395/290/296
f 3390/278/288 3399/283/288 3400/284/288
f 3387/270/423 3396/285/423 3397/286/423
f 3400/284/299 3399/283/299 3408/295/299
f 3397/286/300 3396/285/300 3405/292/300
f 3393/282/301 3402/294/301 3403/298/301
f 3401/288/302 3400/284/302 3409/296/302
f 3397/286/303 3406/297/303 3407/300/303
f 3394/287/304 3403/298/304 3404/301/304
f 3399/283/430 3398/289/430 3407/300/430
f 3395/290/297 3404/301/297 3405/292/297
f 3405/292/309 3404/301/309 3413/313/309
f 3408/295/311 3417/305/311 3418/309/311
f 3405/292/312 3414/306/312 3415/310/312
f 3402/294/313 3411/308/313 3412/311/313
f 3410/299/314 3409/296/314 3418/309/314
f 3407/300/315 3406/297/315 3415/310/315
f 3404/301/316 3403/298/316 3412/311/316
f 3407/300/308 3416/312/308 3417/305/308
f 3416/312/320 3425/314/320 3426/318/320
f 3414/306/321 3413/313/321 3422/315/321
f 3417/305/323 3426/318/323 3427/322/323
f 3414/306/324 3423/319/324 3424/323/324
f 3412/311/325 3411/308/325 3420/321/325
f 3418/309/326 3427/322/326 3428/317/326
f 3416/312/317 3415/310/317 3424/323/317
f 3413/313/318 3412/311/318 3421/324/318
f 3421/324/330 3430/325/330 3431/328/330
f 3425/314/332 3434/327/332 3435/330/332
f 3423/319/333 3422/315/333 3431/328/333
f 3427/322/335 3426/318/335 3435/330/335
f 3423/319/336 3432/331/336 3433/335/336
f 3420/321/327 3429/333/327 3430/325/327
f 3428/317/328 3427/322/328 3436/334/328
f 3425/314/329 3424/323/329 3433/335/329
f 3437/326/339 3436/334/339 3445/346/339
f 3434/327/340 3433/335/340 3442/337/340
f 3430/325/341 3439/338/341 3440/341/341
f 3434/327/407 3443/340/407 3444/343/407
f 3432/331/344 3431/328/344 3440/341/344
f 3436/334/425 3435/330/425 3444/343/425
f 3432/331/337 3441/336/337 3442/337/337
f 3429/333/338 3438/345/338 3439/338/338
f 3441/336/349 3450/351/349 3451/352/349
f 3438/345/426 3447/348/426 3448/353/426
f 3446/339/351 3445/346/351 3454/350/351
f 3443/340/352 3442/337/352 3451/352/352
f 3440/341/353 3439/338/353 3448/353/353
f 3443/340/355 3452/355/355 3453/349/355
f 3441/336/356 3440/341/356 3449/356/356
f 3444/343/348 3453/349/348 3454/350/348
f 3453/360/360 3462/359/360 3463/368/360
f 3451/369/361 3450/361/361 3459/363/361
f 3448/372/416 3447/364/416 3456/366/416
f 3454/367/410 3463/368/410 3464/374/410
f 3451/369/364 3460/370/364 3461/375/364
f 3449/376/365 3448/372/365 3457/371/365
f 3452/358/357 3461/375/357 3462/359/357
f 3450/361/358 3449/376/358 3458/362/358
f 3459/363/370 3458/362/370 3467/378/370
f 3463/368/372 3462/359/372 3471/381/372
f 3459/363/373 3468/382/373 3469/386/373
f 3456/366/374 3465/384/374 3466/387/374
f 3464/374/375 3463/368/375 3472/385/375
f 3461/375/376 3460/370/376 3469/386/376
f 3457/371/367 3466/387/367 3467/378/367
f 3461/375/427 3470/388/427 3471/381/427
f 3470/388/380 3479/389/380 3480/393/380
f 3468/382/381 3467/378/381 3476/390/381
f 3472/385/383 3471/381/383 3480/393/383
f 3468/382/384 3477/394/384 3478/398/384
f 3465/384/385 3474/396/385 3475/399/385
f 3473/380/386 3472/385/386 3481/397/386
f 3470/388/377 3469/386/377 3478/398/377
f 3466/387/378 3475/399/378 3476/390/378
f 3479/389/389 3478/398/389 3343/232/389
f 3476/390/390 3475/399/390 3484/233/390
f 3479/389/392 3344/235/392 3345/220/392
f 3477/394/393 3476/390/393 3342/236/393
f 3480/393/395 3345/220/395 3486/229/395
f 3477/394/396 3485/223/396 3343/232/396
f 3474/396/387 3483/226/387 3484/233/387
f 3482/392/388 3481/397/388 3486/229/388
o Lollipop_01
v -0.000000 24.000000 10.880000
v -0.000000 27.000000 10.880000
v 0.084853 24.000000 10.915147
v 0.084853 27.000000 10.915147
v 0.120000 24.000000 11.000000
v 0.120000 27.000000 11.000000
v 0.084853 24.000000 11.084853
v 0.084853 27.000000 11.084853
v 0.000000 24.000000 11.120000
v 0.000000 27.000000 11.120000
v -0.084853 24.000000 11.084853
v -0.084853 27.000000 11.084853
v -0.120000 24.000000 11.000000
v -0.120000 27.000000 11.000000
v -0.084853 24.000000 10.915147
v -0.084853 27.000000 10.915147
v 0.000000 28.500000 11.150000
v 0.000000 28.500000 10.849999
v -0.463526 28.426584 11.150000
v -0.463526 28.426584 10.849999
v -0.881678 28.213526 11.150000
v -0.881678 28.213526 10.849999
v -1.213526 27.881678 11.150000
v -1.213526 27.881678 10.849999
v -1.426585 27.463526 11.150000
v -1.426585 27.463526 10.850000
v -1.500000 27.000000 11.150000
v -1.500000 27.000000 10.850000
v -1.426585 26.536474 11.150000
v -1.426585 26.536474 10.850000
v -1.213526 26.118322 11.150001
v -1.213526 26.118322 10.850000
v -0.881678 25.786474 11.150001
v -0.881678 25.786474 10.850000
v -0.463526 25.573416 11.150001
v -0.463526 25.573416 10.850000
v -0.000000 25.500000 11.150001
v 0.000000 25.500000 10.850000
v 0.463526 25.573416 11.150001
v 0.463526 25.573416 10.850000
v 0.881678 25.786474 11.150001
v 0.881678 25.786474 10.850000
v 1.213526 26.118322 11.150001
v 1.213526 26.118322 10.850000
v 1.426585 26.536474 11.150000
v 1.426585 26.536474 10.850000
v 1.500000 27.000000 11.150000
v 1.500000 27.000000 10.850000
v 1.426585 27.463526 11.150000
v 1.426585 27.463526 10.850000
v 1.213526 27.881678 11.150000
v 1.213526 27.881678 10.849999
v 0.881678 28.213526 11.150000
v 0.881678 28.213526 10.849999
v 0.463526 28.426584 11.150000
v 0.463526 28.426584 10.849999
v -1.060000 27.000000 10.790000
v -0.980000 27.000000 10.651436
v -0.820000 27.000000 10.651436
v -0.740000 27.000000 10.790000
v -0.820000 27.000000 10.928564
v -0.980000 27.000000 10.928564
v -1.008120 27.327559 10.790000
v -0.932035 27.302837 10.651436
v -0.779866 27.253393 10.651436
v -0.703782 27.228672 10.790000
v -0.779866 27.253393 10.928564
v -0.932035 27.302837 10.928564
v -0.857558 27.623053 10.790000
v -0.792837 27.576029 10.651436
v -0.663394 27.481983 10.651436
v -0.598673 27.434961 10.790000
v -0.663394 27.481983 10.928564
v -0.792837 27.576029 10.928564
v -0.623052 27.857557 10.790000
v -0.576029 27.792837 10.651436
v -0.481984 27.663395 10.651436
v -0.434961 27.598673 10.790000
v -0.481984 27.663395 10.928564
v -0.576029 27.792837 10.928564
v -0.327558 28.008120 10.790000
v -0.302837 27.932035 10.651436
v -0.253394 27.779865 10.651436
v -0.228673 27.703781 10.790000
v -0.253394 27.779865 10.928564
v -0.302837 27.932035 10.928564
v -0.000000 28.059999 10.790000
v -0.000000 27.980000 10.651436
v -0.000000 27.820000 10.651436
v -0.000000 27.740000 10.790000
v -0.000000 27.820000 10.928564
v -0.000000 27.980000 10.928564
v 0.327558 28.008120 10.790000
v 0.302837 27.932035 10.651436
v 0.253394 27.779865 10.651436
v 0.228673 27.703781 10.790000
v 0.253394 27.779865 10.928564
v 0.302837 27.932035 10.928564
v 0.623053 27.857557 10.790000
v 0.576030 27.792837 10.651436
v 0.481984 27.663395 10.651436
v 0.434961 27.598673 10.790000
v 0.481984 27.663395 10.928564
v 0.576030 27.792837 10.928564
v 0.857558 27.623053 10.790000
v 0.792837 27.576029 10.651436
v 0.663394 27.481983 10.651436
v 0.598673 27.434961 10.790000
v 0.663394 27.481983 10.928564
v 0.792837 27.576029 10.928564
v 1.008120 27.327559 10.790000
v 0.932035 27.302837 10.651436
v 0.779866 27.253393 10.651436
v 0.703782 27.228672 10.790000
v 0.779866 27.253393 10.928564
v 0.932035 27.302837 10.928564
v 1.060000 27.000000 10.790000
v 0.980000 27.000000 10.651436
v 0.820000 27.000000 10.651436
v 0.740000 27.000000 10.790000
v 0.820000 27.000000 10.928564
v 0.980000 27.000000 10.928564
v 1.008120 26.672443 10.790000
v 0.932036 26.697165 10.651436
v 0.779866 26.746607 10.651436
v 0.703782 26.771328 10.790000
v 0.779867 26.746607 10.928564
v 0.932036 26.697165 10.928564
v 0.857558 26.376947 10.790000
v 0.792837 26.423971 10.651436
v 0.663394 26.518017 10.651436
v 0.598673 26.565039 10.790000
v 0.663394 26.518017 10.928564
v 0.792837 26.423971 10.928564
v 0.623053 26.142443 10.790000
v 0.576030 26.207163 10.651436
v 0.481984 26.336607 10.651436
v 0.434961 26.401327 10.790000
v 0.481984 26.336607 10.928564
v 0.576030 26.207163 10.928564
v 0.327558 25.991880 10.790000
v 0.302837 26.067965 10.651436
v 0.253394 26.220133 10.651436
v 0.228673 26.296219 10.790000
v 0.253394 26.220133 10.928564
v 0.302837 26.067965 10.928564
v -0.000000 25.940001 10.790000
v -0.000000 26.020000 10.651436
v -0.000000 26.180000 10.651436
v -0.000000 26.260000 10.790000
v -0.000000 26.180000 10.928564
v -0.000000 26.020000 10.928564
v -0.327558 25.991880 10.790000
v -0.302837 26.067965 10.651436
v -0.253394 26.220133 10.651436
v -0.228673 26.296219 10.790000
v -0.253394 26.220133 10.928564
v -0.302837 26.067965 10.928564
v -0.623052 26.142441 10.790000
v -0.576029 26.207163 10.651436
v -0.481984 26.336605 10.651436
v -0.434961 26.401327 10.790000
v -0.481984 26.336605 10.928564
v -0.576029 26.207163 10.928564
v -0.857558 26.376947 10.790000
v -0.792836 26.423969 10.651436
v -0.663394 26.518015 10.651436
v -0.598672 26.565039 10.790000
v -0.663394 26.518017 10.928564
v -0.792836 26.423969 10.928564
v -1.008120 26.672441 10.790000
v -0.932035 26.697163 10.651436
v -0.779866 26.746605 10.651436
v -0.703782 26.771328 10.790000
v -0.779866 26.746605 10.928564
v -0.932035 26.697163 10.928564
vn 0.3827 -0.0000 -0.9239
vn 0.9239 -0.0000 -0.3827
vn 0.9239 -0.0000 0.3827
vn 0.3827 -0.0000 0.9239
vn -0.3827 -0.0000 0.9239
vn -0.9239 -0.0000 0.3827
vn -0.0000 1.0000 -0.0000
vn -0.9239 -0.0000 -0.3827
vn -0.3827 -0.0000 -0.9239
vn -0.0000 -1.0000 -0.0000
vn -0.1564 0.9877 -0.0000
vn -0.4540 0.8910 -0.0000
vn -0.7071 0.7071 -0.0000
vn -0.8910 0.4540 -0.0000
vn -0.9877 0.1564 -0.0000
vn -0.9877 -0.1564 -0.0000
vn -0.8910 -0.4540 -0.0000
vn -0.7071 -0.7071 -0.0000
vn -0.4540 -0.8910 -0.0000
vn -0.1564 -0.9877 -0.0000
vn 0.1564 -0.9877 -0.0000
vn 0.4540 -0.8910 -0.0000
vn 0.7071 -0.7071 -0.0000
vn 0.8910 -0.4540 -0.0000
vn 0.9877 -0.1564 -0.0000
vn 0.9877 0.1564 -0.0000
vn 0.8910 0.4540 -0.0000
vn 0.7071 0.7071 -0.0000
vn -0.0000 -0.0000 -1.0000
vn 0.4540 0.8910 -0.0000
vn 0.1564 0.9877 -0.0000
vn -0.0000 -0.0000 1.0000
vn -0.8580 0.1359 -0.4954
vn 0.8580 -0.1359 -0.4954
vn 0.8580 -0.1359 0.4954
vn -0.8580 0.1359 0.4954
vn -0.7740 0.3944 -0.4954
vn 0.7740 -0.3944 -0.4954
vn 0.7740 -0.3944 0.4954
vn -0.7740 0.3944 0.4954
vn -0.6143 0.6143 -0.4954
vn 0.6143 -0.6143 -0.4954
vn 0.6143 -0.6143 0.4954
vn -0.6143 0.6143 0.4954
vn -0.3944 0.7740 -0.4954
vn 0.3944 -0.7740 -0.4954
vn 0.3944 -0.7740 0.4954
vn -0.3944 0.7740 0.4954
vn -0.1359 0.8580 -0.4954
vn 0.1359 -0.8580 -0.4954
vn 0.1359 -0.8580 0.4954
vn -0.1359 0.8580 0.4954
vn 0.1359 0.8580 -0.4954
vn -0.1359 -0.8580 -0.4954
vn -0.1359 -0.8580 0.4954
vn 0.1359 0.8580 0.4954
vn 0.3944 0.7740 -0.4954
vn -0.3944 -0.7740 -0.4954
vn -0.3944 -0.7740 0.4954
vn 0.3944 0.7740 0.4954
vn 0.6143 0.6143 -0.4954
vn -0.6143 -0.6143 -0.4954
vn -0.6143 -0.6143 0.4954
vn 0.6143 0.6143 0.4954
vn 0.7740 0.3944 -0.4954
vn -0.7740 -0.3944 -0.4954
vn -0.7740 -0.3944 0.4954
vn 0.7740 0.3944 0.4954
vn 0.8580 0.1359 -0.4954
vn -0.8580 -0.1359 -0.4954
vn -0.8580 -0.1359 0.4954
vn 0.8580 0.1359 0.4954
vt 1.000000 1.000000
vt 0.875000 0.500000
vt 1.000000 0.500000
vt 0.875000 1.000000
vt 0.750000 0.500000
vt 0.750000 1.000000
vt 0.625000 0.500000
vt 0.625000 1.000000
vt 0.500000 0.500000
vt 0.500000 1.000000
vt 0.375000 0.500000
vt 0.375000 1.000000
vt 0.250000 0.500000
vt 0.419706 0.080294
vt 0.490000 0.250000
vt 0.010000 0.250000
vt 0.250000 1.000000
vt 0.125000 0.500000
vt 0.125000 1.000000
vt 0.000000 0.500000
vt 0.919706 0.080294
vt 0.580294 0.080294
vt 0.580294 0.419706
vt 0.950000 1.000000
vt 0.950000 0.500000
vt 0.900000 0.500000
vt 0.900000 1.000000
vt 0.850000 0.500000
vt 0.800000 1.000000
vt 0.800000 0.500000
vt 0.750000 1.000000
vt 0.750000 0.500000
vt 0.700000 1.000000
vt 0.700000 0.500000
vt 0.650000 1.000000
vt 0.650000 0.500000
vt 0.600000 1.000000
vt 0.600000 0.500000
vt 0.550000 1.000000
vt 0.550000 0.500000
vt 0.500000 0.500000
vt 0.500000 1.000000
vt 0.450000 0.500000
vt 0.450000 1.000000
vt 0.400000 0.500000
vt 0.400000 1.000000
vt 0.350000 0.500000
vt 0.350000 1.000000
vt 0.300000 0.500000
vt 0.300000 1.000000
vt 0.250000 0.500000
vt 0.250000 1.000000
vt 0.200000 0.500000
vt 0.200000 1.000000
vt 0.150000 0.500000
vt 0.150000 1.000000
vt 0.100000 0.500000
vt 0.108932 0.444164
vt 0.021746 0.175836
vt 0.478254 0.175836
vt 0.100000 1.000000
vt 0.050000 0.500000
vt -0.000000 1.000000
vt -0.000000 0.500000
vt 0.944164 0.108932
vt 0.510000 0.250000
vt 0.675836 0.478254
vt 0.600000 0.500000
vt 0.550000 0.666667
vt 0.550000 0.500000
vt 0.600000 0.833333
vt 0.550000 0.833333
vt 0.550000 1.000000
vt 0.550000 -0.000000
vt 0.600000 0.166667
vt 0.550000 0.166667
vt 0.600000 0.333333
vt 0.550000 0.333333
vt 0.650000 0.666667
vt 0.600000 0.666667
vt 0.650000 0.833333
vt 0.600000 1.000000
vt 0.650000 -0.000000
vt 0.600000 -0.000000
vt 0.650000 0.333333
vt 0.650000 0.500000
vt 0.700000 0.666667
vt 0.700000 1.000000
vt 0.650000 1.000000
vt 0.700000 0.166667
vt 0.650000 0.166667
vt 0.700000 0.333333
vt 0.700000 0.500000
vt 0.750000 0.666667
vt 0.750000 0.833333
vt 0.700000 0.833333
vt 0.700000 -0.000000
vt 0.750000 0.166667
vt 0.750000 0.333333
vt 0.800000 0.500000
vt 0.800000 0.666667
vt 0.800000 0.833333
vt 0.750000 -0.000000
vt 0.800000 0.166667
vt 0.850000 0.666667
vt 0.850000 1.000000
vt 0.800000 1.000000
vt 0.850000 -0.000000
vt 0.800000 -0.000000
vt 0.850000 0.333333
vt 0.800000 0.333333
vt 0.850000 0.500000
vt 0.900000 0.666667
vt 0.900000 0.833333
vt 0.850000 0.833333
vt 0.900000 0.166667
vt 0.850000 0.166667
vt 0.950000 0.666667
vt 0.950000 0.833333
vt 0.900000 -0.000000
vt 0.950000 0.166667
vt 0.900000 0.333333
vt 1.000000 0.666667
vt 1.000000 0.833333
vt 1.000000 -0.000000
vt 0.950000 -0.000000
vt 1.000000 0.333333
vt 0.950000 0.333333
vt 0.050000 0.500000
vt 0.000000 0.666667
vt 0.000000 0.500000
vt 0.050000 0.666667
vt 0.000000 0.833333
vt 0.050000 1.000000
vt 0.000000 1.000000
vt 0.050000 -0.000000
vt 0.000000 0.166667
vt 0.000000 -0.000000
vt 0.050000 0.166667
vt 0.000000 0.333333
vt 0.100000 0.666667
vt 0.050000 0.833333
vt 0.100000 1.000000
vt 0.100000 -0.000000
vt 0.100000 0.166667
vt 0.050000 0.333333
vt 0.100000 0.333333
vt 0.150000 0.500000
vt 0.100000 0.500000
vt 0.150000 0.666667
vt 0.100000 0.833333
vt 0.150000 1.000000
vt 0.150000 -0.000000
vt 0.150000 0.166667
vt 0.150000 0.333333
vt 0.200000 0.500000
vt 0.200000 0.833333
vt 0.150000 0.833333
vt 0.200000 1.000000
vt 0.200000 -0.000000
vt 0.200000 0.333333
vt 0.200000 0.666667
vt 0.250000 0.666667
vt 0.250000 0.833333
vt 0.250000 -0.000000
vt 0.200000 0.166667
vt 0.250000 0.333333
vt 0.300000 0.666667
vt 0.300000 0.833333
vt 0.300000 -0.000000
vt 0.250000 0.166667
vt 0.300000 0.166667
vt 0.300000 0.333333
vt 0.300000 0.500000
vt 0.350000 0.666667
vt 0.350000 0.833333
vt 0.350000 1.000000
vt 0.300000 1.000000
vt 0.350000 0.166667
vt 0.350000 0.333333
vt 0.400000 0.500000
vt 0.350000 0.500000
vt 0.400000 0.666667
vt 0.400000 1.000000
vt 0.400000 -0.000000
vt 0.350000 -0.000000
vt 0.400000 0.333333
vt 0.450000 0.500000
vt 0.450000 0.833333
vt 0.400000 0.833333
vt 0.450000 1.000000
vt 0.450000 -0.000000
vt 0.400000 0.166667
vt 0.450000 0.333333
vt 0.500000 0.666667
vt 0.450000 0.666667
vt 0.500000 0.833333
vt 0.500000 -0.000000
vt 0.450000 0.166667
vt 0.500000 0.333333
vt 0.500000 0.166667
vt 0.419706 0.419706
vt 0.250000 0.490000
vt 0.080294 0.419706
vt 0.080294 0.080294
vt 0.250000 0.010000
vt 0.000000 1.000000
vt 0.750000 0.490000
vt 0.919706 0.419706
vt 0.990000 0.250000
vt 0.750000 0.010000
vt 0.850000 1.000000
vt 0.391068 0.444164
vt 0.324164 0.478254
vt 0.175836 0.478254
vt 0.055836 0.391068
vt 0.021746 0.324164
vt 0.055836 0.108932
vt 0.108932 0.055836
vt 0.175836 0.021746
vt 0.324164 0.021746
vt 0.391068 0.055836
vt 0.444164 0.108932
vt 0.478254 0.324164
vt 0.444164 0.391068
vt 0.050000 1.000000
vt 0.824164 0.478254
vt 0.891068 0.444164
vt 0.944164 0.391068
vt 0.978254 0.324164
vt 0.978254 0.175836
vt 0.891068 0.055836
vt 0.824164 0.021746
vt 0.675836 0.021746
vt 0.608932 0.055836
vt 0.555836 0.108932
vt 0.521746 0.175836
vt 0.521746 0.324164
vt 0.555836 0.391068
vt 0.608932 0.444164
vt 1.000000 0.166667
s 0
usemtl Icing
f 3488/402/431 3489/403/431 3487/404/431
f 3490/405/432 3491/406/432 3489/403/432
f 3492/407/433 3493/408/433 3491/406/433
f 3494/409/434 3495/410/434 3493/408/434
f 3496/411/435 3497/412/435 3495/410/435
f 3498/413/436 3499/414/436 3497/412/436
f 3494/415/437 3492/416/437 3500/417/437
f 3500/418/438 3501/419/438 3499/414/438
f 3502/420/439 3487/421/439 3501/419/439
f 3493/422/440 3497/423/440 3501/424/440
f 3549/469/463 3544/470/463 3543/471/463
f 3544/470/459 3551/472/459 3545/473/459
f 3551/472/464 3546/474/464 3545/473/464
f 3546/475/465 3553/476/465 3547/477/465
f 3547/477/462 3554/478/462 3548/479/462
f 3554/478/466 3543/471/466 3548/479/466
f 3549/469/467 3556/480/467 3550/481/467
f 3550/481/459 3557/482/459 3551/472/459
f 3557/482/468 3552/483/468 3551/472/468
f 3558/484/469 3553/476/469 3552/485/469
f 3553/476/462 3560/486/462 3554/478/462
f 3560/486/470 3549/469/470 3554/478/470
f 3555/487/471 3562/488/471 3556/480/471
f 3562/488/459 3557/482/459 3556/480/459
f 3557/482/472 3564/489/472 3558/490/472
f 3558/484/473 3565/491/473 3559/492/473
f 3565/491/462 3560/486/462 3559/492/462
f 3566/493/474 3555/487/474 3560/486/474
f 3561/494/475 3568/495/475 3562/488/475
f 3562/488/459 3569/496/459 3563/497/459
f 3569/496/476 3564/489/476 3563/497/476
f 3564/498/477 3571/499/477 3565/491/477
f 3571/499/462 3566/493/462 3565/491/462
f 3572/500/478 3561/494/478 3566/493/478
f 3573/501/479 3568/495/479 3567/406/479
f 3574/502/459 3569/496/459 3568/495/459
f 3575/503/480 3570/407/480 3569/496/480
f 3570/504/481 3577/505/481 3571/499/481
f 3577/505/462 3572/500/462 3571/499/462
f 3572/500/482 3573/501/482 3567/406/482
f 3573/501/483 3580/506/483 3574/502/483
f 3580/506/459 3575/503/459 3574/502/459
f 3575/503/484 3582/507/484 3576/508/484
f 3582/509/485 3577/505/485 3576/510/485
f 3577/505/462 3584/511/462 3578/512/462
f 3584/511/486 3573/501/486 3578/512/486
f 3579/513/487 3586/514/487 3580/506/487
f 3580/506/459 3587/515/459 3581/516/459
f 3587/515/488 3582/507/488 3581/516/488
f 3582/509/489 3589/517/489 3583/518/489
f 3589/517/462 3584/511/462 3583/518/462
f 3584/511/490 3585/427/490 3579/513/490
f 3585/427/491 3592/519/491 3586/514/491
f 3586/514/459 3593/520/459 3587/515/459
f 3593/520/492 3588/428/492 3587/515/492
f 3588/521/493 3595/522/493 3589/517/493
f 3595/522/462 3590/523/462 3589/517/462
f 3590/523/494 3591/426/494 3585/427/494
f 3597/404/495 3592/519/495 3591/426/495
f 3598/524/459 3593/520/459 3592/519/459
f 3599/525/496 3594/425/496 3593/520/496
f 3600/526/497 3595/522/497 3594/527/497
f 3595/522/462 3602/528/462 3596/529/462
f 3596/529/498 3597/404/498 3591/426/498
f 3603/530/499 3598/531/499 3597/532/499
f 3604/533/459 3599/534/459 3598/531/459
f 3599/534/500 3606/535/500 3600/536/500
f 3606/537/501 3601/538/501 3600/539/501
f 3607/540/462 3602/541/462 3601/538/462
f 3602/541/502 3603/530/502 3597/532/502
f 3603/530/464 3610/542/464 3604/533/464
f 3610/542/459 3605/543/459 3604/533/459
f 3605/543/463 3612/544/463 3606/535/463
f 3612/545/466 3607/540/466 3606/537/466
f 3613/546/462 3608/547/462 3607/540/462
f 3614/548/465 3603/530/465 3608/547/465
f 3615/549/468 3610/542/468 3609/550/468
f 3616/551/459 3611/552/459 3610/542/459
f 3611/552/467 3618/553/467 3612/544/467
f 3618/554/470 3613/546/470 3612/545/470
f 3619/555/462 3614/548/462 3613/546/462
f 3620/556/469 3609/550/469 3614/548/469
f 3621/557/472 3616/551/472 3615/549/472
f 3616/551/459 3623/558/459 3617/559/459
f 3617/559/471 3624/560/471 3618/553/471
f 3624/561/474 3619/555/474 3618/554/474
f 3619/555/462 3626/562/462 3620/556/462
f 3620/556/473 3621/557/473 3615/549/473
f 3627/414/476 3622/563/476 3621/557/476
f 3628/564/459 3623/558/459 3622/563/459
f 3629/565/475 3624/560/475 3623/558/475
f 3630/566/478 3625/567/478 3624/561/478
f 3625/567/462 3632/568/462 3626/562/462
f 3632/568/477 3621/557/477 3626/562/477
f 3627/414/480 3634/569/480 3628/564/480
f 3628/564/459 3635/570/459 3629/565/459
f 3635/570/479 3630/418/479 3629/565/479
f 3636/571/482 3631/572/482 3630/566/482
f 3637/573/462 3632/568/462 3631/572/462
f 3638/574/481 3627/414/481 3632/568/481
f 3633/575/484 3640/576/484 3634/569/484
f 3634/569/459 3641/577/459 3635/570/459
f 3635/570/483 3642/578/483 3636/579/483
f 3636/571/486 3643/580/486 3637/573/486
f 3643/580/462 3638/574/462 3637/573/462
f 3644/581/485 3633/575/485 3638/574/485
f 3645/582/488 3640/576/488 3639/583/488
f 3646/584/459 3641/577/459 3640/576/459
f 3641/577/487 3648/585/487 3642/578/487
f 3648/586/490 3643/580/490 3642/587/490
f 3643/580/462 3650/588/462 3644/581/462
f 3644/581/489 3645/582/489 3639/583/489
f 3651/589/492 3646/584/492 3645/582/492
f 3646/584/459 3653/590/459 3647/591/459
f 3647/591/491 3654/592/491 3648/585/491
f 3654/593/494 3649/594/494 3648/586/494
f 3649/594/462 3656/595/462 3650/588/462
f 3656/595/493 3645/582/493 3650/588/493
f 3651/589/496 3658/596/496 3652/597/496
f 3652/597/459 3659/598/459 3653/590/459
f 3653/590/495 3660/411/495 3654/592/495
f 3660/599/498 3655/600/498 3654/593/498
f 3655/600/462 3662/601/462 3656/595/462
f 3662/601/497 3651/589/497 3656/595/497
f 3657/410/500 3544/470/500 3658/596/500
f 3544/470/459 3659/598/459 3658/596/459
f 3659/598/499 3546/474/499 3660/411/499
f 3546/475/502 3661/602/502 3660/599/502
f 3661/602/462 3548/479/462 3662/601/462
f 3548/479/501 3657/410/501 3662/601/501
f 3488/402/431 3490/405/431 3489/403/431
f 3490/405/432 3492/407/432 3491/406/432
f 3492/407/433 3494/409/433 3493/408/433
f 3494/409/434 3496/411/434 3495/410/434
f 3496/411/435 3498/413/435 3497/412/435
f 3498/413/436 3500/418/436 3499/414/436
f 3492/416/437 3490/603/437 3488/604/437
f 3488/604/437 3502/605/437 3492/416/437
f 3502/605/437 3500/417/437 3492/416/437
f 3500/417/437 3498/606/437 3496/607/437
f 3496/607/437 3494/415/437 3500/417/437
f 3500/418/438 3502/420/438 3501/419/438
f 3502/420/439 3488/608/439 3487/421/439
f 3501/424/440 3487/609/440 3489/610/440
f 3489/610/440 3491/611/440 3493/422/440
f 3493/422/440 3495/612/440 3497/423/440
f 3497/423/440 3499/467/440 3501/424/440
f 3501/424/440 3489/610/440 3493/422/440
f 3549/469/463 3550/481/463 3544/470/463
f 3544/470/459 3550/481/459 3551/472/459
f 3551/472/464 3552/483/464 3546/474/464
f 3546/475/465 3552/485/465 3553/476/465
f 3547/477/462 3553/476/462 3554/478/462
f 3554/478/466 3549/469/466 3543/471/466
f 3549/469/467 3555/487/467 3556/480/467
f 3550/481/459 3556/480/459 3557/482/459
f 3557/482/468 3558/490/468 3552/483/468
f 3558/484/469 3559/492/469 3553/476/469
f 3553/476/462 3559/492/462 3560/486/462
f 3560/486/470 3555/487/470 3549/469/470
f 3555/487/471 3561/494/471 3562/488/471
f 3562/488/459 3563/497/459 3557/482/459
f 3557/482/472 3563/497/472 3564/489/472
f 3558/484/473 3564/498/473 3565/491/473
f 3565/491/462 3566/493/462 3560/486/462
f 3566/493/474 3561/494/474 3555/487/474
f 3561/494/475 3567/406/475 3568/495/475
f 3562/488/459 3568/495/459 3569/496/459
f 3569/496/476 3570/407/476 3564/489/476
f 3564/498/477 3570/504/477 3571/499/477
f 3571/499/462 3572/500/462 3566/493/462
f 3572/500/478 3567/406/478 3561/494/478
f 3573/501/479 3574/502/479 3568/495/479
f 3574/502/459 3575/503/459 3569/496/459
f 3575/503/480 3576/508/480 3570/407/480
f 3570/504/481 3576/510/481 3577/505/481
f 3577/505/462 3578/512/462 3572/500/462
f 3572/500/482 3578/512/482 3573/501/482
f 3573/501/483 3579/513/483 3580/506/483
f 3580/506/459 3581/516/459 3575/503/459
f 3575/503/484 3581/516/484 3582/507/484
f 3582/509/485 3583/518/485 3577/505/485
f 3577/505/462 3583/518/462 3584/511/462
f 3584/511/486 3579/513/486 3573/501/486
f 3579/513/487 3585/427/487 3586/514/487
f 3580/506/459 3586/514/459 3587/515/459
f 3587/515/488 3588/428/488 3582/507/488
f 3582/509/489 3588/521/489 3589/517/489
f 3589/517/462 3590/523/462 3584/511/462
f 3584/511/490 3590/523/490 3585/427/490
f 3585/427/491 3591/426/491 3592/519/491
f 3586/514/459 3592/519/459 3593/520/459
f 3593/520/492 3594/425/492 3588/428/492
f 3588/521/493 3594/527/493 3595/522/493
f 3595/522/462 3596/529/462 3590/523/462
f 3590/523/494 3596/529/494 3591/426/494
f 3597/404/495 3598/524/495 3592/519/495
f 3598/524/459 3599/525/459 3593/520/459
f 3599/525/496 3600/402/496 3594/425/496
f 3600/526/497 3601/642/497 3595/522/497
f 3595/522/462 3601/642/462 3602/528/462
f 3596/529/498 3602/528/498 3597/404/498
f 3603/530/499 3604/533/499 3598/531/499
f 3604/533/459 3605/543/459 3599/534/459
f 3599/534/500 3605/543/500 3606/535/500
f 3606/537/501 3607/540/501 3601/538/501
f 3607/540/462 3608/547/462 3602/541/462
f 3602/541/502 3608/547/502 3603/530/502
f 3603/530/464 3609/550/464 3610/542/464
f 3610/542/459 3611/552/459 3605/543/459
f 3605/543/463 3611/552/463 3612/544/463
f 3612/545/466 3613/546/466 3607/540/466
f 3613/546/462 3614/548/462 3608/547/462
f 3614/548/465 3609/550/465 3603/530/465
f 3615/549/468 3616/551/468 3610/542/468
f 3616/551/459 3617/559/459 3611/552/459
f 3611/552/467 3617/559/467 3618/553/467
f 3618/554/470 3619/555/470 3613/546/470
f 3619/555/462 3620/556/462 3614/548/462
f 3620/556/469 3615/549/469 3609/550/469
f 3621/557/472 3622/563/472 3616/551/472
f 3616/551/459 3622/563/459 3623/558/459
f 3617/559/471 3623/558/471 3624/560/471
f 3624/561/474 3625/567/474 3619/555/474
f 3619/555/462 3625/567/462 3626/562/462
f 3620/556/473 3626/562/473 3621/557/473
f 3627/414/476 3628/564/476 3622/563/476
f 3628/564/459 3629/565/459 3623/558/459
f 3629/565/475 3630/418/475 3624/560/475
f 3630/566/478 3631/572/478 3625/567/478
f 3625/567/462 3631/572/462 3632/568/462
f 3632/568/477 3627/414/477 3621/557/477
f 3627/414/480 3633/575/480 3634/569/480
f 3628/564/459 3634/569/459 3635/570/459
f 3635/570/479 3636/579/479 3630/418/479
f 3636/571/482 3637/573/482 3631/572/482
f 3637/573/462 3638/574/462 3632/568/462
f 3638/574/481 3633/575/481 3627/414/481
f 3633/575/484 3639/583/484 3640/576/484
f 3634/569/459 3640/576/459 3641/577/459
f 3635/570/483 3641/577/483 3642/578/483
f 3636/571/486 3642/587/486 3643/580/486
f 3643/580/462 3644/581/462 3638/574/462
f 3644/581/485 3639/583/485 3633/575/485
f 3645/582/488 3646/584/488 3640/576/488
f 3646/584/459 3647/591/459 3641/577/459
f 3641/577/487 3647/591/487 3648/585/487
f 3648/586/490 3649/594/490 3643/580/490
f 3643/580/462 3649/594/462 3650/588/462
f 3644/581/489 3650/588/489 3645/582/489
f 3651/589/492 3652/597/492 3646/584/492
f 3646/584/459 3652/597/459 3653/590/459
f 3647/591/491 3653/590/491 3654/592/491
f 3654/593/494 3655/600/494 3649/594/494
f 3649/594/462 3655/600/462 3656/595/462
f 3656/595/493 3651/589/493 3645/582/493
f 3651/589/496 3657/410/496 3658/596/496
f 3652/597/459 3658/596/459 3659/598/459
f 3653/590/495 3659/598/495 3660/411/495
f 3660/599/498 3661/602/498 3655/600/498
f 3655/600/462 3661/602/462 3662/601/462
f 3662/601/497 3657/410/497 3651/589/497
f 3657/410/500 3543/471/500 3544/470/500
f 3544/470/459 3545/473/459 3659/598/459
f 3659/598/499 3545/473/499 3546/474/499
f 3546/475/502 3547/477/502 3661/602/502
f 3661/602/462 3547/477/462 3548/479/462
f 3548/479/501 3543/471/501 3657/410/501
usemtl CandyRed
f 3503/404/441 3506/425/441 3505/426/441
f 3506/425/442 3507/427/442 3505/426/442
f 3508/428/443 3509/429/443 3507/427/443
f 3509/429/444 3512/430/444 3511/431/444
f 3511/431/445 3514/432/445 3513/433/445
f 3513/433/446 3516/434/446 3515/435/446
f 3515/435/447 3518/436/447 3517/437/447
f 3517/437/448 3520/438/448 3519/439/448
f 3519/439/449 3522/440/449 3521/441/449
f 3522/440/450 3523/442/450 3521/441/450
f 3524/443/451 3525/444/451 3523/442/451
f 3526/445/452 3527/446/452 3525/444/452
f 3528/447/453 3529/448/453 3527/446/453
f 3530/449/454 3531/450/454 3529/448/454
f 3532/451/455 3533/452/455 3531/450/455
f 3534/453/456 3535/454/456 3533/452/456
f 3536/455/457 3537/456/457 3535/454/457
f 3538/457/458 3539/458/458 3537/456/458
f 3540/459/459 3532/460/459 3516/461/459
f 3540/462/460 3541/463/460 3539/458/460
f 3541/463/461 3504/464/461 3503/465/461
f 3517/466/462 3533/467/462 3541/468/462
f 3503/404/441 3504/402/441 3506/425/441
f 3506/425/442 3508/428/442 3507/427/442
f 3508/428/443 3510/613/443 3509/429/443
f 3509/429/444 3510/613/444 3512/430/444
f 3511/431/445 3512/430/445 3514/432/445
f 3513/433/446 3514/432/446 3516/434/446
f 3515/435/447 3516/434/447 3518/436/447
f 3517/437/448 3518/436/448 3520/438/448
f 3519/439/449 3520/438/449 3522/440/449
f 3522/440/450 3524/443/450 3523/442/450
f 3524/443/451 3526/445/451 3525/444/451
f 3526/445/452 3528/447/452 3527/446/452
f 3528/447/453 3530/449/453 3529/448/453
f 3530/449/454 3532/451/454 3531/450/454
f 3532/451/455 3534/453/455 3533/452/455
f 3534/453/456 3536/455/456 3535/454/456
f 3536/455/457 3538/457/457 3537/456/457
f 3538/457/458 3540/462/458 3539/458/458
f 3508/614/459 3506/615/459 3504/604/459
f 3504/604/459 3542/616/459 3508/614/459
f 3542/616/459 3540/459/459 3508/614/459
f 3540/459/459 3538/617/459 3536/618/459
f 3536/618/459 3534/417/459 3540/459/459
f 3534/417/459 3532/460/459 3540/459/459
f 3532/460/459 3530/619/459 3528/620/459
f 3528/620/459 3526/621/459 3524/607/459
f 3524/607/459 3522/622/459 3520/623/459
f 3520/623/459 3518/624/459 3516/461/459
f 3516/461/459 3514/416/459 3508/614/459
f 3514/416/459 3512/625/459 3508/614/459
f 3512/625/459 3510/626/459 3508/614/459
f 3532/460/459 3528/620/459 3516/461/459
f 3528/620/459 3524/607/459 3516/461/459
f 3524/607/459 3520/623/459 3516/461/459
f 3508/614/459 3540/459/459 3516/461/459
f 3540/462/460 3542/627/460 3541/463/460
f 3541/463/461 3542/627/461 3504/464/461
f 3541/468/462 3503/609/462 3505/628/462
f 3505/628/462 3507/629/462 3509/630/462
f 3509/630/462 3511/631/462 3513/611/462
f 3513/611/462 3515/632/462 3517/466/462
f 3517/466/462 3519/633/462 3521/634/462
f 3521/634/462 3523/612/462 3517/466/462
f 3523/612/462 3525/635/462 3517/466/462
f 3525/635/462 3527/636/462 3533/467/462
f 3527/636/462 3529/637/462 3533/467/462
f 3529/637/462 3531/638/462 3533/467/462
f 3533/467/462 3535/639/462 3537/640/462
f 3537/640/462 3539/641/462 3541/468/462
f 3541/468/462 3505/628/462 3509/630/462
f 3509/630/462 3513/611/462 3517/466/462
f 3533/467/462 3537/640/462 3541/468/462
f 3541/468/462 3509/630/462 3517/466/462
f 3517/466/462 3525/635/462 3533/467/462
o Foundation_01
v 16.254999 0.245000 -3.800000
v 16.500000 0.245000 -3.555000
v 16.254999 0.000000 -3.555000
v 16.254997 0.245000 -3.555001
v -16.254999 0.245000 -3.800000
v -16.254999 0.000000 -3.555000
v -16.500000 0.245000 -3.555000
v -16.254999 0.245000 -3.555001
v -16.254999 0.245000 25.200001
v -16.500000 0.245000 24.955000
v -16.254999 0.000000 24.955000
v -16.254997 0.245000 24.955002
v 16.500000 0.245000 24.955000
v 16.254999 0.245000 25.200001
v 16.254999 0.000000 24.955000
v 16.254997 0.245000 24.955002
v 16.500000 0.455000 -3.555000
v 16.254999 0.455000 -3.800000
v 16.254999 0.700000 -3.555000
v 16.254997 0.455000 -3.555001
v -16.254999 0.455000 -3.800000
v -16.500000 0.455000 -3.555000
v -16.254999 0.700000 -3.555000
v -16.254997 0.455000 -3.555001
v -16.500000 0.455000 24.955000
v -16.254999 0.455000 25.200001
v -16.254999 0.700000 24.955000
v -16.254997 0.455000 24.955002
v 16.500000 0.455000 24.955000
v 16.254999 0.700000 24.955000
v 16.254999 0.455000 25.200001
v 16.254997 0.455000 24.955002
vn -0.0000 -0.0000 -1.0000
vn -0.0000 -1.0000 -0.0000
vn 1.0000 -0.0000 -0.0000
vn -0.0000 -0.0000 1.0000
vn -1.0000 -0.0000 -0.0000
vn -0.0000 1.0000 -0.0000
s 0
usemtl BiscuitEdge
f 3668//503 3666//503 3665//503
f 3666//504 3667//504 3663//504
f 3675//504 3666//504 3664//504
f 3678//505 3665//505 3666//505
f 3677//506 3674//506 3673//506
f 3678//504 3671//504 3674//504
f 3673//507 3670//507 3668//507
f 3674//504 3669//504 3670//504
f 3692//505 3682//505 3681//505
f 3694//508 3679//508 3682//508
f 3683//508 3682//508 3680//508
f 3686//503 3681//503 3682//503
f 3687//508 3686//508 3684//508
f 3690//507 3685//507 3686//507
f 3693//508 3690//508 3688//508
f 3694//506 3689//506 3690//506
f 3663//505 3682//505 3666//505
f 3682//503 3664//503 3666//503
f 3684//503 3670//503 3669//503
f 3670//507 3683//507 3667//507
f 3671//507 3690//507 3674//507
f 3690//506 3672//506 3674//506
f 3675//506 3694//506 3678//506
f 3694//505 3676//505 3678//505
f 3667//503 3680//503 3663//503
f 3677//504 3668//504 3665//504
f 3664//505 3691//505 3675//505
f 3672//507 3684//507 3669//507
f 3676//506 3688//506 3671//506
f 3685//508 3692//508 3681//508
f 3668//503 3670//503 3666//503
f 3666//504 3670//504 3667//504
f 3675//504 3678//504 3666//504
f 3678//505 3677//505 3665//505
f 3677//506 3678//506 3674//506
f 3678//504 3676//504 3671//504
f 3673//507 3674//507 3670//507
f 3674//504 3672//504 3669//504
f 3692//505 3694//505 3682//505
f 3694//508 3691//508 3679//508
f 3683//508 3686//508 3682//508
f 3686//503 3685//503 3681//503
f 3687//508 3690//508 3686//508
f 3690//507 3689//507 3685//507
f 3693//508 3694//508 3690//508
f 3694//506 3692//506 3689//506
f 3663//505 3680//505 3682//505
f 3682//503 3679//503 3664//503
f 3684//503 3686//503 3670//503
f 3670//507 3686//507 3683//507
f 3671//507 3688//507 3690//507
f 3690//506 3687//506 3672//506
f 3675//506 3691//506 3694//506
f 3694//505 3693//505 3676//505
f 3667//503 3683//503 3680//503
f 3677//504 3673//504 3668//504
f 3664//505 3679//505 3691//505
f 3672//507 3687//507 3684//507
f 3676//506 3693//506 3688//506
f 3685//508 3689//508 3692//508
o GingerbreadShell_01
v 12.320000 0.880000 0.000000
v 12.500000 0.880000 0.180000
v 12.320000 0.700000 0.180000
v 12.320000 0.880001 0.180000
v -12.320000 0.880000 0.000000
v -12.320000 0.700000 0.180000
v -12.500000 0.880000 0.180000
v -12.320000 0.880001 0.180000
v -12.320000 0.880000 22.000000
v -12.500000 0.880000 21.820000
v -12.320000 0.700000 21.820000
v -12.320000 0.880001 21.820000
v 12.500000 0.880000 21.820000
v 12.320000 0.880000 22.000000
v 12.320000 0.700000 21.820000
v 12.320000 0.880001 21.820000
v 12.500000 16.919998 0.180000
v 12.320000 16.919998 0.000000
v 12.320000 17.099998 0.180000
v 12.320000 16.919998 0.180000
v -12.320000 16.919998 0.000000
v -12.500000 16.919998 0.180000
v -12.320000 17.099998 0.180000
v -12.320000 16.919998 0.180000
v -12.500000 16.919998 21.820000
v -12.320000 16.919998 22.000000
v -12.320000 17.099998 21.820000
v -12.320000 16.919998 21.820000
v 12.500000 16.919998 21.820000
v 12.320000 17.099998 21.820000
v 12.320000 16.919998 22.000000
v 12.320000 16.919998 21.820000
vn -0.0000 -0.0000 -1.0000
vn -0.0000 -1.0000 -0.0000
vn 1.0000 -0.0000 -0.0000
vn -0.0000 -0.0000 1.0000
vn -1.0000 -0.0000 -0.0000
vn -0.0000 1.0000 -0.0000
s 0
usemtl Biscuit
f 3700//509 3698//509 3697//509
f 3702//510 3695//510 3698//510
f 3707//510 3698//510 3696//510
f 3710//511 3697//511 3698//511
f 3709//512 3706//512 3705//512
f 3710//510 3703//510 3706//510
f 3705//513 3702//513 3700//513
f 3706//510 3701//510 3702//510
f 3724//511 3714//511 3713//511
f 3726//514 3711//514 3714//514
f 3715//514 3714//514 3712//514
f 3718//509 3713//509 3714//509
f 3719//514 3718//514 3716//514
f 3722//513 3717//513 3718//513
f 3725//514 3722//514 3720//514
f 3726//512 3721//512 3722//512
f 3712//511 3698//511 3695//511
f 3714//509 3696//509 3698//509
f 3716//509 3702//509 3701//509
f 3718//513 3699//513 3702//513
f 3720//513 3706//513 3703//513
f 3722//512 3704//512 3706//512
f 3723//512 3710//512 3707//512
f 3726//511 3708//511 3710//511
f 3699//509 3712//509 3695//509
f 3709//510 3700//510 3697//510
f 3696//511 3723//511 3707//511
f 3704//513 3716//513 3701//513
f 3708//512 3720//512 3703//512
f 3717//514 3724//514 3713//514
f 3700//509 3702//509 3698//509
f 3702//510 3699//510 3695//510
f 3707//510 3710//510 3698//510
f 3710//511 3709//511 3697//511
f 3709//512 3710//512 3706//512
f 3710//510 3708//510 3703//510
f 3705//513 3706//513 3702//513
f 3706//510 3704//510 3701//510
f 3724//511 3726//511 3714//511
f 3726//514 3723//514 3711//514
f 3715//514 3718//514 3714//514
f 3718//509 3717//509 3713//509
f 3719//514 3722//514 3718//514
f 3722//513 3721//513 3717//513
f 3725//514 3726//514 3722//514
f 3726//512 3724//512 3721//512
f 3712//511 3714//511 3698//511
f 3714//509 3711//509 3696//509
f 3716//509 3718//509 3702//509
f 3718//513 3715//513 3699//513
f 3720//513 3722//513 3706//513
f 3722//512 3719//512 3704//512
f 3723//512 3726//512 3710//512
f 3726//511 3725//511 3708//511
f 3699//509 3715//509 3712//509
f 3709//510 3705//510 3700//510
f 3696//511 3711//511 3723//511
f 3704//513 3719//513 3716//513
f 3708//512 3725//512 3720//512
f 3717//514 3721//514 3724//514
o Sweet_tiled_roof_01
v 14.500000 16.850000 -2.000000
v -14.500000 16.850000 -2.000000
v -14.500000 17.200001 -2.000000
v 0.000000 24.200001 -2.000000
v 14.500000 17.200001 -2.000000
v 14.500000 16.850000 24.000000
v -14.500000 16.850000 24.000000
v -14.500000 17.200001 24.000000
v 0.000000 24.200001 24.000000
v 14.500000 17.200001 24.000000
v 0.095645 24.578121 -2.120001
v 14.595645 17.578121 -2.119998
v 0.067631 24.520092 -2.275565
v 14.567631 17.520092 -2.275562
v 0.000000 24.379999 -2.340001
v 14.500000 17.379999 -2.339998
v -0.067631 24.239906 -2.275565
v 14.432369 17.239906 -2.275562
v -0.095645 24.181877 -2.120001
v 14.404355 17.181877 -2.119998
v -0.067631 24.239906 -1.964438
v 14.432369 17.239906 -1.964435
v 0.000000 24.379999 -1.900001
v 14.500000 17.379999 -1.899998
v 0.067631 24.520092 -1.964438
v 14.567631 17.520092 -1.964435
v -0.095645 24.578121 -2.120001
v -14.595645 17.578121 -2.119998
v -0.067631 24.520092 -1.964438
v -14.567631 17.520092 -1.964435
v 0.000000 24.379999 -1.900001
v -14.500000 17.379999 -1.899998
v 0.067631 24.239906 -1.964438
v -14.432369 17.239906 -1.964435
v 0.095645 24.181877 -2.120001
v -14.404355 17.181877 -2.119998
v 0.067631 24.239906 -2.275565
v -14.432369 17.239906 -2.275562
v 0.000000 24.379999 -2.340001
v -14.500000 17.379999 -2.339998
v -0.067631 24.520092 -2.275565
v -14.567631 17.520092 -2.275562
v 0.095645 24.578121 24.119999
v 14.595645 17.578121 24.120003
v 0.067631 24.520092 23.964436
v 14.567631 17.520092 23.964439
v 0.000000 24.379999 23.900000
v 14.500000 17.379999 23.900002
v -0.067631 24.239906 23.964436
v 14.432369 17.239906 23.964439
v -0.095645 24.181877 24.119999
v 14.404355 17.181877 24.120003
v -0.067631 24.239906 24.275562
v 14.432369 17.239906 24.275566
v 0.000000 24.379999 24.340000
v 14.500000 17.379999 24.340002
v 0.067631 24.520092 24.275562
v 14.567631 17.520092 24.275566
v -0.095645 24.578121 24.119999
v -14.595645 17.578121 24.120003
v -0.067631 24.520092 24.275562
v -14.567631 17.520092 24.275566
v 0.000000 24.379999 24.340000
v -14.500000 17.379999 24.340002
v 0.067631 24.239906 24.275562
v -14.432369 17.239906 24.275566
v 0.095645 24.181877 24.119999
v -14.404355 17.181877 24.120003
v 0.067631 24.239906 23.964436
v -14.432369 17.239906 23.964439
v 0.000000 24.379999 23.900000
v -14.500000 17.379999 23.900002
v -0.067631 24.520092 23.964436
v -14.567631 17.520092 23.964439
v 0.023445 24.403069 -1.980000
v 0.000932 24.413937 -1.955000
v 0.034314 24.425581 -1.955000
v 0.023445 24.403069 -1.955000
v 2.121891 23.390026 -1.980000
v 2.132759 23.412539 -1.955000
v 2.144404 23.379156 -1.955000
v 2.121891 23.390026 -1.955000
v 2.121891 23.390026 4.480000
v 2.144404 23.379156 4.455000
v 2.132759 23.412539 4.455000
v 2.121891 23.390026 4.455000
v 0.000932 24.413937 4.455000
v 0.023445 24.403069 4.480000
v 0.034314 24.425581 4.455000
v 0.023445 24.403069 4.455000
v -0.072976 24.260843 -1.955000
v -0.050462 24.249973 -1.980000
v -0.061331 24.227461 -1.955000
v -0.050462 24.249973 -1.955000
v 2.047983 23.236931 -1.980000
v 2.070497 23.226063 -1.955000
v 2.037115 23.214418 -1.955000
v 2.047983 23.236931 -1.955000
v 2.070497 23.226063 4.455000
v 2.047983 23.236931 4.480000
v 2.037115 23.214418 4.455000
v 2.047983 23.236931 4.455000
v -0.072976 24.260843 4.455000
v -0.061331 24.227461 4.455000
v -0.050462 24.249973 4.480000
v -0.050462 24.249973 4.455000
v 0.023445 24.403069 4.520000
v 0.000932 24.413937 4.545000
v 0.034314 24.425581 4.545000
v 0.023445 24.403069 4.545000
v 2.121891 23.390026 4.520000
v 2.132759 23.412539 4.545000
v 2.144404 23.379156 4.545000
v 2.121891 23.390026 4.545000
v 2.121891 23.390026 10.980000
v 2.144404 23.379156 10.955000
v 2.132759 23.412539 10.955000
v 2.121891 23.390026 10.955000
v 0.000932 24.413937 10.955000
v 0.023445 24.403069 10.980000
v 0.034314 24.425581 10.955000
v 0.023445 24.403069 10.955000
v -0.072976 24.260843 4.545000
v -0.050462 24.249973 4.520000
v -0.061331 24.227461 4.545000
v -0.050462 24.249973 4.545000
v 2.047983 23.236931 4.520000
v 2.070497 23.226063 4.545000
v 2.037115 23.214418 4.545000
v 2.047983 23.236931 4.545000
v 2.070497 23.226063 10.955000
v 2.047983 23.236931 10.980000
v 2.037115 23.214418 10.955000
v 2.047983 23.236931 10.955000
v -0.072976 24.260843 10.955000
v -0.061331 24.227461 10.955000
v -0.050462 24.249973 10.980000
v -0.050462 24.249973 10.955000
v 0.023445 24.403069 11.020000
v 0.000932 24.413937 11.045000
v 0.034314 24.425581 11.045000
v 0.023445 24.403069 11.045000
v 2.121891 23.390026 11.020000
v 2.132759 23.412539 11.045000
v 2.144404 23.379156 11.045000
v 2.121891 23.390026 11.045000
v 2.121891 23.390026 17.480000
v 2.144404 23.379156 17.455000
v 2.132759 23.412539 17.455000
v 2.121891 23.390026 17.455000
v 0.000932 24.413937 17.455000
v 0.023445 24.403069 17.480000
v 0.034314 24.425581 17.455000
v 0.023445 24.403069 17.455000
v -0.072976 24.260843 11.045000
v -0.050462 24.249973 11.020000
v -0.061331 24.227461 11.045000
v -0.050462 24.249973 11.045000
v 2.047983 23.236931 11.020000
v 2.070497 23.226063 11.045000
v 2.037115 23.214418 11.045000
v 2.047983 23.236931 11.045000
v 2.070497 23.226063 17.455000
v 2.047983 23.236931 17.480000
v 2.037115 23.214418 17.455000
v 2.047983 23.236931 17.455000
v -0.072976 24.260843 17.455000
v -0.061331 24.227461 17.455000
v -0.050462 24.249973 17.480000
v -0.050462 24.249973 17.455000
v 0.023445 24.403069 17.520000
v 0.000932 24.413937 17.545000
v 0.034314 24.425581 17.545000
v 0.023445 24.403069 17.545000
v 2.121891 23.390026 17.520000
v 2.132759 23.412539 17.545000
v 2.144404 23.379156 17.545000
v 2.121891 23.390026 17.545000
v 2.121891 23.390026 23.980000
v 2.144404 23.379156 23.955000
v 2.132759 23.412539 23.955000
v 2.121891 23.390026 23.955000
v 0.000932 24.413937 23.955000
v 0.023445 24.403069 23.980000
v 0.034314 24.425581 23.955000
v 0.023445 24.403069 23.955000
v -0.072976 24.260843 17.545000
v -0.050462 24.249973 17.520000
v -0.061331 24.227461 17.545000
v -0.050462 24.249973 17.545000
v 2.047983 23.236931 17.520000
v 2.070497 23.226063 17.545000
v 2.037115 23.214418 17.545000
v 2.047983 23.236931 17.545000
v 2.070497 23.226063 23.955000
v 2.047983 23.236931 23.980000
v 2.037115 23.214418 23.955000
v 2.047983 23.236931 23.955000
v -0.072976 24.260843 23.955000
v -0.061331 24.227461 23.955000
v -0.050462 24.249973 23.980000
v -0.050462 24.249973 23.955000
v 2.094874 23.403069 -1.980000
v 2.072360 23.413937 -1.955000
v 2.105743 23.425581 -1.955000
v 2.094874 23.403069 -1.955000
v 4.193319 22.390026 -1.980000
v 4.204188 22.412539 -1.955000
v 4.215833 22.379156 -1.955000
v 4.193319 22.390026 -1.955000
v 4.193319 22.390026 4.480000
v 4.215833 22.379156 4.455000
v 4.204188 22.412539 4.455000
v 4.193319 22.390026 4.455000
v 2.072360 23.413937 4.455000
v 2.094874 23.403069 4.480000
v 2.105743 23.425581 4.455000
v 2.094874 23.403069 4.455000
v 1.998453 23.260843 -1.955000
v 2.020967 23.249973 -1.980000
v 2.010098 23.227461 -1.955000
v 2.020967 23.249973 -1.955000
v 4.119412 22.236931 -1.980000
v 4.141926 22.226063 -1.955000
v 4.108543 22.214418 -1.955000
v 4.119411 22.236931 -1.955000
v 4.141926 22.226063 4.455000
v 4.119412 22.236931 4.480000
v 4.108543 22.214418 4.455000
v 4.119411 22.236931 4.455000
v 1.998453 23.260843 4.455000
v 2.010098 23.227461 4.455000
v 2.020967 23.249973 4.480000
v 2.020967 23.249973 4.455000
v 2.094874 23.403069 4.520000
v 2.072360 23.413937 4.545000
v 2.105743 23.425581 4.545000
v 2.094874 23.403069 4.545000
v 4.193319 22.390026 4.520000
v 4.204188 22.412539 4.545000
v 4.215833 22.379156 4.545000
v 4.193319 22.390026 4.545000
v 4.193319 22.390026 10.980000
v 4.215833 22.379156 10.955000
v 4.204188 22.412539 10.955000
v 4.193319 22.390026 10.955000
v 2.072360 23.413937 10.955000
v 2.094874 23.403069 10.980000
v 2.105743 23.425581 10.955000
v 2.094874 23.403069 10.955000
v 1.998453 23.260843 4.545000
v 2.020967 23.249973 4.520000
v 2.010098 23.227461 4.545000
v 2.020967 23.249973 4.545000
v 4.119412 22.236931 4.520000
v 4.141926 22.226063 4.545000
v 4.108543 22.214418 4.545000
v 4.119411 22.236931 4.545000
v 4.141926 22.226063 10.955000
v 4.119412 22.236931 10.980000
v 4.108543 22.214418 10.955000
v 4.119411 22.236931 10.955000
v 1.998453 23.260843 10.955000
v 2.010098 23.227461 10.955000
v 2.020967 23.249973 10.980000
v 2.020967 23.249973 10.955000
v 2.094874 23.403069 11.020000
v 2.072360 23.413937 11.045000
v 2.105743 23.425581 11.045000
v 2.094874 23.403069 11.045000
v 4.193319 22.390026 11.020000
v 4.204188 22.412539 11.045000
v 4.215833 22.379156 11.045000
v 4.193319 22.390026 11.045000
v 4.193319 22.390026 17.480000
v 4.215833 22.379156 17.455000
v 4.204188 22.412539 17.455000
v 4.193319 22.390026 17.455000
v 2.072360 23.413937 17.455000
v 2.094874 23.403069 17.480000
v 2.105743 23.425581 17.455000
v 2.094874 23.403069 17.455000
v 1.998453 23.260843 11.045000
v 2.020967 23.249973 11.020000
v 2.010098 23.227461 11.045000
v 2.020967 23.249973 11.045000
v 4.119412 22.236931 11.020000
v 4.141926 22.226063 11.045000
v 4.108543 22.214418 11.045000
v 4.119411 22.236931 11.045000
v 4.141926 22.226063 17.455000
v 4.119412 22.236931 17.480000
v 4.108543 22.214418 17.455000
v 4.119411 22.236931 17.455000
v 1.998453 23.260843 17.455000
v 2.010098 23.227461 17.455000
v 2.020967 23.249973 17.480000
v 2.020967 23.249973 17.455000
v 2.094874 23.403069 17.520000
v 2.072360 23.413937 17.545000
v 2.105743 23.425581 17.545000
v 2.094874 23.403069 17.545000
v 4.193319 22.390026 17.520000
v 4.204188 22.412539 17.545000
v 4.215833 22.379156 17.545000
v 4.193319 22.390026 17.545000
v 4.193319 22.390026 23.980000
v 4.215833 22.379156 23.955000
v 4.204188 22.412539 23.955000
v 4.193319 22.390026 23.955000
v 2.072360 23.413937 23.955000
v 2.094874 23.403069 23.980000
v 2.105743 23.425581 23.955000
v 2.094874 23.403069 23.955000
v 1.998453 23.260843 17.545000
v 2.020967 23.249973 17.520000
v 2.010098 23.227461 17.545000
v 2.020967 23.249973 17.545000
v 4.119412 22.236931 17.520000
v 4.141926 22.226063 17.545000
v 4.108543 22.214418 17.545000
v 4.119411 22.236931 17.545000
v 4.141926 22.226063 23.955000
v 4.119412 22.236931 23.980000
v 4.108543 22.214418 23.955000
v 4.119411 22.236931 23.955000
v 1.998453 23.260843 23.955000
v 2.010098 23.227461 23.955000
v 2.020967 23.249973 23.980000
v 2.020967 23.249973 23.955000
v 4.166302 22.403069 -1.980000
v 4.143788 22.413937 -1.955000
v 4.177171 22.425581 -1.955000
v 4.166303 22.403069 -1.955000
v 6.264748 21.390026 -1.980000
v 6.275616 21.412539 -1.955000
v 6.287261 21.379156 -1.955000
v 6.264748 21.390026 -1.955000
v 6.264748 21.390026 4.480000
v 6.287261 21.379156 4.455000
v 6.275616 21.412539 4.455000
v 6.264748 21.390026 4.455000
v 4.143788 22.413937 4.455000
v 4.166302 22.403069 4.480000
v 4.177171 22.425581 4.455000
v 4.166303 22.403069 4.455000
v 4.069881 22.260843 -1.955000
v 4.092395 22.249973 -1.980000
v 4.081526 22.227461 -1.955000
v 4.092395 22.249973 -1.955000
v 6.190840 21.236931 -1.980000
v 6.213354 21.226063 -1.955000
v 6.179972 21.214418 -1.955000
v 6.190840 21.236931 -1.955000
v 6.213354 21.226063 4.455000
v 6.190840 21.236931 4.480000
v 6.179972 21.214418 4.455000
v 6.190840 21.236931 4.455000
v 4.069881 22.260843 4.455000
v 4.081526 22.227461 4.455000
v 4.092395 22.249973 4.480000
v 4.092395 22.249973 4.455000
v 4.166302 22.403069 4.520000
v 4.143788 22.413937 4.545000
v 4.177171 22.425581 4.545000
v 4.166303 22.403069 4.545000
v 6.264748 21.390026 4.520000
v 6.275616 21.412539 4.545000
v 6.287261 21.379156 4.545000
v 6.264748 21.390026 4.545000
v 6.264748 21.390026 10.980000
v 6.287261 21.379156 10.955000
v 6.275616 21.412539 10.955000
v 6.264748 21.390026 10.955000
v 4.143788 22.413937 10.955000
v 4.166302 22.403069 10.980000
v 4.177171 22.425581 10.955000
v 4.166303 22.403069 10.955000
v 4.069881 22.260843 4.545000
v 4.092395 22.249973 4.520000
v 4.081526 22.227461 4.545000
v 4.092395 22.249973 4.545000
v 6.190840 21.236931 4.520000
v 6.213354 21.226063 4.545000
v 6.179972 21.214418 4.545000
v 6.190840 21.236931 4.545000
v 6.213354 21.226063 10.955000
v 6.190840 21.236931 10.980000
v 6.179972 21.214418 10.955000
v 6.190840 21.236931 10.955000
v 4.069881 22.260843 10.955000
v 4.081526 22.227461 10.955000
v 4.092395 22.249973 10.980000
v 4.092395 22.249973 10.955000
v 4.166302 22.403069 11.020000
v 4.143788 22.413937 11.045000
v 4.177171 22.425581 11.045000
v 4.166303 22.403069 11.045000
v 6.264748 21.390026 11.020000
v 6.275616 21.412539 11.045000
v 6.287261 21.379156 11.045000
v 6.264748 21.390026 11.045000
v 6.264748 21.390026 17.480000
v 6.287261 21.379156 17.455000
v 6.275616 21.412539 17.455000
v 6.264748 21.390026 17.455000
v 4.143788 22.413937 17.455000
v 4.166302 22.403069 17.480000
v 4.177171 22.425581 17.455000
v 4.166303 22.403069 17.455000
v 4.069881 22.260843 11.045000
v 4.092395 22.249973 11.020000
v 4.081526 22.227461 11.045000
v 4.092395 22.249973 11.045000
v 6.190840 21.236931 11.020000
v 6.213354 21.226063 11.045000
v 6.179972 21.214418 11.045000
v 6.190840 21.236931 11.045000
v 6.213354 21.226063 17.455000
v 6.190840 21.236931 17.480000
v 6.179972 21.214418 17.455000
v 6.190840 21.236931 17.455000
v 4.069881 22.260843 17.455000
v 4.081526 22.227461 17.455000
v 4.092395 22.249973 17.480000
v 4.092395 22.249973 17.455000
v 4.166302 22.403069 17.520000
v 4.143788 22.413937 17.545000
v 4.177171 22.425581 17.545000
v 4.166303 22.403069 17.545000
v 6.264748 21.390026 17.520000
v 6.275616 21.412539 17.545000
v 6.287261 21.379156 17.545000
v 6.264748 21.390026 17.545000
v 6.264748 21.390026 23.980000
v 6.287261 21.379156 23.955000
v 6.275616 21.412539 23.955000
v 6.264748 21.390026 23.955000
v 4.143788 22.413937 23.955000
v 4.166302 22.403069 23.980000
v 4.177171 22.425581 23.955000
v 4.166303 22.403069 23.955000
v 4.069881 22.260843 17.545000
v 4.092395 22.249973 17.520000
v 4.081526 22.227461 17.545000
v 4.092395 22.249973 17.545000
v 6.190840 21.236931 17.520000
v 6.213354 21.226063 17.545000
v 6.179972 21.214418 17.545000
v 6.190840 21.236931 17.545000
v 6.213354 21.226063 23.955000
v 6.190840 21.236931 23.980000
v 6.179972 21.214418 23.955000
v 6.190840 21.236931 23.955000
v 4.069881 22.260843 23.955000
v 4.081526 22.227461 23.955000
v 4.092395 22.249973 23.980000
v 4.092395 22.249973 23.955000
v 6.237731 21.403069 -1.980000
v 6.215218 21.413937 -1.955000
v 6.248600 21.425581 -1.955000
v 6.237731 21.403069 -1.955000
v 8.336176 20.390026 -1.980000
v 8.347045 20.412539 -1.955000
v 8.358690 20.379156 -1.955000
v 8.336176 20.390026 -1.955000
v 8.336176 20.390026 4.480000
v 8.358690 20.379156 4.455000
v 8.347045 20.412539 4.455000
v 8.336176 20.390026 4.455000
v 6.215218 21.413937 4.455000
v 6.237731 21.403069 4.480000
v 6.248600 21.425581 4.455000
v 6.237731 21.403069 4.455000
v 6.141310 21.260843 -1.955000
v 6.163824 21.249973 -1.980000
v 6.152955 21.227461 -1.955000
v 6.163824 21.249973 -1.955000
v 8.262269 20.236931 -1.980000
v 8.284782 20.226063 -1.955000
v 8.251400 20.214418 -1.955000
v 8.262269 20.236931 -1.955000
v 8.284782 20.226063 4.455000
v 8.262269 20.236931 4.480000
v 8.251400 20.214418 4.455000
v 8.262269 20.236931 4.455000
v 6.141310 21.260843 4.455000
v 6.152955 21.227461 4.455000
v 6.163824 21.249973 4.480000
v 6.163824 21.249973 4.455000
v 6.237731 21.403069 4.520000
v 6.215218 21.413937 4.545000
v 6.248600 21.425581 4.545000
v 6.237731 21.403069 4.545000
v 8.336176 20.390026 4.520000
v 8.347045 20.412539 4.545000
v 8.358690 20.379156 4.545000
v 8.336176 20.390026 4.545000
v 8.336176 20.390026 10.980000
v 8.358690 20.379156 10.955000
v 8.347045 20.412539 10.955000
v 8.336176 20.390026 10.955000
v 6.215218 21.413937 10.955000
v 6.237731 21.403069 10.980000
v 6.248600 21.425581 10.955000
v 6.237731 21.403069 10.955000
v 6.141310 21.260843 4.545000
v 6.163824 21.249973 4.520000
v 6.152955 21.227461 4.545000
v 6.163824 21.249973 4.545000
v 8.262269 20.236931 4.520000
v 8.284782 20.226063 4.545000
v 8.251400 20.214418 4.545000
v 8.262269 20.236931 4.545000
v 8.284782 20.226063 10.955000
v 8.262269 20.236931 10.980000
v 8.251400 20.214418 10.955000
v 8.262269 20.236931 10.955000
v 6.141310 21.260843 10.955000
v 6.152955 21.227461 10.955000
v 6.163824 21.249973 10.980000
v 6.163824 21.249973 10.955000
v 6.237731 21.403069 11.020000
v 6.215218 21.413937 11.045000
v 6.248600 21.425581 11.045000
v 6.237731 21.403069 11.045000
v 8.336176 20.390026 11.020000
v 8.347045 20.412539 11.045000
v 8.358690 20.379156 11.045000
v 8.336176 20.390026 11.045000
v 8.336176 20.390026 17.480000
v 8.358690 20.379156 17.455000
v 8.347045 20.412539 17.455000
v 8.336176 20.390026 17.455000
v 6.215218 21.413937 17.455000
v 6.237731 21.403069 17.480000
v 6.248600 21.425581 17.455000
v 6.237731 21.403069 17.455000
v 6.141310 21.260843 11.045000
v 6.163824 21.249973 11.020000
v 6.152955 21.227461 11.045000
v 6.163824 21.249973 11.045000
v 8.262269 20.236931 11.020000
v 8.284782 20.226063 11.045000
v 8.251400 20.214418 11.045000
v 8.262269 20.236931 11.045000
v 8.284782 20.226063 17.455000
v 8.262269 20.236931 17.480000
v 8.251400 20.214418 17.455000
v 8.262269 20.236931 17.455000
v 6.141310 21.260843 17.455000
v 6.152955 21.227461 17.455000
v 6.163824 21.249973 17.480000
v 6.163824 21.249973 17.455000
v 6.237731 21.403069 17.520000
v 6.215218 21.413937 17.545000
v 6.248600 21.425581 17.545000
v 6.237731 21.403069 17.545000
v 8.336176 20.390026 17.520000
v 8.347045 20.412539 17.545000
v 8.358690 20.379156 17.545000
v 8.336176 20.390026 17.545000
v 8.336176 20.390026 23.980000
v 8.358690 20.379156 23.955000
v 8.347045 20.412539 23.955000
v 8.336176 20.390026 23.955000
v 6.215218 21.413937 23.955000
v 6.237731 21.403069 23.980000
v 6.248600 21.425581 23.955000
v 6.237731 21.403069 23.955000
v 6.141310 21.260843 17.545000
v 6.163824 21.249973 17.520000
v 6.152955 21.227461 17.545000
v 6.163824 21.249973 17.545000
v 8.262269 20.236931 17.520000
v 8.284782 20.226063 17.545000
v 8.251400 20.214418 17.545000
v 8.262269 20.236931 17.545000
v 8.284782 20.226063 23.955000
v 8.262269 20.236931 23.980000
v 8.251400 20.214418 23.955000
v 8.262269 20.236931 23.955000
v 6.141310 21.260843 23.955000
v 6.152955 21.227461 23.955000
v 6.163824 21.249973 23.980000
v 6.163824 21.249973 23.955000
v 8.309159 20.403069 -1.980000
v 8.286646 20.413937 -1.955000
v 8.320028 20.425581 -1.955000
v 8.309159 20.403069 -1.955000
v 10.407604 19.390026 -1.980000
v 10.418473 19.412539 -1.955000
v 10.430119 19.379156 -1.955000
v 10.407604 19.390026 -1.955000
v 10.407604 19.390026 4.480000
v 10.430119 19.379156 4.455000
v 10.418473 19.412539 4.455000
v 10.407604 19.390026 4.455000
v 8.286646 20.413937 4.455000
v 8.309159 20.403069 4.480000
v 8.320028 20.425581 4.455000
v 8.309159 20.403069 4.455000
v 8.212738 20.260843 -1.955000
v 8.235252 20.249973 -1.980000
v 8.224383 20.227461 -1.955000
v 8.235252 20.249973 -1.955000
v 10.333697 19.236931 -1.980000
v 10.356211 19.226063 -1.955000
v 10.322828 19.214418 -1.955000
v 10.333697 19.236931 -1.955000
v 10.356211 19.226063 4.455000
v 10.333697 19.236931 4.480000
v 10.322828 19.214418 4.455000
v 10.333697 19.236931 4.455000
v 8.212738 20.260843 4.455000
v 8.224383 20.227461 4.455000
v 8.235252 20.249973 4.480000
v 8.235252 20.249973 4.455000
v 8.309159 20.403069 4.520000
v 8.286646 20.413937 4.545000
v 8.320028 20.425581 4.545000
v 8.309159 20.403069 4.545000
v 10.407604 19.390026 4.520000
v 10.418473 19.412539 4.545000
v 10.430119 19.379156 4.545000
v 10.407604 19.390026 4.545000
v 10.407604 19.390026 10.980000
v 10.430119 19.379156 10.955000
v 10.418473 19.412539 10.955000
v 10.407604 19.390026 10.955000
v 8.286646 20.413937 10.955000
v 8.309159 20.403069 10.980000
v 8.320028 20.425581 10.955000
v 8.309159 20.403069 10.955000
v 8.212738 20.260843 4.545000
v 8.235252 20.249973 4.520000
v 8.224383 20.227461 4.545000
v 8.235252 20.249973 4.545000
v 10.333697 19.236931 4.520000
v 10.356211 19.226063 4.545000
v 10.322828 19.214418 4.545000
v 10.333697 19.236931 4.545000
v 10.356211 19.226063 10.955000
v 10.333697 19.236931 10.980000
v 10.322828 19.214418 10.955000
v 10.333697 19.236931 10.955000
v 8.212738 20.260843 10.955000
v 8.224383 20.227461 10.955000
v 8.235252 20.249973 10.980000
v 8.235252 20.249973 10.955000
v 8.309159 20.403069 11.020000
v 8.286646 20.413937 11.045000
v 8.320028 20.425581 11.045000
v 8.309159 20.403069 11.045000
v 10.407604 19.390026 11.020000
v 10.418473 19.412539 11.045000
v 10.430119 19.379156 11.045000
v 10.407604 19.390026 11.045000
v 10.407604 19.390026 17.480000
v 10.430119 19.379156 17.455000
v 10.418473 19.412539 17.455000
v 10.407604 19.390026 17.455000
v 8.286646 20.413937 17.455000
v 8.309159 20.403069 17.480000
v 8.320028 20.425581 17.455000
v 8.309159 20.403069 17.455000
v 8.212738 20.260843 11.045000
v 8.235252 20.249973 11.020000
v 8.224383 20.227461 11.045000
v 8.235252 20.249973 11.045000
v 10.333697 19.236931 11.020000
v 10.356211 19.226063 11.045000
v 10.322828 19.214418 11.045000
v 10.333697 19.236931 11.045000
v 10.356211 19.226063 17.455000
v 10.333697 19.236931 17.480000
v 10.322828 19.214418 17.455000
v 10.333697 19.236931 17.455000
v 8.212738 20.260843 17.455000
v 8.224383 20.227461 17.455000
v 8.235252 20.249973 17.480000
v 8.235252 20.249973 17.455000
v 8.309159 20.403069 17.520000
v 8.286646 20.413937 17.545000
v 8.320028 20.425581 17.545000
v 8.309159 20.403069 17.545000
v 10.407604 19.390026 17.520000
v 10.418473 19.412539 17.545000
v 10.430119 19.379156 17.545000
v 10.407604 19.390026 17.545000
v 10.407604 19.390026 23.980000
v 10.430119 19.379156 23.955000
v 10.418473 19.412539 23.955000
v 10.407604 19.390026 23.955000
v 8.286646 20.413937 23.955000
v 8.309159 20.403069 23.980000
v 8.320028 20.425581 23.955000
v 8.309159 20.403069 23.955000
v 8.212738 20.260843 17.545000
v 8.235252 20.249973 17.520000
v 8.224383 20.227461 17.545000
v 8.235252 20.249973 17.545000
v 10.333697 19.236931 17.520000
v 10.356211 19.226063 17.545000
v 10.322828 19.214418 17.545000
v 10.333697 19.236931 17.545000
v 10.356211 19.226063 23.955000
v 10.333697 19.236931 23.980000
v 10.322828 19.214418 23.955000
v 10.333697 19.236931 23.955000
v 8.212738 20.260843 23.955000
v 8.224383 20.227461 23.955000
v 8.235252 20.249973 23.980000
v 8.235252 20.249973 23.955000
v 10.380589 19.403069 -1.980000
v 10.358075 19.413937 -1.955000
v 10.391458 19.425581 -1.955000
v 10.380589 19.403069 -1.955000
v 12.479033 18.390026 -1.980000
v 12.489902 18.412539 -1.955000
v 12.501548 18.379156 -1.955000
v 12.479033 18.390026 -1.955000
v 12.479033 18.390026 4.480000
v 12.501548 18.379156 4.455000
v 12.489902 18.412539 4.455000
v 12.479033 18.390026 4.455000
v 10.358075 19.413937 4.455000
v 10.380589 19.403069 4.480000
v 10.391458 19.425581 4.455000
v 10.380589 19.403069 4.455000
v 10.284167 19.260843 -1.955000
v 10.306682 19.249973 -1.980000
v 10.295813 19.227461 -1.955000
v 10.306682 19.249973 -1.955000
v 12.405127 18.236931 -1.980000
v 12.427640 18.226063 -1.955000
v 12.394258 18.214418 -1.955000
v 12.405127 18.236931 -1.955000
v 12.427640 18.226063 4.455000
v 12.405127 18.236931 4.480000
v 12.394258 18.214418 4.455000
v 12.405127 18.236931 4.455000
v 10.284167 19.260843 4.455000
v 10.295813 19.227461 4.455000
v 10.306682 19.249973 4.480000
v 10.306682 19.249973 4.455000
v 10.380589 19.403069 4.520000
v 10.358075 19.413937 4.545000
v 10.391458 19.425581 4.545000
v 10.380589 19.403069 4.545000
v 12.479033 18.390026 4.520000
v 12.489902 18.412539 4.545000
v 12.501548 18.379156 4.545000
v 12.479033 18.390026 4.545000
v 12.479033 18.390026 10.980000
v 12.501548 18.379156 10.955000
v 12.489902 18.412539 10.955000
v 12.479033 18.390026 10.955000
v 10.358075 19.413937 10.955000
v 10.380589 19.403069 10.980000
v 10.391458 19.425581 10.955000
v 10.380589 19.403069 10.955000
v 10.284167 19.260843 4.545000
v 10.306682 19.249973 4.520000
v 10.295813 19.227461 4.545000
v 10.306682 19.249973 4.545000
v 12.405127 18.236931 4.520000
v 12.427640 18.226063 4.545000
v 12.394258 18.214418 4.545000
v 12.405127 18.236931 4.545000
v 12.427640 18.226063 10.955000
v 12.405127 18.236931 10.980000
v 12.394258 18.214418 10.955000
v 12.405127 18.236931 10.955000
v 10.284167 19.260843 10.955000
v 10.295813 19.227461 10.955000
v 10.306682 19.249973 10.980000
v 10.306682 19.249973 10.955000
v 10.380589 19.403069 11.020000
v 10.358075 19.413937 11.045000
v 10.391458 19.425581 11.045000
v 10.380589 19.403069 11.045000
v 12.479033 18.390026 11.020000
v 12.489902 18.412539 11.045000
v 12.501548 18.379156 11.045000
v 12.479033 18.390026 11.045000
v 12.479033 18.390026 17.480000
v 12.501548 18.379156 17.455000
v 12.489902 18.412539 17.455000
v 12.479033 18.390026 17.455000
v 10.358075 19.413937 17.455000
v 10.380589 19.403069 17.480000
v 10.391458 19.425581 17.455000
v 10.380589 19.403069 17.455000
v 10.284167 19.260843 11.045000
v 10.306682 19.249973 11.020000
v 10.295813 19.227461 11.045000
v 10.306682 19.249973 11.045000
v 12.405127 18.236931 11.020000
v 12.427640 18.226063 11.045000
v 12.394258 18.214418 11.045000
v 12.405127 18.236931 11.045000
v 12.427640 18.226063 17.455000
v 12.405127 18.236931 17.480000
v 12.394258 18.214418 17.455000
v 12.405127 18.236931 17.455000
v 10.284167 19.260843 17.455000
v 10.295813 19.227461 17.455000
v 10.306682 19.249973 17.480000
v 10.306682 19.249973 17.455000
v 10.380589 19.403069 17.520000
v 10.358075 19.413937 17.545000
v 10.391458 19.425581 17.545000
v 10.380589 19.403069 17.545000
v 12.479033 18.390026 17.520000
v 12.489902 18.412539 17.545000
v 12.501548 18.379156 17.545000
v 12.479033 18.390026 17.545000
v 12.479033 18.390026 23.980000
v 12.501548 18.379156 23.955000
v 12.489902 18.412539 23.955000
v 12.479033 18.390026 23.955000
v 10.358075 19.413937 23.955000
v 10.380589 19.403069 23.980000
v 10.391458 19.425581 23.955000
v 10.380589 19.403069 23.955000
v 10.284167 19.260843 17.545000
v 10.306682 19.249973 17.520000
v 10.295813 19.227461 17.545000
v 10.306682 19.249973 17.545000
v 12.405127 18.236931 17.520000
v 12.427640 18.226063 17.545000
v 12.394258 18.214418 17.545000
v 12.405127 18.236931 17.545000
v 12.427640 18.226063 23.955000
v 12.405127 18.236931 23.980000
v 12.394258 18.214418 23.955000
v 12.405127 18.236931 23.955000
v 10.284167 19.260843 23.955000
v 10.295813 19.227461 23.955000
v 10.306682 19.249973 23.980000
v 10.306682 19.249973 23.955000
v 12.452017 18.403069 -1.980000
v 12.429503 18.413937 -1.955000
v 12.462886 18.425581 -1.955000
v 12.452017 18.403069 -1.955000
v 14.550462 17.390026 -1.980000
v 14.561331 17.412539 -1.955000
v 14.572976 17.379156 -1.955000
v 14.550462 17.390026 -1.955000
v 14.550462 17.390026 4.480000
v 14.572976 17.379156 4.455000
v 14.561331 17.412539 4.455000
v 14.550462 17.390026 4.455000
v 12.429503 18.413937 4.455000
v 12.452017 18.403069 4.480000
v 12.462886 18.425581 4.455000
v 12.452017 18.403069 4.455000
v 12.355596 18.260843 -1.955000
v 12.378110 18.249973 -1.980000
v 12.367241 18.227461 -1.955000
v 12.378110 18.249973 -1.955000
v 14.476555 17.236931 -1.980000
v 14.499068 17.226063 -1.955000
v 14.465686 17.214418 -1.955000
v 14.476555 17.236931 -1.955000
v 14.499068 17.226063 4.455000
v 14.476555 17.236931 4.480000
v 14.465686 17.214418 4.455000
v 14.476555 17.236931 4.455000
v 12.355596 18.260843 4.455000
v 12.367241 18.227461 4.455000
v 12.378110 18.249973 4.480000
v 12.378110 18.249973 4.455000
v 12.452017 18.403069 4.520000
v 12.429503 18.413937 4.545000
v 12.462886 18.425581 4.545000
v 12.452017 18.403069 4.545000
v 14.550462 17.390026 4.520000
v 14.561331 17.412539 4.545000
v 14.572976 17.379156 4.545000
v 14.550462 17.390026 4.545000
v 14.550462 17.390026 10.980000
v 14.572976 17.379156 10.955000
v 14.561331 17.412539 10.955000
v 14.550462 17.390026 10.955000
v 12.429503 18.413937 10.955000
v 12.452017 18.403069 10.980000
v 12.462886 18.425581 10.955000
v 12.452017 18.403069 10.955000
v 12.355596 18.260843 4.545000
v 12.378110 18.249973 4.520000
v 12.367241 18.227461 4.545000
v 12.378110 18.249973 4.545000
v 14.476555 17.236931 4.520000
v 14.499068 17.226063 4.545000
v 14.465686 17.214418 4.545000
v 14.476555 17.236931 4.545000
v 14.499068 17.226063 10.955000
v 14.476555 17.236931 10.980000
v 14.465686 17.214418 10.955000
v 14.476555 17.236931 10.955000
v 12.355596 18.260843 10.955000
v 12.367241 18.227461 10.955000
v 12.378110 18.249973 10.980000
v 12.378110 18.249973 10.955000
v 12.452017 18.403069 11.020000
v 12.429503 18.413937 11.045000
v 12.462886 18.425581 11.045000
v 12.452017 18.403069 11.045000
v 14.550462 17.390026 11.020000
v 14.561331 17.412539 11.045000
v 14.572976 17.379156 11.045000
v 14.550462 17.390026 11.045000
v 14.550462 17.390026 17.480000
v 14.572976 17.379156 17.455000
v 14.561331 17.412539 17.455000
v 14.550462 17.390026 17.455000
v 12.429503 18.413937 17.455000
v 12.452017 18.403069 17.480000
v 12.462886 18.425581 17.455000
v 12.452017 18.403069 17.455000
v 12.355596 18.260843 11.045000
v 12.378110 18.249973 11.020000
v 12.367241 18.227461 11.045000
v 12.378110 18.249973 11.045000
v 14.476555 17.236931 11.020000
v 14.499068 17.226063 11.045000
v 14.465686 17.214418 11.045000
v 14.476555 17.236931 11.045000
v 14.499068 17.226063 17.455000
v 14.476555 17.236931 17.480000
v 14.465686 17.214418 17.455000
v 14.476555 17.236931 17.455000
v 12.355596 18.260843 17.455000
v 12.367241 18.227461 17.455000
v 12.378110 18.249973 17.480000
v 12.378110 18.249973 17.455000
v 12.452017 18.403069 17.520000
v 12.429503 18.413937 17.545000
v 12.462886 18.425581 17.545000
v 12.452017 18.403069 17.545000
v 14.550462 17.390026 17.520000
v 14.561331 17.412539 17.545000
v 14.572976 17.379156 17.545000
v 14.550462 17.390026 17.545000
v 14.550462 17.390026 23.980000
v 14.572976 17.379156 23.955000
v 14.561331 17.412539 23.955000
v 14.550462 17.390026 23.955000
v 12.429503 18.413937 23.955000
v 12.452017 18.403069 23.980000
v 12.462886 18.425581 23.955000
v 12.452017 18.403069 23.955000
v 12.355596 18.260843 17.545000
v 12.378110 18.249973 17.520000
v 12.367241 18.227461 17.545000
v 12.378110 18.249973 17.545000
v 14.476555 17.236931 17.520000
v 14.499068 17.226063 17.545000
v 14.465686 17.214418 17.545000
v 14.476555 17.236931 17.545000
v 14.499068 17.226063 23.955000
v 14.476555 17.236931 23.980000
v 14.465686 17.214418 23.955000
v 14.476555 17.236931 23.955000
v 12.355596 18.260843 23.955000
v 12.367241 18.227461 23.955000
v 12.378110 18.249973 23.980000
v 12.378110 18.249973 23.955000
v 0.050462 24.249973 -1.980000
v 0.072976 24.260843 -1.955000
v 0.061331 24.227461 -1.955000
v 0.050462 24.249973 -1.955000
v -2.047983 23.236931 -1.980000
v -2.037115 23.214418 -1.955000
v -2.070497 23.226063 -1.955000
v -2.047983 23.236931 -1.955000
v -2.047983 23.236931 4.480000
v -2.070497 23.226063 4.455000
v -2.037115 23.214418 4.455000
v -2.047983 23.236931 4.455000
v 0.072976 24.260843 4.455000
v 0.050462 24.249973 4.480000
v 0.061331 24.227461 4.455000
v 0.050462 24.249973 4.455000
v -0.000932 24.413937 -1.955000
v -0.023445 24.403069 -1.980000
v -0.034314 24.425581 -1.955000
v -0.023445 24.403069 -1.955000
v -2.121891 23.390026 -1.980000
v -2.144404 23.379156 -1.955000
v -2.132759 23.412539 -1.955000
v -2.121891 23.390026 -1.955000
v -2.144404 23.379156 4.455000
v -2.121891 23.390026 4.480000
v -2.132759 23.412539 4.455000
v -2.121891 23.390026 4.455000
v -0.000932 24.413937 4.455000
v -0.034314 24.425581 4.455000
v -0.023445 24.403069 4.480000
v -0.023445 24.403069 4.455000
v 0.050462 24.249973 4.520000
v 0.072976 24.260843 4.545000
v 0.061331 24.227461 4.545000
v 0.050462 24.249973 4.545000
v -2.047983 23.236931 4.520000
v -2.037115 23.214418 4.545000
v -2.070497 23.226063 4.545000
v -2.047983 23.236931 4.545000
v -2.047983 23.236931 10.980000
v -2.070497 23.226063 10.955000
v -2.037115 23.214418 10.955000
v -2.047983 23.236931 10.955000
v 0.072976 24.260843 10.955000
v 0.050462 24.249973 10.980000
v 0.061331 24.227461 10.955000
v 0.050462 24.249973 10.955000
v -0.000932 24.413937 4.545000
v -0.023445 24.403069 4.520000
v -0.034314 24.425581 4.545000
v -0.023445 24.403069 4.545000
v -2.121891 23.390026 4.520000
v -2.144404 23.379156 4.545000
v -2.132759 23.412539 4.545000
v -2.121891 23.390026 4.545000
v -2.144404 23.379156 10.955000
v -2.121891 23.390026 10.980000
v -2.132759 23.412539 10.955000
v -2.121891 23.390026 10.955000
v -0.000932 24.413937 10.955000
v -0.034314 24.425581 10.955000
v -0.023445 24.403069 10.980000
v -0.023445 24.403069 10.955000
v 0.050462 24.249973 11.020000
v 0.072976 24.260843 11.045000
v 0.061331 24.227461 11.045000
v 0.050462 24.249973 11.045000
v -2.047983 23.236931 11.020000
v -2.037115 23.214418 11.045000
v -2.070497 23.226063 11.045000
v -2.047983 23.236931 11.045000
v -2.047983 23.236931 17.480000
v -2.070497 23.226063 17.455000
v -2.037115 23.214418 17.455000
v -2.047983 23.236931 17.455000
v 0.072976 24.260843 17.455000
v 0.050462 24.249973 17.480000
v 0.061331 24.227461 17.455000
v 0.050462 24.249973 17.455000
v -0.000932 24.413937 11.045000
v -0.023445 24.403069 11.020000
v -0.034314 24.425581 11.045000
v -0.023445 24.403069 11.045000
v -2.121891 23.390026 11.020000
v -2.144404 23.379156 11.045000
v -2.132759 23.412539 11.045000
v -2.121891 23.390026 11.045000
v -2.144404 23.379156 17.455000
v -2.121891 23.390026 17.480000
v -2.132759 23.412539 17.455000
v -2.121891 23.390026 17.455000
v -0.000932 24.413937 17.455000
v -0.034314 24.425581 17.455000
v -0.023445 24.403069 17.480000
v -0.023445 24.403069 17.455000
v 0.050462 24.249973 17.520000
v 0.072976 24.260843 17.545000
v 0.061331 24.227461 17.545000
v 0.050462 24.249973 17.545000
v -2.047983 23.236931 17.520000
v -2.037115 23.214418 17.545000
v -2.070497 23.226063 17.545000
v -2.047983 23.236931 17.545000
v -2.047983 23.236931 23.980000
v -2.070497 23.226063 23.955000
v -2.037115 23.214418 23.955000
v -2.047983 23.236931 23.955000
v 0.072976 24.260843 23.955000
v 0.050462 24.249973 23.980000
v 0.061331 24.227461 23.955000
v 0.050462 24.249973 23.955000
v -0.000932 24.413937 17.545000
v -0.023445 24.403069 17.520000
v -0.034314 24.425581 17.545000
v -0.023445 24.403069 17.545000
v -2.121891 23.390026 17.520000
v -2.144404 23.379156 17.545000
v -2.132759 23.412539 17.545000
v -2.121891 23.390026 17.545000
v -2.144404 23.379156 23.955000
v -2.121891 23.390026 23.980000
v -2.132759 23.412539 23.955000
v -2.121891 23.390026 23.955000
v -0.000932 24.413937 23.955000
v -0.034314 24.425581 23.955000
v -0.023445 24.403069 23.980000
v -0.023445 24.403069 23.955000
v -2.020967 23.249973 -1.980000
v -1.998453 23.260843 -1.955000
v -2.010098 23.227461 -1.955000
v -2.020967 23.249973 -1.955000
v -4.119412 22.236931 -1.980000
v -4.108543 22.214418 -1.955000
v -4.141926 22.226063 -1.955000
v -4.119412 22.236931 -1.955000
v -4.119412 22.236931 4.480000
v -4.141926 22.226063 4.455000
v -4.108543 22.214418 4.455000
v -4.119411 22.236931 4.455000
v -1.998453 23.260843 4.455000
v -2.020967 23.249973 4.480000
v -2.010098 23.227461 4.455000
v -2.020967 23.249973 4.455000
v -2.072360 23.413937 -1.955000
v -2.094874 23.403069 -1.980000
v -2.105743 23.425581 -1.955000
v -2.094874 23.403069 -1.955000
v -4.193319 22.390026 -1.980000
v -4.215833 22.379156 -1.955000
v -4.204188 22.412539 -1.955000
v -4.193319 22.390026 -1.955000
v -4.215833 22.379156 4.455000
v -4.193319 22.390026 4.480000
v -4.204188 22.412539 4.455000
v -4.193319 22.390026 4.455000
v -2.072360 23.413937 4.455000
v -2.105743 23.425581 4.455000
v -2.094874 23.403069 4.480000
v -2.094874 23.403069 4.455000
v -2.020967 23.249973 4.520000
v -1.998453 23.260843 4.545000
v -2.010098 23.227461 4.545000
v -2.020967 23.249973 4.545000
v -4.119412 22.236931 4.520000
v -4.108543 22.214418 4.545000
v -4.141926 22.226063 4.545000
v -4.119412 22.236931 4.545000
v -4.119412 22.236931 10.980000
v -4.141926 22.226063 10.955000
v -4.108543 22.214418 10.955000
v -4.119411 22.236931 10.955000
v -1.998453 23.260843 10.955000
v -2.020967 23.249973 10.980000
v -2.010098 23.227461 10.955000
v -2.020967 23.249973 10.955000
v -2.072360 23.413937 4.545000
v -2.094874 23.403069 4.520000
v -2.105743 23.425581 4.545000
v -2.094874 23.403069 4.545000
v -4.193319 22.390026 4.520000
v -4.215833 22.379156 4.545000
v -4.204188 22.412539 4.545000
v -4.193319 22.390026 4.545000
v -4.215833 22.379156 10.955000
v -4.193319 22.390026 10.980000
v -4.204188 22.412539 10.955000
v -4.193319 22.390026 10.955000
v -2.072360 23.413937 10.955000
v -2.105743 23.425581 10.955000
v -2.094874 23.403069 10.980000
v -2.094874 23.403069 10.955000
v -2.020967 23.249973 11.020000
v -1.998453 23.260843 11.045000
v -2.010098 23.227461 11.045000
v -2.020967 23.249973 11.045000
v -4.119412 22.236931 11.020000
v -4.108543 22.214418 11.045000
v -4.141926 22.226063 11.045000
v -4.119412 22.236931 11.045000
v -4.119412 22.236931 17.480000
v -4.141926 22.226063 17.455000
v -4.108543 22.214418 17.455000
v -4.119411 22.236931 17.455000
v -1.998453 23.260843 17.455000
v -2.020967 23.249973 17.480000
v -2.010098 23.227461 17.455000
v -2.020967 23.249973 17.455000
v -2.072360 23.413937 11.045000
v -2.094874 23.403069 11.020000
v -2.105743 23.425581 11.045000
v -2.094874 23.403069 11.045000
v -4.193319 22.390026 11.020000
v -4.215833 22.379156 11.045000
v -4.204188 22.412539 11.045000
v -4.193319 22.390026 11.045000
v -4.215833 22.379156 17.455000
v -4.193319 22.390026 17.480000
v -4.204188 22.412539 17.455000
v -4.193319 22.390026 17.455000
v -2.072360 23.413937 17.455000
v -2.105743 23.425581 17.455000
v -2.094874 23.403069 17.480000
v -2.094874 23.403069 17.455000
v -2.020967 23.249973 17.520000
v -1.998453 23.260843 17.545000
v -2.010098 23.227461 17.545000
v -2.020967 23.249973 17.545000
v -4.119412 22.236931 17.520000
v -4.108543 22.214418 17.545000
v -4.141926 22.226063 17.545000
v -4.119412 22.236931 17.545000
v -4.119412 22.236931 23.980000
v -4.141926 22.226063 23.955000
v -4.108543 22.214418 23.955000
v -4.119411 22.236931 23.955000
v -1.998453 23.260843 23.955000
v -2.020967 23.249973 23.980000
v -2.010098 23.227461 23.955000
v -2.020967 23.249973 23.955000
v -2.072360 23.413937 17.545000
v -2.094874 23.403069 17.520000
v -2.105743 23.425581 17.545000
v -2.094874 23.403069 17.545000
v -4.193319 22.390026 17.520000
v -4.215833 22.379156 17.545000
v -4.204188 22.412539 17.545000
v -4.193319 22.390026 17.545000
v -4.215833 22.379156 23.955000
v -4.193319 22.390026 23.980000
v -4.204188 22.412539 23.955000
v -4.193319 22.390026 23.955000
v -2.072360 23.413937 23.955000
v -2.105743 23.425581 23.955000
v -2.094874 23.403069 23.980000
v -2.094874 23.403069 23.955000
v -4.092395 22.249973 -1.980000
v -4.069881 22.260843 -1.955000
v -4.081526 22.227461 -1.955000
v -4.092395 22.249973 -1.955000
v -6.190840 21.236931 -1.980000
v -6.179972 21.214418 -1.955000
v -6.213354 21.226063 -1.955000
v -6.190840 21.236931 -1.955000
v -6.190840 21.236931 4.480000
v -6.213354 21.226063 4.455000
v -6.179972 21.214418 4.455000
v -6.190840 21.236931 4.455000
v -4.069881 22.260843 4.455000
v -4.092395 22.249973 4.480000
v -4.081526 22.227461 4.455000
v -4.092395 22.249973 4.455000
v -4.143788 22.413937 -1.955000
v -4.166302 22.403069 -1.980000
v -4.177171 22.425581 -1.955000
v -4.166303 22.403069 -1.955000
v -6.264748 21.390026 -1.980000
v -6.287261 21.379156 -1.955000
v -6.275616 21.412539 -1.955000
v -6.264748 21.390026 -1.955000
v -6.287261 21.379156 4.455000
v -6.264748 21.390026 4.480000
v -6.275616 21.412539 4.455000
v -6.264748 21.390026 4.455000
v -4.143788 22.413937 4.455000
v -4.177171 22.425581 4.455000
v -4.166302 22.403069 4.480000
v -4.166303 22.403069 4.455000
v -4.092395 22.249973 4.520000
v -4.069881 22.260843 4.545000
v -4.081526 22.227461 4.545000
v -4.092395 22.249973 4.545000
v -6.190840 21.236931 4.520000
v -6.179972 21.214418 4.545000
v -6.213354 21.226063 4.545000
v -6.190840 21.236931 4.545000
v -6.190840 21.236931 10.980000
v -6.213354 21.226063 10.955000
v -6.179972 21.214418 10.955000
v -6.190840 21.236931 10.955000
v -4.069881 22.260843 10.955000
v -4.092395 22.249973 10.980000
v -4.081526 22.227461 10.955000
v -4.092395 22.249973 10.955000
v -4.143788 22.413937 4.545000
v -4.166302 22.403069 4.520000
v -4.177171 22.425581 4.545000
v -4.166303 22.403069 4.545000
v -6.264748 21.390026 4.520000
v -6.287261 21.379156 4.545000
v -6.275616 21.412539 4.545000
v -6.264748 21.390026 4.545000
v -6.287261 21.379156 10.955000
v -6.264748 21.390026 10.980000
v -6.275616 21.412539 10.955000
v -6.264748 21.390026 10.955000
v -4.143788 22.413937 10.955000
v -4.177171 22.425581 10.955000
v -4.166302 22.403069 10.980000
v -4.166303 22.403069 10.955000
v -4.092395 22.249973 11.020000
v -4.069881 22.260843 11.045000
v -4.081526 22.227461 11.045000
v -4.092395 22.249973 11.045000
v -6.190840 21.236931 11.020000
v -6.179972 21.214418 11.045000
v -6.213354 21.226063 11.045000
v -6.190840 21.236931 11.045000
v -6.190840 21.236931 17.480000
v -6.213354 21.226063 17.455000
v -6.179972 21.214418 17.455000
v -6.190840 21.236931 17.455000
v -4.069881 22.260843 17.455000
v -4.092395 22.249973 17.480000
v -4.081526 22.227461 17.455000
v -4.092395 22.249973 17.455000
v -4.143788 22.413937 11.045000
v -4.166302 22.403069 11.020000
v -4.177171 22.425581 11.045000
v -4.166303 22.403069 11.045000
v -6.264748 21.390026 11.020000
v -6.287261 21.379156 11.045000
v -6.275616 21.412539 11.045000
v -6.264748 21.390026 11.045000
v -6.287261 21.379156 17.455000
v -6.264748 21.390026 17.480000
v -6.275616 21.412539 17.455000
v -6.264748 21.390026 17.455000
v -4.143788 22.413937 17.455000
v -4.177171 22.425581 17.455000
v -4.166302 22.403069 17.480000
v -4.166303 22.403069 17.455000
v -4.092395 22.249973 17.520000
v -4.069881 22.260843 17.545000
v -4.081526 22.227461 17.545000
v -4.092395 22.249973 17.545000
v -6.190840 21.236931 17.520000
v -6.179972 21.214418 17.545000
v -6.213354 21.226063 17.545000
v -6.190840 21.236931 17.545000
v -6.190840 21.236931 23.980000
v -6.213354 21.226063 23.955000
v -6.179972 21.214418 23.955000
v -6.190840 21.236931 23.955000
v -4.069881 22.260843 23.955000
v -4.092395 22.249973 23.980000
v -4.081526 22.227461 23.955000
v -4.092395 22.249973 23.955000
v -4.143788 22.413937 17.545000
v -4.166302 22.403069 17.520000
v -4.177171 22.425581 17.545000
v -4.166303 22.403069 17.545000
v -6.264748 21.390026 17.520000
v -6.287261 21.379156 17.545000
v -6.275616 21.412539 17.545000
v -6.264748 21.390026 17.545000
v -6.287261 21.379156 23.955000
v -6.264748 21.390026 23.980000
v -6.275616 21.412539 23.955000
v -6.264748 21.390026 23.955000
v -4.143788 22.413937 23.955000
v -4.177171 22.425581 23.955000
v -4.166302 22.403069 23.980000
v -4.166303 22.403069 23.955000
v -6.163824 21.249973 -1.980000
v -6.141310 21.260843 -1.955000
v -6.152955 21.227461 -1.955000
v -6.163824 21.249973 -1.955000
v -8.262269 20.236931 -1.980000
v -8.251400 20.214418 -1.955000
v -8.284782 20.226063 -1.955000
v -8.262269 20.236931 -1.955000
v -8.262269 20.236931 4.480000
v -8.284782 20.226063 4.455000
v -8.251400 20.214418 4.455000
v -8.262269 20.236931 4.455000
v -6.141310 21.260843 4.455000
v -6.163824 21.249973 4.480000
v -6.152955 21.227461 4.455000
v -6.163824 21.249973 4.455000
v -6.215218 21.413937 -1.955000
v -6.237731 21.403069 -1.980000
v -6.248600 21.425581 -1.955000
v -6.237731 21.403069 -1.955000
v -8.336176 20.390026 -1.980000
v -8.358690 20.379156 -1.955000
v -8.347045 20.412539 -1.955000
v -8.336176 20.390026 -1.955000
v -8.358690 20.379156 4.455000
v -8.336176 20.390026 4.480000
v -8.347045 20.412539 4.455000
v -8.336176 20.390026 4.455000
v -6.215218 21.413937 4.455000
v -6.248600 21.425581 4.455000
v -6.237731 21.403069 4.480000
v -6.237731 21.403069 4.455000
v -6.163824 21.249973 4.520000
v -6.141310 21.260843 4.545000
v -6.152955 21.227461 4.545000
v -6.163824 21.249973 4.545000
v -8.262269 20.236931 4.520000
v -8.251400 20.214418 4.545000
v -8.284782 20.226063 4.545000
v -8.262269 20.236931 4.545000
v -8.262269 20.236931 10.980000
v -8.284782 20.226063 10.955000
v -8.251400 20.214418 10.955000
v -8.262269 20.236931 10.955000
v -6.141310 21.260843 10.955000
v -6.163824 21.249973 10.980000
v -6.152955 21.227461 10.955000
v -6.163824 21.249973 10.955000
v -6.215218 21.413937 4.545000
v -6.237731 21.403069 4.520000
v -6.248600 21.425581 4.545000
v -6.237731 21.403069 4.545000
v -8.336176 20.390026 4.520000
v -8.358690 20.379156 4.545000
v -8.347045 20.412539 4.545000
v -8.336176 20.390026 4.545000
v -8.358690 20.379156 10.955000
v -8.336176 20.390026 10.980000
v -8.347045 20.412539 10.955000
v -8.336176 20.390026 10.955000
v -6.215218 21.413937 10.955000
v -6.248600 21.425581 10.955000
v -6.237731 21.403069 10.980000
v -6.237731 21.403069 10.955000
v -6.163824 21.249973 11.020000
v -6.141310 21.260843 11.045000
v -6.152955 21.227461 11.045000
v -6.163824 21.249973 11.045000
v -8.262269 20.236931 11.020000
v -8.251400 20.214418 11.045000
v -8.284782 20.226063 11.045000
v -8.262269 20.236931 11.045000
v -8.262269 20.236931 17.480000
v -8.284782 20.226063 17.455000
v -8.251400 20.214418 17.455000
v -8.262269 20.236931 17.455000
v -6.141310 21.260843 17.455000
v -6.163824 21.249973 17.480000
v -6.152955 21.227461 17.455000
v -6.163824 21.249973 17.455000
v -6.215218 21.413937 11.045000
v -6.237731 21.403069 11.020000
v -6.248600 21.425581 11.045000
v -6.237731 21.403069 11.045000
v -8.336176 20.390026 11.020000
v -8.358690 20.379156 11.045000
v -8.347045 20.412539 11.045000
v -8.336176 20.390026 11.045000
v -8.358690 20.379156 17.455000
v -8.336176 20.390026 17.480000
v -8.347045 20.412539 17.455000
v -8.336176 20.390026 17.455000
v -6.215218 21.413937 17.455000
v -6.248600 21.425581 17.455000
v -6.237731 21.403069 17.480000
v -6.237731 21.403069 17.455000
v -6.163824 21.249973 17.520000
v -6.141310 21.260843 17.545000
v -6.152955 21.227461 17.545000
v -6.163824 21.249973 17.545000
v -8.262269 20.236931 17.520000
v -8.251400 20.214418 17.545000
v -8.284782 20.226063 17.545000
v -8.262269 20.236931 17.545000
v -8.262269 20.236931 23.980000
v -8.284782 20.226063 23.955000
v -8.251400 20.214418 23.955000
v -8.262269 20.236931 23.955000
v -6.141310 21.260843 23.955000
v -6.163824 21.249973 23.980000
v -6.152955 21.227461 23.955000
v -6.163824 21.249973 23.955000
v -6.215218 21.413937 17.545000
v -6.237731 21.403069 17.520000
v -6.248600 21.425581 17.545000
v -6.237731 21.403069 17.545000
v -8.336176 20.390026 17.520000
v -8.358690 20.379156 17.545000
v -8.347045 20.412539 17.545000
v -8.336176 20.390026 17.545000
v -8.358690 20.379156 23.955000
v -8.336176 20.390026 23.980000
v -8.347045 20.412539 23.955000
v -8.336176 20.390026 23.955000
v -6.215218 21.413937 23.955000
v -6.248600 21.425581 23.955000
v -6.237731 21.403069 23.980000
v -6.237731 21.403069 23.955000
v -8.235252 20.249973 -1.980000
v -8.212738 20.260843 -1.955000
v -8.224383 20.227461 -1.955000
v -8.235252 20.249973 -1.955000
v -10.333697 19.236931 -1.980000
v -10.322828 19.214418 -1.955000
v -10.356211 19.226063 -1.955000
v -10.333697 19.236931 -1.955000
v -10.333697 19.236931 4.480000
v -10.356211 19.226063 4.455000
v -10.322828 19.214418 4.455000
v -10.333697 19.236931 4.455000
v -8.212738 20.260843 4.455000
v -8.235252 20.249973 4.480000
v -8.224383 20.227461 4.455000
v -8.235252 20.249973 4.455000
v -8.286646 20.413937 -1.955000
v -8.309159 20.403069 -1.980000
v -8.320028 20.425581 -1.955000
v -8.309159 20.403069 -1.955000
v -10.407604 19.390026 -1.980000
v -10.430119 19.379156 -1.955000
v -10.418473 19.412539 -1.955000
v -10.407604 19.390026 -1.955000
v -10.430119 19.379156 4.455000
v -10.407604 19.390026 4.480000
v -10.418473 19.412539 4.455000
v -10.407604 19.390026 4.455000
v -8.286646 20.413937 4.455000
v -8.320028 20.425581 4.455000
v -8.309159 20.403069 4.480000
v -8.309159 20.403069 4.455000
v -8.235252 20.249973 4.520000
v -8.212738 20.260843 4.545000
v -8.224383 20.227461 4.545000
v -8.235252 20.249973 4.545000
v -10.333697 19.236931 4.520000
v -10.322828 19.214418 4.545000
v -10.356211 19.226063 4.545000
v -10.333697 19.236931 4.545000
v -10.333697 19.236931 10.980000
v -10.356211 19.226063 10.955000
v -10.322828 19.214418 10.955000
v -10.333697 19.236931 10.955000
v -8.212738 20.260843 10.955000
v -8.235252 20.249973 10.980000
v -8.224383 20.227461 10.955000
v -8.235252 20.249973 10.955000
v -8.286646 20.413937 4.545000
v -8.309159 20.403069 4.520000
v -8.320028 20.425581 4.545000
v -8.309159 20.403069 4.545000
v -10.407604 19.390026 4.520000
v -10.430119 19.379156 4.545000
v -10.418473 19.412539 4.545000
v -10.407604 19.390026 4.545000
v -10.430119 19.379156 10.955000
v -10.407604 19.390026 10.980000
v -10.418473 19.412539 10.955000
v -10.407604 19.390026 10.955000
v -8.286646 20.413937 10.955000
v -8.320028 20.425581 10.955000
v -8.309159 20.403069 10.980000
v -8.309159 20.403069 10.955000
v -8.235252 20.249973 11.020000
v -8.212738 20.260843 11.045000
v -8.224383 20.227461 11.045000
v -8.235252 20.249973 11.045000
v -10.333697 19.236931 11.020000
v -10.322828 19.214418 11.045000
v -10.356211 19.226063 11.045000
v -10.333697 19.236931 11.045000
v -10.333697 19.236931 17.480000
v -10.356211 19.226063 17.455000
v -10.322828 19.214418 17.455000
v -10.333697 19.236931 17.455000
v -8.212738 20.260843 17.455000
v -8.235252 20.249973 17.480000
v -8.224383 20.227461 17.455000
v -8.235252 20.249973 17.455000
v -8.286646 20.413937 11.045000
v -8.309159 20.403069 11.020000
v -8.320028 20.425581 11.045000
v -8.309159 20.403069 11.045000
v -10.407604 19.390026 11.020000
v -10.430119 19.379156 11.045000
v -10.418473 19.412539 11.045000
v -10.407604 19.390026 11.045000
v -10.430119 19.379156 17.455000
v -10.407604 19.390026 17.480000
v -10.418473 19.412539 17.455000
v -10.407604 19.390026 17.455000
v -8.286646 20.413937 17.455000
v -8.320028 20.425581 17.455000
v -8.309159 20.403069 17.480000
v -8.309159 20.403069 17.455000
v -8.235252 20.249973 17.520000
v -8.212738 20.260843 17.545000
v -8.224383 20.227461 17.545000
v -8.235252 20.249973 17.545000
v -10.333697 19.236931 17.520000
v -10.322828 19.214418 17.545000
v -10.356211 19.226063 17.545000
v -10.333697 19.236931 17.545000
v -10.333697 19.236931 23.980000
v -10.356211 19.226063 23.955000
v -10.322828 19.214418 23.955000
v -10.333697 19.236931 23.955000
v -8.212738 20.260843 23.955000
v -8.235252 20.249973 23.980000
v -8.224383 20.227461 23.955000
v -8.235252 20.249973 23.955000
v -8.286646 20.413937 17.545000
v -8.309159 20.403069 17.520000
v -8.320028 20.425581 17.545000
v -8.309159 20.403069 17.545000
v -10.407604 19.390026 17.520000
v -10.430119 19.379156 17.545000
v -10.418473 19.412539 17.545000
v -10.407604 19.390026 17.545000
v -10.430119 19.379156 23.955000
v -10.407604 19.390026 23.980000
v -10.418473 19.412539 23.955000
v -10.407604 19.390026 23.955000
v -8.286646 20.413937 23.955000
v -8.320028 20.425581 23.955000
v -8.309159 20.403069 23.980000
v -8.309159 20.403069 23.955000
v -10.306682 19.249973 -1.980000
v -10.284167 19.260843 -1.955000
v -10.295813 19.227461 -1.955000
v -10.306682 19.249973 -1.955000
v -12.405127 18.236931 -1.980000
v -12.394258 18.214418 -1.955000
v -12.427640 18.226063 -1.955000
v -12.405127 18.236931 -1.955000
v -12.405127 18.236931 4.480000
v -12.427640 18.226063 4.455000
v -12.394258 18.214418 4.455000
v -12.405127 18.236931 4.455000
v -10.284167 19.260843 4.455000
v -10.306682 19.249973 4.480000
v -10.295813 19.227461 4.455000
v -10.306682 19.249973 4.455000
v -10.358075 19.413937 -1.955000
v -10.380589 19.403069 -1.980000
v -10.391458 19.425581 -1.955000
v -10.380589 19.403069 -1.955000
v -12.479033 18.390026 -1.980000
v -12.501548 18.379156 -1.955000
v -12.489902 18.412539 -1.955000
v -12.479033 18.390026 -1.955000
v -12.501548 18.379156 4.455000
v -12.479033 18.390026 4.480000
v -12.489902 18.412539 4.455000
v -12.479033 18.390026 4.455000
v -10.358075 19.413937 4.455000
v -10.391458 19.425581 4.455000
v -10.380589 19.403069 4.480000
v -10.380589 19.403069 4.455000
v -10.306682 19.249973 4.520000
v -10.284167 19.260843 4.545000
v -10.295813 19.227461 4.545000
v -10.306682 19.249973 4.545000
v -12.405127 18.236931 4.520000
v -12.394258 18.214418 4.545000
v -12.427640 18.226063 4.545000
v -12.405127 18.236931 4.545000
v -12.405127 18.236931 10.980000
v -12.427640 18.226063 10.955000
v -12.394258 18.214418 10.955000
v -12.405127 18.236931 10.955000
v -10.284167 19.260843 10.955000
v -10.306682 19.249973 10.980000
v -10.295813 19.227461 10.955000
v -10.306682 19.249973 10.955000
v -10.358075 19.413937 4.545000
v -10.380589 19.403069 4.520000
v -10.391458 19.425581 4.545000
v -10.380589 19.403069 4.545000
v -12.479033 18.390026 4.520000
v -12.501548 18.379156 4.545000
v -12.489902 18.412539 4.545000
v -12.479033 18.390026 4.545000
v -12.501548 18.379156 10.955000
v -12.479033 18.390026 10.980000
v -12.489902 18.412539 10.955000
v -12.479033 18.390026 10.955000
v -10.358075 19.413937 10.955000
v -10.391458 19.425581 10.955000
v -10.380589 19.403069 10.980000
v -10.380589 19.403069 10.955000
v -10.306682 19.249973 11.020000
v -10.284167 19.260843 11.045000
v -10.295813 19.227461 11.045000
v -10.306682 19.249973 11.045000
v -12.405127 18.236931 11.020000
v -12.394258 18.214418 11.045000
v -12.427640 18.226063 11.045000
v -12.405127 18.236931 11.045000
v -12.405127 18.236931 17.480000
v -12.427640 18.226063 17.455000
v -12.394258 18.214418 17.455000
v -12.405127 18.236931 17.455000
v -10.284167 19.260843 17.455000
v -10.306682 19.249973 17.480000
v -10.295813 19.227461 17.455000
v -10.306682 19.249973 17.455000
v -10.358075 19.413937 11.045000
v -10.380589 19.403069 11.020000
v -10.391458 19.425581 11.045000
v -10.380589 19.403069 11.045000
v -12.479033 18.390026 11.020000
v -12.501548 18.379156 11.045000
v -12.489902 18.412539 11.045000
v -12.479033 18.390026 11.045000
v -12.501548 18.379156 17.455000
v -12.479033 18.390026 17.480000
v -12.489902 18.412539 17.455000
v -12.479033 18.390026 17.455000
v -10.358075 19.413937 17.455000
v -10.391458 19.425581 17.455000
v -10.380589 19.403069 17.480000
v -10.380589 19.403069 17.455000
v -10.306682 19.249973 17.520000
v -10.284167 19.260843 17.545000
v -10.295813 19.227461 17.545000
v -10.306682 19.249973 17.545000
v -12.405127 18.236931 17.520000
v -12.394258 18.214418 17.545000
v -12.427640 18.226063 17.545000
v -12.405127 18.236931 17.545000
v -12.405127 18.236931 23.980000
v -12.427640 18.226063 23.955000
v -12.394258 18.214418 23.955000
v -12.405127 18.236931 23.955000
v -10.284167 19.260843 23.955000
v -10.306682 19.249973 23.980000
v -10.295813 19.227461 23.955000
v -10.306682 19.249973 23.955000
v -10.358075 19.413937 17.545000
v -10.380589 19.403069 17.520000
v -10.391458 19.425581 17.545000
v -10.380589 19.403069 17.545000
v -12.479033 18.390026 17.520000
v -12.501548 18.379156 17.545000
v -12.489902 18.412539 17.545000
v -12.479033 18.390026 17.545000
v -12.501548 18.379156 23.955000
v -12.479033 18.390026 23.980000
v -12.489902 18.412539 23.955000
v -12.479033 18.390026 23.955000
v -10.358075 19.413937 23.955000
v -10.391458 19.425581 23.955000
v -10.380589 19.403069 23.980000
v -10.380589 19.403069 23.955000
v -12.378110 18.249973 -1.980000
v -12.355596 18.260843 -1.955000
v -12.367241 18.227461 -1.955000
v -12.378110 18.249973 -1.955000
v -14.476555 17.236931 -1.980000
v -14.465686 17.214418 -1.955000
v -14.499068 17.226063 -1.955000
v -14.476555 17.236931 -1.955000
v -14.476555 17.236931 4.480000
v -14.499068 17.226063 4.455000
v -14.465686 17.214418 4.455000
v -14.476555 17.236931 4.455000
v -12.355596 18.260843 4.455000
v -12.378110 18.249973 4.480000
v -12.367241 18.227461 4.455000
v -12.378110 18.249973 4.455000
v -12.429503 18.413937 -1.955000
v -12.452017 18.403069 -1.980000
v -12.462886 18.425581 -1.955000
v -12.452017 18.403069 -1.955000
v -14.550462 17.390026 -1.980000
v -14.572976 17.379156 -1.955000
v -14.561331 17.412539 -1.955000
v -14.550462 17.390026 -1.955000
v -14.572976 17.379156 4.455000
v -14.550462 17.390026 4.480000
v -14.561331 17.412539 4.455000
v -14.550462 17.390026 4.455000
v -12.429503 18.413937 4.455000
v -12.462886 18.425581 4.455000
v -12.452017 18.403069 4.480000
v -12.452017 18.403069 4.455000
v -12.378110 18.249973 4.520000
v -12.355596 18.260843 4.545000
v -12.367241 18.227461 4.545000
v -12.378110 18.249973 4.545000
v -14.476555 17.236931 4.520000
v -14.465686 17.214418 4.545000
v -14.499068 17.226063 4.545000
v -14.476555 17.236931 4.545000
v -14.476555 17.236931 10.980000
v -14.499068 17.226063 10.955000
v -14.465686 17.214418 10.955000
v -14.476555 17.236931 10.955000
v -12.355596 18.260843 10.955000
v -12.378110 18.249973 10.980000
v -12.367241 18.227461 10.955000
v -12.378110 18.249973 10.955000
v -12.429503 18.413937 4.545000
v -12.452017 18.403069 4.520000
v -12.462886 18.425581 4.545000
v -12.452017 18.403069 4.545000
v -14.550462 17.390026 4.520000
v -14.572976 17.379156 4.545000
v -14.561331 17.412539 4.545000
v -14.550462 17.390026 4.545000
v -14.572976 17.379156 10.955000
v -14.550462 17.390026 10.980000
v -14.561331 17.412539 10.955000
v -14.550462 17.390026 10.955000
v -12.429503 18.413937 10.955000
v -12.462886 18.425581 10.955000
v -12.452017 18.403069 10.980000
v -12.452017 18.403069 10.955000
v -12.378110 18.249973 11.020000
v -12.355596 18.260843 11.045000
v -12.367241 18.227461 11.045000
v -12.378110 18.249973 11.045000
v -14.476555 17.236931 11.020000
v -14.465686 17.214418 11.045000
v -14.499068 17.226063 11.045000
v -14.476555 17.236931 11.045000
v -14.476555 17.236931 17.480000
v -14.499068 17.226063 17.455000
v -14.465686 17.214418 17.455000
v -14.476555 17.236931 17.455000
v -12.355596 18.260843 17.455000
v -12.378110 18.249973 17.480000
v -12.367241 18.227461 17.455000
v -12.378110 18.249973 17.455000
v -12.429503 18.413937 11.045000
v -12.452017 18.403069 11.020000
v -12.462886 18.425581 11.045000
v -12.452017 18.403069 11.045000
v -14.550462 17.390026 11.020000
v -14.572976 17.379156 11.045000
v -14.561331 17.412539 11.045000
v -14.550462 17.390026 11.045000
v -14.572976 17.379156 17.455000
v -14.550462 17.390026 17.480000
v -14.561331 17.412539 17.455000
v -14.550462 17.390026 17.455000
v -12.429503 18.413937 17.455000
v -12.462886 18.425581 17.455000
v -12.452017 18.403069 17.480000
v -12.452017 18.403069 17.455000
v -12.378110 18.249973 17.520000
v -12.355596 18.260843 17.545000
v -12.367241 18.227461 17.545000
v -12.378110 18.249973 17.545000
v -14.476555 17.236931 17.520000
v -14.465686 17.214418 17.545000
v -14.499068 17.226063 17.545000
v -14.476555 17.236931 17.545000
v -14.476555 17.236931 23.980000
v -14.499068 17.226063 23.955000
v -14.465686 17.214418 23.955000
v -14.476555 17.236931 23.955000
v -12.355596 18.260843 23.955000
v -12.378110 18.249973 23.980000
v -12.367241 18.227461 23.955000
v -12.378110 18.249973 23.955000
v -12.429503 18.413937 17.545000
v -12.452017 18.403069 17.520000
v -12.462886 18.425581 17.545000
v -12.452017 18.403069 17.545000
v -14.550462 17.390026 17.520000
v -14.572976 17.379156 17.545000
v -14.561331 17.412539 17.545000
v -14.550462 17.390026 17.545000
v -14.572976 17.379156 23.955000
v -14.550462 17.390026 23.980000
v -14.561331 17.412539 23.955000
v -14.550462 17.390026 23.955000
v -12.429503 18.413937 23.955000
v -12.462886 18.425581 23.955000
v -12.452017 18.403069 23.980000
v -12.452017 18.403069 23.955000
v 0.190000 24.320000 -2.300000
v 0.250000 24.320000 -2.240000
v 0.190000 24.259998 -2.240000
v 0.190000 24.320000 -2.240000
v -0.190000 24.320000 -2.300000
v -0.190000 24.259998 -2.240000
v -0.250000 24.320000 -2.240000
v -0.190000 24.320000 -2.240000
v -0.190000 24.320000 24.299999
v -0.250000 24.320000 24.240000
v -0.190000 24.259998 24.240000
v -0.190000 24.320000 24.240000
v 0.250000 24.320000 24.240000
v 0.190000 24.320000 24.299999
v 0.190000 24.259998 24.240000
v 0.190000 24.320000 24.240000
v 0.250000 24.599998 -2.240000
v 0.190000 24.599998 -2.300000
v 0.190000 24.660000 -2.240000
v 0.190000 24.599998 -2.240000
v -0.190000 24.599998 -2.300000
v -0.250000 24.599998 -2.240000
v -0.190000 24.660000 -2.240000
v -0.190000 24.599998 -2.240000
v -0.250000 24.599998 24.240000
v -0.190000 24.599998 24.299999
v -0.190000 24.660000 24.240000
v -0.190000 24.599998 24.240000
v 0.250000 24.599998 24.240000
v 0.190000 24.660000 24.240000
v 0.190000 24.599998 24.299999
v 0.190000 24.599998 24.240000
vn -0.0000 -0.0000 -1.0000
vn -0.0000 -0.0000 1.0000
vn -0.0000 -1.0000 -0.0000
vn -1.0000 -0.0000 -0.0000
vn -0.4347 0.9006 -0.0000
vn 0.4347 0.9006 -0.0000
vn 1.0000 -0.0000 -0.0000
vn 0.4017 0.8320 -0.3827
vn 0.1664 0.3446 -0.9239
vn -0.1664 -0.3446 -0.9239
vn -0.4017 -0.8320 -0.3827
vn -0.4017 -0.8320 0.3827
vn -0.1664 -0.3446 0.9239
vn 0.9005 -0.4348 -0.0000
vn 0.1664 0.3446 0.9239
vn 0.4017 0.8320 0.3827
vn -0.9006 0.4347 -0.0000
vn -0.4017 0.8320 0.3827
vn -0.1664 0.3446 0.9239
vn 0.1664 -0.3446 0.9239
vn 0.4017 -0.8320 0.3827
vn 0.4017 -0.8320 -0.3827
vn 0.1664 -0.3446 -0.9239
vn -0.9006 -0.4347 -0.0000
vn -0.1664 0.3446 -0.9239
vn -0.4017 0.8320 -0.3827
vn 0.9006 0.4347 -0.0000
vn 0.4016 0.8320 -0.3827
vn 0.9006 -0.4348 -0.0000
vn -0.9006 0.4348 -0.0000
vn -0.9005 -0.4348 -0.0000
vn -0.4016 0.8320 -0.3827
vn -0.9005 0.4348 -0.0000
vn 0.4350 0.9004 -0.0000
vn -0.4349 -0.9005 -0.0000
vn -0.4347 -0.9006 -0.0000
vn -0.4348 -0.9005 -0.0000
vn 0.9006 -0.4347 -0.0000
vn 0.4348 0.9006 -0.0000
vn 0.4348 0.9005 -0.0000
vn 0.4349 0.9005 -0.0000
vn -0.4348 -0.9006 -0.0000
vn -0.0000 -0.0001 1.0000
vn -0.0000 -0.0001 -1.0000
vn -0.0000 0.0001 -1.0000
vn 0.4345 0.9006 -0.0000
vn 0.4346 0.9006 -0.0000
vn -0.4346 -0.9006 -0.0000
vn -0.0000 0.0001 1.0000
vn 0.4347 -0.9006 -0.0000
vn 0.4348 -0.9005 -0.0000
vn 0.9005 0.4348 -0.0000
vn -0.4348 0.9005 -0.0000
vn -0.9006 -0.4348 -0.0000
vn 0.9006 0.4348 -0.0000
vn -0.4348 0.9006 -0.0000
vn 0.4348 -0.9006 -0.0000
vn -0.4346 0.9006 -0.0000
vn 0.4346 -0.9006 -0.0000
vn -0.0000 1.0000 -0.0000
vn -0.0000 0.0003 1.0000
vn 0.4349 -0.9005 -0.0000
vn -0.4349 0.9005 -0.0000
vn -0.0000 0.0002 1.0000
vt 0.000000 0.000000
vt 1.000000 1.000000
vt 0.875000 0.500000
vt 1.000000 0.500000
vt 0.875000 1.000000
vt 0.750000 0.500000
vt 0.750000 1.000000
vt 0.625000 0.500000
vt 0.625000 1.000000
vt 0.500000 0.500000
vt 0.375000 1.000000
vt 0.375000 0.500000
vt 0.250000 1.000000
vt 0.250000 0.500000
vt 0.250000 0.010000
vt 0.419706 0.080294
vt 0.490000 0.250000
vt 0.125000 1.000000
vt 0.125000 0.500000
vt 0.000000 1.000000
vt 0.000000 0.500000
vt 0.919706 0.080294
vt 0.580294 0.080294
vt 0.580294 0.419706
vt 0.010000 0.250000
vt 0.510000 0.250000
vt 0.500000 1.000000
vt 0.419706 0.419706
vt 0.250000 0.490000
vt 0.080294 0.419706
vt 0.080294 0.080294
vt 0.750000 0.490000
vt 0.919706 0.419706
vt 0.990000 0.250000
vt 0.750000 0.010000
s 0
usemtl CandyPink
f 3728/643/515 3729/643/515 3730/643/515
f 3735/643/516 3734/643/516 3733/643/516
f 3732/643/517 3728/643/517 3727/643/517
f 3733/643/518 3729/643/518 3728/643/518
f 3734/643/519 3730/643/519 3729/643/519
f 3735/643/520 3731/643/520 3730/643/520
f 3736/643/521 3727/643/521 3731/643/521
f 3803/643/515 3808/643/515 3804/643/515
f 3804/643/520 3805/643/520 3801/643/520
f 3813/643/520 3804/643/520 3802/643/520
f 3816/643/547 3803/643/547 3804/643/547
f 3815/643/516 3812/643/516 3811/643/516
f 3816/643/520 3809/643/520 3812/643/520
f 3811/643/528 3808/643/528 3806/643/528
f 3812/643/548 3807/643/548 3808/643/548
f 3830/643/547 3820/643/547 3819/643/547
f 3832/643/549 3817/643/549 3820/643/549
f 3821/643/550 3820/643/550 3818/643/550
f 3820/643/515 3823/643/515 3819/643/515
f 3825/643/551 3824/643/551 3822/643/551
f 3828/643/552 3823/643/552 3824/643/552
f 3826/643/550 3832/643/550 3828/643/550
f 3832/643/516 3827/643/516 3828/643/516
f 3801/643/547 3820/643/547 3804/643/547
f 3804/643/515 3817/643/515 3802/643/515
f 3807/643/515 3824/643/515 3808/643/515
f 3824/643/552 3805/643/552 3808/643/552
f 3826/643/528 3812/643/528 3809/643/528
f 3828/643/516 3810/643/516 3812/643/516
f 3829/643/516 3816/643/516 3813/643/516
f 3832/643/531 3814/643/531 3816/643/531
f 3805/643/515 3818/643/515 3801/643/515
f 3815/643/553 3806/643/553 3803/643/553
f 3802/643/544 3829/643/544 3813/643/544
f 3810/643/543 3822/643/543 3807/643/543
f 3809/643/516 3831/643/516 3826/643/516
f 3823/643/550 3830/643/550 3819/643/550
f 3835/643/515 3840/643/515 3836/643/515
f 3836/643/520 3837/643/520 3833/643/520
f 3845/643/554 3836/643/554 3834/643/554
f 3848/643/531 3835/643/531 3836/643/531
f 3847/643/516 3844/643/516 3843/643/516
f 3848/643/554 3841/643/554 3844/643/554
f 3843/643/528 3840/643/528 3838/643/528
f 3844/643/555 3839/643/555 3840/643/555
f 3862/643/547 3852/643/547 3851/643/547
f 3864/643/549 3849/643/549 3852/643/549
f 3853/643/556 3852/643/556 3850/643/556
f 3852/643/515 3855/643/515 3851/643/515
f 3857/643/551 3856/643/551 3854/643/551
f 3860/643/552 3855/643/552 3856/643/552
f 3858/643/551 3864/643/551 3860/643/551
f 3864/643/516 3859/643/516 3860/643/516
f 3833/643/531 3852/643/531 3836/643/531
f 3836/643/515 3849/643/515 3834/643/515
f 3839/643/515 3856/643/515 3840/643/515
f 3856/643/543 3837/643/543 3840/643/543
f 3858/643/552 3844/643/552 3841/643/552
f 3860/643/516 3842/643/516 3844/643/516
f 3861/643/516 3848/643/516 3845/643/516
f 3864/643/531 3846/643/531 3848/643/531
f 3837/643/515 3850/643/515 3833/643/515
f 3847/643/553 3838/643/553 3835/643/553
f 3834/643/544 3861/643/544 3845/643/544
f 3842/643/543 3854/643/543 3839/643/543
f 3841/643/516 3863/643/516 3858/643/516
f 3855/643/550 3862/643/550 3851/643/550
f 3867/643/515 3872/643/515 3868/643/515
f 3868/643/554 3869/643/554 3865/643/554
f 3877/643/554 3868/643/554 3866/643/554
f 3880/643/531 3867/643/531 3868/643/531
f 3879/643/557 3876/643/557 3875/643/557
f 3880/643/554 3873/643/554 3876/643/554
f 3875/643/528 3872/643/528 3870/643/528
f 3876/643/555 3871/643/555 3872/643/555
f 3894/643/547 3884/643/547 3883/643/547
f 3896/643/549 3881/643/549 3884/643/549
f 3885/643/551 3884/643/551 3882/643/551
f 3884/643/558 3887/643/558 3883/643/558
f 3889/643/551 3888/643/551 3886/643/551
f 3892/643/552 3887/643/552 3888/643/552
f 3890/643/551 3896/643/551 3892/643/551
f 3896/643/557 3891/643/557 3892/643/557
f 3865/643/531 3884/643/531 3868/643/531
f 3868/643/515 3881/643/515 3866/643/515
f 3871/643/515 3888/643/515 3872/643/515
f 3888/643/552 3869/643/552 3872/643/552
f 3890/643/528 3876/643/528 3873/643/528
f 3892/643/516 3874/643/516 3876/643/516
f 3893/643/516 3880/643/516 3877/643/516
f 3896/643/531 3878/643/531 3880/643/531
f 3869/643/515 3882/643/515 3865/643/515
f 3879/643/553 3870/643/553 3867/643/553
f 3866/643/544 3893/643/544 3877/643/544
f 3874/643/543 3886/643/543 3871/643/543
f 3873/643/516 3895/643/516 3890/643/516
f 3887/643/550 3894/643/550 3883/643/550
f 3899/643/559 3904/643/559 3900/643/559
f 3900/643/520 3901/643/520 3897/643/520
f 3909/643/554 3900/643/554 3898/643/554
f 3912/643/531 3899/643/531 3900/643/531
f 3911/643/516 3908/643/516 3907/643/516
f 3912/643/554 3905/643/554 3908/643/554
f 3907/643/528 3904/643/528 3902/643/528
f 3908/643/555 3903/643/555 3904/643/555
f 3926/643/547 3916/643/547 3915/643/547
f 3928/643/549 3913/643/549 3916/643/549
f 3917/643/550 3916/643/550 3914/643/550
f 3916/643/558 3919/643/558 3915/643/558
f 3921/643/551 3920/643/551 3918/643/551
f 3924/643/552 3919/643/552 3920/643/552
f 3922/643/551 3928/643/551 3924/643/551
f 3928/643/516 3923/643/516 3924/643/516
f 3897/643/531 3916/643/531 3900/643/531
f 3900/643/515 3913/643/515 3898/643/515
f 3903/643/515 3920/643/515 3904/643/515
f 3920/643/552 3901/643/552 3904/643/552
f 3922/643/528 3908/643/528 3905/643/528
f 3924/643/516 3906/643/516 3908/643/516
f 3925/643/516 3912/643/516 3909/643/516
f 3928/643/531 3910/643/531 3912/643/531
f 3901/643/515 3914/643/515 3897/643/515
f 3911/643/553 3902/643/553 3899/643/553
f 3898/643/544 3925/643/544 3909/643/544
f 3906/643/543 3918/643/543 3903/643/543
f 3905/643/516 3927/643/516 3922/643/516
f 3919/643/550 3926/643/550 3915/643/550
f 3931/643/515 3936/643/515 3932/643/515
f 3932/643/553 3933/643/553 3929/643/553
f 3941/643/520 3932/643/520 3930/643/520
f 3944/643/547 3931/643/547 3932/643/547
f 3943/643/516 3940/643/516 3939/643/516
f 3944/643/520 3937/643/520 3940/643/520
f 3939/643/528 3936/643/528 3934/643/528
f 3940/643/548 3935/643/548 3936/643/548
f 3958/643/547 3948/643/547 3947/643/547
f 3960/643/549 3945/643/549 3948/643/549
f 3946/643/556 3952/643/556 3948/643/556
f 3948/643/515 3951/643/515 3947/643/515
f 3953/643/551 3952/643/551 3950/643/551
f 3956/643/552 3951/643/552 3952/643/552
f 3959/643/556 3956/643/556 3954/643/556
f 3960/643/516 3955/643/516 3956/643/516
f 3929/643/544 3948/643/544 3932/643/544
f 3932/643/515 3945/643/515 3930/643/515
f 3935/643/515 3952/643/515 3936/643/515
f 3936/643/552 3949/643/552 3933/643/552
f 3954/643/528 3940/643/528 3937/643/528
f 3956/643/516 3938/643/516 3940/643/516
f 3957/643/516 3944/643/516 3941/643/516
f 3960/643/531 3942/643/531 3944/643/531
f 3933/643/515 3946/643/515 3929/643/515
f 3943/643/553 3934/643/553 3931/643/553
f 3930/643/544 3957/643/544 3941/643/544
f 3938/643/552 3950/643/552 3935/643/552
f 3937/643/516 3959/643/516 3954/643/516
f 3951/643/550 3958/643/550 3947/643/550
f 3963/643/515 3968/643/515 3964/643/515
f 3964/643/520 3965/643/520 3961/643/520
f 3973/643/554 3964/643/554 3962/643/554
f 3976/643/531 3963/643/531 3964/643/531
f 3975/643/516 3972/643/516 3971/643/516
f 3976/643/554 3969/643/554 3972/643/554
f 3971/643/528 3968/643/528 3966/643/528
f 3972/643/555 3967/643/555 3968/643/555
f 3990/643/547 3980/643/547 3979/643/547
f 3992/643/549 3977/643/549 3980/643/549
f 3978/643/550 3984/643/550 3980/643/550
f 3980/643/515 3983/643/515 3979/643/515
f 3985/643/551 3984/643/551 3982/643/551
f 3988/643/552 3983/643/552 3984/643/552
f 3991/643/550 3988/643/550 3986/643/550
f 3992/643/516 3987/643/516 3988/643/516
f 3961/643/531 3980/643/531 3964/643/531
f 3964/643/515 3977/643/515 3962/643/515
f 3967/643/515 3984/643/515 3968/643/515
f 3968/643/528 3981/643/528 3965/643/528
f 3986/643/552 3972/643/552 3969/643/552
f 3988/643/516 3970/643/516 3972/643/516
f 3989/643/516 3976/643/516 3973/643/516
f 3992/643/531 3974/643/531 3976/643/531
f 3965/643/515 3978/643/515 3961/643/515
f 3975/643/553 3966/643/553 3963/643/553
f 3962/643/544 3989/643/544 3973/643/544
f 3970/643/552 3982/643/552 3967/643/552
f 3969/643/516 3991/643/516 3986/643/516
f 3983/643/550 3990/643/550 3979/643/550
f 3995/643/515 4000/643/515 3996/643/515
f 3996/643/554 3997/643/554 3993/643/554
f 4005/643/554 3996/643/554 3994/643/554
f 4008/643/531 3995/643/531 3996/643/531
f 4007/643/557 4004/643/557 4003/643/557
f 4008/643/554 4001/643/554 4004/643/554
f 4003/643/528 4000/643/528 3998/643/528
f 4004/643/555 3999/643/555 4000/643/555
f 4022/643/547 4012/643/547 4011/643/547
f 4024/643/549 4009/643/549 4012/643/549
f 4010/643/551 4016/643/551 4012/643/551
f 4012/643/515 4015/643/515 4011/643/515
f 4017/643/551 4016/643/551 4014/643/551
f 4020/643/552 4015/643/552 4016/643/552
f 4023/643/550 4020/643/550 4018/643/550
f 4024/643/557 4019/643/557 4020/643/557
f 3993/643/531 4012/643/531 3996/643/531
f 3996/643/515 4009/643/515 3994/643/515
f 3999/643/515 4016/643/515 4000/643/515
f 4000/643/552 4013/643/552 3997/643/552
f 4018/643/528 4004/643/528 4001/643/528
f 4020/643/516 4002/643/516 4004/643/516
f 4021/643/516 4008/643/516 4005/643/516
f 4024/643/531 4006/643/531 4008/643/531
f 3997/643/515 4010/643/515 3993/643/515
f 4007/643/553 3998/643/553 3995/643/553
f 3994/643/544 4021/643/544 4005/643/544
f 4002/643/552 4014/643/552 3999/643/552
f 4001/643/516 4023/643/516 4018/643/516
f 4015/643/550 4022/643/550 4011/643/550
f 4027/643/515 4032/643/515 4028/643/515
f 4028/643/520 4029/643/520 4025/643/520
f 4037/643/554 4028/643/554 4026/643/554
f 4040/643/531 4027/643/531 4028/643/531
f 4039/643/516 4036/643/516 4035/643/516
f 4040/643/554 4033/643/554 4036/643/554
f 4035/643/528 4032/643/528 4030/643/528
f 4036/643/555 4031/643/555 4032/643/555
f 4054/643/547 4044/643/547 4043/643/547
f 4056/643/549 4041/643/549 4044/643/549
f 4042/643/551 4048/643/551 4044/643/551
f 4044/643/515 4047/643/515 4043/643/515
f 4049/643/551 4048/643/551 4046/643/551
f 4052/643/552 4047/643/552 4048/643/552
f 4055/643/550 4052/643/550 4050/643/550
f 4056/643/516 4051/643/516 4052/643/516
f 4025/643/531 4044/643/531 4028/643/531
f 4028/643/515 4041/643/515 4026/643/515
f 4031/643/558 4048/643/558 4032/643/558
f 4032/643/528 4045/643/528 4029/643/528
f 4050/643/528 4036/643/528 4033/643/528
f 4052/643/516 4034/643/516 4036/643/516
f 4053/643/516 4040/643/516 4037/643/516
f 4056/643/531 4038/643/531 4040/643/531
f 4029/643/515 4042/643/515 4025/643/515
f 4039/643/553 4030/643/553 4027/643/553
f 4026/643/544 4053/643/544 4037/643/544
f 4034/643/552 4046/643/552 4031/643/552
f 4033/643/516 4055/643/516 4050/643/516
f 4047/643/550 4054/643/550 4043/643/550
f 4059/643/515 4064/643/515 4060/643/515
f 4060/643/553 4061/643/553 4057/643/553
f 4069/643/560 4060/643/560 4058/643/560
f 4072/643/531 4059/643/531 4060/643/531
f 4071/643/516 4068/643/516 4067/643/516
f 4072/643/520 4065/643/520 4068/643/520
f 4067/643/528 4064/643/528 4062/643/528
f 4068/643/554 4063/643/554 4064/643/554
f 4086/643/547 4076/643/547 4075/643/547
f 4088/643/550 4073/643/550 4076/643/550
f 4074/643/556 4080/643/556 4076/643/556
f 4076/643/515 4079/643/515 4075/643/515
f 4081/643/550 4080/643/550 4078/643/550
f 4084/643/552 4079/643/552 4080/643/552
f 4087/643/556 4084/643/556 4082/643/556
f 4088/643/516 4083/643/516 4084/643/516
f 4057/643/547 4076/643/547 4060/643/547
f 4060/643/515 4073/643/515 4058/643/515
f 4063/643/515 4080/643/515 4064/643/515
f 4064/643/552 4077/643/552 4061/643/552
f 4082/643/528 4068/643/528 4065/643/528
f 4084/643/516 4066/643/516 4068/643/516
f 4085/643/516 4072/643/516 4069/643/516
f 4088/643/531 4070/643/531 4072/643/531
f 4061/643/515 4074/643/515 4057/643/515
f 4071/643/520 4062/643/520 4059/643/520
f 4058/643/547 4085/643/547 4069/643/547
f 4066/643/552 4078/643/552 4063/643/552
f 4065/643/516 4087/643/516 4082/643/516
f 4079/643/556 4086/643/556 4075/643/556
f 4091/643/515 4096/643/515 4092/643/515
f 4092/643/520 4093/643/520 4089/643/520
f 4101/643/561 4092/643/561 4090/643/561
f 4104/643/531 4091/643/531 4092/643/531
f 4103/643/516 4100/643/516 4099/643/516
f 4104/643/554 4097/643/554 4100/643/554
f 4099/643/528 4096/643/528 4094/643/528
f 4100/643/554 4095/643/554 4096/643/554
f 4118/643/547 4108/643/547 4107/643/547
f 4120/643/551 4105/643/551 4108/643/551
f 4106/643/550 4112/643/550 4108/643/550
f 4108/643/515 4111/643/515 4107/643/515
f 4113/643/562 4112/643/562 4110/643/562
f 4116/643/552 4111/643/552 4112/643/552
f 4119/643/550 4116/643/550 4114/643/550
f 4120/643/516 4115/643/516 4116/643/516
f 4089/643/531 4108/643/531 4092/643/531
f 4092/643/515 4105/643/515 4090/643/515
f 4095/643/515 4112/643/515 4096/643/515
f 4096/643/528 4109/643/528 4093/643/528
f 4114/643/552 4100/643/552 4097/643/552
f 4116/643/516 4098/643/516 4100/643/516
f 4117/643/516 4104/643/516 4101/643/516
f 4120/643/547 4102/643/547 4104/643/547
f 4093/643/515 4106/643/515 4089/643/515
f 4103/643/520 4094/643/520 4091/643/520
f 4090/643/547 4117/643/547 4101/643/547
f 4098/643/552 4110/643/552 4095/643/552
f 4097/643/516 4119/643/516 4114/643/516
f 4111/643/556 4118/643/556 4107/643/556
f 4123/643/515 4128/643/515 4124/643/515
f 4124/643/554 4125/643/554 4121/643/554
f 4133/643/561 4124/643/561 4122/643/561
f 4136/643/531 4123/643/531 4124/643/531
f 4135/643/563 4132/643/563 4131/643/563
f 4136/643/554 4129/643/554 4132/643/554
f 4131/643/528 4128/643/528 4126/643/528
f 4132/643/554 4127/643/554 4128/643/554
f 4150/643/547 4140/643/547 4139/643/547
f 4152/643/551 4137/643/551 4140/643/551
f 4138/643/551 4144/643/551 4140/643/551
f 4140/643/515 4143/643/515 4139/643/515
f 4145/643/562 4144/643/562 4142/643/562
f 4148/643/552 4143/643/552 4144/643/552
f 4151/643/550 4148/643/550 4146/643/550
f 4152/643/516 4147/643/516 4148/643/516
f 4121/643/547 4140/643/547 4124/643/547
f 4124/643/515 4137/643/515 4122/643/515
f 4127/643/515 4144/643/515 4128/643/515
f 4128/643/552 4141/643/552 4125/643/552
f 4146/643/528 4132/643/528 4129/643/528
f 4148/643/516 4130/643/516 4132/643/516
f 4149/643/516 4136/643/516 4133/643/516
f 4152/643/531 4134/643/531 4136/643/531
f 4125/643/515 4138/643/515 4121/643/515
f 4135/643/520 4126/643/520 4123/643/520
f 4122/643/547 4149/643/547 4133/643/547
f 4130/643/552 4142/643/552 4127/643/552
f 4129/643/516 4151/643/516 4146/643/516
f 4143/643/556 4150/643/556 4139/643/556
f 4155/643/559 4160/643/559 4156/643/559
f 4156/643/520 4157/643/520 4153/643/520
f 4165/643/561 4156/643/561 4154/643/561
f 4168/643/531 4155/643/531 4156/643/531
f 4167/643/516 4164/643/516 4163/643/516
f 4168/643/554 4161/643/554 4164/643/554
f 4163/643/528 4160/643/528 4158/643/528
f 4164/643/554 4159/643/554 4160/643/554
f 4182/643/547 4172/643/547 4171/643/547
f 4184/643/551 4169/643/551 4172/643/551
f 4170/643/551 4176/643/551 4172/643/551
f 4172/643/515 4175/643/515 4171/643/515
f 4177/643/562 4176/643/562 4174/643/562
f 4180/643/552 4175/643/552 4176/643/552
f 4183/643/550 4180/643/550 4178/643/550
f 4184/643/516 4179/643/516 4180/643/516
f 4153/643/531 4172/643/531 4156/643/531
f 4156/643/515 4169/643/515 4154/643/515
f 4159/643/558 4176/643/558 4160/643/558
f 4160/643/528 4173/643/528 4157/643/528
f 4178/643/528 4164/643/528 4161/643/528
f 4180/643/516 4162/643/516 4164/643/516
f 4181/643/516 4168/643/516 4165/643/516
f 4184/643/531 4166/643/531 4168/643/531
f 4157/643/515 4170/643/515 4153/643/515
f 4167/643/520 4158/643/520 4155/643/520
f 4154/643/547 4181/643/547 4165/643/547
f 4162/643/552 4174/643/552 4159/643/552
f 4161/643/516 4183/643/516 4178/643/516
f 4175/643/556 4182/643/556 4171/643/556
f 4187/643/515 4192/643/515 4188/643/515
f 4192/643/553 4185/643/553 4188/643/553
f 4197/643/520 4188/643/520 4186/643/520
f 4200/643/547 4187/643/547 4188/643/547
f 4199/643/516 4196/643/516 4195/643/516
f 4200/643/520 4193/643/520 4196/643/520
f 4195/643/528 4192/643/528 4190/643/528
f 4196/643/554 4191/643/554 4192/643/554
f 4214/643/547 4204/643/547 4203/643/547
f 4216/643/549 4201/643/549 4204/643/549
f 4205/643/550 4204/643/550 4202/643/550
f 4204/643/515 4207/643/515 4203/643/515
f 4209/643/551 4208/643/551 4206/643/551
f 4212/643/552 4207/643/552 4208/643/552
f 4210/643/550 4216/643/550 4212/643/550
f 4216/643/516 4211/643/516 4212/643/516
f 4185/643/547 4204/643/547 4188/643/547
f 4188/643/515 4201/643/515 4186/643/515
f 4191/643/515 4208/643/515 4192/643/515
f 4208/643/552 4189/643/552 4192/643/552
f 4210/643/528 4196/643/528 4193/643/528
f 4212/643/516 4194/643/516 4196/643/516
f 4213/643/516 4200/643/516 4197/643/516
f 4216/643/531 4198/643/531 4200/643/531
f 4189/643/515 4202/643/515 4185/643/515
f 4199/643/520 4190/643/520 4187/643/520
f 4186/643/547 4213/643/547 4197/643/547
f 4194/643/528 4206/643/528 4191/643/528
f 4193/643/516 4215/643/516 4210/643/516
f 4207/643/556 4214/643/556 4203/643/556
f 4219/643/515 4224/643/515 4220/643/515
f 4224/643/520 4217/643/520 4220/643/520
f 4229/643/554 4220/643/554 4218/643/554
f 4232/643/531 4219/643/531 4220/643/531
f 4231/643/516 4228/643/516 4227/643/516
f 4232/643/554 4225/643/554 4228/643/554
f 4227/643/552 4224/643/552 4222/643/552
f 4228/643/554 4223/643/554 4224/643/554
f 4246/643/547 4236/643/547 4235/643/547
f 4248/643/549 4233/643/549 4236/643/549
f 4237/643/550 4236/643/550 4234/643/550
f 4236/643/515 4239/643/515 4235/643/515
f 4241/643/551 4240/643/551 4238/643/551
f 4244/643/552 4239/643/552 4240/643/552
f 4242/643/551 4248/643/551 4244/643/551
f 4248/643/516 4243/643/516 4244/643/516
f 4217/643/531 4236/643/531 4220/643/531
f 4220/643/515 4233/643/515 4218/643/515
f 4223/643/515 4240/643/515 4224/643/515
f 4240/643/552 4221/643/552 4224/643/552
f 4242/643/552 4228/643/552 4225/643/552
f 4244/643/516 4226/643/516 4228/643/516
f 4245/643/516 4232/643/516 4229/643/516
f 4248/643/531 4230/643/531 4232/643/531
f 4221/643/515 4234/643/515 4217/643/515
f 4231/643/520 4222/643/520 4219/643/520
f 4218/643/547 4245/643/547 4229/643/547
f 4226/643/528 4238/643/528 4223/643/528
f 4225/643/516 4247/643/516 4242/643/516
f 4239/643/556 4246/643/556 4235/643/556
f 4251/643/515 4256/643/515 4252/643/515
f 4256/643/554 4249/643/554 4252/643/554
f 4261/643/554 4252/643/554 4250/643/554
f 4264/643/531 4251/643/531 4252/643/531
f 4263/643/516 4260/643/516 4259/643/516
f 4264/643/554 4257/643/554 4260/643/554
f 4259/643/552 4256/643/552 4254/643/552
f 4260/643/554 4255/643/554 4256/643/554
f 4278/643/547 4268/643/547 4267/643/547
f 4280/643/549 4265/643/549 4268/643/549
f 4269/643/551 4268/643/551 4266/643/551
f 4268/643/515 4271/643/515 4267/643/515
f 4273/643/551 4272/643/551 4270/643/551
f 4276/643/552 4271/643/552 4272/643/552
f 4274/643/551 4280/643/551 4276/643/551
f 4280/643/516 4275/643/516 4276/643/516
f 4249/643/531 4268/643/531 4252/643/531
f 4252/643/515 4265/643/515 4250/643/515
f 4255/643/515 4272/643/515 4256/643/515
f 4272/643/552 4253/643/552 4256/643/552
f 4274/643/528 4260/643/528 4257/643/528
f 4276/643/516 4258/643/516 4260/643/516
f 4277/643/516 4264/643/516 4261/643/516
f 4280/643/531 4262/643/531 4264/643/531
f 4253/643/515 4266/643/515 4249/643/515
f 4263/643/520 4254/643/520 4251/643/520
f 4250/643/547 4277/643/547 4261/643/547
f 4258/643/528 4270/643/528 4255/643/528
f 4257/643/516 4279/643/516 4274/643/516
f 4271/643/556 4278/643/556 4267/643/556
f 4283/643/515 4288/643/515 4284/643/515
f 4288/643/554 4281/643/554 4284/643/554
f 4293/643/554 4284/643/554 4282/643/554
f 4296/643/531 4283/643/531 4284/643/531
f 4295/643/516 4292/643/516 4291/643/516
f 4296/643/554 4289/643/554 4292/643/554
f 4291/643/552 4288/643/552 4286/643/552
f 4292/643/554 4287/643/554 4288/643/554
f 4310/643/547 4300/643/547 4299/643/547
f 4312/643/549 4297/643/549 4300/643/549
f 4301/643/550 4300/643/550 4298/643/550
f 4300/643/515 4303/643/515 4299/643/515
f 4305/643/551 4304/643/551 4302/643/551
f 4308/643/552 4303/643/552 4304/643/552
f 4306/643/551 4312/643/551 4308/643/551
f 4312/643/516 4307/643/516 4308/643/516
f 4281/643/531 4300/643/531 4284/643/531
f 4284/643/558 4297/643/558 4282/643/558
f 4287/643/515 4304/643/515 4288/643/515
f 4304/643/552 4285/643/552 4288/643/552
f 4306/643/528 4292/643/528 4289/643/528
f 4308/643/516 4290/643/516 4292/643/516
f 4309/643/516 4296/643/516 4293/643/516
f 4312/643/531 4294/643/531 4296/643/531
f 4285/643/515 4298/643/515 4281/643/515
f 4295/643/520 4286/643/520 4283/643/520
f 4282/643/547 4309/643/547 4293/643/547
f 4290/643/528 4302/643/528 4287/643/528
f 4289/643/516 4311/643/516 4306/643/516
f 4303/643/556 4310/643/556 4299/643/556
f 4315/643/515 4320/643/515 4316/643/515
f 4320/643/553 4313/643/553 4316/643/553
f 4325/643/520 4316/643/520 4314/643/520
f 4328/643/547 4315/643/547 4316/643/547
f 4327/643/516 4324/643/516 4323/643/516
f 4328/643/520 4321/643/520 4324/643/520
f 4323/643/528 4320/643/528 4318/643/528
f 4324/643/555 4319/643/555 4320/643/555
f 4342/643/547 4332/643/547 4331/643/547
f 4344/643/549 4329/643/549 4332/643/549
f 4333/643/556 4332/643/556 4330/643/556
f 4332/643/515 4335/643/515 4331/643/515
f 4337/643/551 4336/643/551 4334/643/551
f 4340/643/552 4335/643/552 4336/643/552
f 4343/643/550 4340/643/550 4338/643/550
f 4344/643/516 4339/643/516 4340/643/516
f 4330/643/544 4316/643/544 4313/643/544
f 4316/643/515 4329/643/515 4314/643/515
f 4319/643/515 4336/643/515 4320/643/515
f 4336/643/552 4317/643/552 4320/643/552
f 4338/643/528 4324/643/528 4321/643/528
f 4340/643/516 4322/643/516 4324/643/516
f 4341/643/516 4328/643/516 4325/643/516
f 4344/643/531 4326/643/531 4328/643/531
f 4317/643/515 4330/643/515 4313/643/515
f 4327/643/553 4318/643/553 4315/643/553
f 4314/643/547 4341/643/547 4325/643/547
f 4322/643/552 4334/643/552 4319/643/552
f 4321/643/516 4343/643/516 4338/643/516
f 4335/643/550 4342/643/550 4331/643/550
f 4347/643/515 4352/643/515 4348/643/515
f 4352/643/520 4345/643/520 4348/643/520
f 4357/643/554 4348/643/554 4346/643/554
f 4360/643/531 4347/643/531 4348/643/531
f 4359/643/516 4356/643/516 4355/643/516
f 4360/643/554 4353/643/554 4356/643/554
f 4355/643/528 4352/643/528 4350/643/528
f 4356/643/554 4351/643/554 4352/643/554
f 4374/643/547 4364/643/547 4363/643/547
f 4376/643/549 4361/643/549 4364/643/549
f 4365/643/550 4364/643/550 4362/643/550
f 4364/643/515 4367/643/515 4363/643/515
f 4369/643/551 4368/643/551 4366/643/551
f 4372/643/552 4367/643/552 4368/643/552
f 4375/643/551 4372/643/551 4370/643/551
f 4376/643/516 4371/643/516 4372/643/516
f 4362/643/544 4348/643/544 4345/643/544
f 4348/643/515 4361/643/515 4346/643/515
f 4351/643/515 4368/643/515 4352/643/515
f 4368/643/552 4349/643/552 4352/643/552
f 4370/643/552 4356/643/552 4353/643/552
f 4372/643/516 4354/643/516 4356/643/516
f 4373/643/516 4360/643/516 4357/643/516
f 4376/643/531 4358/643/531 4360/643/531
f 4349/643/515 4362/643/515 4345/643/515
f 4359/643/553 4350/643/553 4347/643/553
f 4346/643/547 4373/643/547 4357/643/547
f 4354/643/552 4366/643/552 4351/643/552
f 4353/643/516 4375/643/516 4370/643/516
f 4367/643/550 4374/643/550 4363/643/550
f 4379/643/515 4384/643/515 4380/643/515
f 4384/643/554 4377/643/554 4380/643/554
f 4389/643/554 4380/643/554 4378/643/554
f 4392/643/531 4379/643/531 4380/643/531
f 4391/643/516 4388/643/516 4387/643/516
f 4392/643/554 4385/643/554 4388/643/554
f 4387/643/528 4384/643/528 4382/643/528
f 4388/643/554 4383/643/554 4384/643/554
f 4406/643/547 4396/643/547 4395/643/547
f 4408/643/549 4393/643/549 4396/643/549
f 4397/643/551 4396/643/551 4394/643/551
f 4396/643/515 4399/643/515 4395/643/515
f 4401/643/551 4400/643/551 4398/643/551
f 4404/643/552 4399/643/552 4400/643/552
f 4407/643/550 4404/643/550 4402/643/550
f 4408/643/516 4403/643/516 4404/643/516
f 4394/643/531 4380/643/531 4377/643/531
f 4380/643/515 4393/643/515 4378/643/515
f 4383/643/515 4400/643/515 4384/643/515
f 4400/643/552 4381/643/552 4384/643/552
f 4402/643/528 4388/643/528 4385/643/528
f 4404/643/516 4386/643/516 4388/643/516
f 4405/643/516 4392/643/516 4389/643/516
f 4408/643/531 4390/643/531 4392/643/531
f 4381/643/515 4394/643/515 4377/643/515
f 4391/643/553 4382/643/553 4379/643/553
f 4378/643/547 4405/643/547 4389/643/547
f 4386/643/552 4398/643/552 4383/643/552
f 4385/643/516 4407/643/516 4402/643/516
f 4399/643/550 4406/643/550 4395/643/550
f 4411/643/515 4416/643/515 4412/643/515
f 4416/643/554 4409/643/554 4412/643/554
f 4421/643/554 4412/643/554 4410/643/554
f 4424/643/531 4411/643/531 4412/643/531
f 4423/643/516 4420/643/516 4419/643/516
f 4424/643/554 4417/643/554 4420/643/554
f 4419/643/528 4416/643/528 4414/643/528
f 4420/643/554 4415/643/554 4416/643/554
f 4438/643/547 4428/643/547 4427/643/547
f 4440/643/549 4425/643/549 4428/643/549
f 4429/643/550 4428/643/550 4426/643/550
f 4428/643/515 4431/643/515 4427/643/515
f 4433/643/551 4432/643/551 4430/643/551
f 4436/643/552 4431/643/552 4432/643/552
f 4439/643/550 4436/643/550 4434/643/550
f 4440/643/516 4435/643/516 4436/643/516
f 4426/643/547 4412/643/547 4409/643/547
f 4412/643/558 4425/643/558 4410/643/558
f 4415/643/515 4432/643/515 4416/643/515
f 4432/643/552 4413/643/552 4416/643/552
f 4434/643/528 4420/643/528 4417/643/528
f 4436/643/516 4418/643/516 4420/643/516
f 4437/643/516 4424/643/516 4421/643/516
f 4440/643/531 4422/643/531 4424/643/531
f 4413/643/515 4426/643/515 4409/643/515
f 4423/643/553 4414/643/553 4411/643/553
f 4410/643/547 4437/643/547 4421/643/547
f 4418/643/552 4430/643/552 4415/643/552
f 4417/643/516 4439/643/516 4434/643/516
f 4431/643/550 4438/643/550 4427/643/550
f 4443/643/515 4448/643/515 4444/643/515
f 4448/643/553 4441/643/553 4444/643/553
f 4453/643/561 4444/643/561 4442/643/561
f 4456/643/547 4443/643/547 4444/643/547
f 4455/643/516 4452/643/516 4451/643/516
f 4456/643/520 4449/643/520 4452/643/520
f 4451/643/528 4448/643/528 4446/643/528
f 4452/643/555 4447/643/555 4448/643/555
f 4470/643/547 4460/643/547 4459/643/547
f 4472/643/551 4457/643/551 4460/643/551
f 4461/643/556 4460/643/556 4458/643/556
f 4460/643/515 4463/643/515 4459/643/515
f 4465/643/550 4464/643/550 4462/643/550
f 4468/643/552 4463/643/552 4464/643/552
f 4471/643/550 4468/643/550 4466/643/550
f 4472/643/516 4467/643/516 4468/643/516
f 4458/643/531 4444/643/531 4441/643/531
f 4444/643/515 4457/643/515 4442/643/515
f 4447/643/515 4464/643/515 4448/643/515
f 4464/643/552 4445/643/552 4448/643/552
f 4466/643/528 4452/643/528 4449/643/528
f 4468/643/516 4450/643/516 4452/643/516
f 4469/643/516 4456/643/516 4453/643/516
f 4472/643/531 4454/643/531 4456/643/531
f 4445/643/515 4458/643/515 4441/643/515
f 4455/643/520 4446/643/520 4443/643/520
f 4442/643/547 4469/643/547 4453/643/547
f 4450/643/552 4462/643/552 4447/643/552
f 4449/643/516 4471/643/516 4466/643/516
f 4463/643/550 4470/643/550 4459/643/550
f 4475/643/515 4480/643/515 4476/643/515
f 4480/643/520 4473/643/520 4476/643/520
f 4485/643/520 4476/643/520 4474/643/520
f 4488/643/531 4475/643/531 4476/643/531
f 4487/643/516 4484/643/516 4483/643/516
f 4488/643/554 4481/643/554 4484/643/554
f 4483/643/528 4480/643/528 4478/643/528
f 4484/643/554 4479/643/554 4480/643/554
f 4502/643/547 4492/643/547 4491/643/547
f 4504/643/551 4489/643/551 4492/643/551
f 4493/643/550 4492/643/550 4490/643/550
f 4492/643/515 4495/643/515 4491/643/515
f 4497/643/550 4496/643/550 4494/643/550
f 4500/643/552 4495/643/552 4496/643/552
f 4503/643/551 4500/643/551 4498/643/551
f 4504/643/516 4499/643/516 4500/643/516
f 4490/643/547 4476/643/547 4473/643/547
f 4476/643/515 4489/643/515 4474/643/515
f 4479/643/515 4496/643/515 4480/643/515
f 4496/643/552 4477/643/552 4480/643/552
f 4498/643/552 4484/643/552 4481/643/552
f 4500/643/516 4482/643/516 4484/643/516
f 4501/643/516 4488/643/516 4485/643/516
f 4504/643/531 4486/643/531 4488/643/531
f 4477/643/515 4490/643/515 4473/643/515
f 4487/643/520 4478/643/520 4475/643/520
f 4474/643/547 4501/643/547 4485/643/547
f 4482/643/552 4494/643/552 4479/643/552
f 4481/643/516 4503/643/516 4498/643/516
f 4495/643/550 4502/643/550 4491/643/550
f 4507/643/515 4512/643/515 4508/643/515
f 4512/643/554 4505/643/554 4508/643/554
f 4517/643/520 4508/643/520 4506/643/520
f 4520/643/531 4507/643/531 4508/643/531
f 4519/643/516 4516/643/516 4515/643/516
f 4520/643/554 4513/643/554 4516/643/554
f 4515/643/528 4512/643/528 4510/643/528
f 4516/643/554 4511/643/554 4512/643/554
f 4534/643/547 4524/643/547 4523/643/547
f 4536/643/551 4521/643/551 4524/643/551
f 4525/643/551 4524/643/551 4522/643/551
f 4524/643/515 4527/643/515 4523/643/515
f 4529/643/550 4528/643/550 4526/643/550
f 4532/643/552 4527/643/552 4528/643/552
f 4535/643/550 4532/643/550 4530/643/550
f 4536/643/516 4531/643/516 4532/643/516
f 4522/643/531 4508/643/531 4505/643/531
f 4508/643/515 4521/643/515 4506/643/515
f 4511/643/515 4528/643/515 4512/643/515
f 4528/643/552 4509/643/552 4512/643/552
f 4530/643/528 4516/643/528 4513/643/528
f 4532/643/516 4514/643/516 4516/643/516
f 4533/643/516 4520/643/516 4517/643/516
f 4536/643/531 4518/643/531 4520/643/531
f 4509/643/515 4522/643/515 4505/643/515
f 4519/643/520 4510/643/520 4507/643/520
f 4506/643/547 4533/643/547 4517/643/547
f 4514/643/552 4526/643/552 4511/643/552
f 4513/643/516 4535/643/516 4530/643/516
f 4527/643/550 4534/643/550 4523/643/550
f 4539/643/515 4544/643/515 4540/643/515
f 4544/643/554 4537/643/554 4540/643/554
f 4549/643/520 4540/643/520 4538/643/520
f 4552/643/531 4539/643/531 4540/643/531
f 4551/643/516 4548/643/516 4547/643/516
f 4552/643/554 4545/643/554 4548/643/554
f 4547/643/528 4544/643/528 4542/643/528
f 4548/643/554 4543/643/554 4544/643/554
f 4566/643/547 4556/643/547 4555/643/547
f 4568/643/551 4553/643/551 4556/643/551
f 4557/643/550 4556/643/550 4554/643/550
f 4556/643/515 4559/643/515 4555/643/515
f 4561/643/550 4560/643/550 4558/643/550
f 4564/643/552 4559/643/552 4560/643/552
f 4567/643/550 4564/643/550 4562/643/550
f 4568/643/516 4563/643/516 4564/643/516
f 4554/643/547 4540/643/547 4537/643/547
f 4540/643/558 4553/643/558 4538/643/558
f 4543/643/515 4560/643/515 4544/643/515
f 4560/643/552 4541/643/552 4544/643/552
f 4562/643/528 4548/643/528 4545/643/528
f 4564/643/516 4546/643/516 4548/643/516
f 4565/643/516 4552/643/516 4549/643/516
f 4568/643/531 4550/643/531 4552/643/531
f 4541/643/515 4554/643/515 4537/643/515
f 4551/643/520 4542/643/520 4539/643/520
f 4538/643/547 4565/643/547 4549/643/547
f 4546/643/552 4558/643/552 4543/643/552
f 4545/643/516 4567/643/516 4562/643/516
f 4559/643/550 4566/643/550 4555/643/550
f 4571/643/515 4576/643/515 4572/643/515
f 4576/643/553 4569/643/553 4572/643/553
f 4581/643/520 4572/643/520 4570/643/520
f 4584/643/547 4571/643/547 4572/643/547
f 4583/643/516 4580/643/516 4579/643/516
f 4584/643/520 4577/643/520 4580/643/520
f 4579/643/528 4576/643/528 4574/643/528
f 4580/643/555 4575/643/555 4576/643/555
f 4598/643/547 4588/643/547 4587/643/547
f 4600/643/549 4585/643/549 4588/643/549
f 4589/643/556 4588/643/556 4586/643/556
f 4588/643/515 4591/643/515 4587/643/515
f 4593/643/551 4592/643/551 4590/643/551
f 4596/643/552 4591/643/552 4592/643/552
f 4599/643/550 4596/643/550 4594/643/550
f 4600/643/516 4595/643/516 4596/643/516
f 4586/643/531 4572/643/531 4569/643/531
f 4572/643/515 4585/643/515 4570/643/515
f 4575/643/515 4592/643/515 4576/643/515
f 4592/643/552 4573/643/552 4576/643/552
f 4594/643/528 4580/643/528 4577/643/528
f 4596/643/516 4578/643/516 4580/643/516
f 4597/643/516 4584/643/516 4581/643/516
f 4600/643/531 4582/643/531 4584/643/531
f 4573/643/515 4586/643/515 4569/643/515
f 4583/643/520 4574/643/520 4571/643/520
f 4570/643/547 4597/643/547 4581/643/547
f 4578/643/552 4590/643/552 4575/643/552
f 4577/643/516 4599/643/516 4594/643/516
f 4591/643/550 4598/643/550 4587/643/550
f 4603/643/515 4608/643/515 4604/643/515
f 4608/643/520 4601/643/520 4604/643/520
f 4613/643/554 4604/643/554 4602/643/554
f 4616/643/531 4603/643/531 4604/643/531
f 4615/643/516 4612/643/516 4611/643/516
f 4616/643/554 4609/643/554 4612/643/554
f 4611/643/528 4608/643/528 4606/643/528
f 4612/643/554 4607/643/554 4608/643/554
f 4630/643/547 4620/643/547 4619/643/547
f 4632/643/549 4617/643/549 4620/643/549
f 4621/643/550 4620/643/550 4618/643/550
f 4620/643/515 4623/643/515 4619/643/515
f 4625/643/551 4624/643/551 4622/643/551
f 4628/643/552 4623/643/552 4624/643/552
f 4631/643/551 4628/643/551 4626/643/551
f 4632/643/516 4627/643/516 4628/643/516
f 4618/643/547 4604/643/547 4601/643/547
f 4604/643/515 4617/643/515 4602/643/515
f 4607/643/515 4624/643/515 4608/643/515
f 4624/643/552 4605/643/552 4608/643/552
f 4626/643/552 4612/643/552 4609/643/552
f 4628/643/516 4610/643/516 4612/643/516
f 4629/643/516 4616/643/516 4613/643/516
f 4632/643/531 4614/643/531 4616/643/531
f 4605/643/515 4618/643/515 4601/643/515
f 4615/643/520 4606/643/520 4603/643/520
f 4602/643/547 4629/643/547 4613/643/547
f 4610/643/552 4622/643/552 4607/643/552
f 4609/643/516 4631/643/516 4626/643/516
f 4623/643/550 4630/643/550 4619/643/550
f 4635/643/515 4640/643/515 4636/643/515
f 4640/643/554 4633/643/554 4636/643/554
f 4645/643/554 4636/643/554 4634/643/554
f 4648/643/531 4635/643/531 4636/643/531
f 4647/643/516 4644/643/516 4643/643/516
f 4648/643/554 4641/643/554 4644/643/554
f 4643/643/528 4640/643/528 4638/643/528
f 4644/643/554 4639/643/554 4640/643/554
f 4662/643/547 4652/643/547 4651/643/547
f 4664/643/549 4649/643/549 4652/643/549
f 4653/643/551 4652/643/551 4650/643/551
f 4652/643/515 4655/643/515 4651/643/515
f 4657/643/551 4656/643/551 4654/643/551
f 4660/643/552 4655/643/552 4656/643/552
f 4663/643/550 4660/643/550 4658/643/550
f 4664/643/516 4659/643/516 4660/643/516
f 4650/643/531 4636/643/531 4633/643/531
f 4636/643/515 4649/643/515 4634/643/515
f 4639/643/515 4656/643/515 4640/643/515
f 4656/643/552 4637/643/552 4640/643/552
f 4658/643/528 4644/643/528 4641/643/528
f 4660/643/516 4642/643/516 4644/643/516
f 4661/643/516 4648/643/516 4645/643/516
f 4664/643/531 4646/643/531 4648/643/531
f 4637/643/515 4650/643/515 4633/643/515
f 4647/643/520 4638/643/520 4635/643/520
f 4634/643/547 4661/643/547 4645/643/547
f 4642/643/552 4654/643/552 4639/643/552
f 4641/643/516 4663/643/516 4658/643/516
f 4655/643/550 4662/643/550 4651/643/550
f 4667/643/515 4672/643/515 4668/643/515
f 4672/643/554 4665/643/554 4668/643/554
f 4677/643/554 4668/643/554 4666/643/554
f 4680/643/531 4667/643/531 4668/643/531
f 4679/643/516 4676/643/516 4675/643/516
f 4680/643/554 4673/643/554 4676/643/554
f 4675/643/528 4672/643/528 4670/643/528
f 4676/643/554 4671/643/554 4672/643/554
f 4694/643/547 4684/643/547 4683/643/547
f 4696/643/549 4681/643/549 4684/643/549
f 4685/643/550 4684/643/550 4682/643/550
f 4684/643/515 4687/643/515 4683/643/515
f 4689/643/551 4688/643/551 4686/643/551
f 4692/643/552 4687/643/552 4688/643/552
f 4695/643/550 4692/643/550 4690/643/550
f 4696/643/516 4691/643/516 4692/643/516
f 4682/643/547 4668/643/547 4665/643/547
f 4668/643/558 4681/643/558 4666/643/558
f 4671/643/515 4688/643/515 4672/643/515
f 4688/643/552 4669/643/552 4672/643/552
f 4690/643/528 4676/643/528 4673/643/528
f 4692/643/516 4674/643/516 4676/643/516
f 4693/643/516 4680/643/516 4677/643/516
f 4696/643/531 4678/643/531 4680/643/531
f 4669/643/515 4682/643/515 4665/643/515
f 4679/643/520 4670/643/520 4667/643/520
f 4666/643/547 4693/643/547 4677/643/547
f 4674/643/552 4686/643/552 4671/643/552
f 4673/643/516 4695/643/516 4690/643/516
f 4687/643/550 4694/643/550 4683/643/550
f 4702/643/515 4700/643/515 4699/643/515
f 4700/643/564 4701/643/564 4697/643/564
f 4709/643/564 4700/643/564 4698/643/564
f 4712/643/541 4699/643/541 4700/643/541
f 4707/643/516 4712/643/516 4708/643/516
f 4712/643/564 4705/643/564 4708/643/564
f 4707/643/538 4704/643/538 4702/643/538
f 4708/643/565 4703/643/565 4704/643/565
f 4726/643/566 4716/643/566 4715/643/566
f 4728/643/519 4713/643/519 4716/643/519
f 4717/643/519 4716/643/519 4714/643/519
f 4720/643/515 4715/643/515 4716/643/515
f 4721/643/567 4720/643/567 4718/643/567
f 4724/643/545 4719/643/545 4720/643/545
f 4722/643/519 4728/643/519 4724/643/519
f 4724/643/516 4726/643/516 4723/643/516
f 4714/643/541 4700/643/541 4697/643/541
f 4716/643/515 4698/643/515 4700/643/515
f 4718/643/515 4704/643/515 4703/643/515
f 4720/643/538 4701/643/538 4704/643/538
f 4722/643/568 4708/643/568 4705/643/568
f 4708/643/516 4721/643/516 4706/643/516
f 4709/643/516 4728/643/516 4712/643/516
f 4712/643/566 4727/643/566 4710/643/566
f 4697/643/515 4717/643/515 4714/643/515
f 4711/643/564 4702/643/564 4699/643/564
f 4698/643/569 4725/643/569 4709/643/569
f 4706/643/568 4718/643/568 4703/643/568
f 4710/643/516 4722/643/516 4705/643/516
f 4719/643/570 4726/643/570 4715/643/570
f 4734/643/515 4732/643/515 4731/643/515
f 4732/643/564 4733/643/564 4729/643/564
f 4741/643/565 4732/643/565 4730/643/565
f 4744/643/541 4731/643/541 4732/643/541
f 4739/643/516 4744/643/516 4740/643/516
f 4744/643/565 4737/643/565 4740/643/565
f 4739/643/538 4736/643/538 4734/643/538
f 4740/643/565 4735/643/565 4736/643/565
f 4758/643/541 4748/643/541 4747/643/541
f 4760/643/567 4745/643/567 4748/643/567
f 4749/643/570 4748/643/570 4746/643/570
f 4752/643/515 4747/643/515 4748/643/515
f 4753/643/567 4752/643/567 4750/643/567
f 4756/643/538 4751/643/538 4752/643/538
f 4754/643/567 4760/643/567 4756/643/567
f 4756/643/516 4758/643/516 4755/643/516
f 4746/643/566 4732/643/566 4729/643/566
f 4748/643/515 4730/643/515 4732/643/515
f 4750/643/515 4736/643/515 4735/643/515
f 4752/643/538 4733/643/538 4736/643/538
f 4754/643/538 4740/643/538 4737/643/538
f 4740/643/516 4753/643/516 4738/643/516
f 4741/643/516 4760/643/516 4744/643/516
f 4744/643/541 4759/643/541 4742/643/541
f 4729/643/515 4749/643/515 4746/643/515
f 4743/643/564 4734/643/564 4731/643/564
f 4730/643/569 4757/643/569 4741/643/569
f 4738/643/568 4750/643/568 4735/643/568
f 4742/643/516 4754/643/516 4737/643/516
f 4751/643/570 4758/643/570 4747/643/570
f 4766/643/558 4764/643/558 4763/643/558
f 4764/643/565 4765/643/565 4761/643/565
f 4773/643/565 4764/643/565 4762/643/565
f 4776/643/541 4763/643/541 4764/643/541
f 4771/643/557 4776/643/557 4772/643/557
f 4776/643/565 4769/643/565 4772/643/565
f 4771/643/538 4768/643/538 4766/643/538
f 4772/643/565 4767/643/565 4768/643/565
f 4790/643/541 4780/643/541 4779/643/541
f 4792/643/567 4777/643/567 4780/643/567
f 4781/643/567 4780/643/567 4778/643/567
f 4784/643/515 4779/643/515 4780/643/515
f 4785/643/567 4784/643/567 4782/643/567
f 4788/643/538 4783/643/538 4784/643/538
f 4786/643/567 4792/643/567 4788/643/567
f 4788/643/557 4790/643/557 4787/643/557
f 4778/643/541 4764/643/541 4761/643/541
f 4780/643/515 4762/643/515 4764/643/515
f 4782/643/515 4768/643/515 4767/643/515
f 4784/643/538 4765/643/538 4768/643/538
f 4786/643/545 4772/643/545 4769/643/545
f 4772/643/516 4785/643/516 4770/643/516
f 4773/643/516 4792/643/516 4776/643/516
f 4776/643/566 4791/643/566 4774/643/566
f 4761/643/515 4781/643/515 4778/643/515
f 4775/643/564 4766/643/564 4763/643/564
f 4762/643/569 4789/643/569 4773/643/569
f 4770/643/568 4782/643/568 4767/643/568
f 4774/643/516 4786/643/516 4769/643/516
f 4783/643/570 4790/643/570 4779/643/570
f 4798/643/558 4796/643/558 4795/643/558
f 4796/643/564 4797/643/564 4793/643/564
f 4805/643/565 4796/643/565 4794/643/565
f 4808/643/541 4795/643/541 4796/643/541
f 4803/643/516 4808/643/516 4804/643/516
f 4808/643/565 4801/643/565 4804/643/565
f 4803/643/538 4800/643/538 4798/643/538
f 4804/643/565 4799/643/565 4800/643/565
f 4822/643/541 4812/643/541 4811/643/541
f 4824/643/567 4809/643/567 4812/643/567
f 4813/643/519 4812/643/519 4810/643/519
f 4816/643/559 4811/643/559 4812/643/559
f 4817/643/567 4816/643/567 4814/643/567
f 4820/643/538 4815/643/538 4816/643/538
f 4818/643/567 4824/643/567 4820/643/567
f 4820/643/516 4822/643/516 4819/643/516
f 4810/643/566 4796/643/566 4793/643/566
f 4812/643/515 4794/643/515 4796/643/515
f 4814/643/515 4800/643/515 4799/643/515
f 4816/643/538 4797/643/538 4800/643/538
f 4818/643/545 4804/643/545 4801/643/545
f 4804/643/563 4817/643/563 4802/643/563
f 4805/643/563 4824/643/563 4808/643/563
f 4808/643/566 4823/643/566 4806/643/566
f 4793/643/515 4813/643/515 4810/643/515
f 4807/643/564 4798/643/564 4795/643/564
f 4794/643/569 4821/643/569 4805/643/569
f 4802/643/568 4814/643/568 4799/643/568
f 4806/643/516 4818/643/516 4801/643/516
f 4815/643/570 4822/643/570 4811/643/570
f 4830/643/515 4828/643/515 4827/643/515
f 4828/643/571 4829/643/571 4825/643/571
f 4837/643/564 4828/643/564 4826/643/564
f 4840/643/541 4827/643/541 4828/643/541
f 4835/643/516 4840/643/516 4836/643/516
f 4836/643/564 4838/643/564 4833/643/564
f 4835/643/545 4832/643/545 4830/643/545
f 4836/643/565 4831/643/565 4832/643/565
f 4854/643/566 4844/643/566 4843/643/566
f 4856/643/572 4841/643/572 4844/643/572
f 4845/643/519 4844/643/519 4842/643/519
f 4848/643/515 4843/643/515 4844/643/515
f 4849/643/519 4848/643/519 4846/643/519
f 4852/643/545 4847/643/545 4848/643/545
f 4850/643/519 4856/643/519 4852/643/519
f 4852/643/516 4854/643/516 4851/643/516
f 4842/643/541 4828/643/541 4825/643/541
f 4844/643/515 4826/643/515 4828/643/515
f 4846/643/515 4832/643/515 4831/643/515
f 4848/643/538 4829/643/538 4832/643/538
f 4833/643/538 4852/643/538 4836/643/538
f 4836/643/516 4849/643/516 4834/643/516
f 4837/643/516 4856/643/516 4840/643/516
f 4840/643/566 4855/643/566 4838/643/566
f 4825/643/515 4845/643/515 4842/643/515
f 4839/643/564 4830/643/564 4827/643/564
f 4826/643/569 4853/643/569 4837/643/569
f 4834/643/538 4846/643/538 4831/643/538
f 4838/643/516 4850/643/516 4833/643/516
f 4847/643/570 4854/643/570 4843/643/570
f 4862/643/515 4860/643/515 4859/643/515
f 4860/643/564 4861/643/564 4857/643/564
f 4869/643/565 4860/643/565 4858/643/565
f 4872/643/541 4859/643/541 4860/643/541
f 4867/643/516 4872/643/516 4868/643/516
f 4868/643/565 4870/643/565 4865/643/565
f 4867/643/545 4864/643/545 4862/643/545
f 4868/643/565 4863/643/565 4864/643/565
f 4886/643/566 4876/643/566 4875/643/566
f 4888/643/572 4873/643/572 4876/643/572
f 4877/643/519 4876/643/519 4874/643/519
f 4880/643/515 4875/643/515 4876/643/515
f 4881/643/572 4880/643/572 4878/643/572
f 4884/643/538 4879/643/538 4880/643/538
f 4882/643/567 4888/643/567 4884/643/567
f 4884/643/516 4886/643/516 4883/643/516
f 4874/643/566 4860/643/566 4857/643/566
f 4876/643/515 4858/643/515 4860/643/515
f 4878/643/515 4864/643/515 4863/643/515
f 4880/643/538 4861/643/538 4864/643/538
f 4865/643/545 4884/643/545 4868/643/545
f 4868/643/516 4881/643/516 4866/643/516
f 4869/643/516 4888/643/516 4872/643/516
f 4872/643/541 4887/643/541 4870/643/541
f 4857/643/515 4877/643/515 4874/643/515
f 4871/643/564 4862/643/564 4859/643/564
f 4858/643/569 4885/643/569 4869/643/569
f 4866/643/538 4878/643/538 4863/643/538
f 4870/643/516 4882/643/516 4865/643/516
f 4879/643/570 4886/643/570 4875/643/570
f 4894/643/515 4892/643/515 4891/643/515
f 4892/643/565 4893/643/565 4889/643/565
f 4901/643/565 4892/643/565 4890/643/565
f 4904/643/541 4891/643/541 4892/643/541
f 4899/643/557 4904/643/557 4900/643/557
f 4900/643/564 4902/643/564 4897/643/564
f 4899/643/545 4896/643/545 4894/643/545
f 4900/643/565 4895/643/565 4896/643/565
f 4918/643/566 4908/643/566 4907/643/566
f 4920/643/572 4905/643/572 4908/643/572
f 4909/643/567 4908/643/567 4906/643/567
f 4912/643/515 4907/643/515 4908/643/515
f 4913/643/572 4912/643/572 4910/643/572
f 4916/643/538 4911/643/538 4912/643/538
f 4914/643/567 4920/643/567 4916/643/567
f 4916/643/557 4918/643/557 4915/643/557
f 4906/643/541 4892/643/541 4889/643/541
f 4908/643/515 4890/643/515 4892/643/515
f 4910/643/515 4896/643/515 4895/643/515
f 4912/643/538 4893/643/538 4896/643/538
f 4897/643/538 4916/643/538 4900/643/538
f 4900/643/516 4913/643/516 4898/643/516
f 4901/643/516 4920/643/516 4904/643/516
f 4904/643/566 4919/643/566 4902/643/566
f 4889/643/515 4909/643/515 4906/643/515
f 4903/643/564 4894/643/564 4891/643/564
f 4890/643/569 4917/643/569 4901/643/569
f 4898/643/538 4910/643/538 4895/643/538
f 4902/643/516 4914/643/516 4897/643/516
f 4911/643/570 4918/643/570 4907/643/570
f 4926/643/515 4924/643/515 4923/643/515
f 4924/643/564 4925/643/564 4921/643/564
f 4933/643/565 4924/643/565 4922/643/565
f 4936/643/541 4923/643/541 4924/643/541
f 4931/643/516 4936/643/516 4932/643/516
f 4932/643/564 4934/643/564 4929/643/564
f 4931/643/545 4928/643/545 4926/643/545
f 4932/643/565 4927/643/565 4928/643/565
f 4950/643/566 4940/643/566 4939/643/566
f 4952/643/572 4937/643/572 4940/643/572
f 4941/643/519 4940/643/519 4938/643/519
f 4944/643/515 4939/643/515 4940/643/515
f 4945/643/572 4944/643/572 4942/643/572
f 4948/643/538 4943/643/538 4944/643/538
f 4946/643/567 4952/643/567 4948/643/567
f 4948/643/516 4950/643/516 4947/643/516
f 4938/643/566 4924/643/566 4921/643/566
f 4940/643/515 4922/643/515 4924/643/515
f 4942/643/515 4928/643/515 4927/643/515
f 4944/643/538 4925/643/538 4928/643/538
f 4929/643/538 4948/643/538 4932/643/538
f 4932/643/516 4945/643/516 4930/643/516
f 4933/643/563 4952/643/563 4936/643/563
f 4936/643/566 4951/643/566 4934/643/566
f 4921/643/515 4941/643/515 4938/643/515
f 4935/643/564 4926/643/564 4923/643/564
f 4922/643/569 4949/643/569 4933/643/569
f 4930/643/538 4942/643/538 4927/643/538
f 4934/643/516 4946/643/516 4929/643/516
f 4943/643/570 4950/643/570 4939/643/570
f 4958/643/515 4956/643/515 4955/643/515
f 4960/643/564 4953/643/564 4956/643/564
f 4965/643/564 4956/643/564 4954/643/564
f 4968/643/541 4955/643/541 4956/643/541
f 4963/643/516 4968/643/516 4964/643/516
f 4964/643/564 4966/643/564 4961/643/564
f 4963/643/545 4960/643/545 4958/643/545
f 4964/643/565 4959/643/565 4960/643/565
f 4982/643/566 4972/643/566 4971/643/566
f 4984/643/519 4969/643/519 4972/643/519
f 4973/643/519 4972/643/519 4970/643/519
f 4976/643/515 4971/643/515 4972/643/515
f 4977/643/567 4976/643/567 4974/643/567
f 4980/643/545 4975/643/545 4976/643/545
f 4978/643/519 4984/643/519 4980/643/519
f 4980/643/516 4982/643/516 4979/643/516
f 4970/643/541 4956/643/541 4953/643/541
f 4972/643/515 4954/643/515 4956/643/515
f 4974/643/515 4960/643/515 4959/643/515
f 4976/643/538 4957/643/538 4960/643/538
f 4961/643/538 4980/643/538 4964/643/538
f 4964/643/516 4977/643/516 4962/643/516
f 4965/643/516 4984/643/516 4968/643/516
f 4968/643/566 4983/643/566 4966/643/566
f 4953/643/515 4973/643/515 4970/643/515
f 4967/643/571 4958/643/571 4955/643/571
f 4954/643/541 4981/643/541 4965/643/541
f 4962/643/545 4974/643/545 4959/643/545
f 4966/643/516 4978/643/516 4961/643/516
f 4975/643/519 4982/643/519 4971/643/519
f 4990/643/515 4988/643/515 4987/643/515
f 4992/643/565 4985/643/565 4988/643/565
f 4997/643/565 4988/643/565 4986/643/565
f 5000/643/541 4987/643/541 4988/643/541
f 4995/643/516 5000/643/516 4996/643/516
f 4996/643/565 4998/643/565 4993/643/565
f 4995/643/545 4992/643/545 4990/643/545
f 4996/643/565 4991/643/565 4992/643/565
f 5014/643/566 5004/643/566 5003/643/566
f 5016/643/567 5001/643/567 5004/643/567
f 5005/643/519 5004/643/519 5002/643/519
f 5008/643/515 5003/643/515 5004/643/515
f 5009/643/567 5008/643/567 5006/643/567
f 5012/643/538 5007/643/538 5008/643/538
f 5010/643/567 5016/643/567 5012/643/567
f 5012/643/557 5014/643/557 5011/643/557
f 5002/643/566 4988/643/566 4985/643/566
f 5004/643/515 4986/643/515 4988/643/515
f 5006/643/515 4992/643/515 4991/643/515
f 5008/643/538 4989/643/538 4992/643/538
f 4993/643/545 5012/643/545 4996/643/545
f 4996/643/516 5009/643/516 4994/643/516
f 4997/643/516 5016/643/516 5000/643/516
f 5000/643/541 5015/643/541 4998/643/541
f 4985/643/515 5005/643/515 5002/643/515
f 4999/643/571 4990/643/571 4987/643/571
f 4986/643/541 5013/643/541 4997/643/541
f 4994/643/545 5006/643/545 4991/643/545
f 4998/643/516 5010/643/516 4993/643/516
f 5007/643/519 5014/643/519 5003/643/519
f 5022/643/515 5020/643/515 5019/643/515
f 5024/643/565 5017/643/565 5020/643/565
f 5029/643/565 5020/643/565 5018/643/565
f 5032/643/541 5019/643/541 5020/643/541
f 5027/643/516 5032/643/516 5028/643/516
f 5028/643/564 5030/643/564 5025/643/564
f 5027/643/545 5024/643/545 5022/643/545
f 5028/643/565 5023/643/565 5024/643/565
f 5046/643/566 5036/643/566 5035/643/566
f 5048/643/567 5033/643/567 5036/643/567
f 5037/643/567 5036/643/567 5034/643/567
f 5040/643/515 5035/643/515 5036/643/515
f 5041/643/567 5040/643/567 5038/643/567
f 5044/643/538 5039/643/538 5040/643/538
f 5042/643/567 5048/643/567 5044/643/567
f 5044/643/516 5046/643/516 5043/643/516
f 5034/643/541 5020/643/541 5017/643/541
f 5036/643/515 5018/643/515 5020/643/515
f 5038/643/515 5024/643/515 5023/643/515
f 5040/643/538 5021/643/538 5024/643/538
f 5025/643/538 5044/643/538 5028/643/538
f 5028/643/516 5041/643/516 5026/643/516
f 5029/643/563 5048/643/563 5032/643/563
f 5032/643/566 5047/643/566 5030/643/566
f 5017/643/515 5037/643/515 5034/643/515
f 5031/643/571 5022/643/571 5019/643/571
f 5018/643/541 5045/643/541 5029/643/541
f 5026/643/545 5038/643/545 5023/643/545
f 5030/643/516 5042/643/516 5025/643/516
f 5039/643/519 5046/643/519 5035/643/519
f 5054/643/515 5052/643/515 5051/643/515
f 5056/643/565 5049/643/565 5052/643/565
f 5061/643/565 5052/643/565 5050/643/565
f 5064/643/541 5051/643/541 5052/643/541
f 5059/643/516 5064/643/516 5060/643/516
f 5060/643/564 5062/643/564 5057/643/564
f 5059/643/545 5056/643/545 5054/643/545
f 5060/643/565 5055/643/565 5056/643/565
f 5078/643/566 5068/643/566 5067/643/566
f 5080/643/567 5065/643/567 5068/643/567
f 5069/643/519 5068/643/519 5066/643/519
f 5072/643/559 5067/643/559 5068/643/559
f 5073/643/567 5072/643/567 5070/643/567
f 5076/643/538 5071/643/538 5072/643/538
f 5074/643/567 5080/643/567 5076/643/567
f 5076/643/516 5078/643/516 5075/643/516
f 5066/643/566 5052/643/566 5049/643/566
f 5068/643/515 5050/643/515 5052/643/515
f 5070/643/515 5056/643/515 5055/643/515
f 5072/643/538 5053/643/538 5056/643/538
f 5057/643/538 5076/643/538 5060/643/538
f 5060/643/516 5073/643/516 5058/643/516
f 5061/643/563 5080/643/563 5064/643/563
f 5064/643/566 5079/643/566 5062/643/566
f 5049/643/515 5069/643/515 5066/643/515
f 5063/643/571 5054/643/571 5051/643/571
f 5050/643/541 5077/643/541 5061/643/541
f 5058/643/545 5070/643/545 5055/643/545
f 5062/643/516 5074/643/516 5057/643/516
f 5071/643/519 5078/643/519 5067/643/519
f 5086/643/515 5084/643/515 5083/643/515
f 5084/643/571 5085/643/571 5081/643/571
f 5093/643/573 5084/643/573 5082/643/573
f 5096/643/541 5083/643/541 5084/643/541
f 5091/643/516 5096/643/516 5092/643/516
f 5096/643/564 5089/643/564 5092/643/564
f 5091/643/545 5088/643/545 5086/643/545
f 5092/643/564 5087/643/564 5088/643/564
f 5110/643/566 5100/643/566 5099/643/566
f 5112/643/519 5097/643/519 5100/643/519
f 5101/643/570 5100/643/570 5098/643/570
f 5104/643/515 5099/643/515 5100/643/515
f 5105/643/567 5104/643/567 5102/643/567
f 5108/643/545 5103/643/545 5104/643/545
f 5111/643/519 5108/643/519 5106/643/519
f 5108/643/516 5110/643/516 5107/643/516
f 5098/643/541 5084/643/541 5081/643/541
f 5100/643/515 5082/643/515 5084/643/515
f 5102/643/515 5088/643/515 5087/643/515
f 5104/643/538 5085/643/538 5088/643/538
f 5106/643/568 5092/643/568 5089/643/568
f 5092/643/516 5105/643/516 5090/643/516
f 5093/643/516 5112/643/516 5096/643/516
f 5096/643/566 5111/643/566 5094/643/566
f 5081/643/515 5101/643/515 5098/643/515
f 5095/643/571 5086/643/571 5083/643/571
f 5082/643/541 5109/643/541 5093/643/541
f 5090/643/545 5102/643/545 5087/643/545
f 5094/643/516 5106/643/516 5089/643/516
f 5103/643/519 5110/643/519 5099/643/519
f 5118/643/515 5116/643/515 5115/643/515
f 5116/643/564 5117/643/564 5113/643/564
f 5125/643/573 5116/643/573 5114/643/573
f 5128/643/541 5115/643/541 5116/643/541
f 5123/643/516 5128/643/516 5124/643/516
f 5128/643/565 5121/643/565 5124/643/565
f 5123/643/545 5120/643/545 5118/643/545
f 5124/643/573 5119/643/573 5120/643/573
f 5142/643/566 5132/643/566 5131/643/566
f 5144/643/567 5129/643/567 5132/643/567
f 5133/643/519 5132/643/519 5130/643/519
f 5136/643/515 5131/643/515 5132/643/515
f 5137/643/567 5136/643/567 5134/643/567
f 5140/643/538 5135/643/538 5136/643/538
f 5143/643/567 5140/643/567 5138/643/567
f 5140/643/516 5142/643/516 5139/643/516
f 5130/643/566 5116/643/566 5113/643/566
f 5132/643/515 5114/643/515 5116/643/515
f 5134/643/515 5120/643/515 5119/643/515
f 5136/643/538 5117/643/538 5120/643/538
f 5138/643/538 5124/643/538 5121/643/538
f 5124/643/516 5137/643/516 5122/643/516
f 5125/643/516 5144/643/516 5128/643/516
f 5128/643/541 5143/643/541 5126/643/541
f 5113/643/515 5133/643/515 5130/643/515
f 5127/643/571 5118/643/571 5115/643/571
f 5114/643/541 5141/643/541 5125/643/541
f 5122/643/545 5134/643/545 5119/643/545
f 5126/643/516 5138/643/516 5121/643/516
f 5135/643/519 5142/643/519 5131/643/519
f 5150/643/515 5148/643/515 5147/643/515
f 5148/643/565 5149/643/565 5145/643/565
f 5157/643/573 5148/643/573 5146/643/573
f 5160/643/541 5147/643/541 5148/643/541
f 5155/643/516 5160/643/516 5156/643/516
f 5160/643/565 5153/643/565 5156/643/565
f 5155/643/545 5152/643/545 5150/643/545
f 5156/643/573 5151/643/573 5152/643/573
f 5174/643/566 5164/643/566 5163/643/566
f 5176/643/567 5161/643/567 5164/643/567
f 5165/643/567 5164/643/567 5162/643/567
f 5168/643/515 5163/643/515 5164/643/515
f 5169/643/567 5168/643/567 5166/643/567
f 5172/643/538 5167/643/538 5168/643/538
f 5175/643/519 5172/643/519 5170/643/519
f 5172/643/516 5174/643/516 5171/643/516
f 5162/643/541 5148/643/541 5145/643/541
f 5164/643/515 5146/643/515 5148/643/515
f 5166/643/515 5152/643/515 5151/643/515
f 5168/643/538 5149/643/538 5152/643/538
f 5170/643/545 5156/643/545 5153/643/545
f 5156/643/563 5169/643/563 5154/643/563
f 5157/643/516 5176/643/516 5160/643/516
f 5160/643/566 5175/643/566 5158/643/566
f 5145/643/515 5165/643/515 5162/643/515
f 5159/643/571 5150/643/571 5147/643/571
f 5146/643/541 5173/643/541 5157/643/541
f 5154/643/545 5166/643/545 5151/643/545
f 5158/643/516 5170/643/516 5153/643/516
f 5167/643/519 5174/643/519 5163/643/519
f 5182/643/515 5180/643/515 5179/643/515
f 5180/643/564 5181/643/564 5177/643/564
f 5189/643/573 5180/643/573 5178/643/573
f 5192/643/541 5179/643/541 5180/643/541
f 5187/643/516 5192/643/516 5188/643/516
f 5192/643/565 5185/643/565 5188/643/565
f 5187/643/545 5184/643/545 5182/643/545
f 5188/643/573 5183/643/573 5184/643/573
f 5206/643/566 5196/643/566 5195/643/566
f 5208/643/567 5193/643/567 5196/643/567
f 5197/643/519 5196/643/519 5194/643/519
f 5200/643/515 5195/643/515 5196/643/515
f 5201/643/567 5200/643/567 5198/643/567
f 5204/643/538 5199/643/538 5200/643/538
f 5207/643/519 5204/643/519 5202/643/519
f 5204/643/516 5206/643/516 5203/643/516
f 5194/643/566 5180/643/566 5177/643/566
f 5196/643/515 5178/643/515 5180/643/515
f 5198/643/515 5184/643/515 5183/643/515
f 5200/643/538 5181/643/538 5184/643/538
f 5202/643/545 5188/643/545 5185/643/545
f 5188/643/563 5201/643/563 5186/643/563
f 5189/643/516 5208/643/516 5192/643/516
f 5192/643/566 5207/643/566 5190/643/566
f 5177/643/515 5197/643/515 5194/643/515
f 5191/643/571 5182/643/571 5179/643/571
f 5178/643/541 5205/643/541 5189/643/541
f 5186/643/545 5198/643/545 5183/643/545
f 5190/643/516 5202/643/516 5185/643/516
f 5199/643/519 5206/643/519 5195/643/519
f 5214/643/515 5212/643/515 5211/643/515
f 5216/643/571 5209/643/571 5212/643/571
f 5221/643/564 5212/643/564 5210/643/564
f 5224/643/541 5211/643/541 5212/643/541
f 5219/643/516 5224/643/516 5220/643/516
f 5224/643/564 5217/643/564 5220/643/564
f 5219/643/545 5216/643/545 5214/643/545
f 5220/643/564 5215/643/564 5216/643/564
f 5238/643/566 5228/643/566 5227/643/566
f 5240/643/519 5225/643/519 5228/643/519
f 5229/643/570 5228/643/570 5226/643/570
f 5232/643/515 5227/643/515 5228/643/515
f 5233/643/519 5232/643/519 5230/643/519
f 5236/643/545 5231/643/545 5232/643/545
f 5239/643/519 5236/643/519 5234/643/519
f 5236/643/516 5238/643/516 5235/643/516
f 5226/643/541 5212/643/541 5209/643/541
f 5228/643/515 5210/643/515 5212/643/515
f 5230/643/515 5216/643/515 5215/643/515
f 5232/643/568 5213/643/568 5216/643/568
f 5234/643/545 5220/643/545 5217/643/545
f 5220/643/516 5233/643/516 5218/643/516
f 5221/643/516 5240/643/516 5224/643/516
f 5240/643/541 5222/643/541 5224/643/541
f 5209/643/515 5229/643/515 5226/643/515
f 5223/643/564 5214/643/564 5211/643/564
f 5210/643/566 5237/643/566 5221/643/566
f 5218/643/545 5230/643/545 5215/643/545
f 5222/643/516 5234/643/516 5217/643/516
f 5231/643/570 5238/643/570 5227/643/570
f 5246/643/515 5244/643/515 5243/643/515
f 5248/643/564 5241/643/564 5244/643/564
f 5253/643/565 5244/643/565 5242/643/565
f 5256/643/541 5243/643/541 5244/643/541
f 5251/643/516 5256/643/516 5252/643/516
f 5256/643/565 5249/643/565 5252/643/565
f 5251/643/545 5248/643/545 5246/643/545
f 5252/643/564 5247/643/564 5248/643/564
f 5270/643/541 5260/643/541 5259/643/541
f 5272/643/567 5257/643/567 5260/643/567
f 5261/643/519 5260/643/519 5258/643/519
f 5264/643/515 5259/643/515 5260/643/515
f 5265/643/519 5264/643/519 5262/643/519
f 5268/643/538 5263/643/538 5264/643/538
f 5271/643/567 5268/643/567 5266/643/567
f 5268/643/516 5270/643/516 5267/643/516
f 5258/643/566 5244/643/566 5241/643/566
f 5260/643/515 5242/643/515 5244/643/515
f 5262/643/515 5248/643/515 5247/643/515
f 5264/643/538 5245/643/538 5248/643/538
f 5266/643/538 5252/643/538 5249/643/538
f 5252/643/516 5265/643/516 5250/643/516
f 5253/643/516 5272/643/516 5256/643/516
f 5272/643/541 5254/643/541 5256/643/541
f 5241/643/515 5261/643/515 5258/643/515
f 5255/643/564 5246/643/564 5243/643/564
f 5242/643/566 5269/643/566 5253/643/566
f 5250/643/545 5262/643/545 5247/643/545
f 5254/643/516 5266/643/516 5249/643/516
f 5263/643/570 5270/643/570 5259/643/570
f 5278/643/515 5276/643/515 5275/643/515
f 5280/643/565 5273/643/565 5276/643/565
f 5285/643/565 5276/643/565 5274/643/565
f 5288/643/541 5275/643/541 5276/643/541
f 5283/643/516 5288/643/516 5284/643/516
f 5288/643/565 5281/643/565 5284/643/565
f 5283/643/545 5280/643/545 5278/643/545
f 5284/643/564 5279/643/564 5280/643/564
f 5302/643/541 5292/643/541 5291/643/541
f 5304/643/567 5289/643/567 5292/643/567
f 5293/643/567 5292/643/567 5290/643/567
f 5296/643/515 5291/643/515 5292/643/515
f 5297/643/519 5296/643/519 5294/643/519
f 5300/643/538 5295/643/538 5296/643/538
f 5303/643/519 5300/643/519 5298/643/519
f 5300/643/516 5302/643/516 5299/643/516
f 5290/643/541 5276/643/541 5273/643/541
f 5292/643/515 5274/643/515 5276/643/515
f 5294/643/515 5280/643/515 5279/643/515
f 5296/643/538 5277/643/538 5280/643/538
f 5298/643/545 5284/643/545 5281/643/545
f 5284/643/563 5297/643/563 5282/643/563
f 5285/643/516 5304/643/516 5288/643/516
f 5304/643/541 5286/643/541 5288/643/541
f 5273/643/515 5293/643/515 5290/643/515
f 5287/643/564 5278/643/564 5275/643/564
f 5274/643/566 5301/643/566 5285/643/566
f 5282/643/545 5294/643/545 5279/643/545
f 5286/643/516 5298/643/516 5281/643/516
f 5295/643/570 5302/643/570 5291/643/570
f 5310/643/515 5308/643/515 5307/643/515
f 5312/643/565 5305/643/565 5308/643/565
f 5317/643/565 5308/643/565 5306/643/565
f 5320/643/541 5307/643/541 5308/643/541
f 5315/643/516 5320/643/516 5316/643/516
f 5320/643/565 5313/643/565 5316/643/565
f 5315/643/545 5312/643/545 5310/643/545
f 5316/643/564 5311/643/564 5312/643/564
f 5334/643/541 5324/643/541 5323/643/541
f 5336/643/567 5321/643/567 5324/643/567
f 5325/643/519 5324/643/519 5322/643/519
f 5328/643/515 5323/643/515 5324/643/515
f 5329/643/519 5328/643/519 5326/643/519
f 5332/643/538 5327/643/538 5328/643/538
f 5335/643/519 5332/643/519 5330/643/519
f 5332/643/516 5334/643/516 5331/643/516
f 5322/643/566 5308/643/566 5305/643/566
f 5324/643/515 5306/643/515 5308/643/515
f 5326/643/515 5312/643/515 5311/643/515
f 5328/643/538 5309/643/538 5312/643/538
f 5330/643/545 5316/643/545 5313/643/545
f 5316/643/563 5329/643/563 5314/643/563
f 5317/643/516 5336/643/516 5320/643/516
f 5336/643/541 5318/643/541 5320/643/541
f 5305/643/515 5325/643/515 5322/643/515
f 5319/643/564 5310/643/564 5307/643/564
f 5306/643/566 5333/643/566 5317/643/566
f 5314/643/545 5326/643/545 5311/643/545
f 5318/643/516 5330/643/516 5313/643/516
f 5327/643/570 5334/643/570 5323/643/570
f 5342/643/515 5340/643/515 5339/643/515
f 5344/643/571 5337/643/571 5340/643/571
f 5349/643/564 5340/643/564 5338/643/564
f 5352/643/541 5339/643/541 5340/643/541
f 5347/643/516 5352/643/516 5348/643/516
f 5352/643/564 5345/643/564 5348/643/564
f 5347/643/545 5344/643/545 5342/643/545
f 5348/643/565 5343/643/565 5344/643/565
f 5366/643/566 5356/643/566 5355/643/566
f 5368/643/519 5353/643/519 5356/643/519
f 5357/643/570 5356/643/570 5354/643/570
f 5360/643/515 5355/643/515 5356/643/515
f 5361/643/567 5360/643/567 5358/643/567
f 5364/643/545 5359/643/545 5360/643/545
f 5367/643/519 5364/643/519 5362/643/519
f 5364/643/516 5366/643/516 5363/643/516
f 5354/643/541 5340/643/541 5337/643/541
f 5356/643/515 5338/643/515 5340/643/515
f 5358/643/515 5344/643/515 5343/643/515
f 5360/643/568 5341/643/568 5344/643/568
f 5362/643/545 5348/643/545 5345/643/545
f 5348/643/516 5361/643/516 5346/643/516
f 5349/643/516 5368/643/516 5352/643/516
f 5368/643/541 5350/643/541 5352/643/541
f 5337/643/515 5357/643/515 5354/643/515
f 5351/643/564 5342/643/564 5339/643/564
f 5338/643/541 5365/643/541 5349/643/541
f 5346/643/545 5358/643/545 5343/643/545
f 5350/643/516 5362/643/516 5345/643/516
f 5359/643/519 5366/643/519 5355/643/519
f 5374/643/515 5372/643/515 5371/643/515
f 5376/643/564 5369/643/564 5372/643/564
f 5381/643/565 5372/643/565 5370/643/565
f 5384/643/541 5371/643/541 5372/643/541
f 5379/643/516 5384/643/516 5380/643/516
f 5384/643/565 5377/643/565 5380/643/565
f 5379/643/545 5376/643/545 5374/643/545
f 5380/643/565 5375/643/565 5376/643/565
f 5398/643/566 5388/643/566 5387/643/566
f 5400/643/567 5385/643/567 5388/643/567
f 5389/643/519 5388/643/519 5386/643/519
f 5392/643/515 5387/643/515 5388/643/515
f 5393/643/567 5392/643/567 5390/643/567
f 5396/643/538 5391/643/538 5392/643/538
f 5399/643/567 5396/643/567 5394/643/567
f 5396/643/516 5398/643/516 5395/643/516
f 5386/643/566 5372/643/566 5369/643/566
f 5388/643/515 5370/643/515 5372/643/515
f 5390/643/515 5376/643/515 5375/643/515
f 5392/643/538 5373/643/538 5376/643/538
f 5394/643/538 5380/643/538 5377/643/538
f 5380/643/516 5393/643/516 5378/643/516
f 5381/643/516 5400/643/516 5384/643/516
f 5400/643/541 5382/643/541 5384/643/541
f 5369/643/515 5389/643/515 5386/643/515
f 5383/643/564 5374/643/564 5371/643/564
f 5370/643/541 5397/643/541 5381/643/541
f 5378/643/545 5390/643/545 5375/643/545
f 5382/643/516 5394/643/516 5377/643/516
f 5391/643/519 5398/643/519 5387/643/519
f 5406/643/515 5404/643/515 5403/643/515
f 5408/643/565 5401/643/565 5404/643/565
f 5413/643/565 5404/643/565 5402/643/565
f 5416/643/541 5403/643/541 5404/643/541
f 5411/643/516 5416/643/516 5412/643/516
f 5416/643/565 5409/643/565 5412/643/565
f 5411/643/545 5408/643/545 5406/643/545
f 5412/643/565 5407/643/565 5408/643/565
f 5430/643/566 5420/643/566 5419/643/566
f 5432/643/567 5417/643/567 5420/643/567
f 5421/643/567 5420/643/567 5418/643/567
f 5424/643/515 5419/643/515 5420/643/515
f 5425/643/567 5424/643/567 5422/643/567
f 5428/643/538 5423/643/538 5424/643/538
f 5431/643/519 5428/643/519 5426/643/519
f 5428/643/516 5430/643/516 5427/643/516
f 5418/643/541 5404/643/541 5401/643/541
f 5420/643/515 5402/643/515 5404/643/515
f 5422/643/515 5408/643/515 5407/643/515
f 5424/643/538 5405/643/538 5408/643/538
f 5426/643/545 5412/643/545 5409/643/545
f 5412/643/563 5425/643/563 5410/643/563
f 5413/643/516 5432/643/516 5416/643/516
f 5432/643/541 5414/643/541 5416/643/541
f 5401/643/515 5421/643/515 5418/643/515
f 5415/643/564 5406/643/564 5403/643/564
f 5402/643/541 5429/643/541 5413/643/541
f 5410/643/545 5422/643/545 5407/643/545
f 5414/643/516 5426/643/516 5409/643/516
f 5423/643/519 5430/643/519 5419/643/519
f 5438/643/515 5436/643/515 5435/643/515
f 5440/643/565 5433/643/565 5436/643/565
f 5445/643/565 5436/643/565 5434/643/565
f 5448/643/541 5435/643/541 5436/643/541
f 5443/643/516 5448/643/516 5444/643/516
f 5448/643/565 5441/643/565 5444/643/565
f 5443/643/545 5440/643/545 5438/643/545
f 5444/643/565 5439/643/565 5440/643/565
f 5462/643/566 5452/643/566 5451/643/566
f 5464/643/567 5449/643/567 5452/643/567
f 5453/643/519 5452/643/519 5450/643/519
f 5456/643/515 5451/643/515 5452/643/515
f 5457/643/567 5456/643/567 5454/643/567
f 5460/643/538 5455/643/538 5456/643/538
f 5463/643/519 5460/643/519 5458/643/519
f 5460/643/516 5462/643/516 5459/643/516
f 5450/643/566 5436/643/566 5433/643/566
f 5452/643/515 5434/643/515 5436/643/515
f 5454/643/515 5440/643/515 5439/643/515
f 5456/643/538 5437/643/538 5440/643/538
f 5458/643/545 5444/643/545 5441/643/545
f 5444/643/563 5457/643/563 5442/643/563
f 5445/643/516 5464/643/516 5448/643/516
f 5464/643/541 5446/643/541 5448/643/541
f 5433/643/515 5453/643/515 5450/643/515
f 5447/643/564 5438/643/564 5435/643/564
f 5434/643/541 5461/643/541 5445/643/541
f 5442/643/545 5454/643/545 5439/643/545
f 5446/643/516 5458/643/516 5441/643/516
f 5455/643/519 5462/643/519 5451/643/519
f 5470/643/515 5468/643/515 5467/643/515
f 5472/643/571 5465/643/571 5468/643/571
f 5477/643/573 5468/643/573 5466/643/573
f 5480/643/541 5467/643/541 5468/643/541
f 5475/643/516 5480/643/516 5476/643/516
f 5480/643/564 5473/643/564 5476/643/564
f 5475/643/545 5472/643/545 5470/643/545
f 5476/643/564 5471/643/564 5472/643/564
f 5494/643/566 5484/643/566 5483/643/566
f 5496/643/572 5481/643/572 5484/643/572
f 5485/643/570 5484/643/570 5482/643/570
f 5488/643/515 5483/643/515 5484/643/515
f 5489/643/519 5488/643/519 5486/643/519
f 5492/643/545 5487/643/545 5488/643/545
f 5495/643/519 5492/643/519 5490/643/519
f 5492/643/516 5494/643/516 5491/643/516
f 5482/643/541 5468/643/541 5465/643/541
f 5484/643/515 5466/643/515 5468/643/515
f 5486/643/515 5472/643/515 5471/643/515
f 5488/643/568 5469/643/568 5472/643/568
f 5490/643/545 5476/643/545 5473/643/545
f 5476/643/516 5489/643/516 5474/643/516
f 5477/643/516 5496/643/516 5480/643/516
f 5496/643/541 5478/643/541 5480/643/541
f 5465/643/515 5485/643/515 5482/643/515
f 5479/643/564 5470/643/564 5467/643/564
f 5466/643/541 5493/643/541 5477/643/541
f 5474/643/545 5486/643/545 5471/643/545
f 5478/643/516 5490/643/516 5473/643/516
f 5487/643/519 5494/643/519 5483/643/519
f 5502/643/515 5500/643/515 5499/643/515
f 5504/643/564 5497/643/564 5500/643/564
f 5509/643/564 5500/643/564 5498/643/564
f 5512/643/541 5499/643/541 5500/643/541
f 5507/643/516 5512/643/516 5508/643/516
f 5512/643/565 5505/643/565 5508/643/565
f 5507/643/545 5504/643/545 5502/643/545
f 5508/643/564 5503/643/564 5504/643/564
f 5526/643/566 5516/643/566 5515/643/566
f 5528/643/519 5513/643/519 5516/643/519
f 5517/643/519 5516/643/519 5514/643/519
f 5520/643/515 5515/643/515 5516/643/515
f 5521/643/519 5520/643/519 5518/643/519
f 5524/643/538 5519/643/538 5520/643/538
f 5527/643/567 5524/643/567 5522/643/567
f 5524/643/516 5526/643/516 5523/643/516
f 5514/643/566 5500/643/566 5497/643/566
f 5516/643/515 5498/643/515 5500/643/515
f 5518/643/515 5504/643/515 5503/643/515
f 5520/643/538 5501/643/538 5504/643/538
f 5522/643/538 5508/643/538 5505/643/538
f 5508/643/516 5521/643/516 5506/643/516
f 5509/643/516 5528/643/516 5512/643/516
f 5528/643/541 5510/643/541 5512/643/541
f 5497/643/515 5517/643/515 5514/643/515
f 5511/643/564 5502/643/564 5499/643/564
f 5498/643/541 5525/643/541 5509/643/541
f 5506/643/545 5518/643/545 5503/643/545
f 5510/643/516 5522/643/516 5505/643/516
f 5519/643/519 5526/643/519 5515/643/519
f 5534/643/515 5532/643/515 5531/643/515
f 5536/643/565 5529/643/565 5532/643/565
f 5541/643/564 5532/643/564 5530/643/564
f 5544/643/541 5531/643/541 5532/643/541
f 5539/643/516 5544/643/516 5540/643/516
f 5544/643/565 5537/643/565 5540/643/565
f 5539/643/545 5536/643/545 5534/643/545
f 5540/643/564 5535/643/564 5536/643/564
f 5558/643/566 5548/643/566 5547/643/566
f 5560/643/519 5545/643/519 5548/643/519
f 5549/643/567 5548/643/567 5546/643/567
f 5552/643/515 5547/643/515 5548/643/515
f 5553/643/519 5552/643/519 5550/643/519
f 5556/643/538 5551/643/538 5552/643/538
f 5559/643/519 5556/643/519 5554/643/519
f 5556/643/516 5558/643/516 5555/643/516
f 5546/643/541 5532/643/541 5529/643/541
f 5548/643/515 5530/643/515 5532/643/515
f 5550/643/515 5536/643/515 5535/643/515
f 5552/643/538 5533/643/538 5536/643/538
f 5554/643/545 5540/643/545 5537/643/545
f 5540/643/563 5553/643/563 5538/643/563
f 5541/643/516 5560/643/516 5544/643/516
f 5560/643/541 5542/643/541 5544/643/541
f 5529/643/515 5549/643/515 5546/643/515
f 5543/643/564 5534/643/564 5531/643/564
f 5530/643/541 5557/643/541 5541/643/541
f 5538/643/545 5550/643/545 5535/643/545
f 5542/643/516 5554/643/516 5537/643/516
f 5551/643/519 5558/643/519 5547/643/519
f 5566/643/515 5564/643/515 5563/643/515
f 5568/643/565 5561/643/565 5564/643/565
f 5573/643/564 5564/643/564 5562/643/564
f 5576/643/541 5563/643/541 5564/643/541
f 5571/643/516 5576/643/516 5572/643/516
f 5576/643/565 5569/643/565 5572/643/565
f 5571/643/545 5568/643/545 5566/643/545
f 5572/643/564 5567/643/564 5568/643/564
f 5590/643/566 5580/643/566 5579/643/566
f 5592/643/519 5577/643/519 5580/643/519
f 5581/643/519 5580/643/519 5578/643/519
f 5584/643/515 5579/643/515 5580/643/515
f 5585/643/519 5584/643/519 5582/643/519
f 5588/643/538 5583/643/538 5584/643/538
f 5591/643/519 5588/643/519 5586/643/519
f 5588/643/516 5590/643/516 5587/643/516
f 5578/643/566 5564/643/566 5561/643/566
f 5580/643/515 5562/643/515 5564/643/515
f 5582/643/515 5568/643/515 5567/643/515
f 5584/643/538 5565/643/538 5568/643/538
f 5586/643/545 5572/643/545 5569/643/545
f 5572/643/563 5585/643/563 5570/643/563
f 5573/643/516 5592/643/516 5576/643/516
f 5592/643/541 5574/643/541 5576/643/541
f 5561/643/515 5581/643/515 5578/643/515
f 5575/643/564 5566/643/564 5563/643/564
f 5562/643/541 5589/643/541 5573/643/541
f 5570/643/545 5582/643/545 5567/643/545
f 5574/643/516 5586/643/516 5569/643/516
f 5583/643/519 5590/643/519 5579/643/519
f 3730/643/515 3731/643/515 3727/643/515
f 3727/643/515 3728/643/515 3730/643/515
f 3733/643/516 3732/643/516 3735/643/516
f 3732/643/516 3736/643/516 3735/643/516
f 3732/643/517 3733/643/517 3728/643/517
f 3733/643/518 3734/643/518 3729/643/518
f 3734/643/519 3735/643/519 3730/643/519
f 3735/643/520 3736/643/520 3731/643/520
f 3736/643/521 3732/643/521 3727/643/521
f 3803/643/515 3806/643/515 3808/643/515
f 3804/643/553 3808/643/553 3805/643/553
f 3813/643/554 3816/643/554 3804/643/554
f 3816/643/531 3815/643/531 3803/643/531
f 3815/643/516 3816/643/516 3812/643/516
f 3816/643/520 3814/643/520 3809/643/520
f 3811/643/552 3812/643/552 3808/643/552
f 3812/643/554 3810/643/554 3807/643/554
f 3830/643/531 3832/643/531 3820/643/531
f 3832/643/551 3829/643/551 3817/643/551
f 3821/643/556 3824/643/556 3820/643/556
f 3820/643/515 3824/643/515 3823/643/515
f 3825/643/551 3828/643/551 3824/643/551
f 3828/643/552 3827/643/552 3823/643/552
f 3826/643/550 3831/643/550 3832/643/550
f 3832/643/516 3830/643/516 3827/643/516
f 3801/643/531 3818/643/531 3820/643/531
f 3804/643/515 3820/643/515 3817/643/515
f 3807/643/515 3822/643/515 3824/643/515
f 3824/643/552 3821/643/552 3805/643/552
f 3826/643/552 3828/643/552 3812/643/552
f 3828/643/516 3825/643/516 3810/643/516
f 3829/643/516 3832/643/516 3816/643/516
f 3832/643/547 3831/643/547 3814/643/547
f 3805/643/515 3821/643/515 3818/643/515
f 3815/643/520 3811/643/520 3806/643/520
f 3802/643/544 3817/643/544 3829/643/544
f 3810/643/543 3825/643/543 3822/643/543
f 3809/643/516 3814/643/516 3831/643/516
f 3823/643/556 3827/643/556 3830/643/556
f 3835/643/515 3838/643/515 3840/643/515
f 3836/643/520 3840/643/520 3837/643/520
f 3845/643/554 3848/643/554 3836/643/554
f 3848/643/531 3847/643/531 3835/643/531
f 3847/643/516 3848/643/516 3844/643/516
f 3848/643/520 3846/643/520 3841/643/520
f 3843/643/552 3844/643/552 3840/643/552
f 3844/643/554 3842/643/554 3839/643/554
f 3862/643/531 3864/643/531 3852/643/531
f 3864/643/551 3861/643/551 3849/643/551
f 3853/643/550 3856/643/550 3852/643/550
f 3852/643/515 3856/643/515 3855/643/515
f 3857/643/551 3860/643/551 3856/643/551
f 3860/643/552 3859/643/552 3855/643/552
f 3858/643/550 3863/643/550 3864/643/550
f 3864/643/563 3862/643/563 3859/643/563
f 3833/643/547 3850/643/547 3852/643/547
f 3836/643/515 3852/643/515 3849/643/515
f 3839/643/515 3854/643/515 3856/643/515
f 3856/643/543 3853/643/543 3837/643/543
f 3858/643/552 3860/643/552 3844/643/552
f 3860/643/516 3857/643/516 3842/643/516
f 3861/643/516 3864/643/516 3848/643/516
f 3864/643/531 3863/643/531 3846/643/531
f 3837/643/515 3853/643/515 3850/643/515
f 3847/643/520 3843/643/520 3838/643/520
f 3834/643/544 3849/643/544 3861/643/544
f 3842/643/543 3857/643/543 3854/643/543
f 3841/643/516 3846/643/516 3863/643/516
f 3855/643/556 3859/643/556 3862/643/556
f 3867/643/515 3870/643/515 3872/643/515
f 3868/643/554 3872/643/554 3869/643/554
f 3877/643/554 3880/643/554 3868/643/554
f 3880/643/531 3879/643/531 3867/643/531
f 3879/643/563 3880/643/563 3876/643/563
f 3880/643/520 3878/643/520 3873/643/520
f 3875/643/552 3876/643/552 3872/643/552
f 3876/643/554 3874/643/554 3871/643/554
f 3894/643/531 3896/643/531 3884/643/531
f 3896/643/551 3893/643/551 3881/643/551
f 3885/643/551 3888/643/551 3884/643/551
f 3884/643/515 3888/643/515 3887/643/515
f 3889/643/551 3892/643/551 3888/643/551
f 3892/643/552 3891/643/552 3887/643/552
f 3890/643/550 3895/643/550 3896/643/550
f 3896/643/563 3894/643/563 3891/643/563
f 3865/643/531 3882/643/531 3884/643/531
f 3868/643/515 3884/643/515 3881/643/515
f 3871/643/515 3886/643/515 3888/643/515
f 3888/643/552 3885/643/552 3869/643/552
f 3890/643/552 3892/643/552 3876/643/552
f 3892/643/516 3889/643/516 3874/643/516
f 3893/643/516 3896/643/516 3880/643/516
f 3896/643/547 3895/643/547 3878/643/547
f 3869/643/515 3885/643/515 3882/643/515
f 3879/643/520 3875/643/520 3870/643/520
f 3866/643/544 3881/643/544 3893/643/544
f 3874/643/543 3889/643/543 3886/643/543
f 3873/643/516 3878/643/516 3895/643/516
f 3887/643/556 3891/643/556 3894/643/556
f 3899/643/558 3902/643/558 3904/643/558
f 3900/643/554 3904/643/554 3901/643/554
f 3909/643/554 3912/643/554 3900/643/554
f 3912/643/531 3911/643/531 3899/643/531
f 3911/643/516 3912/643/516 3908/643/516
f 3912/643/520 3910/643/520 3905/643/520
f 3907/643/552 3908/643/552 3904/643/552
f 3908/643/554 3906/643/554 3903/643/554
f 3926/643/531 3928/643/531 3916/643/531
f 3928/643/551 3925/643/551 3913/643/551
f 3917/643/551 3920/643/551 3916/643/551
f 3916/643/558 3920/643/558 3919/643/558
f 3921/643/551 3924/643/551 3920/643/551
f 3924/643/552 3923/643/552 3919/643/552
f 3922/643/550 3927/643/550 3928/643/550
f 3928/643/575 3926/643/575 3923/643/575
f 3897/643/547 3914/643/547 3916/643/547
f 3900/643/515 3916/643/515 3913/643/515
f 3903/643/515 3918/643/515 3920/643/515
f 3920/643/528 3917/643/528 3901/643/528
f 3922/643/552 3924/643/552 3908/643/552
f 3924/643/563 3921/643/563 3906/643/563
f 3925/643/563 3928/643/563 3912/643/563
f 3928/643/547 3927/643/547 3910/643/547
f 3901/643/515 3917/643/515 3914/643/515
f 3911/643/520 3907/643/520 3902/643/520
f 3898/643/544 3913/643/544 3925/643/544
f 3906/643/543 3921/643/543 3918/643/543
f 3905/643/516 3910/643/516 3927/643/516
f 3919/643/556 3923/643/556 3926/643/556
f 3931/643/515 3934/643/515 3936/643/515
f 3932/643/520 3936/643/520 3933/643/520
f 3941/643/561 3944/643/561 3932/643/561
f 3944/643/547 3943/643/547 3931/643/547
f 3943/643/516 3944/643/516 3940/643/516
f 3944/643/520 3942/643/520 3937/643/520
f 3939/643/552 3940/643/552 3936/643/552
f 3940/643/561 3938/643/561 3935/643/561
f 3958/643/531 3960/643/531 3948/643/531
f 3960/643/551 3957/643/551 3945/643/551
f 3946/643/556 3949/643/556 3952/643/556
f 3948/643/515 3952/643/515 3951/643/515
f 3953/643/551 3956/643/551 3952/643/551
f 3956/643/528 3955/643/528 3951/643/528
f 3959/643/550 3960/643/550 3956/643/550
f 3960/643/516 3958/643/516 3955/643/516
f 3929/643/531 3946/643/531 3948/643/531
f 3932/643/515 3948/643/515 3945/643/515
f 3935/643/515 3950/643/515 3952/643/515
f 3936/643/552 3952/643/552 3949/643/552
f 3954/643/552 3956/643/552 3940/643/552
f 3956/643/516 3953/643/516 3938/643/516
f 3957/643/516 3960/643/516 3944/643/516
f 3960/643/547 3959/643/547 3942/643/547
f 3933/643/515 3949/643/515 3946/643/515
f 3943/643/520 3939/643/520 3934/643/520
f 3930/643/544 3945/643/544 3957/643/544
f 3938/643/552 3953/643/552 3950/643/552
f 3937/643/516 3942/643/516 3959/643/516
f 3951/643/550 3955/643/550 3958/643/550
f 3963/643/515 3966/643/515 3968/643/515
f 3964/643/554 3968/643/554 3965/643/554
f 3973/643/561 3976/643/561 3964/643/561
f 3976/643/547 3975/643/547 3963/643/547
f 3975/643/516 3976/643/516 3972/643/516
f 3976/643/520 3974/643/520 3969/643/520
f 3971/643/552 3972/643/552 3968/643/552
f 3972/643/561 3970/643/561 3967/643/561
f 3990/643/531 3992/643/531 3980/643/531
f 3992/643/551 3989/643/551 3977/643/551
f 3978/643/550 3981/643/550 3984/643/550
f 3980/643/515 3984/643/515 3983/643/515
f 3985/643/551 3988/643/551 3984/643/551
f 3988/643/528 3987/643/528 3983/643/528
f 3991/643/551 3992/643/551 3988/643/551
f 3992/643/516 3990/643/516 3987/643/516
f 3961/643/547 3978/643/547 3980/643/547
f 3964/643/515 3980/643/515 3977/643/515
f 3967/643/515 3982/643/515 3984/643/515
f 3968/643/552 3984/643/552 3981/643/552
f 3986/643/528 3988/643/528 3972/643/528
f 3988/643/516 3985/643/516 3970/643/516
f 3989/643/516 3992/643/516 3976/643/516
f 3992/643/531 3991/643/531 3974/643/531
f 3965/643/515 3981/643/515 3978/643/515
f 3975/643/520 3971/643/520 3966/643/520
f 3962/643/544 3977/643/544 3989/643/544
f 3970/643/552 3985/643/552 3982/643/552
f 3969/643/516 3974/643/516 3991/643/516
f 3983/643/550 3987/643/550 3990/643/550
f 3995/643/515 3998/643/515 4000/643/515
f 3996/643/554 4000/643/554 3997/643/554
f 4005/643/561 4008/643/561 3996/643/561
f 4008/643/547 4007/643/547 3995/643/547
f 4007/643/563 4008/643/563 4004/643/563
f 4008/643/520 4006/643/520 4001/643/520
f 4003/643/552 4004/643/552 4000/643/552
f 4004/643/561 4002/643/561 3999/643/561
f 4022/643/531 4024/643/531 4012/643/531
f 4024/643/551 4021/643/551 4009/643/551
f 4010/643/551 4013/643/551 4016/643/551
f 4012/643/515 4016/643/515 4015/643/515
f 4017/643/551 4020/643/551 4016/643/551
f 4020/643/528 4019/643/528 4015/643/528
f 4023/643/551 4024/643/551 4020/643/551
f 4024/643/516 4022/643/516 4019/643/516
f 3993/643/531 4010/643/531 4012/643/531
f 3996/643/515 4012/643/515 4009/643/515
f 3999/643/515 4014/643/515 4016/643/515
f 4000/643/528 4016/643/528 4013/643/528
f 4018/643/552 4020/643/552 4004/643/552
f 4020/643/516 4017/643/516 4002/643/516
f 4021/643/516 4024/643/516 4008/643/516
f 4024/643/547 4023/643/547 4006/643/547
f 3997/643/515 4013/643/515 4010/643/515
f 4007/643/520 4003/643/520 3998/643/520
f 3994/643/544 4009/643/544 4021/643/544
f 4002/643/552 4017/643/552 4014/643/552
f 4001/643/516 4006/643/516 4023/643/516
f 4015/643/550 4019/643/550 4022/643/550
f 4027/643/515 4030/643/515 4032/643/515
f 4028/643/554 4032/643/554 4029/643/554
f 4037/643/561 4040/643/561 4028/643/561
f 4040/643/547 4039/643/547 4027/643/547
f 4039/643/516 4040/643/516 4036/643/516
f 4040/643/520 4038/643/520 4033/643/520
f 4035/643/552 4036/643/552 4032/643/552
f 4036/643/561 4034/643/561 4031/643/561
f 4054/643/531 4056/643/531 4044/643/531
f 4056/643/551 4053/643/551 4041/643/551
f 4042/643/550 4045/643/550 4048/643/550
f 4044/643/558 4048/643/558 4047/643/558
f 4049/643/551 4052/643/551 4048/643/551
f 4052/643/528 4051/643/528 4047/643/528
f 4055/643/551 4056/643/551 4052/643/551
f 4056/643/563 4054/643/563 4051/643/563
f 4025/643/547 4042/643/547 4044/643/547
f 4028/643/515 4044/643/515 4041/643/515
f 4031/643/515 4046/643/515 4048/643/515
f 4032/643/552 4048/643/552 4045/643/552
f 4050/643/552 4052/643/552 4036/643/552
f 4052/643/516 4049/643/516 4034/643/516
f 4053/643/563 4056/643/563 4040/643/563
f 4056/643/547 4055/643/547 4038/643/547
f 4029/643/515 4045/643/515 4042/643/515
f 4039/643/520 4035/643/520 4030/643/520
f 4026/643/544 4041/643/544 4053/643/544
f 4034/643/552 4049/643/552 4046/643/552
f 4033/643/516 4038/643/516 4055/643/516
f 4047/643/550 4051/643/550 4054/643/550
f 4059/643/515 4062/643/515 4064/643/515
f 4060/643/553 4064/643/553 4061/643/553
f 4069/643/554 4072/643/554 4060/643/554
f 4072/643/547 4071/643/547 4059/643/547
f 4071/643/516 4072/643/516 4068/643/516
f 4072/643/520 4070/643/520 4065/643/520
f 4067/643/552 4068/643/552 4064/643/552
f 4068/643/554 4066/643/554 4063/643/554
f 4086/643/531 4088/643/531 4076/643/531
f 4088/643/551 4085/643/551 4073/643/551
f 4074/643/556 4077/643/556 4080/643/556
f 4076/643/515 4080/643/515 4079/643/515
f 4081/643/551 4084/643/551 4080/643/551
f 4084/643/528 4083/643/528 4079/643/528
f 4087/643/550 4088/643/550 4084/643/550
f 4088/643/516 4086/643/516 4083/643/516
f 4057/643/531 4074/643/531 4076/643/531
f 4060/643/515 4076/643/515 4073/643/515
f 4063/643/515 4078/643/515 4080/643/515
f 4064/643/552 4080/643/552 4077/643/552
f 4082/643/552 4084/643/552 4068/643/552
f 4084/643/516 4081/643/516 4066/643/516
f 4085/643/516 4088/643/516 4072/643/516
f 4088/643/547 4087/643/547 4070/643/547
f 4061/643/515 4077/643/515 4074/643/515
f 4071/643/553 4067/643/553 4062/643/553
f 4058/643/531 4073/643/531 4085/643/531
f 4066/643/528 4081/643/528 4078/643/528
f 4065/643/516 4070/643/516 4087/643/516
f 4079/643/550 4083/643/550 4086/643/550
f 4091/643/515 4094/643/515 4096/643/515
f 4092/643/520 4096/643/520 4093/643/520
f 4101/643/554 4104/643/554 4092/643/554
f 4104/643/547 4103/643/547 4091/643/547
f 4103/643/516 4104/643/516 4100/643/516
f 4104/643/554 4102/643/554 4097/643/554
f 4099/643/552 4100/643/552 4096/643/552
f 4100/643/554 4098/643/554 4095/643/554
f 4118/643/531 4120/643/531 4108/643/531
f 4120/643/551 4117/643/551 4105/643/551
f 4106/643/550 4109/643/550 4112/643/550
f 4108/643/515 4112/643/515 4111/643/515
f 4113/643/551 4116/643/551 4112/643/551
f 4116/643/528 4115/643/528 4111/643/528
f 4119/643/551 4120/643/551 4116/643/551
f 4120/643/563 4118/643/563 4115/643/563
f 4089/643/547 4106/643/547 4108/643/547
f 4092/643/515 4108/643/515 4105/643/515
f 4095/643/515 4110/643/515 4112/643/515
f 4096/643/552 4112/643/552 4109/643/552
f 4114/643/528 4116/643/528 4100/643/528
f 4116/643/516 4113/643/516 4098/643/516
f 4117/643/516 4120/643/516 4104/643/516
f 4120/643/531 4119/643/531 4102/643/531
f 4093/643/515 4109/643/515 4106/643/515
f 4103/643/553 4099/643/553 4094/643/553
f 4090/643/531 4105/643/531 4117/643/531
f 4098/643/528 4113/643/528 4110/643/528
f 4097/643/516 4102/643/516 4119/643/516
f 4111/643/550 4115/643/550 4118/643/550
f 4123/643/515 4126/643/515 4128/643/515
f 4124/643/554 4128/643/554 4125/643/554
f 4133/643/554 4136/643/554 4124/643/554
f 4136/643/547 4135/643/547 4123/643/547
f 4135/643/516 4136/643/516 4132/643/516
f 4136/643/520 4134/643/520 4129/643/520
f 4131/643/552 4132/643/552 4128/643/552
f 4132/643/554 4130/643/554 4127/643/554
f 4150/643/531 4152/643/531 4140/643/531
f 4152/643/551 4149/643/551 4137/643/551
f 4138/643/551 4141/643/551 4144/643/551
f 4140/643/515 4144/643/515 4143/643/515
f 4145/643/551 4148/643/551 4144/643/551
f 4148/643/528 4147/643/528 4143/643/528
f 4151/643/551 4152/643/551 4148/643/551
f 4152/643/516 4150/643/516 4147/643/516
f 4121/643/531 4138/643/531 4140/643/531
f 4124/643/515 4140/643/515 4137/643/515
f 4127/643/515 4142/643/515 4144/643/515
f 4128/643/528 4144/643/528 4141/643/528
f 4146/643/552 4148/643/552 4132/643/552
f 4148/643/516 4145/643/516 4130/643/516
f 4149/643/563 4152/643/563 4136/643/563
f 4152/643/547 4151/643/547 4134/643/547
f 4125/643/515 4141/643/515 4138/643/515
f 4135/643/553 4131/643/553 4126/643/553
f 4122/643/531 4137/643/531 4149/643/531
f 4130/643/528 4145/643/528 4142/643/528
f 4129/643/516 4134/643/516 4151/643/516
f 4143/643/550 4147/643/550 4150/643/550
f 4155/643/515 4158/643/515 4160/643/515
f 4156/643/554 4160/643/554 4157/643/554
f 4165/643/554 4168/643/554 4156/643/554
f 4168/643/547 4167/643/547 4155/643/547
f 4167/643/516 4168/643/516 4164/643/516
f 4168/643/520 4166/643/520 4161/643/520
f 4163/643/552 4164/643/552 4160/643/552
f 4164/643/554 4162/643/554 4159/643/554
f 4182/643/531 4184/643/531 4172/643/531
f 4184/643/551 4181/643/551 4169/643/551
f 4170/643/550 4173/643/550 4176/643/550
f 4172/643/558 4176/643/558 4175/643/558
f 4177/643/551 4180/643/551 4176/643/551
f 4180/643/528 4179/643/528 4175/643/528
f 4183/643/551 4184/643/551 4180/643/551
f 4184/643/516 4182/643/516 4179/643/516
f 4153/643/547 4170/643/547 4172/643/547
f 4156/643/515 4172/643/515 4169/643/515
f 4159/643/515 4174/643/515 4176/643/515
f 4160/643/552 4176/643/552 4173/643/552
f 4178/643/552 4180/643/552 4164/643/552
f 4180/643/516 4177/643/516 4162/643/516
f 4181/643/563 4184/643/563 4168/643/563
f 4184/643/547 4183/643/547 4166/643/547
f 4157/643/515 4173/643/515 4170/643/515
f 4167/643/553 4163/643/553 4158/643/553
f 4154/643/531 4169/643/531 4181/643/531
f 4162/643/528 4177/643/528 4174/643/528
f 4161/643/516 4166/643/516 4183/643/516
f 4175/643/550 4179/643/550 4182/643/550
f 4187/643/515 4190/643/515 4192/643/515
f 4192/643/553 4189/643/553 4185/643/553
f 4197/643/554 4200/643/554 4188/643/554
f 4200/643/547 4199/643/547 4187/643/547
f 4199/643/516 4200/643/516 4196/643/516
f 4200/643/520 4198/643/520 4193/643/520
f 4195/643/552 4196/643/552 4192/643/552
f 4196/643/554 4194/643/554 4191/643/554
f 4214/643/531 4216/643/531 4204/643/531
f 4216/643/562 4213/643/562 4201/643/562
f 4205/643/556 4208/643/556 4204/643/556
f 4204/643/515 4208/643/515 4207/643/515
f 4209/643/562 4212/643/562 4208/643/562
f 4212/643/528 4211/643/528 4207/643/528
f 4210/643/550 4215/643/550 4216/643/550
f 4216/643/516 4214/643/516 4211/643/516
f 4185/643/531 4202/643/531 4204/643/531
f 4188/643/515 4204/643/515 4201/643/515
f 4191/643/515 4206/643/515 4208/643/515
f 4208/643/552 4205/643/552 4189/643/552
f 4210/643/552 4212/643/552 4196/643/552
f 4212/643/516 4209/643/516 4194/643/516
f 4213/643/516 4216/643/516 4200/643/516
f 4216/643/547 4215/643/547 4198/643/547
f 4189/643/515 4205/643/515 4202/643/515
f 4199/643/520 4195/643/520 4190/643/520
f 4186/643/531 4201/643/531 4213/643/531
f 4194/643/528 4209/643/528 4206/643/528
f 4193/643/516 4198/643/516 4215/643/516
f 4207/643/550 4211/643/550 4214/643/550
f 4219/643/515 4222/643/515 4224/643/515
f 4224/643/520 4221/643/520 4217/643/520
f 4229/643/554 4232/643/554 4220/643/554
f 4232/643/547 4231/643/547 4219/643/547
f 4231/643/516 4232/643/516 4228/643/516
f 4232/643/554 4230/643/554 4225/643/554
f 4227/643/552 4228/643/552 4224/643/552
f 4228/643/554 4226/643/554 4223/643/554
f 4246/643/531 4248/643/531 4236/643/531
f 4248/643/562 4245/643/562 4233/643/562
f 4237/643/550 4240/643/550 4236/643/550
f 4236/643/515 4240/643/515 4239/643/515
f 4241/643/562 4244/643/562 4240/643/562
f 4244/643/528 4243/643/528 4239/643/528
f 4242/643/550 4247/643/550 4248/643/550
f 4248/643/516 4246/643/516 4243/643/516
f 4217/643/547 4234/643/547 4236/643/547
f 4220/643/515 4236/643/515 4233/643/515
f 4223/643/515 4238/643/515 4240/643/515
f 4240/643/543 4237/643/543 4221/643/543
f 4242/643/552 4244/643/552 4228/643/552
f 4244/643/516 4241/643/516 4226/643/516
f 4245/643/516 4248/643/516 4232/643/516
f 4248/643/531 4247/643/531 4230/643/531
f 4221/643/515 4237/643/515 4234/643/515
f 4231/643/520 4227/643/520 4222/643/520
f 4218/643/531 4233/643/531 4245/643/531
f 4226/643/528 4241/643/528 4238/643/528
f 4225/643/516 4230/643/516 4247/643/516
f 4239/643/550 4243/643/550 4246/643/550
f 4251/643/515 4254/643/515 4256/643/515
f 4256/643/554 4253/643/554 4249/643/554
f 4261/643/554 4264/643/554 4252/643/554
f 4264/643/547 4263/643/547 4251/643/547
f 4263/643/516 4264/643/516 4260/643/516
f 4264/643/520 4262/643/520 4257/643/520
f 4259/643/552 4260/643/552 4256/643/552
f 4260/643/554 4258/643/554 4255/643/554
f 4278/643/531 4280/643/531 4268/643/531
f 4280/643/562 4277/643/562 4265/643/562
f 4269/643/551 4272/643/551 4268/643/551
f 4268/643/515 4272/643/515 4271/643/515
f 4273/643/562 4276/643/562 4272/643/562
f 4276/643/528 4275/643/528 4271/643/528
f 4274/643/550 4279/643/550 4280/643/550
f 4280/643/516 4278/643/516 4275/643/516
f 4249/643/531 4266/643/531 4268/643/531
f 4252/643/515 4268/643/515 4265/643/515
f 4255/643/515 4270/643/515 4272/643/515
f 4272/643/552 4269/643/552 4253/643/552
f 4274/643/552 4276/643/552 4260/643/552
f 4276/643/563 4273/643/563 4258/643/563
f 4277/643/516 4280/643/516 4264/643/516
f 4280/643/547 4279/643/547 4262/643/547
f 4253/643/515 4269/643/515 4266/643/515
f 4263/643/520 4259/643/520 4254/643/520
f 4250/643/531 4265/643/531 4277/643/531
f 4258/643/528 4273/643/528 4270/643/528
f 4257/643/516 4262/643/516 4279/643/516
f 4271/643/550 4275/643/550 4278/643/550
f 4283/643/515 4286/643/515 4288/643/515
f 4288/643/520 4285/643/520 4281/643/520
f 4293/643/554 4296/643/554 4284/643/554
f 4296/643/547 4295/643/547 4283/643/547
f 4295/643/516 4296/643/516 4292/643/516
f 4296/643/520 4294/643/520 4289/643/520
f 4291/643/552 4292/643/552 4288/643/552
f 4292/643/554 4290/643/554 4287/643/554
f 4310/643/531 4312/643/531 4300/643/531
f 4312/643/562 4309/643/562 4297/643/562
f 4301/643/551 4304/643/551 4300/643/551
f 4300/643/515 4304/643/515 4303/643/515
f 4305/643/562 4308/643/562 4304/643/562
f 4308/643/528 4307/643/528 4303/643/528
f 4306/643/550 4311/643/550 4312/643/550
f 4312/643/516 4310/643/516 4307/643/516
f 4281/643/547 4298/643/547 4300/643/547
f 4284/643/515 4300/643/515 4297/643/515
f 4287/643/515 4302/643/515 4304/643/515
f 4304/643/528 4301/643/528 4285/643/528
f 4306/643/552 4308/643/552 4292/643/552
f 4308/643/563 4305/643/563 4290/643/563
f 4309/643/516 4312/643/516 4296/643/516
f 4312/643/547 4311/643/547 4294/643/547
f 4285/643/515 4301/643/515 4298/643/515
f 4295/643/520 4291/643/520 4286/643/520
f 4282/643/531 4297/643/531 4309/643/531
f 4290/643/528 4305/643/528 4302/643/528
f 4289/643/516 4294/643/516 4311/643/516
f 4303/643/550 4307/643/550 4310/643/550
f 4315/643/515 4318/643/515 4320/643/515
f 4320/643/553 4317/643/553 4313/643/553
f 4325/643/554 4328/643/554 4316/643/554
f 4328/643/531 4327/643/531 4315/643/531
f 4327/643/516 4328/643/516 4324/643/516
f 4328/643/520 4326/643/520 4321/643/520
f 4323/643/552 4324/643/552 4320/643/552
f 4324/643/520 4322/643/520 4319/643/520
f 4342/643/531 4344/643/531 4332/643/531
f 4344/643/551 4341/643/551 4329/643/551
f 4333/643/556 4336/643/556 4332/643/556
f 4332/643/515 4336/643/515 4335/643/515
f 4337/643/550 4340/643/550 4336/643/550
f 4340/643/528 4339/643/528 4335/643/528
f 4343/643/550 4344/643/550 4340/643/550
f 4344/643/516 4342/643/516 4339/643/516
f 4330/643/531 4332/643/531 4316/643/531
f 4316/643/515 4332/643/515 4329/643/515
f 4319/643/515 4334/643/515 4336/643/515
f 4336/643/552 4333/643/552 4317/643/552
f 4338/643/552 4340/643/552 4324/643/552
f 4340/643/516 4337/643/516 4322/643/516
f 4341/643/516 4344/643/516 4328/643/516
f 4344/643/547 4343/643/547 4326/643/547
f 4317/643/515 4333/643/515 4330/643/515
f 4327/643/520 4323/643/520 4318/643/520
f 4314/643/547 4329/643/547 4341/643/547
f 4322/643/528 4337/643/528 4334/643/528
f 4321/643/516 4326/643/516 4343/643/516
f 4335/643/550 4339/643/550 4342/643/550
f 4347/643/515 4350/643/515 4352/643/515
f 4352/643/520 4349/643/520 4345/643/520
f 4357/643/554 4360/643/554 4348/643/554
f 4360/643/531 4359/643/531 4347/643/531
f 4359/643/516 4360/643/516 4356/643/516
f 4360/643/554 4358/643/554 4353/643/554
f 4355/643/552 4356/643/552 4352/643/552
f 4356/643/520 4354/643/520 4351/643/520
f 4374/643/531 4376/643/531 4364/643/531
f 4376/643/551 4373/643/551 4361/643/551
f 4365/643/550 4368/643/550 4364/643/550
f 4364/643/515 4368/643/515 4367/643/515
f 4369/643/550 4372/643/550 4368/643/550
f 4372/643/528 4371/643/528 4367/643/528
f 4375/643/551 4376/643/551 4372/643/551
f 4376/643/516 4374/643/516 4371/643/516
f 4362/643/531 4364/643/531 4348/643/531
f 4348/643/515 4364/643/515 4361/643/515
f 4351/643/515 4366/643/515 4368/643/515
f 4368/643/528 4365/643/528 4349/643/528
f 4370/643/552 4372/643/552 4356/643/552
f 4372/643/516 4369/643/516 4354/643/516
f 4373/643/516 4376/643/516 4360/643/516
f 4376/643/531 4375/643/531 4358/643/531
f 4349/643/515 4365/643/515 4362/643/515
f 4359/643/520 4355/643/520 4350/643/520
f 4346/643/547 4361/643/547 4373/643/547
f 4354/643/528 4369/643/528 4366/643/528
f 4353/643/516 4358/643/516 4375/643/516
f 4367/643/550 4371/643/550 4374/643/550
f 4379/643/515 4382/643/515 4384/643/515
f 4384/643/554 4381/643/554 4377/643/554
f 4389/643/554 4392/643/554 4380/643/554
f 4392/643/531 4391/643/531 4379/643/531
f 4391/643/516 4392/643/516 4388/643/516
f 4392/643/520 4390/643/520 4385/643/520
f 4387/643/552 4388/643/552 4384/643/552
f 4388/643/520 4386/643/520 4383/643/520
f 4406/643/531 4408/643/531 4396/643/531
f 4408/643/551 4405/643/551 4393/643/551
f 4397/643/551 4400/643/551 4396/643/551
f 4396/643/515 4400/643/515 4399/643/515
f 4401/643/550 4404/643/550 4400/643/550
f 4404/643/528 4403/643/528 4399/643/528
f 4407/643/551 4408/643/551 4404/643/551
f 4408/643/516 4406/643/516 4403/643/516
f 4394/643/531 4396/643/531 4380/643/531
f 4380/643/515 4396/643/515 4393/643/515
f 4383/643/515 4398/643/515 4400/643/515
f 4400/643/552 4397/643/552 4381/643/552
f 4402/643/552 4404/643/552 4388/643/552
f 4404/643/563 4401/643/563 4386/643/563
f 4405/643/516 4408/643/516 4392/643/516
f 4408/643/547 4407/643/547 4390/643/547
f 4381/643/515 4397/643/515 4394/643/515
f 4391/643/520 4387/643/520 4382/643/520
f 4378/643/547 4393/643/547 4405/643/547
f 4386/643/528 4401/643/528 4398/643/528
f 4385/643/516 4390/643/516 4407/643/516
f 4399/643/550 4403/643/550 4406/643/550
f 4411/643/515 4414/643/515 4416/643/515
f 4416/643/520 4413/643/520 4409/643/520
f 4421/643/554 4424/643/554 4412/643/554
f 4424/643/531 4423/643/531 4411/643/531
f 4423/643/516 4424/643/516 4420/643/516
f 4424/643/520 4422/643/520 4417/643/520
f 4419/643/552 4420/643/552 4416/643/552
f 4420/643/520 4418/643/520 4415/643/520
f 4438/643/531 4440/643/531 4428/643/531
f 4440/643/551 4437/643/551 4425/643/551
f 4429/643/551 4432/643/551 4428/643/551
f 4428/643/515 4432/643/515 4431/643/515
f 4433/643/550 4436/643/550 4432/643/550
f 4436/643/528 4435/643/528 4431/643/528
f 4439/643/551 4440/643/551 4436/643/551
f 4440/643/516 4438/643/516 4435/643/516
f 4426/643/531 4428/643/531 4412/643/531
f 4412/643/515 4428/643/515 4425/643/515
f 4415/643/515 4430/643/515 4432/643/515
f 4432/643/528 4429/643/528 4413/643/528
f 4434/643/552 4436/643/552 4420/643/552
f 4436/643/563 4433/643/563 4418/643/563
f 4437/643/516 4440/643/516 4424/643/516
f 4440/643/547 4439/643/547 4422/643/547
f 4413/643/515 4429/643/515 4426/643/515
f 4423/643/520 4419/643/520 4414/643/520
f 4410/643/547 4425/643/547 4437/643/547
f 4418/643/528 4433/643/528 4430/643/528
f 4417/643/516 4422/643/516 4439/643/516
f 4431/643/550 4435/643/550 4438/643/550
f 4443/643/515 4446/643/515 4448/643/515
f 4448/643/553 4445/643/553 4441/643/553
f 4453/643/554 4456/643/554 4444/643/554
f 4456/643/547 4455/643/547 4443/643/547
f 4455/643/516 4456/643/516 4452/643/516
f 4456/643/520 4454/643/520 4449/643/520
f 4451/643/552 4452/643/552 4448/643/552
f 4452/643/554 4450/643/554 4447/643/554
f 4470/643/531 4472/643/531 4460/643/531
f 4472/643/551 4469/643/551 4457/643/551
f 4461/643/556 4464/643/556 4460/643/556
f 4460/643/515 4464/643/515 4463/643/515
f 4465/643/551 4468/643/551 4464/643/551
f 4468/643/528 4467/643/528 4463/643/528
f 4471/643/550 4472/643/550 4468/643/550
f 4472/643/516 4470/643/516 4467/643/516
f 4458/643/544 4460/643/544 4444/643/544
f 4444/643/515 4460/643/515 4457/643/515
f 4447/643/515 4462/643/515 4464/643/515
f 4464/643/552 4461/643/552 4445/643/552
f 4466/643/552 4468/643/552 4452/643/552
f 4468/643/516 4465/643/516 4450/643/516
f 4469/643/516 4472/643/516 4456/643/516
f 4472/643/547 4471/643/547 4454/643/547
f 4445/643/515 4461/643/515 4458/643/515
f 4455/643/520 4451/643/520 4446/643/520
f 4442/643/531 4457/643/531 4469/643/531
f 4450/643/528 4465/643/528 4462/643/528
f 4449/643/516 4454/643/516 4471/643/516
f 4463/643/550 4467/643/550 4470/643/550
f 4475/643/515 4478/643/515 4480/643/515
f 4480/643/520 4477/643/520 4473/643/520
f 4485/643/554 4488/643/554 4476/643/554
f 4488/643/547 4487/643/547 4475/643/547
f 4487/643/516 4488/643/516 4484/643/516
f 4488/643/554 4486/643/554 4481/643/554
f 4483/643/552 4484/643/552 4480/643/552
f 4484/643/554 4482/643/554 4479/643/554
f 4502/643/531 4504/643/531 4492/643/531
f 4504/643/551 4501/643/551 4489/643/551
f 4493/643/550 4496/643/550 4492/643/550
f 4492/643/515 4496/643/515 4495/643/515
f 4497/643/551 4500/643/551 4496/643/551
f 4500/643/528 4499/643/528 4495/643/528
f 4503/643/551 4504/643/551 4500/643/551
f 4504/643/516 4502/643/516 4499/643/516
f 4490/643/531 4492/643/531 4476/643/531
f 4476/643/515 4492/643/515 4489/643/515
f 4479/643/515 4494/643/515 4496/643/515
f 4496/643/528 4493/643/528 4477/643/528
f 4498/643/552 4500/643/552 4484/643/552
f 4500/643/516 4497/643/516 4482/643/516
f 4501/643/516 4504/643/516 4488/643/516
f 4504/643/531 4503/643/531 4486/643/531
f 4477/643/515 4493/643/515 4490/643/515
f 4487/643/520 4483/643/520 4478/643/520
f 4474/643/531 4489/643/531 4501/643/531
f 4482/643/528 4497/643/528 4494/643/528
f 4481/643/516 4486/643/516 4503/643/516
f 4495/643/550 4499/643/550 4502/643/550
f 4507/643/515 4510/643/515 4512/643/515
f 4512/643/554 4509/643/554 4505/643/554
f 4517/643/554 4520/643/554 4508/643/554
f 4520/643/547 4519/643/547 4507/643/547
f 4519/643/516 4520/643/516 4516/643/516
f 4520/643/520 4518/643/520 4513/643/520
f 4515/643/552 4516/643/552 4512/643/552
f 4516/643/554 4514/643/554 4511/643/554
f 4534/643/531 4536/643/531 4524/643/531
f 4536/643/551 4533/643/551 4521/643/551
f 4525/643/551 4528/643/551 4524/643/551
f 4524/643/515 4528/643/515 4527/643/515
f 4529/643/551 4532/643/551 4528/643/551
f 4532/643/528 4531/643/528 4527/643/528
f 4535/643/551 4536/643/551 4532/643/551
f 4536/643/516 4534/643/516 4531/643/516
f 4522/643/531 4524/643/531 4508/643/531
f 4508/643/515 4524/643/515 4521/643/515
f 4511/643/515 4526/643/515 4528/643/515
f 4528/643/552 4525/643/552 4509/643/552
f 4530/643/552 4532/643/552 4516/643/552
f 4532/643/563 4529/643/563 4514/643/563
f 4533/643/516 4536/643/516 4520/643/516
f 4536/643/547 4535/643/547 4518/643/547
f 4509/643/515 4525/643/515 4522/643/515
f 4519/643/520 4515/643/520 4510/643/520
f 4506/643/531 4521/643/531 4533/643/531
f 4514/643/528 4529/643/528 4526/643/528
f 4513/643/516 4518/643/516 4535/643/516
f 4527/643/550 4531/643/550 4534/643/550
f 4539/643/515 4542/643/515 4544/643/515
f 4544/643/520 4541/643/520 4537/643/520
f 4549/643/554 4552/643/554 4540/643/554
f 4552/643/547 4551/643/547 4539/643/547
f 4551/643/516 4552/643/516 4548/643/516
f 4552/643/520 4550/643/520 4545/643/520
f 4547/643/552 4548/643/552 4544/643/552
f 4548/643/554 4546/643/554 4543/643/554
f 4566/643/531 4568/643/531 4556/643/531
f 4568/643/551 4565/643/551 4553/643/551
f 4557/643/551 4560/643/551 4556/643/551
f 4556/643/515 4560/643/515 4559/643/515
f 4561/643/551 4564/643/551 4560/643/551
f 4564/643/528 4563/643/528 4559/643/528
f 4567/643/551 4568/643/551 4564/643/551
f 4568/643/516 4566/643/516 4563/643/516
f 4554/643/531 4556/643/531 4540/643/531
f 4540/643/515 4556/643/515 4553/643/515
f 4543/643/515 4558/643/515 4560/643/515
f 4560/643/528 4557/643/528 4541/643/528
f 4562/643/552 4564/643/552 4548/643/552
f 4564/643/563 4561/643/563 4546/643/563
f 4565/643/516 4568/643/516 4552/643/516
f 4568/643/547 4567/643/547 4550/643/547
f 4541/643/515 4557/643/515 4554/643/515
f 4551/643/520 4547/643/520 4542/643/520
f 4538/643/531 4553/643/531 4565/643/531
f 4546/643/528 4561/643/528 4558/643/528
f 4545/643/516 4550/643/516 4567/643/516
f 4559/643/550 4563/643/550 4566/643/550
f 4571/643/515 4574/643/515 4576/643/515
f 4576/643/553 4573/643/553 4569/643/553
f 4581/643/520 4584/643/520 4572/643/520
f 4584/643/547 4583/643/547 4571/643/547
f 4583/643/516 4584/643/516 4580/643/516
f 4584/643/520 4582/643/520 4577/643/520
f 4579/643/552 4580/643/552 4576/643/552
f 4580/643/520 4578/643/520 4575/643/520
f 4598/643/531 4600/643/531 4588/643/531
f 4600/643/550 4597/643/550 4585/643/550
f 4589/643/556 4592/643/556 4588/643/556
f 4588/643/515 4592/643/515 4591/643/515
f 4593/643/550 4596/643/550 4592/643/550
f 4596/643/528 4595/643/528 4591/643/528
f 4599/643/550 4600/643/550 4596/643/550
f 4600/643/516 4598/643/516 4595/643/516
f 4586/643/544 4588/643/544 4572/643/544
f 4572/643/515 4588/643/515 4585/643/515
f 4575/643/515 4590/643/515 4592/643/515
f 4592/643/552 4589/643/552 4573/643/552
f 4594/643/552 4596/643/552 4580/643/552
f 4596/643/516 4593/643/516 4578/643/516
f 4597/643/516 4600/643/516 4584/643/516
f 4600/643/547 4599/643/547 4582/643/547
f 4573/643/515 4589/643/515 4586/643/515
f 4583/643/520 4579/643/520 4574/643/520
f 4570/643/531 4585/643/531 4597/643/531
f 4578/643/528 4593/643/528 4590/643/528
f 4577/643/516 4582/643/516 4599/643/516
f 4591/643/550 4595/643/550 4598/643/550
f 4603/643/515 4606/643/515 4608/643/515
f 4608/643/520 4605/643/520 4601/643/520
f 4613/643/520 4616/643/520 4604/643/520
f 4616/643/547 4615/643/547 4603/643/547
f 4615/643/516 4616/643/516 4612/643/516
f 4616/643/554 4614/643/554 4609/643/554
f 4611/643/552 4612/643/552 4608/643/552
f 4612/643/520 4610/643/520 4607/643/520
f 4630/643/531 4632/643/531 4620/643/531
f 4632/643/550 4629/643/550 4617/643/550
f 4621/643/550 4624/643/550 4620/643/550
f 4620/643/515 4624/643/515 4623/643/515
f 4625/643/550 4628/643/550 4624/643/550
f 4628/643/528 4627/643/528 4623/643/528
f 4631/643/551 4632/643/551 4628/643/551
f 4632/643/516 4630/643/516 4627/643/516
f 4618/643/531 4620/643/531 4604/643/531
f 4604/643/515 4620/643/515 4617/643/515
f 4607/643/515 4622/643/515 4624/643/515
f 4624/643/528 4621/643/528 4605/643/528
f 4626/643/552 4628/643/552 4612/643/552
f 4628/643/516 4625/643/516 4610/643/516
f 4629/643/516 4632/643/516 4616/643/516
f 4632/643/531 4631/643/531 4614/643/531
f 4605/643/515 4621/643/515 4618/643/515
f 4615/643/520 4611/643/520 4606/643/520
f 4602/643/531 4617/643/531 4629/643/531
f 4610/643/528 4625/643/528 4622/643/528
f 4609/643/516 4614/643/516 4631/643/516
f 4623/643/550 4627/643/550 4630/643/550
f 4635/643/515 4638/643/515 4640/643/515
f 4640/643/554 4637/643/554 4633/643/554
f 4645/643/520 4648/643/520 4636/643/520
f 4648/643/547 4647/643/547 4635/643/547
f 4647/643/516 4648/643/516 4644/643/516
f 4648/643/520 4646/643/520 4641/643/520
f 4643/643/552 4644/643/552 4640/643/552
f 4644/643/520 4642/643/520 4639/643/520
f 4662/643/531 4664/643/531 4652/643/531
f 4664/643/550 4661/643/550 4649/643/550
f 4653/643/551 4656/643/551 4652/643/551
f 4652/643/515 4656/643/515 4655/643/515
f 4657/643/550 4660/643/550 4656/643/550
f 4660/643/528 4659/643/528 4655/643/528
f 4663/643/551 4664/643/551 4660/643/551
f 4664/643/516 4662/643/516 4659/643/516
f 4650/643/531 4652/643/531 4636/643/531
f 4636/643/515 4652/643/515 4649/643/515
f 4639/643/515 4654/643/515 4656/643/515
f 4656/643/552 4653/643/552 4637/643/552
f 4658/643/552 4660/643/552 4644/643/552
f 4660/643/563 4657/643/563 4642/643/563
f 4661/643/516 4664/643/516 4648/643/516
f 4664/643/547 4663/643/547 4646/643/547
f 4637/643/515 4653/643/515 4650/643/515
f 4647/643/520 4643/643/520 4638/643/520
f 4634/643/531 4649/643/531 4661/643/531
f 4642/643/528 4657/643/528 4654/643/528
f 4641/643/516 4646/643/516 4663/643/516
f 4655/643/550 4659/643/550 4662/643/550
f 4667/643/515 4670/643/515 4672/643/515
f 4672/643/520 4669/643/520 4665/643/520
f 4677/643/520 4680/643/520 4668/643/520
f 4680/643/547 4679/643/547 4667/643/547
f 4679/643/516 4680/643/516 4676/643/516
f 4680/643/520 4678/643/520 4673/643/520
f 4675/643/552 4676/643/552 4672/643/552
f 4676/643/520 4674/643/520 4671/643/520
f 4694/643/531 4696/643/531 4684/643/531
f 4696/643/550 4693/643/550 4681/643/550
f 4685/643/551 4688/643/551 4684/643/551
f 4684/643/515 4688/643/515 4687/643/515
f 4689/643/550 4692/643/550 4688/643/550
f 4692/643/528 4691/643/528 4687/643/528
f 4695/643/551 4696/643/551 4692/643/551
f 4696/643/516 4694/643/516 4691/643/516
f 4682/643/531 4684/643/531 4668/643/531
f 4668/643/515 4684/643/515 4681/643/515
f 4671/643/515 4686/643/515 4688/643/515
f 4688/643/528 4685/643/528 4669/643/528
f 4690/643/552 4692/643/552 4676/643/552
f 4692/643/563 4689/643/563 4674/643/563
f 4693/643/516 4696/643/516 4680/643/516
f 4696/643/547 4695/643/547 4678/643/547
f 4669/643/515 4685/643/515 4682/643/515
f 4679/643/520 4675/643/520 4670/643/520
f 4666/643/531 4681/643/531 4693/643/531
f 4674/643/528 4689/643/528 4686/643/528
f 4673/643/516 4678/643/516 4695/643/516
f 4687/643/550 4691/643/550 4694/643/550
f 4702/643/515 4704/643/515 4700/643/515
f 4700/643/571 4704/643/571 4701/643/571
f 4709/643/576 4712/643/576 4700/643/576
f 4712/643/566 4711/643/566 4699/643/566
f 4707/643/516 4711/643/516 4712/643/516
f 4712/643/564 4710/643/564 4705/643/564
f 4707/643/538 4708/643/538 4704/643/538
f 4708/643/565 4706/643/565 4703/643/565
f 4726/643/541 4728/643/541 4716/643/541
f 4728/643/567 4725/643/567 4713/643/567
f 4717/643/570 4720/643/570 4716/643/570
f 4720/643/515 4719/643/515 4715/643/515
f 4721/643/577 4724/643/577 4720/643/577
f 4724/643/545 4723/643/545 4719/643/545
f 4722/643/519 4727/643/519 4728/643/519
f 4724/643/516 4728/643/516 4726/643/516
f 4714/643/566 4716/643/566 4700/643/566
f 4716/643/515 4713/643/515 4698/643/515
f 4718/643/515 4720/643/515 4704/643/515
f 4720/643/538 4717/643/538 4701/643/538
f 4722/643/568 4724/643/568 4708/643/568
f 4708/643/516 4724/643/516 4721/643/516
f 4709/643/516 4725/643/516 4728/643/516
f 4712/643/541 4728/643/541 4727/643/541
f 4697/643/515 4701/643/515 4717/643/515
f 4711/643/571 4707/643/571 4702/643/571
f 4698/643/569 4713/643/569 4725/643/569
f 4706/643/568 4721/643/568 4718/643/568
f 4710/643/516 4727/643/516 4722/643/516
f 4719/643/519 4723/643/519 4726/643/519
f 4734/643/515 4736/643/515 4732/643/515
f 4732/643/564 4736/643/564 4733/643/564
f 4741/643/576 4744/643/576 4732/643/576
f 4744/643/566 4743/643/566 4731/643/566
f 4739/643/563 4743/643/563 4744/643/563
f 4744/643/564 4742/643/564 4737/643/564
f 4739/643/538 4740/643/538 4736/643/538
f 4740/643/565 4738/643/565 4735/643/565
f 4758/643/541 4760/643/541 4748/643/541
f 4760/643/567 4757/643/567 4745/643/567
f 4749/643/519 4752/643/519 4748/643/519
f 4752/643/515 4751/643/515 4747/643/515
f 4753/643/577 4756/643/577 4752/643/577
f 4756/643/545 4755/643/545 4751/643/545
f 4754/643/519 4759/643/519 4760/643/519
f 4756/643/516 4760/643/516 4758/643/516
f 4746/643/541 4748/643/541 4732/643/541
f 4748/643/515 4745/643/515 4730/643/515
f 4750/643/515 4752/643/515 4736/643/515
f 4752/643/545 4749/643/545 4733/643/545
f 4754/643/538 4756/643/538 4740/643/538
f 4740/643/516 4756/643/516 4753/643/516
f 4741/643/516 4757/643/516 4760/643/516
f 4744/643/541 4760/643/541 4759/643/541
f 4729/643/515 4733/643/515 4749/643/515
f 4743/643/571 4739/643/571 4734/643/571
f 4730/643/569 4745/643/569 4757/643/569
f 4738/643/568 4753/643/568 4750/643/568
f 4742/643/516 4759/643/516 4754/643/516
f 4751/643/519 4755/643/519 4758/643/519
f 4766/643/515 4768/643/515 4764/643/515
f 4764/643/565 4768/643/565 4765/643/565
f 4773/643/576 4776/643/576 4764/643/576
f 4776/643/566 4775/643/566 4763/643/566
f 4771/643/578 4775/643/578 4776/643/578
f 4776/643/564 4774/643/564 4769/643/564
f 4771/643/538 4772/643/538 4768/643/538
f 4772/643/565 4770/643/565 4767/643/565
f 4790/643/541 4792/643/541 4780/643/541
f 4792/643/567 4789/643/567 4777/643/567
f 4781/643/567 4784/643/567 4780/643/567
f 4784/643/515 4783/643/515 4779/643/515
f 4785/643/577 4788/643/577 4784/643/577
f 4788/643/545 4787/643/545 4783/643/545
f 4786/643/519 4791/643/519 4792/643/519
f 4788/643/563 4792/643/563 4790/643/563
f 4778/643/541 4780/643/541 4764/643/541
f 4780/643/515 4777/643/515 4762/643/515
f 4782/643/515 4784/643/515 4768/643/515
f 4784/643/538 4781/643/538 4765/643/538
f 4786/643/538 4788/643/538 4772/643/538
f 4772/643/516 4788/643/516 4785/643/516
f 4773/643/516 4789/643/516 4792/643/516
f 4776/643/541 4792/643/541 4791/643/541
f 4761/643/515 4765/643/515 4781/643/515
f 4775/643/571 4771/643/571 4766/643/571
f 4762/643/569 4777/643/569 4789/643/569
f 4770/643/568 4785/643/568 4782/643/568
f 4774/643/516 4791/643/516 4786/643/516
f 4783/643/519 4787/643/519 4790/643/519
f 4798/643/558 4800/643/558 4796/643/558
f 4796/643/565 4800/643/565 4797/643/565
f 4805/643/576 4808/643/576 4796/643/576
f 4808/643/566 4807/643/566 4795/643/566
f 4803/643/578 4807/643/578 4808/643/578
f 4808/643/564 4806/643/564 4801/643/564
f 4803/643/538 4804/643/538 4800/643/538
f 4804/643/565 4802/643/565 4799/643/565
f 4822/643/541 4824/643/541 4812/643/541
f 4824/643/567 4821/643/567 4809/643/567
f 4813/643/567 4816/643/567 4812/643/567
f 4816/643/558 4815/643/558 4811/643/558
f 4817/643/577 4820/643/577 4816/643/577
f 4820/643/545 4819/643/545 4815/643/545
f 4818/643/519 4823/643/519 4824/643/519
f 4820/643/516 4824/643/516 4822/643/516
f 4810/643/541 4812/643/541 4796/643/541
f 4812/643/515 4809/643/515 4794/643/515
f 4814/643/515 4816/643/515 4800/643/515
f 4816/643/545 4813/643/545 4797/643/545
f 4818/643/538 4820/643/538 4804/643/538
f 4804/643/516 4820/643/516 4817/643/516
f 4805/643/516 4821/643/516 4824/643/516
f 4808/643/541 4824/643/541 4823/643/541
f 4793/643/515 4797/643/515 4813/643/515
f 4807/643/571 4803/643/571 4798/643/571
f 4794/643/569 4809/643/569 4821/643/569
f 4802/643/568 4817/643/568 4814/643/568
f 4806/643/516 4823/643/516 4818/643/516
f 4815/643/519 4819/643/519 4822/643/519
f 4830/643/515 4832/643/515 4828/643/515
f 4828/643/564 4832/643/564 4829/643/564
f 4837/643/576 4840/643/576 4828/643/576
f 4840/643/566 4839/643/566 4827/643/566
f 4835/643/516 4839/643/516 4840/643/516
f 4836/643/564 4840/643/564 4838/643/564
f 4835/643/538 4836/643/538 4832/643/538
f 4836/643/565 4834/643/565 4831/643/565
f 4854/643/541 4856/643/541 4844/643/541
f 4856/643/567 4853/643/567 4841/643/567
f 4845/643/519 4848/643/519 4844/643/519
f 4848/643/515 4847/643/515 4843/643/515
f 4849/643/577 4852/643/577 4848/643/577
f 4852/643/545 4851/643/545 4847/643/545
f 4850/643/519 4855/643/519 4856/643/519
f 4852/643/516 4856/643/516 4854/643/516
f 4842/643/569 4844/643/569 4828/643/569
f 4844/643/515 4841/643/515 4826/643/515
f 4846/643/515 4848/643/515 4832/643/515
f 4848/643/538 4845/643/538 4829/643/538
f 4833/643/545 4850/643/545 4852/643/545
f 4836/643/516 4852/643/516 4849/643/516
f 4837/643/516 4853/643/516 4856/643/516
f 4840/643/541 4856/643/541 4855/643/541
f 4825/643/515 4829/643/515 4845/643/515
f 4839/643/564 4835/643/564 4830/643/564
f 4826/643/569 4841/643/569 4853/643/569
f 4834/643/538 4849/643/538 4846/643/538
f 4838/643/516 4855/643/516 4850/643/516
f 4847/643/519 4851/643/519 4854/643/519
f 4862/643/515 4864/643/515 4860/643/515
f 4860/643/565 4864/643/565 4861/643/565
f 4869/643/576 4872/643/576 4860/643/576
f 4872/643/566 4871/643/566 4859/643/566
f 4867/643/516 4871/643/516 4872/643/516
f 4868/643/565 4872/643/565 4870/643/565
f 4867/643/538 4868/643/538 4864/643/538
f 4868/643/565 4866/643/565 4863/643/565
f 4886/643/541 4888/643/541 4876/643/541
f 4888/643/567 4885/643/567 4873/643/567
f 4877/643/567 4880/643/567 4876/643/567
f 4880/643/515 4879/643/515 4875/643/515
f 4881/643/577 4884/643/577 4880/643/577
f 4884/643/545 4883/643/545 4879/643/545
f 4882/643/519 4887/643/519 4888/643/519
f 4884/643/516 4888/643/516 4886/643/516
f 4874/643/541 4876/643/541 4860/643/541
f 4876/643/515 4873/643/515 4858/643/515
f 4878/643/515 4880/643/515 4864/643/515
f 4880/643/545 4877/643/545 4861/643/545
f 4865/643/538 4882/643/538 4884/643/538
f 4868/643/516 4884/643/516 4881/643/516
f 4869/643/516 4885/643/516 4888/643/516
f 4872/643/541 4888/643/541 4887/643/541
f 4857/643/515 4861/643/515 4877/643/515
f 4871/643/564 4867/643/564 4862/643/564
f 4858/643/569 4873/643/569 4885/643/569
f 4866/643/538 4881/643/538 4878/643/538
f 4870/643/516 4887/643/516 4882/643/516
f 4879/643/519 4883/643/519 4886/643/519
f 4894/643/515 4896/643/515 4892/643/515
f 4892/643/565 4896/643/565 4893/643/565
f 4901/643/576 4904/643/576 4892/643/576
f 4904/643/566 4903/643/566 4891/643/566
f 4899/643/563 4903/643/563 4904/643/563
f 4900/643/565 4904/643/565 4902/643/565
f 4899/643/538 4900/643/538 4896/643/538
f 4900/643/565 4898/643/565 4895/643/565
f 4918/643/541 4920/643/541 4908/643/541
f 4920/643/567 4917/643/567 4905/643/567
f 4909/643/567 4912/643/567 4908/643/567
f 4912/643/515 4911/643/515 4907/643/515
f 4913/643/577 4916/643/577 4912/643/577
f 4916/643/545 4915/643/545 4911/643/545
f 4914/643/519 4919/643/519 4920/643/519
f 4916/643/563 4920/643/563 4918/643/563
f 4906/643/541 4908/643/541 4892/643/541
f 4908/643/515 4905/643/515 4890/643/515
f 4910/643/515 4912/643/515 4896/643/515
f 4912/643/538 4909/643/538 4893/643/538
f 4897/643/545 4914/643/545 4916/643/545
f 4900/643/516 4916/643/516 4913/643/516
f 4901/643/516 4917/643/516 4920/643/516
f 4904/643/541 4920/643/541 4919/643/541
f 4889/643/515 4893/643/515 4909/643/515
f 4903/643/564 4899/643/564 4894/643/564
f 4890/643/569 4905/643/569 4917/643/569
f 4898/643/538 4913/643/538 4910/643/538
f 4902/643/516 4919/643/516 4914/643/516
f 4911/643/519 4915/643/519 4918/643/519
f 4926/643/515 4928/643/515 4924/643/515
f 4924/643/565 4928/643/565 4925/643/565
f 4933/643/576 4936/643/576 4924/643/576
f 4936/643/566 4935/643/566 4923/643/566
f 4931/643/563 4935/643/563 4936/643/563
f 4932/643/565 4936/643/565 4934/643/565
f 4931/643/538 4932/643/538 4928/643/538
f 4932/643/565 4930/643/565 4927/643/565
f 4950/643/541 4952/643/541 4940/643/541
f 4952/643/567 4949/643/567 4937/643/567
f 4941/643/567 4944/643/567 4940/643/567
f 4944/643/515 4943/643/515 4939/643/515
f 4945/643/577 4948/643/577 4944/643/577
f 4948/643/545 4947/643/545 4943/643/545
f 4946/643/519 4951/643/519 4952/643/519
f 4948/643/516 4952/643/516 4950/643/516
f 4938/643/541 4940/643/541 4924/643/541
f 4940/643/515 4937/643/515 4922/643/515
f 4942/643/558 4944/643/558 4928/643/558
f 4944/643/545 4941/643/545 4925/643/545
f 4929/643/545 4946/643/545 4948/643/545
f 4932/643/516 4948/643/516 4945/643/516
f 4933/643/516 4949/643/516 4952/643/516
f 4936/643/541 4952/643/541 4951/643/541
f 4921/643/515 4925/643/515 4941/643/515
f 4935/643/564 4931/643/564 4926/643/564
f 4922/643/569 4937/643/569 4949/643/569
f 4930/643/538 4945/643/538 4942/643/538
f 4934/643/516 4951/643/516 4946/643/516
f 4943/643/519 4947/643/519 4950/643/519
f 4958/643/515 4960/643/515 4956/643/515
f 4960/643/571 4957/643/571 4953/643/571
f 4965/643/565 4968/643/565 4956/643/565
f 4968/643/566 4967/643/566 4955/643/566
f 4963/643/516 4967/643/516 4968/643/516
f 4964/643/564 4968/643/564 4966/643/564
f 4963/643/538 4964/643/538 4960/643/538
f 4964/643/573 4962/643/573 4959/643/573
f 4982/643/541 4984/643/541 4972/643/541
f 4984/643/572 4981/643/572 4969/643/572
f 4973/643/570 4976/643/570 4972/643/570
f 4976/643/515 4975/643/515 4971/643/515
f 4977/643/567 4980/643/567 4976/643/567
f 4980/643/545 4979/643/545 4975/643/545
f 4978/643/519 4983/643/519 4984/643/519
f 4980/643/516 4984/643/516 4982/643/516
f 4970/643/566 4972/643/566 4956/643/566
f 4972/643/515 4969/643/515 4954/643/515
f 4974/643/515 4976/643/515 4960/643/515
f 4976/643/538 4973/643/538 4957/643/538
f 4961/643/545 4978/643/545 4980/643/545
f 4964/643/516 4980/643/516 4977/643/516
f 4965/643/516 4981/643/516 4984/643/516
f 4968/643/541 4984/643/541 4983/643/541
f 4953/643/515 4957/643/515 4973/643/515
f 4967/643/564 4963/643/564 4958/643/564
f 4954/643/566 4969/643/566 4981/643/566
f 4962/643/538 4977/643/538 4974/643/538
f 4966/643/516 4983/643/516 4978/643/516
f 4975/643/570 4979/643/570 4982/643/570
f 4990/643/515 4992/643/515 4988/643/515
f 4992/643/564 4989/643/564 4985/643/564
f 4997/643/565 5000/643/565 4988/643/565
f 5000/643/566 4999/643/566 4987/643/566
f 4995/643/516 4999/643/516 5000/643/516
f 4996/643/565 5000/643/565 4998/643/565
f 4995/643/538 4996/643/538 4992/643/538
f 4996/643/573 4994/643/573 4991/643/573
f 5014/643/541 5016/643/541 5004/643/541
f 5016/643/572 5013/643/572 5001/643/572
f 5005/643/519 5008/643/519 5004/643/519
f 5008/643/515 5007/643/515 5003/643/515
f 5009/643/567 5012/643/567 5008/643/567
f 5012/643/545 5011/643/545 5007/643/545
f 5010/643/519 5015/643/519 5016/643/519
f 5012/643/516 5016/643/516 5014/643/516
f 5002/643/541 5004/643/541 4988/643/541
f 5004/643/515 5001/643/515 4986/643/515
f 5006/643/515 5008/643/515 4992/643/515
f 5008/643/545 5005/643/545 4989/643/545
f 4993/643/538 5010/643/538 5012/643/538
f 4996/643/516 5012/643/516 5009/643/516
f 4997/643/516 5013/643/516 5016/643/516
f 5000/643/566 5016/643/566 5015/643/566
f 4985/643/515 4989/643/515 5005/643/515
f 4999/643/564 4995/643/564 4990/643/564
f 4986/643/566 5001/643/566 5013/643/566
f 4994/643/538 5009/643/538 5006/643/538
f 4998/643/516 5015/643/516 5010/643/516
f 5007/643/570 5011/643/570 5014/643/570
f 5022/643/515 5024/643/515 5020/643/515
f 5024/643/565 5021/643/565 5017/643/565
f 5029/643/565 5032/643/565 5020/643/565
f 5032/643/566 5031/643/566 5019/643/566
f 5027/643/557 5031/643/557 5032/643/557
f 5028/643/565 5032/643/565 5030/643/565
f 5027/643/538 5028/643/538 5024/643/538
f 5028/643/573 5026/643/573 5023/643/573
f 5046/643/541 5048/643/541 5036/643/541
f 5048/643/572 5045/643/572 5033/643/572
f 5037/643/567 5040/643/567 5036/643/567
f 5040/643/515 5039/643/515 5035/643/515
f 5041/643/567 5044/643/567 5040/643/567
f 5044/643/545 5043/643/545 5039/643/545
f 5042/643/519 5047/643/519 5048/643/519
f 5044/643/516 5048/643/516 5046/643/516
f 5034/643/566 5036/643/566 5020/643/566
f 5036/643/515 5033/643/515 5018/643/515
f 5038/643/515 5040/643/515 5024/643/515
f 5040/643/538 5037/643/538 5021/643/538
f 5025/643/545 5042/643/545 5044/643/545
f 5028/643/516 5044/643/516 5041/643/516
f 5029/643/516 5045/643/516 5048/643/516
f 5032/643/541 5048/643/541 5047/643/541
f 5017/643/515 5021/643/515 5037/643/515
f 5031/643/564 5027/643/564 5022/643/564
f 5018/643/566 5033/643/566 5045/643/566
f 5026/643/538 5041/643/538 5038/643/538
f 5030/643/516 5047/643/516 5042/643/516
f 5039/643/570 5043/643/570 5046/643/570
f 5054/643/515 5056/643/515 5052/643/515
f 5056/643/564 5053/643/564 5049/643/564
f 5061/643/565 5064/643/565 5052/643/565
f 5064/643/566 5063/643/566 5051/643/566
f 5059/643/516 5063/643/516 5064/643/516
f 5060/643/565 5064/643/565 5062/643/565
f 5059/643/538 5060/643/538 5056/643/538
f 5060/643/573 5058/643/573 5055/643/573
f 5078/643/541 5080/643/541 5068/643/541
f 5080/643/572 5077/643/572 5065/643/572
f 5069/643/567 5072/643/567 5068/643/567
f 5072/643/515 5071/643/515 5067/643/515
f 5073/643/567 5076/643/567 5072/643/567
f 5076/643/545 5075/643/545 5071/643/545
f 5074/643/519 5079/643/519 5080/643/519
f 5076/643/516 5080/643/516 5078/643/516
f 5066/643/541 5068/643/541 5052/643/541
f 5068/643/515 5065/643/515 5050/643/515
f 5070/643/558 5072/643/558 5056/643/558
f 5072/643/545 5069/643/545 5053/643/545
f 5057/643/545 5074/643/545 5076/643/545
f 5060/643/516 5076/643/516 5073/643/516
f 5061/643/516 5077/643/516 5080/643/516
f 5064/643/541 5080/643/541 5079/643/541
f 5049/643/515 5053/643/515 5069/643/515
f 5063/643/564 5059/643/564 5054/643/564
f 5050/643/566 5065/643/566 5077/643/566
f 5058/643/538 5073/643/538 5070/643/538
f 5062/643/516 5079/643/516 5074/643/516
f 5071/643/570 5075/643/570 5078/643/570
f 5086/643/515 5088/643/515 5084/643/515
f 5084/643/571 5088/643/571 5085/643/571
f 5093/643/576 5096/643/576 5084/643/576
f 5096/643/566 5095/643/566 5083/643/566
f 5091/643/516 5095/643/516 5096/643/516
f 5096/643/564 5094/643/564 5089/643/564
f 5091/643/538 5092/643/538 5088/643/538
f 5092/643/565 5090/643/565 5087/643/565
f 5110/643/541 5112/643/541 5100/643/541
f 5112/643/567 5109/643/567 5097/643/567
f 5101/643/570 5104/643/570 5100/643/570
f 5104/643/515 5103/643/515 5099/643/515
f 5105/643/567 5108/643/567 5104/643/567
f 5108/643/538 5107/643/538 5103/643/538
f 5111/643/519 5112/643/519 5108/643/519
f 5108/643/516 5112/643/516 5110/643/516
f 5098/643/566 5100/643/566 5084/643/566
f 5100/643/515 5097/643/515 5082/643/515
f 5102/643/515 5104/643/515 5088/643/515
f 5104/643/538 5101/643/538 5085/643/538
f 5106/643/538 5108/643/538 5092/643/538
f 5092/643/516 5108/643/516 5105/643/516
f 5093/643/516 5109/643/516 5112/643/516
f 5096/643/541 5112/643/541 5111/643/541
f 5081/643/515 5085/643/515 5101/643/515
f 5095/643/564 5091/643/564 5086/643/564
f 5082/643/566 5097/643/566 5109/643/566
f 5090/643/545 5105/643/545 5102/643/545
f 5094/643/516 5111/643/516 5106/643/516
f 5103/643/519 5107/643/519 5110/643/519
f 5118/643/515 5120/643/515 5116/643/515
f 5116/643/564 5120/643/564 5117/643/564
f 5125/643/576 5128/643/576 5116/643/576
f 5128/643/566 5127/643/566 5115/643/566
f 5123/643/516 5127/643/516 5128/643/516
f 5128/643/565 5126/643/565 5121/643/565
f 5123/643/538 5124/643/538 5120/643/538
f 5124/643/565 5122/643/565 5119/643/565
f 5142/643/541 5144/643/541 5132/643/541
f 5144/643/567 5141/643/567 5129/643/567
f 5133/643/519 5136/643/519 5132/643/519
f 5136/643/515 5135/643/515 5131/643/515
f 5137/643/567 5140/643/567 5136/643/567
f 5140/643/538 5139/643/538 5135/643/538
f 5143/643/567 5144/643/567 5140/643/567
f 5140/643/516 5144/643/516 5142/643/516
f 5130/643/541 5132/643/541 5116/643/541
f 5132/643/515 5129/643/515 5114/643/515
f 5134/643/515 5136/643/515 5120/643/515
f 5136/643/545 5133/643/545 5117/643/545
f 5138/643/538 5140/643/538 5124/643/538
f 5124/643/516 5140/643/516 5137/643/516
f 5125/643/516 5141/643/516 5144/643/516
f 5128/643/541 5144/643/541 5143/643/541
f 5113/643/515 5117/643/515 5133/643/515
f 5127/643/564 5123/643/564 5118/643/564
f 5114/643/566 5129/643/566 5141/643/566
f 5122/643/545 5137/643/545 5134/643/545
f 5126/643/516 5143/643/516 5138/643/516
f 5135/643/519 5139/643/519 5142/643/519
f 5150/643/515 5152/643/515 5148/643/515
f 5148/643/565 5152/643/565 5149/643/565
f 5157/643/576 5160/643/576 5148/643/576
f 5160/643/566 5159/643/566 5147/643/566
f 5155/643/516 5159/643/516 5160/643/516
f 5160/643/564 5158/643/564 5153/643/564
f 5155/643/538 5156/643/538 5152/643/538
f 5156/643/565 5154/643/565 5151/643/565
f 5174/643/541 5176/643/541 5164/643/541
f 5176/643/567 5173/643/567 5161/643/567
f 5165/643/567 5168/643/567 5164/643/567
f 5168/643/515 5167/643/515 5163/643/515
f 5169/643/567 5172/643/567 5168/643/567
f 5172/643/538 5171/643/538 5167/643/538
f 5175/643/567 5176/643/567 5172/643/567
f 5172/643/516 5176/643/516 5174/643/516
f 5162/643/541 5164/643/541 5148/643/541
f 5164/643/515 5161/643/515 5146/643/515
f 5166/643/515 5168/643/515 5152/643/515
f 5168/643/538 5165/643/538 5149/643/538
f 5170/643/538 5172/643/538 5156/643/538
f 5156/643/516 5172/643/516 5169/643/516
f 5157/643/516 5173/643/516 5176/643/516
f 5160/643/541 5176/643/541 5175/643/541
f 5145/643/515 5149/643/515 5165/643/515
f 5159/643/564 5155/643/564 5150/643/564
f 5146/643/566 5161/643/566 5173/643/566
f 5154/643/545 5169/643/545 5166/643/545
f 5158/643/516 5175/643/516 5170/643/516
f 5167/643/519 5171/643/519 5174/643/519
f 5182/643/515 5184/643/515 5180/643/515
f 5180/643/565 5184/643/565 5181/643/565
f 5189/643/576 5192/643/576 5180/643/576
f 5192/643/566 5191/643/566 5179/643/566
f 5187/643/516 5191/643/516 5192/643/516
f 5192/643/564 5190/643/564 5185/643/564
f 5187/643/538 5188/643/538 5184/643/538
f 5188/643/565 5186/643/565 5183/643/565
f 5206/643/541 5208/643/541 5196/643/541
f 5208/643/567 5205/643/567 5193/643/567
f 5197/643/567 5200/643/567 5196/643/567
f 5200/643/515 5199/643/515 5195/643/515
f 5201/643/567 5204/643/567 5200/643/567
f 5204/643/538 5203/643/538 5199/643/538
f 5207/643/567 5208/643/567 5204/643/567
f 5204/643/516 5208/643/516 5206/643/516
f 5194/643/541 5196/643/541 5180/643/541
f 5196/643/558 5193/643/558 5178/643/558
f 5198/643/515 5200/643/515 5184/643/515
f 5200/643/545 5197/643/545 5181/643/545
f 5202/643/538 5204/643/538 5188/643/538
f 5188/643/516 5204/643/516 5201/643/516
f 5189/643/516 5205/643/516 5208/643/516
f 5192/643/541 5208/643/541 5207/643/541
f 5177/643/515 5181/643/515 5197/643/515
f 5191/643/564 5187/643/564 5182/643/564
f 5178/643/566 5193/643/566 5205/643/566
f 5186/643/545 5201/643/545 5198/643/545
f 5190/643/516 5207/643/516 5202/643/516
f 5199/643/519 5203/643/519 5206/643/519
f 5214/643/515 5216/643/515 5212/643/515
f 5216/643/571 5213/643/571 5209/643/571
f 5221/643/576 5224/643/576 5212/643/576
f 5224/643/566 5223/643/566 5211/643/566
f 5219/643/516 5223/643/516 5224/643/516
f 5224/643/564 5222/643/564 5217/643/564
f 5219/643/538 5220/643/538 5216/643/538
f 5220/643/565 5218/643/565 5215/643/565
f 5238/643/541 5240/643/541 5228/643/541
f 5240/643/567 5237/643/567 5225/643/567
f 5229/643/570 5232/643/570 5228/643/570
f 5232/643/515 5231/643/515 5227/643/515
f 5233/643/567 5236/643/567 5232/643/567
f 5236/643/545 5235/643/545 5231/643/545
f 5239/643/519 5240/643/519 5236/643/519
f 5236/643/516 5240/643/516 5238/643/516
f 5226/643/566 5228/643/566 5212/643/566
f 5228/643/515 5225/643/515 5210/643/515
f 5230/643/515 5232/643/515 5216/643/515
f 5232/643/538 5229/643/538 5213/643/538
f 5234/643/538 5236/643/538 5220/643/538
f 5220/643/516 5236/643/516 5233/643/516
f 5221/643/516 5237/643/516 5240/643/516
f 5240/643/569 5239/643/569 5222/643/569
f 5209/643/515 5213/643/515 5229/643/515
f 5223/643/564 5219/643/564 5214/643/564
f 5210/643/566 5225/643/566 5237/643/566
f 5218/643/538 5233/643/538 5230/643/538
f 5222/643/516 5239/643/516 5234/643/516
f 5231/643/519 5235/643/519 5238/643/519
f 5246/643/515 5248/643/515 5244/643/515
f 5248/643/564 5245/643/564 5241/643/564
f 5253/643/576 5256/643/576 5244/643/576
f 5256/643/566 5255/643/566 5243/643/566
f 5251/643/516 5255/643/516 5256/643/516
f 5256/643/565 5254/643/565 5249/643/565
f 5251/643/538 5252/643/538 5248/643/538
f 5252/643/565 5250/643/565 5247/643/565
f 5270/643/541 5272/643/541 5260/643/541
f 5272/643/567 5269/643/567 5257/643/567
f 5261/643/519 5264/643/519 5260/643/519
f 5264/643/515 5263/643/515 5259/643/515
f 5265/643/567 5268/643/567 5264/643/567
f 5268/643/545 5267/643/545 5263/643/545
f 5271/643/567 5272/643/567 5268/643/567
f 5268/643/516 5272/643/516 5270/643/516
f 5258/643/541 5260/643/541 5244/643/541
f 5260/643/515 5257/643/515 5242/643/515
f 5262/643/515 5264/643/515 5248/643/515
f 5264/643/545 5261/643/545 5245/643/545
f 5266/643/538 5268/643/538 5252/643/538
f 5252/643/516 5268/643/516 5265/643/516
f 5253/643/516 5269/643/516 5272/643/516
f 5272/643/541 5271/643/541 5254/643/541
f 5241/643/515 5245/643/515 5261/643/515
f 5255/643/564 5251/643/564 5246/643/564
f 5242/643/566 5257/643/566 5269/643/566
f 5250/643/538 5265/643/538 5262/643/538
f 5254/643/516 5271/643/516 5266/643/516
f 5263/643/519 5267/643/519 5270/643/519
f 5278/643/515 5280/643/515 5276/643/515
f 5280/643/565 5277/643/565 5273/643/565
f 5285/643/576 5288/643/576 5276/643/576
f 5288/643/566 5287/643/566 5275/643/566
f 5283/643/516 5287/643/516 5288/643/516
f 5288/643/564 5286/643/564 5281/643/564
f 5283/643/538 5284/643/538 5280/643/538
f 5284/643/565 5282/643/565 5279/643/565
f 5302/643/541 5304/643/541 5292/643/541
f 5304/643/567 5301/643/567 5289/643/567
f 5293/643/567 5296/643/567 5292/643/567
f 5296/643/515 5295/643/515 5291/643/515
f 5297/643/567 5300/643/567 5296/643/567
f 5300/643/545 5299/643/545 5295/643/545
f 5303/643/567 5304/643/567 5300/643/567
f 5300/643/516 5304/643/516 5302/643/516
f 5290/643/541 5292/643/541 5276/643/541
f 5292/643/515 5289/643/515 5274/643/515
f 5294/643/515 5296/643/515 5280/643/515
f 5296/643/538 5293/643/538 5277/643/538
f 5298/643/538 5300/643/538 5284/643/538
f 5284/643/516 5300/643/516 5297/643/516
f 5285/643/516 5301/643/516 5304/643/516
f 5304/643/566 5303/643/566 5286/643/566
f 5273/643/515 5277/643/515 5293/643/515
f 5287/643/564 5283/643/564 5278/643/564
f 5274/643/566 5289/643/566 5301/643/566
f 5282/643/538 5297/643/538 5294/643/538
f 5286/643/516 5303/643/516 5298/643/516
f 5295/643/519 5299/643/519 5302/643/519
f 5310/643/515 5312/643/515 5308/643/515
f 5312/643/564 5309/643/564 5305/643/564
f 5317/643/576 5320/643/576 5308/643/576
f 5320/643/566 5319/643/566 5307/643/566
f 5315/643/516 5319/643/516 5320/643/516
f 5320/643/564 5318/643/564 5313/643/564
f 5315/643/538 5316/643/538 5312/643/538
f 5316/643/565 5314/643/565 5311/643/565
f 5334/643/541 5336/643/541 5324/643/541
f 5336/643/567 5333/643/567 5321/643/567
f 5325/643/567 5328/643/567 5324/643/567
f 5328/643/515 5327/643/515 5323/643/515
f 5329/643/567 5332/643/567 5328/643/567
f 5332/643/545 5331/643/545 5327/643/545
f 5335/643/567 5336/643/567 5332/643/567
f 5332/643/516 5336/643/516 5334/643/516
f 5322/643/541 5324/643/541 5308/643/541
f 5324/643/558 5321/643/558 5306/643/558
f 5326/643/515 5328/643/515 5312/643/515
f 5328/643/545 5325/643/545 5309/643/545
f 5330/643/538 5332/643/538 5316/643/538
f 5316/643/516 5332/643/516 5329/643/516
f 5317/643/516 5333/643/516 5336/643/516
f 5336/643/566 5335/643/566 5318/643/566
f 5305/643/515 5309/643/515 5325/643/515
f 5319/643/564 5315/643/564 5310/643/564
f 5306/643/566 5321/643/566 5333/643/566
f 5314/643/538 5329/643/538 5326/643/538
f 5318/643/516 5335/643/516 5330/643/516
f 5327/643/519 5331/643/519 5334/643/519
f 5342/643/515 5344/643/515 5340/643/515
f 5344/643/571 5341/643/571 5337/643/571
f 5349/643/565 5352/643/565 5340/643/565
f 5352/643/566 5351/643/566 5339/643/566
f 5347/643/516 5351/643/516 5352/643/516
f 5352/643/564 5350/643/564 5345/643/564
f 5347/643/538 5348/643/538 5344/643/538
f 5348/643/564 5346/643/564 5343/643/564
f 5366/643/541 5368/643/541 5356/643/541
f 5368/643/519 5365/643/519 5353/643/519
f 5357/643/570 5360/643/570 5356/643/570
f 5360/643/515 5359/643/515 5355/643/515
f 5361/643/567 5364/643/567 5360/643/567
f 5364/643/545 5363/643/545 5359/643/545
f 5367/643/519 5368/643/519 5364/643/519
f 5364/643/516 5368/643/516 5366/643/516
f 5354/643/541 5356/643/541 5340/643/541
f 5356/643/515 5353/643/515 5338/643/515
f 5358/643/515 5360/643/515 5344/643/515
f 5360/643/538 5357/643/538 5341/643/538
f 5362/643/538 5364/643/538 5348/643/538
f 5348/643/516 5364/643/516 5361/643/516
f 5349/643/516 5365/643/516 5368/643/516
f 5368/643/566 5367/643/566 5350/643/566
f 5337/643/515 5341/643/515 5357/643/515
f 5351/643/564 5347/643/564 5342/643/564
f 5338/643/566 5353/643/566 5365/643/566
f 5346/643/538 5361/643/538 5358/643/538
f 5350/643/516 5367/643/516 5362/643/516
f 5359/643/519 5363/643/519 5366/643/519
f 5374/643/515 5376/643/515 5372/643/515
f 5376/643/564 5373/643/564 5369/643/564
f 5381/643/565 5384/643/565 5372/643/565
f 5384/643/566 5383/643/566 5371/643/566
f 5379/643/516 5383/643/516 5384/643/516
f 5384/643/565 5382/643/565 5377/643/565
f 5379/643/538 5380/643/538 5376/643/538
f 5380/643/564 5378/643/564 5375/643/564
f 5398/643/541 5400/643/541 5388/643/541
f 5400/643/519 5397/643/519 5385/643/519
f 5389/643/519 5392/643/519 5388/643/519
f 5392/643/515 5391/643/515 5387/643/515
f 5393/643/567 5396/643/567 5392/643/567
f 5396/643/545 5395/643/545 5391/643/545
f 5399/643/567 5400/643/567 5396/643/567
f 5396/643/516 5400/643/516 5398/643/516
f 5386/643/541 5388/643/541 5372/643/541
f 5388/643/515 5385/643/515 5370/643/515
f 5390/643/515 5392/643/515 5376/643/515
f 5392/643/545 5389/643/545 5373/643/545
f 5394/643/538 5396/643/538 5380/643/538
f 5380/643/516 5396/643/516 5393/643/516
f 5381/643/516 5397/643/516 5400/643/516
f 5400/643/541 5399/643/541 5382/643/541
f 5369/643/515 5373/643/515 5389/643/515
f 5383/643/564 5379/643/564 5374/643/564
f 5370/643/566 5385/643/566 5397/643/566
f 5378/643/538 5393/643/538 5390/643/538
f 5382/643/516 5399/643/516 5394/643/516
f 5391/643/519 5395/643/519 5398/643/519
f 5406/643/515 5408/643/515 5404/643/515
f 5408/643/565 5405/643/565 5401/643/565
f 5413/643/565 5416/643/565 5404/643/565
f 5416/643/566 5415/643/566 5403/643/566
f 5411/643/516 5415/643/516 5416/643/516
f 5416/643/564 5414/643/564 5409/643/564
f 5411/643/538 5412/643/538 5408/643/538
f 5412/643/564 5410/643/564 5407/643/564
f 5430/643/541 5432/643/541 5420/643/541
f 5432/643/519 5429/643/519 5417/643/519
f 5421/643/567 5424/643/567 5420/643/567
f 5424/643/515 5423/643/515 5419/643/515
f 5425/643/567 5428/643/567 5424/643/567
f 5428/643/545 5427/643/545 5423/643/545
f 5431/643/567 5432/643/567 5428/643/567
f 5428/643/516 5432/643/516 5430/643/516
f 5418/643/541 5420/643/541 5404/643/541
f 5420/643/515 5417/643/515 5402/643/515
f 5422/643/515 5424/643/515 5408/643/515
f 5424/643/538 5421/643/538 5405/643/538
f 5426/643/538 5428/643/538 5412/643/538
f 5412/643/516 5428/643/516 5425/643/516
f 5413/643/516 5429/643/516 5432/643/516
f 5432/643/566 5431/643/566 5414/643/566
f 5401/643/515 5405/643/515 5421/643/515
f 5415/643/564 5411/643/564 5406/643/564
f 5402/643/566 5417/643/566 5429/643/566
f 5410/643/538 5425/643/538 5422/643/538
f 5414/643/516 5431/643/516 5426/643/516
f 5423/643/519 5427/643/519 5430/643/519
f 5438/643/515 5440/643/515 5436/643/515
f 5440/643/564 5437/643/564 5433/643/564
f 5445/643/565 5448/643/565 5436/643/565
f 5448/643/566 5447/643/566 5435/643/566
f 5443/643/516 5447/643/516 5448/643/516
f 5448/643/564 5446/643/564 5441/643/564
f 5443/643/538 5444/643/538 5440/643/538
f 5444/643/564 5442/643/564 5439/643/564
f 5462/643/541 5464/643/541 5452/643/541
f 5464/643/519 5461/643/519 5449/643/519
f 5453/643/567 5456/643/567 5452/643/567
f 5456/643/515 5455/643/515 5451/643/515
f 5457/643/567 5460/643/567 5456/643/567
f 5460/643/545 5459/643/545 5455/643/545
f 5463/643/567 5464/643/567 5460/643/567
f 5460/643/516 5464/643/516 5462/643/516
f 5450/643/541 5452/643/541 5436/643/541
f 5452/643/558 5449/643/558 5434/643/558
f 5454/643/515 5456/643/515 5440/643/515
f 5456/643/545 5453/643/545 5437/643/545
f 5458/643/538 5460/643/538 5444/643/538
f 5444/643/516 5460/643/516 5457/643/516
f 5445/643/516 5461/643/516 5464/643/516
f 5464/643/566 5463/643/566 5446/643/566
f 5433/643/515 5437/643/515 5453/643/515
f 5447/643/564 5443/643/564 5438/643/564
f 5434/643/566 5449/643/566 5461/643/566
f 5442/643/538 5457/643/538 5454/643/538
f 5446/643/516 5463/643/516 5458/643/516
f 5455/643/519 5459/643/519 5462/643/519
f 5470/643/515 5472/643/515 5468/643/515
f 5472/643/571 5469/643/571 5465/643/571
f 5477/643/576 5480/643/576 5468/643/576
f 5480/643/566 5479/643/566 5467/643/566
f 5475/643/516 5479/643/516 5480/643/516
f 5480/643/564 5478/643/564 5473/643/564
f 5475/643/538 5476/643/538 5472/643/538
f 5476/643/565 5474/643/565 5471/643/565
f 5494/643/541 5496/643/541 5484/643/541
f 5496/643/567 5493/643/567 5481/643/567
f 5485/643/570 5488/643/570 5484/643/570
f 5488/643/515 5487/643/515 5483/643/515
f 5489/643/567 5492/643/567 5488/643/567
f 5492/643/545 5491/643/545 5487/643/545
f 5495/643/519 5496/643/519 5492/643/519
f 5492/643/516 5496/643/516 5494/643/516
f 5482/643/541 5484/643/541 5468/643/541
f 5484/643/515 5481/643/515 5466/643/515
f 5486/643/515 5488/643/515 5472/643/515
f 5488/643/538 5485/643/538 5469/643/538
f 5490/643/538 5492/643/538 5476/643/538
f 5476/643/516 5492/643/516 5489/643/516
f 5477/643/516 5493/643/516 5496/643/516
f 5496/643/566 5495/643/566 5478/643/566
f 5465/643/515 5469/643/515 5485/643/515
f 5479/643/564 5475/643/564 5470/643/564
f 5466/643/566 5481/643/566 5493/643/566
f 5474/643/538 5489/643/538 5486/643/538
f 5478/643/516 5495/643/516 5490/643/516
f 5487/643/519 5491/643/519 5494/643/519
f 5502/643/515 5504/643/515 5500/643/515
f 5504/643/564 5501/643/564 5497/643/564
f 5509/643/576 5512/643/576 5500/643/576
f 5512/643/566 5511/643/566 5499/643/566
f 5507/643/516 5511/643/516 5512/643/516
f 5512/643/565 5510/643/565 5505/643/565
f 5507/643/538 5508/643/538 5504/643/538
f 5508/643/565 5506/643/565 5503/643/565
f 5526/643/541 5528/643/541 5516/643/541
f 5528/643/567 5525/643/567 5513/643/567
f 5517/643/519 5520/643/519 5516/643/519
f 5520/643/515 5519/643/515 5515/643/515
f 5521/643/567 5524/643/567 5520/643/567
f 5524/643/545 5523/643/545 5519/643/545
f 5527/643/567 5528/643/567 5524/643/567
f 5524/643/516 5528/643/516 5526/643/516
f 5514/643/541 5516/643/541 5500/643/541
f 5516/643/515 5513/643/515 5498/643/515
f 5518/643/515 5520/643/515 5504/643/515
f 5520/643/545 5517/643/545 5501/643/545
f 5522/643/538 5524/643/538 5508/643/538
f 5508/643/516 5524/643/516 5521/643/516
f 5509/643/516 5525/643/516 5528/643/516
f 5528/643/541 5527/643/541 5510/643/541
f 5497/643/515 5501/643/515 5517/643/515
f 5511/643/564 5507/643/564 5502/643/564
f 5498/643/566 5513/643/566 5525/643/566
f 5506/643/538 5521/643/538 5518/643/538
f 5510/643/516 5527/643/516 5522/643/516
f 5519/643/519 5523/643/519 5526/643/519
f 5534/643/515 5536/643/515 5532/643/515
f 5536/643/565 5533/643/565 5529/643/565
f 5541/643/576 5544/643/576 5532/643/576
f 5544/643/566 5543/643/566 5531/643/566
f 5539/643/516 5543/643/516 5544/643/516
f 5544/643/564 5542/643/564 5537/643/564
f 5539/643/538 5540/643/538 5536/643/538
f 5540/643/565 5538/643/565 5535/643/565
f 5558/643/541 5560/643/541 5548/643/541
f 5560/643/567 5557/643/567 5545/643/567
f 5549/643/567 5552/643/567 5548/643/567
f 5552/643/515 5551/643/515 5547/643/515
f 5553/643/567 5556/643/567 5552/643/567
f 5556/643/545 5555/643/545 5551/643/545
f 5559/643/567 5560/643/567 5556/643/567
f 5556/643/516 5560/643/516 5558/643/516
f 5546/643/541 5548/643/541 5532/643/541
f 5548/643/515 5545/643/515 5530/643/515
f 5550/643/515 5552/643/515 5536/643/515
f 5552/643/538 5549/643/538 5533/643/538
f 5554/643/538 5556/643/538 5540/643/538
f 5540/643/516 5556/643/516 5553/643/516
f 5541/643/516 5557/643/516 5560/643/516
f 5560/643/566 5559/643/566 5542/643/566
f 5529/643/515 5533/643/515 5549/643/515
f 5543/643/564 5539/643/564 5534/643/564
f 5530/643/566 5545/643/566 5557/643/566
f 5538/643/538 5553/643/538 5550/643/538
f 5542/643/516 5559/643/516 5554/643/516
f 5551/643/519 5555/643/519 5558/643/519
f 5566/643/515 5568/643/515 5564/643/515
f 5568/643/564 5565/643/564 5561/643/564
f 5573/643/576 5576/643/576 5564/643/576
f 5576/643/566 5575/643/566 5563/643/566
f 5571/643/516 5575/643/516 5576/643/516
f 5576/643/564 5574/643/564 5569/643/564
f 5571/643/538 5572/643/538 5568/643/538
f 5572/643/565 5570/643/565 5567/643/565
f 5590/643/541 5592/643/541 5580/643/541
f 5592/643/567 5589/643/567 5577/643/567
f 5581/643/567 5584/643/567 5580/643/567
f 5584/643/515 5583/643/515 5579/643/515
f 5585/643/567 5588/643/567 5584/643/567
f 5588/643/545 5587/643/545 5583/643/545
f 5591/643/567 5592/643/567 5588/643/567
f 5588/643/516 5592/643/516 5590/643/516
f 5578/643/541 5580/643/541 5564/643/541
f 5580/643/558 5577/643/558 5562/643/558
f 5582/643/515 5584/643/515 5568/643/515
f 5584/643/545 5581/643/545 5565/643/545
f 5586/643/538 5588/643/538 5572/643/538
f 5572/643/516 5588/643/516 5585/643/516
f 5573/643/516 5589/643/516 5592/643/516
f 5592/643/566 5591/643/566 5574/643/566
f 5561/643/515 5565/643/515 5581/643/515
f 5575/643/564 5571/643/564 5566/643/564
f 5562/643/566 5577/643/566 5589/643/566
f 5570/643/538 5585/643/538 5582/643/538
f 5574/643/516 5591/643/516 5586/643/516
f 5583/643/519 5587/643/519 5590/643/519
usemtl Icing
f 3738/644/522 3739/645/522 3737/646/522
f 3740/647/523 3741/648/523 3739/645/523
f 3742/649/524 3743/650/524 3741/648/524
f 3744/651/525 3745/652/525 3743/650/525
f 3745/652/526 3748/653/526 3747/654/526
f 3747/654/527 3750/655/527 3749/656/527
f 3746/657/528 3744/658/528 3742/659/528
f 3749/656/529 3752/660/529 3751/661/529
f 3751/661/530 3738/662/530 3737/663/530
f 3743/664/531 3747/665/531 3751/666/531
f 3754/644/532 3755/645/532 3753/646/532
f 3756/647/533 3757/648/533 3755/645/533
f 3758/649/534 3759/650/534 3757/648/534
f 3760/651/535 3761/652/535 3759/650/535
f 3761/652/536 3764/653/536 3763/654/536
f 3763/654/537 3766/655/537 3765/656/537
f 3760/658/538 3758/659/538 3766/667/538
f 3765/656/539 3768/660/539 3767/661/539
f 3767/661/540 3754/662/540 3753/663/540
f 3759/664/541 3763/665/541 3767/666/541
f 3770/644/542 3771/645/542 3769/646/542
f 3772/647/523 3773/648/523 3771/645/523
f 3774/649/524 3775/650/524 3773/648/524
f 3776/651/525 3777/652/525 3775/650/525
f 3777/652/526 3780/653/526 3779/654/526
f 3779/654/527 3782/655/527 3781/656/527
f 3776/658/543 3774/659/543 3782/667/543
f 3781/656/529 3784/660/529 3783/661/529
f 3783/661/530 3770/662/530 3769/663/530
f 3779/665/544 3781/668/544 3783/666/544
f 3786/644/532 3787/645/532 3785/646/532
f 3788/647/533 3789/648/533 3787/645/533
f 3790/649/534 3791/650/534 3789/648/534
f 3792/651/535 3793/652/535 3791/650/535
f 3793/652/536 3796/653/536 3795/654/536
f 3795/654/537 3798/655/537 3797/656/537
f 3794/657/545 3792/658/545 3790/659/545
f 3797/656/539 3800/660/539 3799/661/539
f 3799/661/546 3786/662/546 3785/663/546
f 3791/664/541 3795/665/541 3799/666/541
f 5598/643/515 5596/643/515 5595/643/515
f 5600/643/517 5593/643/517 5596/643/517
f 5605/643/517 5596/643/517 5594/643/517
f 5608/643/521 5595/643/521 5596/643/521
f 5607/643/516 5604/643/516 5603/643/516
f 5608/643/517 5601/643/517 5604/643/517
f 5603/643/518 5600/643/518 5598/643/518
f 5604/643/517 5599/643/517 5600/643/517
f 5622/643/521 5612/643/521 5611/643/521
f 5624/643/574 5609/643/574 5612/643/574
f 5613/643/574 5612/643/574 5610/643/574
f 5616/643/515 5611/643/515 5612/643/515
f 5617/643/574 5616/643/574 5614/643/574
f 5620/643/518 5615/643/518 5616/643/518
f 5623/643/574 5620/643/574 5618/643/574
f 5624/643/516 5619/643/516 5620/643/516
f 5610/643/521 5596/643/521 5593/643/521
f 5612/643/515 5594/643/515 5596/643/515
f 5614/643/515 5600/643/515 5599/643/515
f 5616/643/518 5597/643/518 5600/643/518
f 5618/643/518 5604/643/518 5601/643/518
f 5620/643/516 5602/643/516 5604/643/516
f 5621/643/516 5608/643/516 5605/643/516
f 5624/643/521 5606/643/521 5608/643/521
f 5597/643/515 5610/643/515 5593/643/515
f 5607/643/517 5598/643/517 5595/643/517
f 5594/643/521 5621/643/521 5605/643/521
f 5602/643/518 5614/643/518 5599/643/518
f 5606/643/516 5618/643/516 5601/643/516
f 5615/643/574 5622/643/574 5611/643/574
f 3738/644/522 3740/647/522 3739/645/522
f 3740/647/523 3742/649/523 3741/648/523
f 3742/649/524 3744/651/524 3743/650/524
f 3744/651/525 3746/669/525 3745/652/525
f 3745/652/526 3746/669/526 3748/653/526
f 3747/654/527 3748/653/527 3750/655/527
f 3742/659/552 3740/670/552 3738/671/552
f 3738/671/528 3752/672/528 3742/659/528
f 3752/672/552 3750/667/552 3742/659/552
f 3750/667/552 3748/673/552 3742/659/552
f 3748/673/543 3746/657/543 3742/659/543
f 3749/656/529 3750/655/529 3752/660/529
f 3751/661/530 3752/660/530 3738/662/530
f 3751/666/531 3737/674/531 3739/675/531
f 3739/675/531 3741/676/531 3743/664/531
f 3743/664/547 3745/677/547 3747/665/547
f 3747/665/531 3749/668/531 3751/666/531
f 3751/666/531 3739/675/531 3743/664/531
f 3754/644/532 3756/647/532 3755/645/532
f 3756/647/533 3758/649/533 3757/648/533
f 3758/649/534 3760/651/534 3759/650/534
f 3760/651/535 3762/669/535 3761/652/535
f 3761/652/536 3762/669/536 3764/653/536
f 3763/654/537 3764/653/537 3766/655/537
f 3758/659/538 3756/670/538 3766/667/538
f 3756/670/545 3754/671/545 3766/667/545
f 3754/671/538 3768/672/538 3766/667/538
f 3766/667/538 3764/673/538 3762/657/538
f 3762/657/568 3760/658/568 3766/667/568
f 3765/656/539 3766/655/539 3768/660/539
f 3767/661/540 3768/660/540 3754/662/540
f 3767/666/541 3753/674/541 3755/675/541
f 3755/675/541 3757/676/541 3759/664/541
f 3759/664/566 3761/677/566 3763/665/566
f 3763/665/541 3765/668/541 3767/666/541
f 3767/666/541 3755/675/541 3759/664/541
f 3770/644/522 3772/647/522 3771/645/522
f 3772/647/523 3774/649/523 3773/648/523
f 3774/649/524 3776/651/524 3775/650/524
f 3776/651/525 3778/669/525 3777/652/525
f 3777/652/526 3778/669/526 3780/653/526
f 3779/654/527 3780/653/527 3782/655/527
f 3774/659/552 3772/670/552 3782/667/552
f 3772/670/552 3770/671/552 3782/667/552
f 3770/671/528 3784/672/528 3782/667/528
f 3782/667/528 3780/673/528 3778/657/528
f 3778/657/552 3776/658/552 3782/667/552
f 3781/656/529 3782/655/529 3784/660/529
f 3783/661/530 3784/660/530 3770/662/530
f 3783/666/531 3769/674/531 3771/675/531
f 3771/675/531 3773/676/531 3783/666/531
f 3773/676/531 3775/664/531 3783/666/531
f 3775/664/531 3777/677/531 3783/666/531
f 3777/677/547 3779/665/547 3783/666/547
f 3786/644/532 3788/647/532 3787/645/532
f 3788/647/533 3790/649/533 3789/648/533
f 3790/649/534 3792/651/534 3791/650/534
f 3792/651/535 3794/669/535 3793/652/535
f 3793/652/536 3794/669/536 3796/653/536
f 3795/654/537 3796/653/537 3798/655/537
f 3790/659/545 3788/670/545 3786/671/545
f 3786/671/538 3800/672/538 3790/659/538
f 3800/672/538 3798/667/538 3790/659/538
f 3798/667/568 3796/673/568 3790/659/568
f 3796/673/538 3794/657/538 3790/659/538
f 3797/656/539 3798/655/539 3800/660/539
f 3799/661/540 3800/660/540 3786/662/540
f 3799/666/541 3785/674/541 3787/675/541
f 3787/675/569 3789/676/569 3791/664/569
f 3791/664/541 3793/677/541 3795/665/541
f 3795/665/566 3797/668/566 3799/666/566
f 3799/666/541 3787/675/541 3791/664/541
f 5598/643/515 5600/643/515 5596/643/515
f 5600/643/517 5597/643/517 5593/643/517
f 5605/643/517 5608/643/517 5596/643/517
f 5608/643/521 5607/643/521 5595/643/521
f 5607/643/516 5608/643/516 5604/643/516
f 5608/643/517 5606/643/517 5601/643/517
f 5603/643/518 5604/643/518 5600/643/518
f 5604/643/517 5602/643/517 5599/643/517
f 5622/643/521 5624/643/521 5612/643/521
f 5624/643/574 5621/643/574 5609/643/574
f 5613/643/574 5616/643/574 5612/643/574
f 5616/643/515 5615/643/515 5611/643/515
f 5617/643/574 5620/643/574 5616/643/574
f 5620/643/518 5619/643/518 5615/643/518
f 5623/643/574 5624/643/574 5620/643/574
f 5624/643/516 5622/643/516 5619/643/516
f 5610/643/521 5612/643/521 5596/643/521
f 5612/643/515 5609/643/515 5594/643/515
f 5614/643/515 5616/643/515 5600/643/515
f 5616/643/518 5613/643/518 5597/643/518
f 5618/643/518 5620/643/518 5604/643/518
f 5620/643/516 5617/643/516 5602/643/516
f 5621/643/516 5624/643/516 5608/643/516
f 5624/643/521 5623/643/521 5606/643/521
f 5597/643/515 5613/643/515 5610/643/515
f 5607/643/517 5603/643/517 5598/643/517
f 5594/643/521 5609/643/521 5621/643/521
f 5602/643/518 5617/643/518 5614/643/518
f 5606/643/516 5623/643/516 5618/643/516
f 5615/643/574 5619/643/574 5622/643/574
o Entrance_01
v 2.750000 1.100000 -0.725000
v -2.750000 1.100000 -0.725000
v -2.750000 5.800000 -0.725000
v -2.656296 6.511753 -0.725000
v -2.381570 7.175000 -0.725000
v -1.944544 7.744544 -0.725000
v -1.375000 8.181570 -0.725000
v -0.711752 8.456296 -0.725000
v -0.000000 8.550000 -0.725000
v 0.711752 8.456296 -0.725000
v 1.375000 8.181570 -0.725000
v 1.944544 7.744544 -0.725000
v 2.381570 7.175000 -0.725000
v 2.656296 6.511753 -0.725000
v 2.750000 5.800000 -0.725000
v 2.750000 1.100000 -0.375000
v -2.750000 1.100000 -0.375000
v -2.750000 5.800000 -0.375000
v -2.656296 6.511753 -0.375000
v -2.381570 7.175000 -0.375000
v -1.944544 7.744544 -0.375000
v -1.375000 8.181570 -0.375000
v -0.711752 8.456296 -0.375000
v -0.000000 8.550000 -0.375000
v 0.711752 8.456296 -0.375000
v 1.375000 8.181570 -0.375000
v 1.944544 7.744544 -0.375000
v 2.381570 7.175000 -0.375000
v 2.656296 6.511753 -0.375000
v 2.750000 5.800000 -0.375000
v -1.569000 3.790000 -1.020000
v -1.546500 3.790000 -1.058971
v -1.501500 3.790000 -1.058971
v -1.479000 3.790000 -1.020000
v -1.501500 3.790000 -0.981029
v -1.546500 3.790000 -0.981029
v -1.526029 3.922252 -1.020000
v -1.507826 3.909026 -1.058971
v -1.471420 3.882576 -1.058971
v -1.453217 3.869351 -1.020000
v -1.471420 3.882576 -0.981029
v -1.507826 3.909026 -0.981029
v -1.413529 4.003988 -1.020000
v -1.406576 3.982589 -1.058971
v -1.392670 3.939791 -1.058971
v -1.385717 3.918393 -1.020000
v -1.392670 3.939791 -0.981029
v -1.406576 3.982589 -0.981029
v -1.274471 4.003988 -1.020000
v -1.281424 3.982589 -1.058971
v -1.295330 3.939791 -1.058971
v -1.302283 3.918393 -1.020000
v -1.295330 3.939791 -0.981029
v -1.281424 3.982589 -0.981029
v -1.161971 3.922252 -1.020000
v -1.180174 3.909026 -1.058971
v -1.216580 3.882576 -1.058971
v -1.234783 3.869351 -1.020000
v -1.216580 3.882576 -0.981029
v -1.180174 3.909026 -0.981029
v -1.119000 3.790000 -1.020000
v -1.141500 3.790000 -1.058971
v -1.186500 3.790000 -1.058971
v -1.209000 3.790000 -1.020000
v -1.186500 3.790000 -0.981029
v -1.141500 3.790000 -0.981029
v -1.161971 3.657748 -1.020000
v -1.180174 3.670974 -1.058971
v -1.216580 3.697424 -1.058971
v -1.234783 3.710649 -1.020000
v -1.216580 3.697424 -0.981029
v -1.180174 3.670974 -0.981029
v -1.274471 3.576012 -1.020000
v -1.281424 3.597411 -1.058971
v -1.295330 3.640208 -1.058971
v -1.302283 3.661607 -1.020000
v -1.295330 3.640208 -0.981029
v -1.281424 3.597411 -0.981029
v -1.413529 3.576012 -1.020000
v -1.406576 3.597411 -1.058971
v -1.392670 3.640208 -1.058971
v -1.385717 3.661607 -1.020000
v -1.392670 3.640208 -0.981029
v -1.406576 3.597411 -0.981029
v -1.526029 3.657748 -1.020000
v -1.507826 3.670973 -1.058971
v -1.471420 3.697424 -1.058971
v -1.453217 3.710649 -1.020000
v -1.471420 3.697424 -0.981029
v -1.507826 3.670973 -0.981029
v 2.400000 1.270000 -0.910000
v -2.400000 1.270000 -0.910000
v -2.400000 5.750000 -0.910000
v -2.318222 6.371166 -0.910000
v -2.078461 6.950000 -0.910000
v -1.697056 7.447056 -0.910000
v -1.200000 7.828461 -0.910000
v -0.621166 8.068222 -0.910000
v -0.000000 8.150000 -0.910000
v 0.621166 8.068222 -0.910000
v 1.200000 7.828461 -0.910000
v 1.697056 7.447056 -0.910000
v 2.078461 6.950000 -0.910000
v 2.318222 6.371166 -0.910000
v 2.400000 5.750000 -0.910000
v 2.400000 1.270000 -0.730000
v -2.400000 1.270000 -0.730000
v -2.400000 5.750000 -0.730000
v -2.318222 6.371166 -0.730000
v -2.078461 6.950000 -0.730000
v -1.697056 7.447056 -0.730000
v -1.200000 7.828461 -0.730000
v -0.621166 8.068222 -0.730000
v -0.000000 8.150000 -0.730000
v 0.621166 8.068222 -0.730000
v 1.200000 7.828461 -0.730000
v 1.697056 7.447056 -0.730000
v 2.078461 6.950000 -0.730000
v 2.318222 6.371166 -0.730000
v 2.400000 5.750000 -0.730000
v 1.457500 1.340000 -0.970000
v 1.422500 1.340000 -0.970000
v 1.422500 1.340000 -0.930000
v 1.457500 1.340000 -0.930000
v 1.457500 6.660000 -0.970000
v 1.422500 6.660000 -0.970000
v 1.422500 6.660000 -0.930000
v 1.457500 6.660000 -0.930000
v 0.017500 1.340000 -0.970000
v -0.017500 1.340000 -0.970000
v -0.017500 1.340000 -0.930000
v 0.017500 1.340000 -0.930000
v 0.017500 6.660000 -0.970000
v -0.017500 6.660000 -0.970000
v -0.017500 6.660000 -0.930000
v 0.017500 6.660000 -0.930000
v -1.422500 1.340000 -0.970000
v -1.457500 1.340000 -0.970000
v -1.457500 1.340000 -0.930000
v -1.422500 1.340000 -0.930000
v -1.422500 6.660000 -0.970000
v -1.457500 6.660000 -0.970000
v -1.457500 6.660000 -0.930000
v -1.422500 6.660000 -0.930000
vn -0.0000 -0.0000 -1.0000
vn -0.0000 -0.0000 1.0000
vn -0.0000 -1.0000 -0.0000
vn -1.0000 -0.0000 -0.0000
vn -0.9914 0.1305 -0.0000
vn -0.9239 0.3827 -0.0000
vn -0.7934 0.6088 -0.0000
vn -0.6088 0.7934 -0.0000
vn -0.3827 0.9239 -0.0000
vn -0.1305 0.9914 -0.0000
vn 0.1305 0.9914 -0.0000
vn 0.3827 0.9239 -0.0000
vn 0.6088 0.7934 -0.0000
vn 0.7934 0.6088 -0.0000
vn 0.9239 0.3827 -0.0000
vn 0.9914 0.1305 -0.0000
vn 1.0000 -0.0000 -0.0000
vn -0.8337 0.2709 -0.4813
vn 0.8337 -0.2709 -0.4813
vn 0.8336 -0.2709 0.4813
vn -0.8336 0.2709 0.4813
vn -0.5152 0.7091 -0.4813
vn 0.5152 -0.7091 -0.4813
vn 0.5152 -0.7091 0.4813
vn -0.5152 0.7091 0.4813
vn -0.0000 0.8766 -0.4813
vn -0.0000 -0.8766 -0.4813
vn -0.0000 -0.8766 0.4813
vn -0.0000 0.8766 0.4813
vn 0.5152 0.7091 -0.4813
vn -0.5152 -0.7091 -0.4813
vn -0.5152 -0.7091 0.4813
vn 0.5152 0.7091 0.4813
vn 0.8337 0.2709 -0.4813
vn -0.8337 -0.2709 -0.4813
vn -0.8336 -0.2709 0.4813
vn 0.8337 0.2709 0.4813
vn 0.8336 -0.2709 -0.4813
vn -0.8336 0.2709 -0.4813
vn -0.8336 -0.2709 -0.4813
vn -0.0000 1.0000 -0.0000
vn 0.8337 -0.2709 0.4813
vn -0.8337 0.2709 0.4813
vn 0.8336 0.2709 0.4813
vn 0.8336 0.2709 -0.4813
vt 0.000000 0.000000
vt 0.600000 0.500000
vt 0.700000 0.666667
vt 0.600000 0.666667
vt 0.600000 0.833333
vt 0.700000 1.000000
vt 0.600000 1.000000
vt 0.700000 -0.000000
vt 0.600000 0.166667
vt 0.600000 -0.000000
vt 0.700000 0.333333
vt 0.600000 0.333333
vt 0.700000 0.500000
vt 0.800000 0.666667
vt 0.700000 0.833333
vt 0.800000 1.000000
vt 0.800000 -0.000000
vt 0.700000 0.166667
vt 0.800000 0.333333
vt 0.900000 0.500000
vt 0.800000 0.500000
vt 0.900000 0.666667
vt 0.800000 0.833333
vt 0.900000 0.833333
vt 0.900000 -0.000000
vt 0.800000 0.166667
vt 0.900000 0.166667
vt 0.900000 0.333333
vt 1.000000 0.500000
vt 1.000000 0.666667
vt 1.000000 0.833333
vt 0.900000 1.000000
vt 1.000000 -0.000000
vt 1.000000 0.333333
vt 0.100000 0.500000
vt -0.000000 0.666667
vt -0.000000 0.500000
vt 0.100000 0.666667
vt -0.000000 0.833333
vt 0.100000 1.000000
vt -0.000000 1.000000
vt 0.100000 -0.000000
vt -0.000000 0.166667
vt -0.000000 -0.000000
vt 0.100000 0.333333
vt -0.000000 0.333333
vt 0.200000 0.666667
vt 0.200000 0.833333
vt 0.100000 0.833333
vt 0.200000 0.166667
vt 0.100000 0.166667
vt 0.200000 0.333333
vt 0.200000 0.500000
vt 0.300000 0.666667
vt 0.300000 0.833333
vt 0.200000 1.000000
vt 0.300000 -0.000000
vt 0.200000 -0.000000
vt 0.300000 0.166667
vt 0.300000 0.333333
vt 0.400000 0.500000
vt 0.300000 0.500000
vt 0.400000 0.666667
vt 0.400000 0.833333
vt 0.300000 1.000000
vt 0.400000 -0.000000
vt 0.400000 0.166667
vt 0.400000 0.333333
vt 0.500000 0.666667
vt 0.500000 0.833333
vt 0.400000 1.000000
vt 0.500000 0.166667
vt 0.500000 0.333333
vt 0.500000 0.500000
vt 0.500000 1.000000
vt 0.500000 -0.000000
vt 1.000000 1.000000
vt 1.000000 0.166667
s 0
usemtl Icing
f 5629/678/579 5633/678/579 5637/678/579
f 5650/678/580 5646/678/580 5642/678/580
f 5640/678/581 5626/678/581 5625/678/581
f 5641/678/582 5627/678/582 5626/678/582
f 5642/678/583 5628/678/583 5627/678/583
f 5643/678/584 5629/678/584 5628/678/584
f 5644/678/585 5630/678/585 5629/678/585
f 5645/678/586 5631/678/586 5630/678/586
f 5646/678/587 5632/678/587 5631/678/587
f 5647/678/588 5633/678/588 5632/678/588
f 5648/678/589 5634/678/589 5633/678/589
f 5649/678/590 5635/678/590 5634/678/590
f 5650/678/591 5636/678/591 5635/678/591
f 5651/678/592 5637/678/592 5636/678/592
f 5652/678/593 5638/678/593 5637/678/593
f 5653/678/594 5639/678/594 5638/678/594
f 5654/678/595 5625/678/595 5639/678/595
f 5638/678/579 5639/678/579 5627/678/579
f 5639/678/579 5625/678/579 5627/678/579
f 5625/678/579 5626/678/579 5627/678/579
f 5627/678/579 5628/678/579 5629/678/579
f 5629/678/579 5630/678/579 5631/678/579
f 5631/678/579 5632/678/579 5629/678/579
f 5632/678/579 5633/678/579 5629/678/579
f 5633/678/579 5634/678/579 5637/678/579
f 5634/678/579 5635/678/579 5637/678/579
f 5635/678/579 5636/678/579 5637/678/579
f 5637/678/579 5638/678/579 5627/678/579
f 5627/678/579 5629/678/579 5637/678/579
f 5641/678/580 5640/678/580 5654/678/580
f 5654/678/580 5653/678/580 5652/678/580
f 5652/678/580 5651/678/580 5654/678/580
f 5651/678/580 5650/678/580 5654/678/580
f 5650/678/580 5649/678/580 5648/678/580
f 5648/678/580 5647/678/580 5650/678/580
f 5647/678/580 5646/678/580 5650/678/580
f 5646/678/580 5645/678/580 5642/678/580
f 5645/678/580 5644/678/580 5642/678/580
f 5644/678/580 5643/678/580 5642/678/580
f 5642/678/580 5641/678/580 5654/678/580
f 5642/678/580 5654/678/580 5650/678/580
f 5640/678/581 5641/678/581 5626/678/581
f 5641/678/582 5642/678/582 5627/678/582
f 5642/678/583 5643/678/583 5628/678/583
f 5643/678/584 5644/678/584 5629/678/584
f 5644/678/585 5645/678/585 5630/678/585
f 5645/678/586 5646/678/586 5631/678/586
f 5646/678/587 5647/678/587 5632/678/587
f 5647/678/588 5648/678/588 5633/678/588
f 5648/678/589 5649/678/589 5634/678/589
f 5649/678/590 5650/678/590 5635/678/590
f 5650/678/591 5651/678/591 5636/678/591
f 5651/678/592 5652/678/592 5637/678/592
f 5652/678/593 5653/678/593 5638/678/593
f 5653/678/594 5654/678/594 5639/678/594
f 5654/678/595 5640/678/595 5625/678/595
usemtl Gold
f 5655/679/596 5662/680/596 5656/681/596
f 5662/680/579 5657/682/579 5656/681/579
f 5657/682/597 5664/683/597 5658/684/597
f 5664/685/598 5659/686/598 5658/687/598
f 5659/686/580 5666/688/580 5660/689/580
f 5666/688/599 5655/679/599 5660/689/599
f 5661/690/600 5668/691/600 5662/680/600
f 5668/691/579 5663/692/579 5662/680/579
f 5663/692/601 5670/693/601 5664/683/601
f 5670/694/602 5665/695/602 5664/685/602
f 5665/695/580 5672/696/580 5666/688/580
f 5672/696/603 5661/690/603 5666/688/603
f 5673/697/604 5668/691/604 5667/698/604
f 5674/699/579 5669/700/579 5668/691/579
f 5675/701/605 5670/693/605 5669/700/605
f 5676/702/606 5671/703/606 5670/694/606
f 5677/704/580 5672/696/580 5671/703/580
f 5678/705/607 5667/698/607 5672/696/607
f 5679/706/608 5674/699/608 5673/697/608
f 5680/707/579 5675/701/579 5674/699/579
f 5681/708/609 5676/709/609 5675/701/609
f 5682/710/610 5677/704/610 5676/702/610
f 5677/704/580 5684/711/580 5678/705/580
f 5678/705/611 5679/706/611 5673/697/611
f 5685/712/612 5680/713/612 5679/714/612
f 5686/715/579 5681/716/579 5680/713/579
f 5681/716/613 5688/717/613 5682/718/613
f 5688/719/614 5683/720/614 5682/721/614
f 5683/720/580 5690/722/580 5684/723/580
f 5684/723/615 5685/712/615 5679/714/615
f 5685/712/616 5692/724/616 5686/715/616
f 5686/715/579 5693/725/579 5687/726/579
f 5693/725/617 5688/717/617 5687/726/617
f 5688/719/599 5695/727/599 5689/728/599
f 5695/727/580 5690/722/580 5689/728/580
f 5696/729/598 5685/712/598 5690/722/598
f 5691/730/601 5698/731/601 5692/724/601
f 5692/724/579 5699/732/579 5693/725/579
f 5699/732/600 5694/733/600 5693/725/600
f 5700/734/603 5695/727/603 5694/735/603
f 5701/736/580 5696/729/580 5695/727/580
f 5702/737/602 5691/730/602 5696/729/602
f 5703/738/605 5698/731/605 5697/739/605
f 5704/740/579 5699/732/579 5698/731/579
f 5705/741/604 5700/742/604 5699/732/604
f 5706/743/607 5701/736/607 5700/734/607
f 5707/744/580 5702/737/580 5701/736/580
f 5708/745/606 5697/739/606 5702/737/606
f 5703/738/609 5710/746/609 5704/740/609
f 5710/746/579 5705/741/579 5704/740/579
f 5711/747/608 5706/748/608 5705/741/608
f 5706/743/611 5713/749/611 5707/744/611
f 5707/744/580 5714/750/580 5708/745/580
f 5714/750/610 5703/738/610 5708/745/610
f 5709/751/618 5656/681/618 5710/746/618
f 5656/681/579 5711/747/579 5710/746/579
f 5657/682/612 5712/752/612 5711/747/612
f 5712/753/615 5659/686/615 5713/749/615
f 5713/749/580 5660/689/580 5714/750/580
f 5660/689/614 5709/751/614 5714/750/614
f 5655/679/596 5661/690/596 5662/680/596
f 5662/680/579 5663/692/579 5657/682/579
f 5657/682/616 5663/692/616 5664/683/616
f 5664/685/620 5665/695/620 5659/686/620
f 5659/686/580 5665/695/580 5666/688/580
f 5666/688/621 5661/690/621 5655/679/621
f 5661/690/600 5667/698/600 5668/691/600
f 5668/691/579 5669/700/579 5663/692/579
f 5663/692/601 5669/700/601 5670/693/601
f 5670/694/602 5671/703/602 5665/695/602
f 5665/695/580 5671/703/580 5672/696/580
f 5672/696/603 5667/698/603 5661/690/603
f 5673/697/604 5674/699/604 5668/691/604
f 5674/699/579 5675/701/579 5669/700/579
f 5675/701/605 5676/709/605 5670/693/605
f 5676/702/606 5677/704/606 5671/703/606
f 5677/704/580 5678/705/580 5672/696/580
f 5678/705/607 5673/697/607 5667/698/607
f 5679/706/608 5680/707/608 5674/699/608
f 5680/707/579 5681/708/579 5675/701/579
f 5681/708/609 5682/754/609 5676/709/609
f 5682/710/610 5683/755/610 5677/704/610
f 5677/704/580 5683/755/580 5684/711/580
f 5678/705/611 5684/711/611 5679/706/611
f 5685/712/612 5686/715/612 5680/713/612
f 5686/715/579 5687/726/579 5681/716/579
f 5681/716/613 5687/726/613 5688/717/613
f 5688/719/614 5689/728/614 5683/720/614
f 5683/720/580 5689/728/580 5690/722/580
f 5684/723/622 5690/722/622 5685/712/622
f 5685/712/616 5691/730/616 5692/724/616
f 5686/715/579 5692/724/579 5693/725/579
f 5693/725/596 5694/733/596 5688/717/596
f 5688/719/599 5694/735/599 5695/727/599
f 5695/727/580 5696/729/580 5690/722/580
f 5696/729/598 5691/730/598 5685/712/598
f 5691/730/601 5697/739/601 5698/731/601
f 5692/724/579 5698/731/579 5699/732/579
f 5699/732/600 5700/742/600 5694/733/600
f 5700/734/603 5701/736/603 5695/727/603
f 5701/736/580 5702/737/580 5696/729/580
f 5702/737/602 5697/739/602 5691/730/602
f 5703/738/605 5704/740/605 5698/731/605
f 5704/740/579 5705/741/579 5699/732/579
f 5705/741/604 5706/748/604 5700/742/604
f 5706/743/607 5707/744/607 5701/736/607
f 5707/744/580 5708/745/580 5702/737/580
f 5708/745/606 5703/738/606 5697/739/606
f 5703/738/609 5709/751/609 5710/746/609
f 5710/746/579 5711/747/579 5705/741/579
f 5711/747/608 5712/752/608 5706/748/608
f 5706/743/611 5712/753/611 5713/749/611
f 5707/744/580 5713/749/580 5714/750/580
f 5714/750/610 5709/751/610 5703/738/610
f 5709/751/618 5655/679/618 5656/681/618
f 5656/681/579 5657/682/579 5711/747/579
f 5657/682/623 5658/684/623 5712/752/623
f 5712/753/615 5658/687/615 5659/686/615
f 5713/749/580 5659/686/580 5660/689/580
f 5660/689/614 5655/679/614 5709/751/614
usemtl BiscuitEdge
f 5719/678/579 5723/678/579 5727/678/579
f 5732/678/580 5744/678/580 5740/678/580
f 5730/678/581 5716/678/581 5715/678/581
f 5731/678/582 5717/678/582 5716/678/582
f 5732/678/583 5718/678/583 5717/678/583
f 5733/678/584 5719/678/584 5718/678/584
f 5734/678/585 5720/678/585 5719/678/585
f 5735/678/586 5721/678/586 5720/678/586
f 5736/678/587 5722/678/587 5721/678/587
f 5737/678/588 5723/678/588 5722/678/588
f 5738/678/589 5724/678/589 5723/678/589
f 5739/678/590 5725/678/590 5724/678/590
f 5740/678/591 5726/678/591 5725/678/591
f 5741/678/592 5727/678/592 5726/678/592
f 5742/678/593 5728/678/593 5727/678/593
f 5743/678/594 5729/678/594 5728/678/594
f 5744/678/595 5715/678/595 5729/678/595
f 5728/678/579 5729/678/579 5717/678/579
f 5729/678/579 5715/678/579 5717/678/579
f 5715/678/579 5716/678/579 5717/678/579
f 5717/678/579 5718/678/579 5719/678/579
f 5719/678/579 5720/678/579 5721/678/579
f 5721/678/579 5722/678/579 5719/678/579
f 5722/678/579 5723/678/579 5719/678/579
f 5723/678/579 5724/678/579 5727/678/579
f 5724/678/579 5725/678/579 5727/678/579
f 5725/678/579 5726/678/579 5727/678/579
f 5727/678/579 5728/678/579 5717/678/579
f 5717/678/579 5719/678/579 5727/678/579
f 5731/678/580 5730/678/580 5744/678/580
f 5744/678/580 5743/678/580 5742/678/580
f 5742/678/580 5741/678/580 5740/678/580
f 5740/678/580 5739/678/580 5738/678/580
f 5738/678/580 5737/678/580 5736/678/580
f 5736/678/580 5735/678/580 5734/678/580
f 5734/678/580 5733/678/580 5732/678/580
f 5732/678/580 5731/678/580 5744/678/580
f 5744/678/580 5742/678/580 5740/678/580
f 5740/678/580 5738/678/580 5732/678/580
f 5738/678/580 5736/678/580 5732/678/580
f 5736/678/580 5734/678/580 5732/678/580
f 5730/678/581 5731/678/581 5716/678/581
f 5731/678/582 5732/678/582 5717/678/582
f 5732/678/583 5733/678/583 5718/678/583
f 5733/678/584 5734/678/584 5719/678/584
f 5734/678/585 5735/678/585 5720/678/585
f 5735/678/586 5736/678/586 5721/678/586
f 5736/678/587 5737/678/587 5722/678/587
f 5737/678/588 5738/678/588 5723/678/588
f 5738/678/589 5739/678/589 5724/678/589
f 5739/678/590 5740/678/590 5725/678/590
f 5740/678/591 5741/678/591 5726/678/591
f 5741/678/592 5742/678/592 5727/678/592
f 5742/678/593 5743/678/593 5728/678/593
f 5743/678/594 5744/678/594 5729/678/594
f 5744/678/595 5730/678/595 5715/678/595
usemtl Ink
f 5748/678/581 5746/678/581 5745/678/581
f 5750/678/619 5752/678/619 5749/678/619
f 5746/678/579 5749/678/579 5745/678/579
f 5747/678/582 5750/678/582 5746/678/582
f 5748/678/580 5751/678/580 5747/678/580
f 5745/678/595 5752/678/595 5748/678/595
f 5756/678/581 5754/678/581 5753/678/581
f 5758/678/619 5760/678/619 5757/678/619
f 5754/678/579 5757/678/579 5753/678/579
f 5755/678/582 5758/678/582 5754/678/582
f 5756/678/580 5759/678/580 5755/678/580
f 5753/678/595 5760/678/595 5756/678/595
f 5764/678/581 5762/678/581 5761/678/581
f 5766/678/619 5768/678/619 5765/678/619
f 5762/678/579 5765/678/579 5761/678/579
f 5763/678/582 5766/678/582 5762/678/582
f 5764/678/580 5767/678/580 5763/678/580
f 5761/678/595 5768/678/595 5764/678/595
f 5748/678/581 5747/678/581 5746/678/581
f 5750/678/619 5751/678/619 5752/678/619
f 5746/678/579 5750/678/579 5749/678/579
f 5747/678/582 5751/678/582 5750/678/582
f 5748/678/580 5752/678/580 5751/678/580
f 5745/678/595 5749/678/595 5752/678/595
f 5756/678/581 5755/678/581 5754/678/581
f 5758/678/619 5759/678/619 5760/678/619
f 5754/678/579 5758/678/579 5757/678/579
f 5755/678/582 5759/678/582 5758/678/582
f 5756/678/580 5760/678/580 5759/678/580
f 5753/678/595 5757/678/595 5760/678/595
f 5764/678/581 5763/678/581 5762/678/581
f 5766/678/619 5767/678/619 5768/678/619
f 5762/678/579 5766/678/579 5765/678/579
f 5763/678/582 5767/678/582 5766/678/582
f 5764/678/580 5768/678/580 5767/678/580
f 5761/678/595 5765/678/595 5768/678/595
o Windows_01
v 9.470000 2.780000 -0.260000
v 6.130000 2.780000 -0.260000
v 6.130000 6.595700 -0.260000
v 7.800000 8.310000 -0.260000
v 9.470000 6.595700 -0.260000
v 9.470000 2.780000 -0.080000
v 6.130000 2.780000 -0.080000
v 6.130000 6.595700 -0.080000
v 7.800000 8.310000 -0.080000
v 9.470000 6.595700 -0.080000
v 9.320000 2.900000 -0.410000
v 6.280000 2.900000 -0.410000
v 6.280000 6.536300 -0.410000
v 7.800000 8.170000 -0.410000
v 9.320000 6.536300 -0.410000
v 9.320000 2.900000 -0.170000
v 6.280000 2.900000 -0.170000
v 6.280000 6.536300 -0.170000
v 7.800000 8.170000 -0.170000
v 9.320000 6.536300 -0.170000
v 9.040000 3.060000 -0.505000
v 6.560000 3.060000 -0.505000
v 6.560000 6.420300 -0.505000
v 7.800000 7.930000 -0.505000
v 9.040000 6.420300 -0.505000
v 9.040000 3.060000 -0.375000
v 6.560000 3.060000 -0.375000
v 6.560000 6.420300 -0.375000
v 7.800000 7.930000 -0.375000
v 9.040000 6.420300 -0.375000
v 7.840000 3.045000 -0.600000
v 7.860000 3.045000 -0.580000
v 7.840000 3.025000 -0.580000
v 7.840000 3.045000 -0.580000
v 7.760000 3.045000 -0.600000
v 7.760000 3.025000 -0.580000
v 7.740000 3.045000 -0.580000
v 7.760000 3.045000 -0.580000
v 7.760000 3.045000 -0.480000
v 7.740000 3.045000 -0.500000
v 7.760000 3.025000 -0.500000
v 7.760000 3.045000 -0.500000
v 7.860000 3.045000 -0.500000
v 7.840000 3.045000 -0.480000
v 7.840000 3.025000 -0.500000
v 7.840000 3.045000 -0.500000
v 7.860000 6.955000 -0.580000
v 7.840000 6.955000 -0.600000
v 7.840000 6.975000 -0.580000
v 7.840000 6.955000 -0.580000
v 7.760000 6.955000 -0.600000
v 7.740000 6.955000 -0.580000
v 7.760000 6.975000 -0.580000
v 7.760000 6.955000 -0.580000
v 7.740000 6.955000 -0.500000
v 7.760000 6.955000 -0.480000
v 7.760000 6.975000 -0.500000
v 7.760000 6.955000 -0.500000
v 7.860000 6.955000 -0.500000
v 7.840000 6.975000 -0.500000
v 7.840000 6.955000 -0.480000
v 7.840000 6.955000 -0.500000
v 9.055000 4.650000 -0.600000
v 9.075000 4.650000 -0.580000
v 9.055000 4.630000 -0.580000
v 9.055000 4.650000 -0.580000
v 6.545000 4.650000 -0.600000
v 6.545000 4.630000 -0.580000
v 6.525000 4.650000 -0.580000
v 6.545000 4.650000 -0.580000
v 6.545000 4.650000 -0.480000
v 6.525000 4.650000 -0.500000
v 6.545000 4.630000 -0.500000
v 6.545000 4.650000 -0.500000
v 9.075000 4.650000 -0.500000
v 9.055000 4.650000 -0.480000
v 9.055000 4.630000 -0.500000
v 9.055000 4.650000 -0.500000
v 9.075000 4.750000 -0.580000
v 9.055000 4.750000 -0.600000
v 9.055000 4.770000 -0.580000
v 9.055000 4.750000 -0.580000
v 6.545000 4.750000 -0.600000
v 6.525000 4.750000 -0.580000
v 6.545000 4.770000 -0.580000
v 6.545000 4.750000 -0.580000
v 6.525000 4.750000 -0.500000
v 6.545000 4.750000 -0.480000
v 6.545000 4.770000 -0.500000
v 6.545000 4.750000 -0.500000
v 9.075000 4.750000 -0.500000
v 9.055000 4.770000 -0.500000
v 9.055000 4.750000 -0.480000
v 9.055000 4.750000 -0.500000
v 9.460000 2.770000 -0.760000
v 9.510000 2.770000 -0.710000
v 9.460000 2.720000 -0.710000
v 9.460000 2.770000 -0.710000
v 6.140000 2.770000 -0.760000
v 6.140000 2.720000 -0.710000
v 6.090000 2.770000 -0.710000
v 6.140000 2.770000 -0.710000
v 6.140000 2.770000 -0.060000
v 6.090000 2.770000 -0.110000
v 6.140000 2.720000 -0.110000
v 6.140000 2.770000 -0.110000
v 9.510000 2.770000 -0.110000
v 9.460000 2.770000 -0.060000
v 9.460000 2.720000 -0.110000
v 9.460000 2.770000 -0.110000
v 9.510000 2.950000 -0.710000
v 9.460000 2.950000 -0.760000
v 9.460000 3.000000 -0.710000
v 9.460000 2.950000 -0.710000
v 6.140000 2.950000 -0.760000
v 6.090000 2.950000 -0.710000
v 6.140000 3.000000 -0.710000
v 6.140000 2.950000 -0.710000
v 6.090000 2.950000 -0.110000
v 6.140000 2.950000 -0.060000
v 6.140000 3.000000 -0.110000
v 6.140000 2.950000 -0.110000
v 9.510000 2.950000 -0.110000
v 9.460000 3.000000 -0.110000
v 9.460000 2.950000 -0.060000
v 9.460000 2.950000 -0.110000
v 9.370000 10.880000 -0.260000
v 6.230000 10.880000 -0.260000
v 6.230000 14.419700 -0.260000
v 7.800000 16.010000 -0.260000
v 9.370000 14.419700 -0.260000
v 9.370000 10.880000 -0.080000
v 6.230000 10.880000 -0.080000
v 6.230000 14.419700 -0.080000
v 7.800000 16.010000 -0.080000
v 9.370000 14.419700 -0.080000
v 9.220000 11.000000 -0.410000
v 6.380000 11.000000 -0.410000
v 6.380000 14.360300 -0.410000
v 7.800000 15.870000 -0.410000
v 9.220000 14.360300 -0.410000
v 9.220000 11.000000 -0.170000
v 6.380000 11.000000 -0.170000
v 6.380000 14.360300 -0.170000
v 7.800000 15.870000 -0.170000
v 9.220000 14.360300 -0.170000
v 8.940000 11.160000 -0.505000
v 6.660000 11.160000 -0.505000
v 6.660000 14.244300 -0.505000
v 7.800000 15.630000 -0.505000
v 8.940000 14.244300 -0.505000
v 8.940000 11.160000 -0.375000
v 6.660000 11.160000 -0.375000
v 6.660000 14.244300 -0.375000
v 7.800000 15.630000 -0.375000
v 8.940000 14.244300 -0.375000
v 7.840000 11.143000 -0.600000
v 7.860000 11.143000 -0.580000
v 7.840000 11.122999 -0.580000
v 7.840000 11.143000 -0.580000
v 7.760000 11.143000 -0.600000
v 7.760000 11.122999 -0.580000
v 7.740000 11.143000 -0.580000
v 7.760000 11.143000 -0.580000
v 7.760000 11.143000 -0.480000
v 7.740000 11.143000 -0.500000
v 7.760000 11.122999 -0.500000
v 7.760000 11.143000 -0.500000
v 7.860000 11.143000 -0.500000
v 7.840000 11.143000 -0.480000
v 7.840000 11.122999 -0.500000
v 7.840000 11.143000 -0.500000
v 7.860000 14.737000 -0.580000
v 7.840000 14.737000 -0.600000
v 7.840000 14.757000 -0.580000
v 7.840000 14.737000 -0.580000
v 7.760000 14.737000 -0.600000
v 7.740000 14.737000 -0.580000
v 7.760000 14.757000 -0.580000
v 7.760000 14.737000 -0.580000
v 7.740000 14.737000 -0.500000
v 7.760000 14.737000 -0.480000
v 7.760000 14.757000 -0.500000
v 7.760000 14.737000 -0.500000
v 7.860000 14.737000 -0.500000
v 7.840000 14.757000 -0.500000
v 7.840000 14.737000 -0.480000
v 7.840000 14.737000 -0.500000
v 8.955000 12.613999 -0.600000
v 8.975000 12.613999 -0.580000
v 8.955000 12.594000 -0.580000
v 8.955000 12.613999 -0.580000
v 6.645000 12.613999 -0.600000
v 6.645000 12.594000 -0.580000
v 6.625000 12.613999 -0.580000
v 6.645000 12.613999 -0.580000
v 6.645000 12.613999 -0.480000
v 6.625000 12.613999 -0.500000
v 6.645000 12.594000 -0.500000
v 6.645000 12.613999 -0.500000
v 8.975000 12.613999 -0.500000
v 8.955000 12.613999 -0.480000
v 8.955000 12.594000 -0.500000
v 8.955000 12.613999 -0.500000
v 8.975000 12.714000 -0.580000
v 8.955000 12.714000 -0.600000
v 8.955000 12.733999 -0.580000
v 8.955000 12.714000 -0.580000
v 6.645000 12.714000 -0.600000
v 6.625000 12.714000 -0.580000
v 6.645000 12.733999 -0.580000
v 6.645000 12.714000 -0.580000
v 6.625000 12.714000 -0.500000
v 6.645000 12.714000 -0.480000
v 6.645000 12.733999 -0.500000
v 6.645000 12.714000 -0.500000
v 8.975000 12.714000 -0.500000
v 8.955000 12.733999 -0.500000
v 8.955000 12.714000 -0.480000
v 8.955000 12.714000 -0.500000
v 9.360001 10.870000 -0.760000
v 9.410000 10.870000 -0.710000
v 9.360001 10.820000 -0.710000
v 9.360001 10.870000 -0.710000
v 6.240000 10.870000 -0.760000
v 6.240000 10.820000 -0.710000
v 6.190000 10.870000 -0.710000
v 6.240000 10.870000 -0.710000
v 6.240000 10.870000 -0.060000
v 6.190000 10.870000 -0.110000
v 6.240000 10.820000 -0.110000
v 6.240000 10.870000 -0.110000
v 9.410000 10.870000 -0.110000
v 9.360001 10.870000 -0.060000
v 9.360001 10.820000 -0.110000
v 9.360001 10.870000 -0.110000
v 9.410000 11.050000 -0.710000
v 9.360001 11.050000 -0.760000
v 9.360001 11.100000 -0.710000
v 9.360001 11.050000 -0.710000
v 6.240000 11.050000 -0.760000
v 6.190000 11.050000 -0.710000
v 6.240000 11.100000 -0.710000
v 6.240000 11.050000 -0.710000
v 6.190000 11.050000 -0.110000
v 6.240000 11.050000 -0.060000
v 6.240000 11.100000 -0.110000
v 6.240000 11.050000 -0.110000
v 9.410000 11.050000 -0.110000
v 9.360001 11.100000 -0.110000
v 9.360001 11.050000 -0.060000
v 9.360001 11.050000 -0.110000
v -6.130000 2.780000 -0.260000
v -9.470000 2.780000 -0.260000
v -9.470000 6.595700 -0.260000
v -7.800000 8.310000 -0.260000
v -6.130000 6.595700 -0.260000
v -6.130000 2.780000 -0.080000
v -9.470000 2.780000 -0.080000
v -9.470000 6.595700 -0.080000
v -7.800000 8.310000 -0.080000
v -6.130000 6.595700 -0.080000
v -6.280000 2.900000 -0.410000
v -9.320000 2.900000 -0.410000
v -9.320000 6.536300 -0.410000
v -7.800000 8.170000 -0.410000
v -6.280000 6.536300 -0.410000
v -6.280000 2.900000 -0.170000
v -9.320000 2.900000 -0.170000
v -9.320000 6.536300 -0.170000
v -7.800000 8.170000 -0.170000
v -6.280000 6.536300 -0.170000
v -6.560000 3.060000 -0.505000
v -9.040000 3.060000 -0.505000
v -9.040000 6.420300 -0.505000
v -7.800000 7.930000 -0.505000
v -6.560000 6.420300 -0.505000
v -6.560000 3.060000 -0.375000
v -9.040000 3.060000 -0.375000
v -9.040000 6.420300 -0.375000
v -7.800000 7.930000 -0.375000
v -6.560000 6.420300 -0.375000
v -7.760000 3.045000 -0.600000
v -7.740000 3.045000 -0.580000
v -7.760000 3.025000 -0.580000
v -7.760000 3.045000 -0.580000
v -7.840000 3.045000 -0.600000
v -7.840000 3.025000 -0.580000
v -7.860000 3.045000 -0.580000
v -7.840000 3.045000 -0.580000
v -7.840000 3.045000 -0.480000
v -7.860000 3.045000 -0.500000
v -7.840000 3.025000 -0.500000
v -7.840000 3.045000 -0.500000
v -7.740000 3.045000 -0.500000
v -7.760000 3.045000 -0.480000
v -7.760000 3.025000 -0.500000
v -7.760000 3.045000 -0.500000
v -7.740000 6.955000 -0.580000
v -7.760000 6.955000 -0.600000
v -7.760000 6.975000 -0.580000
v -7.760000 6.955000 -0.580000
v -7.840000 6.955000 -0.600000
v -7.860000 6.955000 -0.580000
v -7.840000 6.975000 -0.580000
v -7.840000 6.955000 -0.580000
v -7.860000 6.955000 -0.500000
v -7.840000 6.955000 -0.480000
v -7.840000 6.975000 -0.500000
v -7.840000 6.955000 -0.500000
v -7.740000 6.955000 -0.500000
v -7.760000 6.975000 -0.500000
v -7.760000 6.955000 -0.480000
v -7.760000 6.955000 -0.500000
v -6.545000 4.650000 -0.600000
v -6.525000 4.650000 -0.580000
v -6.545000 4.630000 -0.580000
v -6.545000 4.650000 -0.580000
v -9.055000 4.650000 -0.600000
v -9.055000 4.630000 -0.580000
v -9.075000 4.650000 -0.580000
v -9.055000 4.650000 -0.580000
v -9.055000 4.650000 -0.480000
v -9.075000 4.650000 -0.500000
v -9.055000 4.630000 -0.500000
v -9.055000 4.650000 -0.500000
v -6.525000 4.650000 -0.500000
v -6.545000 4.650000 -0.480000
v -6.545000 4.630000 -0.500000
v -6.545000 4.650000 -0.500000
v -6.525000 4.750000 -0.580000
v -6.545000 4.750000 -0.600000
v -6.545000 4.770000 -0.580000
v -6.545000 4.750000 -0.580000
v -9.055000 4.750000 -0.600000
v -9.075000 4.750000 -0.580000
v -9.055000 4.770000 -0.580000
v -9.055000 4.750000 -0.580000
v -9.075000 4.750000 -0.500000
v -9.055000 4.750000 -0.480000
v -9.055000 4.770000 -0.500000
v -9.055000 4.750000 -0.500000
v -6.525000 4.750000 -0.500000
v -6.545000 4.770000 -0.500000
v -6.545000 4.750000 -0.480000
v -6.545000 4.750000 -0.500000
v -6.140000 2.770000 -0.760000
v -6.090000 2.770000 -0.710000
v -6.140000 2.720000 -0.710000
v -6.140000 2.770000 -0.710000
v -9.460000 2.770000 -0.760000
v -9.460000 2.720000 -0.710000
v -9.510000 2.770000 -0.710000
v -9.460000 2.770000 -0.710000
v -9.460000 2.770000 -0.060000
v -9.510000 2.770000 -0.110000
v -9.460000 2.720000 -0.110000
v -9.460000 2.770000 -0.110000
v -6.090000 2.770000 -0.110000
v -6.140000 2.770000 -0.060000
v -6.140000 2.720000 -0.110000
v -6.140000 2.770000 -0.110000
v -6.090000 2.950000 -0.710000
v -6.140000 2.950000 -0.760000
v -6.140000 3.000000 -0.710000
v -6.140000 2.950000 -0.710000
v -9.460000 2.950000 -0.760000
v -9.510000 2.950000 -0.710000
v -9.460000 3.000000 -0.710000
v -9.460000 2.950000 -0.710000
v -9.510000 2.950000 -0.110000
v -9.460000 2.950000 -0.060000
v -9.460000 3.000000 -0.110000
v -9.460000 2.950000 -0.110000
v -6.090000 2.950000 -0.110000
v -6.140000 3.000000 -0.110000
v -6.140000 2.950000 -0.060000
v -6.140000 2.950000 -0.110000
v -6.230000 10.880000 -0.260000
v -9.370000 10.880000 -0.260000
v -9.370000 14.419700 -0.260000
v -7.800000 16.010000 -0.260000
v -6.230000 14.419700 -0.260000
v -6.230000 10.880000 -0.080000
v -9.370000 10.880000 -0.080000
v -9.370000 14.419700 -0.080000
v -7.800000 16.010000 -0.080000
v -6.230000 14.419700 -0.080000
v -6.380000 11.000000 -0.410000
v -9.220000 11.000000 -0.410000
v -9.220000 14.360300 -0.410000
v -7.800000 15.870000 -0.410000
v -6.380000 14.360300 -0.410000
v -6.380000 11.000000 -0.170000
v -9.220000 11.000000 -0.170000
v -9.220000 14.360300 -0.170000
v -7.800000 15.870000 -0.170000
v -6.380000 14.360300 -0.170000
v -6.660000 11.160000 -0.505000
v -8.940000 11.160000 -0.505000
v -8.940000 14.244300 -0.505000
v -7.800000 15.630000 -0.505000
v -6.660000 14.244300 -0.505000
v -6.660000 11.160000 -0.375000
v -8.940000 11.160000 -0.375000
v -8.940000 14.244300 -0.375000
v -7.800000 15.630000 -0.375000
v -6.660000 14.244300 -0.375000
v -7.760000 11.143000 -0.600000
v -7.740000 11.143000 -0.580000
v -7.760000 11.122999 -0.580000
v -7.760000 11.143000 -0.580000
v -7.840000 11.143000 -0.600000
v -7.840000 11.122999 -0.580000
v -7.860000 11.143000 -0.580000
v -7.840000 11.143000 -0.580000
v -7.840000 11.143000 -0.480000
v -7.860000 11.143000 -0.500000
v -7.840000 11.122999 -0.500000
v -7.840000 11.143000 -0.500000
v -7.740000 11.143000 -0.500000
v -7.760000 11.143000 -0.480000
v -7.760000 11.122999 -0.500000
v -7.760000 11.143000 -0.500000
v -7.740000 14.737000 -0.580000
v -7.760000 14.737000 -0.600000
v -7.760000 14.757000 -0.580000
v -7.760000 14.737000 -0.580000
v -7.840000 14.737000 -0.600000
v -7.860000 14.737000 -0.580000
v -7.840000 14.757000 -0.580000
v -7.840000 14.737000 -0.580000
v -7.860000 14.737000 -0.500000
v -7.840000 14.737000 -0.480000
v -7.840000 14.757000 -0.500000
v -7.840000 14.737000 -0.500000
v -7.740000 14.737000 -0.500000
v -7.760000 14.757000 -0.500000
v -7.760000 14.737000 -0.480000
v -7.760000 14.737000 -0.500000
v -6.645000 12.613999 -0.600000
v -6.625000 12.613999 -0.580000
v -6.645000 12.594000 -0.580000
v -6.645000 12.613999 -0.580000
v -8.955000 12.613999 -0.600000
v -8.955000 12.594000 -0.580000
v -8.975000 12.613999 -0.580000
v -8.955000 12.613999 -0.580000
v -8.955000 12.613999 -0.480000
v -8.975000 12.613999 -0.500000
v -8.955000 12.594000 -0.500000
v -8.955000 12.613999 -0.500000
v -6.625000 12.613999 -0.500000
v -6.645000 12.613999 -0.480000
v -6.645000 12.594000 -0.500000
v -6.645000 12.613999 -0.500000
v -6.625000 12.714000 -0.580000
v -6.645000 12.714000 -0.600000
v -6.645000 12.733999 -0.580000
v -6.645000 12.714000 -0.580000
v -8.955000 12.714000 -0.600000
v -8.975000 12.714000 -0.580000
v -8.955000 12.733999 -0.580000
v -8.955000 12.714000 -0.580000
v -8.975000 12.714000 -0.500000
v -8.955000 12.714000 -0.480000
v -8.955000 12.733999 -0.500000
v -8.955000 12.714000 -0.500000
v -6.625000 12.714000 -0.500000
v -6.645000 12.733999 -0.500000
v -6.645000 12.714000 -0.480000
v -6.645000 12.714000 -0.500000
v -6.240000 10.870000 -0.760000
v -6.190000 10.870000 -0.710000
v -6.240000 10.820000 -0.710000
v -6.240000 10.870000 -0.710000
v -9.360001 10.870000 -0.760000
v -9.360001 10.820000 -0.710000
v -9.410000 10.870000 -0.710000
v -9.360001 10.870000 -0.710000
v -9.360001 10.870000 -0.060000
v -9.410000 10.870000 -0.110000
v -9.360001 10.820000 -0.110000
v -9.360001 10.870000 -0.110000
v -6.190000 10.870000 -0.110000
v -6.240000 10.870000 -0.060000
v -6.240000 10.820000 -0.110000
v -6.240000 10.870000 -0.110000
v -6.190000 11.050000 -0.710000
v -6.240000 11.050000 -0.760000
v -6.240000 11.100000 -0.710000
v -6.240000 11.050000 -0.710000
v -9.360001 11.050000 -0.760000
v -9.410000 11.050000 -0.710000
v -9.360001 11.100000 -0.710000
v -9.360001 11.050000 -0.710000
v -9.410000 11.050000 -0.110000
v -9.360001 11.050000 -0.060000
v -9.360001 11.100000 -0.110000
v -9.360001 11.050000 -0.110000
v -6.190000 11.050000 -0.110000
v -6.240000 11.100000 -0.110000
v -6.240000 11.050000 -0.060000
v -6.240000 11.050000 -0.110000
vn -0.0000 -0.0000 -1.0000
vn -0.0000 -0.0000 1.0000
vn -0.0000 -1.0000 -0.0000
vn -1.0000 -0.0000 -0.0000
vn -0.7163 0.6978 -0.0000
vn 0.7163 0.6978 -0.0000
vn 1.0000 -0.0000 -0.0000
vn -0.7321 0.6812 -0.0000
vn 0.7321 0.6812 -0.0000
vn -0.7728 0.6347 -0.0000
vn 0.7728 0.6347 -0.0000
vn -0.0000 1.0000 -0.0000
vn -0.7116 0.7026 -0.0000
vn 0.7116 0.7025 -0.0000
vn -0.7284 0.6851 -0.0000
vn 0.7284 0.6851 -0.0000
vn -0.7722 0.6353 -0.0000
vn 0.7722 0.6353 -0.0000
vn -0.7116 0.7025 -0.0000
vn 0.7116 0.7026 -0.0000
s 0
usemtl Ink
f 5769//624 5770//624 5771//624
f 5778//625 5776//625 5775//625
f 5774//626 5770//626 5769//626
f 5775//627 5771//627 5770//627
f 5776//628 5772//628 5771//628
f 5777//629 5773//629 5772//629
f 5778//630 5769//630 5773//630
f 5895//624 5896//624 5897//624
f 5904//625 5902//625 5901//625
f 5900//626 5896//626 5895//626
f 5901//627 5897//627 5896//627
f 5902//636 5898//636 5897//636
f 5903//637 5899//637 5898//637
f 5904//630 5895//630 5899//630
f 6021//624 6022//624 6023//624
f 6030//625 6028//625 6027//625
f 6026//626 6022//626 6021//626
f 6027//627 6023//627 6022//627
f 6028//628 6024//628 6023//628
f 6029//629 6025//629 6024//629
f 6030//630 6021//630 6025//630
f 6147//624 6148//624 6149//624
f 6156//625 6154//625 6153//625
f 6152//626 6148//626 6147//626
f 6153//627 6149//627 6148//627
f 6154//636 6150//636 6149//636
f 6155//637 6151//637 6150//637
f 6156//630 6147//630 6151//630
f 5772//624 5773//624 5771//624
f 5773//624 5769//624 5771//624
f 5775//625 5774//625 5778//625
f 5778//625 5777//625 5776//625
f 5774//626 5775//626 5770//626
f 5775//627 5776//627 5771//627
f 5776//628 5777//628 5772//628
f 5777//629 5778//629 5773//629
f 5778//630 5774//630 5769//630
f 5898//624 5899//624 5897//624
f 5899//624 5895//624 5897//624
f 5901//625 5900//625 5904//625
f 5904//625 5903//625 5902//625
f 5900//626 5901//626 5896//626
f 5901//627 5902//627 5897//627
f 5902//642 5903//642 5898//642
f 5903//643 5904//643 5899//643
f 5904//630 5900//630 5895//630
f 6024//624 6025//624 6023//624
f 6025//624 6021//624 6023//624
f 6027//625 6026//625 6030//625
f 6030//625 6029//625 6028//625
f 6026//626 6027//626 6022//626
f 6027//627 6028//627 6023//627
f 6028//628 6029//628 6024//628
f 6029//629 6030//629 6025//629
f 6030//630 6026//630 6021//630
f 6150//624 6151//624 6149//624
f 6151//624 6147//624 6149//624
f 6153//625 6152//625 6156//625
f 6156//625 6155//625 6154//625
f 6152//626 6153//626 6148//626
f 6153//627 6154//627 6149//627
f 6154//642 6155//642 6150//642
f 6155//643 6156//643 6151//643
f 6156//630 6152//630 6147//630
usemtl Icing
f 5779//624 5780//624 5781//624
f 5788//625 5786//625 5785//625
f 5784//626 5780//626 5779//626
f 5785//627 5781//627 5780//627
f 5786//631 5782//631 5781//631
f 5787//632 5783//632 5782//632
f 5788//630 5779//630 5783//630
f 5804//624 5802//624 5801//624
f 5806//626 5799//626 5802//626
f 5811//626 5802//626 5800//626
f 5814//630 5801//630 5802//630
f 5813//625 5810//625 5809//625
f 5814//626 5807//626 5810//626
f 5809//627 5806//627 5804//627
f 5810//626 5805//626 5806//626
f 5828//630 5818//630 5817//630
f 5830//635 5815//635 5818//635
f 5819//635 5818//635 5816//635
f 5822//624 5817//624 5818//624
f 5823//635 5822//635 5820//635
f 5826//627 5821//627 5822//627
f 5829//635 5826//635 5824//635
f 5830//625 5825//625 5826//625
f 5799//630 5818//630 5802//630
f 5818//624 5800//624 5802//624
f 5805//624 5822//624 5806//624
f 5822//627 5803//627 5806//627
f 5807//627 5826//627 5810//627
f 5826//625 5808//625 5810//625
f 5811//625 5830//625 5814//625
f 5830//630 5812//630 5814//630
f 5803//624 5816//624 5799//624
f 5813//626 5804//626 5801//626
f 5800//630 5827//630 5811//630
f 5808//627 5820//627 5805//627
f 5812//625 5824//625 5807//625
f 5821//635 5828//635 5817//635
f 5836//624 5834//624 5833//624
f 5838//626 5831//626 5834//626
f 5843//626 5834//626 5832//626
f 5846//630 5833//630 5834//630
f 5845//625 5842//625 5841//625
f 5846//626 5839//626 5842//626
f 5841//627 5838//627 5836//627
f 5842//626 5837//626 5838//626
f 5860//630 5850//630 5849//630
f 5862//635 5847//635 5850//635
f 5851//635 5850//635 5848//635
f 5854//624 5849//624 5850//624
f 5855//635 5854//635 5852//635
f 5858//627 5853//627 5854//627
f 5861//635 5858//635 5856//635
f 5862//625 5857//625 5858//625
f 5848//630 5834//630 5831//630
f 5850//624 5832//624 5834//624
f 5852//624 5838//624 5837//624
f 5854//627 5835//627 5838//627
f 5856//627 5842//627 5839//627
f 5858//625 5840//625 5842//625
f 5859//625 5846//625 5843//625
f 5862//630 5844//630 5846//630
f 5835//624 5848//624 5831//624
f 5845//626 5836//626 5833//626
f 5832//630 5859//630 5843//630
f 5840//627 5852//627 5837//627
f 5844//625 5856//625 5839//625
f 5853//635 5860//635 5849//635
f 5868//624 5866//624 5865//624
f 5870//626 5863//626 5866//626
f 5875//626 5866//626 5864//626
f 5878//630 5865//630 5866//630
f 5877//625 5874//625 5873//625
f 5878//626 5871//626 5874//626
f 5873//627 5870//627 5868//627
f 5874//626 5869//626 5870//626
f 5892//630 5882//630 5881//630
f 5894//635 5879//635 5882//635
f 5883//635 5882//635 5880//635
f 5886//624 5881//624 5882//624
f 5887//635 5886//635 5884//635
f 5890//627 5885//627 5886//627
f 5893//635 5890//635 5888//635
f 5894//625 5889//625 5890//625
f 5880//630 5866//630 5863//630
f 5882//624 5864//624 5866//624
f 5884//624 5870//624 5869//624
f 5886//627 5867//627 5870//627
f 5888//627 5874//627 5871//627
f 5890//625 5872//625 5874//625
f 5891//625 5878//625 5875//625
f 5894//630 5876//630 5878//630
f 5867//624 5880//624 5863//624
f 5877//626 5868//626 5865//626
f 5864//630 5891//630 5875//630
f 5872//627 5884//627 5869//627
f 5876//625 5888//625 5871//625
f 5885//635 5892//635 5881//635
f 5905//624 5906//624 5907//624
f 5914//625 5912//625 5911//625
f 5910//626 5906//626 5905//626
f 5911//627 5907//627 5906//627
f 5912//638 5908//638 5907//638
f 5913//639 5909//639 5908//639
f 5914//630 5905//630 5909//630
f 5930//624 5928//624 5927//624
f 5932//626 5925//626 5928//626
f 5937//626 5928//626 5926//626
f 5940//630 5927//630 5928//630
f 5939//625 5936//625 5935//625
f 5940//626 5933//626 5936//626
f 5935//627 5932//627 5930//627
f 5936//626 5931//626 5932//626
f 5954//630 5944//630 5943//630
f 5956//635 5941//635 5944//635
f 5945//635 5944//635 5942//635
f 5948//624 5943//624 5944//624
f 5949//635 5948//635 5946//635
f 5952//627 5947//627 5948//627
f 5955//635 5952//635 5950//635
f 5956//625 5951//625 5952//625
f 5942//630 5928//630 5925//630
f 5944//624 5926//624 5928//624
f 5946//624 5932//624 5931//624
f 5948//627 5929//627 5932//627
f 5950//627 5936//627 5933//627
f 5952//625 5934//625 5936//625
f 5953//625 5940//625 5937//625
f 5956//630 5938//630 5940//630
f 5929//624 5942//624 5925//624
f 5939//626 5930//626 5927//626
f 5926//630 5953//630 5937//630
f 5934//627 5946//627 5931//627
f 5938//625 5950//625 5933//625
f 5947//635 5954//635 5943//635
f 5962//624 5960//624 5959//624
f 5964//626 5957//626 5960//626
f 5969//626 5960//626 5958//626
f 5972//630 5959//630 5960//630
f 5971//625 5968//625 5967//625
f 5972//626 5965//626 5968//626
f 5967//627 5964//627 5962//627
f 5968//626 5963//626 5964//626
f 5986//630 5976//630 5975//630
f 5988//635 5973//635 5976//635
f 5977//635 5976//635 5974//635
f 5980//624 5975//624 5976//624
f 5981//635 5980//635 5978//635
f 5984//627 5979//627 5980//627
f 5987//635 5984//635 5982//635
f 5988//625 5983//625 5984//625
f 5974//630 5960//630 5957//630
f 5976//624 5958//624 5960//624
f 5978//624 5964//624 5963//624
f 5980//627 5961//627 5964//627
f 5982//627 5968//627 5965//627
f 5984//625 5966//625 5968//625
f 5985//625 5972//625 5969//625
f 5988//630 5970//630 5972//630
f 5961//624 5974//624 5957//624
f 5971//626 5962//626 5959//626
f 5958//630 5985//630 5969//630
f 5966//627 5978//627 5963//627
f 5970//625 5982//625 5965//625
f 5979//635 5986//635 5975//635
f 5994//624 5992//624 5991//624
f 5996//626 5989//626 5992//626
f 6001//626 5992//626 5990//626
f 6004//630 5991//630 5992//630
f 6003//625 6000//625 5999//625
f 6004//626 5997//626 6000//626
f 5999//627 5996//627 5994//627
f 6000//626 5995//626 5996//626
f 6018//630 6008//630 6007//630
f 6020//635 6005//635 6008//635
f 6009//635 6008//635 6006//635
f 6012//624 6007//624 6008//624
f 6013//635 6012//635 6010//635
f 6016//627 6011//627 6012//627
f 6019//635 6016//635 6014//635
f 6020//625 6015//625 6016//625
f 6006//630 5992//630 5989//630
f 6008//624 5990//624 5992//624
f 6010//624 5996//624 5995//624
f 6012//627 5993//627 5996//627
f 6014//627 6000//627 5997//627
f 6016//625 5998//625 6000//625
f 6017//625 6004//625 6001//625
f 6020//630 6002//630 6004//630
f 5993//624 6006//624 5989//624
f 6003//626 5994//626 5991//626
f 5990//630 6017//630 6001//630
f 5998//627 6010//627 5995//627
f 6002//625 6014//625 5997//625
f 6011//635 6018//635 6007//635
f 6031//624 6032//624 6033//624
f 6040//625 6038//625 6037//625
f 6036//626 6032//626 6031//626
f 6037//627 6033//627 6032//627
f 6038//631 6034//631 6033//631
f 6039//632 6035//632 6034//632
f 6040//630 6031//630 6035//630
f 6056//624 6054//624 6053//624
f 6058//626 6051//626 6054//626
f 6063//626 6054//626 6052//626
f 6066//630 6053//630 6054//630
f 6065//625 6062//625 6061//625
f 6066//626 6059//626 6062//626
f 6061//627 6058//627 6056//627
f 6062//626 6057//626 6058//626
f 6080//630 6070//630 6069//630
f 6082//635 6067//635 6070//635
f 6071//635 6070//635 6068//635
f 6074//624 6069//624 6070//624
f 6075//635 6074//635 6072//635
f 6078//627 6073//627 6074//627
f 6081//635 6078//635 6076//635
f 6082//625 6077//625 6078//625
f 6051//630 6070//630 6054//630
f 6070//624 6052//624 6054//624
f 6057//624 6074//624 6058//624
f 6074//627 6055//627 6058//627
f 6059//627 6078//627 6062//627
f 6078//625 6060//625 6062//625
f 6063//625 6082//625 6066//625
f 6082//630 6064//630 6066//630
f 6055//624 6068//624 6051//624
f 6065//626 6056//626 6053//626
f 6052//630 6079//630 6063//630
f 6060//627 6072//627 6057//627
f 6064//625 6076//625 6059//625
f 6073//635 6080//635 6069//635
f 6088//624 6086//624 6085//624
f 6090//626 6083//626 6086//626
f 6095//626 6086//626 6084//626
f 6098//630 6085//630 6086//630
f 6097//625 6094//625 6093//625
f 6098//626 6091//626 6094//626
f 6093//627 6090//627 6088//627
f 6094//626 6089//626 6090//626
f 6112//630 6102//630 6101//630
f 6114//635 6099//635 6102//635
f 6103//635 6102//635 6100//635
f 6106//624 6101//624 6102//624
f 6107//635 6106//635 6104//635
f 6110//627 6105//627 6106//627
f 6113//635 6110//635 6108//635
f 6114//625 6109//625 6110//625
f 6100//630 6086//630 6083//630
f 6102//624 6084//624 6086//624
f 6104//624 6090//624 6089//624
f 6106//627 6087//627 6090//627
f 6108//627 6094//627 6091//627
f 6110//625 6092//625 6094//625
f 6111//625 6098//625 6095//625
f 6114//630 6096//630 6098//630
f 6087//624 6100//624 6083//624
f 6097//626 6088//626 6085//626
f 6084//630 6111//630 6095//630
f 6092//627 6104//627 6089//627
f 6096//625 6108//625 6091//625
f 6105//635 6112//635 6101//635
f 6120//624 6118//624 6117//624
f 6122//626 6115//626 6118//626
f 6127//626 6118//626 6116//626
f 6130//630 6117//630 6118//630
f 6129//625 6126//625 6125//625
f 6130//626 6123//626 6126//626
f 6125//627 6122//627 6120//627
f 6126//626 6121//626 6122//626
f 6144//630 6134//630 6133//630
f 6146//635 6131//635 6134//635
f 6135//635 6134//635 6132//635
f 6138//624 6133//624 6134//624
f 6139//635 6138//635 6136//635
f 6142//627 6137//627 6138//627
f 6145//635 6142//635 6140//635
f 6146//625 6141//625 6142//625
f 6132//630 6118//630 6115//630
f 6134//624 6116//624 6118//624
f 6136//624 6122//624 6121//624
f 6138//627 6119//627 6122//627
f 6140//627 6126//627 6123//627
f 6142//625 6124//625 6126//625
f 6143//625 6130//625 6127//625
f 6146//630 6128//630 6130//630
f 6119//624 6132//624 6115//624
f 6129//626 6120//626 6117//626
f 6116//630 6143//630 6127//630
f 6124//627 6136//627 6121//627
f 6128//625 6140//625 6123//625
f 6137//635 6144//635 6133//635
f 6157//624 6158//624 6159//624
f 6166//625 6164//625 6163//625
f 6162//626 6158//626 6157//626
f 6163//627 6159//627 6158//627
f 6164//638 6160//638 6159//638
f 6165//639 6161//639 6160//639
f 6166//630 6157//630 6161//630
f 6182//624 6180//624 6179//624
f 6184//626 6177//626 6180//626
f 6189//626 6180//626 6178//626
f 6192//630 6179//630 6180//630
f 6191//625 6188//625 6187//625
f 6192//626 6185//626 6188//626
f 6187//627 6184//627 6182//627
f 6188//626 6183//626 6184//626
f 6206//630 6196//630 6195//630
f 6208//635 6193//635 6196//635
f 6197//635 6196//635 6194//635
f 6200//624 6195//624 6196//624
f 6201//635 6200//635 6198//635
f 6204//627 6199//627 6200//627
f 6207//635 6204//635 6202//635
f 6208//625 6203//625 6204//625
f 6194//630 6180//630 6177//630
f 6196//624 6178//624 6180//624
f 6198//624 6184//624 6183//624
f 6200//627 6181//627 6184//627
f 6202//627 6188//627 6185//627
f 6204//625 6186//625 6188//625
f 6205//625 6192//625 6189//625
f 6208//630 6190//630 6192//630
f 6181//624 6194//624 6177//624
f 6191//626 6182//626 6179//626
f 6178//630 6205//630 6189//630
f 6186//627 6198//627 6183//627
f 6190//625 6202//625 6185//625
f 6199//635 6206//635 6195//635
f 6214//624 6212//624 6211//624
f 6216//626 6209//626 6212//626
f 6221//626 6212//626 6210//626
f 6224//630 6211//630 6212//630
f 6223//625 6220//625 6219//625
f 6224//626 6217//626 6220//626
f 6219//627 6216//627 6214//627
f 6220//626 6215//626 6216//626
f 6238//630 6228//630 6227//630
f 6240//635 6225//635 6228//635
f 6229//635 6228//635 6226//635
f 6232//624 6227//624 6228//624
f 6233//635 6232//635 6230//635
f 6236//627 6231//627 6232//627
f 6239//635 6236//635 6234//635
f 6240//625 6235//625 6236//625
f 6226//630 6212//630 6209//630
f 6228//624 6210//624 6212//624
f 6230//624 6216//624 6215//624
f 6232//627 6213//627 6216//627
f 6234//627 6220//627 6217//627
f 6236//625 6218//625 6220//625
f 6237//625 6224//625 6221//625
f 6240//630 6222//630 6224//630
f 6213//624 6226//624 6209//624
f 6223//626 6214//626 6211//626
f 6210//630 6237//630 6221//630
f 6218//627 6230//627 6215//627
f 6222//625 6234//625 6217//625
f 6231//635 6238//635 6227//635
f 6246//624 6244//624 6243//624
f 6248//626 6241//626 6244//626
f 6253//626 6244//626 6242//626
f 6256//630 6243//630 6244//630
f 6255//625 6252//625 6251//625
f 6256//626 6249//626 6252//626
f 6251//627 6248//627 6246//627
f 6252//626 6247//626 6248//626
f 6270//630 6260//630 6259//630
f 6272//635 6257//635 6260//635
f 6261//635 6260//635 6258//635
f 6264//624 6259//624 6260//624
f 6265//635 6264//635 6262//635
f 6268//627 6263//627 6264//627
f 6271//635 6268//635 6266//635
f 6272//625 6267//625 6268//625
f 6258//630 6244//630 6241//630
f 6260//624 6242//624 6244//624
f 6262//624 6248//624 6247//624
f 6264//627 6245//627 6248//627
f 6266//627 6252//627 6249//627
f 6268//625 6250//625 6252//625
f 6269//625 6256//625 6253//625
f 6272//630 6254//630 6256//630
f 6245//624 6258//624 6241//624
f 6255//626 6246//626 6243//626
f 6242//630 6269//630 6253//630
f 6250//627 6262//627 6247//627
f 6254//625 6266//625 6249//625
f 6263//635 6270//635 6259//635
f 5782//624 5783//624 5781//624
f 5783//624 5779//624 5781//624
f 5785//625 5784//625 5788//625
f 5788//625 5787//625 5786//625
f 5784//626 5785//626 5780//626
f 5785//627 5786//627 5781//627
f 5786//631 5787//631 5782//631
f 5787//632 5788//632 5783//632
f 5788//630 5784//630 5779//630
f 5804//624 5806//624 5802//624
f 5806//626 5803//626 5799//626
f 5811//626 5814//626 5802//626
f 5814//630 5813//630 5801//630
f 5813//625 5814//625 5810//625
f 5814//626 5812//626 5807//626
f 5809//627 5810//627 5806//627
f 5810//626 5808//626 5805//626
f 5828//630 5830//630 5818//630
f 5830//635 5827//635 5815//635
f 5819//635 5822//635 5818//635
f 5822//624 5821//624 5817//624
f 5823//635 5826//635 5822//635
f 5826//627 5825//627 5821//627
f 5829//635 5830//635 5826//635
f 5830//625 5828//625 5825//625
f 5799//630 5816//630 5818//630
f 5818//624 5815//624 5800//624
f 5805//624 5820//624 5822//624
f 5822//627 5819//627 5803//627
f 5807//627 5824//627 5826//627
f 5826//625 5823//625 5808//625
f 5811//625 5827//625 5830//625
f 5830//630 5829//630 5812//630
f 5803//624 5819//624 5816//624
f 5813//626 5809//626 5804//626
f 5800//630 5815//630 5827//630
f 5808//627 5823//627 5820//627
f 5812//625 5829//625 5824//625
f 5821//635 5825//635 5828//635
f 5836//624 5838//624 5834//624
f 5838//626 5835//626 5831//626
f 5843//626 5846//626 5834//626
f 5846//630 5845//630 5833//630
f 5845//625 5846//625 5842//625
f 5846//626 5844//626 5839//626
f 5841//627 5842//627 5838//627
f 5842//626 5840//626 5837//626
f 5860//630 5862//630 5850//630
f 5862//635 5859//635 5847//635
f 5851//635 5854//635 5850//635
f 5854//624 5853//624 5849//624
f 5855//635 5858//635 5854//635
f 5858//627 5857//627 5853//627
f 5861//635 5862//635 5858//635
f 5862//625 5860//625 5857//625
f 5848//630 5850//630 5834//630
f 5850//624 5847//624 5832//624
f 5852//624 5854//624 5838//624
f 5854//627 5851//627 5835//627
f 5856//627 5858//627 5842//627
f 5858//625 5855//625 5840//625
f 5859//625 5862//625 5846//625
f 5862//630 5861//630 5844//630
f 5835//624 5851//624 5848//624
f 5845//626 5841//626 5836//626
f 5832//630 5847//630 5859//630
f 5840//627 5855//627 5852//627
f 5844//625 5861//625 5856//625
f 5853//635 5857//635 5860//635
f 5868//624 5870//624 5866//624
f 5870//626 5867//626 5863//626
f 5875//626 5878//626 5866//626
f 5878//630 5877//630 5865//630
f 5877//625 5878//625 5874//625
f 5878//626 5876//626 5871//626
f 5873//627 5874//627 5870//627
f 5874//626 5872//626 5869//626
f 5892//630 5894//630 5882//630
f 5894//635 5891//635 5879//635
f 5883//635 5886//635 5882//635
f 5886//624 5885//624 5881//624
f 5887//635 5890//635 5886//635
f 5890//627 5889//627 5885//627
f 5893//635 5894//635 5890//635
f 5894//625 5892//625 5889//625
f 5880//630 5882//630 5866//630
f 5882//624 5879//624 5864//624
f 5884//624 5886//624 5870//624
f 5886//627 5883//627 5867//627
f 5888//627 5890//627 5874//627
f 5890//625 5887//625 5872//625
f 5891//625 5894//625 5878//625
f 5894//630 5893//630 5876//630
f 5867//624 5883//624 5880//624
f 5877//626 5873//626 5868//626
f 5864//630 5879//630 5891//630
f 5872//627 5887//627 5884//627
f 5876//625 5893//625 5888//625
f 5885//635 5889//635 5892//635
f 5908//624 5909//624 5907//624
f 5909//624 5905//624 5907//624
f 5911//625 5910//625 5914//625
f 5914//625 5913//625 5912//625
f 5910//626 5911//626 5906//626
f 5911//627 5912//627 5907//627
f 5912//638 5913//638 5908//638
f 5913//639 5914//639 5909//639
f 5914//630 5910//630 5905//630
f 5930//624 5932//624 5928//624
f 5932//626 5929//626 5925//626
f 5937//626 5940//626 5928//626
f 5940//630 5939//630 5927//630
f 5939//625 5940//625 5936//625
f 5940//626 5938//626 5933//626
f 5935//627 5936//627 5932//627
f 5936//626 5934//626 5931//626
f 5954//630 5956//630 5944//630
f 5956//635 5953//635 5941//635
f 5945//635 5948//635 5944//635
f 5948//624 5947//624 5943//624
f 5949//635 5952//635 5948//635
f 5952//627 5951//627 5947//627
f 5955//635 5956//635 5952//635
f 5956//625 5954//625 5951//625
f 5942//630 5944//630 5928//630
f 5944//624 5941//624 5926//624
f 5946//624 5948//624 5932//624
f 5948//627 5945//627 5929//627
f 5950//627 5952//627 5936//627
f 5952//625 5949//625 5934//625
f 5953//625 5956//625 5940//625
f 5956//630 5955//630 5938//630
f 5929//624 5945//624 5942//624
f 5939//626 5935//626 5930//626
f 5926//630 5941//630 5953//630
f 5934//627 5949//627 5946//627
f 5938//625 5955//625 5950//625
f 5947//635 5951//635 5954//635
f 5962//624 5964//624 5960//624
f 5964//626 5961//626 5957//626
f 5969//626 5972//626 5960//626
f 5972//630 5971//630 5959//630
f 5971//625 5972//625 5968//625
f 5972//626 5970//626 5965//626
f 5967//627 5968//627 5964//627
f 5968//626 5966//626 5963//626
f 5986//630 5988//630 5976//630
f 5988//635 5985//635 5973//635
f 5977//635 5980//635 5976//635
f 5980//624 5979//624 5975//624
f 5981//635 5984//635 5980//635
f 5984//627 5983//627 5979//627
f 5987//635 5988//635 5984//635
f 5988//625 5986//625 5983//625
f 5974//630 5976//630 5960//630
f 5976//624 5973//624 5958//624
f 5978//624 5980//624 5964//624
f 5980//627 5977//627 5961//627
f 5982//627 5984//627 5968//627
f 5984//625 5981//625 5966//625
f 5985//625 5988//625 5972//625
f 5988//630 5987//630 5970//630
f 5961//624 5977//624 5974//624
f 5971//626 5967//626 5962//626
f 5958//630 5973//630 5985//630
f 5966//627 5981//627 5978//627
f 5970//625 5987//625 5982//625
f 5979//635 5983//635 5986//635
f 5994//624 5996//624 5992//624
f 5996//626 5993//626 5989//626
f 6001//626 6004//626 5992//626
f 6004//630 6003//630 5991//630
f 6003//625 6004//625 6000//625
f 6004//626 6002//626 5997//626
f 5999//627 6000//627 5996//627
f 6000//626 5998//626 5995//626
f 6018//630 6020//630 6008//630
f 6020//635 6017//635 6005//635
f 6009//635 6012//635 6008//635
f 6012//624 6011//624 6007//624
f 6013//635 6016//635 6012//635
f 6016//627 6015//627 6011//627
f 6019//635 6020//635 6016//635
f 6020//625 6018//625 6015//625
f 6006//630 6008//630 5992//630
f 6008//624 6005//624 5990//624
f 6010//624 6012//624 5996//624
f 6012//627 6009//627 5993//627
f 6014//627 6016//627 6000//627
f 6016//625 6013//625 5998//625
f 6017//625 6020//625 6004//625
f 6020//630 6019//630 6002//630
f 5993//624 6009//624 6006//624
f 6003//626 5999//626 5994//626
f 5990//630 6005//630 6017//630
f 5998//627 6013//627 6010//627
f 6002//625 6019//625 6014//625
f 6011//635 6015//635 6018//635
f 6034//624 6035//624 6033//624
f 6035//624 6031//624 6033//624
f 6037//625 6036//625 6040//625
f 6040//625 6039//625 6038//625
f 6036//626 6037//626 6032//626
f 6037//627 6038//627 6033//627
f 6038//631 6039//631 6034//631
f 6039//632 6040//632 6035//632
f 6040//630 6036//630 6031//630
f 6056//624 6058//624 6054//624
f 6058//626 6055//626 6051//626
f 6063//626 6066//626 6054//626
f 6066//630 6065//630 6053//630
f 6065//625 6066//625 6062//625
f 6066//626 6064//626 6059//626
f 6061//627 6062//627 6058//627
f 6062//626 6060//626 6057//626
f 6080//630 6082//630 6070//630
f 6082//635 6079//635 6067//635
f 6071//635 6074//635 6070//635
f 6074//624 6073//624 6069//624
f 6075//635 6078//635 6074//635
f 6078//627 6077//627 6073//627
f 6081//635 6082//635 6078//635
f 6082//625 6080//625 6077//625
f 6051//630 6068//630 6070//630
f 6070//624 6067//624 6052//624
f 6057//624 6072//624 6074//624
f 6074//627 6071//627 6055//627
f 6059//627 6076//627 6078//627
f 6078//625 6075//625 6060//625
f 6063//625 6079//625 6082//625
f 6082//630 6081//630 6064//630
f 6055//624 6071//624 6068//624
f 6065//626 6061//626 6056//626
f 6052//630 6067//630 6079//630
f 6060//627 6075//627 6072//627
f 6064//625 6081//625 6076//625
f 6073//635 6077//635 6080//635
f 6088//624 6090//624 6086//624
f 6090//626 6087//626 6083//626
f 6095//626 6098//626 6086//626
f 6098//630 6097//630 6085//630
f 6097//625 6098//625 6094//625
f 6098//626 6096//626 6091//626
f 6093//627 6094//627 6090//627
f 6094//626 6092//626 6089//626
f 6112//630 6114//630 6102//630
f 6114//635 6111//635 6099//635
f 6103//635 6106//635 6102//635
f 6106//624 6105//624 6101//624
f 6107//635 6110//635 6106//635
f 6110//627 6109//627 6105//627
f 6113//635 6114//635 6110//635
f 6114//625 6112//625 6109//625
f 6100//630 6102//630 6086//630
f 6102//624 6099//624 6084//624
f 6104//624 6106//624 6090//624
f 6106//627 6103//627 6087//627
f 6108//627 6110//627 6094//627
f 6110//625 6107//625 6092//625
f 6111//625 6114//625 6098//625
f 6114//630 6113//630 6096//630
f 6087//624 6103//624 6100//624
f 6097//626 6093//626 6088//626
f 6084//630 6099//630 6111//630
f 6092//627 6107//627 6104//627
f 6096//625 6113//625 6108//625
f 6105//635 6109//635 6112//635
f 6120//624 6122//624 6118//624
f 6122//626 6119//626 6115//626
f 6127//626 6130//626 6118//626
f 6130//630 6129//630 6117//630
f 6129//625 6130//625 6126//625
f 6130//626 6128//626 6123//626
f 6125//627 6126//627 6122//627
f 6126//626 6124//626 6121//626
f 6144//630 6146//630 6134//630
f 6146//635 6143//635 6131//635
f 6135//635 6138//635 6134//635
f 6138//624 6137//624 6133//624
f 6139//635 6142//635 6138//635
f 6142//627 6141//627 6137//627
f 6145//635 6146//635 6142//635
f 6146//625 6144//625 6141//625
f 6132//630 6134//630 6118//630
f 6134//624 6131//624 6116//624
f 6136//624 6138//624 6122//624
f 6138//627 6135//627 6119//627
f 6140//627 6142//627 6126//627
f 6142//625 6139//625 6124//625
f 6143//625 6146//625 6130//625
f 6146//630 6145//630 6128//630
f 6119//624 6135//624 6132//624
f 6129//626 6125//626 6120//626
f 6116//630 6131//630 6143//630
f 6124//627 6139//627 6136//627
f 6128//625 6145//625 6140//625
f 6137//635 6141//635 6144//635
f 6160//624 6161//624 6159//624
f 6161//624 6157//624 6159//624
f 6163//625 6162//625 6166//625
f 6166//625 6165//625 6164//625
f 6162//626 6163//626 6158//626
f 6163//627 6164//627 6159//627
f 6164//638 6165//638 6160//638
f 6165//639 6166//639 6161//639
f 6166//630 6162//630 6157//630
f 6182//624 6184//624 6180//624
f 6184//626 6181//626 6177//626
f 6189//626 6192//626 6180//626
f 6192//630 6191//630 6179//630
f 6191//625 6192//625 6188//625
f 6192//626 6190//626 6185//626
f 6187//627 6188//627 6184//627
f 6188//626 6186//626 6183//626
f 6206//630 6208//630 6196//630
f 6208//635 6205//635 6193//635
f 6197//635 6200//635 6196//635
f 6200//624 6199//624 6195//624
f 6201//635 6204//635 6200//635
f 6204//627 6203//627 6199//627
f 6207//635 6208//635 6204//635
f 6208//625 6206//625 6203//625
f 6194//630 6196//630 6180//630
f 6196//624 6193//624 6178//624
f 6198//624 6200//624 6184//624
f 6200//627 6197//627 6181//627
f 6202//627 6204//627 6188//627
f 6204//625 6201//625 6186//625
f 6205//625 6208//625 6192//625
f 6208//630 6207//630 6190//630
f 6181//624 6197//624 6194//624
f 6191//626 6187//626 6182//626
f 6178//630 6193//630 6205//630
f 6186//627 6201//627 6198//627
f 6190//625 6207//625 6202//625
f 6199//635 6203//635 6206//635
f 6214//624 6216//624 6212//624
f 6216//626 6213//626 6209//626
f 6221//626 6224//626 6212//626
f 6224//630 6223//630 6211//630
f 6223//625 6224//625 6220//625
f 6224//626 6222//626 6217//626
f 6219//627 6220//627 6216//627
f 6220//626 6218//626 6215//626
f 6238//630 6240//630 6228//630
f 6240//635 6237//635 6225//635
f 6229//635 6232//635 6228//635
f 6232//624 6231//624 6227//624
f 6233//635 6236//635 6232//635
f 6236//627 6235//627 6231//627
f 6239//635 6240//635 6236//635
f 6240//625 6238//625 6235//625
f 6226//630 6228//630 6212//630
f 6228//624 6225//624 6210//624
f 6230//624 6232//624 6216//624
f 6232//627 6229//627 6213//627
f 6234//627 6236//627 6220//627
f 6236//625 6233//625 6218//625
f 6237//625 6240//625 6224//625
f 6240//630 6239//630 6222//630
f 6213//624 6229//624 6226//624
f 6223//626 6219//626 6214//626
f 6210//630 6225//630 6237//630
f 6218//627 6233//627 6230//627
f 6222//625 6239//625 6234//625
f 6231//635 6235//635 6238//635
f 6246//624 6248//624 6244//624
f 6248//626 6245//626 6241//626
f 6253//626 6256//626 6244//626
f 6256//630 6255//630 6243//630
f 6255//625 6256//625 6252//625
f 6256//626 6254//626 6249//626
f 6251//627 6252//627 6248//627
f 6252//626 6250//626 6247//626
f 6270//630 6272//630 6260//630
f 6272//635 6269//635 6257//635
f 6261//635 6264//635 6260//635
f 6264//624 6263//624 6259//624
f 6265//635 6268//635 6264//635
f 6268//627 6267//627 6263//627
f 6271//635 6272//635 6268//635
f 6272//625 6270//625 6267//625
f 6258//630 6260//630 6244//630
f 6260//624 6257//624 6242//624
f 6262//624 6264//624 6248//624
f 6264//627 6261//627 6245//627
f 6266//627 6268//627 6252//627
f 6268//625 6265//625 6250//625
f 6269//625 6272//625 6256//625
f 6272//630 6271//630 6254//630
f 6245//624 6261//624 6258//624
f 6255//626 6251//626 6246//626
f 6242//630 6257//630 6269//630
f 6250//627 6265//627 6262//627
f 6254//625 6271//625 6266//625
f 6263//635 6267//635 6270//635
usemtl Amber
f 5789//624 5790//624 5791//624
f 5798//625 5796//625 5795//625
f 5794//626 5790//626 5789//626
f 5795//627 5791//627 5790//627
f 5796//633 5792//633 5791//633
f 5797//634 5793//634 5792//634
f 5798//630 5789//630 5793//630
f 6041//624 6042//624 6043//624
f 6050//625 6048//625 6047//625
f 6046//626 6042//626 6041//626
f 6047//627 6043//627 6042//627
f 6048//633 6044//633 6043//633
f 6049//634 6045//634 6044//634
f 6050//630 6041//630 6045//630
f 5792//624 5793//624 5791//624
f 5793//624 5789//624 5791//624
f 5795//625 5794//625 5798//625
f 5798//625 5797//625 5796//625
f 5794//626 5795//626 5790//626
f 5795//627 5796//627 5791//627
f 5796//633 5797//633 5792//633
f 5797//634 5798//634 5793//634
f 5798//630 5794//630 5789//630
f 6044//624 6045//624 6043//624
f 6045//624 6041//624 6043//624
f 6047//625 6046//625 6050//625
f 6050//625 6049//625 6048//625
f 6046//626 6047//626 6042//626
f 6047//627 6048//627 6043//627
f 6048//633 6049//633 6044//633
f 6049//634 6050//634 6045//634
f 6050//630 6046//630 6041//630
usemtl DarkGlass
f 5915//624 5916//624 5917//624
f 5924//625 5922//625 5921//625
f 5920//626 5916//626 5915//626
f 5921//627 5917//627 5916//627
f 5922//640 5918//640 5917//640
f 5923//641 5919//641 5918//641
f 5924//630 5915//630 5919//630
f 6167//624 6168//624 6169//624
f 6176//625 6174//625 6173//625
f 6172//626 6168//626 6167//626
f 6173//627 6169//627 6168//627
f 6174//640 6170//640 6169//640
f 6175//641 6171//641 6170//641
f 6176//630 6167//630 6171//630
f 5918//624 5919//624 5917//624
f 5919//624 5915//624 5917//624
f 5921//625 5920//625 5924//625
f 5924//625 5923//625 5922//625
f 5920//626 5921//626 5916//626
f 5921//627 5922//627 5917//627
f 5922//640 5923//640 5918//640
f 5923//641 5924//641 5919//641
f 5924//630 5920//630 5915//630
f 6170//624 6171//624 6169//624
f 6171//624 6167//624 6169//624
f 6173//625 6172//625 6176//625
f 6176//625 6175//625 6174//625
f 6172//626 6173//626 6168//626
f 6173//627 6174//627 6169//627
f 6174//640 6175//640 6170//640
f 6175//641 6176//641 6171//641
f 6176//630 6172//630 6167//630
o Porch_01
v 4.840000 8.910000 -4.600000
v 5.000000 8.910000 -4.440000
v 4.840000 8.750000 -4.440000
v 4.840000 8.910000 -4.440000
v -4.840000 8.910000 -4.600000
v -4.840000 8.750000 -4.440000
v -5.000000 8.910000 -4.440000
v -4.840000 8.910000 -4.440000
v -4.840000 8.910000 0.600000
v -5.000000 8.910000 0.440000
v -4.840000 8.750000 0.440000
v -4.840000 8.910000 0.440000
v 5.000000 8.910000 0.440000
v 4.840000 8.910000 0.600000
v 4.840000 8.750000 0.440000
v 4.840000 8.910000 0.440000
v 5.000000 9.090000 -4.440000
v 4.840000 9.090000 -4.600000
v 4.840000 9.250000 -4.440000
v 4.840000 9.090000 -4.440000
v -4.840000 9.090000 -4.600000
v -5.000000 9.090000 -4.440000
v -4.840000 9.250000 -4.440000
v -4.840000 9.090000 -4.440000
v -5.000000 9.090000 0.440000
v -4.840000 9.090000 0.600000
v -4.840000 9.250000 0.440000
v -4.840000 9.090000 0.440000
v 5.000000 9.090000 0.440000
v 4.840000 9.250000 0.440000
v 4.840000 9.090000 0.600000
v 4.840000 9.090000 0.440000
v 4.200000 1.000000 -4.120000
v 4.200000 9.000000 -4.120000
v 4.360000 1.000000 -4.077128
v 4.360000 9.000000 -4.077128
v 4.477128 1.000000 -3.960000
v 4.477128 9.000000 -3.960000
v 4.520000 1.000000 -3.800000
v 4.520000 9.000000 -3.800000
v 4.477128 1.000000 -3.640000
v 4.477128 9.000000 -3.640000
v 4.360000 1.000000 -3.522872
v 4.360000 9.000000 -3.522872
v 4.200000 1.000000 -3.480000
v 4.200000 9.000000 -3.480000
v 4.040000 1.000000 -3.522872
v 4.040000 9.000000 -3.522872
v 3.922872 1.000000 -3.640000
v 3.922872 9.000000 -3.640000
v 3.880000 1.000000 -3.800000
v 3.880000 9.000000 -3.800000
v 3.922872 1.000000 -3.960000
v 3.922872 9.000000 -3.960000
v 4.040000 1.000000 -4.077128
v 4.040000 9.000000 -4.077128
v 4.200000 1.110000 -4.135000
v 4.200000 1.490000 -4.135000
v 4.367500 1.110000 -4.090118
v 4.367500 1.490000 -4.090118
v 4.490119 1.110000 -3.967500
v 4.490119 1.490000 -3.967500
v 4.535000 1.110000 -3.800000
v 4.535000 1.490000 -3.800000
v 4.490119 1.110000 -3.632500
v 4.490119 1.490000 -3.632500
v 4.367500 1.110000 -3.509881
v 4.367500 1.490000 -3.509881
v 4.200000 1.110000 -3.465000
v 4.200000 1.490000 -3.465000
v 4.032500 1.110000 -3.509881
v 4.032500 1.490000 -3.509881
v 3.909881 1.110000 -3.632500
v 3.909881 1.490000 -3.632500
v 3.865000 1.110000 -3.800000
v 3.865000 1.490000 -3.800000
v 3.909881 1.110000 -3.967500
v 3.909881 1.490000 -3.967500
v 4.032500 1.110000 -4.090118
v 4.032500 1.490000 -4.090118
v 4.200000 2.110000 -4.135000
v 4.200000 2.490000 -4.135000
v 4.367500 2.110000 -4.090118
v 4.367500 2.490000 -4.090118
v 4.490119 2.110000 -3.967500
v 4.490119 2.490000 -3.967500
v 4.535000 2.110000 -3.800000
v 4.535000 2.490000 -3.800000
v 4.490119 2.110000 -3.632500
v 4.490119 2.490000 -3.632500
v 4.367500 2.110000 -3.509881
v 4.367500 2.490000 -3.509881
v 4.200000 2.110000 -3.465000
v 4.200000 2.490000 -3.465000
v 4.032500 2.110000 -3.509881
v 4.032500 2.490000 -3.509881
v 3.909881 2.110000 -3.632500
v 3.909881 2.490000 -3.632500
v 3.865000 2.110000 -3.800000
v 3.865000 2.490000 -3.800000
v 3.909881 2.110000 -3.967500
v 3.909881 2.490000 -3.967500
v 4.032500 2.110000 -4.090118
v 4.032500 2.490000 -4.090118
v 4.200000 3.110000 -4.135000
v 4.200000 3.490000 -4.135000
v 4.367500 3.110000 -4.090118
v 4.367500 3.490000 -4.090118
v 4.490119 3.110000 -3.967500
v 4.490119 3.490000 -3.967500
v 4.535000 3.110000 -3.800000
v 4.535000 3.490000 -3.800000
v 4.490119 3.110000 -3.632500
v 4.490119 3.490000 -3.632500
v 4.367500 3.110000 -3.509881
v 4.367500 3.490000 -3.509881
v 4.200000 3.110000 -3.465000
v 4.200000 3.490000 -3.465000
v 4.032500 3.110000 -3.509881
v 4.032500 3.490000 -3.509881
v 3.909881 3.110000 -3.632500
v 3.909881 3.490000 -3.632500
v 3.865000 3.110000 -3.800000
v 3.865000 3.490000 -3.800000
v 3.909881 3.110000 -3.967500
v 3.909881 3.490000 -3.967500
v 4.032500 3.110000 -4.090118
v 4.032500 3.490000 -4.090118
v 4.200000 4.110000 -4.135000
v 4.200000 4.490000 -4.135000
v 4.367500 4.110000 -4.090118
v 4.367500 4.490000 -4.090118
v 4.490119 4.110000 -3.967500
v 4.490119 4.490000 -3.967500
v 4.535000 4.110000 -3.800000
v 4.535000 4.490000 -3.800000
v 4.490119 4.110000 -3.632500
v 4.490119 4.490000 -3.632500
v 4.367500 4.110000 -3.509881
v 4.367500 4.490000 -3.509881
v 4.200000 4.110000 -3.465000
v 4.200000 4.490000 -3.465000
v 4.032500 4.110000 -3.509881
v 4.032500 4.490000 -3.509881
v 3.909881 4.110000 -3.632500
v 3.909881 4.490000 -3.632500
v 3.865000 4.110000 -3.800000
v 3.865000 4.490000 -3.800000
v 3.909881 4.110000 -3.967500
v 3.909881 4.490000 -3.967500
v 4.032500 4.110000 -4.090118
v 4.032500 4.490000 -4.090118
v 4.200000 5.110000 -4.135000
v 4.200000 5.490000 -4.135000
v 4.367500 5.110000 -4.090118
v 4.367500 5.490000 -4.090118
v 4.490119 5.110000 -3.967500
v 4.490119 5.490000 -3.967500
v 4.535000 5.110000 -3.800000
v 4.535000 5.490000 -3.800000
v 4.490119 5.110000 -3.632500
v 4.490119 5.490000 -3.632500
v 4.367500 5.110000 -3.509881
v 4.367500 5.490000 -3.509881
v 4.200000 5.110000 -3.465000
v 4.200000 5.490000 -3.465000
v 4.032500 5.110000 -3.509881
v 4.032500 5.490000 -3.509881
v 3.909881 5.110000 -3.632500
v 3.909881 5.490000 -3.632500
v 3.865000 5.110000 -3.800000
v 3.865000 5.490000 -3.800000
v 3.909881 5.110000 -3.967500
v 3.909881 5.490000 -3.967500
v 4.032500 5.110000 -4.090118
v 4.032500 5.490000 -4.090118
v 4.200000 6.110000 -4.135000
v 4.200000 6.490000 -4.135000
v 4.367500 6.110000 -4.090118
v 4.367500 6.490000 -4.090118
v 4.490119 6.110000 -3.967500
v 4.490119 6.490000 -3.967500
v 4.535000 6.110000 -3.800000
v 4.535000 6.490000 -3.800000
v 4.490119 6.110000 -3.632500
v 4.490119 6.490000 -3.632500
v 4.367500 6.110000 -3.509881
v 4.367500 6.490000 -3.509881
v 4.200000 6.110000 -3.465000
v 4.200000 6.490000 -3.465000
v 4.032500 6.110000 -3.509881
v 4.032500 6.490000 -3.509881
v 3.909881 6.110000 -3.632500
v 3.909881 6.490000 -3.632500
v 3.865000 6.110000 -3.800000
v 3.865000 6.490000 -3.800000
v 3.909881 6.110000 -3.967500
v 3.909881 6.490000 -3.967500
v 4.032500 6.110000 -4.090118
v 4.032500 6.490000 -4.090118
v 4.200000 7.110000 -4.135000
v 4.200000 7.490000 -4.135000
v 4.367500 7.110000 -4.090118
v 4.367500 7.490000 -4.090118
v 4.490119 7.110000 -3.967500
v 4.490119 7.490000 -3.967500
v 4.535000 7.110000 -3.800000
v 4.535000 7.490000 -3.800000
v 4.490119 7.110000 -3.632500
v 4.490119 7.490000 -3.632500
v 4.367500 7.110000 -3.509881
v 4.367500 7.490000 -3.509881
v 4.200000 7.110000 -3.465000
v 4.200000 7.490000 -3.465000
v 4.032500 7.110000 -3.509881
v 4.032500 7.490000 -3.509881
v 3.909881 7.110000 -3.632500
v 3.909881 7.490000 -3.632500
v 3.865000 7.110000 -3.800000
v 3.865000 7.490000 -3.800000
v 3.909881 7.110000 -3.967500
v 3.909881 7.490000 -3.967500
v 4.032500 7.110000 -4.090118
v 4.032500 7.490000 -4.090118
v 4.200000 8.110001 -4.135000
v 4.200000 8.490000 -4.135000
v 4.367500 8.110001 -4.090118
v 4.367500 8.490000 -4.090118
v 4.490119 8.110001 -3.967500
v 4.490119 8.490000 -3.967500
v 4.535000 8.110001 -3.800000
v 4.535000 8.490000 -3.800000
v 4.490119 8.110001 -3.632500
v 4.490119 8.490000 -3.632500
v 4.367500 8.110001 -3.509881
v 4.367500 8.490000 -3.509881
v 4.200000 8.110001 -3.465000
v 4.200000 8.490000 -3.465000
v 4.032500 8.110001 -3.509881
v 4.032500 8.490000 -3.509881
v 3.909881 8.110001 -3.632500
v 3.909881 8.490000 -3.632500
v 3.865000 8.110001 -3.800000
v 3.865000 8.490000 -3.800000
v 3.909881 8.110001 -3.967500
v 3.909881 8.490000 -3.967500
v 4.032500 8.110001 -4.090118
v 4.032500 8.490000 -4.090118
v -4.200000 1.000000 -4.120000
v -4.200000 9.000000 -4.120000
v -4.040000 1.000000 -4.077128
v -4.040000 9.000000 -4.077128
v -3.922872 1.000000 -3.960000
v -3.922872 9.000000 -3.960000
v -3.880000 1.000000 -3.800000
v -3.880000 9.000000 -3.800000
v -3.922872 1.000000 -3.640000
v -3.922872 9.000000 -3.640000
v -4.040000 1.000000 -3.522872
v -4.040000 9.000000 -3.522872
v -4.200000 1.000000 -3.480000
v -4.200000 9.000000 -3.480000
v -4.360000 1.000000 -3.522872
v -4.360000 9.000000 -3.522872
v -4.477128 1.000000 -3.640000
v -4.477128 9.000000 -3.640000
v -4.520000 1.000000 -3.800000
v -4.520000 9.000000 -3.800000
v -4.477128 1.000000 -3.960000
v -4.477128 9.000000 -3.960000
v -4.360000 1.000000 -4.077128
v -4.360000 9.000000 -4.077128
v -4.200000 1.110000 -4.135000
v -4.200000 1.490000 -4.135000
v -4.032500 1.110000 -4.090118
v -4.032500 1.490000 -4.090118
v -3.909881 1.110000 -3.967500
v -3.909881 1.490000 -3.967500
v -3.865000 1.110000 -3.800000
v -3.865000 1.490000 -3.800000
v -3.909881 1.110000 -3.632500
v -3.909881 1.490000 -3.632500
v -4.032500 1.110000 -3.509881
v -4.032500 1.490000 -3.509881
v -4.200000 1.110000 -3.465000
v -4.200000 1.490000 -3.465000
v -4.367500 1.110000 -3.509881
v -4.367500 1.490000 -3.509881
v -4.490119 1.110000 -3.632500
v -4.490119 1.490000 -3.632500
v -4.535000 1.110000 -3.800000
v -4.535000 1.490000 -3.800000
v -4.490119 1.110000 -3.967500
v -4.490119 1.490000 -3.967500
v -4.367500 1.110000 -4.090118
v -4.367500 1.490000 -4.090118
v -4.200000 2.110000 -4.135000
v -4.200000 2.490000 -4.135000
v -4.032500 2.110000 -4.090118
v -4.032500 2.490000 -4.090118
v -3.909881 2.110000 -3.967500
v -3.909881 2.490000 -3.967500
v -3.865000 2.110000 -3.800000
v -3.865000 2.490000 -3.800000
v -3.909881 2.110000 -3.632500
v -3.909881 2.490000 -3.632500
v -4.032500 2.110000 -3.509881
v -4.032500 2.490000 -3.509881
v -4.200000 2.110000 -3.465000
v -4.200000 2.490000 -3.465000
v -4.367500 2.110000 -3.509881
v -4.367500 2.490000 -3.509881
v -4.490119 2.110000 -3.632500
v -4.490119 2.490000 -3.632500
v -4.535000 2.110000 -3.800000
v -4.535000 2.490000 -3.800000
v -4.490119 2.110000 -3.967500
v -4.490119 2.490000 -3.967500
v -4.367500 2.110000 -4.090118
v -4.367500 2.490000 -4.090118
v -4.200000 3.110000 -4.135000
v -4.200000 3.490000 -4.135000
v -4.032500 3.110000 -4.090118
v -4.032500 3.490000 -4.090118
v -3.909881 3.110000 -3.967500
v -3.909881 3.490000 -3.967500
v -3.865000 3.110000 -3.800000
v -3.865000 3.490000 -3.800000
v -3.909881 3.110000 -3.632500
v -3.909881 3.490000 -3.632500
v -4.032500 3.110000 -3.509881
v -4.032500 3.490000 -3.509881
v -4.200000 3.110000 -3.465000
v -4.200000 3.490000 -3.465000
v -4.367500 3.110000 -3.509881
v -4.367500 3.490000 -3.509881
v -4.490119 3.110000 -3.632500
v -4.490119 3.490000 -3.632500
v -4.535000 3.110000 -3.800000
v -4.535000 3.490000 -3.800000
v -4.490119 3.110000 -3.967500
v -4.490119 3.490000 -3.967500
v -4.367500 3.110000 -4.090118
v -4.367500 3.490000 -4.090118
v -4.200000 4.110000 -4.135000
v -4.200000 4.490000 -4.135000
v -4.032500 4.110000 -4.090118
v -4.032500 4.490000 -4.090118
v -3.909881 4.110000 -3.967500
v -3.909881 4.490000 -3.967500
v -3.865000 4.110000 -3.800000
v -3.865000 4.490000 -3.800000
v -3.909881 4.110000 -3.632500
v -3.909881 4.490000 -3.632500
v -4.032500 4.110000 -3.509881
v -4.032500 4.490000 -3.509881
v -4.200000 4.110000 -3.465000
v -4.200000 4.490000 -3.465000
v -4.367500 4.110000 -3.509881
v -4.367500 4.490000 -3.509881
v -4.490119 4.110000 -3.632500
v -4.490119 4.490000 -3.632500
v -4.535000 4.110000 -3.800000
v -4.535000 4.490000 -3.800000
v -4.490119 4.110000 -3.967500
v -4.490119 4.490000 -3.967500
v -4.367500 4.110000 -4.090118
v -4.367500 4.490000 -4.090118
v -4.200000 5.110000 -4.135000
v -4.200000 5.490000 -4.135000
v -4.032500 5.110000 -4.090118
v -4.032500 5.490000 -4.090118
v -3.909881 5.110000 -3.967500
v -3.909881 5.490000 -3.967500
v -3.865000 5.110000 -3.800000
v -3.865000 5.490000 -3.800000
v -3.909881 5.110000 -3.632500
v -3.909881 5.490000 -3.632500
v -4.032500 5.110000 -3.509881
v -4.032500 5.490000 -3.509881
v -4.200000 5.110000 -3.465000
v -4.200000 5.490000 -3.465000
v -4.367500 5.110000 -3.509881
v -4.367500 5.490000 -3.509881
v -4.490119 5.110000 -3.632500
v -4.490119 5.490000 -3.632500
v -4.535000 5.110000 -3.800000
v -4.535000 5.490000 -3.800000
v -4.490119 5.110000 -3.967500
v -4.490119 5.490000 -3.967500
v -4.367500 5.110000 -4.090118
v -4.367500 5.490000 -4.090118
v -4.200000 6.110000 -4.135000
v -4.200000 6.490000 -4.135000
v -4.032500 6.110000 -4.090118
v -4.032500 6.490000 -4.090118
v -3.909881 6.110000 -3.967500
v -3.909881 6.490000 -3.967500
v -3.865000 6.110000 -3.800000
v -3.865000 6.490000 -3.800000
v -3.909881 6.110000 -3.632500
v -3.909881 6.490000 -3.632500
v -4.032500 6.110000 -3.509881
v -4.032500 6.490000 -3.509881
v -4.200000 6.110000 -3.465000
v -4.200000 6.490000 -3.465000
v -4.367500 6.110000 -3.509881
v -4.367500 6.490000 -3.509881
v -4.490119 6.110000 -3.632500
v -4.490119 6.490000 -3.632500
v -4.535000 6.110000 -3.800000
v -4.535000 6.490000 -3.800000
v -4.490119 6.110000 -3.967500
v -4.490119 6.490000 -3.967500
v -4.367500 6.110000 -4.090118
v -4.367500 6.490000 -4.090118
v -4.200000 7.110000 -4.135000
v -4.200000 7.490000 -4.135000
v -4.032500 7.110000 -4.090118
v -4.032500 7.490000 -4.090118
v -3.909881 7.110000 -3.967500
v -3.909881 7.490000 -3.967500
v -3.865000 7.110000 -3.800000
v -3.865000 7.490000 -3.800000
v -3.909881 7.110000 -3.632500
v -3.909881 7.490000 -3.632500
v -4.032500 7.110000 -3.509881
v -4.032500 7.490000 -3.509881
v -4.200000 7.110000 -3.465000
v -4.200000 7.490000 -3.465000
v -4.367500 7.110000 -3.509881
v -4.367500 7.490000 -3.509881
v -4.490119 7.110000 -3.632500
v -4.490119 7.490000 -3.632500
v -4.535000 7.110000 -3.800000
v -4.535000 7.490000 -3.800000
v -4.490119 7.110000 -3.967500
v -4.490119 7.490000 -3.967500
v -4.367500 7.110000 -4.090118
v -4.367500 7.490000 -4.090118
v -4.200000 8.110001 -4.135000
v -4.200000 8.490000 -4.135000
v -4.032500 8.110001 -4.090118
v -4.032500 8.490000 -4.090118
v -3.909881 8.110001 -3.967500
v -3.909881 8.490000 -3.967500
v -3.865000 8.110001 -3.800000
v -3.865000 8.490000 -3.800000
v -3.909881 8.110001 -3.632500
v -3.909881 8.490000 -3.632500
v -4.032500 8.110001 -3.509881
v -4.032500 8.490000 -3.509881
v -4.200000 8.110001 -3.465000
v -4.200000 8.490000 -3.465000
v -4.367500 8.110001 -3.509881
v -4.367500 8.490000 -3.509881
v -4.490119 8.110001 -3.632500
v -4.490119 8.490000 -3.632500
v -4.535000 8.110001 -3.800000
v -4.535000 8.490000 -3.800000
v -4.490119 8.110001 -3.967500
v -4.490119 8.490000 -3.967500
v -4.367500 8.110001 -4.090118
v -4.367500 8.490000 -4.090118
vn -0.0000 -0.0000 -1.0000
vn -0.0000 -1.0000 -0.0000
vn 1.0000 -0.0000 -0.0000
vn -0.0000 -0.0000 1.0000
vn -1.0000 -0.0000 -0.0000
vn -0.0000 1.0000 -0.0000
vn 0.2588 -0.0000 -0.9659
vn 0.7071 -0.0000 -0.7071
vn 0.9659 -0.0000 -0.2588
vn 0.9659 -0.0000 0.2588
vn 0.7071 -0.0000 0.7071
vn 0.2588 -0.0000 0.9659
vn -0.2588 -0.0000 0.9659
vn -0.7071 -0.0000 0.7071
vn -0.9659 -0.0000 0.2588
vn -0.9659 -0.0000 -0.2588
vn -0.7071 -0.0000 -0.7071
vn -0.2588 -0.0000 -0.9659
vt 0.000000 0.000000
vt 1.000000 1.000000
vt 0.916667 0.500000
vt 1.000000 0.500000
vt 0.916667 1.000000
vt 0.833333 0.500000
vt 0.833333 1.000000
vt 0.750000 0.500000
vt 0.750000 1.000000
vt 0.666667 0.500000
vt 0.666667 1.000000
vt 0.583333 0.500000
vt 0.583333 1.000000
vt 0.500000 0.500000
vt 0.500000 1.000000
vt 0.416667 0.500000
vt 0.416667 1.000000
vt 0.333333 0.500000
vt 0.333333 1.000000
vt 0.250000 0.500000
vt 0.250000 1.000000
vt 0.166667 0.500000
vt 0.042154 0.370000
vt 0.250000 0.010000
vt 0.457846 0.370000
vt 0.166667 1.000000
vt 0.083333 0.500000
vt 0.083333 1.000000
vt 0.000000 0.500000
vt 0.630000 0.042154
vt 0.510000 0.250000
vt 0.630000 0.457846
vt 0.042154 0.370000
vt 0.250000 0.010000
vt 0.870000 0.042154
vt 0.630000 0.042154
vt 0.870000 0.042154
vt 0.457846 0.130000
vt 0.370000 0.457846
vt 0.250000 0.490000
vt 0.130000 0.457846
vt 0.010000 0.250000
vt 0.042154 0.130000
vt 0.130000 0.042154
vt 0.370000 0.042154
vt 0.457846 0.130000
vt 0.490000 0.250000
vt 0.000000 1.000000
vt 0.750000 0.490000
vt 0.870000 0.457846
vt 0.957846 0.370000
vt 0.990000 0.250000
vt 0.957846 0.130000
vt 0.750000 0.010000
vt 0.542154 0.130000
vt 0.542154 0.370000
vt 0.250000 0.490000
vt 0.130000 0.457846
vt 0.010000 0.250000
vt 0.042154 0.130000
vt 0.130000 0.042154
vt 0.370000 0.042154
vt 0.490000 0.250000
vt 0.750000 0.490000
vt 0.957846 0.130000
vt 0.750000 0.010000
vt 0.542154 0.130000
s 0
usemtl BiscuitEdge
f 6278/756/644 6276/756/644 6275/756/644
f 6280/756/645 6273/756/645 6276/756/645
f 6285/756/645 6276/756/645 6274/756/645
f 6288/756/646 6275/756/646 6276/756/646
f 6287/756/647 6284/756/647 6283/756/647
f 6288/756/645 6281/756/645 6284/756/645
f 6283/756/648 6280/756/648 6278/756/648
f 6284/756/645 6279/756/645 6280/756/645
f 6302/756/646 6292/756/646 6291/756/646
f 6304/756/649 6289/756/649 6292/756/649
f 6293/756/649 6292/756/649 6290/756/649
f 6296/756/644 6291/756/644 6292/756/644
f 6297/756/649 6296/756/649 6294/756/649
f 6300/756/648 6295/756/648 6296/756/648
f 6303/756/649 6300/756/649 6298/756/649
f 6304/756/647 6299/756/647 6300/756/647
f 6290/756/646 6276/756/646 6273/756/646
f 6292/756/644 6274/756/644 6276/756/644
f 6294/756/644 6280/756/644 6279/756/644
f 6296/756/648 6277/756/648 6280/756/648
f 6298/756/648 6284/756/648 6281/756/648
f 6300/756/647 6282/756/647 6284/756/647
f 6301/756/647 6288/756/647 6285/756/647
f 6304/756/646 6286/756/646 6288/756/646
f 6277/756/644 6290/756/644 6273/756/644
f 6287/756/645 6278/756/645 6275/756/645
f 6274/756/646 6301/756/646 6285/756/646
f 6282/756/648 6294/756/648 6279/756/648
f 6286/756/647 6298/756/647 6281/756/647
f 6295/756/649 6302/756/649 6291/756/649
f 6278/756/644 6280/756/644 6276/756/644
f 6280/756/645 6277/756/645 6273/756/645
f 6285/756/645 6288/756/645 6276/756/645
f 6288/756/646 6287/756/646 6275/756/646
f 6287/756/647 6288/756/647 6284/756/647
f 6288/756/645 6286/756/645 6281/756/645
f 6283/756/648 6284/756/648 6280/756/648
f 6284/756/645 6282/756/645 6279/756/645
f 6302/756/646 6304/756/646 6292/756/646
f 6304/756/649 6301/756/649 6289/756/649
f 6293/756/649 6296/756/649 6292/756/649
f 6296/756/644 6295/756/644 6291/756/644
f 6297/756/649 6300/756/649 6296/756/649
f 6300/756/648 6299/756/648 6295/756/648
f 6303/756/649 6304/756/649 6300/756/649
f 6304/756/647 6302/756/647 6299/756/647
f 6290/756/646 6292/756/646 6276/756/646
f 6292/756/644 6289/756/644 6274/756/644
f 6294/756/644 6296/756/644 6280/756/644
f 6296/756/648 6293/756/648 6277/756/648
f 6298/756/648 6300/756/648 6284/756/648
f 6300/756/647 6297/756/647 6282/756/647
f 6301/756/647 6304/756/647 6288/756/647
f 6304/756/646 6303/756/646 6286/756/646
f 6277/756/644 6293/756/644 6290/756/644
f 6287/756/645 6283/756/645 6278/756/645
f 6274/756/646 6289/756/646 6301/756/646
f 6282/756/648 6297/756/648 6294/756/648
f 6286/756/647 6303/756/647 6298/756/647
f 6295/756/649 6299/756/649 6302/756/649
usemtl Icing
f 6306/757/650 6307/758/650 6305/759/650
f 6308/760/651 6309/761/651 6307/758/651
f 6310/762/652 6311/763/652 6309/761/652
f 6312/764/653 6313/765/653 6311/763/653
f 6314/766/654 6315/767/654 6313/765/654
f 6316/768/655 6317/769/655 6315/767/655
f 6318/770/656 6319/771/656 6317/769/656
f 6320/772/657 6321/773/657 6319/771/657
f 6322/774/658 6323/775/658 6321/773/658
f 6324/776/659 6325/777/659 6323/775/659
f 6326/778/649 6318/779/649 6310/780/649
f 6326/781/660 6327/782/660 6325/777/660
f 6328/783/661 6305/784/661 6327/782/661
f 6319/785/645 6323/786/645 6327/787/645
f 6522/757/650 6523/758/650 6521/759/650
f 6524/760/651 6525/761/651 6523/758/651
f 6526/762/652 6527/763/652 6525/761/652
f 6528/764/653 6529/765/653 6527/763/653
f 6530/766/654 6531/767/654 6529/765/654
f 6532/768/655 6533/769/655 6531/767/655
f 6534/770/656 6535/771/656 6533/769/656
f 6536/772/657 6537/773/657 6535/771/657
f 6538/774/658 6539/775/658 6537/773/658
f 6540/776/659 6541/777/659 6539/775/659
f 6542/778/649 6534/779/649 6526/780/649
f 6542/781/660 6543/782/660 6541/777/660
f 6544/783/661 6521/784/661 6543/782/661
f 6531/792/645 6535/785/645 6543/787/645
f 6306/757/650 6308/760/650 6307/758/650
f 6308/760/651 6310/762/651 6309/761/651
f 6310/762/652 6312/764/652 6311/763/652
f 6312/764/653 6314/766/653 6313/765/653
f 6314/766/654 6316/768/654 6315/767/654
f 6316/768/655 6318/770/655 6317/769/655
f 6318/770/656 6320/772/656 6319/771/656
f 6320/772/657 6322/774/657 6321/773/657
f 6322/774/658 6324/776/658 6323/775/658
f 6324/776/659 6326/781/659 6325/777/659
f 6310/780/649 6308/794/649 6306/795/649
f 6306/795/649 6328/796/649 6310/780/649
f 6328/796/649 6326/778/649 6310/780/649
f 6326/778/649 6324/797/649 6318/779/649
f 6324/797/649 6322/798/649 6318/779/649
f 6322/798/649 6320/799/649 6318/779/649
f 6318/779/649 6316/800/649 6310/780/649
f 6316/800/649 6314/801/649 6310/780/649
f 6314/801/649 6312/802/649 6310/780/649
f 6326/781/660 6328/783/660 6327/782/660
f 6328/783/661 6306/803/661 6305/784/661
f 6327/787/645 6305/804/645 6307/805/645
f 6307/805/645 6309/806/645 6311/807/645
f 6311/807/645 6313/808/645 6315/792/645
f 6315/792/645 6317/809/645 6319/785/645
f 6319/785/645 6321/810/645 6323/786/645
f 6323/786/645 6325/811/645 6327/787/645
f 6327/787/645 6307/805/645 6311/807/645
f 6311/807/645 6315/792/645 6327/787/645
f 6315/792/645 6319/785/645 6327/787/645
f 6522/757/650 6524/760/650 6523/758/650
f 6524/760/651 6526/762/651 6525/761/651
f 6526/762/652 6528/764/652 6527/763/652
f 6528/764/653 6530/766/653 6529/765/653
f 6530/766/654 6532/768/654 6531/767/654
f 6532/768/655 6534/770/655 6533/769/655
f 6534/770/656 6536/772/656 6535/771/656
f 6536/772/657 6538/774/657 6537/773/657
f 6538/774/658 6540/776/658 6539/775/658
f 6540/776/659 6542/781/659 6541/777/659
f 6526/780/649 6524/794/649 6522/795/649
f 6522/795/649 6544/796/649 6526/780/649
f 6544/796/649 6542/778/649 6526/780/649
f 6542/778/649 6540/797/649 6538/798/649
f 6538/798/649 6536/799/649 6542/778/649
f 6536/799/649 6534/779/649 6542/778/649
f 6534/779/649 6532/800/649 6530/801/649
f 6530/801/649 6528/802/649 6534/779/649
f 6528/802/649 6526/780/649 6534/779/649
f 6542/781/660 6544/783/660 6543/782/660
f 6544/783/661 6522/803/661 6521/784/661
f 6543/787/645 6521/804/645 6523/805/645
f 6523/805/645 6525/806/645 6527/807/645
f 6527/807/645 6529/808/645 6531/792/645
f 6531/792/645 6533/809/645 6535/785/645
f 6535/785/645 6537/810/645 6543/787/645
f 6537/810/645 6539/786/645 6543/787/645
f 6539/786/645 6541/811/645 6543/787/645
f 6543/787/645 6523/805/645 6527/807/645
f 6527/807/645 6531/792/645 6543/787/645
usemtl CandyRed
f 6330/757/650 6331/758/650 6329/759/650
f 6332/760/651 6333/761/651 6331/758/651
f 6334/762/652 6335/763/652 6333/761/652
f 6336/764/653 6337/765/653 6335/763/653
f 6338/766/654 6339/767/654 6337/765/654
f 6340/768/655 6341/769/655 6339/767/655
f 6342/770/656 6343/771/656 6341/769/656
f 6344/772/657 6345/773/657 6343/771/657
f 6346/774/658 6347/775/658 6345/773/658
f 6348/776/659 6349/777/659 6347/775/659
f 6350/788/649 6342/789/649 6334/780/649
f 6350/781/660 6351/782/660 6349/777/660
f 6352/783/661 6329/784/661 6351/782/661
f 6339/790/645 6343/791/645 6351/787/645
f 6354/757/650 6355/758/650 6353/759/650
f 6356/760/651 6357/761/651 6355/758/651
f 6358/762/652 6359/763/652 6357/761/652
f 6360/764/653 6361/765/653 6359/763/653
f 6362/766/654 6363/767/654 6361/765/654
f 6364/768/655 6365/769/655 6363/767/655
f 6366/770/656 6367/771/656 6365/769/656
f 6368/772/657 6369/773/657 6367/771/657
f 6370/774/658 6371/775/658 6369/773/658
f 6372/776/659 6373/777/659 6371/775/659
f 6374/788/649 6366/789/649 6358/780/649
f 6374/781/660 6375/782/660 6373/777/660
f 6376/783/661 6353/784/661 6375/782/661
f 6363/790/645 6367/791/645 6375/787/645
f 6378/757/650 6379/758/650 6377/759/650
f 6380/760/651 6381/761/651 6379/758/651
f 6382/762/652 6383/763/652 6381/761/652
f 6384/764/653 6385/765/653 6383/763/653
f 6386/766/654 6387/767/654 6385/765/654
f 6388/768/655 6389/769/655 6387/767/655
f 6390/770/656 6391/771/656 6389/769/656
f 6392/772/657 6393/773/657 6391/771/657
f 6394/774/658 6395/775/658 6393/773/658
f 6396/776/659 6397/777/659 6395/775/659
f 6398/788/649 6390/789/649 6382/780/649
f 6398/781/660 6399/782/660 6397/777/660
f 6400/783/661 6377/784/661 6399/782/661
f 6387/790/645 6391/791/645 6399/787/645
f 6402/757/650 6403/758/650 6401/759/650
f 6404/760/651 6405/761/651 6403/758/651
f 6406/762/652 6407/763/652 6405/761/652
f 6408/764/653 6409/765/653 6407/763/653
f 6410/766/654 6411/767/654 6409/765/654
f 6412/768/655 6413/769/655 6411/767/655
f 6414/770/656 6415/771/656 6413/769/656
f 6416/772/657 6417/773/657 6415/771/657
f 6418/774/658 6419/775/658 6417/773/658
f 6420/776/659 6421/777/659 6419/775/659
f 6422/788/649 6414/789/649 6406/780/649
f 6422/781/660 6423/782/660 6421/777/660
f 6424/783/661 6401/784/661 6423/782/661
f 6411/790/645 6415/791/645 6423/787/645
f 6426/757/650 6427/758/650 6425/759/650
f 6428/760/651 6429/761/651 6427/758/651
f 6430/762/652 6431/763/652 6429/761/652
f 6432/764/653 6433/765/653 6431/763/653
f 6434/766/654 6435/767/654 6433/765/654
f 6436/768/655 6437/769/655 6435/767/655
f 6438/770/656 6439/771/656 6437/769/656
f 6440/772/657 6441/773/657 6439/771/657
f 6442/774/658 6443/775/658 6441/773/658
f 6444/776/659 6445/777/659 6443/775/659
f 6446/788/649 6438/789/649 6430/780/649
f 6446/781/660 6447/782/660 6445/777/660
f 6448/783/661 6425/784/661 6447/782/661
f 6435/790/645 6439/791/645 6447/787/645
f 6450/757/650 6451/758/650 6449/759/650
f 6452/760/651 6453/761/651 6451/758/651
f 6454/762/652 6455/763/652 6453/761/652
f 6456/764/653 6457/765/653 6455/763/653
f 6458/766/654 6459/767/654 6457/765/654
f 6460/768/655 6461/769/655 6459/767/655
f 6462/770/656 6463/771/656 6461/769/656
f 6464/772/657 6465/773/657 6463/771/657
f 6466/774/658 6467/775/658 6465/773/658
f 6468/776/659 6469/777/659 6467/775/659
f 6470/788/649 6462/789/649 6454/780/649
f 6470/781/660 6471/782/660 6469/777/660
f 6472/783/661 6449/784/661 6471/782/661
f 6459/790/645 6463/791/645 6471/787/645
f 6474/757/650 6475/758/650 6473/759/650
f 6476/760/651 6477/761/651 6475/758/651
f 6478/762/652 6479/763/652 6477/761/652
f 6480/764/653 6481/765/653 6479/763/653
f 6482/766/654 6483/767/654 6481/765/654
f 6484/768/655 6485/769/655 6483/767/655
f 6486/770/656 6487/771/656 6485/769/656
f 6488/772/657 6489/773/657 6487/771/657
f 6490/774/658 6491/775/658 6489/773/658
f 6492/776/659 6493/777/659 6491/775/659
f 6494/788/649 6486/789/649 6478/780/649
f 6494/781/660 6495/782/660 6493/777/660
f 6496/783/661 6473/784/661 6495/782/661
f 6483/790/645 6487/791/645 6495/787/645
f 6498/757/650 6499/758/650 6497/759/650
f 6500/760/651 6501/761/651 6499/758/651
f 6502/762/652 6503/763/652 6501/761/652
f 6504/764/653 6505/765/653 6503/763/653
f 6506/766/654 6507/767/654 6505/765/654
f 6508/768/655 6509/769/655 6507/767/655
f 6510/770/656 6511/771/656 6509/769/656
f 6512/772/657 6513/773/657 6511/771/657
f 6514/774/658 6515/775/658 6513/773/658
f 6516/776/659 6517/777/659 6515/775/659
f 6518/788/649 6510/789/649 6502/780/649
f 6518/781/660 6519/782/660 6517/777/660
f 6520/783/661 6497/784/661 6519/782/661
f 6507/790/645 6511/791/645 6519/787/645
f 6546/757/650 6547/758/650 6545/759/650
f 6548/760/651 6549/761/651 6547/758/651
f 6550/762/652 6551/763/652 6549/761/652
f 6552/764/653 6553/765/653 6551/763/653
f 6554/766/654 6555/767/654 6553/765/654
f 6556/768/655 6557/769/655 6555/767/655
f 6558/770/656 6559/771/656 6557/769/656
f 6560/772/657 6561/773/657 6559/771/657
f 6562/774/658 6563/775/658 6561/773/658
f 6564/776/659 6565/777/659 6563/775/659
f 6554/793/649 6550/780/649 6566/788/649
f 6566/781/660 6567/782/660 6565/777/660
f 6568/783/661 6545/784/661 6567/782/661
f 6559/791/645 6563/786/645 6567/787/645
f 6570/757/650 6571/758/650 6569/759/650
f 6572/760/651 6573/761/651 6571/758/651
f 6574/762/652 6575/763/652 6573/761/652
f 6576/764/653 6577/765/653 6575/763/653
f 6578/766/654 6579/767/654 6577/765/654
f 6580/768/655 6581/769/655 6579/767/655
f 6582/770/656 6583/771/656 6581/769/656
f 6584/772/657 6585/773/657 6583/771/657
f 6586/774/658 6587/775/658 6585/773/658
f 6588/776/659 6589/777/659 6587/775/659
f 6578/793/649 6574/780/649 6590/788/649
f 6590/781/660 6591/782/660 6589/777/660
f 6592/783/661 6569/784/661 6591/782/661
f 6583/791/645 6587/786/645 6591/787/645
f 6594/757/650 6595/758/650 6593/759/650
f 6596/760/651 6597/761/651 6595/758/651
f 6598/762/652 6599/763/652 6597/761/652
f 6600/764/653 6601/765/653 6599/763/653
f 6602/766/654 6603/767/654 6601/765/654
f 6604/768/655 6605/769/655 6603/767/655
f 6606/770/656 6607/771/656 6605/769/656
f 6608/772/657 6609/773/657 6607/771/657
f 6610/774/658 6611/775/658 6609/773/658
f 6612/776/659 6613/777/659 6611/775/659
f 6602/793/649 6598/780/649 6614/788/649
f 6614/781/660 6615/782/660 6613/777/660
f 6616/783/661 6593/784/661 6615/782/661
f 6607/791/645 6611/786/645 6615/787/645
f 6618/757/650 6619/758/650 6617/759/650
f 6620/760/651 6621/761/651 6619/758/651
f 6622/762/652 6623/763/652 6621/761/652
f 6624/764/653 6625/765/653 6623/763/653
f 6626/766/654 6627/767/654 6625/765/654
f 6628/768/655 6629/769/655 6627/767/655
f 6630/770/656 6631/771/656 6629/769/656
f 6632/772/657 6633/773/657 6631/771/657
f 6634/774/658 6635/775/658 6633/773/658
f 6636/776/659 6637/777/659 6635/775/659
f 6626/793/649 6622/780/649 6638/788/649
f 6638/781/660 6639/782/660 6637/777/660
f 6640/783/661 6617/784/661 6639/782/661
f 6631/791/645 6635/786/645 6639/787/645
f 6642/757/650 6643/758/650 6641/759/650
f 6644/760/651 6645/761/651 6643/758/651
f 6646/762/652 6647/763/652 6645/761/652
f 6648/764/653 6649/765/653 6647/763/653
f 6650/766/654 6651/767/654 6649/765/654
f 6652/768/655 6653/769/655 6651/767/655
f 6654/770/656 6655/771/656 6653/769/656
f 6656/772/657 6657/773/657 6655/771/657
f 6658/774/658 6659/775/658 6657/773/658
f 6660/776/659 6661/777/659 6659/775/659
f 6650/793/649 6646/780/649 6662/788/649
f 6662/781/660 6663/782/660 6661/777/660
f 6664/783/661 6641/784/661 6663/782/661
f 6655/791/645 6659/786/645 6663/787/645
f 6666/757/650 6667/758/650 6665/759/650
f 6668/760/651 6669/761/651 6667/758/651
f 6670/762/652 6671/763/652 6669/761/652
f 6672/764/653 6673/765/653 6671/763/653
f 6674/766/654 6675/767/654 6673/765/654
f 6676/768/655 6677/769/655 6675/767/655
f 6678/770/656 6679/771/656 6677/769/656
f 6680/772/657 6681/773/657 6679/771/657
f 6682/774/658 6683/775/658 6681/773/658
f 6684/776/659 6685/777/659 6683/775/659
f 6674/793/649 6670/780/649 6686/788/649
f 6686/781/660 6687/782/660 6685/777/660
f 6688/783/661 6665/784/661 6687/782/661
f 6679/791/645 6683/786/645 6687/787/645
f 6690/757/650 6691/758/650 6689/759/650
f 6692/760/651 6693/761/651 6691/758/651
f 6694/762/652 6695/763/652 6693/761/652
f 6696/764/653 6697/765/653 6695/763/653
f 6698/766/654 6699/767/654 6697/765/654
f 6700/768/655 6701/769/655 6699/767/655
f 6702/770/656 6703/771/656 6701/769/656
f 6704/772/657 6705/773/657 6703/771/657
f 6706/774/658 6707/775/658 6705/773/658
f 6708/776/659 6709/777/659 6707/775/659
f 6698/793/649 6694/780/649 6710/788/649
f 6710/781/660 6711/782/660 6709/777/660
f 6712/783/661 6689/784/661 6711/782/661
f 6703/791/645 6707/786/645 6711/787/645
f 6714/757/650 6715/758/650 6713/759/650
f 6716/760/651 6717/761/651 6715/758/651
f 6718/762/652 6719/763/652 6717/761/652
f 6720/764/653 6721/765/653 6719/763/653
f 6722/766/654 6723/767/654 6721/765/654
f 6724/768/655 6725/769/655 6723/767/655
f 6726/770/656 6727/771/656 6725/769/656
f 6728/772/657 6729/773/657 6727/771/657
f 6730/774/658 6731/775/658 6729/773/658
f 6732/776/659 6733/777/659 6731/775/659
f 6722/793/649 6718/780/649 6734/788/649
f 6734/781/660 6735/782/660 6733/777/660
f 6736/783/661 6713/784/661 6735/782/661
f 6727/791/645 6731/786/645 6735/787/645
f 6330/757/650 6332/760/650 6331/758/650
f 6332/760/651 6334/762/651 6333/761/651
f 6334/762/652 6336/764/652 6335/763/652
f 6336/764/653 6338/766/653 6337/765/653
f 6338/766/654 6340/768/654 6339/767/654
f 6340/768/655 6342/770/655 6341/769/655
f 6342/770/656 6344/772/656 6343/771/656
f 6344/772/657 6346/774/657 6345/773/657
f 6346/774/658 6348/776/658 6347/775/658
f 6348/776/659 6350/781/659 6349/777/659
f 6334/780/649 6332/794/649 6350/788/649
f 6332/794/649 6330/812/649 6350/788/649
f 6330/812/649 6352/813/649 6350/788/649
f 6350/788/649 6348/814/649 6346/815/649
f 6346/815/649 6344/816/649 6342/789/649
f 6342/789/649 6340/817/649 6334/780/649
f 6340/817/649 6338/793/649 6334/780/649
f 6338/793/649 6336/818/649 6334/780/649
f 6350/788/649 6346/815/649 6342/789/649
f 6350/781/660 6352/783/660 6351/782/660
f 6352/783/661 6330/803/661 6329/784/661
f 6351/787/645 6329/819/645 6331/805/645
f 6331/805/645 6333/806/645 6335/807/645
f 6335/807/645 6337/820/645 6339/790/645
f 6339/790/645 6341/821/645 6343/791/645
f 6343/791/645 6345/822/645 6351/787/645
f 6345/822/645 6347/786/645 6351/787/645
f 6347/786/645 6349/811/645 6351/787/645
f 6351/787/645 6331/805/645 6335/807/645
f 6335/807/645 6339/790/645 6351/787/645
f 6354/757/650 6356/760/650 6355/758/650
f 6356/760/651 6358/762/651 6357/761/651
f 6358/762/652 6360/764/652 6359/763/652
f 6360/764/653 6362/766/653 6361/765/653
f 6362/766/654 6364/768/654 6363/767/654
f 6364/768/655 6366/770/655 6365/769/655
f 6366/770/656 6368/772/656 6367/771/656
f 6368/772/657 6370/774/657 6369/773/657
f 6370/774/658 6372/776/658 6371/775/658
f 6372/776/659 6374/781/659 6373/777/659
f 6358/780/649 6356/794/649 6374/788/649
f 6356/794/649 6354/812/649 6374/788/649
f 6354/812/649 6376/813/649 6374/788/649
f 6374/788/649 6372/814/649 6370/815/649
f 6370/815/649 6368/816/649 6366/789/649
f 6366/789/649 6364/817/649 6358/780/649
f 6364/817/649 6362/793/649 6358/780/649
f 6362/793/649 6360/818/649 6358/780/649
f 6374/788/649 6370/815/649 6366/789/649
f 6374/781/660 6376/783/660 6375/782/660
f 6376/783/661 6354/803/661 6353/784/661
f 6375/787/645 6353/819/645 6355/805/645
f 6355/805/645 6357/806/645 6359/807/645
f 6359/807/645 6361/820/645 6363/790/645
f 6363/790/645 6365/821/645 6367/791/645
f 6367/791/645 6369/822/645 6375/787/645
f 6369/822/645 6371/786/645 6375/787/645
f 6371/786/645 6373/811/645 6375/787/645
f 6375/787/645 6355/805/645 6359/807/645
f 6359/807/645 6363/790/645 6375/787/645
f 6378/757/650 6380/760/650 6379/758/650
f 6380/760/651 6382/762/651 6381/761/651
f 6382/762/652 6384/764/652 6383/763/652
f 6384/764/653 6386/766/653 6385/765/653
f 6386/766/654 6388/768/654 6387/767/654
f 6388/768/655 6390/770/655 6389/769/655
f 6390/770/656 6392/772/656 6391/771/656
f 6392/772/657 6394/774/657 6393/773/657
f 6394/774/658 6396/776/658 6395/775/658
f 6396/776/659 6398/781/659 6397/777/659
f 6382/780/649 6380/794/649 6398/788/649
f 6380/794/649 6378/812/649 6398/788/649
f 6378/812/649 6400/813/649 6398/788/649
f 6398/788/649 6396/814/649 6394/815/649
f 6394/815/649 6392/816/649 6390/789/649
f 6390/789/649 6388/817/649 6382/780/649
f 6388/817/649 6386/793/649 6382/780/649
f 6386/793/649 6384/818/649 6382/780/649
f 6398/788/649 6394/815/649 6390/789/649
f 6398/781/660 6400/783/660 6399/782/660
f 6400/783/661 6378/803/661 6377/784/661
f 6399/787/645 6377/819/645 6379/805/645
f 6379/805/645 6381/806/645 6383/807/645
f 6383/807/645 6385/820/645 6387/790/645
f 6387/790/645 6389/821/645 6391/791/645
f 6391/791/645 6393/822/645 6399/787/645
f 6393/822/645 6395/786/645 6399/787/645
f 6395/786/645 6397/811/645 6399/787/645
f 6399/787/645 6379/805/645 6383/807/645
f 6383/807/645 6387/790/645 6399/787/645
f 6402/757/650 6404/760/650 6403/758/650
f 6404/760/651 6406/762/651 6405/761/651
f 6406/762/652 6408/764/652 6407/763/652
f 6408/764/653 6410/766/653 6409/765/653
f 6410/766/654 6412/768/654 6411/767/654
f 6412/768/655 6414/770/655 6413/769/655
f 6414/770/656 6416/772/656 6415/771/656
f 6416/772/657 6418/774/657 6417/773/657
f 6418/774/658 6420/776/658 6419/775/658
f 6420/776/659 6422/781/659 6421/777/659
f 6406/780/649 6404/794/649 6422/788/649
f 6404/794/649 6402/812/649 6422/788/649
f 6402/812/649 6424/813/649 6422/788/649
f 6422/788/649 6420/814/649 6418/815/649
f 6418/815/649 6416/816/649 6414/789/649
f 6414/789/649 6412/817/649 6406/780/649
f 6412/817/649 6410/793/649 6406/780/649
f 6410/793/649 6408/818/649 6406/780/649
f 6422/788/649 6418/815/649 6414/789/649
f 6422/781/660 6424/783/660 6423/782/660
f 6424/783/661 6402/803/661 6401/784/661
f 6423/787/645 6401/819/645 6403/805/645
f 6403/805/645 6405/806/645 6407/807/645
f 6407/807/645 6409/820/645 6411/790/645
f 6411/790/645 6413/821/645 6415/791/645
f 6415/791/645 6417/822/645 6423/787/645
f 6417/822/645 6419/786/645 6423/787/645
f 6419/786/645 6421/811/645 6423/787/645
f 6423/787/645 6403/805/645 6407/807/645
f 6407/807/645 6411/790/645 6423/787/645
f 6426/757/650 6428/760/650 6427/758/650
f 6428/760/651 6430/762/651 6429/761/651
f 6430/762/652 6432/764/652 6431/763/652
f 6432/764/653 6434/766/653 6433/765/653
f 6434/766/654 6436/768/654 6435/767/654
f 6436/768/655 6438/770/655 6437/769/655
f 6438/770/656 6440/772/656 6439/771/656
f 6440/772/657 6442/774/657 6441/773/657
f 6442/774/658 6444/776/658 6443/775/658
f 6444/776/659 6446/781/659 6445/777/659
f 6430/780/649 6428/794/649 6446/788/649
f 6428/794/649 6426/812/649 6446/788/649
f 6426/812/649 6448/813/649 6446/788/649
f 6446/788/649 6444/814/649 6442/815/649
f 6442/815/649 6440/816/649 6438/789/649
f 6438/789/649 6436/817/649 6430/780/649
f 6436/817/649 6434/793/649 6430/780/649
f 6434/793/649 6432/818/649 6430/780/649
f 6446/788/649 6442/815/649 6438/789/649
f 6446/781/660 6448/783/660 6447/782/660
f 6448/783/661 6426/803/661 6425/784/661
f 6447/787/645 6425/819/645 6427/805/645
f 6427/805/645 6429/806/645 6431/807/645
f 6431/807/645 6433/820/645 6435/790/645
f 6435/790/645 6437/821/645 6439/791/645
f 6439/791/645 6441/822/645 6447/787/645
f 6441/822/645 6443/786/645 6447/787/645
f 6443/786/645 6445/811/645 6447/787/645
f 6447/787/645 6427/805/645 6431/807/645
f 6431/807/645 6435/790/645 6447/787/645
f 6450/757/650 6452/760/650 6451/758/650
f 6452/760/651 6454/762/651 6453/761/651
f 6454/762/652 6456/764/652 6455/763/652
f 6456/764/653 6458/766/653 6457/765/653
f 6458/766/654 6460/768/654 6459/767/654
f 6460/768/655 6462/770/655 6461/769/655
f 6462/770/656 6464/772/656 6463/771/656
f 6464/772/657 6466/774/657 6465/773/657
f 6466/774/658 6468/776/658 6467/775/658
f 6468/776/659 6470/781/659 6469/777/659
f 6454/780/649 6452/794/649 6470/788/649
f 6452/794/649 6450/812/649 6470/788/649
f 6450/812/649 6472/813/649 6470/788/649
f 6470/788/649 6468/814/649 6466/815/649
f 6466/815/649 6464/816/649 6462/789/649
f 6462/789/649 6460/817/649 6454/780/649
f 6460/817/649 6458/793/649 6454/780/649
f 6458/793/649 6456/818/649 6454/780/649
f 6470/788/649 6466/815/649 6462/789/649
f 6470/781/660 6472/783/660 6471/782/660
f 6472/783/661 6450/803/661 6449/784/661
f 6471/787/645 6449/819/645 6451/805/645
f 6451/805/645 6453/806/645 6455/807/645
f 6455/807/645 6457/820/645 6459/790/645
f 6459/790/645 6461/821/645 6463/791/645
f 6463/791/645 6465/822/645 6471/787/645
f 6465/822/645 6467/786/645 6471/787/645
f 6467/786/645 6469/811/645 6471/787/645
f 6471/787/645 6451/805/645 6455/807/645
f 6455/807/645 6459/790/645 6471/787/645
f 6474/757/650 6476/760/650 6475/758/650
f 6476/760/651 6478/762/651 6477/761/651
f 6478/762/652 6480/764/652 6479/763/652
f 6480/764/653 6482/766/653 6481/765/653
f 6482/766/654 6484/768/654 6483/767/654
f 6484/768/655 6486/770/655 6485/769/655
f 6486/770/656 6488/772/656 6487/771/656
f 6488/772/657 6490/774/657 6489/773/657
f 6490/774/658 6492/776/658 6491/775/658
f 6492/776/659 6494/781/659 6493/777/659
f 6478/780/649 6476/794/649 6494/788/649
f 6476/794/649 6474/812/649 6494/788/649
f 6474/812/649 6496/813/649 6494/788/649
f 6494/788/649 6492/814/649 6490/815/649
f 6490/815/649 6488/816/649 6486/789/649
f 6486/789/649 6484/817/649 6478/780/649
f 6484/817/649 6482/793/649 6478/780/649
f 6482/793/649 6480/818/649 6478/780/649
f 6494/788/649 6490/815/649 6486/789/649
f 6494/781/660 6496/783/660 6495/782/660
f 6496/783/661 6474/803/661 6473/784/661
f 6495/787/645 6473/819/645 6475/805/645
f 6475/805/645 6477/806/645 6479/807/645
f 6479/807/645 6481/820/645 6483/790/645
f 6483/790/645 6485/821/645 6487/791/645
f 6487/791/645 6489/822/645 6495/787/645
f 6489/822/645 6491/786/645 6495/787/645
f 6491/786/645 6493/811/645 6495/787/645
f 6495/787/645 6475/805/645 6479/807/645
f 6479/807/645 6483/790/645 6495/787/645
f 6498/757/650 6500/760/650 6499/758/650
f 6500/760/651 6502/762/651 6501/761/651
f 6502/762/652 6504/764/652 6503/763/652
f 6504/764/653 6506/766/653 6505/765/653
f 6506/766/654 6508/768/654 6507/767/654
f 6508/768/655 6510/770/655 6509/769/655
f 6510/770/656 6512/772/656 6511/771/656
f 6512/772/657 6514/774/657 6513/773/657
f 6514/774/658 6516/776/658 6515/775/658
f 6516/776/659 6518/781/659 6517/777/659
f 6502/780/649 6500/794/649 6518/788/649
f 6500/794/649 6498/812/649 6518/788/649
f 6498/812/649 6520/813/649 6518/788/649
f 6518/788/649 6516/814/649 6514/815/649
f 6514/815/649 6512/816/649 6510/789/649
f 6510/789/649 6508/817/649 6502/780/649
f 6508/817/649 6506/793/649 6502/780/649
f 6506/793/649 6504/818/649 6502/780/649
f 6518/788/649 6514/815/649 6510/789/649
f 6518/781/660 6520/783/660 6519/782/660
f 6520/783/661 6498/803/661 6497/784/661
f 6519/787/645 6497/819/645 6499/805/645
f 6499/805/645 6501/806/645 6503/807/645
f 6503/807/645 6505/820/645 6507/790/645
f 6507/790/645 6509/821/645 6511/791/645
f 6511/791/645 6513/822/645 6519/787/645
f 6513/822/645 6515/786/645 6519/787/645
f 6515/786/645 6517/811/645 6519/787/645
f 6519/787/645 6499/805/645 6503/807/645
f 6503/807/645 6507/790/645 6519/787/645
f 6546/757/650 6548/760/650 6547/758/650
f 6548/760/651 6550/762/651 6549/761/651
f 6550/762/652 6552/764/652 6551/763/652
f 6552/764/653 6554/766/653 6553/765/653
f 6554/766/654 6556/768/654 6555/767/654
f 6556/768/655 6558/770/655 6557/769/655
f 6558/770/656 6560/772/656 6559/771/656
f 6560/772/657 6562/774/657 6561/773/657
f 6562/774/658 6564/776/658 6563/775/658
f 6564/776/659 6566/781/659 6565/777/659
f 6550/780/649 6548/794/649 6546/812/649
f 6546/812/649 6568/813/649 6550/780/649
f 6568/813/649 6566/788/649 6550/780/649
f 6566/788/649 6564/814/649 6558/789/649
f 6564/814/649 6562/815/649 6558/789/649
f 6562/815/649 6560/816/649 6558/789/649
f 6558/789/649 6556/817/649 6554/793/649
f 6554/793/649 6552/818/649 6550/780/649
f 6558/789/649 6554/793/649 6566/788/649
f 6566/781/660 6568/783/660 6567/782/660
f 6568/783/661 6546/803/661 6545/784/661
f 6567/787/645 6545/819/645 6547/805/645
f 6547/805/645 6549/806/645 6551/807/645
f 6551/807/645 6553/820/645 6555/790/645
f 6555/790/645 6557/821/645 6559/791/645
f 6559/791/645 6561/822/645 6563/786/645
f 6563/786/645 6565/811/645 6567/787/645
f 6567/787/645 6547/805/645 6551/807/645
f 6551/807/645 6555/790/645 6567/787/645
f 6555/790/645 6559/791/645 6567/787/645
f 6570/757/650 6572/760/650 6571/758/650
f 6572/760/651 6574/762/651 6573/761/651
f 6574/762/652 6576/764/652 6575/763/652
f 6576/764/653 6578/766/653 6577/765/653
f 6578/766/654 6580/768/654 6579/767/654
f 6580/768/655 6582/770/655 6581/769/655
f 6582/770/656 6584/772/656 6583/771/656
f 6584/772/657 6586/774/657 6585/773/657
f 6586/774/658 6588/776/658 6587/775/658
f 6588/776/659 6590/781/659 6589/777/659
f 6574/780/649 6572/794/649 6570/812/649
f 6570/812/649 6592/813/649 6574/780/649
f 6592/813/649 6590/788/649 6574/780/649
f 6590/788/649 6588/814/649 6582/789/649
f 6588/814/649 6586/815/649 6582/789/649
f 6586/815/649 6584/816/649 6582/789/649
f 6582/789/649 6580/817/649 6578/793/649
f 6578/793/649 6576/818/649 6574/780/649
f 6582/789/649 6578/793/649 6590/788/649
f 6590/781/660 6592/783/660 6591/782/660
f 6592/783/661 6570/803/661 6569/784/661
f 6591/787/645 6569/819/645 6571/805/645
f 6571/805/645 6573/806/645 6575/807/645
f 6575/807/645 6577/820/645 6579/790/645
f 6579/790/645 6581/821/645 6583/791/645
f 6583/791/645 6585/822/645 6587/786/645
f 6587/786/645 6589/811/645 6591/787/645
f 6591/787/645 6571/805/645 6575/807/645
f 6575/807/645 6579/790/645 6591/787/645
f 6579/790/645 6583/791/645 6591/787/645
f 6594/757/650 6596/760/650 6595/758/650
f 6596/760/651 6598/762/651 6597/761/651
f 6598/762/652 6600/764/652 6599/763/652
f 6600/764/653 6602/766/653 6601/765/653
f 6602/766/654 6604/768/654 6603/767/654
f 6604/768/655 6606/770/655 6605/769/655
f 6606/770/656 6608/772/656 6607/771/656
f 6608/772/657 6610/774/657 6609/773/657
f 6610/774/658 6612/776/658 6611/775/658
f 6612/776/659 6614/781/659 6613/777/659
f 6598/780/649 6596/794/649 6594/812/649
f 6594/812/649 6616/813/649 6598/780/649
f 6616/813/649 6614/788/649 6598/780/649
f 6614/788/649 6612/814/649 6606/789/649
f 6612/814/649 6610/815/649 6606/789/649
f 6610/815/649 6608/816/649 6606/789/649
f 6606/789/649 6604/817/649 6602/793/649
f 6602/793/649 6600/818/649 6598/780/649
f 6606/789/649 6602/793/649 6614/788/649
f 6614/781/660 6616/783/660 6615/782/660
f 6616/783/661 6594/803/661 6593/784/661
f 6615/787/645 6593/819/645 6595/805/645
f 6595/805/645 6597/806/645 6599/807/645
f 6599/807/645 6601/820/645 6603/790/645
f 6603/790/645 6605/821/645 6607/791/645
f 6607/791/645 6609/822/645 6611/786/645
f 6611/786/645 6613/811/645 6615/787/645
f 6615/787/645 6595/805/645 6599/807/645
f 6599/807/645 6603/790/645 6615/787/645
f 6603/790/645 6607/791/645 6615/787/645
f 6618/757/650 6620/760/650 6619/758/650
f 6620/760/651 6622/762/651 6621/761/651
f 6622/762/652 6624/764/652 6623/763/652
f 6624/764/653 6626/766/653 6625/765/653
f 6626/766/654 6628/768/654 6627/767/654
f 6628/768/655 6630/770/655 6629/769/655
f 6630/770/656 6632/772/656 6631/771/656
f 6632/772/657 6634/774/657 6633/773/657
f 6634/774/658 6636/776/658 6635/775/658
f 6636/776/659 6638/781/659 6637/777/659
f 6622/780/649 6620/794/649 6618/812/649
f 6618/812/649 6640/813/649 6622/780/649
f 6640/813/649 6638/788/649 6622/780/649
f 6638/788/649 6636/814/649 6630/789/649
f 6636/814/649 6634/815/649 6630/789/649
f 6634/815/649 6632/816/649 6630/789/649
f 6630/789/649 6628/817/649 6626/793/649
f 6626/793/649 6624/818/649 6622/780/649
f 6630/789/649 6626/793/649 6638/788/649
f 6638/781/660 6640/783/660 6639/782/660
f 6640/783/661 6618/803/661 6617/784/661
f 6639/787/645 6617/819/645 6619/805/645
f 6619/805/645 6621/806/645 6623/807/645
f 6623/807/645 6625/820/645 6627/790/645
f 6627/790/645 6629/821/645 6631/791/645
f 6631/791/645 6633/822/645 6635/786/645
f 6635/786/645 6637/811/645 6639/787/645
f 6639/787/645 6619/805/645 6623/807/645
f 6623/807/645 6627/790/645 6639/787/645
f 6627/790/645 6631/791/645 6639/787/645
f 6642/757/650 6644/760/650 6643/758/650
f 6644/760/651 6646/762/651 6645/761/651
f 6646/762/652 6648/764/652 6647/763/652
f 6648/764/653 6650/766/653 6649/765/653
f 6650/766/654 6652/768/654 6651/767/654
f 6652/768/655 6654/770/655 6653/769/655
f 6654/770/656 6656/772/656 6655/771/656
f 6656/772/657 6658/774/657 6657/773/657
f 6658/774/658 6660/776/658 6659/775/658
f 6660/776/659 6662/781/659 6661/777/659
f 6646/780/649 6644/794/649 6642/812/649
f 6642/812/649 6664/813/649 6646/780/649
f 6664/813/649 6662/788/649 6646/780/649
f 6662/788/649 6660/814/649 6654/789/649
f 6660/814/649 6658/815/649 6654/789/649
f 6658/815/649 6656/816/649 6654/789/649
f 6654/789/649 6652/817/649 6650/793/649
f 6650/793/649 6648/818/649 6646/780/649
f 6654/789/649 6650/793/649 6662/788/649
f 6662/781/660 6664/783/660 6663/782/660
f 6664/783/661 6642/803/661 6641/784/661
f 6663/787/645 6641/819/645 6643/805/645
f 6643/805/645 6645/806/645 6647/807/645
f 6647/807/645 6649/820/645 6651/790/645
f 6651/790/645 6653/821/645 6655/791/645
f 6655/791/645 6657/822/645 6659/786/645
f 6659/786/645 6661/811/645 6663/787/645
f 6663/787/645 6643/805/645 6647/807/645
f 6647/807/645 6651/790/645 6663/787/645
f 6651/790/645 6655/791/645 6663/787/645
f 6666/757/650 6668/760/650 6667/758/650
f 6668/760/651 6670/762/651 6669/761/651
f 6670/762/652 6672/764/652 6671/763/652
f 6672/764/653 6674/766/653 6673/765/653
f 6674/766/654 6676/768/654 6675/767/654
f 6676/768/655 6678/770/655 6677/769/655
f 6678/770/656 6680/772/656 6679/771/656
f 6680/772/657 6682/774/657 6681/773/657
f 6682/774/658 6684/776/658 6683/775/658
f 6684/776/659 6686/781/659 6685/777/659
f 6670/780/649 6668/794/649 6666/812/649
f 6666/812/649 6688/813/649 6670/780/649
f 6688/813/649 6686/788/649 6670/780/649
f 6686/788/649 6684/814/649 6678/789/649
f 6684/814/649 6682/815/649 6678/789/649
f 6682/815/649 6680/816/649 6678/789/649
f 6678/789/649 6676/817/649 6674/793/649
f 6674/793/649 6672/818/649 6670/780/649
f 6678/789/649 6674/793/649 6686/788/649
f 6686/781/660 6688/783/660 6687/782/660
f 6688/783/661 6666/803/661 6665/784/661
f 6687/787/645 6665/819/645 6667/805/645
f 6667/805/645 6669/806/645 6671/807/645
f 6671/807/645 6673/820/645 6675/790/645
f 6675/790/645 6677/821/645 6679/791/645
f 6679/791/645 6681/822/645 6683/786/645
f 6683/786/645 6685/811/645 6687/787/645
f 6687/787/645 6667/805/645 6671/807/645
f 6671/807/645 6675/790/645 6687/787/645
f 6675/790/645 6679/791/645 6687/787/645
f 6690/757/650 6692/760/650 6691/758/650
f 6692/760/651 6694/762/651 6693/761/651
f 6694/762/652 6696/764/652 6695/763/652
f 6696/764/653 6698/766/653 6697/765/653
f 6698/766/654 6700/768/654 6699/767/654
f 6700/768/655 6702/770/655 6701/769/655
f 6702/770/656 6704/772/656 6703/771/656
f 6704/772/657 6706/774/657 6705/773/657
f 6706/774/658 6708/776/658 6707/775/658
f 6708/776/659 6710/781/659 6709/777/659
f 6694/780/649 6692/794/649 6690/812/649
f 6690/812/649 6712/813/649 6694/780/649
f 6712/813/649 6710/788/649 6694/780/649
f 6710/788/649 6708/814/649 6702/789/649
f 6708/814/649 6706/815/649 6702/789/649
f 6706/815/649 6704/816/649 6702/789/649
f 6702/789/649 6700/817/649 6698/793/649
f 6698/793/649 6696/818/649 6694/780/649
f 6702/789/649 6698/793/649 6710/788/649
f 6710/781/660 6712/783/660 6711/782/660
f 6712/783/661 6690/803/661 6689/784/661
f 6711/787/645 6689/819/645 6691/805/645
f 6691/805/645 6693/806/645 6695/807/645
f 6695/807/645 6697/820/645 6699/790/645
f 6699/790/645 6701/821/645 6703/791/645
f 6703/791/645 6705/822/645 6707/786/645
f 6707/786/645 6709/811/645 6711/787/645
f 6711/787/645 6691/805/645 6695/807/645
f 6695/807/645 6699/790/645 6711/787/645
f 6699/790/645 6703/791/645 6711/787/645
f 6714/757/650 6716/760/650 6715/758/650
f 6716/760/651 6718/762/651 6717/761/651
f 6718/762/652 6720/764/652 6719/763/652
f 6720/764/653 6722/766/653 6721/765/653
f 6722/766/654 6724/768/654 6723/767/654
f 6724/768/655 6726/770/655 6725/769/655
f 6726/770/656 6728/772/656 6727/771/656
f 6728/772/657 6730/774/657 6729/773/657
f 6730/774/658 6732/776/658 6731/775/658
f 6732/776/659 6734/781/659 6733/777/659
f 6718/780/649 6716/794/649 6714/812/649
f 6714/812/649 6736/813/649 6718/780/649
f 6736/813/649 6734/788/649 6718/780/649
f 6734/788/649 6732/814/649 6726/789/649
f 6732/814/649 6730/815/649 6726/789/649
f 6730/815/649 6728/816/649 6726/789/649
f 6726/789/649 6724/817/649 6722/793/649
f 6722/793/649 6720/818/649 6718/780/649
f 6726/789/649 6722/793/649 6734/788/649
f 6734/781/660 6736/783/660 6735/782/660
f 6736/783/661 6714/803/661 6713/784/661
f 6735/787/645 6713/819/645 6715/805/645
f 6715/805/645 6717/806/645 6719/807/645
f 6719/807/645 6721/820/645 6723/790/645
f 6723/790/645 6725/821/645 6727/791/645
f 6727/791/645 6729/822/645 6731/786/645
f 6731/786/645 6733/811/645 6735/787/645
f 6735/787/645 6715/805/645 6719/807/645
f 6719/807/645 6723/790/645 6735/787/645
f 6723/790/645 6727/791/645 6735/787/645
o Approach_01
v 2.960000 0.040000 -4.005000
v 3.000000 0.040000 -3.965000
v 2.960000 0.000000 -3.965000
v 2.960000 0.040000 -3.965000
v -2.960000 0.040000 -4.005000
v -2.960000 0.000000 -3.965000
v -3.000000 0.040000 -3.965000
v -2.960000 0.040000 -3.965000
v -2.960000 0.040000 -3.095000
v -3.000000 0.040000 -3.135000
v -2.960000 0.000000 -3.135000
v -2.960000 0.040000 -3.135000
v 3.000000 0.040000 -3.135000
v 2.960000 0.040000 -3.095000
v 2.960000 0.000000 -3.135000
v 2.960000 0.040000 -3.135000
v 3.000000 0.260000 -3.965000
v 2.960000 0.260000 -4.005000
v 2.960000 0.300000 -3.965000
v 2.960000 0.260000 -3.965000
v -2.960000 0.260000 -4.005000
v -3.000000 0.260000 -3.965000
v -2.960000 0.300000 -3.965000
v -2.960000 0.260000 -3.965000
v -3.000000 0.260000 -3.135000
v -2.960000 0.260000 -3.095000
v -2.960000 0.300000 -3.135000
v -2.960000 0.260000 -3.135000
v 3.000000 0.260000 -3.135000
v 2.960000 0.300000 -3.135000
v 2.960000 0.260000 -3.095000
v 2.960000 0.260000 -3.135000
v 2.960000 0.040000 -3.155000
v 3.000000 0.040000 -3.115000
v 2.960000 0.000000 -3.115000
v 2.960000 0.040000 -3.115000
v -2.960000 0.040000 -3.155000
v -2.960000 0.000000 -3.115000
v -3.000000 0.040000 -3.115000
v -2.960000 0.040000 -3.115000
v -2.960000 0.040000 -2.245000
v -3.000000 0.040000 -2.285000
v -2.960000 0.000000 -2.285000
v -2.960000 0.040000 -2.285000
v 3.000000 0.040000 -2.285000
v 2.960000 0.040000 -2.245000
v 2.960000 0.000000 -2.285000
v 2.960000 0.040000 -2.285000
v 3.000000 0.560000 -3.115000
v 2.960000 0.560000 -3.155000
v 2.960000 0.600000 -3.115000
v 2.960000 0.560000 -3.115000
v -2.960000 0.560000 -3.155000
v -3.000000 0.560000 -3.115000
v -2.960000 0.600000 -3.115000
v -2.960000 0.560000 -3.115000
v -3.000000 0.560000 -2.285000
v -2.960000 0.560000 -2.245000
v -2.960000 0.600000 -2.285000
v -2.960000 0.560000 -2.285000
v 3.000000 0.560000 -2.285000
v 2.960000 0.600000 -2.285000
v 2.960000 0.560000 -2.245000
v 2.960000 0.560000 -2.285000
v 2.960000 0.040000 -2.305000
v 3.000000 0.040000 -2.265000
v 2.960000 0.000000 -2.265000
v 2.960000 0.040000 -2.265000
v -2.960000 0.040000 -2.305000
v -2.960000 0.000000 -2.265000
v -3.000000 0.040000 -2.265000
v -2.960000 0.040000 -2.265000
v -2.960000 0.040000 -1.395000
v -3.000000 0.040000 -1.435000
v -2.960000 0.000000 -1.435000
v -2.960000 0.040000 -1.435000
v 3.000000 0.040000 -1.435000
v 2.960000 0.040000 -1.395000
v 2.960000 0.000000 -1.435000
v 2.960000 0.040000 -1.435000
v 3.000000 0.860000 -2.265000
v 2.960000 0.860000 -2.305000
v 2.960000 0.900000 -2.265000
v 2.960000 0.860000 -2.265000
v -2.960000 0.860000 -2.305000
v -3.000000 0.860000 -2.265000
v -2.960000 0.900000 -2.265000
v -2.960000 0.860000 -2.265000
v -3.000000 0.860000 -1.435000
v -2.960000 0.860000 -1.395000
v -2.960000 0.900000 -1.435000
v -2.960000 0.860000 -1.435000
v 3.000000 0.860000 -1.435000
v 2.960000 0.900000 -1.435000
v 2.960000 0.860000 -1.395000
v 2.960000 0.860000 -1.435000
v 2.960000 0.040000 -1.455000
v 3.000000 0.040000 -1.415000
v 2.960000 0.000000 -1.415000
v 2.960000 0.040000 -1.415000
v -2.960000 0.040000 -1.455000
v -2.960000 0.000000 -1.415000
v -3.000000 0.040000 -1.415000
v -2.960000 0.040000 -1.415000
v -2.960000 0.040000 -0.545000
v -3.000000 0.040000 -0.585000
v -2.960000 0.000000 -0.585000
v -2.960000 0.040000 -0.585000
v 3.000000 0.040000 -0.585000
v 2.960000 0.040000 -0.545000
v 2.960000 0.000000 -0.585000
v 2.960000 0.040000 -0.585000
v 3.000000 1.160000 -1.415000
v 2.960000 1.160000 -1.455000
v 2.960000 1.200000 -1.415000
v 2.960000 1.160000 -1.415000
v -2.960000 1.160000 -1.455000
v -3.000000 1.160000 -1.415000
v -2.960000 1.200000 -1.415000
v -2.960000 1.160000 -1.415000
v -3.000000 1.160000 -0.585000
v -2.960000 1.160000 -0.545000
v -2.960000 1.200000 -0.585000
v -2.960000 1.160000 -0.585000
v 3.000000 1.160000 -0.585000
v 2.960000 1.200000 -0.585000
v 2.960000 1.160000 -0.545000
v 2.960000 1.160000 -0.585000
vn -0.0000 -0.0000 -1.0000
vn -0.0000 -1.0000 -0.0000
vn 1.0000 -0.0000 -0.0000
vn -0.0000 -0.0000 1.0000
vn -1.0000 -0.0000 -0.0000
vn -0.0000 1.0000 -0.0000
s 0
usemtl Icing
f 6742//662 6740//662 6739//662
f 6744//663 6737//663 6740//663
f 6749//663 6740//663 6738//663
f 6752//664 6739//664 6740//664
f 6751//665 6748//665 6747//665
f 6752//663 6745//663 6748//663
f 6747//666 6744//666 6742//666
f 6748//663 6743//663 6744//663
f 6766//664 6756//664 6755//664
f 6768//667 6753//667 6756//667
f 6757//667 6756//667 6754//667
f 6760//662 6755//662 6756//662
f 6761//667 6760//667 6758//667
f 6764//666 6759//666 6760//666
f 6767//667 6764//667 6762//667
f 6768//665 6763//665 6764//665
f 6754//664 6740//664 6737//664
f 6756//662 6738//662 6740//662
f 6758//662 6744//662 6743//662
f 6760//666 6741//666 6744//666
f 6762//666 6748//666 6745//666
f 6764//665 6746//665 6748//665
f 6765//665 6752//665 6749//665
f 6768//664 6750//664 6752//664
f 6741//662 6754//662 6737//662
f 6751//663 6742//663 6739//663
f 6738//664 6765//664 6749//664
f 6746//666 6758//666 6743//666
f 6750//665 6762//665 6745//665
f 6759//667 6766//667 6755//667
f 6774//662 6772//662 6771//662
f 6776//663 6769//663 6772//663
f 6781//663 6772//663 6770//663
f 6784//664 6771//664 6772//664
f 6783//665 6780//665 6779//665
f 6784//663 6777//663 6780//663
f 6779//666 6776//666 6774//666
f 6780//663 6775//663 6776//663
f 6798//664 6788//664 6787//664
f 6800//667 6785//667 6788//667
f 6789//667 6788//667 6786//667
f 6792//662 6787//662 6788//662
f 6793//667 6792//667 6790//667
f 6796//666 6791//666 6792//666
f 6799//667 6796//667 6794//667
f 6800//665 6795//665 6796//665
f 6786//664 6772//664 6769//664
f 6788//662 6770//662 6772//662
f 6790//662 6776//662 6775//662
f 6792//666 6773//666 6776//666
f 6794//666 6780//666 6777//666
f 6796//665 6778//665 6780//665
f 6797//665 6784//665 6781//665
f 6800//664 6782//664 6784//664
f 6773//662 6786//662 6769//662
f 6783//663 6774//663 6771//663
f 6770//664 6797//664 6781//664
f 6778//666 6790//666 6775//666
f 6782//665 6794//665 6777//665
f 6791//667 6798//667 6787//667
f 6806//662 6804//662 6803//662
f 6808//663 6801//663 6804//663
f 6813//663 6804//663 6802//663
f 6816//664 6803//664 6804//664
f 6815//665 6812//665 6811//665
f 6816//663 6809//663 6812//663
f 6811//666 6808//666 6806//666
f 6812//663 6807//663 6808//663
f 6830//664 6820//664 6819//664
f 6832//667 6817//667 6820//667
f 6821//667 6820//667 6818//667
f 6824//662 6819//662 6820//662
f 6825//667 6824//667 6822//667
f 6828//666 6823//666 6824//666
f 6831//667 6828//667 6826//667
f 6832//665 6827//665 6828//665
f 6818//664 6804//664 6801//664
f 6820//662 6802//662 6804//662
f 6822//662 6808//662 6807//662
f 6824//666 6805//666 6808//666
f 6826//666 6812//666 6809//666
f 6828//665 6810//665 6812//665
f 6829//665 6816//665 6813//665
f 6832//664 6814//664 6816//664
f 6805//662 6818//662 6801//662
f 6815//663 6806//663 6803//663
f 6802//664 6829//664 6813//664
f 6810//666 6822//666 6807//666
f 6814//665 6826//665 6809//665
f 6823//667 6830//667 6819//667
f 6838//662 6836//662 6835//662
f 6840//663 6833//663 6836//663
f 6845//663 6836//663 6834//663
f 6848//664 6835//664 6836//664
f 6847//665 6844//665 6843//665
f 6848//663 6841//663 6844//663
f 6843//666 6840//666 6838//666
f 6844//663 6839//663 6840//663
f 6862//664 6852//664 6851//664
f 6864//667 6849//667 6852//667
f 6853//667 6852//667 6850//667
f 6856//662 6851//662 6852//662
f 6857//667 6856//667 6854//667
f 6860//666 6855//666 6856//666
f 6863//667 6860//667 6858//667
f 6864//665 6859//665 6860//665
f 6850//664 6836//664 6833//664
f 6852//662 6834//662 6836//662
f 6854//662 6840//662 6839//662
f 6856//666 6837//666 6840//666
f 6858//666 6844//666 6841//666
f 6860//665 6842//665 6844//665
f 6861//665 6848//665 6845//665
f 6864//664 6846//664 6848//664
f 6837//662 6850//662 6833//662
f 6847//663 6838//663 6835//663
f 6834//664 6861//664 6845//664
f 6842//666 6854//666 6839//666
f 6846//665 6858//665 6841//665
f 6855//667 6862//667 6851//667
f 6742//662 6744//662 6740//662
f 6744//663 6741//663 6737//663
f 6749//663 6752//663 6740//663
f 6752//664 6751//664 6739//664
f 6751//665 6752//665 6748//665
f 6752//663 6750//663 6745//663
f 6747//666 6748//666 6744//666
f 6748//663 6746//663 6743//663
f 6766//664 6768//664 6756//664
f 6768//667 6765//667 6753//667
f 6757//667 6760//667 6756//667
f 6760//662 6759//662 6755//662
f 6761//667 6764//667 6760//667
f 6764//666 6763//666 6759//666
f 6767//667 6768//667 6764//667
f 6768//665 6766//665 6763//665
f 6754//664 6756//664 6740//664
f 6756//662 6753//662 6738//662
f 6758//662 6760//662 6744//662
f 6760//666 6757//666 6741//666
f 6762//666 6764//666 6748//666
f 6764//665 6761//665 6746//665
f 6765//665 6768//665 6752//665
f 6768//664 6767//664 6750//664
f 6741//662 6757//662 6754//662
f 6751//663 6747//663 6742//663
f 6738//664 6753//664 6765//664
f 6746//666 6761//666 6758//666
f 6750//665 6767//665 6762//665
f 6759//667 6763//667 6766//667
f 6774//662 6776//662 6772//662
f 6776//663 6773//663 6769//663
f 6781//663 6784//663 6772//663
f 6784//664 6783//664 6771//664
f 6783//665 6784//665 6780//665
f 6784//663 6782//663 6777//663
f 6779//666 6780//666 6776//666
f 6780//663 6778//663 6775//663
f 6798//664 6800//664 6788//664
f 6800//667 6797//667 6785//667
f 6789//667 6792//667 6788//667
f 6792//662 6791//662 6787//662
f 6793//667 6796//667 6792//667
f 6796//666 6795//666 6791//666
f 6799//667 6800//667 6796//667
f 6800//665 6798//665 6795//665
f 6786//664 6788//664 6772//664
f 6788//662 6785//662 6770//662
f 6790//662 6792//662 6776//662
f 6792//666 6789//666 6773//666
f 6794//666 6796//666 6780//666
f 6796//665 6793//665 6778//665
f 6797//665 6800//665 6784//665
f 6800//664 6799//664 6782//664
f 6773//662 6789//662 6786//662
f 6783//663 6779//663 6774//663
f 6770//664 6785//664 6797//664
f 6778//666 6793//666 6790//666
f 6782//665 6799//665 6794//665
f 6791//667 6795//667 6798//667
f 6806//662 6808//662 6804//662
f 6808//663 6805//663 6801//663
f 6813//663 6816//663 6804//663
f 6816//664 6815//664 6803//664
f 6815//665 6816//665 6812//665
f 6816//663 6814//663 6809//663
f 6811//666 6812//666 6808//666
f 6812//663 6810//663 6807//663
f 6830//664 6832//664 6820//664
f 6832//667 6829//667 6817//667
f 6821//667 6824//667 6820//667
f 6824//662 6823//662 6819//662
f 6825//667 6828//667 6824//667
f 6828//666 6827//666 6823//666
f 6831//667 6832//667 6828//667
f 6832//665 6830//665 6827//665
f 6818//664 6820//664 6804//664
f 6820//662 6817//662 6802//662
f 6822//662 6824//662 6808//662
f 6824//666 6821//666 6805//666
f 6826//666 6828//666 6812//666
f 6828//665 6825//665 6810//665
f 6829//665 6832//665 6816//665
f 6832//664 6831//664 6814//664
f 6805//662 6821//662 6818//662
f 6815//663 6811//663 6806//663
f 6802//664 6817//664 6829//664
f 6810//666 6825//666 6822//666
f 6814//665 6831//665 6826//665
f 6823//667 6827//667 6830//667
f 6838//662 6840//662 6836//662
f 6840//663 6837//663 6833//663
f 6845//663 6848//663 6836//663
f 6848//664 6847//664 6835//664
f 6847//665 6848//665 6844//665
f 6848//663 6846//663 6841//663
f 6843//666 6844//666 6840//666
f 6844//663 6842//663 6839//663
f 6862//664 6864//664 6852//664
f 6864//667 6861//667 6849//667
f 6853//667 6856//667 6852//667
f 6856//662 6855//662 6851//662
f 6857//667 6860//667 6856//667
f 6860//666 6859//666 6855//666
f 6863//667 6864//667 6860//667
f 6864//665 6862//665 6859//665
f 6850//664 6852//664 6836//664
f 6852//662 6849//662 6834//662
f 6854//662 6856//662 6840//662
f 6856//666 6853//666 6837//666
f 6858//666 6860//666 6844//666
f 6860//665 6857//665 6842//665
f 6861//665 6864//665 6848//665
f 6864//664 6863//664 6846//664
f 6837//662 6853//662 6850//662
f 6847//663 6843//663 6838//663
f 6834//664 6849//664 6861//664
f 6842//666 6857//666 6854//666
f 6846//665 6863//665 6858//665
f 6855//667 6859//667 6862//667
