# Blender 5.2.1 LTS
# www.blender.org
mtllib loot-bag-rope.mtl
o Rope
v -0.008176 2.368641 0.273270
v 0.000001 2.458387 0.322717
v 0.009911 2.420915 0.282965
v 0.007881 2.318176 0.297172
v 0.006181 2.307094 0.309382
v -0.008601 2.295250 0.338157
v 0.006181 2.451271 0.309382
v 0.023212 2.439735 0.298835
v 0.032744 2.396010 0.277814
v 0.035296 2.370723 0.276753
v 0.029284 2.338521 0.285086
v 0.047736 2.419815 0.290417
v 0.037885 2.318629 0.303065
v 0.027455 2.300094 0.328864
v 0.048837 2.450824 0.324548
v 0.064053 2.433933 0.309728
v 0.071541 2.396010 0.292447
v 0.074564 2.379182 0.292231
v 0.071541 2.362355 0.292447
v 0.064321 2.338604 0.298157
v 0.008600 2.463115 0.338156
v 0.027454 2.458271 0.328864
v 0.081792 2.412127 0.306228
v 0.099145 2.396018 0.316238
v 0.062256 2.318624 0.317029
v 0.071029 2.439745 0.326197
v 0.102079 2.379182 0.316880
v 0.099145 2.362347 0.316238
v 0.093194 2.346230 0.318265
v 0.083678 2.331475 0.321626
v 0.048838 2.307542 0.324547
v 0.090736 2.426898 0.333568
v 0.100995 2.412145 0.331545
v 0.111983 2.387488 0.338673
v 0.077072 2.318614 0.336354
v 0.080950 2.439209 0.347354
v 0.110071 2.402317 0.352893
v 0.111937 2.363741 0.345310
v 0.105644 2.347407 0.345717
v 0.095166 2.332340 0.346406
v 0.095166 2.426024 0.359381
v 0.113611 2.379182 0.360549
v 0.105291 2.352487 0.372847
v 0.080950 2.319156 0.358432
v 0.022032 2.295200 0.347412
v 0.044812 2.458216 0.352893
v 0.064308 2.450266 0.357268
v 0.077072 2.439750 0.369432
v 0.083678 2.426889 0.384161
v 0.100995 2.412145 0.374241
v 0.107393 2.396025 0.375431
v 0.090736 2.331467 0.372219
v 0.071029 2.318619 0.379590
v 0.064308 2.308099 0.357268
v 0.044812 2.300149 0.352894
v 0.102079 2.379182 0.388907
v 0.099145 2.362347 0.389549
v 0.062256 2.439741 0.388757
v 0.081792 2.412127 0.399559
v 0.087055 2.396013 0.402366
v 0.081792 2.346237 0.399559
v 0.064053 2.324431 0.396059
v 0.040009 2.307546 0.387372
v 0.022033 2.463164 0.358375
v 0.027454 2.458271 0.376922
v 0.074564 2.379182 0.413556
v 0.071541 2.362355 0.413339
v 0.007292 2.293804 0.360092
v 0.040010 2.450818 0.387372
v 0.050659 2.433999 0.403982
v 0.052022 2.404264 0.420662
v 0.047736 2.338550 0.415370
v 0.027455 2.300095 0.376923
v -0.000001 2.458387 0.383070
v 0.035296 2.370723 0.429034
v 0.009911 2.337450 0.422822
v 0.018117 2.434729 0.413253
v 0.010364 2.413209 0.425955
v 0.008176 2.389724 0.432517
v -0.000000 2.299978 0.383070
v -0.006181 2.451271 0.396404
v -0.009291 2.427642 0.418475
v -0.011053 2.361016 0.430734
v 0.007867 2.316417 0.407995
v -0.035280 2.434062 0.409917
v -0.031985 2.404276 0.426495
v -0.035390 2.379182 0.428996
v -0.029285 2.338521 0.420701
v -0.006181 2.307094 0.396405
v -0.064053 2.433933 0.396059
v -0.053198 2.362355 0.421997
v -0.037885 2.318629 0.402722
v -0.067185 2.412123 0.409855
v -0.071542 2.396011 0.413339
v -0.074565 2.379182 0.413556
v -0.064322 2.338604 0.407630
v -0.008601 2.295250 0.367630
v -0.005225 2.464498 0.362008
v -0.027455 2.458271 0.376923
v -0.071030 2.439745 0.379590
v -0.087055 2.362352 0.402366
v -0.062257 2.318624 0.388757
v -0.027455 2.300094 0.376923
v -0.048838 2.450824 0.381239
v -0.093195 2.412135 0.387522
v -0.099145 2.396018 0.389549
v -0.102080 2.379182 0.388907
v -0.093195 2.346230 0.387522
v -0.083678 2.331475 0.384161
v -0.048839 2.307542 0.381239
v -0.090737 2.426898 0.372219
v -0.107393 2.362340 0.375431
v -0.077073 2.318614 0.369433
v -0.080950 2.439209 0.358432
v -0.105644 2.410958 0.360069
v -0.111938 2.394624 0.360476
v -0.113523 2.371274 0.360257
v -0.105644 2.347407 0.360069
v -0.095166 2.332340 0.359381
v -0.099616 2.420407 0.343322
v -0.113611 2.379182 0.345237
v -0.080950 2.319156 0.347354
v -0.064309 2.308099 0.348519
v -0.044812 2.458216 0.352894
v -0.064309 2.450266 0.348519
v -0.077072 2.439751 0.336354
v -0.107393 2.396025 0.330356
v -0.107393 2.362340 0.330356
v -0.100996 2.346219 0.331545
v -0.090737 2.331467 0.333568
v -0.044813 2.300149 0.352893
v -0.022997 2.295416 0.352893
v -0.083679 2.426889 0.321626
v -0.093195 2.412135 0.318265
v -0.102079 2.379182 0.316880
v -0.071029 2.318619 0.326197
v -0.040011 2.450818 0.318414
v -0.062257 2.439741 0.317030
v -0.087055 2.396013 0.303421
v -0.087055 2.362352 0.303421
v -0.081793 2.346237 0.306228
v -0.064053 2.324431 0.309728
v -0.022034 2.463164 0.347412
v -0.064322 2.419760 0.298157
v -0.053198 2.396010 0.283790
v -0.074564 2.379182 0.292231
v -0.027456 2.300095 0.328863
v -0.027455 2.458271 0.328864
v -0.037885 2.439736 0.303065
v -0.053198 2.362356 0.283790
v -0.047736 2.338550 0.290417
v -0.040010 2.307546 0.318415
v -0.029285 2.419844 0.285086
v -0.011053 2.397349 0.275053
v -0.035390 2.379182 0.276791
v -0.023213 2.318630 0.298835
v -0.007882 2.440188 0.297172
v -0.009912 2.337450 0.282965
v -0.000001 2.299978 0.322717
v -0.041935 2.367317 0.295853
v -0.026368 2.391047 0.387167
v -0.016043 2.404933 0.366110
v -0.013557 2.420849 0.341338
v -0.018937 2.420849 0.312283
v -0.030863 2.404002 0.290350
v -0.042857 2.379182 0.283114
v -0.052260 2.353431 0.294142
v -0.054746 2.337516 0.318914
v -0.049365 2.337516 0.347969
v -0.038174 2.353431 0.370209
v -0.026071 2.377970 0.377225
v -0.054788 2.424829 0.373326
v -0.052610 2.441198 0.348730
v -0.055331 2.439592 0.319173
v -0.099148 2.377790 0.302874
v -0.099295 2.360308 0.327198
v -0.097044 2.362163 0.356867
v -0.084685 2.377641 0.378931
v -0.174776 2.527049 0.371854
v -0.178282 2.525893 0.342069
v -0.223304 2.447235 0.350627
v -0.220048 2.448515 0.379869
v -0.198226 2.523045 0.400384
v -0.210719 2.522352 0.323904
v -0.256443 2.513412 0.323129
v -0.228290 2.467532 0.327174
v -0.236669 2.480376 0.407549
v -0.234220 2.511393 0.416294
v -0.230819 2.554219 0.382029
v -0.233012 2.553163 0.352380
v -0.275061 2.488467 0.335866
v -0.270530 2.470320 0.359350
v -0.257737 2.467295 0.386940
v -0.255987 2.544463 0.410995
v -0.269370 2.544369 0.334813
v -0.274564 2.563875 0.390000
v -0.279838 2.563845 0.360926
v -0.296719 2.474849 0.393879
v -0.299698 2.492622 0.418786
v -0.305200 2.547881 0.419833
v -0.326844 2.564371 0.399121
v -0.327092 2.564826 0.369681
v -0.318845 2.547798 0.343686
v -0.347433 2.517076 0.339650
v -0.346484 2.488528 0.349018
v -0.319748 2.474001 0.368509
v -0.326858 2.518391 0.433174
v -0.359765 2.539021 0.429581
v -0.373338 2.539059 0.353181
v -0.344485 2.468058 0.402372
v -0.381994 2.551192 0.408864
v -0.386218 2.551580 0.379476
v -0.373832 2.459828 0.376489
v -0.365714 2.478032 0.429959
v -0.433139 2.506711 0.438910
v -0.425991 2.532142 0.414313
v -0.431289 2.531696 0.385045
v -0.447251 2.504495 0.362497
v -0.422378 2.488086 0.350101
v -0.415000 2.458604 0.357892
v -0.396438 2.444845 0.409406
v -0.410620 2.486542 0.444988
v -0.418927 2.446717 0.436041
v -0.465515 2.505305 0.418762
v -0.471313 2.503894 0.389668
v -0.421895 2.426692 0.382357
v -0.479511 2.461279 0.444250
v -0.497820 2.470073 0.422669
v -0.503567 2.467560 0.393606
v -0.490867 2.460363 0.367666
v -0.481177 2.427343 0.357095
v -0.445896 2.426974 0.361436
v -0.423067 2.418864 0.412242
v -0.461116 2.437746 0.450807
v -0.445267 2.406239 0.439553
v -0.501758 2.411668 0.448626
v -0.518560 2.426146 0.426683
v -0.523823 2.422535 0.397945
v -0.511003 2.418265 0.371752
v -0.458534 2.396918 0.364202
v -0.436479 2.399550 0.384749
v -0.431630 2.401480 0.413697
v -0.472548 2.399105 0.454250
v -0.522502 2.375216 0.431324
v -0.527191 2.369804 0.402101
v -0.513718 2.370013 0.375556
v -0.486689 2.360714 0.363126
v -0.437767 2.379817 0.386520
v -0.432998 2.384067 0.415470
v -0.492030 2.342667 0.455379
v -0.452100 2.349507 0.368781
v -0.443623 2.372118 0.443228
v -0.464732 2.352489 0.458791
v -0.506502 2.323698 0.435936
v -0.515947 2.330938 0.406373
v -0.499198 2.322268 0.380998
v -0.428351 2.355397 0.389468
v -0.425016 2.361410 0.417667
v -0.496582 2.299113 0.410031
v -0.465908 2.319784 0.367341
v -0.428626 2.349686 0.445219
v -0.460175 2.305637 0.459294
v -0.474062 2.287574 0.440323
v -0.468645 2.288349 0.384282
v -0.459381 2.269493 0.412783
v -0.427233 2.292830 0.370172
v -0.416214 2.320286 0.371751
v -0.421574 2.316808 0.462508
v -0.424979 2.287445 0.460893
v -0.433863 2.266239 0.442196
v -0.413303 2.261991 0.386559
v -0.405046 2.341462 0.390401
v -0.396708 2.346402 0.419088
v -0.400226 2.248436 0.414283
v -0.384802 2.332148 0.446937
v -0.367179 2.274754 0.460515
v -0.372774 2.252342 0.442281
v -0.366123 2.332484 0.390092
v -0.355674 2.308654 0.370816
v -0.358184 2.339582 0.418338
v -0.339344 2.278202 0.367674
v -0.330738 2.301722 0.459959
v -0.273924 2.269777 0.451730
v -0.273760 2.247321 0.432491
v -0.277571 2.239913 0.404189
v -0.267334 2.306000 0.361077
v -0.282686 2.328281 0.382529
v -0.260814 2.335583 0.407913
v -0.248732 2.252702 0.371672
v -0.246958 2.278495 0.355257
v -0.250079 2.325564 0.433916
v -0.232396 2.301996 0.446783
v -0.196101 2.280737 0.436864
v -0.224198 2.252228 0.423557
v -0.225783 2.245525 0.394639
v -0.245938 2.332280 0.375618
v -0.172430 2.267211 0.411055
v -0.174726 2.260842 0.382114
v -0.184321 2.271097 0.356070
v -0.209815 2.320640 0.347585
v -0.209809 2.343420 0.366666
v -0.206825 2.350010 0.395383
v -0.197157 2.339840 0.421412
v -0.017895 2.363473 0.383165
v -0.015716 2.341973 0.363438
v -0.020407 2.334423 0.335748
v -0.030418 2.344367 0.309455
v -0.051178 2.396255 0.299483
v -0.053503 2.417651 0.319284
v -0.048963 2.425200 0.346929
v -0.038573 2.415403 0.373220
v -0.209855 1.984520 0.638364
v -0.233002 1.987544 0.633141
v -0.243413 1.963032 0.576461
v -0.222724 1.954222 0.568303
v -0.199578 1.951198 0.573526
v -0.189166 1.975710 0.630207
v -0.021074 2.373407 0.421026
v -0.040363 2.383909 0.411548
v -0.054863 2.383519 0.392686
v -0.059453 2.373259 0.371805
v -0.052313 2.356415 0.356564
v -0.035845 2.339423 0.353063
v -0.016556 2.328921 0.362541
v -0.001693 2.328530 0.381066
v 0.003060 2.339045 0.402335
v -0.004606 2.356415 0.417524
v -0.135811 2.289311 0.481058
v -0.149531 2.290264 0.461224
v -0.158491 2.275211 0.443482
v -0.111475 2.234891 0.431576
v -0.099958 2.231341 0.452812
v -0.091237 2.246218 0.470636
v -0.135652 2.254750 0.506402
v -0.164948 2.240414 0.440245
v -0.149721 2.221959 0.437696
v -0.114945 2.243276 0.499286
v -0.181470 2.246466 0.489587
v -0.117272 2.210491 0.493550
v -0.175425 2.230835 0.517410
v -0.195430 2.219147 0.478497
v -0.145281 2.184923 0.462838
v -0.129493 2.186236 0.480415
v -0.205350 2.197001 0.517183
v -0.205548 2.160531 0.485428
v -0.146328 2.145446 0.528770
v -0.152440 2.169389 0.541070
v -0.223985 2.145439 0.516805
v -0.153069 2.125682 0.512451
v -0.176892 2.164207 0.556081
v -0.204549 2.152536 0.558195
v -0.221481 2.147193 0.541980
v -0.189887 2.133440 0.486248
v -0.171131 2.115870 0.498726
v -0.249281 1.983450 0.616324
v -0.253390 1.974274 0.594892
v -0.182552 1.954873 0.589627
v -0.178314 1.964317 0.611567
v 0.025877 2.388915 0.387583
v 0.042425 2.369449 0.295437
v 0.030119 2.403624 0.290072
v 0.017709 2.420280 0.312056
v 0.012328 2.420280 0.341111
v 0.015283 2.404582 0.365970
v 0.025445 2.379182 0.377138
v 0.039445 2.352783 0.370617
v 0.050592 2.338084 0.348196
v 0.055973 2.338084 0.319141
v 0.053018 2.353782 0.294282
v 0.042857 2.379182 0.283114
v 0.054240 2.440451 0.319132
v 0.051316 2.442049 0.348690
v 0.053679 2.425698 0.373336
v 0.098216 2.364543 0.357509
v 0.100327 2.362433 0.327584
v 0.099830 2.379838 0.303232
v 0.175697 2.530589 0.343823
v 0.172004 2.531721 0.373592
v 0.219719 2.454721 0.382202
v 0.222846 2.453244 0.352805
v 0.208363 2.527930 0.325890
v 0.195675 2.528581 0.402345
v 0.233082 2.518569 0.418653
v 0.233782 2.486609 0.409572
v 0.249680 2.487202 0.333534
v 0.239637 2.512522 0.322569
v 0.229698 2.559549 0.354172
v 0.227777 2.560848 0.383856
v 0.257581 2.474918 0.389325
v 0.270218 2.478156 0.361683
v 0.266545 2.551853 0.336336
v 0.254150 2.552428 0.412793
v 0.276448 2.572068 0.362067
v 0.271729 2.572277 0.391237
v 0.291866 2.501539 0.419082
v 0.297991 2.484326 0.395883
v 0.303649 2.500868 0.342929
v 0.302811 2.529126 0.333105
v 0.328903 2.557812 0.346223
v 0.323484 2.575191 0.369506
v 0.324435 2.575183 0.398984
v 0.304283 2.558047 0.420592
v 0.330487 2.529536 0.434058
v 0.320812 2.484115 0.369923
v 0.359989 2.552040 0.428420
v 0.358173 2.495589 0.428257
v 0.347542 2.479946 0.402793
v 0.357020 2.497032 0.350176
v 0.373988 2.522706 0.342885
v 0.383858 2.565205 0.376832
v 0.380743 2.565145 0.406372
v 0.376525 2.472976 0.375466
v 0.410195 2.539331 0.354572
v 0.429071 2.548869 0.379488
v 0.425862 2.549234 0.409043
v 0.436700 2.524503 0.433220
v 0.432937 2.494796 0.441506
v 0.402514 2.459946 0.406657
v 0.415458 2.474970 0.353783
v 0.427191 2.463497 0.431423
v 0.458706 2.512941 0.356224
v 0.470494 2.524663 0.380880
v 0.467115 2.525691 0.410362
v 0.426620 2.443985 0.377487
v 0.449413 2.485998 0.346188
v 0.490913 2.483343 0.356927
v 0.505286 2.491506 0.381674
v 0.502069 2.493420 0.411163
v 0.486565 2.483122 0.434230
v 0.438006 2.427899 0.406941
v 0.448236 2.446588 0.354494
v 0.483191 2.435498 0.443014
v 0.456644 2.425465 0.432003
v 0.486024 2.441132 0.347230
v 0.514356 2.443613 0.358487
v 0.529226 2.448717 0.383423
v 0.526458 2.451599 0.412592
v 0.508039 2.447246 0.435394
v 0.446101 2.410357 0.378776
v 0.463266 2.418268 0.355547
v 0.521318 2.396279 0.361022
v 0.537073 2.398009 0.385729
v 0.535166 2.399988 0.415594
v 0.515704 2.404933 0.438022
v 0.443996 2.402248 0.408880
v 0.492969 2.371789 0.352124
v 0.484837 2.386256 0.446689
v 0.458095 2.390849 0.435120
v 0.462588 2.375626 0.359056
v 0.511294 2.346290 0.366813
v 0.525945 2.344670 0.392344
v 0.522729 2.345990 0.421349
v 0.506179 2.357842 0.442837
v 0.439850 2.382830 0.410577
v 0.440545 2.375284 0.382138
v 0.463948 2.345597 0.452282
v 0.443731 2.363588 0.438393
v 0.483733 2.308023 0.372218
v 0.497559 2.302960 0.398112
v 0.494483 2.306667 0.427476
v 0.480574 2.322677 0.448199
v 0.423799 2.363854 0.413725
v 0.441621 2.344395 0.363647
v 0.452317 2.314350 0.360819
v 0.416166 2.352891 0.385925
v 0.430915 2.274899 0.378572
v 0.458123 2.274788 0.403309
v 0.455370 2.279791 0.432436
v 0.445832 2.299356 0.452557
v 0.405174 2.314520 0.458259
v 0.399611 2.339558 0.443529
v 0.399942 2.323267 0.367875
v 0.400224 2.253490 0.407428
v 0.408964 2.262619 0.435791
v 0.382598 2.278813 0.456703
v 0.372318 2.344829 0.417632
v 0.363597 2.337072 0.388453
v 0.367531 2.285214 0.366051
v 0.353600 2.251911 0.436228
v 0.303526 2.296572 0.457127
v 0.316079 2.307463 0.367277
v 0.293813 2.251284 0.376181
v 0.291403 2.239118 0.403047
v 0.289410 2.245168 0.431607
v 0.288552 2.266563 0.451599
v 0.264754 2.320884 0.437890
v 0.286028 2.334207 0.413057
v 0.292520 2.328367 0.384831
v 0.262648 2.276604 0.357433
v 0.217390 2.259771 0.362614
v 0.236376 2.242852 0.393920
v 0.235093 2.248206 0.423171
v 0.230330 2.270543 0.442564
v 0.250916 2.336503 0.407503
v 0.253271 2.331034 0.378512
v 0.239228 2.311840 0.355767
v 0.205361 2.305966 0.440523
v 0.182791 2.257901 0.381491
v 0.180356 2.262914 0.410719
v 0.178812 2.285262 0.430534
v 0.203499 2.335532 0.424331
v 0.213173 2.346989 0.398820
v 0.216395 2.341728 0.369850
v 0.031427 2.345750 0.307926
v 0.021396 2.334514 0.333736
v 0.016587 2.340731 0.361665
v 0.018198 2.361153 0.382144
v 0.037699 2.414145 0.374785
v 0.047908 2.425387 0.348800
v 0.052799 2.419059 0.320989
v 0.051088 2.398540 0.300269
v 0.269184 2.038893 0.659294
v 0.299998 2.013685 0.592907
v 0.065816 2.368877 0.386009
v 0.056342 2.376323 0.406161
v 0.036935 2.376375 0.419706
v 0.013411 2.368596 0.420559
v -0.003083 2.356518 0.408933
v -0.007636 2.344224 0.388637
v 0.001767 2.336917 0.368362
v 0.021178 2.336908 0.354820
v 0.043506 2.344234 0.353530
v 0.061202 2.356791 0.365539
v 0.108206 2.201925 0.464843
v 0.095285 2.221237 0.479523
v 0.086188 2.190462 0.508770
v 0.042324 2.180778 0.492888
v 0.030582 2.190955 0.461532
v 0.040871 2.180372 0.442316
v 0.059675 2.183456 0.427282
v 0.110887 2.169924 0.455401
v 0.113562 2.176971 0.503886
v 0.070076 2.169317 0.517981
v 0.053801 2.135389 0.491688
v 0.063193 2.128179 0.471411
v 0.081874 2.129647 0.457028
v 0.100424 2.144466 0.451262
v 0.127645 2.162387 0.488207
v 0.083424 2.112321 0.536492
v 0.155165 2.127332 0.513519
v 0.142091 2.139178 0.530878
v 0.122750 2.137399 0.545175
v 0.089487 2.087767 0.526108
v 0.097358 2.081735 0.504153
v 0.117227 2.082983 0.490259
v 0.152259 2.111751 0.495573
v 0.125301 2.102903 0.567846
v 0.155766 2.077945 0.501217
v 0.173808 2.113511 0.555104
v 0.155190 2.110010 0.570273
v 0.133419 2.069967 0.575563
v 0.132104 2.052611 0.559020
v 0.138837 2.046511 0.536420
v 0.158565 2.049473 0.521779
v 0.187829 2.103590 0.537610
v 0.186907 2.086149 0.521207
v 0.308414 2.054579 0.612908
v 0.298799 2.062071 0.633072
v 0.284152 2.056541 0.650882
v 0.260644 2.017347 0.654836
v 0.261121 1.999035 0.639155
v 0.270725 1.991499 0.618951
v 0.285475 1.997009 0.601209
v 0.308985 2.036197 0.597223
v 0.349676 2.414353 -0.003954
v 0.378877 2.414353 0.003955
v 0.378877 2.321245 0.003955
v 0.349676 2.321245 -0.003954
v 0.325784 2.396532 0.010409
v 0.349676 2.414353 0.003955
v 0.378877 2.414353 -0.003954
v 0.402389 2.396531 -0.010336
v 0.411332 2.367799 -0.012776
v 0.402385 2.339067 -0.010349
v 0.378877 2.321245 -0.003954
v 0.349676 2.321245 0.003955
v 0.325785 2.339066 0.010413
v 0.316854 2.367799 0.012790
v 0.308848 2.396409 -0.069130
v 0.387259 2.396656 -0.084189
v 0.391933 2.367799 -0.100880
v 0.387259 2.338941 -0.084189
v 0.308848 2.339189 -0.069129
v 0.300322 2.367799 -0.065702
v 0.331348 2.414353 -0.078636
v 0.350712 2.414381 -0.112504
v 0.350712 2.321217 -0.112504
v 0.331348 2.321244 -0.078636
v 0.363282 2.396301 -0.137683
v 0.363282 2.339297 -0.137684
v 0.284098 2.396571 -0.111779
v 0.298458 2.414346 -0.134061
v 0.355000 2.367799 -0.165183
v 0.298458 2.321251 -0.134062
v 0.284098 2.339026 -0.111779
v 0.268918 2.367799 -0.116153
v 0.318716 2.396775 -0.190664
v 0.318716 2.338823 -0.190664
v 0.237072 2.396728 -0.156631
v 0.283067 2.414357 -0.189809
v 0.315460 2.367799 -0.205982
v 0.283066 2.321241 -0.189809
v 0.237073 2.338870 -0.156631
v 0.203583 2.414337 -0.207939
v 0.248666 2.396400 -0.244141
v 0.262537 2.367799 -0.245788
v 0.248666 2.339198 -0.244141
v 0.203583 2.321260 -0.207939
v 0.211786 2.367799 -0.161923
v 0.173594 2.396605 -0.193680
v 0.202493 2.414352 -0.240863
v 0.207742 2.367799 -0.275529
v 0.202493 2.321245 -0.240863
v 0.173594 2.338992 -0.193680
v 0.173867 2.367799 -0.183331
v 0.194850 2.396711 -0.270149
v 0.194850 2.338887 -0.270149
v 0.067318 2.396333 -0.224572
v 0.066324 2.414345 -0.249777
v 0.082821 2.414357 -0.277769
v 0.089280 2.396346 -0.301495
v 0.090815 2.367799 -0.310329
v 0.089280 2.339252 -0.301495
v 0.082821 2.321240 -0.277769
v 0.066324 2.321252 -0.249777
v 0.064641 2.339148 -0.225168
v 0.091883 2.367799 -0.209579
v 0.053173 2.367645 -0.216799
v -0.029620 2.396876 -0.307215
v 0.014023 2.367799 -0.316370
v -0.029620 2.338722 -0.307215
v -0.063862 2.396298 -0.225221
v -0.070560 2.414347 -0.248945
v -0.074519 2.414362 -0.279495
v -0.064767 2.367799 -0.313912
v -0.074519 2.321235 -0.279495
v -0.070560 2.321250 -0.248946
v -0.066178 2.339443 -0.224677
v -0.053173 2.367953 -0.216799
v -0.103585 2.396425 -0.298123
v -0.103585 2.339172 -0.298123
v -0.114501 2.367799 -0.304830
v -0.091884 2.367799 -0.209579
v -0.173595 2.396605 -0.193680
v -0.203584 2.414337 -0.207939
v -0.202494 2.414352 -0.240863
v -0.194850 2.396711 -0.270149
v -0.207743 2.367799 -0.275529
v -0.194850 2.338887 -0.270149
v -0.202494 2.321245 -0.240863
v -0.203584 2.321260 -0.207940
v -0.173595 2.338992 -0.193680
v -0.173868 2.367799 -0.183331
v -0.248666 2.396400 -0.244142
v -0.248666 2.339198 -0.244142
v -0.214385 2.396565 -0.171422
v -0.262538 2.367799 -0.245788
v -0.214385 2.339032 -0.171422
v -0.211787 2.367799 -0.161923
v -0.283067 2.414357 -0.189809
v -0.283067 2.321241 -0.189809
v -0.269996 2.396403 -0.128112
v -0.309300 2.396657 -0.198751
v -0.315461 2.367799 -0.205982
v -0.309300 2.338941 -0.198751
v -0.269996 2.339195 -0.128112
v -0.265455 2.367799 -0.119442
v -0.298707 2.414347 -0.133800
v -0.298707 2.321250 -0.133800
v -0.345890 2.396425 -0.161958
v -0.353147 2.367799 -0.167352
v -0.345890 2.339173 -0.161958
v -0.349965 2.414368 -0.113984
v -0.332006 2.321240 -0.138961
v -0.296232 2.396610 -0.093485
v -0.296232 2.338987 -0.093486
v -0.292930 2.367799 -0.080742
v -0.382786 2.396664 -0.099696
v -0.385307 2.367799 -0.115471
v -0.382786 2.338933 -0.099696
v -0.318064 2.396460 -0.049179
v -0.346372 2.414343 -0.044867
v -0.373491 2.321233 -0.059283
v -0.346373 2.321255 -0.044867
v -0.318064 2.339138 -0.049179
v -0.404305 2.367799 -0.069912
v -0.310370 2.367799 -0.042212
v -0.399965 2.396475 -0.049706
v -0.399965 2.339123 -0.049706
v -0.378401 2.414359 -0.030896
v -0.325776 2.396794 -0.000004
v -0.413725 2.367799 -0.013702
v -0.325776 2.338804 -0.000005
v -0.315475 2.367799 -0.009248
v -0.403983 2.396713 -0.000631
v -0.403983 2.338884 0.000632
v -0.378400 2.321237 0.030896
v -0.344212 2.414347 0.050809
v -0.373490 2.414366 0.059283
v -0.399965 2.396475 0.049707
v -0.407187 2.367799 0.060732
v -0.399965 2.339123 0.049707
v -0.344212 2.321250 0.050810
v -0.312076 2.367799 0.036997
v -0.318064 2.396460 0.049179
v -0.318064 2.339138 0.049179
v -0.382786 2.396664 0.099696
v -0.382786 2.338933 0.099696
v -0.349965 2.321229 0.113985
v -0.385307 2.367799 0.115472
v -0.292930 2.367799 0.080742
v -0.296232 2.396610 0.093486
v -0.296232 2.338987 0.093486
v -0.298707 2.414347 0.133800
v -0.332006 2.414357 0.138962
v -0.345890 2.396425 0.161959
v -0.353147 2.367799 0.167352
v -0.345890 2.339173 0.161959
v -0.298707 2.321250 0.133800
v -0.269996 2.396403 0.128113
v -0.269996 2.339195 0.128113
v -0.265455 2.367799 0.119442
v -0.283067 2.414357 0.189810
v -0.309300 2.396657 0.198752
v -0.315460 2.367799 0.205982
v -0.309300 2.338941 0.198752
v -0.283067 2.321241 0.189810
v -0.214385 2.396565 0.171422
v -0.203584 2.414337 0.207940
v -0.248666 2.396400 0.244142
v -0.262538 2.367799 0.245788
v -0.248666 2.339198 0.244142
v -0.203584 2.321260 0.207940
v -0.214385 2.339032 0.171422
v -0.211787 2.367799 0.161923
v -0.173595 2.396605 0.193680
v -0.202494 2.414352 0.240864
v -0.207742 2.367799 0.275530
v -0.202494 2.321245 0.240863
v -0.173595 2.338992 0.193680
v -0.173868 2.367799 0.183331
v -0.194850 2.396711 0.270150
v -0.194850 2.338887 0.270150
v -0.067319 2.396333 0.224573
v -0.066325 2.414345 0.249777
v -0.074519 2.414362 0.279496
v -0.103585 2.396425 0.298124
v -0.082430 2.367645 0.312066
v -0.090593 2.339174 0.301167
v -0.082822 2.321240 0.277770
v -0.066325 2.321252 0.249778
v -0.067319 2.339265 0.224573
v -0.091884 2.367799 0.209580
v -0.052049 2.367799 0.216972
v -0.027758 2.396801 0.307409
v 0.037597 2.367956 0.316411
v 0.027758 2.338797 0.307409
v 0.063862 2.396298 0.225222
v 0.070559 2.414347 0.248946
v 0.074518 2.321235 0.279495
v 0.070559 2.321250 0.248946
v 0.063862 2.339299 0.225222
v 0.068286 2.367799 0.215186
v 0.082821 2.414357 0.277770
v 0.090592 2.396424 0.301167
v 0.105811 2.367799 0.307006
v 0.103584 2.339172 0.298124
v 0.173594 2.396605 0.193680
v 0.203583 2.414337 0.207940
v 0.202493 2.414352 0.240864
v 0.194850 2.396711 0.270150
v 0.207742 2.367799 0.275530
v 0.194850 2.338887 0.270150
v 0.202493 2.321245 0.240863
v 0.203584 2.321260 0.207940
v 0.173594 2.338992 0.193680
v 0.173867 2.367799 0.183331
v 0.248666 2.396399 0.244142
v 0.248666 2.339198 0.244142
v 0.237073 2.396728 0.156631
v 0.262537 2.367799 0.245788
v 0.237072 2.338870 0.156631
v 0.211786 2.367799 0.161923
v 0.283066 2.414357 0.189810
v 0.283066 2.321241 0.189810
v 0.318716 2.396775 0.190665
v 0.315460 2.367799 0.205982
v 0.318716 2.338823 0.190665
v 0.268918 2.367799 0.116153
v 0.298458 2.414346 0.134062
v 0.298458 2.321251 0.134062
v 0.284098 2.396571 0.111780
v 0.355000 2.367799 0.165184
v 0.284098 2.339026 0.111780
v 0.350713 2.414381 0.112504
v 0.363282 2.396301 0.137684
v 0.363282 2.339297 0.137684
v 0.350712 2.321217 0.112504
v 0.308849 2.396409 0.069130
v 0.391933 2.367799 0.100881
v 0.308849 2.339189 0.069130
v 0.300322 2.367799 0.065703
v 0.331348 2.414353 0.078637
v 0.331348 2.321244 0.078637
v 0.387259 2.396656 0.084190
v 0.387259 2.338941 0.084190
v 0.325776 2.396532 -0.010376
v 0.402390 2.396531 0.010329
v 0.411325 2.367799 0.012806
v 0.402390 2.339067 0.010333
v 0.325776 2.339066 -0.010376
v 0.316863 2.367799 -0.012828
vn -0.0390 -0.1305 -0.9907
vn -0.0281 0.9184 -0.3946
vn 0.0633 0.4547 -0.8884
vn 0.0536 -0.6699 -0.7405
vn 0.0390 -0.8239 -0.5653
vn -0.0462 -0.9811 -0.1881
vn 0.0403 0.8220 -0.5680
vn 0.1711 0.6946 -0.6988
vn 0.2066 0.1846 -0.9609
vn 0.2280 -0.1065 -0.9678
vn 0.1904 -0.4373 -0.8789
vn 0.3142 0.4639 -0.8283
vn 0.2475 -0.7069 -0.6626
vn 0.1792 -0.9251 -0.3349
vn 0.3299 0.8612 -0.3866
vn 0.4445 0.6565 -0.6095
vn 0.4888 0.2075 -0.8474
vn 0.5318 0.0039 -0.8469
vn 0.4950 -0.2248 -0.8393
vn 0.4400 -0.4773 -0.7607
vn 0.0529 0.9815 -0.1839
vn 0.1884 0.9272 -0.3238
vn 0.6033 0.4287 -0.6725
vn 0.7710 0.2375 -0.5910
vn 0.4425 -0.7313 -0.5190
vn 0.5216 0.7754 -0.3558
vn 0.8148 -0.0124 -0.5797
vn 0.7841 -0.2335 -0.5750
vn 0.7232 -0.4425 -0.5303
vn 0.6283 -0.6230 -0.4660
vn 0.3317 -0.8653 -0.3758
vn 0.7036 0.6396 -0.3095
vn 0.8161 0.4695 -0.3370
vn 0.9601 0.1113 -0.2565
vn 0.5603 -0.7925 -0.2410
vn 0.6004 0.7944 -0.0924
vn 0.9329 0.3601 -0.0020
vn 0.9623 -0.2286 -0.1471
vn 0.8746 -0.4677 -0.1278
vn 0.7598 -0.6419 -0.1031
vn 0.7616 0.6419 0.0887
vn 0.9877 -0.0155 0.1559
vn 0.8695 -0.3811 0.3142
vn 0.6147 -0.7844 0.0823
vn 0.1479 -0.9863 -0.0732
vn 0.3104 0.9506 0.0019
vn 0.4463 0.8927 0.0626
vn 0.5624 0.7867 0.2544
vn 0.6255 0.6202 0.4734
vn 0.8070 0.4669 0.3618
vn 0.8910 0.2334 0.3895
vn 0.7109 -0.6295 0.3135
vn 0.5119 -0.7740 0.3726
vn 0.4450 -0.8933 0.0633
vn 0.3104 -0.9506 0.0092
vn 0.8191 0.0033 0.5736
vn 0.7716 -0.2334 0.5917
vn 0.4501 0.7536 0.4791
vn 0.5916 0.4303 0.6818
vn 0.6544 0.2110 0.7262
vn 0.6066 -0.4290 0.6693
vn 0.4403 -0.6590 0.6098
vn 0.2723 -0.8365 0.4755
vn 0.1445 0.9872 0.0669
vn 0.1797 0.9287 0.3243
vn 0.5233 0.0103 0.8521
vn 0.4936 -0.2138 0.8430
vn 0.0563 -0.9935 0.0986
vn 0.2666 0.8502 0.4540
vn 0.3417 0.6214 0.7051
vn 0.3395 0.2879 0.8955
vn 0.3029 -0.4713 0.8283
vn 0.1843 -0.9319 0.3125
vn 0.0244 0.9197 0.3920
vn 0.2286 -0.1003 0.9683
vn 0.0706 -0.4435 0.8935
vn 0.1231 0.6302 0.7666
vn 0.0765 0.3679 0.9267
vn 0.0501 0.1079 0.9929
vn 0.0241 -0.9152 0.4022
vn -0.0426 0.8076 0.5882
vn -0.0659 0.5566 0.8282
vn -0.0609 -0.1935 0.9792
vn 0.0649 -0.7024 0.7088
vn -0.2277 0.6318 0.7409
vn -0.2092 0.2833 0.9359
vn -0.2276 0.0023 0.9737
vn -0.1847 -0.4606 0.8682
vn -0.0541 -0.8206 0.5689
vn -0.4519 0.6525 0.6082
vn -0.3545 -0.1971 0.9141
vn -0.2381 -0.7059 0.6671
vn -0.4655 0.4073 0.7858
vn -0.5023 0.2035 0.8404
vn -0.5263 -0.0048 0.8503
vn -0.4459 -0.4830 0.7536
vn -0.0647 -0.9779 0.1987
vn -0.0316 0.9917 0.1247
vn -0.1850 0.9281 0.3230
vn -0.5216 0.7754 0.3558
vn -0.6432 -0.2162 0.7346
vn -0.4425 -0.7313 0.5190
vn -0.1897 -0.9245 0.3307
vn -0.3295 0.8627 0.3836
vn -0.7134 0.4482 0.5386
vn -0.7841 0.2334 0.5750
vn -0.8211 -0.0014 0.5708
vn -0.7262 -0.4416 0.5269
vn -0.6283 -0.6230 0.4660
vn -0.3317 -0.8653 0.3758
vn -0.7064 0.6421 0.2978
vn -0.8862 -0.2415 0.3953
vn -0.5603 -0.7925 0.2410
vn -0.6101 0.7877 0.0853
vn -0.8808 0.4558 0.1278
vn -0.9610 0.2357 0.1446
vn -0.9841 -0.1240 0.1268
vn -0.8813 -0.4624 0.0972
vn -0.7590 -0.6426 0.1045
vn -0.8040 0.5747 -0.1526
vn -0.9867 -0.0008 -0.1627
vn -0.6147 -0.7844 -0.0823
vn -0.4450 -0.8933 -0.0633
vn -0.3104 0.9506 -0.0019
vn -0.4463 0.8927 -0.0626
vn -0.5671 0.7848 -0.2500
vn -0.8990 0.2493 -0.3599
vn -0.8987 -0.2459 -0.3632
vn -0.8167 -0.4649 -0.3419
vn -0.7036 -0.6396 -0.3095
vn -0.3111 -0.9504 -0.0055
vn -0.1596 -0.9872 -0.0007
vn -0.6194 0.6271 -0.4722
vn -0.7231 0.4336 -0.5377
vn -0.8153 -0.0000 -0.5791
vn -0.5119 -0.7740 -0.3726
vn -0.2716 0.8513 -0.4489
vn -0.4358 0.7515 -0.4954
vn -0.6432 0.2162 -0.7346
vn -0.6512 -0.2137 -0.7282
vn -0.5998 -0.4315 -0.6738
vn -0.4484 -0.6570 -0.6061
vn -0.1451 0.9869 -0.0707
vn -0.4459 0.4830 -0.7536
vn -0.3545 0.1971 -0.9141
vn -0.5202 -0.0000 -0.8541
vn -0.1902 -0.9281 -0.3200
vn -0.1797 0.9287 -0.3243
vn -0.2408 0.6961 -0.6763
vn -0.3478 -0.2028 -0.9154
vn -0.3067 -0.4589 -0.8339
vn -0.2729 -0.8449 -0.4600
vn -0.1894 0.4529 -0.8712
vn -0.0569 0.1980 -0.9785
vn -0.2280 -0.0024 -0.9737
vn -0.1550 -0.6966 -0.7005
vn -0.0662 0.6893 -0.7215
vn -0.0666 -0.4418 -0.8946
vn -0.0089 -0.9187 -0.3948
vn 0.4617 0.0249 -0.8867
vn 0.7132 0.4044 0.5725
vn 0.8734 0.1357 0.4677
vn 0.9207 0.3844 0.0669
vn 0.8287 0.3851 -0.4062
vn 0.6519 0.1360 -0.7460
vn 0.4381 -0.2652 -0.8589
vn 0.2730 -0.6751 -0.6854
vn 0.2261 -0.9315 -0.2850
vn 0.3124 -0.9316 0.1859
vn 0.4991 -0.6795 0.5378
vn 0.7081 -0.2753 0.6503
vn 0.4448 0.5037 0.7405
vn 0.5404 0.8120 0.2205
vn 0.4370 0.8214 -0.3665
vn -0.4468 -0.5007 -0.7414
vn -0.5297 -0.8210 -0.2129
vn -0.4252 -0.8173 0.3889
vn -0.1491 -0.5049 0.8502
vn 0.5336 0.8159 0.2225
vn 0.4257 0.8116 -0.4001
vn -0.5336 -0.8179 -0.2152
vn -0.4292 -0.8207 0.3772
vn 0.4179 0.5270 0.7400
vn 0.1258 0.5264 -0.8409
vn -0.1622 0.0532 -0.9853
vn -0.4420 -0.5191 -0.7315
vn -0.0660 -0.5172 0.8533
vn 0.1990 0.0504 0.9787
vn 0.3564 0.9010 0.2475
vn 0.2579 0.8967 -0.3598
vn -0.2548 -0.5570 -0.7904
vn -0.3069 -0.9122 -0.2716
vn -0.2366 -0.9022 0.3606
vn 0.2546 0.5861 0.7692
vn -0.0287 0.5917 -0.8056
vn 0.1564 0.9479 0.2775
vn 0.0524 0.9468 -0.3174
vn 0.0165 -0.9471 0.3204
vn 0.1445 -0.5747 0.8055
vn 0.1262 0.5959 0.7931
vn -0.0567 0.9467 0.3170
vn -0.1409 0.9488 -0.2828
vn -0.1600 0.5882 -0.7927
vn -0.1723 0.0318 -0.9845
vn -0.0139 -0.5545 -0.8320
vn 0.0248 -0.9502 -0.3107
vn 0.1628 0.0351 0.9860
vn -0.0421 0.5653 0.8238
vn -0.2898 0.5846 -0.7578
vn 0.2957 -0.9169 0.2680
vn -0.2577 0.8951 0.3639
vn -0.3440 0.9061 -0.2464
vn 0.3406 -0.8661 -0.3657
vn 0.3224 -0.5344 0.7813
vn -0.2344 0.4924 0.8382
vn -0.3973 0.8367 0.3769
vn -0.4872 0.8393 -0.2414
vn -0.4488 0.4973 -0.7425
vn -0.1503 0.0410 -0.9878
vn 0.2174 -0.4475 -0.8675
vn 0.5614 -0.7899 0.2467
vn 0.1126 0.0164 0.9935
vn 0.4932 -0.4240 0.7596
vn -0.5802 0.7136 0.3927
vn -0.6687 0.7117 -0.2153
vn 0.6593 -0.6212 -0.4237
vn -0.3810 0.3485 0.8564
vn -0.7390 0.5354 0.4089
vn -0.8340 0.5176 -0.1912
vn -0.5902 0.3484 -0.7282
vn -0.2066 -0.0022 -0.9784
vn 0.3514 -0.3260 -0.8776
vn 0.8170 -0.5414 0.1984
vn 0.1042 0.0342 0.9940
vn 0.6662 -0.0944 0.7397
vn -0.4785 0.1568 0.8640
vn -0.8595 0.2827 0.4258
vn -0.9622 0.2210 -0.1594
vn -0.7090 0.1092 -0.6967
vn 0.4058 -0.1413 -0.9030
vn 0.8397 -0.2830 -0.4635
vn 0.9485 -0.2522 0.1916
vn 0.1199 0.0900 0.9887
vn -0.8821 -0.0570 0.4677
vn -0.9812 -0.1337 -0.1388
vn -0.7137 -0.1393 -0.6864
vn -0.2018 -0.1374 -0.9698
vn 0.8698 0.0764 -0.4874
vn 0.9797 0.1365 0.1470
vn -0.4411 -0.1185 0.8896
vn 0.3398 0.0965 -0.9355
vn 0.6687 0.2634 0.6953
vn 0.0849 0.1440 0.9859
vn -0.7792 -0.3953 0.4864
vn -0.9191 -0.3796 -0.1055
vn -0.6364 -0.4222 -0.6455
vn 0.6600 0.5161 -0.5459
vn 0.7499 0.6522 0.1109
vn -0.7444 -0.6637 -0.0731
vn -0.1557 -0.2314 -0.9603
vn 0.4348 0.6053 0.6668
vn -0.2919 -0.2782 0.9151
vn -0.5517 -0.6494 0.5233
vn -0.4400 -0.6452 -0.6246
vn -0.4777 -0.8762 -0.0643
vn -0.0963 -0.2824 -0.9544
vn 0.1561 0.2875 -0.9450
vn 0.0628 0.2042 0.9769
vn -0.1429 -0.3535 0.9245
vn -0.3067 -0.7899 0.5310
vn -0.2104 -0.7645 -0.6093
vn 0.3163 0.7667 -0.5587
vn 0.3231 0.9445 0.0595
vn -0.1932 -0.9803 -0.0416
vn 0.1706 0.7456 0.6442
vn -0.0048 -0.3608 0.9326
vn -0.0757 -0.8419 0.5343
vn 0.0907 0.8358 -0.5415
vn -0.0167 0.3650 -0.9309
vn 0.0933 0.9946 0.0462
vn -0.0996 -0.2494 -0.9633
vn 0.0986 0.2351 0.9669
vn 0.1370 -0.3738 0.9173
vn 0.0949 -0.8467 0.5235
vn -0.0010 -0.9968 -0.0797
vn -0.1886 0.3576 -0.9146
vn -0.0730 0.8442 -0.5311
vn -0.0829 0.9927 0.0874
vn -0.0133 -0.7800 -0.6256
vn -0.1436 -0.2771 -0.9501
vn 0.0298 0.7470 0.6642
vn 0.1555 0.2080 0.9657
vn 0.3288 -0.3523 0.8762
vn 0.2526 -0.8283 0.5002
vn 0.1893 -0.9770 -0.0982
vn -0.2934 0.8217 -0.4886
vn 0.4341 -0.7779 0.4544
vn 0.3246 -0.9365 -0.1325
vn 0.0976 -0.7317 -0.6746
vn -0.3695 0.3469 -0.8620
vn -0.4328 0.7781 -0.4552
vn -0.3146 0.9395 0.1357
vn -0.0982 0.7380 0.6676
vn 0.8689 -0.0358 0.4937
vn 0.9145 -0.3621 0.1804
vn 0.8371 -0.4850 -0.2530
vn 0.6688 -0.3344 -0.6640
vn 0.2883 0.4740 -0.8320
vn 0.2402 0.8261 -0.5097
vn 0.3133 0.9479 -0.0577
vn 0.4974 0.7870 0.3650
vn -0.0014 -0.2750 0.9615
vn -0.4654 -0.2270 0.8555
vn -0.6659 -0.7016 -0.2535
vn -0.2542 -0.8679 -0.4267
vn 0.1998 -0.9213 -0.3337
vn 0.4081 -0.4375 0.8013
vn 0.5324 0.7600 0.3728
vn 0.1543 0.9726 0.1738
vn -0.1276 0.9719 -0.1978
vn -0.2126 0.7718 -0.5993
vn -0.0806 0.4305 -0.8990
vn 0.2363 0.0835 -0.9681
vn 0.6090 -0.1306 -0.7823
vn 0.9011 -0.1466 -0.4080
vn 0.9975 0.0672 0.0231
vn 0.8520 0.4187 0.3143
vn -0.3104 0.7053 0.6374
vn -0.6908 0.7083 0.1453
vn -0.8155 0.4220 -0.3961
vn 0.3139 -0.7099 -0.6305
vn 0.7083 -0.6864 -0.1648
vn 0.8029 -0.4565 0.3833
vn 0.1537 0.4459 0.8818
vn -0.6572 -0.0150 -0.7535
vn -0.2096 -0.4118 -0.8868
vn 0.6284 0.0419 0.7768
vn -0.7664 0.6059 0.2133
vn 0.8897 -0.3264 0.3191
vn -0.3863 0.5924 0.7070
vn -0.9066 0.2866 -0.3099
vn 0.3931 -0.5938 -0.7021
vn 0.7927 -0.5491 -0.2648
vn -0.8305 0.4760 0.2894
vn -0.7035 -0.1075 -0.7025
vn 0.9577 -0.1666 0.2346
vn 0.6805 0.1260 0.7218
vn -0.9623 0.1313 -0.2381
vn 0.8583 -0.3910 -0.3323
vn 0.1522 0.4097 0.8994
vn -0.4349 0.4750 0.7650
vn -0.8671 0.3641 0.3399
vn -0.1868 -0.3981 -0.8981
vn 0.4293 -0.4736 -0.7691
vn -0.7860 -0.3164 0.5310
vn -0.8657 -0.4864 0.1182
vn 0.5437 -0.8391 -0.0160
vn 0.6278 -0.6488 0.4300
vn -0.7285 0.3607 0.5823
vn -0.4570 0.0510 -0.8880
vn -0.6537 0.1122 -0.7484
vn -0.8394 0.3593 -0.4079
vn -0.9316 0.3577 0.0643
vn -0.8801 0.1145 0.4608
vn -0.7105 -0.2841 0.6438
vn -0.4662 -0.6902 0.5534
vn -0.2877 -0.9415 0.1758
vn -0.1988 -0.9391 -0.2802
vn -0.2520 -0.6862 -0.6824
vn -0.4271 -0.2820 -0.8591
vn -0.4550 0.8089 -0.3725
vn -0.5637 0.7976 0.2146
vn -0.4668 0.5002 0.7293
vn 0.4391 -0.7938 0.4207
vn 0.5530 -0.8065 -0.2090
vn 0.4645 -0.4848 -0.7411
vn -0.4445 0.8002 -0.4025
vn -0.5576 0.8006 0.2192
vn 0.4516 -0.8059 0.3830
vn 0.5636 -0.8043 -0.1882
vn -0.1379 0.5265 -0.8389
vn -0.4358 0.5140 0.7388
vn -0.1951 0.0497 0.9795
vn 0.0853 -0.5062 0.8582
vn 0.3837 -0.5138 -0.7674
vn 0.1673 0.0325 -0.9854
vn -0.2889 0.8853 -0.3644
vn -0.3843 0.8904 0.2441
vn 0.2657 -0.8921 0.3654
vn 0.3272 -0.9086 -0.2597
vn -0.0059 0.5807 -0.8141
vn -0.2628 0.5830 0.7688
vn -0.0932 0.9391 -0.3308
vn -0.1884 0.9443 0.2700
vn -0.0754 -0.5699 0.8182
vn 0.0215 -0.9439 0.3297
vn 0.1732 -0.5785 -0.7971
vn 0.1493 0.0252 -0.9885
vn 0.1445 0.5993 -0.7873
vn 0.0811 0.9518 -0.2957
vn 0.0212 0.9527 0.3031
vn -0.1315 0.5974 0.7911
vn -0.1200 0.0409 0.9919
vn -0.0039 -0.9521 -0.3058
vn 0.0533 0.5713 0.8190
vn -0.2194 -0.5396 0.8128
vn -0.2239 -0.9263 0.3030
vn -0.0280 -0.5604 -0.8278
vn 0.1011 0.0344 -0.9943
vn 0.2650 0.9215 -0.2839
vn 0.2222 0.9132 0.3415
vn -0.3052 -0.8883 -0.3432
vn 0.2706 0.5649 -0.7796
vn 0.4222 0.8653 -0.2701
vn 0.3622 0.8658 0.3453
vn 0.2516 0.5172 0.8180
vn -0.0222 0.0280 0.9994
vn -0.4882 -0.8245 0.2861
vn -0.2451 -0.4793 -0.8427
vn -0.4030 -0.4438 0.8004
vn 0.3812 0.5052 -0.7743
vn 0.5856 0.7664 -0.2641
vn 0.5541 0.7574 0.3455
vn -0.6477 -0.6652 -0.3715
vn 0.0638 0.0441 -0.9970
vn 0.5034 0.3877 -0.7722
vn 0.7683 0.5848 -0.2603
vn 0.7262 0.5958 0.3431
vn 0.4208 0.3754 0.8259
vn -0.8348 -0.4794 0.2708
vn -0.4046 -0.3360 -0.8505
vn -0.0101 0.0452 0.9989
vn -0.5833 -0.1690 0.7945
vn 0.1067 -0.0005 -0.9943
vn 0.6301 0.1824 -0.7548
vn 0.9211 0.3028 -0.2446
vn 0.8748 0.3354 0.3497
vn 0.5185 0.2361 0.8218
vn -0.8999 -0.1879 -0.3936
vn -0.4764 -0.1711 -0.8624
vn 0.6519 -0.0706 -0.7550
vn 0.9693 -0.0439 -0.2421
vn 0.9316 0.0026 0.3635
vn 0.5487 0.0654 0.8334
vn -0.9680 0.0287 0.2491
vn 0.1311 -0.1406 -0.9813
vn -0.0270 0.1100 0.9936
vn -0.6084 0.2166 0.7635
vn -0.4636 0.0491 -0.8847
vn 0.6025 -0.3668 -0.7089
vn 0.8980 -0.3997 -0.1838
vn 0.8504 -0.3384 0.4028
vn 0.5155 -0.1192 0.8486
vn -0.8746 0.4401 0.2034
vn -0.8055 0.3761 -0.4580
vn 0.0048 0.1542 0.9880
vn -0.4344 0.5356 0.7242
vn 0.4472 -0.5688 -0.6903
vn 0.6972 -0.7016 -0.1470
vn 0.6604 -0.6025 0.4482
vn 0.4001 -0.2728 0.8749
vn -0.5554 0.8191 0.1437
vn -0.3529 0.2332 -0.9061
vn 0.0590 -0.2466 -0.9673
vn -0.4548 0.7383 -0.4980
vn 0.2372 -0.7186 -0.6537
vn 0.4638 -0.8780 -0.1180
vn 0.4368 -0.7622 0.4777
vn 0.2613 -0.3514 0.8990
vn -0.0131 0.1854 0.9826
vn -0.2046 0.6902 0.6941
vn -0.1694 0.3681 -0.9142
vn 0.2278 -0.9675 -0.1101
vn 0.2672 -0.8231 0.5012
vn 0.0901 -0.3928 0.9152
vn -0.2147 0.9711 0.1041
vn -0.1655 0.8550 -0.4915
vn 0.0509 -0.2227 -0.9736
vn 0.1008 -0.8631 0.4949
vn -0.0927 0.1733 0.9805
vn 0.0381 0.4147 -0.9092
vn 0.0907 -0.7543 -0.6503
vn 0.0369 -0.9945 -0.0977
vn -0.0345 -0.8712 0.4897
vn -0.0922 -0.4302 0.8980
vn -0.0592 0.7194 0.6920
vn -0.0515 0.9915 0.1197
vn 0.0401 0.8757 -0.4812
vn 0.1353 -0.2521 -0.9582
vn -0.0509 -0.7292 -0.6824
vn -0.1344 -0.9814 -0.1374
vn -0.2208 -0.8606 0.4589
vn -0.2378 -0.4078 0.8816
vn 0.1441 0.9783 0.1487
vn 0.2266 0.8584 -0.4603
vn 0.3124 0.3966 -0.8632
vn -0.1789 0.1737 0.9684
vn -0.3188 -0.9300 -0.1829
vn -0.4064 -0.8132 0.4165
vn -0.3780 -0.3769 0.8456
vn 0.0685 0.6972 0.7136
vn 0.3009 0.9358 0.1837
vn 0.4318 0.8087 -0.3995
vn -0.6556 -0.3221 -0.6830
vn -0.8285 -0.4845 -0.2809
vn -0.9103 -0.3839 0.1548
vn -0.8734 -0.0753 0.4812
vn -0.5120 0.7615 0.3975
vn -0.3313 0.9433 -0.0211
vn -0.2498 0.8423 -0.4776
vn -0.2891 0.5032 -0.8144
vn 0.1896 -0.0057 0.9819
vn 0.7987 -0.5038 -0.3291
vn 0.5781 0.7635 -0.2878
vn 0.3767 0.9193 0.1137
vn -0.0178 0.9230 0.3843
vn -0.4868 0.7870 0.3791
vn -0.8184 0.5591 0.1327
vn -0.9032 0.3358 -0.2674
vn -0.7232 0.1953 -0.6624
vn -0.3455 0.1819 -0.9206
vn 0.1073 0.3088 -0.9450
vn 0.4644 0.5337 -0.7067
vn 0.9501 0.3101 -0.0332
vn 0.7365 0.4627 0.4933
vn 0.1708 0.5364 0.8265
vn -0.8298 -0.0257 0.5574
vn -0.9598 -0.2788 0.0327
vn -0.7146 -0.4962 -0.4931
vn -0.1929 -0.4897 -0.8503
vn 0.8048 0.0237 -0.5931
vn 0.6407 0.6450 0.4164
vn -0.4216 0.2947 0.8575
vn -0.8912 -0.4370 0.1217
vn -0.6534 -0.6323 -0.4163
vn -0.1810 -0.5961 -0.7822
vn 0.3631 -0.3322 -0.8705
vn 0.8633 0.4870 -0.1324
vn -0.7532 -0.1519 0.6400
vn 0.7693 0.5911 -0.2423
vn 0.5434 0.7747 0.3233
vn 0.1029 0.6694 0.7357
vn -0.7793 -0.5866 0.2204
vn -0.5558 -0.7671 -0.3205
vn -0.0975 -0.6800 -0.7267
vn 0.7240 0.1557 -0.6720
vn -0.4195 0.2954 0.8583
vn 0.3727 -0.3499 -0.8595
vn 0.3826 0.9006 0.2062
vn -0.0085 0.7518 0.6594
vn -0.6401 -0.2385 0.7303
vn -0.6390 -0.6981 0.3231
vn -0.4111 -0.8877 -0.2075
vn 0.0081 -0.7655 -0.6434
vn 0.6141 0.7096 -0.3454
vn 0.6266 0.2373 -0.7424
vn 0.9460 0.3211 0.0452
vn 0.7528 0.4796 0.4510
vn 0.4647 0.3527 0.8122
vn 0.0370 -0.4433 0.8956
vn 0.0516 -0.8026 0.5943
vn 0.2460 -0.9475 0.2041
vn 0.5204 -0.8407 -0.1496
vn 0.9626 -0.0527 -0.2659
vn -0.0690 0.7305 -0.6795
vn 0.3897 0.7258 -0.5669
vn 0.3897 -0.7257 -0.5670
vn -0.0690 -0.7305 -0.6794
vn -0.4483 0.4547 0.7696
vn -0.0689 0.7303 0.6797
vn 0.3897 0.7258 0.5669
vn 0.7563 0.4426 0.4818
vn 0.8944 -0.0001 0.4472
vn 0.7565 -0.4427 0.4814
vn 0.3897 -0.7258 0.5669
vn -0.0689 -0.7304 0.6796
vn -0.4482 -0.4546 0.7697
vn -0.5941 -0.0000 0.8044
vn -0.7462 0.5994 0.2897
vn 0.7731 0.5916 -0.2289
vn 0.9335 -0.0000 -0.3586
vn 0.7731 -0.5916 -0.2289
vn -0.7462 -0.5994 0.2897
vn -0.9314 -0.0000 0.3641
vn -0.2630 0.9591 0.1047
vn 0.3067 0.9378 -0.1624
vn 0.3067 -0.9378 -0.1624
vn -0.2630 -0.9591 0.1047
vn 0.6982 0.5625 -0.4429
vn 0.6982 -0.5625 -0.4429
vn -0.6377 0.6022 0.4802
vn -0.2094 0.9612 0.1796
vn 0.7876 -0.0000 -0.6162
vn -0.2094 -0.9612 0.1796
vn -0.6377 -0.6022 0.4802
vn -0.7442 -0.0000 0.6679
vn 0.5620 0.5922 -0.5774
vn 0.5620 -0.5922 -0.5774
vn -0.4913 0.5835 0.6467
vn 0.2114 0.9430 -0.2570
vn 0.6493 -0.0000 -0.7605
vn 0.2114 -0.9430 -0.2570
vn -0.4913 -0.5835 0.6467
vn -0.1249 0.9621 0.2425
vn 0.4242 0.5839 -0.6922
vn 0.5538 -0.0000 -0.8326
vn 0.4242 -0.5839 -0.6922
vn -0.1247 -0.9621 0.2425
vn -0.5310 -0.0000 0.8473
vn -0.3033 0.5918 0.7468
vn 0.1362 0.9448 -0.2980
vn 0.3840 -0.0000 -0.9233
vn 0.1362 -0.9448 -0.2980
vn -0.3027 -0.5912 0.7476
vn -0.4149 -0.0000 0.9098
vn 0.2797 0.5854 -0.7610
vn 0.2797 -0.5854 -0.7610
vn -0.1232 0.5914 0.7969
vn -0.0385 0.9592 0.2800
vn 0.0532 0.9432 -0.3279
vn 0.1454 0.5732 -0.8065
vn 0.1826 -0.0000 -0.9832
vn 0.1454 -0.5732 -0.8065
vn 0.0532 -0.9432 -0.3279
vn -0.0399 -0.9592 0.2798
vn -0.1147 -0.5944 0.7959
vn -0.2577 0.0021 0.9662
vn -0.0709 -0.0075 0.9975
vn -0.0230 0.5948 -0.8035
vn 0.0372 -0.0000 -0.9993
vn -0.0230 -0.5948 -0.8035
vn 0.1097 0.5917 0.7987
vn 0.0457 0.9583 0.2821
vn -0.0504 0.9416 -0.3330
vn -0.1140 -0.0000 -0.9935
vn -0.0504 -0.9416 -0.3330
vn 0.0439 -0.9582 0.2827
vn 0.1164 -0.5888 0.7999
vn 0.0719 0.0073 0.9974
vn -0.1838 0.5839 -0.7907
vn -0.1838 -0.5839 -0.7907
vn -0.2511 -0.0000 -0.9680
vn 0.2575 -0.0016 0.9663
vn 0.2946 0.5888 0.7527
vn 0.1266 0.9611 0.2454
vn -0.1357 0.9448 -0.2984
vn -0.2810 0.5880 -0.7585
vn -0.3878 -0.0000 -0.9218
vn -0.2810 -0.5880 -0.7585
vn -0.1357 -0.9448 -0.2984
vn 0.1268 -0.9611 0.2455
vn 0.2951 -0.5894 0.7520
vn 0.4043 -0.0000 0.9146
vn -0.4234 0.5838 -0.6927
vn -0.4234 -0.5838 -0.6927
vn 0.4548 0.5858 0.6708
vn -0.5538 -0.0000 -0.8326
vn 0.4548 -0.5858 0.6708
vn 0.5592 -0.0000 0.8290
vn -0.2100 0.9440 -0.2545
vn -0.2085 -0.9440 -0.2557
vn 0.5626 0.5914 0.5777
vn -0.5382 0.5823 -0.6093
vn -0.6573 -0.0000 -0.7537
vn -0.5382 -0.5823 -0.6093
vn 0.5626 -0.5914 0.5777
vn 0.7251 -0.0000 0.6886
vn 0.2126 0.9606 0.1791
vn 0.2125 -0.9606 0.1790
vn -0.6322 0.5888 -0.5036
vn -0.7879 -0.0000 -0.6159
vn -0.6406 -0.5787 -0.5047
vn -0.3029 0.9371 -0.1736
vn -0.2672 -0.9446 -0.1908
vn 0.6969 0.5805 0.4211
vn 0.6969 -0.5805 0.4211
vn 0.8699 -0.0000 0.4932
vn -0.7407 0.5868 -0.3271
vn -0.8841 -0.0000 -0.4672
vn -0.7322 -0.5876 -0.3442
vn 0.7555 0.6039 0.2539
vn 0.2568 0.9644 0.0625
vn -0.3307 -0.9392 -0.0929
vn 0.2569 -0.9644 0.0625
vn 0.7555 -0.6039 0.2539
vn -0.9580 -0.0000 -0.2868
vn 0.9621 -0.0000 0.2726
vn -0.7951 0.5813 -0.1730
vn -0.8040 -0.5739 -0.1555
vn -0.3294 0.9430 -0.0463
vn 0.8123 0.5832 -0.0039
vn -0.9992 -0.0004 -0.0393
vn 0.8123 -0.5832 -0.0039
vn 0.9980 -0.0000 0.0629
vn -0.8051 0.5929 0.0169
vn -0.8060 -0.5919 0.0063
vn -0.3295 -0.9430 0.0463
vn 0.2605 0.9628 -0.0719
vn -0.3307 0.9392 0.0929
vn -0.8066 0.5724 0.1472
vn -0.9712 -0.0000 0.2383
vn -0.7978 -0.5799 0.1647
vn 0.2605 -0.9628 -0.0719
vn 0.9716 -0.0000 -0.2366
vn 0.7565 0.6035 -0.2521
vn 0.7565 -0.6035 -0.2521
vn -0.7351 0.5848 0.3431
vn -0.7435 -0.5839 0.3258
vn -0.3029 -0.9371 0.1736
vn -0.8867 -0.0000 0.4624
vn 0.8712 -0.0000 -0.4910
vn 0.6940 0.5835 -0.4217
vn 0.6940 -0.5835 -0.4217
vn 0.2123 0.9605 -0.1797
vn -0.2672 0.9446 0.1908
vn -0.6406 0.5787 0.5047
vn -0.7879 -0.0000 0.6159
vn -0.6322 -0.5888 0.5036
vn 0.2124 -0.9605 -0.1797
vn 0.5626 0.5914 -0.5777
vn 0.5626 -0.5914 -0.5777
vn 0.7251 -0.0000 -0.6886
vn -0.2085 0.9440 0.2557
vn -0.5382 0.5823 0.6093
vn -0.6573 -0.0000 0.7537
vn -0.5382 -0.5823 0.6093
vn -0.2100 -0.9440 0.2545
vn 0.4548 0.5858 -0.6708
vn 0.1267 0.9611 -0.2455
vn -0.4234 0.5838 0.6927
vn -0.5538 -0.0000 0.8326
vn -0.4234 -0.5838 0.6927
vn 0.1267 -0.9611 -0.2455
vn 0.4548 -0.5858 -0.6708
vn 0.5592 -0.0000 -0.8290
vn 0.2952 0.5894 -0.7520
vn -0.1356 0.9448 0.2984
vn -0.3849 -0.0007 0.9230
vn -0.1362 -0.9448 0.2980
vn 0.2952 -0.5894 -0.7520
vn 0.4043 -0.0000 -0.9146
vn -0.2810 0.5880 0.7585
vn -0.2799 -0.5855 0.7608
vn 0.1237 0.5914 -0.7968
vn 0.0385 0.9592 -0.2800
vn -0.0503 0.9414 0.3334
vn -0.1954 0.5736 0.7955
vn -0.1499 -0.0023 0.9887
vn -0.1533 -0.5735 0.8047
vn -0.0526 -0.9432 0.3279
vn 0.0385 -0.9592 -0.2799
vn 0.1237 -0.5914 -0.7968
vn 0.2574 -0.0000 -0.9663
vn 0.0664 -0.0000 -0.9978
vn -0.0237 0.5819 0.8129
vn 0.0577 0.0245 0.9980
vn 0.0174 -0.5978 0.8015
vn -0.1077 0.5964 -0.7954
vn -0.0457 0.9583 -0.2820
vn 0.0503 -0.9414 0.3335
vn -0.0457 -0.9583 -0.2821
vn -0.1077 -0.5964 -0.7954
vn -0.1650 -0.0000 -0.9863
vn 0.0527 0.9432 0.3280
vn 0.1474 0.5747 0.8050
vn 0.2271 0.0019 0.9739
vn 0.1823 -0.5816 0.7928
vn -0.2990 0.5936 -0.7471
vn -0.1248 0.9621 -0.2425
vn 0.1362 0.9448 0.2980
vn 0.2799 0.5855 0.7608
vn 0.3861 0.0007 0.9224
vn 0.2810 -0.5880 0.7585
vn 0.1356 -0.9448 0.2984
vn -0.1248 -0.9621 -0.2425
vn -0.2990 -0.5936 -0.7471
vn -0.4079 -0.0000 -0.9130
vn 0.4242 0.5839 0.6922
vn 0.4242 -0.5839 0.6922
vn -0.4913 0.5835 -0.6467
vn 0.5538 -0.0000 0.8326
vn -0.4913 -0.5835 -0.6467
vn -0.5310 -0.0000 -0.8473
vn 0.2114 0.9430 0.2570
vn 0.2114 -0.9430 0.2570
vn 0.5620 0.5922 0.5774
vn 0.6493 -0.0000 0.7605
vn 0.5620 -0.5922 0.5774
vn -0.7442 -0.0000 -0.6679
vn -0.2095 0.9612 -0.1796
vn -0.2094 -0.9612 -0.1796
vn -0.6377 0.6022 -0.4802
vn 0.7876 -0.0000 0.6162
vn -0.6377 -0.6022 -0.4802
vn 0.3067 0.9378 0.1624
vn 0.6982 0.5625 0.4429
vn 0.6982 -0.5625 0.4429
vn 0.3067 -0.9378 0.1624
vn -0.7462 0.5994 -0.2897
vn 0.9335 -0.0000 0.3586
vn -0.7462 -0.5994 -0.2897
vn -0.9314 -0.0000 -0.3641
vn -0.2630 0.9591 -0.1047
vn -0.2630 -0.9591 -0.1047
vn 0.7731 0.5916 0.2289
vn 0.7731 -0.5916 0.2289
vn -0.4497 0.4555 -0.7683
vn 0.7562 0.4426 -0.4820
vn 0.8955 -0.0000 -0.4451
vn 0.7562 -0.4426 -0.4819
vn -0.4497 -0.4555 -0.7683
vn -0.5924 -0.0000 -0.8056
vt 0.031641 0.700000
vt 0.136930 0.600000
vt 0.029395 0.600000
vt 0.759787 0.461315
vt 0.702623 0.562500
vt 0.701122 0.469404
vt 0.734203 0.187500
vt 0.641014 0.125000
vt 0.749988 0.125000
vt 0.702968 0.343847
vt 0.765748 0.343177
vt 0.765813 0.562500
vt 0.734251 0.656824
vt 0.671408 0.655881
vt 0.639420 0.562500
vt 0.765695 0.750000
vt 0.734203 0.812500
vt 0.703374 0.750000
vt 0.671909 0.250000
vt 0.734305 0.250000
vt 0.358983 0.875000
vt 0.453382 0.937500
vt 0.249982 0.875000
vt 0.608649 0.187500
vt 0.608650 0.812500
vt 0.623123 0.715734
vt 0.641015 0.875000
vt 0.298878 0.469403
vt 0.259787 0.538685
vt 0.234187 0.437500
vt 0.608371 0.625000
vt 0.639926 0.344545
vt 0.843674 0.600000
vt 0.999888 0.500000
vt 0.842518 0.500000
vt 0.639420 0.437500
vt 0.577214 0.375000
vt 0.636455 0.500000
vt 0.576825 0.562500
vt 0.573792 0.500000
vt 0.578068 0.750000
vt 0.576825 0.437500
vt 0.500499 0.875000
vt 0.546719 0.687500
vt 0.546336 0.625000
vt 0.499501 0.125000
vt 0.485277 0.812500
vt 0.515262 0.750000
vt 0.577648 0.312500
vt 0.547079 0.250000
vt 0.609221 0.250000
vt 0.531250 0.530576
vt 0.485277 0.187500
vt 0.515158 0.437500
vt 0.500000 0.586365
vt 0.484846 0.500000
vt 0.515209 0.312500
vt 0.515168 0.375000
vt 0.484791 0.687500
vt 0.421931 0.250000
vt 0.359933 0.187500
vt 0.459580 0.399511
vt 0.453281 0.312500
vt 0.452921 0.750000
vt 0.422352 0.687500
vt 0.484738 0.250000
vt 0.426208 0.500000
vt 0.423175 0.437500
vt 0.390780 0.750000
vt 0.345293 0.716181
vt 0.453663 0.625000
vt 0.391997 0.562500
vt 0.454027 0.562500
vt 0.391629 0.625000
vt 0.281221 0.718910
vt 0.234203 0.812500
vt 0.186416 0.716677
vt 0.359934 0.812500
vt 0.358985 0.125000
vt 0.168896 0.800000
vt 0.219818 0.700000
vt 0.179197 0.700000
vt 0.333333 0.000000
vt 0.111111 0.000000
vt 1.000000 0.000000
vt 0.328884 0.593524
vt 0.858985 0.125000
vt 0.814687 0.062500
vt 0.391629 0.375000
vt 0.360580 0.437500
vt 0.328592 0.344120
vt 0.376877 0.284266
vt 0.363545 0.500000
vt 0.234204 0.187500
vt 0.250014 0.125000
vt 0.265749 0.343177
vt 0.265770 0.625000
vt 0.185315 0.062500
vt 0.434961 0.033408
vt 0.265789 0.250000
vt 0.139926 0.344545
vt 0.109221 0.250000
vt 0.171909 0.250000
vt 0.202732 0.593673
vt 0.199683 0.500000
vt 0.202968 0.343848
vt 0.139742 0.625000
vt 0.139420 0.562500
vt 0.141015 0.125000
vt 0.018417 0.062500
vt 0.170981 0.437500
vt 0.108649 0.187500
vt 0.123123 0.715734
vt 0.078069 0.750000
vt 0.046719 0.687500
vt 0.136454 0.500000
vt 0.108650 0.812500
vt 0.141016 0.875000
vt 0.108003 0.437500
vt 0.076825 0.562500
vt 0.073792 0.500000
vt 0.077214 0.375000
vt 0.077214 0.625000
vt 0.547554 0.062500
vt 0.018307 0.125000
vt 0.047079 0.250000
vt 0.015314 0.187500
vt 0.549284 0.937500
vt 0.030453 0.875000
vt 0.045973 0.437500
vt 0.015169 0.375000
vt 0.015314 0.812500
vt 0.015262 0.750000
vt 0.015209 0.312500
vt 0.077648 0.312500
vt 0.015158 0.562500
vt 0.015664 0.468827
vt 0.015169 0.625000
vt 1.000000 0.312500
vt 0.953663 0.375000
vt 0.953281 0.312500
vt 0.000000 0.500000
vt 0.890780 0.750000
vt 0.860074 0.655454
vt 0.922352 0.687500
vt 0.000000 0.250000
vt 0.977294 0.812500
vt 0.952922 0.750000
vt 1.000000 0.750000
vt 1.000000 0.375000
vt 0.954027 0.437500
vt 0.000000 0.687500
vt 1.000000 0.625000
vt 0.954026 0.562500
vt 1.000000 0.562500
vt 0.926208 0.500000
vt 0.984846 0.500000
vt 1.000000 0.437500
vt 0.984738 0.250000
vt 0.921931 0.250000
vt 0.922786 0.625000
vt 0.891997 0.562500
vt 0.981692 0.875000
vt 0.859933 0.812500
vt 0.863545 0.500000
vt 0.666667 0.000000
vt 0.000000 0.000000
vt 0.222222 0.000000
vt 0.891629 0.375000
vt 0.876877 0.284266
vt 0.858984 0.875000
vt 0.891997 0.437500
vt 0.828091 0.750000
vt 0.829018 0.562500
vt 0.829018 0.437500
vt 0.800317 0.500000
vt 0.969548 0.125000
vt 0.859933 0.187500
vt 0.796627 0.250000
vt 0.977294 0.187500
vt 0.749982 0.875000
vt 0.797032 0.656153
vt 0.030071 0.200000
vt 0.000000 0.100000
vt 0.000000 0.200000
vt 0.336484 0.400000
vt 0.293053 0.300000
vt 0.296875 0.400000
vt 0.444444 0.000000
vt 0.030590 0.000000
vt 0.342601 0.100000
vt 0.461245 0.200000
vt 0.498523 0.100000
vt 0.000000 0.800000
vt 0.000000 0.700000
vt 0.000000 0.600000
vt 0.828591 0.344120
vt 0.000003 0.800000
vt 0.050431 0.900000
vt 0.050597 0.800000
vt 0.648030 0.100000
vt 0.999949 0.000000
vt 0.663699 0.000000
vt 0.846132 0.600000
vt 0.999882 0.700000
vt 0.999903 0.600000
vt 0.139088 0.700000
vt 0.187482 0.600000
vt 0.153603 0.300000
vt 0.000197 0.300000
vt 0.181300 0.400000
vt 0.999875 0.300000
vt 0.646470 0.300000
vt 1.000000 0.400000
vt 0.180454 0.100000
vt 0.197371 0.000000
vt 0.154883 0.000000
vt 0.178313 0.200000
vt 0.139255 0.100000
vt 0.137672 0.200000
vt 0.197371 1.000000
vt 0.248906 0.900000
vt 0.177138 0.900000
vt 0.197038 0.300000
vt 0.269881 0.300000
vt 0.280953 0.200000
vt 0.235721 0.200000
vt 0.208333 0.100000
vt 0.229167 0.000000
vt 0.208333 0.200000
vt 0.258502 0.500000
vt 0.192005 0.500000
vt 0.229167 0.300000
vt 0.236290 0.600000
vt 0.268592 0.700000
vt 0.303583 0.600000
vt 0.371588 0.800000
vt 0.405499 0.700000
vt 0.345185 0.700000
vt 0.450048 0.800000
vt 0.447666 0.700000
vt 0.238413 0.100000
vt 0.608022 0.700000
vt 0.590660 0.600000
vt 0.539936 0.700000
vt 0.324733 0.200000
vt 0.493774 0.400000
vt 0.476041 0.300000
vt 0.466948 0.400000
vt 0.281124 0.100000
vt 0.268431 0.000000
vt 0.323167 0.100000
vt 0.268431 1.000000
vt 0.335633 0.900000
vt 0.389840 0.600000
vt 0.348277 0.500000
vt 0.342827 0.000000
vt 0.293740 0.800000
vt 0.225897 0.800000
vt 1.000002 0.300000
vt 0.846152 0.300000
vt 0.551292 0.400000
vt 0.531327 0.300000
vt 0.500803 0.400000
vt 0.489804 0.600000
vt 0.458414 0.500000
vt 0.449045 0.600000
vt 0.365057 0.100000
vt 0.550286 0.200000
vt 0.531438 0.100000
vt 0.520833 0.200000
vt 0.449614 0.200000
vt 0.488832 0.100000
vt 0.447719 0.100000
vt 0.406325 0.300000
vt 0.367484 0.200000
vt 0.348012 0.300000
vt 0.406643 0.100000
vt 0.458462 0.000000
vt 0.405386 0.000000
vt 0.342827 1.000000
vt 0.417147 0.900000
vt 0.409122 0.200000
vt 0.448511 0.300000
vt 0.644701 0.800000
vt 0.622946 0.700000
vt 0.567987 0.800000
vt 0.764420 0.600000
vt 0.686890 0.500000
vt 0.669577 0.600000
vt 0.549504 0.700000
vt 0.487941 0.700000
vt 0.429290 0.400000
vt 0.489517 0.300000
vt 0.613192 0.100000
vt 0.573524 0.000000
vt 0.572323 0.100000
vt 0.572655 0.300000
vt 0.490377 0.200000
vt 0.530019 0.500000
vt 0.529162 0.900000
vt 0.468925 0.900000
vt 0.408747 0.500000
vt 0.000220 0.600000
vt 0.307680 0.700000
vt 0.314622 0.600000
vt 0.607641 0.400000
vt 0.632711 0.300000
vt 0.524454 0.000000
vt 0.647911 0.200000
vt 0.590271 0.200000
vt 0.511352 0.800000
vt 0.218966 0.800000
vt 0.275508 0.900000
vt 0.281852 0.800000
vt 0.672322 0.100000
vt 0.761911 0.000000
vt 0.674093 0.000000
vt 0.612248 0.600000
vt 0.550275 0.600000
vt 0.219883 0.600000
vt 0.279149 0.500000
vt 0.218824 0.500000
vt 0.614486 0.000000
vt 0.429219 0.600000
vt 0.372250 0.500000
vt 0.345553 0.600000
vt 0.606448 0.500000
vt 0.823733 0.000000
vt 0.999845 0.100000
vt 0.999956 0.000000
vt 0.261912 0.300000
vt 0.244792 0.400000
vt 0.275851 0.400000
vt 0.537564 0.900000
vt 0.407435 0.800000
vt 0.381452 0.900000
vt 0.268445 0.800000
vt 0.236296 0.700000
vt 0.218805 0.800000
vt 0.789584 0.300000
vt 0.801875 0.200000
vt 0.763840 0.200000
vt 0.799585 0.100000
vt 0.763643 0.100000
vt 0.948658 0.100000
vt 1.000000 0.100000
vt 0.949402 0.000000
vt 0.592635 0.900000
vt 0.619603 0.800000
vt 0.461563 0.800000
vt 0.803244 0.600000
vt 0.842706 0.500000
vt 0.781462 0.500000
vt 0.844958 0.200000
vt 0.843845 0.700000
vt 0.782653 0.700000
vt 0.842622 0.800000
vt 0.786689 0.800000
vt 0.842621 0.100000
vt 0.832103 0.500000
vt 0.781991 0.600000
vt 0.840743 0.600000
vt 0.823733 1.000000
vt 0.999956 1.000000
vt 1.000000 0.900000
vt 0.163516 0.400000
vt 0.141473 0.500000
vt 0.167897 0.500000
vt 0.000073 0.700000
vt 0.356706 0.700000
vt 0.342471 0.600000
vt 0.114753 0.600000
vt 0.159257 0.600000
vt 0.229167 1.000000
vt 0.500751 0.400000
vt 0.591995 0.300000
vt 0.406819 0.300000
vt 0.999927 0.700000
vt 1.000000 0.600000
vt 0.657541 0.600000
vt 0.999960 0.200000
vt 0.661412 0.200000
vt 0.608554 0.400000
vt 0.641473 0.300000
vt 0.608521 0.300000
vt 0.643347 0.700000
vt 0.999924 0.800000
vt 0.499406 0.300000
vt 0.353515 0.300000
vt 0.499303 0.700000
vt 0.449643 0.400000
vt 0.510928 0.400000
vt 0.487585 0.300000
vt 0.562127 0.200000
vt 0.497255 0.600000
vt 0.000208 0.200000
vt 0.338541 0.200000
vt 0.760956 0.300000
vt 0.708333 0.200000
vt 0.677743 0.300000
vt 0.644497 0.800000
vt 0.690540 0.900000
vt 0.741212 0.800000
vt 0.044118 0.300000
vt 0.000017 0.400000
vt 0.050582 0.400000
vt 0.178191 0.100000
vt 0.197168 0.000000
vt 0.153504 0.000000
vt 0.030052 0.100000
vt 0.619134 0.062500
vt 0.555556 0.000000
vt 0.031968 0.600000
vt 0.000014 0.500000
vt 0.030531 0.300000
vt 0.000000 0.300000
vt 0.029424 0.700000
vt 0.864955 0.900000
vt 0.877419 1.000000
vt 0.908060 0.900000
vt 0.187425 0.700000
vt 0.763448 0.100000
vt 0.762382 0.200000
vt 0.845918 0.300000
vt 0.999804 0.200000
vt 0.842548 0.200000
vt 0.714269 0.600000
vt 0.667897 0.500000
vt 0.659257 0.600000
vt 0.323340 0.200000
vt 0.281554 0.100000
vt 0.281177 0.200000
vt 0.168793 0.800000
vt 0.136917 0.700000
vt 0.179248 0.600000
vt 0.167057 0.500000
vt 0.139451 0.600000
vt 0.139199 0.200000
vt 0.137571 0.100000
vt 0.197492 0.300000
vt 0.180424 0.200000
vt 0.154847 0.300000
vt 0.489098 0.600000
vt 0.467201 0.700000
vt 0.237130 0.000000
vt 0.235501 0.100000
vt 0.249594 0.400000
vt 0.268072 0.300000
vt 0.177406 0.400000
vt 0.303892 0.700000
vt 0.268163 0.600000
vt 0.145833 0.500000
vt 0.238276 0.200000
vt 0.324963 0.100000
vt 0.311189 0.000000
vt 0.279907 0.900000
vt 0.218761 0.900000
vt 0.631737 0.000000
vt 0.666313 0.100000
vt 0.763870 0.000000
vt 0.343156 0.300000
vt 0.365170 0.200000
vt 0.420446 0.000000
vt 0.364757 0.000000
vt 0.523959 0.300000
vt 0.528470 0.400000
vt 0.406701 0.200000
vt 0.367581 0.100000
vt 0.348029 0.800000
vt 0.389874 0.700000
vt 0.406377 0.000000
vt 0.408486 0.800000
vt 0.520056 0.800000
vt 0.458270 0.800000
vt 0.405409 0.300000
vt 0.579004 0.800000
vt 0.409171 0.100000
vt 0.448543 0.000000
vt 0.500288 0.500000
vt 0.516211 0.600000
vt 0.523959 0.500000
vt 0.532284 0.600000
vt 0.511178 0.500000
vt 0.489458 0.100000
vt 0.449629 0.100000
vt 0.447726 0.200000
vt 0.439773 0.900000
vt 0.643679 0.500000
vt 0.568240 0.500000
vt 0.450202 0.500000
vt 0.489472 1.000000
vt 0.448543 1.000000
vt 0.531528 0.300000
vt 0.489898 0.200000
vt 0.611006 0.100000
vt 0.572746 0.000000
vt 0.569947 0.100000
vt 0.530152 0.100000
vt 0.531253 0.000000
vt 0.489472 0.000000
vt 0.631737 1.000000
vt 0.591669 0.900000
vt 0.572746 1.000000
vt 0.513855 0.900000
vt 0.531253 1.000000
vt 0.572423 0.200000
vt 0.532804 0.200000
vt 0.573667 0.300000
vt 0.613391 0.200000
vt 0.605510 0.900000
vt 0.532080 0.100000
vt 0.536614 0.000000
vt 0.500016 0.000000
vt 0.151792 0.700000
vt 0.163094 0.800000
vt 0.614726 0.300000
vt 0.657425 0.200000
vt 0.683932 0.700000
vt 0.672062 0.600000
vt 0.336906 0.800000
vt 0.296875 0.900000
vt 0.339495 0.900000
vt 0.102544 0.300000
vt 0.114753 0.200000
vt 0.063167 0.200000
vt 0.000188 0.200000
vt 0.307513 0.100000
vt 0.000059 0.100000
vt 0.949402 0.800000
vt 0.948658 0.700000
vt 0.911787 0.700000
vt 0.801940 0.100000
vt 0.817990 0.800000
vt 0.762587 0.700000
vt 0.799561 0.200000
vt 0.416215 0.500000
vt 0.391479 0.500000
vt 0.385247 0.600000
vt 0.802940 0.300000
vt 0.803215 0.700000
vt 0.800785 0.600000
vt 0.844969 0.100000
vt 0.823780 0.000000
vt 0.550478 0.500000
vt 0.556847 0.400000
vt 0.765125 0.600000
vt 0.797053 0.900000
vt 0.761911 1.000000
vt 0.000024 0.300000
vt 0.000000 0.400000
vt 0.449522 0.500000
vt 0.421171 0.600000
vt 0.483789 0.200000
vt 0.499712 0.300000
vt 0.532213 0.200000
vt 0.348208 0.100000
vt 0.280624 0.000000
vt 0.282290 0.100000
vt 0.708333 0.900000
vt 0.999871 0.100000
vt 0.203125 0.900000
vt 0.163094 1.000000
vt 0.217546 1.000000
vt 0.888889 0.000000
vt 0.999960 0.200000
vt 0.999705 0.100000
vt 0.528429 0.900000
vt 0.499975 0.800000
vt 0.493600 0.900000
vt 0.418126 0.500000
vt 0.308498 0.500000
vt 0.663699 1.000000
vt 0.999832 0.900000
vt 0.659199 0.900000
vt 0.088213 0.100000
vt 0.122581 0.000000
vt 0.082947 0.000000
vt 0.418109 0.100000
vt 0.336238 0.000000
vt 0.999869 0.700000
vt 0.647951 0.700000
vt 1.000000 0.800000
vt 0.379509 0.200000
vt 0.999998 0.000000
vt 0.418124 0.700000
vt 0.437774 1.000000
vt 0.336238 1.000000
vt 0.636579 0.200000
vt 0.518059 0.200000
vt 0.352488 0.400000
vt 0.524512 0.700000
vt 0.517564 0.600000
vt 0.418108 0.600000
vt 0.525055 0.100000
vt 0.522110 0.500000
vt 0.541038 1.000000
vt 0.643967 0.500000
vt 0.636203 0.600000
vt 0.658470 0.100000
vt 0.541038 0.000000
vt 0.437774 0.000000
vt 0.999906 0.600000
vt 0.063167 0.600000
vt 0.044118 0.500000
vt 0.000169 0.500000
vt 0.108554 0.400000
vt 0.141473 0.300000
vt 0.647529 0.400000
vt 0.999644 0.500000
vt 0.999985 0.400000
vt 0.032401 0.100000
vt 0.070499 0.500000
vt 0.999980 0.800000
vt 0.949569 0.900000
vt 0.999995 0.900000
vt 0.213222 0.300000
vt 0.050598 0.000000
vt 0.780624 0.800000
vt 0.725105 0.900000
vt 0.783753 0.900000
vt 0.667897 0.300000
vt 0.718009 0.200000
vt 0.659257 0.200000
vt 0.070499 0.300000
vt 0.955882 0.500000
vt 0.999965 0.400000
vt 0.949418 0.400000
vt 0.358527 0.500000
vt 0.641473 0.500000
vt 0.608521 0.500000
vt 0.917053 0.800000
vt 0.402572 0.000000
vt 0.412000 0.100000
vt 0.430988 0.000000
vt 0.614753 0.600000
vt 0.583785 0.500000
vt 0.391446 0.400000
vt 0.358527 0.300000
vt 0.363180 0.400000
vt 0.348208 0.700000
vt 0.282290 0.700000
vt 0.102544 0.500000
vt 0.082400 0.400000
vt 0.597428 1.000000
vt 0.635045 0.900000
vt 0.595303 0.900000
vt 0.446481 0.300000
vt 0.122581 1.000000
vt 0.135045 0.900000
vt 0.091941 0.900000
vt 0.160505 0.900000
vt 0.583785 0.300000
vt 0.583658 0.400000
vt 0.363349 1.000000
vt 0.364955 0.900000
vt 0.977943 0.660818
vt 0.703125 0.900000
vt 0.663094 1.000000
vt 0.717546 1.000000
vt 0.836906 0.800000
vt 0.839495 0.900000
vt 0.717546 0.800000
vt 0.000033 0.900000
vt 0.836906 1.000000
vt 0.717546 0.000000
vt 0.651792 0.100000
vt 0.719828 0.100000
vt 0.167897 0.300000
vt 0.787356 0.300000
vt 0.764866 0.400000
vt 0.793182 0.400000
vt 0.780624 1.000000
vt 0.219828 0.100000
vt 0.000019 0.700000
vt 0.219828 0.700000
vt 0.082947 0.800000
vt 0.224492 0.900000
vt 0.217546 0.000000
vt 0.151792 0.100000
vt 0.214269 0.200000
vt 0.159257 0.200000
vt 0.651792 0.700000
vt 0.663094 0.800000
vt 0.213222 0.500000
vt 0.663516 0.400000
vt 0.706947 0.300000
vt 0.660505 0.900000
vt 0.846050 0.700000
vt 0.999918 0.600000
vt 0.793053 0.500000
vt 0.761195 0.500000
vt 0.000076 0.800000
vt 0.550478 0.300000
vt 0.356505 0.400000
vt 0.877419 0.800000
vt 0.858527 0.500000
vt 0.891446 0.400000
vt 0.863180 0.400000
vt 0.363349 0.800000
vt 0.402572 0.800000
vt 0.858527 0.300000
vt 0.836484 0.400000
vt 0.466808 0.900000
vt 0.636651 0.000000
vt 0.597428 0.000000
vt 0.385247 0.200000
vt 0.391479 0.300000
vt 0.416215 0.300000
vt 0.122581 0.800000
vt 0.569012 0.800000
vt 0.597428 0.800000
vt 0.588000 0.100000
vt 0.569012 0.000000
vt 0.569012 1.000000
vt 0.563485 0.900000
vt 0.443154 0.400000
vt 0.416342 0.400000
vt 0.471906 0.100000
vt 0.463386 0.000000
vt 0.436474 0.200000
vt 0.999959 0.800000
vt 0.476041 0.500000
vt 0.458462 1.000000
vt 0.536614 0.800000
vt 0.532080 0.700000
vt 0.471906 0.700000
vt 0.463386 0.800000
vt 0.168284 0.900000
vt 0.500016 1.000000
vt 0.463386 1.000000
vt 0.449522 0.300000
vt 0.430988 0.800000
vt 0.412000 0.700000
vt 0.436515 0.900000
vt 0.929501 0.500000
vt 0.917600 0.400000
vt 0.897456 0.500000
vt 0.404696 0.900000
vt 0.419594 0.500000
vt 0.917053 0.000000
vt 0.877419 0.000000
vt 0.911787 0.100000
vt 0.082947 1.000000
vt 0.588000 0.700000
vt 0.136820 0.400000
vt 0.636651 0.800000
vt 0.999941 0.500000
vt 0.719828 0.700000
vt 0.214269 0.600000
vt 0.832103 0.300000
vt 0.785730 0.200000
vt 0.293053 0.500000
vt 0.332103 0.500000
vt 0.848209 0.100000
vt 0.780624 0.000000
vt 0.782290 0.100000
vt 0.281991 0.600000
vt 0.340743 0.600000
vt 0.777778 0.000000
vt 0.999917 0.800000
vt 0.999877 0.700000
vt 0.280624 1.000000
vt 0.430988 1.000000
vt 0.781581 0.500000
vt 0.261912 0.500000
vt 0.738805 0.300000
vt 0.000116 0.400000
vt 0.332103 0.300000
vt 0.281991 0.200000
vt 0.000005 1.000000
vt 0.050598 1.000000
vt 0.848209 0.700000
vt 0.782290 0.700000
vt 0.336906 1.000000
vt 0.791522 0.900000
vt 0.088213 0.700000
vt 0.636651 1.000000
vt 0.402572 1.000000
vt 0.614753 0.200000
vt 0.885247 0.600000
vt 0.929501 0.300000
vt 0.897456 0.300000
vt 0.032395 0.200000
vt 0.999764 0.200000
vt 0.999996 0.500000
vt 0.339006 0.800000
vt 0.000000 0.900000
vt 0.999980 1.000000
vt 0.955882 0.300000
vt 0.999998 0.300000
vt 0.000385 0.000000
vt 0.712644 0.500000
vt 0.234272 0.687500
vt 0.917053 1.000000
vt 0.936833 0.200000
vt 0.228641 0.961774
vt 0.685313 0.937500
vt 0.546875 1.000000
vt 0.569277 0.400000
vt 0.573524 1.000000
vt 0.614486 1.000000
vt 0.051342 0.100000
vt 0.000005 0.000000
vt 0.796875 1.000000
vt 0.032173 0.800000
vt 0.000022 0.900000
vt 0.716783 0.400000
vt 0.335293 0.400000
vt 0.253019 0.400000
vt 0.590957 0.400000
vt 0.154883 1.000000
vt 0.829150 0.400000
vt 0.746334 0.400000
vt 0.647422 0.400000
vt 0.000155 0.000000
vt 0.797016 0.400000
vt 1.000000 0.300000
vt 0.405386 1.000000
vt 0.591534 0.800000
vt 0.677625 0.700000
vt 0.708333 0.400000
vt 0.999980 0.000000
vt 0.408391 0.900000
vt 0.364757 1.000000
vt 0.406377 1.000000
vt 0.373848 0.900000
vt 0.340743 0.200000
vt 0.636819 0.400000
vt 0.467787 0.600000
vt 0.409738 0.400000
vt 0.000000 1.000000
vt 0.420446 1.000000
vt 1.000000 0.500000
vt 0.625000 0.500000
vt 0.000007 0.300000
vt 0.840743 0.200000
vt 0.032301 0.800000
vt 0.999852 0.300000
vt 0.625000 0.000000
vt 0.936833 0.600000
vt 0.000155 1.000000
vt 0.153504 1.000000
vt 0.197168 1.000000
vt 0.032344 0.500000
vt 0.674093 1.000000
vt 0.051342 0.700000
vt 0.336906 0.000000
vt 0.823780 1.000000
vt 0.999998 1.000000
vt 0.765625 0.000000
vt 0.999949 1.000000
vt 0.000020 0.900000
vt 0.237130 1.000000
vt 0.000015 0.500000
vt 0.140625 0.000000
vt 0.663094 0.000000
vt 0.563526 0.600000
vt 1.000000 0.700000
vt 0.213228 0.400000
vt 0.030590 1.000000
vt 0.578829 0.200000
vt 0.363349 0.000000
vt 0.524454 1.000000
vt 0.000385 1.000000
vt 0.625000 1.000000
vt 1.000000 1.000000
vt 0.163094 0.000000
vt 0.885247 0.200000
vt 0.536614 1.000000
vt 1.000000 0.200000
vt 0.015625 0.000000
vt 0.836906 0.000000
vt 0.763870 1.000000
vt 0.311189 1.000000
vt 0.949402 1.000000
s 1
usemtl brown
f 177/1/177 181/2/181 176/3/176
f 1/4/1 9/5/9 10/6/10
f 5/7/5 14/8/14 159/9/159
f 1/4/1 11/10/11 158/11/158
f 154/12/154 3/13/3 9/5/9
f 9/5/9 12/14/12 17/15/17
f 157/16/157 7/17/7 8/18/8
f 11/10/11 13/19/13 4/20/4
f 65/21/65 64/22/64 74/23/74
f 13/19/13 31/24/31 5/7/5
f 8/18/8 15/25/15 16/26/16
f 7/17/7 22/27/22 15/25/15
f 3/13/3 8/18/8 12/14/12
f 75/28/75 79/29/79 83/30/83
f 12/14/12 16/26/16 23/31/23
f 10/6/10 20/32/20 11/10/11
f 502/33/502 508/34/508 501/35/501
f 19/36/19 29/37/29 20/32/20
f 18/38/18 24/39/24 27/40/27
f 16/26/16 15/25/15 26/41/26
f 18/38/18 28/42/28 19/36/19
f 22/27/22 64/22/64 46/43/46
f 23/31/23 32/44/32 33/45/33
f 31/24/31 55/46/55 14/8/14
f 16/26/16 26/41/26 32/44/32
f 26/41/26 47/47/47 36/48/36
f 30/49/30 35/50/35 25/51/25
f 24/39/24 33/45/33 34/52/34
f 35/50/35 54/53/54 31/24/31
f 15/25/15 46/43/46 47/47/47
f 27/40/27 38/54/38 28/42/28
f 34/52/34 37/55/37 42/56/42
f 29/37/29 40/57/40 30/49/30
f 28/42/28 39/58/39 29/37/29
f 33/45/33 41/59/41 37/55/37
f 54/53/54 53/60/53 63/61/63
f 40/57/40 43/62/43 52/63/52
f 32/44/32 36/48/36 41/59/41
f 48/64/48 49/65/49 41/59/41
f 44/66/44 52/63/52 53/60/53
f 43/62/43 56/67/56 57/68/57
f 47/47/47 48/64/48 36/48/36
f 58/69/58 70/70/70 49/65/49
f 50/71/50 60/72/60 51/73/51
f 51/73/51 56/67/56 42/56/42
f 64/22/64 65/21/65 46/43/46
f 49/65/49 59/74/59 50/71/50
f 77/75/77 81/76/81 85/77/85
f 46/43/46 69/78/69 47/47/47
f 55/46/55 63/61/63 73/79/73
f 47/47/47 58/69/58 48/64/48
f 38/54/38 42/56/42 43/62/43
f 187/80/187 198/81/198 193/82/193
f 321/83/321 319/84/319 327/85/327
f 70/70/70 71/86/71 59/74/59
f 69/78/69 70/70/70 58/69/58
f 147/87/147 159/9/159 6/88/6
f 61/89/61 67/90/67 72/91/72
f 52/63/52 61/89/61 62/92/62
f 71/86/71 75/28/75 66/93/66
f 73/79/73 89/94/89 80/95/80
f 72/91/72 75/28/75 76/96/76
f 77/75/77 78/97/78 71/86/71
f 65/21/65 81/76/81 69/78/69
f 80/95/80 97/98/97 68/99/68
f 63/61/63 84/100/84 89/94/89
f 69/78/69 77/75/77 70/70/70
f 96/101/96 102/102/102 92/103/92
f 79/29/79 86/104/86 87/105/87
f 40/57/40 44/66/44 35/50/35
f 83/30/83 88/106/88 76/96/76
f 60/72/60 66/93/66 56/67/56
f 86/104/86 93/107/93 94/108/94
f 103/109/103 132/110/132 97/98/97
f 87/105/87 91/111/91 83/30/83
f 92/103/92 110/112/110 89/94/89
f 90/113/90 100/114/100 111/115/111
f 87/105/87 94/108/94 95/116/95
f 85/77/85 104/117/104 90/113/90
f 81/76/81 99/118/99 104/117/104
f 91/111/91 96/101/96 88/106/88
f 86/104/86 85/77/85 93/107/93
f 95/116/95 101/119/101 91/111/91
f 95/116/95 106/120/106 107/121/107
f 101/119/101 108/122/108 96/101/96
f 94/108/94 105/123/105 106/120/106
f 90/113/90 104/117/104 100/114/100
f 45/124/45 73/79/73 68/99/68
f 93/107/93 90/113/90 105/123/105
f 110/112/110 131/125/131 103/109/103
f 113/126/113 123/127/123 110/112/110
f 99/118/99 143/128/143 124/129/124
f 107/121/107 112/130/112 101/119/101
f 112/130/112 118/131/118 108/122/108
f 104/117/104 124/129/124 125/132/125
f 100/114/100 125/132/125 114/133/114
f 108/122/108 119/134/119 109/135/109
f 107/121/107 116/136/116 117/137/117
f 105/123/105 111/115/111 115/138/115
f 109/135/109 113/126/113 102/102/102
f 106/120/106 115/138/115 116/136/116
f 119/139/119 129/140/129 130/141/130
f 117/137/117 116/136/116 121/142/121
f 138/143/138 144/144/144 133/145/133
f 119/134/119 122/146/122 113/126/113
f 125/147/125 126/148/126 114/149/114
f 118/150/118 128/151/128 129/140/129
f 111/115/111 114/133/114 120/152/120
f 115/153/115 127/154/127 116/155/116
f 127/154/127 135/156/135 121/157/121
f 117/158/117 121/157/121 128/151/128
f 122/159/122 130/141/130 136/160/136
f 134/161/134 139/162/139 127/154/127
f 124/163/124 137/164/137 125/147/125
f 139/162/139 146/165/146 135/156/135
f 125/147/125 138/143/138 126/148/126
f 316/166/316 312/167/312 355/168/355
f 130/141/130 141/169/141 142/170/142
f 143/128/143 148/171/148 124/163/124
f 128/151/128 135/156/135 140/172/140
f 137/164/137 149/173/149 138/143/138
f 129/140/129 140/172/140 141/169/141
f 133/145/133 144/144/144 134/161/134
f 144/144/144 145/174/145 139/162/139
f 140/172/140 146/165/146 150/175/150
f 145/174/145 155/176/155 146/165/146
f 131/177/131 152/178/152 147/87/147
f 137/164/137 157/16/157 149/173/149
f 152/178/152 156/179/156 5/7/5
f 123/180/123 136/160/136 152/178/152
f 150/175/150 155/176/155 1/4/1
f 148/171/148 7/17/7 137/164/137
f 148/171/148 143/128/143 2/181/2
f 157/16/157 3/13/3 153/182/153
f 156/179/156 158/11/158 4/20/4
f 174/183/174 163/184/163 164/185/164
f 648/186/648 640/187/640 642/188/642
f 57/68/57 66/93/66 67/90/67
f 89/94/89 103/109/103 80/95/80
f 168/166/168 166/189/166 164/168/164
f 163/184/163 172/190/172 162/167/162
f 328/191/328 338/192/338 340/193/340
f 170/194/170 177/1/177 169/195/169
f 169/195/169 176/3/176 168/196/168
f 151/197/151 1/4/1 158/11/158
f 577/198/577 584/199/584 583/200/583
f 549/201/549 557/202/557 555/203/555
f 301/204/301 310/205/310 309/206/309
f 182/207/182 192/208/192 181/2/181
f 154/12/154 1/4/1 155/176/155
f 184/209/184 165/210/165 185/211/185
f 356/212/356 348/213/348 314/214/314
f 189/215/189 194/216/194 183/217/183
f 190/218/190 179/219/179 180/220/180
f 194/221/194 207/222/207 188/223/188
f 195/224/195 190/218/190 184/209/184
f 209/225/209 212/226/212 202/227/202
f 196/228/196 200/229/200 194/216/194
f 197/230/197 189/215/189 190/218/190
f 205/231/205 185/211/185 191/232/191
f 203/233/203 197/230/197 195/224/195
f 206/234/206 191/232/191 192/208/192
f 198/81/198 206/234/206 192/208/192
f 202/227/202 196/228/196 197/230/197
f 210/235/210 213/236/213 206/234/206
f 223/237/223 233/238/233 221/239/221
f 235/240/235 242/241/242 233/238/233
f 212/226/212 201/242/201 202/227/202
f 465/243/465 462/244/462 455/245/455
f 209/225/209 217/246/217 212/226/212
f 692/247/692 688/248/688 686/249/686
f 211/250/211 208/251/208 201/242/201
f 212/226/212 216/252/216 211/250/211
f 207/222/207 208/253/208 222/254/222
f 221/239/221 213/236/213 210/235/210
f 226/255/226 220/256/220 213/236/213
f 211/250/211 215/257/215 208/251/208
f 214/258/214 199/259/199 207/222/207
f 307/260/307 299/261/299 160/214/160
f 260/262/260 256/263/256 247/264/247
f 248/265/248 240/266/240 241/267/241
f 217/246/217 224/268/224 216/252/216
f 259/269/259 254/270/254 255/271/255
f 233/238/233 226/255/226 221/239/221
f 238/272/238 244/273/244 237/274/237
f 187/80/187 193/82/193 182/207/182
f 230/275/230 225/276/225 218/277/218
f 228/278/228 236/279/236 227/280/227
f 222/254/222 215/281/215 234/282/234
f 229/283/229 237/274/237 228/278/228
f 239/284/239 229/283/229 230/275/230
f 275/285/275 273/286/273 261/287/261
f 287/288/287 279/289/279 278/290/278
f 258/291/258 248/265/248 249/292/249
f 231/293/231 246/294/246 239/284/239
f 504/167/504 359/189/359 509/166/509
f 270/295/270 262/296/262 263/297/263
f 260/262/260 264/298/264 256/263/256
f 239/284/239 245/299/245 238/272/238
f 249/292/249 241/267/241 242/241/242
f 225/276/225 228/278/228 224/268/224
f 248/265/248 251/300/251 240/266/240
f 245/299/245 254/270/254 244/273/244
f 253/301/253 235/240/235 243/302/243
f 232/303/232 240/266/240 231/293/231
f 520/304/520 530/305/530 529/306/529
f 266/307/266 271/308/271 264/298/264
f 263/297/263 250/309/250 254/270/254
f 274/310/274 270/295/270 265/311/265
f 264/298/264 265/311/265 259/269/259
f 253/301/253 261/287/261 252/312/252
f 256/263/256 245/299/245 246/294/246
f 626/313/626 639/314/639 638/315/638
f 277/316/277 283/317/283 276/318/276
f 258/291/258 272/319/272 257/320/257
f 396/321/396 406/322/406 395/323/395
f 277/316/277 269/324/269 270/295/270
f 265/311/265 263/297/263 259/269/259
f 273/286/273 278/290/278 272/319/272
f 430/325/430 420/326/420 418/327/418
f 278/290/278 279/289/279 267/328/267
f 199/259/199 187/80/187 188/223/188
f 293/329/293 305/330/305 304/331/304
f 629/332/629 630/333/630 635/334/635
f 241/267/241 232/303/232 226/255/226
f 546/335/546 537/336/537 531/337/531
f 408/338/408 404/339/404 397/340/397
f 289/341/289 295/342/295 285/343/285
f 294/344/294 283/317/283 284/345/284
f 803/346/803 565/347/565 799/348/799
f 347/349/347 346/350/346 339/351/339
f 296/352/296 300/353/300 286/354/286
f 289/341/289 298/355/298 295/342/295
f 302/356/302 296/352/296 288/357/288
f 303/358/303 288/357/288 291/359/291
f 295/342/295 297/360/297 294/344/294
f 773/361/773 760/362/760 774/363/774
f 293/364/293 304/365/304 161/366/161
f 612/367/612 607/368/607 617/369/617
f 325/370/325 332/371/332 331/372/331
f 607/368/607 602/373/602 613/374/613
f 62/92/62 72/91/72 84/100/84
f 17/15/17 23/31/23 24/39/24
f 207/222/207 200/375/200 208/253/208
f 539/376/539 547/377/547 533/378/533
f 357/379/357 316/380/316 354/381/354
f 348/213/348 355/382/355 352/383/352
f 234/282/234 235/240/235 223/237/223
f 725/384/725 730/385/730 724/386/724
f 349/387/349 358/388/358 357/379/357
f 341/389/341 338/192/338 330/390/330
f 339/351/339 343/391/343 332/371/332
f 432/392/432 447/393/447 444/394/444
f 338/192/338 344/395/344 340/193/340
f 342/396/342 343/391/343 349/387/349
f 320/397/320 330/390/330 329/398/329
f 485/399/485 479/400/479 475/401/475
f 472/402/472 478/403/478 481/404/481
f 346/350/346 317/366/317 358/388/358
f 348/213/348 352/383/352 344/395/344
f 257/320/257 251/300/251 248/265/248
f 153/182/153 154/12/154 145/174/145
f 580/405/580 573/406/573 581/407/581
f 387/408/387 391/409/391 381/410/381
f 363/185/363 371/411/371 362/184/362
f 132/412/132 147/87/147 6/88/6
f 366/413/366 364/83/364 362/84/362
f 374/414/374 366/415/366 367/196/367
f 373/416/373 363/185/363 364/417/364
f 369/194/369 375/418/375 368/195/368
f 783/419/783 780/420/780 789/421/789
f 375/418/375 367/196/367 368/195/368
f 179/219/179 183/217/183 172/190/172
f 404/339/404 396/321/396 390/422/390
f 483/423/483 479/400/479 484/424/484
f 500/425/500 506/426/506 499/427/499
f 271/308/271 289/341/289 285/343/285
f 750/428/750 743/429/743 739/430/739
f 415/431/415 410/432/410 411/433/411
f 385/434/385 390/422/390 380/435/380
f 389/436/389 384/437/384 379/438/379
f 378/439/378 387/408/387 377/440/377
f 392/441/392 388/442/388 382/443/382
f 396/321/396 384/437/384 389/436/389
f 390/422/390 379/438/379 380/435/380
f 455/245/455 445/444/445 439/445/439
f 393/228/393 399/446/399 391/409/391
f 394/230/394 400/447/400 393/228/393
f 403/448/403 405/449/405 402/233/402
f 403/448/403 392/441/392 383/450/383
f 402/233/402 394/230/394 392/441/392
f 412/451/412 407/452/407 404/339/404
f 185/211/185 186/453/186 191/232/191
f 401/454/401 410/432/410 400/447/400
f 414/455/414 413/456/413 410/432/410
f 214/258/214 210/235/210 199/259/199
f 298/355/298 305/330/305 297/360/297
f 409/457/409 397/340/397 398/458/398
f 466/459/466 473/460/473 482/461/482
f 416/462/416 411/433/411 405/449/405
f 412/451/412 418/327/418 407/452/407
f 397/340/397 404/339/404 390/422/390
f 423/463/423 414/455/414 415/431/415
f 328/191/328 334/464/334 318/167/318
f 414/455/414 421/465/421 413/456/413
f 700/466/700 692/247/692 701/467/701
f 428/468/428 422/469/422 423/463/423
f 419/470/419 424/471/424 412/451/412
f 422/469/422 426/472/426 421/465/421
f 431/473/431 439/445/439 424/471/424
f 267/328/267 279/289/279 266/307/266
f 449/474/449 439/445/439 440/475/440
f 429/476/429 423/463/423 416/462/416
f 424/471/424 430/325/430 418/327/418
f 463/477/463 455/245/455 449/474/449
f 427/478/427 435/479/435 426/472/426
f 696/480/696 697/481/697 702/482/702
f 454/483/454 448/484/448 445/444/445
f 442/485/442 435/479/435 436/486/436
f 437/487/437 427/478/427 428/468/428
f 434/488/434 440/475/440 431/473/431
f 462/244/462 471/489/471 457/490/457
f 445/444/445 448/484/448 433/491/433
f 441/492/441 434/488/434 435/493/435
f 453/494/453 443/495/443 444/394/444
f 439/445/439 445/444/445 430/325/430
f 457/490/457 447/393/447 448/484/448
f 443/495/443 436/486/436 437/487/437
f 433/491/433 447/393/447 432/392/432
f 467/496/467 458/497/458 459/498/459
f 443/495/443 451/499/451 442/485/442
f 442/485/442 450/500/450 441/501/441
f 466/502/466 464/503/464 458/504/458
f 458/504/458 446/505/446 450/506/450
f 453/494/453 460/507/460 452/508/452
f 452/508/452 459/498/459 451/499/451
f 461/509/461 468/510/468 460/507/460
f 459/498/459 450/500/450 451/499/451
f 268/511/268 261/287/261 253/301/253
f 460/507/460 467/496/467 459/498/459
f 472/402/472 465/243/465 463/477/463
f 698/512/698 705/513/705 691/514/691
f 626/313/626 608/515/608 614/516/614
f 473/460/473 466/459/466 467/496/467
f 469/517/469 474/518/474 468/510/468
f 468/510/468 473/460/473 467/496/467
f 477/519/477 476/520/476 465/243/465
f 174/183/174 184/209/184 180/220/180
f 252/312/252 258/291/258 249/292/249
f 652/521/652 643/522/643 653/523/653
f 597/524/597 600/525/600 586/526/586
f 516/527/516 525/528/525 515/529/515
f 801/530/801 804/531/804 791/532/791
f 491/533/491 482/461/482 483/423/483
f 496/534/496 488/535/488 481/404/481
f 492/536/492 483/423/483 484/424/484
f 485/399/485 492/536/492 484/424/484
f 672/537/672 665/538/665 661/539/661
f 493/540/493 499/427/499 492/536/492
f 495/541/495 502/33/502 494/542/494
f 499/427/499 491/533/491 492/536/492
f 498/543/498 490/544/490 491/533/491
f 708/545/708 710/546/710 701/467/701
f 488/535/488 494/542/494 487/547/487
f 292/548/292 283/549/283 293/364/293
f 330/390/330 321/550/321 322/551/322
f 680/552/680 672/537/672 674/553/674
f 690/554/690 695/555/695 699/556/699
f 645/557/645 632/558/632 633/559/633
f 283/549/283 292/548/292 282/560/282
f 285/343/285 277/316/277 274/310/274
f 498/543/498 506/426/506 505/561/505
f 627/562/627 610/563/610 618/564/618
f 142/170/142 151/197/151 156/179/156
f 562/166/562 513/565/513 557/167/557
f 549/201/549 559/566/559 558/567/558
f 704/568/704 693/569/693 694/570/694
f 529/306/529 534/571/534 528/572/528
f 555/573/555 564/574/564 556/575/556
f 592/576/592 599/577/599 591/578/591
f 532/579/532 524/580/524 525/528/525
f 563/581/563 554/582/554 513/583/513
f 526/584/526 532/579/532 525/528/525
f 490/544/490 505/561/505 504/585/504
f 536/586/536 529/306/529 530/305/530
f 538/587/538 546/335/546 531/337/531
f 538/587/538 531/337/531 524/588/524
f 550/589/550 542/590/542 547/377/547
f 534/571/534 539/376/539 527/591/527
f 542/590/542 532/579/532 526/584/526
f 545/592/545 536/586/536 537/336/537
f 544/593/544 534/571/534 535/594/535
f 550/589/550 541/595/541 542/590/542
f 543/596/543 539/376/539 534/571/534
f 540/597/540 556/575/556 546/335/546
f 552/598/552 539/376/539 543/596/543
f 545/592/545 553/599/553 544/593/544
f 553/599/553 543/596/543 544/593/544
f 351/600/351 313/347/313 312/85/312
f 532/579/532 540/601/540 538/602/538
f 554/582/554 562/603/562 553/599/553
f 575/196/575 587/604/587 582/605/582
f 257/320/257 267/328/267 251/300/251
f 549/201/549 555/203/555 540/601/540
f 520/304/520 528/572/528 519/606/519
f 488/535/488 476/520/476 477/519/477
f 601/607/601 605/608/605 597/524/597
f 551/609/551 561/610/561 560/611/560
f 812/85/812 565/84/565 808/83/808
f 577/565/577 575/166/575 571/168/571
f 173/612/173 180/220/180 179/219/179
f 590/613/590 581/407/581 582/605/582
f 811/614/811 802/615/802 812/616/812
f 449/474/449 455/245/455 439/445/439
f 621/617/621 630/333/630 629/332/629
f 592/576/592 591/578/591 579/618/579
f 762/619/762 754/620/754 763/621/763
f 742/622/742 746/623/746 737/624/737
f 581/407/581 589/625/589 580/405/580
f 806/626/806 809/627/809 800/628/800
f 665/538/665 655/629/655 661/539/661
f 732/630/732 725/384/725 726/631/726
f 802/615/802 794/632/794 789/421/789
f 662/633/662 668/634/668 675/635/675
f 311/565/311 161/85/161 307/83/307
f 727/636/727 726/631/726 718/637/718
f 664/638/664 654/639/654 657/640/657
f 638/315/638 651/641/651 637/642/637
f 598/643/598 601/607/601 593/644/593
f 481/404/481 488/535/488 477/519/477
f 720/645/720 735/646/735 722/647/722
f 444/394/444 437/487/437 438/648/438
f 664/638/664 655/629/655 665/538/665
f 599/649/599 609/650/609 596/651/596
f 593/644/593 589/625/589 581/407/581
f 627/562/627 614/516/614 615/652/615
f 88/106/88 92/103/92 84/100/84
f 725/384/725 716/653/716 717/654/717
f 653/523/653 656/655/656 659/656/659
f 126/148/126 133/145/133 120/657/120
f 753/658/753 736/659/736 744/660/744
f 220/256/220 232/303/232 231/293/231
f 776/661/776 763/621/763 777/662/777
f 754/620/754 752/663/752 753/658/753
f 523/664/523 524/588/524 531/337/531
f 780/420/780 777/662/777 768/665/768
f 744/666/744 729/667/729 745/668/745
f 612/367/612 621/617/621 616/669/616
f 765/670/765 756/671/756 766/672/766
f 718/637/718 725/384/725 717/654/717
f 754/620/754 758/673/758 763/621/763
f 224/268/224 227/280/227 215/257/215
f 632/558/632 619/674/619 633/559/633
f 530/305/530 521/675/521 522/194/522
f 638/315/638 625/676/625 626/313/626
f 638/315/638 639/314/639 643/522/643
f 584/199/584 595/677/595 583/200/583
f 628/678/628 626/313/626 627/562/627
f 618/679/618 604/680/604 619/674/619
f 297/360/297 293/329/293 294/344/294
f 616/669/616 620/681/620 611/682/611
f 752/663/752 733/683/733 740/684/740
f 623/685/623 612/367/612 617/369/617
f 738/686/738 747/687/747 742/622/742
f 753/658/753 740/684/740 741/688/741
f 503/689/503 509/690/509 502/33/502
f 271/308/271 274/310/274 265/311/265
f 767/691/767 756/671/756 757/692/757
f 326/693/326 332/371/332 325/370/325
f 710/546/710 716/653/716 707/694/707
f 429/476/429 417/695/417 432/392/432
f 777/662/777 782/696/782 776/661/776
f 779/697/779 787/698/787 781/699/781
f 658/700/658 653/523/653 659/656/659
f 659/656/659 666/701/666 658/700/658
f 781/699/781 778/702/778 772/703/772
f 693/569/693 687/704/687 694/570/694
f 729/667/729 728/705/728 720/706/720
f 660/707/660 663/708/663 670/709/670
f 596/651/596 603/710/603 595/677/595
f 713/711/713 722/647/722 721/712/721
f 714/713/714 720/706/720 712/714/712
f 655/629/655 657/640/657 648/186/648
f 712/715/712 722/647/722 711/716/711
f 672/537/672 679/717/679 671/718/671
f 682/719/682 681/720/681 675/635/675
f 679/717/679 680/552/680 686/249/686
f 688/248/688 690/554/690 673/721/673
f 409/457/409 419/470/419 408/338/408
f 302/356/302 311/722/311 310/205/310
f 689/723/689 686/249/686 680/552/680
f 243/302/243 234/282/234 236/724/236
f 706/725/706 703/726/703 693/569/693
f 684/727/684 685/728/685 693/569/693
f 695/555/695 690/554/690 688/248/688
f 702/482/702 692/247/692 696/480/696
f 651/641/651 658/700/658 666/701/666
f 692/247/692 689/723/689 696/480/696
f 405/449/405 411/433/411 401/454/401
f 688/248/688 692/247/692 695/555/695
f 386/729/386 397/340/397 385/434/385
f 691/730/691 687/704/687 681/731/681
f 686/249/686 688/248/688 678/732/678
f 676/733/676 684/727/684 669/734/669
f 681/731/681 687/704/687 677/735/677
f 673/721/673 670/709/670 678/732/678
f 703/726/703 706/725/706 713/711/713
f 718/637/718 710/546/710 708/545/708
f 679/717/679 670/709/670 671/718/671
f 797/736/797 793/737/793 788/738/788
f 667/739/667 676/733/676 666/701/666
f 342/396/342 336/740/336 331/372/331
f 792/741/792 780/742/780 790/743/790
f 601/607/601 597/524/597 593/644/593
f 664/638/664 672/537/672 671/718/671
f 584/199/584 591/744/591 596/651/596
f 721/712/721 719/745/719 713/711/713
f 552/598/552 562/603/562 561/610/561
f 601/607/601 607/368/607 606/746/606
f 600/525/600 605/608/605 611/682/611
f 782/696/782 783/419/783 789/421/789
f 721/712/721 735/646/735 734/747/734
f 779/697/779 781/699/781 772/703/772
f 734/747/734 741/688/741 740/684/740
f 285/343/285 294/344/294 284/345/284
f 615/652/615 599/649/599 610/563/610
f 301/204/301 308/748/308 300/353/300
f 779/697/779 772/703/772 773/361/773
f 438/648/438 428/468/428 429/476/429
f 252/312/252 249/292/249 235/240/235
f 762/619/762 751/749/751 752/663/752
f 242/241/242 226/255/226 233/238/233
f 624/750/624 617/369/617 613/374/613
f 771/751/771 764/752/764 765/670/765
f 648/186/648 641/753/641 649/754/649
f 772/703/772 765/670/765 766/672/766
f 769/755/769 758/756/758 759/757/759
f 649/754/649 636/758/636 650/759/650
f 521/760/521 517/83/517 515/84/515
f 503/689/503 511/761/511 510/762/510
f 176/3/176 167/142/167 168/196/168
f 768/665/768 763/621/763 758/673/758
f 628/678/628 632/763/632 639/314/639
f 266/307/266 251/300/251 267/328/267
f 149/173/149 153/182/153 144/144/144
f 667/739/667 675/764/675 677/735/677
f 147/87/147 5/7/5 159/9/159
f 494/542/494 501/35/501 486/765/486
f 141/169/141 150/175/150 151/197/151
f 630/333/630 623/685/623 631/766/631
f 746/623/746 755/767/755 764/752/764
f 41/59/41 50/71/50 37/55/37
f 760/362/760 767/691/767 757/692/757
f 519/606/519 527/591/527 518/768/518
f 59/74/59 71/86/71 60/72/60
f 647/769/647 634/770/634 640/187/640
f 584/199/584 569/771/569 579/772/579
f 762/619/762 775/773/775 761/774/761
f 644/775/644 643/522/643 632/763/632
f 605/608/605 606/746/606 612/367/612
f 496/534/496 481/404/481 489/776/489
f 603/710/603 608/515/608 594/777/594
f 758/756/758 745/668/745 759/757/759
f 741/688/741 728/778/728 736/659/736
f 659/656/659 662/779/662 667/739/667
f 723/780/723 730/385/730 737/624/737
f 787/698/787 778/702/778 781/699/781
f 788/738/788 779/697/779 785/781/785
f 598/643/598 590/613/590 587/604/587
f 648/186/648 654/639/654 647/769/647
f 599/649/599 596/651/596 591/744/591
f 791/532/791 782/696/782 794/632/794
f 475/401/475 479/400/479 474/518/474
f 664/638/664 670/709/670 663/708/663
f 793/737/793 796/782/796 786/783/786
f 372/784/372 377/440/377 371/411/371
f 615/652/615 603/710/603 609/650/609
f 536/586/536 544/593/544 535/594/535
f 299/261/299 306/785/306 298/355/298
f 192/208/192 186/453/186 181/2/181
f 43/62/43 57/68/57 61/89/61
f 772/703/772 767/691/767 773/361/773
f 383/450/383 384/437/384 395/323/395
f 810/786/810 806/626/806 567/380/567
f 333/787/333 326/693/326 327/788/327
f 388/442/388 393/228/393 387/408/387
f 721/712/721 733/683/733 719/745/719
f 802/615/802 807/789/807 812/616/812
f 20/32/20 25/51/25 13/19/13
f 805/790/805 809/627/809 808/791/808
f 642/188/642 640/187/640 635/334/635
f 514/792/514 525/528/525 524/580/524
f 749/793/749 738/686/738 743/429/743
f 635/334/635 640/187/640 629/332/629
f 374/414/374 380/435/380 379/438/379
f 78/97/78 82/794/82 86/104/86
f 792/795/792 802/615/802 789/421/789
f 795/796/795 796/782/796 805/790/805
f 573/406/573 582/605/582 581/407/581
f 10/6/10 17/15/17 18/38/18
f 158/11/158 11/10/11 4/20/4
f 177/1/177 182/207/182 181/2/181
f 1/4/1 154/12/154 9/5/9
f 1/4/1 10/6/10 11/10/11
f 3/13/3 157/16/157 8/18/8
f 9/5/9 3/13/3 12/14/12
f 64/22/64 98/797/98 74/23/74
f 7/17/7 2/181/2 22/27/22
f 5/7/5 31/24/31 14/8/14
f 4/20/4 13/19/13 5/7/5
f 11/10/11 20/32/20 13/19/13
f 8/18/8 7/17/7 15/25/15
f 22/27/22 2/181/2 21/798/21
f 10/6/10 19/36/19 20/32/20
f 10/6/10 18/38/18 19/36/19
f 502/33/502 509/690/509 508/34/508
f 13/19/13 25/51/25 31/24/31
f 19/36/19 28/42/28 29/37/29
f 18/38/18 17/15/17 24/39/24
f 20/32/20 30/49/30 25/51/25
f 20/32/20 29/37/29 30/49/30
f 18/38/18 27/40/27 28/42/28
f 15/25/15 22/27/22 46/43/46
f 31/24/31 54/53/54 55/46/55
f 22/27/22 21/798/21 64/22/64
f 24/39/24 23/31/23 33/45/33
f 23/31/23 16/26/16 32/44/32
f 25/51/25 35/50/35 31/24/31
f 26/41/26 15/25/15 47/47/47
f 32/44/32 26/41/26 36/48/36
f 14/8/14 55/46/55 45/124/45
f 27/40/27 34/52/34 38/54/38
f 34/52/34 42/56/42 38/54/38
f 29/37/29 39/58/39 40/57/40
f 28/42/28 38/54/38 39/58/39
f 27/40/27 24/39/24 34/52/34
f 71/86/71 79/29/79 75/28/75
f 39/58/39 38/54/38 43/62/43
f 36/48/36 48/64/48 41/59/41
f 33/45/33 32/44/32 41/59/41
f 54/53/54 44/66/44 53/60/53
f 34/52/34 33/45/33 37/55/37
f 40/57/40 39/58/39 43/62/43
f 35/50/35 44/66/44 54/53/54
f 43/62/43 42/56/42 56/67/56
f 44/66/44 40/57/40 52/63/52
f 50/71/50 59/74/59 60/72/60
f 41/59/41 49/65/49 50/71/50
f 46/43/46 65/21/65 69/78/69
f 51/73/51 60/72/60 56/67/56
f 55/46/55 54/53/54 63/61/63
f 47/47/47 69/78/69 58/69/58
f 48/64/48 58/69/58 49/65/49
f 53/60/53 52/63/52 62/92/62
f 72/91/72 67/90/67 75/28/75
f 49/65/49 70/70/70 59/74/59
f 63/61/63 53/60/53 62/92/62
f 187/80/187 199/259/199 198/81/198
f 21/798/21 98/799/98 64/22/64
f 327/85/327 326/565/326 323/413/323
f 326/565/326 325/760/325 323/413/323
f 325/760/325 324/166/324 323/413/323
f 323/413/323 322/189/322 321/83/321
f 321/83/321 320/168/320 319/84/319
f 319/84/319 318/167/318 327/85/327
f 323/413/323 321/83/321 327/85/327
f 62/92/62 61/89/61 72/91/72
f 60/72/60 71/86/71 66/93/66
f 63/61/63 62/92/62 84/100/84
f 71/86/71 78/97/78 79/29/79
f 52/63/52 43/62/43 61/89/61
f 67/90/67 66/93/66 75/28/75
f 73/79/73 63/61/63 89/94/89
f 65/21/65 74/23/74 81/76/81
f 73/79/73 80/95/80 68/99/68
f 69/78/69 81/76/81 77/75/77
f 84/100/84 72/91/72 76/96/76
f 77/75/77 82/794/82 78/97/78
f 70/70/70 77/75/77 71/86/71
f 79/29/79 78/97/78 86/104/86
f 37/55/37 51/73/51 42/56/42
f 79/29/79 87/105/87 83/30/83
f 413/456/413 399/446/399 410/432/410
f 399/446/399 400/447/400 410/432/410
f 103/109/103 131/125/131 132/110/132
f 86/104/86 82/794/82 85/77/85
f 82/794/82 77/75/77 85/77/85
f 99/118/99 74/23/74 98/797/98
f 76/96/76 75/28/75 83/30/83
f 713/711/713 706/725/706 711/716/711
f 76/96/76 88/106/88 84/100/84
f 81/76/81 74/23/74 99/118/99
f 461/509/461 453/494/453 456/800/456
f 453/494/453 447/393/447 456/800/456
f 87/105/87 95/116/95 91/111/91
f 262/801/262 269/802/269 268/511/268
f 268/511/268 253/301/253 262/801/262
f 88/106/88 96/101/96 92/103/92
f 87/105/87 86/104/86 94/108/94
f 85/77/85 81/76/81 104/117/104
f 91/111/91 101/119/101 96/101/96
f 114/149/114 126/148/126 120/657/120
f 89/94/89 110/112/110 103/109/103
f 95/116/95 94/108/94 106/120/106
f 93/107/93 85/77/85 90/113/90
f 92/103/92 102/102/102 110/112/110
f 95/116/95 107/121/107 101/119/101
f 94/108/94 93/107/93 105/123/105
f 96/101/96 109/135/109 102/102/102
f 45/124/45 55/46/55 73/79/73
f 96/101/96 108/122/108 109/135/109
f 105/123/105 90/113/90 111/115/111
f 102/102/102 113/126/113 110/112/110
f 101/119/101 112/130/112 108/122/108
f 99/118/99 98/797/98 143/128/143
f 116/155/116 127/154/127 121/157/121
f 107/121/107 117/137/117 112/130/112
f 110/112/110 123/127/123 131/125/131
f 111/115/111 100/114/100 114/133/114
f 109/135/109 119/134/119 113/126/113
f 115/138/115 111/115/111 120/152/120
f 100/114/100 104/117/104 125/132/125
f 108/122/108 118/131/118 119/134/119
f 113/126/113 122/146/122 123/127/123
f 107/121/107 106/120/106 116/136/116
f 106/120/106 105/123/105 115/138/115
f 119/139/119 118/150/118 129/140/129
f 120/657/120 133/145/133 134/161/134
f 122/159/122 119/139/119 130/141/130
f 118/150/118 117/158/117 128/151/128
f 112/130/112 117/137/117 118/131/118
f 115/153/115 120/657/120 127/154/127
f 120/657/120 134/161/134 127/154/127
f 104/117/104 99/118/99 124/129/124
f 128/151/128 121/157/121 135/156/135
f 123/180/123 122/159/122 136/160/136
f 84/100/84 92/103/92 89/94/89
f 136/160/136 130/141/130 142/170/142
f 124/163/124 148/171/148 137/164/137
f 126/148/126 138/143/138 133/145/133
f 570/184/570 585/803/585 579/618/579
f 579/618/579 569/804/569 570/184/570
f 441/492/441 450/506/450 446/505/446
f 125/147/125 137/164/137 138/143/138
f 355/168/355 356/83/356 314/189/314
f 314/189/314 315/413/315 316/166/316
f 316/166/316 357/760/357 312/167/312
f 357/760/357 358/565/358 312/167/312
f 358/565/358 317/85/317 312/167/312
f 312/167/312 313/84/313 355/168/355
f 355/168/355 314/189/314 316/166/316
f 130/141/130 129/140/129 141/169/141
f 140/172/140 135/156/135 146/165/146
f 134/161/134 144/144/144 139/162/139
f 127/154/127 139/162/139 135/156/135
f 129/140/129 128/151/128 140/172/140
f 142/170/142 141/169/141 151/197/151
f 152/178/152 136/160/136 142/170/142
f 138/143/138 149/173/149 144/144/144
f 80/95/80 103/109/103 97/98/97
f 21/798/21 143/128/143 98/805/98
f 152/178/152 142/170/142 156/179/156
f 149/173/149 157/16/157 153/182/153
f 150/175/150 146/165/146 155/176/155
f 131/177/131 123/180/123 152/178/152
f 139/162/139 145/174/145 146/165/146
f 156/179/156 151/197/151 158/11/158
f 145/174/145 154/12/154 155/176/155
f 137/164/137 7/17/7 157/16/157
f 144/144/144 153/182/153 145/174/145
f 623/685/623 624/750/624 631/766/631
f 624/750/624 636/758/636 631/766/631
f 148/171/148 2/181/2 7/17/7
f 143/128/143 21/798/21 2/181/2
f 153/182/153 3/13/3 154/12/154
f 174/183/174 173/612/173 163/184/163
f 648/186/648 647/769/647 640/187/640
f 57/68/57 56/67/56 66/93/66
f 61/89/61 57/68/57 67/90/67
f 164/168/164 163/84/163 170/565/170
f 163/84/163 162/167/162 170/565/170
f 162/167/162 171/85/171 170/565/170
f 170/565/170 169/760/169 168/166/168
f 168/166/168 167/413/167 166/189/166
f 166/189/166 165/83/165 164/168/164
f 170/565/170 168/166/168 164/168/164
f 526/584/526 533/378/533 542/590/542
f 533/378/533 547/377/547 542/590/542
f 163/184/163 173/612/173 172/190/172
f 5/7/5 156/179/156 4/20/4
f 329/398/329 338/192/338 328/191/328
f 170/194/170 178/806/178 177/1/177
f 169/195/169 177/1/177 176/3/176
f 151/197/151 150/175/150 1/4/1
f 577/198/577 578/807/578 584/199/584
f 179/219/179 189/215/189 183/217/183
f 748/808/748 755/767/755 747/687/747
f 549/201/549 558/567/558 557/202/557
f 301/204/301 302/356/302 310/205/310
f 182/207/182 193/82/193 192/208/192
f 703/726/703 684/727/684 693/569/693
f 205/231/205 220/256/220 219/809/219
f 219/809/219 204/810/204 205/231/205
f 185/211/185 195/224/195 184/209/184
f 165/210/165 166/551/166 185/211/185
f 345/811/345 314/214/314 348/213/348
f 183/812/183 194/221/194 188/223/188
f 190/218/190 189/215/189 179/219/179
f 184/209/184 190/218/190 180/220/180
f 194/221/194 200/375/200 207/222/207
f 193/82/193 198/81/198 192/208/192
f 201/242/201 208/251/208 200/229/200
f 189/215/189 196/228/196 194/216/194
f 198/81/198 210/235/210 206/234/206
f 195/224/195 197/230/197 190/218/190
f 196/228/196 201/242/201 200/229/200
f 497/813/497 480/814/480 486/765/486
f 480/814/480 470/815/470 471/489/471
f 470/815/470 456/800/456 457/490/457
f 457/490/457 471/489/471 470/815/470
f 480/814/480 471/489/471 486/765/486
f 226/255/226 232/303/232 220/256/220
f 197/230/197 196/228/196 189/215/189
f 205/231/205 204/810/204 185/211/185
f 203/233/203 202/227/202 197/230/197
f 206/234/206 205/231/205 191/232/191
f 202/227/202 201/242/201 196/228/196
f 371/411/371 377/440/377 381/410/381
f 381/410/381 361/816/361 371/411/371
f 206/234/206 213/236/213 205/231/205
f 212/226/212 211/250/211 201/242/201
f 788/738/788 793/737/793 787/698/787
f 209/225/209 218/277/218 217/246/217
f 212/226/212 217/246/217 216/252/216
f 214/258/214 221/239/221 210/235/210
f 208/253/208 215/281/215 222/254/222
f 213/236/213 220/256/220 205/231/205
f 211/250/211 216/252/216 215/257/215
f 207/222/207 222/254/222 214/258/214
f 214/258/214 223/237/223 221/239/221
f 289/341/289 290/817/290 299/261/299
f 290/817/290 160/214/160 299/261/299
f 218/277/218 225/276/225 217/246/217
f 216/252/216 224/268/224 215/257/215
f 217/246/217 225/276/225 224/268/224
f 547/377/547 512/818/512 550/589/550
f 550/589/550 512/818/512 559/566/559
f 231/293/231 239/284/239 230/275/230
f 221/239/221 226/255/226 213/236/213
f 238/272/238 245/299/245 244/273/244
f 244/273/244 254/270/254 250/309/250
f 230/275/230 229/283/229 225/276/225
f 228/278/228 237/274/237 236/279/236
f 215/281/215 227/819/227 234/282/234
f 229/283/229 238/272/238 237/274/237
f 239/284/239 238/272/238 229/283/229
f 234/282/234 243/302/243 235/240/235
f 287/288/287 286/354/286 279/289/279
f 237/274/237 244/273/244 236/279/236
f 258/291/258 257/320/257 248/265/248
f 231/293/231 247/264/247 246/294/246
f 509/166/509 510/760/510 504/167/504
f 510/760/510 511/565/511 504/167/504
f 511/565/511 360/85/360 504/167/504
f 504/167/504 505/84/505 359/189/359
f 505/84/505 506/168/506 359/189/359
f 506/168/506 507/83/507 359/189/359
f 359/189/359 508/413/508 509/166/509
f 270/295/270 269/324/269 262/296/262
f 239/284/239 246/294/246 245/299/245
f 249/292/249 248/265/248 241/267/241
f 225/276/225 229/283/229 228/278/228
f 235/240/235 249/292/249 242/241/242
f 245/299/245 255/271/255 254/270/254
f 244/273/244 250/309/250 236/279/236
f 256/263/256 264/298/264 259/269/259
f 253/301/253 252/312/252 235/240/235
f 520/304/520 521/675/521 530/305/530
f 463/477/463 465/243/465 455/245/455
f 263/297/263 262/296/262 250/309/250
f 247/264/247 256/263/256 246/294/246
f 260/262/260 266/307/266 264/298/264
f 252/312/252 261/287/261 258/291/258
f 256/263/256 255/271/255 245/299/245
f 264/298/264 271/308/271 265/311/265
f 377/440/377 387/408/387 381/410/381
f 626/313/626 628/678/628 639/314/639
f 277/316/277 284/345/284 283/317/283
f 268/511/268 275/285/275 261/287/261
f 265/311/265 270/295/270 263/297/263
f 258/291/258 273/286/273 272/319/272
f 396/321/396 407/452/407 406/322/406
f 277/316/277 276/318/276 269/324/269
f 556/575/556 564/574/564 513/583/513
f 513/583/513 548/820/548 556/575/556
f 272/319/272 278/290/278 267/328/267
f 274/310/274 277/316/277 270/295/270
f 682/719/682 698/512/698 691/514/691
f 188/223/188 207/222/207 199/259/199
f 275/285/275 280/821/280 273/286/273
f 273/286/273 280/821/280 278/290/278
f 293/329/293 297/360/297 305/330/305
f 417/695/417 403/448/403 406/322/406
f 403/448/403 395/323/395 406/322/406
f 406/322/406 420/326/420 417/695/417
f 199/259/199 210/235/210 198/81/198
f 260/262/260 247/264/247 251/300/251
f 241/267/241 240/266/240 232/303/232
f 548/820/548 537/336/537 546/335/546
f 290/817/290 281/822/281 286/354/286
f 281/822/281 279/289/279 286/354/286
f 287/288/287 296/352/296 286/354/286
f 294/344/294 293/329/293 283/317/283
f 807/823/807 799/348/799 565/347/565
f 337/824/337 347/349/347 339/351/339
f 296/352/296 301/204/301 300/353/300
f 289/341/289 299/261/299 298/355/298
f 227/819/227 236/724/236 234/282/234
f 302/356/302 301/204/301 296/352/296
f 303/358/303 302/356/302 288/357/288
f 295/342/295 298/355/298 297/360/297
f 773/361/773 767/691/767 760/362/760
f 268/511/268 282/560/282 275/285/275
f 282/560/282 292/548/292 291/359/291
f 275/285/275 282/560/282 291/359/291
f 275/285/275 291/359/291 288/357/288
f 280/821/280 275/285/275 288/357/288
f 746/623/746 747/687/747 755/767/755
f 161/366/161 292/548/292 293/364/293
f 474/518/474 479/400/479 473/460/473
f 430/325/430 433/491/433 420/326/420
f 331/372/331 324/196/324 325/370/325
f 6/88/6 159/9/159 45/124/45
f 159/9/159 14/8/14 45/124/45
f 17/15/17 12/14/12 23/31/23
f 416/462/416 423/463/423 415/431/415
f 607/368/607 613/374/613 617/369/617
f 527/591/527 539/376/539 533/378/533
f 354/381/354 349/387/349 357/379/357
f 348/213/348 356/212/356 355/382/355
f 421/825/421 426/826/426 425/827/425
f 425/827/425 426/826/426 434/488/434
f 257/320/257 272/319/272 267/328/267
f 223/237/223 235/240/235 233/238/233
f 328/191/328 340/193/340 334/464/334
f 660/707/660 646/828/646 654/639/654
f 725/384/725 731/829/731 730/385/730
f 333/787/333 339/351/339 332/371/332
f 344/395/344 352/383/352 351/600/351
f 351/600/351 340/193/340 344/395/344
f 330/390/330 338/192/338 329/398/329
f 349/387/349 346/350/346 358/388/358
f 378/439/378 372/784/372 373/416/373
f 373/416/373 382/443/382 378/439/378
f 341/389/341 345/811/345 348/213/348
f 689/723/689 680/552/680 683/830/683
f 335/831/335 341/389/341 330/390/330
f 327/788/327 318/832/318 337/824/337
f 318/832/318 334/833/334 337/824/337
f 335/831/335 345/811/345 341/389/341
f 341/389/341 348/213/348 344/395/344
f 339/351/339 346/350/346 343/391/343
f 444/394/444 438/648/438 432/392/432
f 453/494/453 444/394/444 447/393/447
f 341/389/341 344/395/344 338/192/338
f 354/381/354 342/396/342 349/387/349
f 320/397/320 321/550/321 330/390/330
f 346/350/346 349/387/349 343/391/343
f 332/371/332 343/391/343 342/396/342
f 342/396/342 331/372/331 332/371/332
f 485/399/485 484/424/484 479/400/479
f 354/381/354 316/380/316 315/834/315
f 315/834/315 353/835/353 354/381/354
f 403/448/403 417/695/417 405/449/405
f 417/695/417 416/462/416 405/449/405
f 347/349/347 317/366/317 346/350/346
f 634/770/634 620/681/620 629/332/629
f 620/681/620 621/617/621 629/332/629
f 611/682/611 605/608/605 616/669/616
f 203/233/203 209/225/209 202/227/202
f 800/628/800 805/790/805 796/782/796
f 580/405/580 572/836/572 573/406/573
f 771/751/771 778/702/778 770/837/770
f 362/184/362 371/411/371 361/816/361
f 363/185/363 372/784/372 371/411/371
f 408/338/408 419/470/419 412/451/412
f 320/397/320 329/398/329 328/191/328
f 328/191/328 319/184/319 320/397/320
f 313/347/313 351/600/351 355/382/355
f 351/600/351 352/383/352 355/382/355
f 132/412/132 131/177/131 147/87/147
f 362/84/362 361/816/361 370/85/370
f 370/85/370 369/565/369 362/84/362
f 369/565/369 368/760/368 362/84/362
f 368/760/368 367/166/367 366/413/366
f 366/413/366 365/189/365 364/83/364
f 364/83/364 363/168/363 362/84/362
f 368/760/368 366/413/366 362/84/362
f 373/416/373 372/784/372 363/185/363
f 369/194/369 370/788/370 376/838/376
f 370/788/370 386/729/386 376/838/376
f 386/729/386 385/434/385 376/838/376
f 369/194/369 376/838/376 375/418/375
f 375/418/375 374/414/374 367/196/367
f 172/190/172 173/612/173 179/219/179
f 454/483/454 462/244/462 457/490/457
f 675/764/675 681/731/681 677/735/677
f 483/423/483 473/460/473 479/400/479
f 500/425/500 507/839/507 506/426/506
f 340/193/340 351/600/351 350/840/350
f 350/840/350 334/464/334 340/193/340
f 285/343/285 274/310/274 271/308/271
f 750/428/750 749/793/749 743/429/743
f 415/431/415 414/455/414 410/432/410
f 382/443/382 388/442/388 378/439/378
f 378/439/378 388/442/388 387/408/387
f 797/736/797 798/841/798 806/626/806
f 396/321/396 395/323/395 384/437/384
f 390/422/390 389/436/389 379/438/379
f 455/245/455 454/483/454 445/444/445
f 361/842/361 381/843/381 386/729/386
f 381/843/381 391/844/391 386/729/386
f 386/729/386 370/788/370 361/842/361
f 392/441/392 394/230/394 388/442/388
f 402/233/402 405/449/405 401/454/401
f 387/408/387 393/228/393 391/409/391
f 385/434/385 397/340/397 390/422/390
f 393/228/393 400/447/400 399/446/399
f 394/230/394 401/454/401 400/447/400
f 403/448/403 402/233/402 392/441/392
f 402/233/402 401/454/401 394/230/394
f 404/339/404 407/452/407 396/321/396
f 446/505/446 464/503/464 449/474/449
f 449/474/449 464/503/464 463/477/463
f 185/211/185 166/551/166 175/845/175
f 166/551/166 167/142/167 175/845/175
f 175/845/175 186/453/186 185/211/185
f 408/338/408 412/451/412 404/339/404
f 401/454/401 411/433/411 410/432/410
f 419/470/419 431/473/431 424/471/424
f 298/355/298 306/785/306 305/330/305
f 409/457/409 408/338/408 397/340/397
f 473/460/473 483/423/483 482/461/482
f 407/452/407 418/327/418 406/322/406
f 416/462/416 415/431/415 411/433/411
f 335/831/335 322/551/322 336/740/336
f 322/551/322 323/142/323 336/740/336
f 383/450/383 392/441/392 382/443/382
f 423/463/423 422/469/422 414/455/414
f 318/167/318 319/184/319 328/191/328
f 414/455/414 422/469/422 421/465/421
f 700/466/700 695/555/695 692/247/692
f 418/327/418 420/326/420 406/322/406
f 428/468/428 427/478/427 422/469/422
f 412/451/412 424/471/424 418/327/418
f 422/469/422 427/478/427 426/472/426
f 424/471/424 439/445/439 430/325/430
f 705/513/705 698/512/698 712/714/712
f 698/512/698 714/713/714 712/714/712
f 431/473/431 440/475/440 439/445/439
f 281/822/281 266/307/266 279/289/279
f 429/476/429 428/468/428 423/463/423
f 426/826/426 435/493/435 434/488/434
f 427/478/427 436/486/436 435/479/435
f 442/485/442 441/501/441 435/479/435
f 282/560/282 268/511/268 276/846/276
f 268/511/268 269/802/269 276/846/276
f 437/487/437 436/486/436 427/478/427
f 203/233/203 204/810/204 209/225/209
f 204/810/204 219/809/219 209/225/209
f 219/809/219 218/277/218 209/225/209
f 429/476/429 416/462/416 417/695/417
f 425/827/425 434/488/434 431/473/431
f 583/200/583 595/677/595 594/777/594
f 594/777/594 588/847/588 583/200/583
f 441/492/441 446/505/446 434/488/434
f 453/494/453 452/508/452 443/495/443
f 457/490/457 456/800/456 447/393/447
f 443/495/443 442/485/442 436/486/436
f 433/491/433 448/484/448 447/393/447
f 455/245/455 462/244/462 454/483/454
f 467/496/467 466/459/466 458/497/458
f 443/495/443 452/508/452 451/499/451
f 454/483/454 457/490/457 448/484/448
f 442/485/442 451/499/451 450/500/450
f 458/504/458 464/503/464 446/505/446
f 453/494/453 461/509/461 460/507/460
f 452/508/452 460/507/460 459/498/459
f 461/509/461 469/517/469 468/510/468
f 459/498/459 458/497/458 450/500/450
f 485/399/485 480/814/480 493/540/493
f 480/814/480 497/813/497 493/540/493
f 477/519/477 472/402/472 481/404/481
f 462/244/462 476/520/476 471/489/471
f 460/507/460 468/510/468 467/496/467
f 464/503/464 472/402/472 463/477/463
f 626/313/626 625/676/625 608/515/608
f 469/517/469 475/401/475 474/518/474
f 468/510/468 474/518/474 473/460/473
f 465/243/465 476/520/476 462/244/462
f 430/325/430 445/444/445 433/491/433
f 469/517/469 470/815/470 475/401/475
f 472/402/472 477/519/477 465/243/465
f 165/210/165 184/209/184 174/183/174
f 769/755/769 790/743/790 780/742/780
f 652/521/652 638/315/638 643/522/643
f 384/437/384 366/415/366 374/414/374
f 374/414/374 379/438/379 384/437/384
f 586/526/586 589/625/589 597/524/597
f 516/527/516 526/584/526 525/528/525
f 791/532/791 794/632/794 801/530/801
f 491/533/491 490/544/490 482/461/482
f 496/534/496 495/541/495 488/535/488
f 537/336/537 522/194/522 531/337/531
f 531/337/531 522/194/522 523/664/523
f 492/536/492 491/533/491 483/423/483
f 485/399/485 493/540/493 492/536/492
f 487/547/487 494/542/494 486/765/486
f 434/488/434 446/505/446 440/475/440
f 440/475/440 446/505/446 449/474/449
f 661/539/661 674/553/674 672/537/672
f 493/540/493 500/425/500 499/427/499
f 495/541/495 503/689/503 502/33/502
f 499/427/499 498/543/498 491/533/491
f 488/535/488 495/541/495 494/542/494
f 496/534/496 503/689/503 495/541/495
f 322/551/322 335/831/335 330/390/330
f 674/553/674 683/830/683 680/552/680
f 280/821/280 288/357/288 278/290/278
f 288/357/288 287/288/287 278/290/278
f 695/555/695 700/466/700 699/556/699
f 645/557/645 644/848/644 632/558/632
f 456/800/456 470/815/470 469/517/469
f 469/517/469 461/509/461 456/800/456
f 360/366/360 489/776/489 490/849/490
f 360/366/360 490/849/490 504/850/504
f 493/540/493 497/813/497 500/425/500
f 689/723/689 683/830/683 696/480/696
f 683/830/683 697/481/697 696/480/696
f 282/560/282 276/846/276 283/549/283
f 284/345/284 277/316/277 285/343/285
f 498/543/498 499/427/499 506/426/506
f 627/562/627 615/652/615 610/563/610
f 478/403/478 489/776/489 481/404/481
f 266/307/266 281/822/281 271/308/271
f 281/822/281 290/817/290 289/341/289
f 271/308/271 281/822/281 289/341/289
f 500/425/500 497/813/497 507/839/507
f 497/813/497 359/214/359 507/839/507
f 476/520/476 487/547/487 486/765/486
f 486/765/486 471/489/471 476/520/476
f 557/167/557 558/84/558 559/168/559
f 559/168/559 512/83/512 560/189/560
f 560/189/560 561/413/561 562/166/562
f 562/166/562 563/760/563 513/565/513
f 513/565/513 564/85/564 557/167/557
f 557/167/557 559/168/559 560/189/560
f 560/189/560 562/166/562 557/167/557
f 12/14/12 8/18/8 16/26/16
f 701/467/701 707/694/707 700/466/700
f 6/88/6 45/124/45 68/851/68
f 549/201/549 550/589/550 559/566/559
f 755/767/755 748/808/748 756/671/756
f 529/306/529 535/594/535 534/571/534
f 555/573/555 557/852/557 564/574/564
f 171/853/171 188/223/188 178/806/178
f 187/80/187 178/806/178 188/223/188
f 170/194/170 171/853/171 178/806/178
f 386/729/386 391/844/391 398/458/398
f 391/844/391 399/854/399 398/458/398
f 532/579/532 538/602/538 524/580/524
f 303/358/303 291/359/291 292/548/292
f 292/548/292 161/366/161 303/358/303
f 303/358/303 161/366/161 311/722/311
f 548/820/548 513/583/513 554/582/554
f 704/568/704 706/725/706 693/569/693
f 490/544/490 498/543/498 505/561/505
f 536/586/536 535/594/535 529/306/529
f 538/587/538 540/597/540 546/335/546
f 247/264/247 231/293/231 240/266/240
f 247/264/247 240/266/240 251/300/251
f 547/377/547 539/376/539 551/609/551
f 542/590/542 541/595/541 532/579/532
f 537/336/537 548/820/548 545/592/545
f 544/593/544 543/596/543 534/571/534
f 550/589/550 549/201/549 541/595/541
f 540/597/540 555/573/555 556/575/556
f 552/598/552 551/609/551 539/376/539
f 545/592/545 554/582/554 553/599/553
f 553/599/553 552/598/552 543/596/543
f 312/85/312 350/840/350 351/600/351
f 532/579/532 541/595/541 540/601/540
f 546/335/546 556/575/556 548/820/548
f 554/582/554 563/581/563 562/603/562
f 489/776/489 360/366/360 496/534/496
f 496/534/496 360/366/360 511/761/511
f 528/572/528 534/571/534 527/591/527
f 666/701/666 676/733/676 669/734/669
f 582/605/582 574/855/574 575/196/575
f 97/98/97 132/110/132 68/856/68
f 517/417/517 533/378/533 526/584/526
f 526/584/526 516/527/516 517/417/517
f 650/759/650 661/539/661 655/629/655
f 729/667/729 736/857/736 728/705/728
f 612/367/612 616/669/616 605/608/605
f 520/304/520 529/306/529 528/572/528
f 488/535/488 487/547/487 476/520/476
f 601/607/601 606/746/606 605/608/605
f 551/609/551 552/598/552 561/610/561
f 808/83/808 809/189/809 810/413/810
f 810/413/810 567/166/567 568/760/568
f 568/760/568 811/565/811 812/85/812
f 812/85/812 807/167/807 565/84/565
f 565/84/565 566/168/566 808/83/808
f 808/83/808 810/413/810 568/760/568
f 568/760/568 812/85/812 808/83/808
f 569/804/569 578/85/578 577/565/577
f 577/565/577 576/760/576 575/166/575
f 575/166/575 574/413/574 573/189/573
f 573/189/573 572/83/572 575/166/575
f 572/83/572 571/168/571 575/166/575
f 571/168/571 570/84/570 569/804/569
f 569/804/569 577/565/577 571/168/571
f 173/612/173 174/183/174 180/220/180
f 587/604/587 575/196/575 588/847/588
f 575/196/575 576/195/576 588/847/588
f 602/373/602 587/604/587 594/777/594
f 613/374/613 602/373/602 608/515/608
f 624/750/624 613/374/613 625/676/625
f 625/676/625 613/374/613 608/515/608
f 636/758/636 624/750/624 625/676/625
f 650/759/650 636/758/636 637/642/637
f 661/539/661 650/759/650 651/641/651
f 674/553/674 661/539/661 669/734/669
f 683/830/683 674/553/674 669/734/669
f 697/481/697 683/830/683 684/727/684
f 709/858/709 697/481/697 703/726/703
f 719/745/719 709/858/709 703/726/703
f 727/636/727 709/858/709 719/745/719
f 739/430/739 727/636/727 733/683/733
f 750/428/750 739/430/739 751/749/751
f 760/362/760 750/428/750 751/749/751
f 774/363/774 760/362/760 761/774/761
f 785/781/785 774/363/774 775/773/775
f 798/841/798 785/781/785 791/532/791
f 568/859/568 567/380/567 804/531/804
f 567/380/567 798/841/798 804/531/804
f 785/781/785 775/773/775 791/532/791
f 761/774/761 760/362/760 751/749/751
f 661/539/661 651/641/651 669/734/669
f 650/759/650 637/642/637 651/641/651
f 602/373/602 594/777/594 608/515/608
f 697/481/697 684/727/684 703/726/703
f 804/531/804 798/841/798 791/532/791
f 587/604/587 588/847/588 594/777/594
f 775/773/775 774/363/774 761/774/761
f 636/758/636 625/676/625 637/642/637
f 733/683/733 751/749/751 739/430/739
f 733/683/733 727/636/727 719/745/719
f 669/734/669 684/727/684 683/830/683
f 635/334/635 631/766/631 641/753/641
f 811/614/811 801/530/801 802/615/802
f 774/363/774 779/697/779 773/361/773
f 774/363/774 785/781/785 779/697/779
f 621/617/621 622/860/622 630/333/630
f 588/847/588 576/195/576 583/200/583
f 583/200/583 576/195/576 577/198/577
f 585/803/585 592/576/592 579/618/579
f 587/604/587 590/613/590 582/605/582
f 762/619/762 752/663/752 754/620/754
f 742/622/742 747/687/747 746/623/746
f 797/736/797 800/628/800 793/737/793
f 165/210/165 174/183/174 164/185/164
f 172/861/172 183/812/183 188/223/188
f 188/223/188 171/853/171 172/861/172
f 172/861/172 171/853/171 162/832/162
f 806/626/806 810/786/810 809/627/809
f 732/630/732 731/829/731 725/384/725
f 802/615/802 801/530/801 794/632/794
f 161/85/161 304/167/304 307/83/307
f 304/167/304 305/84/305 307/83/307
f 305/84/305 306/168/306 307/83/307
f 307/83/307 160/189/160 308/413/308
f 308/413/308 309/166/309 307/83/307
f 309/166/309 310/760/310 307/83/307
f 310/760/310 311/565/311 307/83/307
f 724/386/724 723/780/723 716/653/716
f 723/780/723 715/862/715 716/653/716
f 709/858/709 727/636/727 718/637/718
f 789/421/789 794/632/794 782/696/782
f 470/815/470 480/814/480 475/401/475
f 664/638/664 663/708/663 654/639/654
f 638/315/638 652/521/652 651/641/651
f 605/608/605 600/525/600 597/524/597
f 656/863/656 645/557/645 662/633/662
f 645/557/645 668/634/668 662/633/662
f 720/645/720 728/778/728 735/646/735
f 444/394/444 443/495/443 437/487/437
f 664/638/664 657/640/657 655/629/655
f 627/562/627 626/313/626 614/516/614
f 725/384/725 724/386/724 716/653/716
f 653/523/653 644/775/644 656/655/656
f 250/864/250 262/801/262 253/301/253
f 648/186/648 649/754/649 655/629/655
f 647/769/647 654/639/654 646/828/646
f 732/630/732 739/430/739 743/429/743
f 636/758/636 641/753/641 631/766/631
f 753/658/753 741/688/741 736/659/736
f 231/293/231 219/809/219 220/256/220
f 776/661/776 762/619/762 763/621/763
f 523/664/523 514/865/514 524/588/524
f 780/420/780 783/419/783 777/662/777
f 744/666/744 736/857/736 729/667/729
f 612/367/612 622/860/622 621/617/621
f 765/670/765 755/767/755 756/671/756
f 335/831/335 336/740/336 345/811/345
f 336/740/336 353/835/353 345/811/345
f 353/835/353 315/834/315 314/214/314
f 314/214/314 345/811/345 353/835/353
f 631/766/631 635/334/635 630/333/630
f 186/453/186 175/845/175 181/2/181
f 175/845/175 176/3/176 181/2/181
f 718/637/718 726/631/726 725/384/725
f 518/768/518 527/591/527 517/417/517
f 517/417/517 527/591/527 533/378/533
f 754/620/754 744/660/744 758/673/758
f 749/793/749 750/428/750 757/692/757
f 750/428/750 760/362/760 757/692/757
f 224/268/224 228/278/228 227/280/227
f 632/558/632 618/679/618 619/674/619
f 522/194/522 537/336/537 530/305/530
f 537/336/537 536/586/536 530/305/530
f 347/349/347 337/824/337 334/833/334
f 334/833/334 350/866/350 347/349/347
f 350/866/350 312/867/312 347/349/347
f 312/867/312 317/366/317 347/349/347
f 638/315/638 637/642/637 625/676/625
f 383/450/383 365/551/365 366/415/366
f 366/415/366 384/437/384 383/450/383
f 629/332/629 640/187/640 634/770/634
f 419/470/419 425/827/425 431/473/431
f 734/747/734 740/684/740 733/683/733
f 584/199/584 596/651/596 595/677/595
f 618/679/618 610/868/610 604/680/604
f 616/669/616 621/617/621 620/681/620
f 752/663/752 751/749/751 733/683/733
f 623/685/623 622/860/622 612/367/612
f 288/357/288 296/352/296 287/288/287
f 738/686/738 748/808/748 747/687/747
f 603/710/603 596/651/596 609/650/609
f 753/658/753 752/663/752 740/684/740
f 503/689/503 510/762/510 509/690/509
f 767/691/767 766/672/766 756/671/756
f 326/693/326 333/787/333 332/371/332
f 654/639/654 663/708/663 660/707/660
f 710/546/710 717/654/717 716/653/716
f 432/392/432 438/648/438 429/476/429
f 777/662/777 783/419/783 782/696/782
f 779/697/779 788/738/788 787/698/787
f 658/700/658 652/521/652 653/523/653
f 659/656/659 667/739/667 666/701/666
f 656/863/656 644/848/644 645/557/645
f 654/639/654 648/186/648 657/640/657
f 693/569/693 685/728/685 687/704/687
f 714/713/714 729/667/729 720/706/720
f 727/636/727 732/630/732 726/631/726
f 673/721/673 660/707/660 670/709/670
f 786/783/786 796/782/796 795/796/795
f 795/796/795 784/869/784 786/783/786
f 336/740/336 323/142/323 331/372/331
f 323/142/323 324/196/324 331/372/331
f 83/30/83 91/111/91 88/106/88
f 679/717/679 686/249/686 678/732/678
f 713/711/713 711/716/711 722/647/722
f 712/715/712 720/645/720 722/647/722
f 672/537/672 680/552/680 679/717/679
f 545/592/545 548/820/548 554/582/554
f 709/858/709 718/637/718 708/545/708
f 668/634/668 682/719/682 675/635/675
f 707/694/707 716/653/716 715/862/715
f 715/862/715 699/556/699 707/694/707
f 711/716/711 705/870/705 712/715/712
f 375/418/375 376/838/376 380/435/380
f 376/838/376 385/434/385 380/435/380
f 673/721/673 678/732/678 688/248/688
f 685/728/685 677/735/677 687/704/687
f 302/356/302 303/358/303 311/722/311
f 691/730/691 705/870/705 704/568/704
f 236/724/236 250/864/250 243/302/243
f 243/302/243 250/864/250 253/301/253
f 219/809/219 231/293/231 218/277/218
f 231/293/231 230/275/230 218/277/218
f 420/326/420 433/491/433 417/695/417
f 433/491/433 432/392/432 417/695/417
f 185/211/185 204/810/204 203/233/203
f 203/233/203 195/224/195 185/211/185
f 704/568/704 694/570/694 691/730/691
f 702/482/702 701/467/701 692/247/692
f 464/503/464 478/403/478 472/402/472
f 673/721/673 690/554/690 682/719/682
f 690/554/690 699/556/699 698/512/698
f 699/556/699 715/862/715 714/713/714
f 715/862/715 723/780/723 714/713/714
f 723/780/723 737/624/737 729/667/729
f 737/624/737 746/623/746 745/668/745
f 746/623/746 764/752/764 759/757/759
f 764/752/764 770/837/770 759/757/759
f 770/837/770 784/869/784 769/755/769
f 769/755/769 784/869/784 790/743/790
f 784/869/784 795/796/795 790/743/790
f 795/796/795 566/871/566 803/346/803
f 566/871/566 565/347/565 803/346/803
f 690/554/690 698/512/698 682/719/682
f 673/721/673 682/719/682 668/634/668
f 660/707/660 673/721/673 668/634/668
f 646/828/646 660/707/660 645/557/645
f 634/770/634 646/828/646 633/559/633
f 620/681/620 634/770/634 619/674/619
f 611/682/611 620/681/620 619/674/619
f 600/525/600 611/682/611 604/680/604
f 586/526/586 600/525/600 592/576/592
f 570/184/570 571/185/571 585/803/585
f 571/185/571 586/526/586 585/803/585
f 600/525/600 604/680/604 592/576/592
f 619/674/619 634/770/634 633/559/633
f 698/512/698 699/556/699 714/713/714
f 795/796/795 803/346/803 790/743/790
f 585/803/585 586/526/586 592/576/592
f 604/680/604 611/682/611 619/674/619
f 770/837/770 769/755/769 759/757/759
f 746/623/746 759/757/759 745/668/745
f 745/668/745 729/667/729 737/624/737
f 645/557/645 633/559/633 646/828/646
f 723/780/723 729/667/729 714/713/714
f 645/557/645 660/707/660 668/634/668
f 669/734/669 651/641/651 666/701/666
f 132/412/132 6/88/6 68/872/68
f 682/719/682 691/514/691 681/720/681
f 386/729/386 398/458/398 397/340/397
f 702/482/702 708/545/708 701/467/701
f 691/730/691 694/570/694 687/704/687
f 692/247/692 686/249/686 689/723/689
f 501/35/501 508/34/508 497/813/497
f 497/813/497 508/34/508 359/214/359
f 497/813/497 486/765/486 501/35/501
f 177/1/177 178/806/178 182/207/182
f 178/806/178 187/80/187 182/207/182
f 222/254/222 234/282/234 223/237/223
f 676/733/676 685/728/685 684/727/684
f 792/741/792 790/743/790 799/348/799
f 790/743/790 803/346/803 799/348/799
f 677/735/677 685/728/685 676/733/676
f 719/745/719 703/726/703 713/711/713
f 718/637/718 717/654/717 710/546/710
f 333/787/333 337/824/337 339/351/339
f 679/717/679 678/732/678 670/709/670
f 566/871/566 795/796/795 805/790/805
f 808/791/808 566/871/566 805/790/805
f 667/739/667 677/735/677 676/733/676
f 730/385/730 723/780/723 724/386/724
f 705/870/705 711/716/711 704/568/704
f 595/677/595 603/710/603 594/777/594
f 780/420/780 792/795/792 789/421/789
f 664/638/664 665/538/665 672/537/672
f 785/781/785 798/841/798 788/738/788
f 798/841/798 797/736/797 788/738/788
f 584/199/584 579/772/579 591/744/591
f 602/373/602 607/368/607 598/643/598
f 552/598/552 553/599/553 562/603/562
f 601/607/601 598/643/598 607/368/607
f 721/712/721 722/647/722 735/646/735
f 780/742/780 768/873/768 769/755/769
f 512/818/512 547/377/547 551/609/551
f 551/609/551 560/611/560 512/818/512
f 734/747/734 735/646/735 741/688/741
f 778/702/778 771/751/771 772/703/772
f 285/343/285 295/342/295 294/344/294
f 793/737/793 800/628/800 796/782/796
f 615/652/615 609/650/609 599/649/599
f 301/204/301 309/206/309 308/748/308
f 603/710/603 614/516/614 608/515/608
f 300/353/300 308/748/308 160/214/160
f 160/214/160 290/817/290 300/353/300
f 290/817/290 286/354/286 300/353/300
f 438/648/438 437/487/437 428/468/428
f 256/263/256 259/269/259 255/271/255
f 259/269/259 263/297/263 254/270/254
f 707/694/707 701/467/701 710/546/710
f 762/619/762 761/774/761 751/749/751
f 242/241/242 241/267/241 226/255/226
f 624/750/624 623/685/623 617/369/617
f 771/751/771 770/837/770 764/752/764
f 648/186/648 642/188/642 641/753/641
f 772/703/772 771/751/771 765/670/765
f 754/620/754 753/658/753 744/660/744
f 642/188/642 635/334/635 641/753/641
f 342/396/342 354/381/354 353/835/353
f 353/835/353 336/740/336 342/396/342
f 769/755/769 768/873/768 758/756/758
f 466/502/466 482/874/482 478/403/478
f 478/403/478 482/874/482 489/776/489
f 482/874/482 490/849/490 489/776/489
f 466/502/466 478/403/478 464/503/464
f 413/875/413 421/825/421 425/827/425
f 425/827/425 409/457/409 413/875/413
f 399/854/399 413/875/413 409/457/409
f 409/457/409 398/458/398 399/854/399
f 649/754/649 641/753/641 636/758/636
f 515/84/515 514/792/514 523/85/523
f 523/85/523 522/565/522 521/760/521
f 521/760/521 520/166/520 517/83/517
f 520/166/520 519/413/519 517/83/517
f 519/413/519 518/189/518 517/83/517
f 517/83/517 516/168/516 515/84/515
f 515/84/515 523/85/523 521/760/521
f 503/689/503 496/534/496 511/761/511
f 176/3/176 175/845/175 167/142/167
f 768/665/768 777/662/777 763/621/763
f 628/678/628 618/564/618 632/763/632
f 266/307/266 260/262/260 251/300/251
f 667/739/667 662/779/662 675/764/675
f 147/87/147 152/178/152 5/7/5
f 494/542/494 502/33/502 501/35/501
f 749/793/749 757/692/757 748/808/748
f 757/692/757 756/671/756 748/808/748
f 704/568/704 711/716/711 706/725/706
f 141/169/141 140/172/140 150/175/150
f 630/333/630 622/860/622 623/685/623
f 755/767/755 765/670/765 764/752/764
f 519/606/519 528/572/528 527/591/527
f 628/678/628 627/562/627 618/564/618
f 30/49/30 40/57/40 35/50/35
f 647/769/647 646/828/646 634/770/634
f 584/199/584 578/807/578 569/771/569
f 762/619/762 776/661/776 775/773/775
f 644/775/644 653/523/653 643/522/643
f 541/595/541 549/201/549 540/601/540
f 650/759/650 655/629/655 649/754/649
f 738/686/738 742/622/742 730/385/730
f 737/624/737 730/385/730 742/622/742
f 758/756/758 744/666/744 745/668/745
f 778/702/778 786/783/786 784/869/784
f 607/368/607 612/367/612 606/746/606
f 741/688/741 735/646/735 728/778/728
f 727/636/727 739/430/739 732/630/732
f 659/656/659 656/655/656 662/779/662
f 651/641/651 652/521/652 658/700/658
f 787/698/787 786/783/786 778/702/778
f 592/576/592 604/680/604 599/577/599
f 732/630/732 738/686/738 731/829/731
f 604/680/604 610/868/610 599/577/599
f 787/698/787 793/737/793 786/783/786
f 587/604/587 602/373/602 598/643/598
f 409/457/409 425/827/425 419/470/419
f 590/613/590 598/643/598 593/644/593
f 784/869/784 770/837/770 778/702/778
f 664/638/664 671/718/671 670/709/670
f 372/784/372 378/439/378 377/440/377
f 615/652/615 614/516/614 603/710/603
f 536/586/536 545/592/545 544/593/544
f 299/261/299 307/260/307 306/785/306
f 373/416/373 364/417/364 365/551/365
f 365/551/365 383/450/383 373/416/373
f 383/450/383 382/443/382 373/416/373
f 192/208/192 191/232/191 186/453/186
f 390/422/390 396/321/396 389/436/389
f 580/405/580 589/625/589 586/526/586
f 593/644/593 581/407/581 590/613/590
f 772/703/772 766/672/766 767/691/767
f 797/736/797 806/626/806 800/628/800
f 403/448/403 383/450/383 395/323/395
f 798/841/798 567/380/567 806/626/806
f 327/788/327 337/824/337 333/787/333
f 731/829/731 738/686/738 730/385/730
f 388/442/388 394/230/394 393/228/393
f 572/836/572 580/405/580 571/185/571
f 571/185/571 580/405/580 586/526/586
f 801/530/801 811/614/811 568/859/568
f 568/859/568 804/531/804 801/530/801
f 721/712/721 734/747/734 733/683/733
f 480/814/480 485/399/485 475/401/475
f 802/615/802 799/876/799 807/789/807
f 805/790/805 800/628/800 809/627/809
f 37/55/37 50/71/50 51/73/51
f 775/773/775 776/661/776 782/696/782
f 632/763/632 643/522/643 639/314/639
f 732/630/732 743/429/743 738/686/738
f 593/644/593 597/524/597 589/625/589
f 700/466/700 707/694/707 699/556/699
f 697/481/697 709/858/709 702/482/702
f 709/858/709 708/545/708 702/482/702
f 261/287/261 273/286/273 258/291/258
f 791/532/791 775/773/775 782/696/782
f 514/792/514 515/529/515 525/528/525
f 749/793/749 748/808/748 738/686/738
f 214/258/214 222/254/222 223/237/223
f 374/414/374 375/418/375 380/435/380
f 792/795/792 799/876/799 802/615/802
f 573/406/573 574/855/574 582/605/582
f 10/6/10 9/5/9 17/15/17
