# Blender 5.2.1 LTS
# www.blender.org
mtllib beached-galleon-visual.mtl
o Ground
v 13.509402 0.000000 -1.779174
v 13.509402 0.834000 -1.779174
v 24.343100 0.000000 2.193492
v 24.343100 0.834000 2.193492
v 30.355354 0.000000 7.934163
v 30.355354 0.834000 7.934163
v 30.355354 0.000000 14.305828
v 30.355354 0.834000 14.305828
v 24.343103 0.000000 20.046501
v 24.343103 0.834000 20.046501
v 13.509406 0.000000 24.019169
v 13.509406 0.834000 24.019169
v 0.000002 0.000000 25.437000
v 0.000002 0.834000 25.437000
v -13.509402 0.000000 24.019173
v -13.509402 0.834000 24.019173
v -24.343100 0.000000 20.046509
v -24.343100 0.834000 20.046509
v -30.355354 0.000000 14.305837
v -30.355354 0.834000 14.305837
v -30.355354 0.000000 7.934172
v -30.355354 0.834000 7.934172
v -24.343103 0.000000 2.193500
v -24.343103 0.834000 2.193500
v -13.509406 0.000000 -1.779170
v -13.509406 0.834000 -1.779170
v 4.330000 0.566688 -2.742561
v 4.330000 0.000000 -2.742561
v -4.329999 0.267311 -2.742561
v -4.329999 0.000000 -2.742561
v 4.330000 0.834000 -2.742561
v 0.798416 0.834000 -1.588500
v 4.330000 0.834000 -1.588501
v -4.329999 0.834000 -1.588499
v -4.329999 0.834000 -2.742561
v -0.798420 0.834000 -1.588500
v -0.000002 0.834000 -1.588500
v -4.329999 0.000000 -1.588499
v -0.000002 0.000000 -1.588500
v 4.330000 0.000000 -1.588501
v 25.020000 0.208500 4.170000
v 25.735842 1.328255 2.578822
v 23.424406 1.471714 3.332762
v 23.369432 1.443399 5.036086
v 27.500092 1.260122 4.170000
v 25.665003 1.423777 5.603714
v 26.628752 3.122062 5.014142
v 24.347565 3.200221 5.664703
v 22.514536 3.337450 4.170000
v 25.020000 4.362109 4.170000
v 24.263868 3.313072 2.489264
v 26.940180 3.282459 3.162446
v 27.799999 0.208500 12.509999
v 28.437901 1.643889 11.092071
v 26.132732 1.645336 11.635154
v 26.199717 1.679834 13.349699
v 30.266266 1.476420 12.509999
v 28.524208 1.527509 14.119778
v 29.569399 3.415339 13.438437
v 27.186747 3.330948 13.873141
v 25.436337 3.488902 12.510000
v 27.799999 4.790264 12.509999
v 27.117384 3.424480 10.992673
v 29.827517 3.548277 11.446124
v -25.019999 0.208500 4.170000
v -24.410748 1.699487 2.815749
v -26.890577 1.557593 3.188472
v -26.763218 1.623186 5.084702
v -22.777561 1.586653 4.170000
v -24.246637 1.478205 5.889029
v -23.052208 3.534486 5.202536
v -25.646017 3.365135 5.561522
v -27.126190 3.398591 4.170000
v -25.019999 4.839845 4.170000
v -25.637281 3.353354 2.797896
v -23.084719 3.517743 3.154521
v -26.410000 0.208500 16.680000
v -25.753763 1.443935 15.221311
v -28.428608 1.289155 15.620798
v -28.357964 1.325538 17.702135
v -24.395609 1.489474 16.680000
v -25.662737 1.321195 18.341021
v -24.388479 3.369961 17.740730
v -27.109001 3.271349 18.233753
v -28.379766 3.149549 16.680000
v -26.410000 4.465267 16.680000
v -27.030199 3.165087 15.301418
v -24.681726 3.218930 15.773142
v 19.460001 0.208500 19.459999
v 20.195656 1.112184 17.824776
v 17.484747 1.086823 18.423546
v 17.433725 1.060545 20.523224
v 21.451794 1.274229 19.459999
v 20.129911 1.200834 20.949087
v 21.341190 3.073026 20.447096
v 18.694897 3.135818 21.160679
v 17.380184 2.970743 19.459999
v 19.460001 4.010917 19.459999
v 18.771318 3.032771 17.929192
v 21.056818 2.926564 18.622118
v -16.679998 0.208500 20.850000
v -15.905507 1.009246 19.128448
v -18.460377 1.136621 19.915802
v -18.586153 1.071842 21.850195
v -14.484579 1.138813 20.849998
v -16.067575 1.227781 22.211302
v -15.004180 2.916683 21.729334
v -17.443544 3.083148 22.547218
v -19.015163 3.026567 20.849998
v -16.679998 3.894520 20.850000
v -17.439770 3.078056 19.161175
v -15.018229 2.909447 19.978037
vn 0.1044 -0.0000 -0.9945
vn 0.3443 -0.0000 -0.9389
vn 0.6906 -0.0000 -0.7233
vn 1.0000 -0.0000 -0.0000
vn 0.6906 -0.0000 0.7233
vn 0.3443 -0.0000 0.9389
vn 0.1044 -0.0000 0.9945
vn -0.1044 -0.0000 0.9945
vn -0.3443 -0.0000 0.9389
vn -0.6906 -0.0000 0.7233
vn -1.0000 -0.0000 -0.0000
vn -0.6906 -0.0000 -0.7233
vn -0.0000 1.0000 -0.0000
vn -0.3443 -0.0000 -0.9389
vn -0.1044 -0.0000 -0.9945
vn -0.0000 -1.0000 -0.0000
vn -0.0000 -0.0000 -1.0000
vn 0.3530 -0.8325 -0.4270
vn -0.2511 -0.7348 -0.6301
vn -0.6097 -0.7919 -0.0328
vn -0.1745 -0.7110 0.6812
vn 0.3340 -0.7878 0.5175
vn 0.6100 -0.0723 0.7891
vn -0.2365 -0.2080 0.9491
vn 0.2756 0.1719 0.9458
vn -0.6271 0.0716 0.7756
vn 0.2123 0.7230 0.6575
vn -0.3318 0.8113 0.4814
vn 0.1531 0.8059 -0.5719
vn -0.3506 0.8572 -0.3773
vn 0.5472 0.8210 0.1631
vn 0.9196 0.3466 0.1847
vn 0.6543 -0.1842 -0.7334
vn 0.2431 0.1370 -0.9603
vn -0.3136 -0.2736 -0.9093
vn -0.6929 -0.0144 -0.7209
vn -0.9045 -0.4248 -0.0363
vn 0.3755 -0.7304 -0.5705
vn -0.1743 -0.6517 -0.7382
vn -0.6645 -0.7461 0.0410
vn -0.2700 -0.6817 0.6800
vn 0.4052 -0.7881 0.4635
vn 0.6729 -0.1085 0.7317
vn -0.3190 -0.1078 0.9416
vn 0.1650 0.2527 0.9534
vn -0.6043 0.1112 0.7889
vn 0.1136 0.6523 0.7494
vn -0.3913 0.7106 0.5847
vn 0.0819 0.7221 -0.6869
vn -0.4187 0.7606 -0.4962
vn 0.5659 0.8145 0.1277
vn 0.9512 0.2741 0.1415
vn 0.5734 -0.2749 -0.7718
vn 0.1618 0.0650 -0.9847
vn -0.2239 -0.2190 -0.9497
vn -0.6645 0.1004 -0.7405
vn -0.9276 -0.3711 0.0437
vn 0.4285 -0.6972 -0.5748
vn -0.0758 -0.6533 -0.7533
vn -0.6069 -0.7919 0.0681
vn -0.2479 -0.7226 0.6453
vn 0.4872 -0.7927 0.3663
vn 0.7476 -0.2257 0.6246
vn -0.3071 -0.0630 0.9496
vn 0.1164 0.2530 0.9604
vn -0.6637 0.2309 0.7115
vn 0.0583 0.6719 0.7383
vn -0.4798 0.7012 0.5273
vn 0.0615 0.6631 -0.7460
vn -0.4757 0.6951 -0.5391
vn 0.5584 0.8294 -0.0156
vn 0.9888 0.1484 -0.0169
vn 0.5973 -0.2968 -0.7451
vn 0.1323 0.0875 -0.9873
vn -0.1412 -0.1153 -0.9832
vn -0.6427 0.2948 -0.7071
vn -0.9838 -0.1642 0.0718
vn 0.4850 -0.7627 -0.4278
vn -0.0551 -0.7496 -0.6596
vn -0.4846 -0.8741 0.0317
vn -0.1421 -0.7916 0.5942
vn 0.5105 -0.8028 0.3081
vn 0.7695 -0.3160 0.5550
vn -0.2292 -0.1169 0.9663
vn 0.1692 0.1788 0.9692
vn -0.7458 0.3189 0.5849
vn 0.0864 0.7708 0.6312
vn -0.5176 0.7750 0.3626
vn 0.1268 0.6925 -0.7102
vn -0.4899 0.7334 -0.4713
vn 0.5284 0.8368 -0.1430
vn 0.9847 0.0826 -0.1531
vn 0.7162 -0.2275 -0.6598
vn 0.1894 0.1854 -0.9642
vn -0.1440 -0.0608 -0.9877
vn -0.6620 0.3839 -0.6437
vn -0.9994 0.0070 0.0338
vn 0.4549 -0.8502 -0.2652
vn -0.1063 -0.8493 -0.5172
vn -0.3969 -0.9176 -0.0211
vn -0.0471 -0.8213 0.5685
vn 0.4417 -0.8255 0.3514
vn 0.7209 -0.2988 0.6253
vn -0.1418 -0.2109 0.9672
vn 0.2613 0.0887 0.9612
vn -0.7698 0.2938 0.5666
vn 0.1568 0.8477 0.5067
vn -0.4330 0.8658 0.2507
vn 0.2158 0.7759 -0.5928
vn -0.4195 0.8387 -0.3472
vn 0.5019 0.8524 -0.1466
vn 0.9750 0.1499 -0.1640
vn 0.7933 -0.1137 -0.5981
vn 0.2910 0.2658 -0.9191
vn -0.2135 -0.1056 -0.9712
vn -0.7101 0.3087 -0.6328
vn -0.9988 -0.0418 -0.0248
vn 0.3783 -0.8927 -0.2450
vn -0.1916 -0.8541 -0.4835
vn -0.4372 -0.8975 -0.0585
vn -0.0384 -0.7915 0.6099
vn 0.3470 -0.8189 0.4571
vn 0.6347 -0.1855 0.7502
vn -0.1210 -0.2630 0.9572
vn 0.3213 0.0673 0.9446
vn -0.7246 0.1812 0.6649
vn 0.2249 0.8358 0.5008
vn -0.3345 0.8999 0.2797
vn 0.2283 0.8323 -0.5051
vn -0.3340 0.8987 -0.2842
vn 0.5069 0.8619 -0.0076
vn 0.9586 0.2846 -0.0089
vn 0.7717 -0.0782 -0.6311
vn 0.3250 0.2554 -0.9106
vn -0.2976 -0.2059 -0.9322
vn -0.7278 0.1201 -0.6752
vn -0.9660 -0.2484 -0.0711
vt 0.977106 0.839741
vt 0.928571 0.500000
vt 0.977106 0.500000
vt 0.928571 1.000000
vt 0.857143 0.500000
vt 0.857143 1.000000
vt 0.785714 0.500000
vt 0.785714 1.000000
vt 0.714286 0.500000
vt 0.714286 1.000000
vt 0.642857 0.500000
vt 0.642857 1.000000
vt 0.571428 0.500000
vt 0.571428 1.000000
vt 0.500000 0.500000
vt 0.500000 1.000000
vt 0.428571 0.500000
vt 0.428571 1.000000
vt 0.357143 0.500000
vt 0.357143 1.000000
vt 0.285714 0.500000
vt 0.285714 1.000000
vt 0.214286 0.500000
vt 0.214286 1.000000
vt 0.142857 0.500000
vt 0.483983 0.196595
vt 0.483983 0.303405
vt 0.437640 0.399638
vt 0.142857 1.000000
vt 0.071428 0.500000
vt 0.022894 0.660259
vt 0.022894 0.500000
vt 0.562360 0.399638
vt 0.645868 0.466233
vt 0.562360 0.100362
vt 0.977106 1.000000
vt 0.354132 0.466233
vt 0.354132 0.033767
vt 0.283376 0.482382
vt 0.283376 0.463036
vt 0.145868 0.033767
vt 0.243846 0.463036
vt 0.216624 0.463036
vt 0.145868 0.466233
vt 0.062360 0.399638
vt 0.016017 0.303405
vt 0.016017 0.196595
vt 0.062360 0.100362
vt 0.250000 0.010000
vt 0.250000 0.463036
vt 0.256154 0.463036
vt 0.437640 0.100362
vt 0.071428 1.000000
vt 0.022894 1.000000
vt 0.750000 0.010000
vt 0.716624 0.463036
vt 0.854132 0.466233
vt 0.783376 0.463036
vt 0.937640 0.399638
vt 0.937640 0.100362
vt 0.983983 0.303405
vt 0.983983 0.196595
vt 0.854132 0.033767
vt 0.645868 0.033767
vt 0.516017 0.196595
vt 0.516017 0.303405
vt 0.420790 0.250000
vt 0.420790 0.217764
vt 0.406287 0.217764
vt 0.420790 0.398049
vt 0.420790 0.375000
vt 0.375543 0.375000
vt 0.390045 0.532236
vt 0.420790 0.500000
vt 0.375543 0.500000
vt 0.909091 0.000000
vt 1.000000 0.157461
vt 0.818182 0.157461
vt 0.181819 0.000000
vt 0.272728 0.157461
vt 0.090910 0.157461
vt 0.363637 0.000000
vt 0.454546 0.157461
vt 0.545455 0.000000
vt 0.636364 0.157461
vt 0.727273 0.000000
vt 0.727273 0.314921
vt 0.545455 0.314921
vt 0.363637 0.314921
vt 0.636364 0.472382
vt 0.454546 0.472382
vt 0.000000 0.314921
vt 0.181819 0.314921
vt 0.090910 0.472382
vt 0.272728 0.472382
vt 0.909091 0.314921
vt 0.818182 0.472382
vt 0.216624 0.482382
vt 0.716624 0.482382
vt 0.750000 0.463036
vt 0.783376 0.482382
vt 0.375543 0.217764
vt 0.375543 0.250000
vt 0.420790 0.351951
vt 0.375543 0.532236
vt 0.420790 0.532236
s 0
usemtl Sand
f 27/1/1 1/2/1 28/3/1
f 2/4/2 3/5/2 1/2/2
f 4/6/3 5/7/3 3/5/3
f 6/8/4 7/9/4 5/7/4
f 8/10/5 9/11/5 7/9/5
f 10/12/6 11/13/6 9/11/6
f 12/14/7 13/15/7 11/13/7
f 14/16/8 15/17/8 13/15/8
f 16/18/9 17/19/9 15/17/9
f 18/20/10 19/21/10 17/19/10
f 20/22/11 21/23/11 19/21/11
f 22/24/12 23/25/12 21/23/12
f 8/26/13 6/27/13 4/28/13
f 24/29/14 25/30/14 23/25/14
f 25/30/15 29/31/15 30/32/15
f 23/33/16 25/34/16 17/35/16
f 2/4/1 27/1/1 31/36/1
f 2/4/2 4/6/2 3/5/2
f 4/6/3 6/8/3 5/7/3
f 6/8/4 8/10/4 7/9/4
f 8/10/5 10/12/5 9/11/5
f 10/12/6 12/14/6 11/13/6
f 12/14/7 14/16/7 13/15/7
f 14/16/8 16/18/8 15/17/8
f 16/18/9 18/20/9 17/19/9
f 18/20/10 20/22/10 19/21/10
f 20/22/11 22/24/11 21/23/11
f 22/24/12 24/29/12 23/25/12
f 4/28/13 2/37/13 12/38/13
f 2/37/13 31/39/13 33/40/13
f 16/41/13 36/42/13 34/43/13
f 26/44/13 24/45/13 16/41/13
f 24/45/13 22/46/13 20/47/13
f 20/47/13 18/48/13 24/45/13
f 18/48/13 16/41/13 24/45/13
f 36/42/13 14/49/13 37/50/13
f 14/49/13 32/51/13 37/50/13
f 12/38/13 10/52/13 4/28/13
f 10/52/13 8/26/13 4/28/13
f 24/29/14 26/53/14 25/30/14
f 26/53/15 35/54/15 29/31/15
f 13/55/16 25/34/16 38/56/16
f 1/57/16 13/55/16 40/58/16
f 1/57/16 3/59/16 9/60/16
f 3/59/16 5/61/16 9/60/16
f 5/61/16 7/62/16 9/60/16
f 9/60/16 11/63/16 1/57/16
f 13/55/16 1/57/16 11/63/16
f 25/34/16 13/55/16 15/64/16
f 15/64/16 17/35/16 25/34/16
f 17/35/16 19/65/16 21/66/16
f 21/66/16 23/33/16 17/35/16
f 33/67/11 31/68/11 27/69/11
f 36/70/17 37/71/17 39/72/17
f 29/73/4 34/74/4 38/75/4
f 25/30/15 26/53/15 29/31/15
f 2/4/1 1/2/1 27/1/1
f 33/40/13 32/51/13 12/38/13
f 12/38/13 2/37/13 33/40/13
f 35/98/13 26/44/13 34/43/13
f 26/44/13 16/41/13 34/43/13
f 36/42/13 16/41/13 14/49/13
f 14/49/13 12/38/13 32/51/13
f 25/34/16 30/99/16 38/56/16
f 38/56/16 39/100/16 13/55/16
f 13/55/16 39/100/16 40/58/16
f 40/58/16 28/101/16 1/57/16
f 27/69/11 28/102/11 40/103/11
f 40/103/11 33/67/11 27/69/11
f 32/104/17 33/67/17 40/103/17
f 39/72/17 38/75/17 36/70/17
f 38/75/17 34/74/17 36/70/17
f 32/104/17 40/103/17 39/72/17
f 37/71/17 32/104/17 39/72/17
f 38/75/4 30/105/4 29/73/4
f 29/73/4 35/106/4 34/74/4
usemtl Rock
f 41/76/18 42/77/18 45/78/18
f 41/79/19 43/80/19 42/81/19
f 43/80/20 41/82/20 44/83/20
f 41/84/21 46/85/21 44/83/21
f 41/86/22 45/78/22 46/85/22
f 46/85/23 45/78/23 47/87/23
f 44/83/24 46/85/24 48/88/24
f 46/85/25 47/87/25 48/88/25
f 44/83/26 48/88/26 49/89/26
f 48/88/27 47/87/27 50/90/27
f 49/89/28 48/88/28 50/91/28
f 52/92/29 51/93/29 50/94/29
f 51/93/30 49/89/30 50/95/30
f 47/87/31 52/96/31 50/97/31
f 45/78/32 52/96/32 47/87/32
f 45/78/33 42/77/33 52/96/33
f 42/81/34 51/93/34 52/92/34
f 42/81/35 43/80/35 51/93/35
f 43/80/36 49/89/36 51/93/36
f 43/80/37 44/83/37 49/89/37
f 53/76/38 54/77/38 57/78/38
f 53/79/39 55/80/39 54/81/39
f 55/80/40 53/82/40 56/83/40
f 53/84/41 58/85/41 56/83/41
f 53/86/42 57/78/42 58/85/42
f 58/85/43 57/78/43 59/87/43
f 56/83/44 58/85/44 60/88/44
f 58/85/45 59/87/45 60/88/45
f 56/83/46 60/88/46 61/89/46
f 60/88/47 59/87/47 62/90/47
f 61/89/48 60/88/48 62/91/48
f 64/92/49 63/93/49 62/94/49
f 63/93/50 61/89/50 62/95/50
f 59/87/51 64/96/51 62/97/51
f 57/78/52 64/96/52 59/87/52
f 57/78/53 54/77/53 64/96/53
f 54/81/54 63/93/54 64/92/54
f 54/81/55 55/80/55 63/93/55
f 55/80/56 61/89/56 63/93/56
f 55/80/57 56/83/57 61/89/57
f 65/76/58 66/77/58 69/78/58
f 65/79/59 67/80/59 66/81/59
f 67/80/60 65/82/60 68/83/60
f 65/84/61 70/85/61 68/83/61
f 65/86/62 69/78/62 70/85/62
f 70/85/63 69/78/63 71/87/63
f 68/83/64 70/85/64 72/88/64
f 70/85/65 71/87/65 72/88/65
f 68/83/66 72/88/66 73/89/66
f 72/88/67 71/87/67 74/90/67
f 73/89/68 72/88/68 74/91/68
f 76/92/69 75/93/69 74/94/69
f 75/93/70 73/89/70 74/95/70
f 71/87/71 76/96/71 74/97/71
f 69/78/72 76/96/72 71/87/72
f 69/78/73 66/77/73 76/96/73
f 66/81/74 75/93/74 76/92/74
f 66/81/75 67/80/75 75/93/75
f 67/80/76 73/89/76 75/93/76
f 67/80/77 68/83/77 73/89/77
f 77/76/78 78/77/78 81/78/78
f 77/79/79 79/80/79 78/81/79
f 79/80/80 77/82/80 80/83/80
f 77/84/81 82/85/81 80/83/81
f 77/86/82 81/78/82 82/85/82
f 82/85/83 81/78/83 83/87/83
f 80/83/84 82/85/84 84/88/84
f 82/85/85 83/87/85 84/88/85
f 80/83/86 84/88/86 85/89/86
f 84/88/87 83/87/87 86/90/87
f 85/89/88 84/88/88 86/91/88
f 88/92/89 87/93/89 86/94/89
f 87/93/90 85/89/90 86/95/90
f 83/87/91 88/96/91 86/97/91
f 81/78/92 88/96/92 83/87/92
f 81/78/93 78/77/93 88/96/93
f 78/81/94 87/93/94 88/92/94
f 78/81/95 79/80/95 87/93/95
f 79/80/96 85/89/96 87/93/96
f 79/80/97 80/83/97 85/89/97
f 89/76/98 90/77/98 93/78/98
f 89/79/99 91/80/99 90/81/99
f 91/80/100 89/82/100 92/83/100
f 89/84/101 94/85/101 92/83/101
f 89/86/102 93/78/102 94/85/102
f 94/85/103 93/78/103 95/87/103
f 92/83/104 94/85/104 96/88/104
f 94/85/105 95/87/105 96/88/105
f 92/83/106 96/88/106 97/89/106
f 96/88/107 95/87/107 98/90/107
f 97/89/108 96/88/108 98/91/108
f 100/92/109 99/93/109 98/94/109
f 99/93/110 97/89/110 98/95/110
f 95/87/111 100/96/111 98/97/111
f 93/78/112 100/96/112 95/87/112
f 93/78/113 90/77/113 100/96/113
f 90/81/114 99/93/114 100/92/114
f 90/81/115 91/80/115 99/93/115
f 91/80/116 97/89/116 99/93/116
f 91/80/117 92/83/117 97/89/117
f 101/76/118 102/77/118 105/78/118
f 101/79/119 103/80/119 102/81/119
f 103/80/120 101/82/120 104/83/120
f 101/84/121 106/85/121 104/83/121
f 101/86/122 105/78/122 106/85/122
f 106/85/123 105/78/123 107/87/123
f 104/83/124 106/85/124 108/88/124
f 106/85/125 107/87/125 108/88/125
f 104/83/126 108/88/126 109/89/126
f 108/88/127 107/87/127 110/90/127
f 109/89/128 108/88/128 110/91/128
f 112/92/129 111/93/129 110/94/129
f 111/93/130 109/89/130 110/95/130
f 107/87/131 112/96/131 110/97/131
f 105/78/132 112/96/132 107/87/132
f 105/78/133 102/77/133 112/96/133
f 102/81/134 111/93/134 112/92/134
f 102/81/135 103/80/135 111/93/135
f 103/80/136 109/89/136 111/93/136
f 103/80/137 104/83/137 109/89/137
o Mast
v 5.559999 18.765007 10.383299
v 5.559999 64.635002 10.383299
v 5.928349 18.765007 10.481997
v 5.928349 64.635002 10.481997
v 6.198000 18.765007 10.751649
v 6.198000 64.635002 10.751649
v 6.296700 18.765007 11.119998
v 6.296700 64.635002 11.119998
v 6.198000 18.765007 11.488348
v 6.198000 64.635002 11.488348
v 5.928349 18.765007 11.757999
v 5.928349 64.635002 11.757999
v 5.560000 18.765007 11.856698
v 5.560000 64.635002 11.856698
v 5.191650 18.765007 11.757999
v 5.191650 64.635002 11.757999
v 4.921999 18.765007 11.488349
v 4.921999 64.635002 11.488349
v 4.823300 18.765007 11.119999
v 4.823300 64.635002 11.119999
v 4.921999 18.765007 10.751649
v 4.921999 64.635002 10.751649
v 5.191649 18.765007 10.481997
v 5.191649 64.635002 10.481997
v 5.559999 21.996756 10.244299
v 5.997849 21.996756 10.361620
v 5.559999 22.483255 10.244299
v 5.122149 21.996756 10.361620
v 5.122149 22.483255 10.361620
v 4.801621 22.483255 10.682149
v 4.684299 22.483255 11.119999
v 4.801621 21.996756 10.682149
v 4.801621 22.483255 11.557849
v 6.318378 22.483255 10.682149
v 5.560000 22.483255 11.995699
v 5.997849 22.483255 11.878377
v 5.560000 21.996756 11.995699
v 5.122150 22.483255 11.878377
v 5.122150 21.996756 11.878377
v 6.318378 22.483255 11.557848
v 6.435699 22.483255 11.119998
v 6.318378 21.996756 11.557848
v 5.997849 21.996756 11.878377
v 6.435699 21.996756 11.119998
v 6.318378 21.996756 10.682149
v 5.997849 22.483255 10.361620
v 4.801621 21.996756 11.557849
v 4.684299 21.996756 11.119999
v 5.559999 31.726753 10.244299
v 5.997849 31.726753 10.361620
v 5.559999 32.213253 10.244299
v 5.122149 31.726753 10.361620
v 5.122149 32.213253 10.361620
v 4.801621 32.213253 10.682149
v 4.684299 32.213253 11.119999
v 4.801621 31.726753 10.682149
v 4.801621 32.213253 11.557849
v 6.318378 32.213253 10.682149
v 5.560000 32.213253 11.995699
v 5.997849 32.213253 11.878377
v 5.560000 31.726753 11.995699
v 5.122150 32.213253 11.878377
v 5.122150 31.726753 11.878377
v 6.318378 32.213253 11.557848
v 6.435699 32.213253 11.119998
v 6.318378 31.726753 11.557848
v 5.997849 31.726753 11.878377
v 6.435699 31.726753 11.119998
v 6.318378 31.726753 10.682149
v 5.997849 32.213253 10.361620
v 4.801621 31.726753 11.557849
v 4.684299 31.726753 11.119999
v 5.559999 41.456753 10.244299
v 5.997849 41.456753 10.361620
v 5.559999 41.943253 10.244299
v 5.122149 41.456753 10.361620
v 5.122149 41.943253 10.361620
v 4.801621 41.943253 10.682149
v 4.684299 41.943253 11.119999
v 4.801621 41.456753 10.682149
v 4.801621 41.943253 11.557849
v 6.318378 41.943253 10.682149
v 5.560000 41.943253 11.995699
v 5.997849 41.943253 11.878377
v 5.560000 41.456753 11.995699
v 5.122150 41.943253 11.878377
v 5.122150 41.456753 11.878377
v 6.318378 41.943253 11.557848
v 6.435699 41.943253 11.119998
v 6.318378 41.456753 11.557848
v 5.997849 41.456753 11.878377
v 6.435699 41.456753 11.119998
v 6.318378 41.456753 10.682149
v 5.997849 41.943253 10.361620
v 4.801621 41.456753 11.557849
v 4.684299 41.456753 11.119999
v 5.559999 51.186752 10.244299
v 5.997849 51.186752 10.361620
v 5.559999 51.673252 10.244299
v 5.122149 51.186752 10.361620
v 5.122149 51.673252 10.361620
v 4.801621 51.673252 10.682149
v 4.684299 51.673252 11.119999
v 4.801621 51.186752 10.682149
v 4.801621 51.673252 11.557849
v 6.318378 51.673252 10.682149
v 5.560000 51.673252 11.995699
v 5.997849 51.673252 11.878377
v 5.560000 51.186752 11.995699
v 5.122150 51.673252 11.878377
v 5.122150 51.186752 11.878377
v 6.318378 51.673252 11.557848
v 6.435699 51.673252 11.119998
v 6.318378 51.186752 11.557848
v 5.997849 51.186752 11.878377
v 6.435699 51.186752 11.119998
v 6.318378 51.186752 10.682149
v 5.997849 51.673252 10.361620
v 4.801621 51.186752 11.557849
v 4.684299 51.186752 11.119999
v 5.559999 59.526752 10.244299
v 5.997849 59.526752 10.361620
v 5.559999 60.013252 10.244299
v 5.122149 59.526752 10.361620
v 5.122149 60.013252 10.361620
v 4.801621 60.013252 10.682149
v 4.684299 60.013252 11.119999
v 4.801621 59.526752 10.682149
v 4.801621 60.013252 11.557849
v 6.318378 60.013252 10.682149
v 5.560000 60.013252 11.995699
v 5.997849 60.013252 11.878377
v 5.560000 59.526752 11.995699
v 5.122150 60.013252 11.878377
v 5.122150 59.526752 11.878377
v 6.318378 60.013252 11.557848
v 6.435699 60.013252 11.119998
v 6.318378 59.526752 11.557848
v 5.997849 59.526752 11.878377
v 6.435699 59.526752 11.119998
v 6.318378 59.526752 10.682149
v 5.997849 60.013252 10.361620
v 4.801621 59.526752 11.557849
v 4.684299 59.526752 11.119999
v 5.559999 59.526749 7.783998
v 7.007435 59.526749 8.114367
v 5.559999 60.291248 7.783998
v 4.112563 59.526749 8.114367
v 4.112563 60.291248 8.114367
v 8.812359 59.526749 10.377668
v 8.168189 59.526749 9.040036
v 8.812359 60.291248 10.377668
v 8.812359 59.526749 11.862328
v 8.168189 60.291248 9.040036
v 8.168190 59.526749 13.199960
v 5.560000 59.526749 14.455998
v 2.951810 59.526749 13.199961
v 2.307640 59.526749 10.377669
v 2.307640 59.526749 11.862329
v 2.307640 60.291248 10.377669
v 2.951810 59.526749 9.040037
v 2.307640 60.291248 11.862329
v 2.951810 60.291248 13.199961
v 4.112564 60.291248 14.125630
v 5.560000 60.291248 14.455998
v 4.112564 59.526749 14.125630
v 2.951810 60.291248 9.040037
v 8.812359 60.291248 11.862328
v 8.168190 60.291248 13.199960
v 7.007436 60.291248 14.125630
v 7.007436 59.526749 14.125630
v 7.007435 60.291248 8.114367
v 8.951599 62.550003 11.119998
v 8.798699 62.814835 11.119998
v 8.693429 62.550003 9.822089
v 8.798699 62.285172 11.119998
v 8.693429 62.550003 12.417909
v 8.552168 62.814835 12.359396
v 7.850105 62.814835 13.410106
v 8.269646 62.814835 12.242372
v 7.633872 62.814835 13.193872
v 6.682373 62.814835 13.829644
v 7.525755 62.550003 13.085756
v 6.623860 62.550003 13.688383
v 5.560000 62.550003 13.899999
v 6.682373 62.285172 13.829644
v 5.560000 62.285172 14.052898
v 4.437628 62.285172 13.829645
v 5.560000 62.285172 14.358698
v 4.496140 62.550003 13.688383
v 6.799397 62.285172 14.112166
v 6.857910 62.550003 14.253428
v 7.850105 62.285172 13.410106
v 5.560000 62.550003 14.511599
v 4.262091 62.550003 14.253428
v 5.560000 62.814835 14.358698
v 4.320603 62.814835 14.112167
v 4.320603 62.285172 14.112167
v 6.799397 62.814835 14.112166
v 5.560000 62.814835 14.052898
v 4.437628 62.814835 13.829645
v 3.486126 62.814835 13.193871
v 3.269893 62.814835 13.410105
v 3.594243 62.550003 13.085755
v 2.991615 62.550003 12.183858
v 3.486126 62.285172 13.193871
v 2.850353 62.285172 12.242370
v 3.269893 62.285172 13.410105
v 2.567831 62.285172 12.359394
v 2.321300 62.285172 11.119999
v 2.426570 62.550003 12.417907
v 2.168400 62.550003 11.119999
v 2.567831 62.814835 12.359394
v 3.161776 62.550003 13.518222
v 2.321300 62.814835 11.119999
v 2.567831 62.814835 9.880602
v 2.627100 62.814835 11.119999
v 2.850353 62.814835 12.242370
v 2.780000 62.550003 11.119999
v 2.991615 62.550003 10.056139
v 2.627100 62.285172 11.119999
v 2.850353 62.285172 9.997626
v 3.486125 62.285172 9.046125
v 2.567831 62.285172 9.880602
v 3.269892 62.285172 8.829893
v 2.426570 62.550003 9.822090
v 3.161775 62.550003 8.721777
v 3.269892 62.814835 8.829893
v 4.320602 62.814835 8.127831
v 3.486125 62.814835 9.046125
v 4.437627 62.814835 8.410353
v 5.559999 62.814835 8.187099
v 4.496139 62.550003 8.551614
v 5.559999 62.814835 7.881299
v 3.594242 62.550003 9.154243
v 4.437627 62.285172 8.410353
v 5.559999 62.285172 8.187099
v 4.320602 62.285172 8.127831
v 5.559999 62.285172 7.881299
v 6.799397 62.285172 8.127831
v 5.559999 62.550003 7.728399
v 6.857909 62.550003 7.986569
v 4.262090 62.550003 7.986569
v 6.799397 62.814835 8.127831
v 7.850105 62.814835 8.829891
v 6.682372 62.814835 8.410353
v 7.633873 62.814835 9.046125
v 6.623860 62.550003 8.551614
v 7.525756 62.550003 9.154242
v 6.682372 62.285172 8.410353
v 5.559999 62.550003 8.339998
v 7.633873 62.285172 9.046125
v 8.269646 62.285172 9.997626
v 7.850105 62.285172 8.829891
v 8.128385 62.550003 10.056139
v 8.269646 62.814835 9.997626
v 8.339999 62.550003 11.119998
v 8.492899 62.285172 11.119998
v 8.269646 62.285172 12.242372
v 8.552168 62.285172 12.359396
v 8.128385 62.550003 12.183859
v 7.633872 62.285172 13.193872
v 8.492899 62.814835 11.119998
v 8.552168 62.814835 9.880602
v 8.552168 62.285172 9.880602
v 7.958222 62.550003 8.721775
v 2.850353 62.814835 9.997626
v 7.958222 62.550003 13.518223
v 25.714998 53.237003 10.424997
v 25.714998 53.114868 10.719861
v -14.594999 53.237000 10.424999
v 25.714998 53.114868 10.130134
v -14.594999 53.114864 10.130136
v 25.714998 52.525139 10.719861
v 25.714998 52.820004 10.841997
v -14.594999 52.525139 10.719862
v 25.714998 52.403004 10.424997
v -14.594999 52.820000 10.841999
v -14.594999 53.114864 10.719862
v -14.594999 52.820000 10.007999
v -14.594999 52.525139 10.130136
v 25.714998 52.820004 10.007998
v -14.594999 52.403000 10.424999
v 25.714998 52.525139 10.130134
v 2.717450 60.207848 10.960148
v 2.717450 60.207848 11.015748
v 2.508950 60.207848 10.960148
v 2.717450 62.390152 10.960148
v 2.508950 60.207848 11.015748
v 2.508950 60.152252 11.015748
v 2.508950 60.207848 11.224248
v 2.453350 60.207848 11.015748
v 2.508950 62.390152 11.015748
v 2.508950 60.152252 11.224248
v 2.453350 62.390152 11.015748
v 2.453350 62.390152 11.224248
v 2.453350 60.207848 11.224248
v 2.508950 62.390152 11.224248
v 2.508950 62.445747 11.224248
v 2.508950 62.390152 11.279848
v 2.717450 62.390152 11.224248
v 2.508950 62.445747 11.015748
v 2.717450 62.445747 11.015748
v 2.717450 62.390152 11.015748
v 2.717450 62.445747 11.224248
v 2.773050 62.390152 11.015748
v 2.773050 62.390152 11.224248
v 2.773050 60.207848 11.015748
v 2.773050 60.207848 11.224248
v 2.717450 60.207848 11.224248
v 2.717450 60.152252 11.224248
v 2.717450 60.207848 11.279848
v 2.717450 60.152252 11.015748
v 2.508950 60.207848 11.279848
v 2.717450 62.390152 11.279848
v 2.508950 62.390152 10.960148
v 3.112246 60.207848 12.433548
v 3.112246 60.207848 12.489148
v 2.903746 60.207848 12.433548
v 3.112246 62.390152 12.433548
v 2.903746 60.207848 12.489148
v 2.903746 60.152252 12.489148
v 2.903746 60.207848 12.697648
v 2.848146 60.207848 12.489148
v 2.903746 62.390152 12.489148
v 2.848146 62.390152 12.489148
v 2.848146 62.390152 12.697648
v 2.903746 62.390152 12.697648
v 2.848146 60.207848 12.697648
v 2.903746 62.445747 12.697648
v 2.903746 62.390152 12.753248
v 3.112246 62.390152 12.697648
v 2.903746 62.445747 12.489148
v 3.112246 62.445747 12.489148
v 3.112246 62.390152 12.489148
v 3.112246 62.445747 12.697648
v 3.167846 62.390152 12.489148
v 3.167846 62.390152 12.697648
v 3.167846 60.207848 12.489148
v 3.167846 60.207848 12.697648
v 3.112246 60.207848 12.697648
v 3.112246 60.152252 12.697648
v 3.112246 60.207848 12.753248
v 3.112246 60.152252 12.489148
v 2.903746 60.152252 12.697648
v 2.903746 60.207848 12.753248
v 3.112246 62.390152 12.753248
v 2.903746 62.390152 12.433548
v 4.190850 60.207848 13.512151
v 4.190850 60.207848 13.567751
v 3.982350 60.207848 13.512151
v 4.190850 62.390152 13.512151
v 4.190850 62.390152 13.567751
v 3.982350 62.390152 13.512151
v 3.982350 62.390152 13.567751
v 3.982350 62.445747 13.567751
v 3.926750 62.390152 13.567751
v 3.982350 62.390152 13.776251
v 3.982350 60.207848 13.567751
v 4.190850 62.445747 13.567751
v 4.190850 62.445747 13.776251
v 4.190850 62.390152 13.776251
v 3.982350 62.445747 13.776251
v 4.246450 62.390152 13.776251
v 4.190850 62.390152 13.831851
v 4.190850 60.207848 13.776251
v 3.982350 62.390152 13.831851
v 4.190850 60.207848 13.831851
v 3.982350 60.207848 13.831851
v 3.982350 60.207848 13.776251
v 3.982350 60.152252 13.776251
v 3.926750 60.207848 13.776251
v 4.190850 60.152252 13.776251
v 3.982350 60.152252 13.567751
v 3.926750 60.207848 13.567751
v 4.190850 60.152252 13.567751
v 3.926750 62.390152 13.776251
v 4.246450 60.207848 13.776251
v 4.246450 60.207848 13.567751
v 4.246450 62.390152 13.567751
v 5.664250 60.207848 13.906948
v 5.664250 60.207848 13.962548
v 5.455750 60.207848 13.906948
v 5.664250 62.390152 13.906948
v 5.664250 62.390152 13.962548
v 5.455750 62.390152 13.906948
v 5.455750 62.390152 13.962548
v 5.455750 62.445747 13.962548
v 5.400150 62.390152 13.962548
v 5.455750 62.390152 14.171048
v 5.455750 60.207848 13.962548
v 5.664250 62.445747 13.962548
v 5.664250 62.445747 14.171048
v 5.664250 62.390152 14.171048
v 5.455750 62.445747 14.171048
v 5.719850 62.390152 14.171048
v 5.664250 62.390152 14.226648
v 5.664250 60.207848 14.171048
v 5.664250 60.207848 14.226648
v 5.455750 60.207848 14.226648
v 5.455750 62.390152 14.226648
v 5.455750 60.207848 14.171048
v 5.455750 60.152252 14.171048
v 5.400150 60.207848 14.171048
v 5.664250 60.152252 14.171048
v 5.400150 60.207848 13.962548
v 5.664250 60.152252 13.962548
v 5.455750 60.152252 13.962548
v 5.400150 62.390152 14.171048
v 5.719850 60.207848 14.171048
v 5.719850 60.207848 13.962548
v 5.719850 62.390152 13.962548
v 7.137650 60.207848 13.512152
v 7.137650 60.207848 13.567752
v 6.929150 60.207848 13.512152
v 7.137650 62.390152 13.512152
v 6.929150 60.207848 13.567752
v 6.929150 60.152252 13.567752
v 6.929150 60.207848 13.776252
v 6.873549 60.207848 13.567752
v 6.929150 62.390152 13.567752
v 6.873549 62.390152 13.567752
v 6.873549 62.390152 13.776252
v 6.929150 62.390152 13.776252
v 6.873549 60.207848 13.776252
v 6.929150 62.445747 13.776252
v 6.929150 62.390152 13.831852
v 7.137650 62.390152 13.776252
v 6.929150 62.445747 13.567752
v 7.137650 62.445747 13.567752
v 7.137650 62.445747 13.776252
v 7.137650 62.390152 13.567752
v 7.193249 62.390152 13.567752
v 7.193249 62.390152 13.776252
v 7.193249 60.207848 13.567752
v 7.193249 60.207848 13.776252
v 7.137650 60.207848 13.776252
v 7.137650 60.152252 13.776252
v 7.137650 60.207848 13.831852
v 6.929150 60.152252 13.776252
v 6.929150 60.207848 13.831852
v 7.137650 62.390152 13.831852
v 7.137650 60.152252 13.567752
v 6.929150 62.390152 13.512152
v 8.216253 60.207848 12.433549
v 8.216253 60.207848 12.489149
v 8.007752 60.207848 12.433549
v 8.216253 62.390152 12.433549
v 8.007752 60.207848 12.489149
v 8.007752 60.152252 12.489149
v 8.007752 60.207848 12.697649
v 7.952153 60.207848 12.489149
v 8.007753 62.390152 12.489149
v 7.952153 62.390152 12.489149
v 7.952153 62.390152 12.697649
v 8.007752 62.390152 12.697649
v 7.952153 60.207848 12.697649
v 8.007752 62.445747 12.697649
v 8.007752 62.390152 12.753248
v 8.216253 62.390152 12.697649
v 8.007752 62.445747 12.489149
v 8.216253 62.445747 12.489149
v 8.216253 62.390152 12.489149
v 8.216253 62.445747 12.697649
v 8.271852 62.390152 12.489149
v 8.271852 62.390152 12.697649
v 8.271852 60.207848 12.489149
v 8.271852 60.207848 12.697649
v 8.216253 60.207848 12.697649
v 8.216253 60.152252 12.697649
v 8.216253 60.207848 12.753248
v 8.216253 60.152252 12.489149
v 8.007752 60.152252 12.697649
v 8.007752 60.207848 12.753248
v 8.216253 62.390152 12.753248
v 8.007752 62.390152 12.433549
v 8.611049 60.207848 10.960148
v 8.611049 60.207848 11.015748
v 8.402549 60.207848 10.960148
v 8.611049 62.390152 10.960148
v 8.402549 60.207848 11.015748
v 8.402549 60.152252 11.015748
v 8.402549 60.207848 11.224248
v 8.346949 60.207848 11.015748
v 8.402549 62.390152 11.015748
v 8.402549 60.152252 11.224248
v 8.346949 62.390152 11.015748
v 8.346949 62.390152 11.224248
v 8.346949 60.207848 11.224248
v 8.402549 62.390152 11.224248
v 8.402549 62.445747 11.224248
v 8.402549 62.390152 11.279848
v 8.611049 62.390152 11.224248
v 8.402549 62.445747 11.015748
v 8.611049 62.445747 11.015748
v 8.611049 62.390152 11.015748
v 8.611049 62.445747 11.224248
v 8.666649 62.390152 11.015748
v 8.666649 62.390152 11.224248
v 8.666649 60.207848 11.015748
v 8.666649 60.207848 11.224248
v 8.611049 60.207848 11.224248
v 8.611049 60.152252 11.224248
v 8.611049 60.207848 11.279848
v 8.611049 60.152252 11.015748
v 8.402549 60.207848 11.279848
v 8.611049 62.390152 11.279848
v 8.402549 62.390152 10.960148
v 8.216253 60.207848 9.486749
v 8.216253 60.207848 9.542349
v 8.007753 60.207848 9.486749
v 8.216253 62.390152 9.486749
v 8.007753 60.207848 9.542349
v 8.007753 60.152252 9.542349
v 8.007753 60.207848 9.750849
v 7.952153 60.207848 9.542349
v 8.007753 62.390152 9.542349
v 8.007753 60.152252 9.750849
v 7.952153 62.390152 9.542349
v 7.952153 62.390152 9.750849
v 8.007753 62.390152 9.750849
v 7.952153 60.207848 9.750849
v 8.007753 62.445747 9.750849
v 8.007753 62.390152 9.806448
v 8.216253 62.390152 9.750849
v 8.007753 62.445747 9.542349
v 8.216253 62.445747 9.542349
v 8.216253 62.390152 9.542349
v 8.216253 62.445747 9.750849
v 8.271852 62.390152 9.542349
v 8.271852 62.390152 9.750849
v 8.271852 60.207848 9.542349
v 8.271852 60.207848 9.750849
v 8.216253 60.207848 9.750849
v 8.216253 60.152252 9.750849
v 8.216253 60.207848 9.806448
v 8.007753 60.207848 9.806448
v 8.216253 62.390152 9.806448
v 8.216253 60.152252 9.542349
v 8.007753 62.390152 9.486749
v 7.137650 60.207848 8.408145
v 7.137650 60.207848 8.463745
v 6.929150 60.207848 8.408145
v 7.137650 62.390152 8.408145
v 6.929150 60.207848 8.463745
v 6.929150 60.152252 8.463745
v 6.929150 60.207848 8.672245
v 6.873549 60.207848 8.463745
v 6.929150 62.390152 8.463745
v 6.873549 62.390152 8.463745
v 6.873549 62.390152 8.672245
v 6.929150 62.390152 8.672245
v 6.873549 60.207848 8.672245
v 6.929150 62.445747 8.672245
v 6.929150 62.390152 8.727845
v 7.137649 62.390152 8.672245
v 6.929150 62.445747 8.463745
v 7.137650 62.445747 8.463745
v 7.137650 62.445747 8.672245
v 7.137650 62.390152 8.463745
v 7.193249 62.390152 8.463745
v 7.193249 62.390152 8.672245
v 7.193249 60.207848 8.463745
v 7.193249 60.207848 8.672245
v 7.137649 60.207848 8.672245
v 7.137650 60.152252 8.672245
v 7.137650 60.207848 8.727845
v 6.929150 60.152252 8.672245
v 6.929150 60.207848 8.727845
v 7.137650 62.390152 8.727845
v 7.137650 60.152252 8.463745
v 6.929150 62.390152 8.408145
v 5.664249 60.207848 8.013349
v 5.664249 60.207848 8.068949
v 5.455750 60.207848 8.013349
v 5.664249 62.390152 8.013349
v 5.664249 62.390152 8.068949
v 5.455750 62.390152 8.013349
v 5.455750 62.390152 8.068949
v 5.455750 62.445747 8.068949
v 5.400149 62.390152 8.068949
v 5.455750 62.390152 8.277449
v 5.455750 60.207848 8.068949
v 5.664249 62.445747 8.068949
v 5.664249 62.445747 8.277449
v 5.664249 62.390152 8.277449
v 5.455750 62.445747 8.277449
v 5.719850 62.390152 8.277449
v 5.664249 62.390152 8.333048
v 5.664249 60.207848 8.277449
v 5.664249 60.207848 8.333048
v 5.455750 60.207848 8.333048
v 5.455750 62.390152 8.333048
v 5.455750 60.207848 8.277449
v 5.455750 60.152252 8.277449
v 5.400149 60.207848 8.277449
v 5.664249 60.152252 8.277449
v 5.400149 60.207848 8.068949
v 5.664249 60.152252 8.068949
v 5.455750 60.152252 8.068949
v 5.400149 62.390152 8.277449
v 5.719850 60.207848 8.277449
v 5.719850 60.207848 8.068949
v 5.719850 62.390152 8.068949
v 4.190850 60.207848 8.408145
v 4.190850 60.207848 8.463745
v 3.982350 60.207848 8.408145
v 4.190850 62.390152 8.408145
v 4.190850 62.390152 8.463745
v 3.982350 62.390152 8.408145
v 3.982350 62.390152 8.463745
v 3.982350 62.445747 8.463745
v 3.926750 62.390152 8.463745
v 3.982350 62.390152 8.672245
v 3.982350 60.207848 8.463745
v 4.190850 62.445747 8.463745
v 4.190850 62.445747 8.672245
v 4.190850 62.390152 8.672245
v 3.982350 62.445747 8.672245
v 4.246450 62.390152 8.672245
v 4.190850 62.390152 8.727845
v 4.190850 60.207848 8.672245
v 3.982350 62.390152 8.727845
v 4.190850 60.207848 8.727845
v 3.982350 60.207848 8.727845
v 3.982350 60.207848 8.672245
v 3.982350 60.152252 8.672245
v 3.926750 60.207848 8.672245
v 4.190850 60.152252 8.672245
v 3.982350 60.152252 8.463745
v 3.926750 60.207848 8.463745
v 4.190850 60.152252 8.463745
v 3.926750 62.390152 8.672245
v 4.246450 60.207848 8.672245
v 4.246450 60.207848 8.463745
v 4.246450 62.390152 8.463745
v 3.112247 60.207848 9.486749
v 3.112247 60.207848 9.542349
v 2.903746 60.207848 9.486749
v 3.112247 62.390152 9.486749
v 2.903746 60.207848 9.542349
v 2.903746 60.152252 9.542349
v 2.903746 60.207848 9.750849
v 2.848146 60.207848 9.542349
v 2.903747 62.390152 9.542349
v 2.903746 60.152252 9.750849
v 2.848146 62.390152 9.542349
v 2.848146 62.390152 9.750849
v 2.903746 62.390152 9.750849
v 2.848146 60.207848 9.750849
v 2.903746 62.445747 9.750849
v 2.903746 62.390152 9.806448
v 3.112246 62.390152 9.750849
v 2.903746 62.445747 9.542349
v 3.112247 62.445747 9.542349
v 3.112247 62.390152 9.542349
v 3.112247 62.445747 9.750849
v 3.167846 62.390152 9.542349
v 3.167846 62.390152 9.750849
v 3.167846 60.207848 9.542349
v 3.167846 60.207848 9.750849
v 3.112246 60.207848 9.750849
v 3.112247 60.152252 9.750849
v 3.112247 60.207848 9.806448
v 2.903746 60.207848 9.806448
v 3.112247 62.390152 9.806448
v 3.112247 60.152252 9.542349
v 2.903746 62.390152 9.486749
vn 0.2588 -0.0000 -0.9659
vn 0.7071 -0.0000 -0.7071
vn 0.9659 -0.0000 -0.2588
vn 0.9659 -0.0000 0.2588
vn 0.7071 -0.0000 0.7071
vn 0.2588 -0.0000 0.9659
vn -0.2588 -0.0000 0.9659
vn -0.7071 -0.0000 0.7071
vn -0.9659 -0.0000 0.2588
vn -0.9659 -0.0000 -0.2588
vn -0.0000 1.0000 -0.0000
vn -0.7071 -0.0000 -0.7071
vn -0.2588 -0.0000 -0.9659
vn -0.0000 -1.0000 -0.0000
vn 0.2225 -0.0000 -0.9749
vn -0.2225 -0.0000 -0.9749
vn 0.9010 -0.0000 -0.4339
vn 1.0000 -0.0000 -0.0000
vn -1.0000 -0.0000 -0.0000
vn -0.9010 -0.0000 -0.4339
vn -0.9010 -0.0000 0.4339
vn -0.2225 -0.0000 0.9749
vn -0.6235 -0.0000 0.7818
vn 0.9010 -0.0000 0.4339
vn 0.6235 -0.0000 0.7818
vn 0.2225 -0.0000 0.9749
vn -0.6235 -0.0000 -0.7818
vn 0.6235 -0.0000 -0.7818
vn 0.8535 0.4927 0.1698
vn 0.8535 0.4927 -0.1698
vn 0.8535 -0.4927 -0.1698
vn 0.8535 -0.4927 0.1698
vn 0.7235 0.4927 0.4834
vn -0.4834 0.4927 -0.7235
vn -0.7235 0.4927 -0.4834
vn -0.1698 0.4927 -0.8535
vn -0.1698 -0.4927 -0.8535
vn -0.4834 -0.4927 -0.7235
vn 0.1698 -0.4927 -0.8535
vn 0.1698 -0.4927 0.8535
vn 0.4834 -0.4927 0.7235
vn -0.1698 -0.4927 0.8535
vn -0.1698 0.4927 0.8535
vn 0.1698 0.4927 0.8535
vn 0.4834 0.4927 0.7235
vn 0.1698 0.4927 -0.8535
vn 0.4834 0.4927 -0.7235
vn 0.7235 0.4927 -0.4834
vn 0.7235 -0.4927 -0.4834
vn 0.4834 -0.4927 -0.7235
vn -0.8535 -0.4927 0.1698
vn -0.7235 -0.4927 0.4834
vn -0.8535 0.4927 0.1698
vn -0.7235 0.4927 0.4834
vn -0.8535 0.4927 -0.1698
vn 0.7235 -0.4927 0.4834
vn -0.7235 -0.4927 -0.4834
vn -0.8535 -0.4927 -0.1698
vn -0.4834 0.4927 0.7235
vn -0.4834 -0.4927 0.7235
vn -0.0000 0.9239 0.3827
vn -0.0000 0.9239 -0.3827
vn -0.0000 -0.3827 0.9239
vn -0.0000 -0.9239 0.3827
vn -0.0000 0.3827 0.9239
vn -0.0000 -0.3827 -0.9239
vn -0.0000 0.3827 -0.9239
vn -0.0000 -0.9239 -0.3827
vn -0.0000 -0.0000 -1.0000
vn -0.0000 -0.0000 1.0000
vn -0.0001 1.0000 -0.0000
vt 1.000000 1.000000
vt 0.916667 0.500000
vt 1.000000 0.500000
vt 0.916667 1.000000
vt 0.833333 0.500000
vt 0.833333 1.000000
vt 0.750000 0.500000
vt 0.750000 1.000000
vt 0.666667 0.500000
vt 0.666667 1.000000
vt 0.583333 0.500000
vt 0.583333 1.000000
vt 0.500000 0.500000
vt 0.500000 1.000000
vt 0.416667 0.500000
vt 0.416667 1.000000
vt 0.333333 0.500000
vt 0.333333 1.000000
vt 0.250000 0.500000
vt 0.250000 1.000000
vt 0.166667 0.500000
vt 0.042154 0.370000
vt 0.250000 0.010000
vt 0.457846 0.370000
vt 0.166667 1.000000
vt 0.083333 0.500000
vt 0.083333 1.000000
vt 0.000000 0.500000
vt 0.990000 0.250000
vt 0.630000 0.042154
vt 0.630000 0.457846
vt 0.370000 0.457846
vt 0.250000 0.490000
vt 0.130000 0.457846
vt 0.010000 0.250000
vt 0.042154 0.130000
vt 0.130000 0.042154
vt 0.370000 0.042154
vt 0.457846 0.130000
vt 0.490000 0.250000
vt 0.000000 1.000000
vt 0.750000 0.490000
vt 0.870000 0.457846
vt 0.957846 0.370000
vt 0.957846 0.130000
vt 0.870000 0.042154
vt 0.750000 0.010000
vt 0.542154 0.130000
vt 0.510000 0.250000
vt 0.542154 0.370000
vt 0.042154 0.370000
vt 0.010000 0.250000
vt 0.042154 0.130000
vt 0.250000 0.010000
vt 0.370000 0.042154
vt 0.130000 0.042154
vt 0.870000 0.042154
vt 0.750000 0.010000
vt 0.630000 0.042154
vt 0.854132 0.466233
vt 0.983983 0.303405
vt 0.928571 0.500000
vt 0.071428 1.000000
vt -0.000000 1.000000
vt -0.000000 0.500000
vt 0.645868 0.466233
vt 0.071428 0.500000
vt 0.937640 0.399638
vt 0.857143 1.000000
vt 0.785714 0.500000
vt 0.857143 0.500000
vt 0.785714 1.000000
vt 0.714286 0.500000
vt 0.983983 0.196595
vt 0.937640 0.100362
vt 0.516017 0.303405
vt 0.562360 0.100362
vt 0.516017 0.196595
vt 0.285714 1.000000
vt 0.214286 0.500000
vt 0.285714 0.500000
vt 0.214286 1.000000
vt 0.142857 0.500000
vt 0.562360 0.399638
vt 0.016017 0.196595
vt 0.062360 0.100362
vt 0.145868 0.033767
vt 0.357143 1.000000
vt 0.016017 0.303405
vt 0.483983 0.196595
vt 0.500000 1.000000
vt 0.428571 1.000000
vt 0.428571 0.500000
vt 0.357143 0.500000
vt 0.062360 0.399638
vt 0.437640 0.399638
vt 0.483983 0.303405
vt 0.714286 1.000000
vt 0.642857 0.500000
vt 0.354132 0.033767
vt 0.437640 0.100362
vt 0.642857 1.000000
vt 0.571428 1.000000
vt 0.571428 0.500000
vt 0.500000 0.500000
vt 0.854132 0.033767
vt 0.142857 1.000000
vt 0.145868 0.466233
vt 0.645868 0.033767
vt 0.354132 0.466233
vt 0.928571 1.000000
vt 0.500000 0.500000
vt 0.500000 0.666667
vt 0.437500 0.666667
vt 0.562500 0.500000
vt 0.500000 0.333333
vt 0.437500 0.500000
vt 0.375000 0.666667
vt 0.375000 0.833333
vt 0.437500 0.833333
vt 0.312500 0.833333
vt 0.312500 1.000000
vt 0.375000 1.000000
vt 0.250000 1.000000
vt 0.312500 -0.000000
vt 0.250000 0.166667
vt 0.250000 -0.000000
vt 0.312500 0.166667
vt 0.375000 -0.000000
vt 0.187500 -0.000000
vt 0.187500 0.166667
vt 0.250000 0.333333
vt 0.312500 0.333333
vt 0.375000 0.333333
vt 0.250000 0.500000
vt 0.312500 0.500000
vt 0.187500 0.333333
vt 0.187500 0.500000
vt 0.187500 0.666667
vt 0.250000 0.666667
vt 0.312500 0.666667
vt 0.250000 0.833333
vt 0.187500 0.833333
vt 0.187500 1.000000
vt 0.125000 0.666667
vt 0.125000 1.000000
vt 0.125000 0.833333
vt 0.062500 1.000000
vt 0.062500 -0.000000
vt 0.125000 -0.000000
vt 0.125000 0.166667
vt 0.062500 0.333333
vt 0.062500 0.166667
vt 0.125000 0.333333
vt 0.000000 0.333333
vt 0.062500 0.500000
vt 0.000000 0.500000
vt 0.000000 0.666667
vt 0.062500 0.666667
vt 0.125000 0.500000
vt 1.000000 0.666667
vt 0.937500 0.666667
vt 1.000000 0.833333
vt 0.062500 0.833333
vt 0.000000 0.833333
vt 0.000000 1.000000
vt 0.937500 1.000000
vt 1.000000 -0.000000
vt 0.937500 0.166667
vt 0.937500 -0.000000
vt 1.000000 0.166667
vt 0.000000 0.166667
vt 0.000000 -0.000000
vt 0.875000 0.166667
vt 0.937500 0.333333
vt 0.875000 0.333333
vt 0.937500 0.500000
vt 1.000000 0.333333
vt 0.875000 0.500000
vt 0.875000 0.666667
vt 0.812500 0.666667
vt 0.812500 0.833333
vt 0.875000 0.833333
vt 0.750000 0.666667
vt 0.750000 0.833333
vt 0.812500 1.000000
vt 0.875000 1.000000
vt 0.875000 -0.000000
vt 0.812500 0.166667
vt 0.812500 -0.000000
vt 0.750000 0.166667
vt 0.750000 0.333333
vt 0.812500 0.333333
vt 0.687500 0.333333
vt 0.750000 0.500000
vt 0.687500 0.500000
vt 0.687500 0.666667
vt 0.812500 0.500000
vt 0.625000 0.666667
vt 0.687500 0.833333
vt 0.625000 0.833333
vt 0.687500 1.000000
vt 0.687500 -0.000000
vt 0.625000 0.166667
vt 0.625000 -0.000000
vt 0.625000 1.000000
vt 0.687500 0.166667
vt 0.750000 -0.000000
vt 0.750000 1.000000
vt 0.562500 -0.000000
vt 0.562500 0.166667
vt 0.625000 0.333333
vt 0.562500 0.833333
vt 0.562500 1.000000
vt 0.500000 1.000000
vt 0.500000 0.166667
vt 0.500000 -0.000000
vt 0.437500 0.166667
vt 0.437500 0.333333
vt 0.437500 -0.000000
vt 0.375000 0.166667
vt 0.437500 1.000000
vt 0.500000 0.833333
vt 0.562500 0.666667
vt 0.562500 0.333333
vt 0.625000 0.500000
vt 0.937500 0.833333
vt 0.375000 0.500000
vt 0.919706 0.419706
vt 0.919706 0.080294
vt 0.580294 0.419706
vt 0.419706 0.419706
vt 0.419706 0.080294
vt 0.080294 0.080294
vt 0.080294 0.419706
vt 0.580294 0.080294
vt 0.000000 0.000000
s 0
usemtl Hull
f 114/107/138 115/108/138 113/109/138
f 116/110/139 117/111/139 115/108/139
f 118/112/140 119/113/140 117/111/140
f 120/114/141 121/115/141 119/113/141
f 122/116/142 123/117/142 121/115/142
f 124/118/143 125/119/143 123/117/143
f 126/120/144 127/121/144 125/119/144
f 128/122/145 129/123/145 127/121/145
f 130/124/146 131/125/146 129/123/146
f 132/126/147 133/127/147 131/125/147
f 134/128/148 126/129/148 118/130/148
f 134/131/149 135/132/149 133/127/149
f 136/133/150 113/134/150 135/132/150
f 119/135/151 127/136/151 135/137/151
f 114/107/138 116/110/138 115/108/138
f 116/110/139 118/112/139 117/111/139
f 118/112/140 120/114/140 119/113/140
f 120/114/141 122/116/141 121/115/141
f 122/116/142 124/118/142 123/117/142
f 124/118/143 126/120/143 125/119/143
f 126/120/144 128/122/144 127/121/144
f 128/122/145 130/124/145 129/123/145
f 130/124/146 132/126/146 131/125/146
f 132/126/147 134/131/147 133/127/147
f 118/130/148 116/138/148 114/139/148
f 114/139/148 136/140/148 118/130/148
f 136/140/148 134/128/148 118/130/148
f 134/128/148 132/141/148 130/142/148
f 130/142/148 128/143/148 134/128/148
f 128/143/148 126/129/148 134/128/148
f 126/129/148 124/144/148 122/145/148
f 122/145/148 120/146/148 118/130/148
f 126/129/148 122/145/148 118/130/148
f 134/131/149 136/133/149 135/132/149
f 136/133/150 114/147/150 113/134/150
f 135/137/151 113/148/151 115/149/151
f 115/149/151 117/150/151 135/137/151
f 117/150/151 119/135/151 135/137/151
f 119/135/151 121/151/151 123/152/151
f 123/152/151 125/153/151 127/136/151
f 127/136/151 129/154/151 131/155/151
f 131/155/151 133/156/151 127/136/151
f 133/156/151 135/137/151 127/136/151
f 119/135/151 123/152/151 127/136/151
usemtl Gold
f 140/137/151 137/148/151 138/149/151
f 139/107/138 138/108/138 137/109/138
f 141/133/150 139/147/150 137/134/150
f 141/133/150 137/134/150 140/132/150
f 142/131/149 141/133/149 140/132/149
f 139/139/148 141/140/148 142/157/148
f 142/157/148 143/158/148 145/159/148
f 143/126/147 142/131/147 144/127/147
f 142/131/149 140/132/149 144/127/149
f 146/130/148 139/139/148 142/157/148
f 142/157/148 145/159/148 147/160/148
f 142/157/148 147/160/148 146/130/148
f 147/160/148 148/161/148 152/145/148
f 148/118/143 147/120/143 149/119/143
f 147/120/144 151/121/144 149/119/144
f 145/159/148 150/162/148 147/160/148
f 147/120/144 150/122/144 151/121/144
f 147/160/148 152/145/148 146/130/148
f 152/145/148 153/146/148 146/130/148
f 153/114/141 152/116/141 154/115/141
f 152/116/142 155/117/142 154/115/142
f 152/116/142 148/118/142 155/117/142
f 156/135/151 154/151/151 155/163/151
f 148/118/143 149/119/143 155/117/143
f 155/163/151 149/164/151 151/165/151
f 156/135/151 155/163/151 151/165/151
f 138/149/151 157/150/151 156/135/151
f 146/112/140 156/113/140 157/111/140
f 146/112/140 153/114/140 156/113/140
f 153/114/141 154/115/141 156/113/141
f 140/137/151 138/149/151 156/135/151
f 156/135/151 151/165/151 140/137/151
f 158/110/139 157/111/139 138/108/139
f 158/110/139 146/112/139 157/111/139
f 146/130/148 158/138/148 139/139/148
f 139/107/138 158/110/138 138/108/138
f 150/122/145 159/123/145 151/121/145
f 151/165/151 159/154/151 160/155/151
f 151/165/151 160/155/151 140/137/151
f 145/124/146 160/125/146 159/123/146
f 145/124/146 143/126/146 160/125/146
f 143/126/147 144/127/147 160/125/147
f 160/155/151 144/156/151 140/137/151
f 150/122/145 145/124/145 159/123/145
f 164/137/151 161/148/151 162/149/151
f 163/107/138 162/108/138 161/109/138
f 165/133/150 163/147/150 161/134/150
f 165/133/150 161/134/150 164/132/150
f 166/131/149 165/133/149 164/132/149
f 163/139/148 165/140/148 166/157/148
f 166/157/148 167/158/148 169/159/148
f 167/126/147 166/131/147 168/127/147
f 166/131/149 164/132/149 168/127/149
f 170/130/148 163/139/148 166/157/148
f 166/157/148 169/159/148 171/160/148
f 166/157/148 171/160/148 170/130/148
f 171/160/148 172/161/148 176/145/148
f 172/118/143 171/120/143 173/119/143
f 171/120/144 175/121/144 173/119/144
f 169/159/148 174/162/148 171/160/148
f 171/120/144 174/122/144 175/121/144
f 171/160/148 176/145/148 170/130/148
f 176/145/148 177/146/148 170/130/148
f 177/114/141 176/116/141 178/115/141
f 176/116/142 179/117/142 178/115/142
f 176/116/142 172/118/142 179/117/142
f 180/135/151 178/151/151 179/163/151
f 172/118/143 173/119/143 179/117/143
f 179/163/151 173/164/151 175/165/151
f 180/135/151 179/163/151 175/165/151
f 162/149/151 181/150/151 180/135/151
f 170/112/140 180/113/140 181/111/140
f 170/112/140 177/114/140 180/113/140
f 177/114/141 178/115/141 180/113/141
f 164/137/151 162/149/151 180/135/151
f 180/135/151 175/165/151 164/137/151
f 182/110/139 181/111/139 162/108/139
f 182/110/139 170/112/139 181/111/139
f 170/130/148 182/138/148 163/139/148
f 163/107/138 182/110/138 162/108/138
f 174/122/145 183/123/145 175/121/145
f 175/165/151 183/154/151 184/155/151
f 175/165/151 184/155/151 164/137/151
f 169/124/146 184/125/146 183/123/146
f 169/124/146 167/126/146 184/125/146
f 167/126/147 168/127/147 184/125/147
f 184/155/151 168/156/151 164/137/151
f 174/122/145 169/124/145 183/123/145
f 188/137/151 185/148/151 186/149/151
f 187/107/138 186/108/138 185/109/138
f 189/133/150 187/147/150 185/134/150
f 189/133/150 185/134/150 188/132/150
f 190/131/149 189/133/149 188/132/149
f 187/139/148 189/140/148 190/157/148
f 190/157/148 191/158/148 193/159/148
f 191/126/147 190/131/147 192/127/147
f 190/131/149 188/132/149 192/127/149
f 194/130/148 187/139/148 190/157/148
f 190/157/148 193/159/148 195/160/148
f 190/157/148 195/160/148 194/130/148
f 195/160/148 196/161/148 200/145/148
f 196/118/143 195/120/143 197/119/143
f 195/120/144 199/121/144 197/119/144
f 193/159/148 198/162/148 195/160/148
f 195/120/144 198/122/144 199/121/144
f 195/160/148 200/145/148 194/130/148
f 200/145/148 201/146/148 194/130/148
f 201/114/141 200/116/141 202/115/141
f 200/116/142 203/117/142 202/115/142
f 200/116/142 196/118/142 203/117/142
f 204/135/151 202/151/151 203/163/151
f 196/118/143 197/119/143 203/117/143
f 203/163/151 197/164/151 199/165/151
f 204/135/151 203/163/151 199/165/151
f 186/149/151 205/150/151 204/135/151
f 194/112/140 204/113/140 205/111/140
f 194/112/140 201/114/140 204/113/140
f 201/114/141 202/115/141 204/113/141
f 188/137/151 186/149/151 204/135/151
f 204/135/151 199/165/151 188/137/151
f 206/110/139 205/111/139 186/108/139
f 206/110/139 194/112/139 205/111/139
f 194/130/148 206/138/148 187/139/148
f 187/107/138 206/110/138 186/108/138
f 198/122/145 207/123/145 199/121/145
f 199/165/151 207/154/151 208/155/151
f 199/165/151 208/155/151 188/137/151
f 193/124/146 208/125/146 207/123/146
f 193/124/146 191/126/146 208/125/146
f 191/126/147 192/127/147 208/125/147
f 208/155/151 192/156/151 188/137/151
f 198/122/145 193/124/145 207/123/145
f 212/137/151 209/148/151 210/149/151
f 211/107/138 210/108/138 209/109/138
f 213/133/150 211/147/150 209/134/150
f 213/133/150 209/134/150 212/132/150
f 214/131/149 213/133/149 212/132/149
f 211/139/148 213/140/148 214/157/148
f 214/157/148 215/158/148 217/159/148
f 215/126/147 214/131/147 216/127/147
f 214/131/149 212/132/149 216/127/149
f 218/130/148 211/139/148 214/157/148
f 214/157/148 217/159/148 219/160/148
f 214/157/148 219/160/148 218/130/148
f 219/160/148 220/161/148 224/145/148
f 220/118/143 219/120/143 221/119/143
f 219/120/144 223/121/144 221/119/144
f 217/159/148 222/162/148 219/160/148
f 219/120/144 222/122/144 223/121/144
f 219/160/148 224/145/148 218/130/148
f 224/145/148 225/146/148 218/130/148
f 225/114/141 224/116/141 226/115/141
f 224/116/142 227/117/142 226/115/142
f 224/116/142 220/118/142 227/117/142
f 228/135/151 226/151/151 227/163/151
f 220/118/143 221/119/143 227/117/143
f 227/163/151 221/164/151 223/165/151
f 228/135/151 227/163/151 223/165/151
f 210/149/151 229/150/151 228/135/151
f 218/112/140 228/113/140 229/111/140
f 218/112/140 225/114/140 228/113/140
f 225/114/141 226/115/141 228/113/141
f 212/137/151 210/149/151 228/135/151
f 228/135/151 223/165/151 212/137/151
f 230/110/139 229/111/139 210/108/139
f 230/110/139 218/112/139 229/111/139
f 218/130/148 230/138/148 211/139/148
f 211/107/138 230/110/138 210/108/138
f 222/122/145 231/123/145 223/121/145
f 223/165/151 231/154/151 232/155/151
f 223/165/151 232/155/151 212/137/151
f 217/124/146 232/125/146 231/123/146
f 217/124/146 215/126/146 232/125/146
f 215/126/147 216/127/147 232/125/147
f 232/155/151 216/156/151 212/137/151
f 222/122/145 217/124/145 231/123/145
f 236/137/151 233/148/151 234/149/151
f 235/107/138 234/108/138 233/109/138
f 237/133/150 235/147/150 233/134/150
f 237/133/150 233/134/150 236/132/150
f 238/131/149 237/133/149 236/132/149
f 235/139/148 237/140/148 238/157/148
f 238/157/148 239/158/148 241/159/148
f 239/126/147 238/131/147 240/127/147
f 238/131/149 236/132/149 240/127/149
f 242/130/148 235/139/148 238/157/148
f 238/157/148 241/159/148 243/160/148
f 238/157/148 243/160/148 242/130/148
f 243/160/148 244/161/148 248/145/148
f 244/118/143 243/120/143 245/119/143
f 243/120/144 247/121/144 245/119/144
f 241/159/148 246/162/148 243/160/148
f 243/120/144 246/122/144 247/121/144
f 243/160/148 248/145/148 242/130/148
f 248/145/148 249/146/148 242/130/148
f 249/114/141 248/116/141 250/115/141
f 248/116/142 251/117/142 250/115/142
f 248/116/142 244/118/142 251/117/142
f 252/135/151 250/151/151 251/163/151
f 244/118/143 245/119/143 251/117/143
f 251/163/151 245/164/151 247/165/151
f 252/135/151 251/163/151 247/165/151
f 234/149/151 253/150/151 252/135/151
f 242/112/140 252/113/140 253/111/140
f 242/112/140 249/114/140 252/113/140
f 249/114/141 250/115/141 252/113/141
f 236/137/151 234/149/151 252/135/151
f 252/135/151 247/165/151 236/137/151
f 254/110/139 253/111/139 234/108/139
f 254/110/139 242/112/139 253/111/139
f 242/130/148 254/138/148 235/139/148
f 235/107/138 254/110/138 234/108/138
f 246/122/145 255/123/145 247/121/145
f 247/165/151 255/154/151 256/155/151
f 247/165/151 256/155/151 236/137/151
f 241/124/146 256/125/146 255/123/146
f 241/124/146 239/126/146 256/125/146
f 239/126/147 240/127/147 256/125/147
f 256/155/151 240/156/151 236/137/151
f 246/122/145 241/124/145 255/123/145
f 285/218/166 286/219/166 290/220/166
f 287/221/167 286/219/167 285/218/167
f 288/222/168 287/221/168 285/218/168
f 288/222/169 285/218/169 289/223/169
f 285/218/166 290/220/166 289/223/166
f 289/223/170 290/220/170 291/224/170
f 290/220/148 293/225/148 291/224/148
f 290/220/148 292/226/148 293/225/148
f 286/219/148 292/226/148 290/220/148
f 291/224/148 293/225/148 294/227/148
f 293/225/171 296/228/171 294/227/171
f 293/225/171 295/229/171 296/228/171
f 292/226/172 295/229/172 293/225/172
f 294/227/173 296/228/173 297/230/173
f 296/231/174 299/232/174 297/233/174
f 296/231/174 298/234/174 299/232/174
f 295/235/175 298/234/175 296/231/175
f 302/236/176 297/233/176 299/232/176
f 300/237/151 299/232/151 301/238/151
f 302/236/176 299/232/176 300/237/176
f 299/232/151 303/239/151 301/238/151
f 299/232/151 298/234/151 303/239/151
f 298/234/151 305/240/151 303/239/151
f 303/239/177 306/241/177 301/238/177
f 303/239/177 304/242/177 306/241/177
f 305/240/178 304/242/178 303/239/178
f 310/243/179 306/241/179 307/244/179
f 306/241/180 309/245/180 307/244/180
f 306/241/180 308/246/180 309/245/180
f 306/241/181 311/247/181 308/246/181
f 310/243/179 301/238/179 306/241/179
f 306/241/181 304/242/181 311/247/181
f 304/242/182 291/224/182 311/247/182
f 311/247/148 312/248/148 308/246/148
f 311/247/148 294/227/148 312/248/148
f 291/224/148 294/227/148 311/247/148
f 308/246/148 312/248/148 313/249/148
f 312/248/183 302/250/183 313/249/183
f 312/248/183 297/230/183 302/250/183
f 294/227/173 297/230/173 312/248/173
f 315/251/148 309/245/148 313/249/148
f 308/246/148 313/249/148 309/245/148
f 313/249/184 316/252/184 314/253/184
f 315/251/148 313/249/148 314/253/148
f 313/249/184 302/250/184 316/252/184
f 314/253/185 316/252/185 317/254/185
f 317/255/186 316/256/186 318/257/186
f 316/256/187 300/237/187 318/257/187
f 316/256/187 302/236/187 300/237/187
f 318/257/151 321/258/151 319/259/151
f 317/255/186 318/257/186 319/259/186
f 318/257/151 320/260/151 321/258/151
f 300/237/151 320/260/151 318/257/151
f 319/259/151 321/258/151 322/261/151
f 322/261/188 321/258/188 323/262/188
f 320/260/189 323/262/189 321/258/189
f 322/261/188 323/262/188 324/263/188
f 323/262/190 327/264/190 324/263/190
f 323/262/190 325/265/190 327/264/190
f 323/262/191 315/251/191 325/265/191
f 320/260/189 326/266/189 323/262/189
f 323/262/191 326/266/191 315/251/191
f 324/109/192 327/267/192 328/268/192
f 328/268/148 327/267/148 329/269/148
f 327/264/148 330/270/148 329/271/148
f 327/264/148 325/265/148 330/270/148
f 325/265/148 314/253/148 330/270/148
f 330/270/167 331/272/167 329/271/167
f 330/270/167 317/254/167 331/272/167
f 314/253/185 317/254/185 330/270/185
f 329/269/166 331/107/166 332/273/166
f 331/274/169 334/275/169 332/276/169
f 331/274/169 333/277/169 334/275/169
f 317/255/168 333/278/168 331/279/168
f 332/276/193 334/275/193 335/280/193
f 335/280/151 334/275/151 336/281/151
f 333/277/151 336/281/151 334/275/151
f 337/282/194 336/281/194 338/283/194
f 335/280/151 336/281/151 337/282/151
f 336/281/195 324/109/195 338/283/195
f 336/281/195 322/284/195 324/109/195
f 333/277/151 322/284/151 336/281/151
f 337/282/194 338/283/194 339/285/194
f 338/283/172 340/286/172 339/285/172
f 338/283/172 328/268/172 340/286/172
f 324/109/192 328/268/192 338/283/192
f 339/285/171 340/286/171 341/287/171
f 340/286/148 343/288/148 341/287/148
f 340/286/148 342/289/148 343/288/148
f 328/268/148 342/289/148 340/286/148
f 346/290/148 341/287/148 343/288/148
f 344/291/181 343/288/181 345/292/181
f 346/290/148 343/288/148 344/291/148
f 343/288/182 347/293/182 345/292/182
f 343/288/182 342/289/182 347/293/182
f 342/289/170 332/273/170 347/293/170
f 347/294/178 348/295/178 345/296/178
f 347/294/178 335/280/178 348/295/178
f 332/276/193 335/280/193 347/294/193
f 345/296/177 348/295/177 349/297/177
f 348/295/151 351/298/151 349/297/151
f 348/295/151 350/299/151 351/298/151
f 348/295/151 337/282/151 350/299/151
f 348/295/151 335/280/151 337/282/151
f 349/297/151 351/298/151 352/300/151
f 352/300/176 351/298/176 353/301/176
f 350/299/174 353/301/174 351/298/174
f 352/300/176 353/301/176 354/302/176
f 353/301/183 356/303/183 354/302/183
f 353/301/183 346/290/183 356/303/183
f 353/301/173 341/287/173 346/290/173
f 350/299/174 355/304/174 353/301/174
f 353/301/173 355/304/173 341/287/173
f 354/302/184 356/303/184 357/305/184
f 357/305/148 356/303/148 358/306/148
f 356/303/148 344/291/148 358/306/148
f 356/303/148 346/290/148 344/291/148
f 359/307/196 358/306/196 360/308/196
f 357/305/148 358/306/148 359/307/148
f 344/291/180 360/308/180 358/306/180
f 360/309/197 364/310/197 361/311/197
f 359/307/196 360/308/196 361/312/196
f 360/309/197 362/313/197 364/310/197
f 363/314/179 362/313/179 360/309/179
f 344/291/180 363/315/180 360/308/180
f 367/316/189 361/311/189 364/310/189
f 365/317/151 364/310/151 366/318/151
f 367/316/189 364/310/189 365/317/189
f 362/313/151 366/318/151 364/310/151
f 368/319/190 367/320/190 369/321/190
f 359/307/191 367/320/191 368/319/191
f 367/316/188 370/322/188 369/323/188
f 367/316/188 365/317/188 370/322/188
f 359/307/191 361/312/191 367/320/191
f 369/323/195 370/322/195 371/324/195
f 365/317/151 288/222/151 370/322/151
f 370/322/151 288/222/151 372/325/151
f 370/322/151 372/325/151 371/324/151
f 371/324/151 372/325/151 305/240/151
f 305/240/193 372/325/193 289/223/193
f 288/222/169 289/223/169 372/325/169
f 373/326/194 371/324/194 374/327/194
f 369/323/195 371/324/195 373/326/195
f 371/324/151 305/240/151 374/327/151
f 295/235/175 374/327/175 298/234/175
f 373/326/194 374/327/194 295/235/194
f 298/234/151 374/327/151 305/240/151
f 292/226/172 373/328/172 295/229/172
f 375/329/192 373/328/192 292/226/192
f 375/329/192 369/321/192 373/328/192
f 286/219/148 375/329/148 292/226/148
f 286/219/148 368/319/148 375/329/148
f 368/319/190 369/321/190 375/329/190
f 286/219/148 376/330/148 368/319/148
f 357/305/148 368/319/148 376/330/148
f 357/305/148 359/307/148 368/319/148
f 287/221/167 376/330/167 286/219/167
f 287/221/185 357/305/185 376/330/185
f 366/318/186 287/221/186 377/331/186
f 365/317/151 366/318/151 377/331/151
f 366/318/186 378/332/186 287/221/186
f 366/318/187 354/302/187 378/332/187
f 366/318/187 352/300/187 354/302/187
f 362/313/151 352/300/151 366/318/151
f 287/221/185 378/332/185 357/305/185
f 354/302/184 357/305/184 378/332/184
f 365/317/151 377/331/151 288/222/151
f 288/222/168 377/331/168 287/221/168
f 344/291/181 345/292/181 363/315/181
f 363/314/179 349/297/179 362/313/179
f 345/296/177 349/297/177 363/314/177
f 349/297/151 352/300/151 362/313/151
f 339/285/171 341/287/171 355/304/171
f 350/299/175 339/285/175 355/304/175
f 350/299/175 337/282/175 339/285/175
f 342/289/170 379/333/170 332/273/170
f 328/268/148 379/333/148 342/289/148
f 328/268/148 329/269/148 379/333/148
f 329/269/166 332/273/166 379/333/166
f 319/259/151 322/261/151 333/278/151
f 317/255/168 319/259/168 333/278/168
f 326/266/196 309/245/196 315/251/196
f 310/243/197 326/266/197 320/260/197
f 310/243/197 307/244/197 326/266/197
f 326/266/196 307/244/196 309/245/196
f 325/265/148 315/251/148 314/253/148
f 300/237/151 310/243/151 320/260/151
f 300/237/151 301/238/151 310/243/151
f 305/240/178 380/334/178 304/242/178
f 305/240/193 289/223/193 380/334/193
f 304/242/182 380/334/182 291/224/182
f 289/223/170 291/224/170 380/334/170
usemtl HullDark
f 257/148/151 258/166/151 262/167/151
f 259/107/152 258/168/152 257/109/152
f 261/169/153 259/170/153 257/171/153
f 260/172/151 257/148/151 262/167/151
f 261/169/153 257/171/153 260/173/153
f 258/166/151 263/174/151 262/167/151
f 266/175/154 262/176/154 263/177/154
f 266/175/154 264/178/154 262/176/154
f 264/178/155 265/179/155 262/176/155
f 262/167/151 265/180/151 267/181/151
f 270/182/151 260/172/151 262/167/151
f 262/167/151 267/181/151 268/153/151
f 268/153/151 269/183/151 262/167/151
f 269/183/151 270/182/151 262/167/151
f 269/183/151 271/184/151 270/182/151
f 274/185/156 270/186/156 271/187/156
f 274/185/156 272/188/156 270/186/156
f 272/188/157 273/189/157 270/186/157
f 270/182/151 273/190/151 260/172/151
f 274/191/148 275/192/148 276/193/148
f 275/194/158 274/185/158 271/187/158
f 272/195/148 274/191/148 276/193/148
f 276/193/148 277/129/148 280/196/148
f 277/197/159 276/198/159 278/199/159
f 276/198/160 269/200/160 278/199/160
f 276/198/160 275/194/160 269/200/160
f 279/201/148 272/195/148 276/193/148
f 266/202/148 279/201/148 276/193/148
f 280/196/148 266/202/148 276/193/148
f 280/196/148 264/203/148 266/202/148
f 264/178/155 280/204/155 265/179/155
f 280/204/161 267/205/161 265/179/161
f 282/206/148 281/207/148 280/196/148
f 280/204/161 281/208/161 267/205/161
f 277/129/148 282/206/148 280/196/148
f 281/208/162 282/209/162 283/210/162
f 282/209/163 268/211/163 283/210/163
f 282/209/163 277/197/163 268/211/163
f 267/181/151 283/212/151 268/153/151
f 281/208/162 283/210/162 267/205/162
f 272/188/157 279/213/157 273/189/157
f 279/213/164 260/173/164 273/189/164
f 279/213/164 261/169/164 260/173/164
f 259/139/148 261/214/148 279/201/148
f 266/202/148 259/139/148 279/201/148
f 268/153/151 278/215/151 269/183/151
f 277/197/159 278/199/159 268/211/159
f 275/194/158 271/187/158 269/200/158
f 266/202/148 284/216/148 259/139/148
f 284/217/165 266/175/165 263/177/165
f 259/107/152 284/217/152 258/168/152
f 284/217/165 263/177/165 258/168/165
f 381/148/155 382/335/155 386/336/155
f 383/107/198 382/285/198 381/109/198
f 385/252/199 383/272/199 381/263/199
f 384/337/155 381/148/155 386/336/155
f 385/252/199 381/263/199 384/266/199
f 382/335/155 387/135/155 386/336/155
f 390/315/200 386/332/200 387/301/200
f 390/315/200 388/312/200 386/332/200
f 388/312/201 389/218/201 386/332/201
f 386/336/155 389/153/155 384/337/155
f 390/146/156 391/338/156 383/139/156
f 382/285/202 391/293/202 390/315/202
f 382/285/202 390/315/202 387/301/202
f 388/339/156 390/146/156 392/141/156
f 390/146/156 383/139/156 392/141/156
f 392/141/156 393/340/156 395/129/156
f 393/229/203 392/230/203 394/241/203
f 394/241/204 392/230/204 385/252/204
f 383/139/156 385/341/156 392/141/156
f 395/129/156 388/339/156 392/141/156
f 388/312/201 395/321/201 389/218/201
f 389/218/205 395/321/205 393/229/205
f 396/342/155 394/155/155 384/337/155
f 393/229/203 394/241/203 396/334/203
f 394/241/204 385/252/204 384/266/204
f 389/153/155 396/342/155 384/337/155
f 389/218/205 393/229/205 396/334/205
f 383/107/198 391/293/198 382/285/198
f 400/343/155 398/343/155 397/343/155
f 401/343/151 397/343/151 398/343/151
f 401/343/151 399/343/151 397/343/151
f 399/343/206 400/343/206 397/343/206
f 402/343/206 401/343/206 398/343/206
f 406/343/156 401/343/156 402/343/156
f 405/343/156 399/343/156 401/343/156
f 406/343/156 403/343/156 401/343/156
f 403/343/151 404/343/151 401/343/151
f 407/343/206 401/343/206 404/343/206
f 407/343/206 405/343/206 401/343/206
f 408/343/148 405/343/148 407/343/148
f 409/343/156 408/343/156 407/343/156
f 409/343/156 407/343/156 404/343/156
f 403/343/151 409/343/151 404/343/151
f 410/343/207 409/343/207 403/343/207
f 410/343/207 408/343/207 409/343/207
f 408/343/148 410/343/148 405/343/148
f 410/343/156 414/343/156 405/343/156
f 410/343/156 411/343/156 414/343/156
f 413/343/207 411/343/207 410/343/207
f 412/343/156 410/343/156 403/343/156
f 412/343/148 413/343/148 410/343/148
f 405/343/206 414/343/206 415/343/206
f 415/343/148 414/343/148 411/343/148
f 405/343/206 415/343/206 416/343/206
f 417/343/155 416/343/155 415/343/155
f 415/343/148 411/343/148 417/343/148
f 413/343/207 417/343/207 411/343/207
f 417/343/155 413/343/155 416/343/155
f 416/343/148 413/343/148 419/343/148
f 416/343/206 418/343/206 420/343/206
f 416/343/148 419/343/148 418/343/148
f 400/343/155 416/343/155 398/343/155
f 400/343/148 405/343/148 416/343/148
f 416/343/206 420/343/206 398/343/206
f 421/343/151 398/343/151 420/343/151
f 420/343/155 419/343/155 421/343/155
f 420/343/155 418/343/155 419/343/155
f 421/343/151 422/343/151 398/343/151
f 419/343/207 422/343/207 421/343/207
f 422/343/155 425/343/155 398/343/155
f 423/343/207 422/343/207 403/343/207
f 422/343/155 423/343/155 425/343/155
f 422/343/151 426/343/151 403/343/151
f 422/343/151 424/343/151 426/343/151
f 413/343/155 424/343/155 422/343/155
f 419/343/207 413/343/207 422/343/207
f 412/343/156 403/343/156 426/343/156
f 424/343/207 412/343/207 426/343/207
f 402/343/206 398/343/206 425/343/206
f 425/343/151 406/343/151 402/343/151
f 425/343/151 423/343/151 406/343/151
f 424/343/207 427/343/207 412/343/207
f 413/343/155 427/343/155 424/343/155
f 412/343/148 427/343/148 413/343/148
f 423/343/207 403/343/207 406/343/207
f 405/343/156 428/343/156 399/343/156
f 400/343/148 428/343/148 405/343/148
f 399/343/206 428/343/206 400/343/206
f 432/343/155 430/343/155 429/343/155
f 433/343/151 429/343/151 430/343/151
f 433/343/151 431/343/151 429/343/151
f 431/343/206 432/343/206 429/343/206
f 434/343/206 433/343/206 430/343/206
f 434/343/156 435/343/156 433/343/156
f 437/343/156 431/343/156 433/343/156
f 435/343/151 436/343/151 433/343/151
f 438/343/206 433/343/206 436/343/206
f 438/343/206 437/343/206 433/343/206
f 438/343/148 440/343/148 437/343/148
f 441/343/156 439/343/156 438/343/156
f 438/343/148 439/343/148 440/343/148
f 441/343/156 438/343/156 436/343/156
f 435/343/151 441/343/151 436/343/151
f 440/343/207 441/343/207 435/343/207
f 440/343/207 439/343/207 441/343/207
f 440/343/156 445/343/156 437/343/156
f 440/343/156 442/343/156 445/343/156
f 444/343/207 442/343/207 440/343/207
f 443/343/156 440/343/156 435/343/156
f 443/343/148 444/343/148 440/343/148
f 437/343/206 445/343/206 446/343/206
f 446/343/148 445/343/148 442/343/148
f 437/343/206 446/343/206 447/343/206
f 448/343/155 447/343/155 446/343/155
f 446/343/148 442/343/148 448/343/148
f 444/343/207 448/343/207 442/343/207
f 448/343/155 444/343/155 447/343/155
f 447/343/148 444/343/148 450/343/148
f 447/343/206 449/343/206 451/343/206
f 447/343/148 450/343/148 449/343/148
f 432/343/155 447/343/155 430/343/155
f 432/343/148 437/343/148 447/343/148
f 447/343/206 451/343/206 430/343/206
f 452/343/151 430/343/151 451/343/151
f 451/343/155 450/343/155 452/343/155
f 451/343/155 449/343/155 450/343/155
f 452/343/151 453/343/151 430/343/151
f 450/343/207 453/343/207 452/343/207
f 453/343/155 456/343/155 430/343/155
f 457/343/207 454/343/207 453/343/207
f 453/343/155 454/343/155 456/343/155
f 453/343/151 458/343/151 435/343/151
f 457/343/207 453/343/207 435/343/207
f 453/343/151 455/343/151 458/343/151
f 444/343/155 455/343/155 453/343/155
f 450/343/207 444/343/207 453/343/207
f 443/343/156 435/343/156 458/343/156
f 455/343/207 443/343/207 458/343/207
f 434/343/156 457/343/156 435/343/156
f 456/343/151 454/343/151 457/343/151
f 456/343/151 457/343/151 434/343/151
f 434/343/206 430/343/206 456/343/206
f 455/343/207 459/343/207 443/343/207
f 444/343/155 459/343/155 455/343/155
f 443/343/148 459/343/148 444/343/148
f 437/343/156 460/343/156 431/343/156
f 432/343/148 460/343/148 437/343/148
f 431/343/206 460/343/206 432/343/206
f 464/343/155 462/343/155 461/343/155
f 462/343/151 463/343/151 461/343/151
f 463/343/206 464/343/206 461/343/206
f 464/343/155 465/343/155 462/343/155
f 464/343/148 467/343/148 465/343/148
f 463/343/206 466/343/206 464/343/206
f 464/343/148 466/343/148 467/343/148
f 467/343/156 466/343/156 463/343/156
f 467/343/206 472/343/206 465/343/206
f 467/343/206 468/343/206 472/343/206
f 470/343/156 468/343/156 467/343/156
f 469/343/206 467/343/206 471/343/206
f 469/343/148 470/343/148 467/343/148
f 467/343/156 463/343/156 471/343/156
f 473/343/155 465/343/155 472/343/155
f 468/343/148 473/343/148 472/343/148
f 474/343/207 473/343/207 475/343/207
f 473/343/155 474/343/155 465/343/155
f 468/343/148 475/343/148 473/343/148
f 470/343/156 475/343/156 468/343/156
f 474/343/207 475/343/207 470/343/207
f 465/343/148 474/343/148 476/343/148
f 476/343/207 474/343/207 478/343/207
f 474/343/155 477/343/155 480/343/155
f 479/343/148 477/343/148 474/343/148
f 479/343/148 474/343/148 470/343/148
f 474/343/155 480/343/155 478/343/155
f 478/343/151 480/343/151 481/343/151
f 480/343/207 479/343/207 481/343/207
f 480/343/207 477/343/207 479/343/207
f 479/343/156 482/343/156 481/343/156
f 478/343/151 481/343/151 482/343/151
f 486/343/156 483/343/156 482/343/156
f 485/343/207 482/343/207 483/343/207
f 485/343/207 478/343/207 482/343/207
f 482/343/151 487/343/151 471/343/151
f 486/343/156 482/343/156 471/343/156
f 482/343/151 484/343/151 487/343/151
f 470/343/207 484/343/207 482/343/207
f 479/343/156 470/343/156 482/343/156
f 469/343/206 471/343/206 487/343/206
f 484/343/156 469/343/156 487/343/156
f 485/343/151 486/343/151 488/343/151
f 486/343/206 462/343/206 488/343/206
f 486/343/206 471/343/206 462/343/206
f 485/343/151 483/343/151 486/343/151
f 462/343/155 485/343/155 488/343/155
f 462/343/155 478/343/155 485/343/155
f 484/343/156 489/343/156 469/343/156
f 470/343/207 489/343/207 484/343/207
f 469/343/148 489/343/148 470/343/148
f 490/343/151 478/343/151 462/343/151
f 476/343/207 478/343/207 490/343/207
f 491/343/155 476/343/155 490/343/155
f 490/343/151 462/343/151 491/343/151
f 465/343/206 491/343/206 462/343/206
f 491/343/155 492/343/155 476/343/155
f 465/343/206 492/343/206 491/343/206
f 465/343/208 476/343/208 492/343/208
f 462/343/151 471/343/151 463/343/151
f 496/343/155 494/343/155 493/343/155
f 494/343/151 495/343/151 493/343/151
f 495/343/206 496/343/206 493/343/206
f 496/343/155 497/343/155 494/343/155
f 498/343/148 497/343/148 496/343/148
f 495/343/206 498/343/206 496/343/206
f 499/343/156 498/343/156 495/343/156
f 498/343/148 499/343/148 497/343/148
f 499/343/206 504/343/206 497/343/206
f 499/343/206 500/343/206 504/343/206
f 502/343/156 500/343/156 499/343/156
f 501/343/206 499/343/206 503/343/206
f 501/343/148 502/343/148 499/343/148
f 499/343/156 495/343/156 503/343/156
f 505/343/155 497/343/155 504/343/155
f 500/343/148 505/343/148 504/343/148
f 506/343/207 505/343/207 507/343/207
f 505/343/155 506/343/155 497/343/155
f 500/343/148 507/343/148 505/343/148
f 502/343/156 507/343/156 500/343/156
f 506/343/207 507/343/207 502/343/207
f 497/343/148 506/343/148 508/343/148
f 508/343/207 506/343/207 510/343/207
f 506/343/155 509/343/155 511/343/155
f 509/343/148 506/343/148 502/343/148
f 506/343/155 511/343/155 510/343/155
f 510/343/151 511/343/151 512/343/151
f 511/343/207 513/343/207 512/343/207
f 511/343/207 509/343/207 513/343/207
f 513/343/156 502/343/156 514/343/156
f 509/343/148 502/343/148 513/343/148
f 513/343/156 514/343/156 512/343/156
f 515/343/156 514/343/156 503/343/156
f 517/343/207 514/343/207 515/343/207
f 517/343/207 510/343/207 514/343/207
f 510/343/151 512/343/151 514/343/151
f 514/343/151 518/343/151 503/343/151
f 514/343/151 516/343/151 518/343/151
f 502/343/207 516/343/207 514/343/207
f 501/343/206 503/343/206 518/343/206
f 516/343/156 501/343/156 518/343/156
f 510/343/155 517/343/155 519/343/155
f 517/343/151 520/343/151 519/343/151
f 517/343/151 515/343/151 520/343/151
f 520/343/206 494/343/206 519/343/206
f 520/343/206 503/343/206 494/343/206
f 515/343/156 503/343/156 520/343/156
f 510/343/155 519/343/155 494/343/155
f 516/343/156 521/343/156 501/343/156
f 502/343/207 521/343/207 516/343/207
f 501/343/148 521/343/148 502/343/148
f 522/343/151 510/343/151 494/343/151
f 508/343/207 510/343/207 522/343/207
f 523/343/155 508/343/155 522/343/155
f 522/343/151 494/343/151 523/343/151
f 497/343/206 523/343/206 494/343/206
f 523/343/155 524/343/155 508/343/155
f 497/343/206 524/343/206 523/343/206
f 497/343/148 508/343/148 524/343/148
f 494/343/151 503/343/151 495/343/151
f 528/343/155 526/343/155 525/343/155
f 529/343/151 525/343/151 526/343/151
f 529/343/151 527/343/151 525/343/151
f 527/343/206 528/343/206 525/343/206
f 530/343/206 529/343/206 526/343/206
f 530/343/156 531/343/156 529/343/156
f 533/343/156 527/343/156 529/343/156
f 531/343/151 532/343/151 529/343/151
f 534/343/206 529/343/206 532/343/206
f 534/343/206 533/343/206 529/343/206
f 534/343/148 536/343/148 533/343/148
f 537/343/156 535/343/156 534/343/156
f 534/343/148 535/343/148 536/343/148
f 537/343/156 534/343/156 532/343/156
f 531/343/151 537/343/151 532/343/151
f 536/343/207 537/343/207 531/343/207
f 536/343/207 535/343/207 537/343/207
f 536/343/156 541/343/156 533/343/156
f 536/343/156 538/343/156 541/343/156
f 540/343/207 538/343/207 536/343/207
f 539/343/156 536/343/156 531/343/156
f 539/343/148 540/343/148 536/343/148
f 533/343/206 541/343/206 542/343/206
f 541/343/148 543/343/148 542/343/148
f 541/343/148 538/343/148 543/343/148
f 543/343/155 544/343/155 542/343/155
f 540/343/207 543/343/207 538/343/207
f 543/343/155 540/343/155 544/343/155
f 533/343/206 542/343/206 544/343/206
f 544/343/148 540/343/148 546/343/148
f 544/343/206 545/343/206 547/343/206
f 544/343/208 546/343/208 545/343/208
f 528/343/155 544/343/155 526/343/155
f 528/343/148 533/343/148 544/343/148
f 544/343/206 547/343/206 526/343/206
f 548/343/151 526/343/151 547/343/151
f 547/343/155 546/343/155 548/343/155
f 547/343/155 545/343/155 546/343/155
f 548/343/151 549/343/151 526/343/151
f 546/343/207 549/343/207 548/343/207
f 526/343/155 549/343/155 550/343/155
f 552/343/207 550/343/207 549/343/207
f 549/343/151 553/343/151 531/343/151
f 552/343/207 549/343/207 531/343/207
f 549/343/151 551/343/151 553/343/151
f 540/343/155 551/343/155 549/343/155
f 546/343/207 540/343/207 549/343/207
f 539/343/156 531/343/156 553/343/156
f 551/343/207 539/343/207 553/343/207
f 530/343/156 552/343/156 531/343/156
f 550/343/151 552/343/151 530/343/151
f 551/343/207 554/343/207 539/343/207
f 540/343/155 554/343/155 551/343/155
f 539/343/148 554/343/148 540/343/148
f 550/343/151 530/343/151 555/343/151
f 526/343/155 550/343/155 555/343/155
f 530/343/206 526/343/206 555/343/206
f 533/343/156 556/343/156 527/343/156
f 528/343/148 556/343/148 533/343/148
f 527/343/206 556/343/206 528/343/206
f 560/343/155 558/343/155 557/343/155
f 561/343/151 557/343/151 558/343/151
f 561/343/151 559/343/151 557/343/151
f 559/343/206 560/343/206 557/343/206
f 562/343/206 561/343/206 558/343/206
f 562/343/156 563/343/156 561/343/156
f 565/343/156 559/343/156 561/343/156
f 563/343/151 564/343/151 561/343/151
f 566/343/206 561/343/206 564/343/206
f 566/343/206 565/343/206 561/343/206
f 566/343/148 568/343/148 565/343/148
f 569/343/156 567/343/156 566/343/156
f 566/343/148 567/343/148 568/343/148
f 569/343/156 566/343/156 564/343/156
f 563/343/151 569/343/151 564/343/151
f 568/343/207 569/343/207 563/343/207
f 568/343/207 567/343/207 569/343/207
f 568/343/156 573/343/156 565/343/156
f 568/343/156 570/343/156 573/343/156
f 572/343/207 570/343/207 568/343/207
f 571/343/156 568/343/156 563/343/156
f 571/343/148 572/343/148 568/343/148
f 565/343/206 573/343/206 574/343/206
f 574/343/148 573/343/148 570/343/148
f 565/343/206 574/343/206 575/343/206
f 576/343/155 575/343/155 574/343/155
f 574/343/148 570/343/148 576/343/148
f 572/343/207 576/343/207 570/343/207
f 576/343/155 572/343/155 575/343/155
f 575/343/148 572/343/148 578/343/148
f 575/343/206 577/343/206 579/343/206
f 575/343/148 578/343/148 577/343/148
f 560/343/155 575/343/155 558/343/155
f 560/343/148 565/343/148 575/343/148
f 575/343/206 579/343/206 558/343/206
f 580/343/151 558/343/151 579/343/151
f 579/343/155 578/343/155 580/343/155
f 579/343/155 577/343/155 578/343/155
f 580/343/151 581/343/151 558/343/151
f 578/343/207 581/343/207 580/343/207
f 581/343/155 584/343/155 558/343/155
f 585/343/207 582/343/207 581/343/207
f 581/343/155 582/343/155 584/343/155
f 581/343/151 586/343/151 563/343/151
f 585/343/207 581/343/207 563/343/207
f 581/343/151 583/343/151 586/343/151
f 572/343/155 583/343/155 581/343/155
f 578/343/207 572/343/207 581/343/207
f 571/343/156 563/343/156 586/343/156
f 583/343/207 571/343/207 586/343/207
f 562/343/156 585/343/156 563/343/156
f 584/343/151 582/343/151 585/343/151
f 584/343/151 585/343/151 562/343/151
f 562/343/206 558/343/206 584/343/206
f 583/343/207 587/343/207 571/343/207
f 572/343/155 587/343/155 583/343/155
f 571/343/148 587/343/148 572/343/148
f 565/343/156 588/343/156 559/343/156
f 560/343/148 588/343/148 565/343/148
f 559/343/206 588/343/206 560/343/206
f 592/343/155 590/343/155 589/343/155
f 593/343/151 589/343/151 590/343/151
f 593/343/151 591/343/151 589/343/151
f 591/343/206 592/343/206 589/343/206
f 594/343/206 593/343/206 590/343/206
f 598/343/156 593/343/156 594/343/156
f 597/343/156 591/343/156 593/343/156
f 598/343/156 595/343/156 593/343/156
f 595/343/151 596/343/151 593/343/151
f 599/343/206 593/343/206 596/343/206
f 599/343/206 597/343/206 593/343/206
f 600/343/148 597/343/148 599/343/148
f 601/343/156 600/343/156 599/343/156
f 601/343/156 599/343/156 596/343/156
f 595/343/151 601/343/151 596/343/151
f 602/343/207 601/343/207 595/343/207
f 602/343/207 600/343/207 601/343/207
f 600/343/148 602/343/148 597/343/148
f 602/343/156 606/343/156 597/343/156
f 602/343/156 603/343/156 606/343/156
f 605/343/207 603/343/207 602/343/207
f 604/343/156 602/343/156 595/343/156
f 604/343/148 605/343/148 602/343/148
f 597/343/206 606/343/206 607/343/206
f 607/343/148 606/343/148 603/343/148
f 597/343/206 607/343/206 608/343/206
f 609/343/155 608/343/155 607/343/155
f 607/343/148 603/343/148 609/343/148
f 605/343/207 609/343/207 603/343/207
f 609/343/155 605/343/155 608/343/155
f 608/343/148 605/343/148 611/343/148
f 608/343/206 610/343/206 612/343/206
f 608/343/148 611/343/148 610/343/148
f 592/343/155 608/343/155 590/343/155
f 592/343/148 597/343/148 608/343/148
f 608/343/206 612/343/206 590/343/206
f 613/343/151 590/343/151 612/343/151
f 612/343/155 611/343/155 613/343/155
f 612/343/155 610/343/155 611/343/155
f 613/343/151 614/343/151 590/343/151
f 611/343/207 614/343/207 613/343/207
f 614/343/155 617/343/155 590/343/155
f 615/343/207 614/343/207 595/343/207
f 614/343/155 615/343/155 617/343/155
f 614/343/151 618/343/151 595/343/151
f 614/343/151 616/343/151 618/343/151
f 605/343/155 616/343/155 614/343/155
f 611/343/207 605/343/207 614/343/207
f 604/343/156 595/343/156 618/343/156
f 616/343/207 604/343/207 618/343/207
f 594/343/206 590/343/206 617/343/206
f 617/343/151 598/343/151 594/343/151
f 617/343/151 615/343/151 598/343/151
f 616/343/207 619/343/207 604/343/207
f 605/343/155 619/343/155 616/343/155
f 604/343/148 619/343/148 605/343/148
f 615/343/207 595/343/207 598/343/207
f 597/343/156 620/343/156 591/343/156
f 592/343/148 620/343/148 597/343/148
f 591/343/206 620/343/206 592/343/206
f 624/343/155 622/343/155 621/343/155
f 625/343/151 621/343/151 622/343/151
f 625/343/151 623/343/151 621/343/151
f 623/343/206 624/343/206 621/343/206
f 626/343/206 625/343/206 622/343/206
f 630/343/156 625/343/156 626/343/156
f 629/343/156 623/343/156 625/343/156
f 630/343/156 627/343/156 625/343/156
f 627/343/151 628/343/151 625/343/151
f 631/343/206 625/343/206 628/343/206
f 631/343/206 629/343/206 625/343/206
f 631/343/148 633/343/148 629/343/148
f 634/343/156 632/343/156 631/343/156
f 631/343/148 632/343/148 633/343/148
f 634/343/156 631/343/156 628/343/156
f 627/343/151 634/343/151 628/343/151
f 633/343/207 634/343/207 627/343/207
f 633/343/207 632/343/207 634/343/207
f 633/343/156 638/343/156 629/343/156
f 633/343/156 635/343/156 638/343/156
f 637/343/207 635/343/207 633/343/207
f 636/343/156 633/343/156 627/343/156
f 636/343/148 637/343/148 633/343/148
f 629/343/206 638/343/206 639/343/206
f 639/343/148 638/343/148 635/343/148
f 629/343/206 639/343/206 640/343/206
f 641/343/155 640/343/155 639/343/155
f 639/343/148 635/343/148 641/343/148
f 637/343/207 641/343/207 635/343/207
f 641/343/155 637/343/155 640/343/155
f 640/343/148 637/343/148 643/343/148
f 640/343/206 642/343/206 644/343/206
f 640/343/148 643/343/148 642/343/148
f 624/343/155 640/343/155 622/343/155
f 624/343/148 629/343/148 640/343/148
f 640/343/206 644/343/206 622/343/206
f 645/343/151 622/343/151 644/343/151
f 644/343/155 643/343/155 645/343/155
f 644/343/155 642/343/155 643/343/155
f 645/343/151 646/343/151 622/343/151
f 643/343/207 646/343/207 645/343/207
f 622/343/155 646/343/155 647/343/155
f 630/343/207 647/343/207 646/343/207
f 646/343/151 649/343/151 627/343/151
f 630/343/207 646/343/207 627/343/207
f 646/343/151 648/343/151 649/343/151
f 637/343/155 648/343/155 646/343/155
f 643/343/207 637/343/207 646/343/207
f 636/343/156 627/343/156 649/343/156
f 648/343/207 636/343/207 649/343/207
f 648/343/207 650/343/207 636/343/207
f 637/343/155 650/343/155 648/343/155
f 636/343/148 650/343/148 637/343/148
f 651/343/151 647/343/151 630/343/151
f 622/343/155 647/343/155 651/343/155
f 626/343/206 622/343/206 651/343/206
f 651/343/151 630/343/151 626/343/151
f 629/343/156 652/343/156 623/343/156
f 624/343/148 652/343/148 629/343/148
f 623/343/206 652/343/206 624/343/206
f 656/343/155 654/343/155 653/343/155
f 657/343/151 653/343/151 654/343/151
f 657/343/151 655/343/151 653/343/151
f 655/343/206 656/343/206 653/343/206
f 658/343/206 657/343/206 654/343/206
f 658/343/156 659/343/156 657/343/156
f 661/343/156 655/343/156 657/343/156
f 659/343/151 660/343/151 657/343/151
f 662/343/206 657/343/206 660/343/206
f 662/343/206 661/343/206 657/343/206
f 662/343/148 664/343/148 661/343/148
f 665/343/156 663/343/156 662/343/156
f 662/343/148 663/343/148 664/343/148
f 665/343/156 662/343/156 660/343/156
f 659/343/151 665/343/151 660/343/151
f 664/343/207 665/343/207 659/343/207
f 664/343/207 663/343/207 665/343/207
f 664/343/156 669/343/156 661/343/156
f 664/343/156 666/343/156 669/343/156
f 668/343/207 666/343/207 664/343/207
f 667/343/156 664/343/156 659/343/156
f 667/343/148 668/343/148 664/343/148
f 661/343/206 669/343/206 670/343/206
f 669/343/148 671/343/148 670/343/148
f 669/343/148 666/343/148 671/343/148
f 671/343/155 672/343/155 670/343/155
f 668/343/207 671/343/207 666/343/207
f 671/343/155 668/343/155 672/343/155
f 661/343/206 670/343/206 672/343/206
f 672/343/148 668/343/148 674/343/148
f 672/343/206 673/343/206 675/343/206
f 672/343/208 674/343/208 673/343/208
f 656/343/155 672/343/155 654/343/155
f 656/343/148 661/343/148 672/343/148
f 672/343/206 675/343/206 654/343/206
f 676/343/151 654/343/151 675/343/151
f 675/343/155 674/343/155 676/343/155
f 675/343/155 673/343/155 674/343/155
f 676/343/151 677/343/151 654/343/151
f 674/343/207 677/343/207 676/343/207
f 654/343/155 677/343/155 678/343/155
f 680/343/207 678/343/207 677/343/207
f 677/343/151 681/343/151 659/343/151
f 680/343/207 677/343/207 659/343/207
f 677/343/151 679/343/151 681/343/151
f 668/343/155 679/343/155 677/343/155
f 674/343/207 668/343/207 677/343/207
f 667/343/156 659/343/156 681/343/156
f 679/343/207 667/343/207 681/343/207
f 658/343/156 680/343/156 659/343/156
f 678/343/151 680/343/151 658/343/151
f 679/343/207 682/343/207 667/343/207
f 668/343/155 682/343/155 679/343/155
f 667/343/148 682/343/148 668/343/148
f 678/343/151 658/343/151 683/343/151
f 654/343/155 678/343/155 683/343/155
f 658/343/206 654/343/206 683/343/206
f 661/343/156 684/343/156 655/343/156
f 656/343/148 684/343/148 661/343/148
f 655/343/206 684/343/206 656/343/206
f 688/343/155 686/343/155 685/343/155
f 686/343/151 687/343/151 685/343/151
f 687/343/206 688/343/206 685/343/206
f 688/343/155 689/343/155 686/343/155
f 690/343/148 689/343/148 688/343/148
f 687/343/206 690/343/206 688/343/206
f 691/343/156 690/343/156 687/343/156
f 690/343/148 691/343/148 689/343/148
f 691/343/206 696/343/206 689/343/206
f 691/343/206 692/343/206 696/343/206
f 694/343/156 692/343/156 691/343/156
f 693/343/206 691/343/206 695/343/206
f 693/343/148 694/343/148 691/343/148
f 691/343/156 687/343/156 695/343/156
f 697/343/155 689/343/155 696/343/155
f 692/343/148 697/343/148 696/343/148
f 698/343/207 697/343/207 699/343/207
f 697/343/155 698/343/155 689/343/155
f 692/343/148 699/343/148 697/343/148
f 694/343/156 699/343/156 692/343/156
f 698/343/207 699/343/207 694/343/207
f 689/343/148 698/343/148 700/343/148
f 700/343/207 698/343/207 702/343/207
f 698/343/155 701/343/155 703/343/155
f 701/343/148 698/343/148 694/343/148
f 698/343/155 703/343/155 702/343/155
f 702/343/151 703/343/151 704/343/151
f 703/343/207 705/343/207 704/343/207
f 703/343/207 701/343/207 705/343/207
f 705/343/156 694/343/156 706/343/156
f 701/343/148 694/343/148 705/343/148
f 705/343/156 706/343/156 704/343/156
f 707/343/156 706/343/156 695/343/156
f 709/343/207 706/343/207 707/343/207
f 709/343/207 702/343/207 706/343/207
f 702/343/151 704/343/151 706/343/151
f 706/343/151 710/343/151 695/343/151
f 706/343/151 708/343/151 710/343/151
f 694/343/207 708/343/207 706/343/207
f 693/343/206 695/343/206 710/343/206
f 708/343/156 693/343/156 710/343/156
f 702/343/155 709/343/155 711/343/155
f 709/343/151 712/343/151 711/343/151
f 709/343/151 707/343/151 712/343/151
f 712/343/206 686/343/206 711/343/206
f 712/343/206 695/343/206 686/343/206
f 707/343/156 695/343/156 712/343/156
f 702/343/155 711/343/155 686/343/155
f 708/343/156 713/343/156 693/343/156
f 694/343/207 713/343/207 708/343/207
f 693/343/148 713/343/148 694/343/148
f 714/343/151 702/343/151 686/343/151
f 700/343/207 702/343/207 714/343/207
f 715/343/155 700/343/155 714/343/155
f 714/343/151 686/343/151 715/343/151
f 689/343/206 715/343/206 686/343/206
f 715/343/155 716/343/155 700/343/155
f 689/343/206 716/343/206 715/343/206
f 689/343/148 700/343/148 716/343/148
f 686/343/151 695/343/151 687/343/151
f 720/343/155 718/343/155 717/343/155
f 718/343/151 719/343/151 717/343/151
f 719/343/206 720/343/206 717/343/206
f 720/343/155 721/343/155 718/343/155
f 720/343/148 723/343/148 721/343/148
f 719/343/206 722/343/206 720/343/206
f 720/343/148 722/343/148 723/343/148
f 723/343/156 722/343/156 719/343/156
f 723/343/206 728/343/206 721/343/206
f 723/343/206 724/343/206 728/343/206
f 726/343/156 724/343/156 723/343/156
f 725/343/206 723/343/206 727/343/206
f 725/343/148 726/343/148 723/343/148
f 723/343/156 719/343/156 727/343/156
f 729/343/155 721/343/155 728/343/155
f 724/343/148 729/343/148 728/343/148
f 730/343/207 729/343/207 731/343/207
f 729/343/155 730/343/155 721/343/155
f 724/343/148 731/343/148 729/343/148
f 726/343/156 731/343/156 724/343/156
f 730/343/207 731/343/207 726/343/207
f 721/343/148 730/343/148 732/343/148
f 732/343/207 730/343/207 734/343/207
f 730/343/155 733/343/155 736/343/155
f 735/343/148 733/343/148 730/343/148
f 735/343/148 730/343/148 726/343/148
f 730/343/155 736/343/155 734/343/155
f 734/343/151 736/343/151 737/343/151
f 736/343/207 735/343/207 737/343/207
f 736/343/207 733/343/207 735/343/207
f 735/343/156 738/343/156 737/343/156
f 734/343/151 737/343/151 738/343/151
f 742/343/156 739/343/156 738/343/156
f 741/343/207 738/343/207 739/343/207
f 741/343/207 734/343/207 738/343/207
f 738/343/151 743/343/151 727/343/151
f 742/343/156 738/343/156 727/343/156
f 738/343/151 740/343/151 743/343/151
f 726/343/207 740/343/207 738/343/207
f 735/343/156 726/343/156 738/343/156
f 725/343/206 727/343/206 743/343/206
f 740/343/156 725/343/156 743/343/156
f 741/343/151 742/343/151 744/343/151
f 742/343/206 718/343/206 744/343/206
f 742/343/206 727/343/206 718/343/206
f 741/343/151 739/343/151 742/343/151
f 718/343/155 741/343/155 744/343/155
f 718/343/155 734/343/155 741/343/155
f 740/343/156 745/343/156 725/343/156
f 726/343/207 745/343/207 740/343/207
f 725/343/148 745/343/148 726/343/148
f 746/343/151 734/343/151 718/343/151
f 732/343/207 734/343/207 746/343/207
f 747/343/155 732/343/155 746/343/155
f 746/343/151 718/343/151 747/343/151
f 721/343/206 747/343/206 718/343/206
f 747/343/155 748/343/155 732/343/155
f 721/343/206 748/343/206 747/343/206
f 721/343/208 732/343/208 748/343/208
f 718/343/151 727/343/151 719/343/151
f 752/343/155 750/343/155 749/343/155
f 753/343/151 749/343/151 750/343/151
f 753/343/151 751/343/151 749/343/151
f 751/343/206 752/343/206 749/343/206
f 754/343/206 753/343/206 750/343/206
f 758/343/156 753/343/156 754/343/156
f 757/343/156 751/343/156 753/343/156
f 758/343/156 755/343/156 753/343/156
f 755/343/151 756/343/151 753/343/151
f 759/343/206 753/343/206 756/343/206
f 759/343/206 757/343/206 753/343/206
f 759/343/148 761/343/148 757/343/148
f 762/343/156 760/343/156 759/343/156
f 759/343/148 760/343/148 761/343/148
f 762/343/156 759/343/156 756/343/156
f 755/343/151 762/343/151 756/343/151
f 761/343/207 762/343/207 755/343/207
f 761/343/207 760/343/207 762/343/207
f 761/343/156 766/343/156 757/343/156
f 761/343/156 763/343/156 766/343/156
f 765/343/207 763/343/207 761/343/207
f 764/343/156 761/343/156 755/343/156
f 764/343/148 765/343/148 761/343/148
f 757/343/206 766/343/206 767/343/206
f 767/343/148 766/343/148 763/343/148
f 757/343/206 767/343/206 768/343/206
f 769/343/155 768/343/155 767/343/155
f 767/343/148 763/343/148 769/343/148
f 765/343/207 769/343/207 763/343/207
f 769/343/155 765/343/155 768/343/155
f 768/343/148 765/343/148 771/343/148
f 768/343/206 770/343/206 772/343/206
f 768/343/148 771/343/148 770/343/148
f 752/343/155 768/343/155 750/343/155
f 752/343/148 757/343/148 768/343/148
f 768/343/206 772/343/206 750/343/206
f 773/343/151 750/343/151 772/343/151
f 772/343/155 771/343/155 773/343/155
f 772/343/155 770/343/155 771/343/155
f 773/343/151 774/343/151 750/343/151
f 771/343/207 774/343/207 773/343/207
f 750/343/155 774/343/155 775/343/155
f 758/343/207 775/343/207 774/343/207
f 774/343/151 777/343/151 755/343/151
f 758/343/207 774/343/207 755/343/207
f 774/343/151 776/343/151 777/343/151
f 765/343/155 776/343/155 774/343/155
f 771/343/207 765/343/207 774/343/207
f 764/343/156 755/343/156 777/343/156
f 776/343/207 764/343/207 777/343/207
f 776/343/207 778/343/207 764/343/207
f 765/343/155 778/343/155 776/343/155
f 764/343/148 778/343/148 765/343/148
f 779/343/151 775/343/151 758/343/151
f 750/343/155 775/343/155 779/343/155
f 754/343/206 750/343/206 779/343/206
f 779/343/151 758/343/151 754/343/151
f 757/343/156 780/343/156 751/343/156
f 752/343/148 780/343/148 757/343/148
f 751/343/206 780/343/206 752/343/206
o Rigging
v 5.602255 62.637630 11.118544
v 25.757256 52.907631 10.423543
v 5.587507 62.611961 11.050210
v 25.742508 52.881966 10.355208
v 5.556646 62.549995 11.022758
v 25.711647 52.820000 10.327758
v 5.527749 62.488029 11.052270
v 25.682751 52.758034 10.357269
v 5.517744 62.462364 11.121457
v 25.672745 52.732365 10.426456
v 5.532492 62.488029 11.189792
v 25.687492 52.758034 10.494790
v 5.563353 62.549995 11.217242
v 25.718353 52.820000 10.522242
v 5.592250 62.611961 11.187731
v 25.747250 52.881966 10.492730
v 5.517744 62.637630 11.118544
v 5.527749 62.611965 11.187731
v -14.637258 52.907631 10.423538
v 5.532491 62.611965 11.050210
v -14.627252 52.881966 10.492725
v -14.622510 52.881966 10.355204
v 5.587508 62.488029 11.189792
v 5.556645 62.549999 11.217243
v -14.567492 52.758034 10.494786
v 5.602256 62.462364 11.121458
v -14.552747 52.732365 10.426452
v 5.592250 62.488029 11.052271
v -14.562749 52.758030 10.357265
v 5.563353 62.549999 11.022758
v -14.591647 52.820000 10.327752
v -14.598353 52.820000 10.522237
v 5.647905 62.591236 11.113720
v 5.617256 62.579159 11.046933
v 25.107916 20.891232 9.723721
v 5.627060 62.579159 11.184186
v 5.566931 62.550003 11.217052
v 25.087067 20.879150 9.794187
v 5.553065 62.550003 11.022946
v 5.492936 62.520847 11.055813
v 5.502740 62.520847 11.193066
v 5.472090 62.508770 11.126279
v 24.962749 20.820843 9.803066
v 24.932098 20.808765 9.736279
v 25.026941 20.849998 9.827053
v 24.952946 20.820843 9.665813
v 25.013075 20.849998 9.632948
v 25.077265 20.879154 9.656934
v 5.483865 62.610500 11.123310
v 5.509153 62.592781 11.191077
v -26.486134 22.300495 12.513306
v 5.503175 62.592781 11.053604
v -26.466824 22.282776 12.443600
v -26.414227 22.239998 12.412786
v -26.405773 22.240002 12.607203
v -26.460846 22.282780 12.581073
v 5.564225 62.550003 11.217209
v -26.353176 22.197220 12.576391
v 5.616822 62.507225 11.186396
v -26.359158 22.197220 12.438918
v -26.333866 22.179501 12.506685
v 5.636132 62.489506 11.116690
v 5.610846 62.507225 11.048923
v 5.555772 62.550003 11.022792
v -4.485040 19.900669 13.921305
v -4.469254 19.893738 13.837961
v 2.464959 52.426674 12.531305
v -4.438415 19.893738 13.992167
v -4.356692 19.876999 14.009037
v 2.511586 52.419743 12.602168
v 2.593308 52.403000 12.619038
v -4.400308 19.876999 13.790956
v -4.318585 19.860252 13.807827
v -4.287744 19.860252 13.962033
v -4.271958 19.853321 13.878689
v 2.662257 52.386261 12.572034
v 2.678041 52.379326 12.488689
v 2.631414 52.386257 12.417827
v 2.549692 52.403000 12.400957
v 2.480744 52.419743 12.447961
v -6.848042 19.900673 13.921305
v -6.832257 19.893738 13.837960
v 0.101958 52.426674 12.531305
v -6.801415 19.893738 13.992167
v -6.681586 19.860256 13.807826
v -6.763310 19.876995 13.790956
v 0.268414 52.386257 12.417827
v -6.634961 19.853321 13.878689
v 0.186692 52.403000 12.400956
v -6.650744 19.860252 13.962033
v 0.299254 52.386257 12.572033
v -6.719693 19.876995 14.009037
v 0.230308 52.403000 12.619038
v 0.148584 52.419743 12.602167
v 0.117743 52.419743 12.447961
v 0.315041 52.379326 12.488689
v -4.308999 20.002102 13.899997
v -4.308999 19.965462 13.988456
v -6.811000 20.002098 13.899996
v -4.309001 19.965458 13.811538
v -6.811000 19.965458 13.988456
v -6.811002 19.965462 13.811537
v -6.811000 19.876999 13.774897
v -6.811000 19.876999 14.025096
v -4.308999 19.876999 13.774897
v -4.308999 19.788544 13.811538
v -6.811000 19.788540 13.811537
v -6.811000 19.751896 13.899996
v -6.811002 19.788540 13.988456
v -4.308999 19.751900 13.899997
v -4.309001 19.788540 13.988456
v -4.308999 19.877003 14.025097
v -3.874625 22.034977 13.813122
v -3.874623 21.998333 13.901580
v -6.376626 22.034973 13.813121
v -3.874625 21.998333 13.724662
v -6.376626 21.998329 13.901580
v -6.376626 21.998333 13.724662
v -6.376626 21.909874 13.688021
v -3.874627 21.909874 13.688021
v -3.874623 21.821415 13.724662
v -6.376626 21.821415 13.724662
v -6.376626 21.784775 13.813121
v -6.376626 21.821415 13.901580
v -3.874625 21.784775 13.813121
v -3.874625 21.821415 13.901580
v -3.874627 21.909874 13.938221
v -6.376624 21.909874 13.938221
v -3.440251 24.067848 13.726247
v -3.440251 24.031204 13.814706
v -5.942252 24.067848 13.726247
v -3.440251 24.031208 13.637788
v -5.942252 24.031204 13.814706
v -5.942250 24.031204 13.637788
v -5.942250 23.942745 13.601147
v -3.440251 23.942749 13.601147
v -3.440249 23.854286 13.637788
v -5.942250 23.854286 13.637788
v -5.942252 23.817646 13.726247
v -5.942250 23.854286 13.814706
v -3.440249 23.817646 13.726247
v -3.440253 23.854286 13.814706
v -5.942250 23.942749 13.851347
v -3.440251 23.942745 13.851347
v -3.005876 26.100725 13.639372
v -3.005876 26.064085 13.727831
v -5.507874 26.100723 13.639372
v -3.005876 26.064083 13.550913
v -5.507876 26.064083 13.727831
v -5.507874 26.064085 13.550913
v -5.507876 25.975626 13.514271
v -3.005876 25.975624 13.514271
v -3.005874 25.887169 13.550913
v -5.507876 25.887165 13.550913
v -5.507874 25.850523 13.639372
v -5.507874 25.887165 13.727831
v -3.005876 25.850525 13.639372
v -3.005876 25.887167 13.727831
v -3.005876 25.975626 13.764471
v -5.507874 25.975624 13.764471
v -2.571500 28.133600 13.552498
v -2.571500 28.096960 13.640957
v -5.073501 28.133600 13.552498
v -2.571500 28.096958 13.464039
v -5.073501 28.096958 13.464038
v -5.073501 28.008497 13.427397
v -5.073501 27.920038 13.464038
v -2.571500 28.008497 13.427398
v -5.073499 28.008501 13.677597
v -5.073501 28.096956 13.640957
v -5.073501 27.883398 13.552498
v -5.073501 27.920040 13.640957
v -2.571500 27.920040 13.640957
v -2.571500 28.008499 13.677597
v -2.571500 27.883400 13.552498
v -2.571500 27.920040 13.464039
v -2.137124 30.166473 13.465622
v -2.137124 30.129833 13.554081
v -4.639125 30.166473 13.465622
v -2.137124 30.129833 13.377163
v -4.639125 30.129833 13.377163
v -4.639125 30.041374 13.340522
v -4.639125 29.952915 13.377163
v -2.137124 30.041374 13.340522
v -4.639125 29.916275 13.465622
v -4.639125 29.952915 13.554081
v -2.137124 29.916275 13.465622
v -2.137124 29.952915 13.554081
v -2.137124 29.952917 13.377163
v -4.639125 30.041374 13.590721
v -4.639125 30.129831 13.554081
v -2.137124 30.041374 13.590722
v -1.702750 32.199348 13.378748
v -1.702750 32.162708 13.467207
v -4.204751 32.199348 13.378748
v -1.702752 32.162708 13.290289
v -4.204751 32.162712 13.290289
v -4.204751 32.074249 13.253648
v -4.204751 31.985790 13.290289
v -1.702752 32.074249 13.253649
v -4.204751 32.074249 13.503847
v -4.204751 32.162708 13.467207
v -1.702750 32.074249 13.503848
v -4.204751 31.985792 13.467207
v -1.702750 31.985790 13.467207
v -4.204751 31.949150 13.378748
v -1.702750 31.949152 13.378748
v -1.702750 31.985792 13.290289
v -1.268376 34.232224 13.291874
v -1.268376 34.195580 13.380333
v -3.770377 34.232224 13.291874
v -1.268376 34.195580 13.203415
v -3.770375 34.195583 13.203415
v -3.770375 34.107124 13.166774
v -3.770377 34.018661 13.203415
v -1.268376 34.107121 13.166774
v -3.770377 33.982021 13.291874
v -3.770375 34.018661 13.380333
v -3.770377 34.107124 13.416973
v -3.770377 34.195580 13.380333
v -1.268376 34.107124 13.416974
v -1.268376 34.018661 13.380333
v -1.268376 33.982025 13.291874
v -1.268374 34.018661 13.203415
v -0.834001 36.265099 13.204997
v -0.833999 36.228458 13.293456
v -3.335999 36.265099 13.204997
v -0.833999 36.228458 13.116538
v -3.335999 36.228458 13.116537
v -3.335999 36.139999 13.079897
v -0.834001 36.139999 13.079897
v -0.833999 36.051544 13.116538
v -3.335999 36.051540 13.116538
v -3.335999 36.014900 13.204997
v -3.335999 36.139999 13.330097
v -3.335999 36.228455 13.293456
v -0.834001 36.139999 13.330097
v -3.335999 36.051540 13.293456
v -0.834001 36.051540 13.293456
v -0.833999 36.014900 13.204997
v -0.399625 38.297977 13.118123
v -0.399625 38.261337 13.206582
v -2.901626 38.297974 13.118123
v -0.399625 38.261337 13.029664
v -2.901624 38.261337 13.029663
v -2.901626 38.172878 12.993023
v -0.399625 38.172874 12.993023
v -0.399625 38.084419 13.029664
v -2.901626 38.084419 13.029663
v -2.901626 38.047775 13.118123
v -2.901626 38.172878 13.243222
v -2.901626 38.261337 13.206582
v -0.399625 38.172874 13.243223
v -2.901624 38.084419 13.206582
v -0.399625 38.084419 13.206582
v -0.399625 38.047779 13.118123
v 0.034751 40.330849 13.031249
v 0.034750 40.294212 13.119708
v -2.467252 40.330849 13.031248
v 0.034749 40.294209 12.942790
v -2.467250 40.294212 12.942789
v -2.467250 40.205750 12.906149
v 0.034749 40.205750 12.906149
v 0.034751 40.117294 12.942790
v -2.467252 40.117290 12.942789
v -2.467252 40.080650 13.031248
v -2.467250 40.205750 13.156348
v -2.467252 40.294209 13.119707
v 0.034749 40.205750 13.156349
v -2.467250 40.117290 13.119708
v 0.034749 40.117290 13.119708
v 0.034751 40.080650 13.031249
v 0.469125 42.363728 12.944373
v 0.469126 42.327084 13.032833
v -2.032876 42.363724 12.944373
v 0.469125 42.327084 12.855914
v 0.469125 42.238625 12.819273
v -2.032874 42.327084 12.855914
v -2.032876 42.238625 12.819273
v 0.469125 42.150169 13.032833
v 0.469125 42.238625 13.069473
v -2.032876 42.150169 13.032832
v 0.469125 42.113525 12.944373
v 0.469125 42.150166 12.855914
v -2.032876 42.150166 12.855914
v -2.032876 42.113525 12.944373
v -2.032876 42.238625 13.069473
v -2.032876 42.327084 13.032832
v 0.903501 44.396606 12.857499
v 0.903500 44.359962 12.945958
v -1.598500 44.396606 12.857499
v 0.903501 44.359962 12.769040
v 0.903501 44.271507 12.732399
v -1.598500 44.359962 12.769040
v -1.598500 44.271507 12.732399
v 0.903501 44.271503 12.982599
v 0.903501 44.183044 12.945958
v -1.598500 44.183044 12.945958
v 0.903501 44.146404 12.857499
v 0.903501 44.183044 12.769040
v -1.598500 44.183044 12.769040
v -1.598500 44.146404 12.857499
v -1.598500 44.271503 12.982599
v -1.598500 44.359962 12.945958
v 1.337874 46.429474 12.770624
v 1.337874 46.392834 12.859083
v -1.164126 46.429474 12.770624
v 1.337874 46.392834 12.682165
v 1.337874 46.304375 12.645524
v -1.164126 46.392834 12.682165
v -1.164124 46.304375 12.645524
v 1.337874 46.215916 12.859083
v 1.337873 46.304375 12.895723
v -1.164126 46.215916 12.859083
v 1.337873 46.179276 12.770624
v 1.337873 46.215916 12.682165
v -1.164126 46.215916 12.682165
v -1.164126 46.179276 12.770624
v -1.164126 46.304375 12.895723
v -1.164126 46.392834 12.859083
v 1.772249 48.462349 12.683748
v 1.772249 48.425709 12.772207
v -0.729753 48.462349 12.683748
v 1.772248 48.425705 12.595289
v 1.772249 48.337250 12.558649
v -0.729751 48.425705 12.595289
v -0.729753 48.337250 12.558648
v 1.772248 48.337250 12.808848
v 1.772248 48.248791 12.772207
v 1.772248 48.212147 12.683748
v 1.772249 48.248787 12.595289
v -0.729753 48.248787 12.595289
v -0.729751 48.212147 12.683748
v -0.729751 48.248787 12.772207
v -0.729751 48.337246 12.808848
v -0.729753 48.425709 12.772207
v 2.206625 50.495224 12.596873
v 2.206626 50.458584 12.685332
v -0.295377 50.495224 12.596873
v 2.206624 50.458584 12.508414
v -0.295375 50.458584 12.685332
v 2.206624 50.281666 12.685332
v 2.206624 50.370125 12.721973
v -0.295375 50.281666 12.685331
v 2.206624 50.245026 12.596873
v 2.206625 50.281666 12.508414
v 2.206625 50.370125 12.471773
v -0.295375 50.370125 12.471773
v -0.295377 50.281666 12.508414
v -0.295375 50.458584 12.508413
v -0.295376 50.370125 12.721972
v -0.295376 50.245026 12.596873
v 2.641000 52.528103 12.509997
v 2.640999 52.491463 12.598456
v 0.138999 52.528103 12.509997
v 2.641000 52.491463 12.421538
v 0.138999 52.491463 12.421538
v 0.138998 52.403004 12.384897
v 2.641000 52.403004 12.384897
v 2.641000 52.314545 12.421538
v 0.138999 52.314545 12.421538
v 0.139000 52.277905 12.509997
v 0.138999 52.314545 12.598456
v 2.640999 52.277901 12.509997
v 2.640999 52.314545 12.598456
v 0.138999 52.403004 12.635098
v 0.138999 52.491463 12.598456
v 2.640999 52.403004 12.635098
v 23.370787 21.140320 11.120000
v 23.446709 21.055286 10.844794
v 31.154785 28.090321 11.120001
v 23.446707 21.055286 11.395206
v 23.630001 20.850002 11.509200
v 31.230711 28.005287 11.395206
v 23.813290 20.644714 11.395206
v 23.889214 20.559681 11.120000
v 31.597294 27.594715 11.395206
v 31.673218 27.509682 11.120001
v 23.813292 20.644714 10.844794
v 23.629999 20.850002 10.730800
v 31.597294 27.594715 10.844794
v 31.414001 27.800001 10.730801
v 31.230711 28.005289 10.844794
v 31.414001 27.800001 11.509200
v -6.254998 19.459999 5.254197
v -6.038766 19.459995 5.343763
v -6.254998 22.239998 5.254196
v -6.471231 19.459999 5.343763
v -6.038766 22.239998 5.343763
v -6.471231 22.239998 5.343763
v -6.560798 22.239998 5.559997
v -5.949199 22.239998 5.559997
v -5.949199 19.459995 5.559996
v -6.038766 22.239998 5.776229
v -6.038766 19.459995 5.776230
v -6.255000 22.239998 5.865797
v -6.255000 19.459995 5.865797
v -6.471232 22.239998 5.776230
v -6.471232 19.459999 5.776230
v -6.560800 19.459995 5.559997
v -8.242702 23.629997 5.559996
v -8.117600 23.629997 5.343316
v -8.091395 24.390656 5.559995
v -8.117600 23.629997 5.776675
v -8.091397 22.869335 5.559995
v -7.975816 22.917213 5.343316
v -7.975818 22.917210 5.776675
v -7.744662 23.012959 5.776675
v -7.572057 22.312939 5.776675
v -7.395139 22.489857 5.776676
v -7.867400 23.629997 5.776675
v -7.742299 23.629997 5.559995
v -7.744664 24.247036 5.776675
v -7.629086 24.199162 5.559995
v -7.975818 24.342785 5.776675
v -7.395139 24.770134 5.776675
v -7.306680 24.681679 5.559995
v -7.572057 24.947056 5.776675
v -6.872039 25.119663 5.776675
v -6.824164 25.004082 5.559996
v -6.967786 25.350815 5.776675
v -6.255000 25.242401 5.776675
v -6.255000 25.117294 5.559995
v -6.255000 25.492596 5.776675
v -6.255000 25.617695 5.559995
v -5.542214 25.350815 5.776675
v -5.637961 25.119659 5.776675
v -5.494340 25.466393 5.559996
v -5.542214 25.350815 5.343316
v -4.849483 25.035515 5.559995
v -4.937943 24.947056 5.343316
v -4.937943 24.947056 5.776675
v -4.418605 24.390659 5.559996
v -4.534181 24.342781 5.343316
v -4.534183 24.342785 5.776675
v -4.267297 23.630001 5.559996
v -4.392400 23.630001 5.343317
v -4.392400 23.629997 5.776675
v -4.418605 22.869335 5.559996
v -4.534181 22.917213 5.776675
v -4.765338 23.012962 5.776676
v -4.937942 22.312943 5.776676
v -4.642598 23.629997 5.776676
v -4.767701 23.629997 5.559996
v -4.765338 24.247032 5.776675
v -4.880914 23.060833 5.559996
v -4.765336 23.012959 5.343317
v -5.203319 22.578316 5.559996
v -5.114861 22.489857 5.343316
v -5.114860 22.489861 5.776676
v -5.685834 22.255913 5.559996
v -5.637961 22.140335 5.343316
v -5.637959 22.140335 5.776676
v -6.255002 22.142696 5.559996
v -6.255002 22.017597 5.343316
v -6.254998 22.017593 5.776676
v -6.824164 22.255909 5.559996
v -6.872039 22.140335 5.343316
v -6.872041 22.140335 5.776675
v -6.967786 21.909180 5.776675
v -7.306680 22.578316 5.559995
v -7.395139 22.489857 5.343317
v -7.629086 23.060829 5.559995
v -7.744662 23.012959 5.343316
v -7.867400 23.629997 5.343316
v -7.744664 24.247036 5.343316
v -7.975816 24.342785 5.343316
v -7.395139 24.770138 5.343316
v -7.572057 24.947056 5.343316
v -6.872039 25.119659 5.343316
v -6.967786 25.350815 5.343316
v -6.255000 25.242397 5.343316
v -6.255000 25.492599 5.343316
v -5.637961 25.119659 5.343316
v -5.685834 25.004082 5.559996
v -5.203321 24.681679 5.559996
v -5.114861 24.770134 5.343316
v -5.114858 24.770138 5.776675
v -4.880912 24.199162 5.559995
v -4.765336 24.247036 5.343316
v -4.642600 23.630001 5.343316
v -7.015662 25.466393 5.559995
v -7.660516 25.035511 5.559995
v -7.572057 22.312943 5.343317
v -7.660516 22.224480 5.559995
v -6.967788 21.909176 5.343317
v -7.015662 21.793598 5.559996
v -6.255002 21.767395 5.343316
v -6.254998 21.642296 5.559996
v -5.494340 21.793602 5.559996
v -6.254998 21.767399 5.776675
v -5.542214 21.909180 5.343316
v -5.542214 21.909180 5.776675
v -4.937943 22.312939 5.343316
v -4.849483 22.224480 5.559996
v -4.534181 22.917213 5.343316
v -6.255000 23.768997 5.559995
v -6.255000 23.728283 5.658283
v -8.451201 23.768997 5.559996
v -6.254998 23.728283 5.461707
v -8.451200 23.728287 5.658283
v -8.451200 23.728287 5.461708
v -8.451201 23.629997 5.420995
v -6.254998 23.629997 5.420995
v -6.255000 23.531708 5.461708
v -8.451200 23.531712 5.461708
v -8.451201 23.490997 5.559996
v -8.451200 23.531712 5.658283
v -6.255000 23.490997 5.559995
v -6.254998 23.531708 5.658283
v -8.451200 23.629997 5.698995
v -6.254998 23.629997 5.698995
v -6.156713 23.728287 5.559996
v -6.185498 23.699497 5.658284
v -7.709661 25.281235 5.559996
v -6.185498 23.699497 5.461708
v -6.254998 23.629997 5.420996
v -7.738448 25.252445 5.461709
v -6.324498 23.560497 5.658284
v -6.353286 23.531708 5.559996
v -6.324498 23.560497 5.461708
v -7.877448 25.113445 5.461708
v -7.906236 25.084660 5.559996
v -7.807946 25.182945 5.420996
v -7.807946 25.182945 5.698996
v -7.738448 25.252445 5.658284
v -6.254998 23.629997 5.698996
v -7.877446 25.113445 5.658284
v -6.255000 23.629997 5.420996
v -6.156713 23.629997 5.461708
v -6.255000 25.826200 5.420996
v -6.353286 23.629997 5.461708
v -6.156713 25.826197 5.461708
v -6.353288 25.826200 5.461708
v -6.394000 25.826200 5.559996
v -6.394000 23.630001 5.559996
v -6.353286 23.630001 5.658284
v -6.254998 23.629997 5.698996
v -6.353288 25.826200 5.658284
v -6.255000 25.826200 5.698995
v -6.156713 25.826200 5.658283
v -6.156711 23.629997 5.658284
v -6.116000 23.630001 5.559995
v -6.116000 25.826199 5.559995
v -6.353288 23.728287 5.559996
v -6.324500 23.699501 5.461708
v -4.800340 25.281231 5.559996
v -6.324500 23.699501 5.658284
v -6.185500 23.560497 5.461708
v -6.255000 23.629997 5.420996
v -4.632554 25.113449 5.461708
v -6.156713 23.531712 5.559996
v -4.702052 25.182949 5.420996
v -4.771550 25.252449 5.461709
v -4.771554 25.252445 5.658284
v -4.702050 25.182949 5.698996
v -4.632552 25.113449 5.658284
v -6.255000 23.629997 5.698996
v -4.603765 25.084656 5.559996
v -6.185500 23.560497 5.658284
v -6.255000 23.768997 5.559996
v -6.255000 23.728283 5.461708
v -4.058801 23.768997 5.559996
v -6.254998 23.728287 5.658284
v -6.255000 23.629997 5.698996
v -4.058801 23.728283 5.658284
v -6.255000 23.531708 5.658284
v -6.255000 23.490997 5.559996
v -4.058801 23.531712 5.658284
v -6.255000 23.531712 5.461708
v -6.255000 23.629997 5.420996
v -4.058801 23.531712 5.461709
v -4.058801 23.629997 5.420996
v -4.058801 23.490997 5.559996
v -4.058801 23.629997 5.698996
v -4.058799 23.728287 5.461709
v -6.156713 23.728283 5.559996
v -6.185502 23.699493 5.461708
v -4.603765 22.175335 5.559996
v -6.185500 23.699493 5.658284
v -4.632554 22.146545 5.461708
v -4.632552 22.146545 5.658283
v -4.702052 22.077045 5.698996
v -4.702052 22.077045 5.420996
v -6.255002 23.629993 5.698996
v -6.324500 23.560497 5.658284
v -4.771554 22.007545 5.658284
v -4.800340 21.978760 5.559996
v -4.771554 22.007545 5.461708
v -6.353288 23.531708 5.559996
v -6.324500 23.560493 5.461708
v -6.254998 23.629997 5.420996
v -6.254998 23.629997 5.698996
v -6.156711 23.629997 5.658283
v -6.254998 21.433800 5.698996
v -6.353286 23.629997 5.658283
v -6.156711 21.433796 5.658283
v -6.353286 21.433800 5.658283
v -6.394000 21.433800 5.559995
v -6.394000 23.629997 5.559996
v -6.353288 23.629997 5.461708
v -6.156711 23.629993 5.461708
v -6.116000 23.629997 5.559995
v -6.156711 21.433796 5.461708
v -6.254998 23.629997 5.420995
v -6.116000 21.433796 5.559995
v -6.254998 21.433796 5.420995
v -6.353288 21.433800 5.461708
v -6.353288 23.728283 5.559996
v -6.324502 23.699493 5.658284
v -7.906236 22.175335 5.559996
v -6.324500 23.699493 5.461709
v -7.877446 22.146549 5.658284
v -6.185498 23.560497 5.658284
v -6.255000 23.629993 5.698996
v -7.738448 22.007549 5.658283
v -6.156711 23.531712 5.559996
v -7.709661 21.978760 5.559996
v -6.185500 23.560497 5.461708
v -7.738450 22.007545 5.461708
v -6.254998 23.629997 5.420996
v -7.807948 22.077049 5.420996
v -7.877448 22.146549 5.461708
v -7.807948 22.077049 5.698995
vn 0.3880 0.8321 -0.3963
vn 0.1344 0.3447 -0.9291
vn -0.1980 -0.3447 -0.9176
vn -0.4144 -0.8321 -0.3686
vn -0.3880 -0.8321 0.3963
vn -0.1344 -0.3447 0.9291
vn 0.9001 -0.4345 -0.0310
vn 0.1980 0.3447 0.9176
vn 0.4144 0.8321 0.3686
vn -0.9001 0.4345 0.0310
vn 0.9001 -0.4345 -0.0311
vn 0.9001 0.4345 0.0311
vn -0.4144 0.8321 0.3686
vn -0.3880 0.8321 -0.3963
vn 0.9001 0.4345 0.0310
vn 0.1344 -0.3447 0.9291
vn 0.3880 -0.8321 0.3963
vn 0.3880 -0.8321 0.3962
vn 0.4144 -0.8321 -0.3686
vn 0.1980 -0.3447 -0.9176
vn -0.1344 0.3447 -0.9291
vn -0.9001 -0.4345 -0.0310
vn -0.9001 -0.4345 -0.0311
vn -0.9001 -0.4346 -0.0310
vn -0.1980 0.3447 0.9176
vn -0.4227 0.9058 0.0302
vn 0.8074 0.3915 -0.4413
vn 0.8620 0.3915 0.3221
vn 0.4116 0.1622 0.8968
vn -0.8074 -0.3915 0.4413
vn -0.2799 -0.1622 0.9462
vn 0.4227 -0.9058 -0.0303
vn 0.4227 -0.9058 -0.0302
vn -0.8620 -0.3915 -0.3221
vn 0.2799 0.1622 -0.9462
vn -0.4116 -0.1622 -0.8968
vn 0.6212 0.7832 -0.0270
vn -0.7063 0.5744 0.4138
vn -0.7395 0.5744 -0.3509
vn -0.3396 0.2379 -0.9100
vn -0.6212 -0.7832 0.0270
vn -0.6212 -0.7831 0.0270
vn -0.6210 -0.7833 0.0270
vn -0.2593 0.2379 0.9360
vn 0.3396 -0.2379 0.9100
vn -0.6211 -0.7833 0.0269
vn 0.7395 -0.5744 0.3510
vn 0.7063 -0.5744 -0.4137
vn 0.7395 -0.5744 0.3508
vn 0.7063 -0.5744 -0.4138
vn 0.2593 -0.2379 -0.9360
vn -0.2089 -0.9771 0.0418
vn -0.9602 0.1967 -0.1982
vn -0.8101 0.1967 0.5523
vn -0.2088 -0.9771 0.0418
vn -0.1855 0.0815 0.9793
vn -0.2086 -0.9771 0.0417
vn 0.9602 -0.1967 0.1982
vn 0.5478 -0.0815 0.8326
vn 0.2088 0.9771 -0.0417
vn 0.2088 0.9771 -0.0418
vn 0.8101 -0.1967 -0.5523
vn -0.5478 0.0815 -0.8326
vn 0.1855 -0.0815 -0.9793
vn -0.2088 -0.9771 0.0417
vn -0.2089 -0.9770 0.0418
vn -0.2087 -0.9771 0.0418
vn 1.0000 -0.0000 -0.0000
vn -0.0000 0.9239 0.3827
vn -0.0000 0.9239 -0.3827
vn -0.0000 0.3827 -0.9239
vn -1.0000 -0.0000 -0.0000
vn -0.0000 -0.3827 -0.9239
vn -1.0000 -0.0001 -0.0000
vn -0.0000 -0.9239 -0.3827
vn -0.0000 -0.9239 0.3827
vn -0.0000 -0.3827 0.9239
vn -0.0000 0.3827 0.9239
vn 1.0000 0.0001 -0.0000
vn -1.0000 0.0001 -0.0000
vn 1.0000 -0.0001 -0.0000
vn -0.7459 -0.6660 -0.0000
vn -0.6153 0.6892 -0.3827
vn -0.6153 0.6892 0.3827
vn -0.2549 0.2855 0.9239
vn 0.6153 -0.6892 0.3827
vn 0.2549 -0.2855 0.9239
vn 0.2549 -0.2855 -0.9239
vn 0.6153 -0.6892 -0.3827
vn 0.7459 0.6660 -0.0000
vn -0.2549 0.2855 -0.9239
vn -0.0000 -1.0000 -0.0000
vn 0.3827 -0.0000 -0.9239
vn -0.3827 -0.0000 -0.9239
vn -0.9239 -0.0000 -0.3827
vn -0.0000 1.0000 -0.0000
vn 0.9239 -0.0000 -0.3827
vn 0.9239 -0.0000 0.3827
vn 0.3827 -0.0000 0.9239
vn -0.3827 -0.0000 0.9239
vn -0.9239 -0.0000 0.3827
vn -0.8535 -0.1698 -0.4927
vn -0.8535 0.1698 -0.4927
vn -0.8535 0.1698 0.4927
vn -0.8535 -0.1698 0.4927
vn -0.0000 -0.0000 1.0000
vn -0.7235 -0.4835 0.4927
vn 0.8535 0.1698 0.4927
vn 0.8535 -0.1698 0.4927
vn 0.7235 -0.4834 0.4927
vn 0.4834 -0.7235 0.4927
vn 0.1698 -0.8535 0.4927
vn -0.1698 0.8535 0.4927
vn 0.1698 0.8535 0.4927
vn 0.1698 0.8535 -0.4927
vn 0.4834 0.7235 -0.4927
vn 0.4834 0.7235 0.4927
vn 0.7235 0.4834 -0.4927
vn 0.7235 0.4834 0.4927
vn 0.8535 0.1698 -0.4927
vn 0.8535 -0.1698 -0.4927
vn -0.7235 0.4834 -0.4927
vn -0.7235 0.4834 0.4927
vn -0.4834 0.7235 -0.4927
vn -0.4834 0.7235 0.4927
vn -0.1698 0.8535 -0.4927
vn 0.7235 0.4835 0.4927
vn -0.0000 -0.0000 -1.0000
vn 0.7235 -0.4834 -0.4927
vn 0.4834 -0.7235 -0.4927
vn 0.1698 -0.8535 -0.4927
vn -0.1698 -0.8534 -0.4927
vn -0.1698 -0.8535 -0.4927
vn -0.4834 -0.7235 -0.4927
vn -0.1698 -0.8535 0.4927
vn -0.4834 -0.7235 0.4927
vn -0.4835 -0.7235 -0.4927
vn -0.7235 -0.4835 -0.4927
vn -0.7235 -0.4834 0.4927
vn -0.7235 -0.4834 -0.4927
vn 0.7071 -0.7071 -0.0000
vn 0.6533 0.6533 0.3827
vn 0.6533 0.6533 -0.3827
vn 0.2706 0.2706 -0.9239
vn -0.6533 -0.6533 -0.3827
vn -0.2706 -0.2706 -0.9239
vn -0.7071 0.7071 -0.0000
vn 0.2706 0.2706 0.9239
vn -0.2706 -0.2706 0.9239
vn -0.6533 -0.6533 0.3827
vn -0.0001 -1.0000 -0.0000
vn -0.7071 -0.7071 -0.0000
vn -0.6533 0.6533 -0.3827
vn -0.6533 0.6533 0.3827
vn 0.2706 -0.2706 -0.9239
vn 0.6533 -0.6533 -0.3827
vn 0.7071 0.7071 -0.0000
vn -0.2706 0.2706 -0.9239
vn 0.7070 0.7072 -0.0000
vn 0.2706 -0.2706 0.9239
vn -0.2706 0.2706 0.9239
vn 0.6533 -0.6533 0.3827
vn -0.7070 -0.7072 -0.0000
vn -0.7072 -0.7071 -0.0000
vt 1.000000 1.000000
vt 0.875000 0.500000
vt 1.000000 0.500000
vt 0.875000 1.000000
vt 0.750000 0.500000
vt 0.750000 1.000000
vt 0.625000 0.500000
vt 0.625000 1.000000
vt 0.500000 0.500000
vt 0.500000 1.000000
vt 0.375000 0.500000
vt 0.375000 1.000000
vt 0.250000 0.500000
vt 0.010000 0.250000
vt 0.250000 0.010000
vt 0.490000 0.250000
vt 0.250000 1.000000
vt 0.125000 0.500000
vt 0.125000 1.000000
vt 0.000000 0.500000
vt 0.919706 0.080294
vt 0.580294 0.080294
vt 0.580294 0.419706
vt 0.419706 0.419706
vt 0.250000 0.490000
vt 0.080294 0.419706
vt 0.080294 0.080294
vt 0.419706 0.080294
vt 0.000000 1.000000
vt 0.750000 0.490000
vt 0.919706 0.419706
vt 0.990000 0.250000
vt 0.750000 0.010000
vt 0.510000 0.250000
vt 0.750000 0.490000
vt 0.580294 0.080294
vt 0.919706 0.080294
vt 0.750000 0.010000
vt 0.010000 0.250000
vt 0.080294 0.080294
vt 0.250000 0.010000
vt 0.419706 0.080294
vt 0.490000 0.250000
vt 0.250000 0.490000
vt 0.080294 0.419706
vt 0.010000 0.250000
vt 0.250000 0.010000
vt 0.750000 0.010000
vt 0.500000 0.666667
vt 0.437500 0.666667
vt 0.562500 0.500000
vt 0.500000 0.333333
vt 0.437500 0.333333
vt 0.437500 0.500000
vt 0.375000 0.166667
vt 0.437500 0.166667
vt 0.500000 0.166667
vt 0.375000 0.333333
vt 0.500000 -0.000000
vt 0.562500 0.166667
vt 0.562500 -0.000000
vt 0.625000 0.166667
vt 0.562500 0.333333
vt 0.625000 -0.000000
vt 0.687500 0.166667
vt 0.625000 0.333333
vt 0.687500 -0.000000
vt 0.750000 -0.000000
vt 0.687500 0.333333
vt 0.750000 0.333333
vt 0.750000 0.166667
vt 0.812500 0.166667
vt 0.812500 0.500000
vt 0.812500 0.333333
vt 0.812500 0.666667
vt 0.875000 0.666667
vt 0.937500 0.500000
vt 0.875000 0.333333
vt 0.937500 0.666667
vt 0.937500 0.333333
vt 1.000000 0.666667
vt 0.062500 0.500000
vt 0.000000 0.666667
vt 1.000000 0.333333
vt 0.062500 0.333333
vt 0.000000 0.333333
vt 0.000000 0.166667
vt 0.062500 0.166667
vt 0.125000 0.333333
vt 1.000000 -0.000000
vt 1.000000 0.166667
vt 0.937500 0.166667
vt 0.062500 -0.000000
vt 0.000000 -0.000000
vt 0.062500 0.833333
vt 0.062500 1.000000
vt 0.125000 -0.000000
vt 0.125000 0.833333
vt 0.187500 1.000000
vt 0.125000 0.166667
vt 0.187500 -0.000000
vt 0.187500 0.833333
vt 0.187500 0.166667
vt 0.250000 -0.000000
vt 0.250000 0.833333
vt 0.312500 0.833333
vt 0.250000 0.166667
vt 0.312500 0.166667
vt 0.312500 -0.000000
vt 0.312500 1.000000
vt 0.375000 -0.000000
vt 0.312500 0.333333
vt 0.375000 0.833333
vt 0.437500 1.000000
vt 0.437500 -0.000000
vt 0.437500 0.833333
vt 0.500000 0.833333
vt 0.562500 0.833333
vt 0.562500 1.000000
vt 0.562500 0.666667
vt 0.625000 0.833333
vt 0.625000 0.666667
vt 0.687500 0.833333
vt 0.687500 0.666667
vt 0.750000 0.833333
vt 0.687500 1.000000
vt 0.750000 0.666667
vt 0.812500 1.000000
vt 0.812500 0.833333
vt 0.812500 -0.000000
vt 0.875000 -0.000000
vt 0.875000 0.833333
vt 0.937500 1.000000
vt 0.875000 0.166667
vt 0.937500 -0.000000
vt 0.937500 0.833333
vt 1.000000 0.833333
vt 0.000000 0.833333
vt 0.687500 0.500000
vt 0.375000 0.666667
vt 0.312500 0.666667
vt 0.312500 0.500000
vt 0.250000 0.666667
vt 0.187500 0.333333
vt 0.187500 0.500000
vt 0.187500 0.666667
vt 0.250000 0.333333
vt 0.125000 0.666667
vt 0.062500 0.666667
s 0
usemtl Rope
f 782/344/209 783/345/209 781/346/209
f 784/347/210 785/348/210 783/345/210
f 786/349/211 787/350/211 785/348/211
f 788/351/212 789/352/212 787/350/212
f 790/353/213 791/354/213 789/352/213
f 792/355/214 793/356/214 791/354/214
f 794/357/215 790/358/215 786/359/215
f 794/360/216 795/361/216 793/356/216
f 796/362/217 781/363/217 795/361/217
f 787/364/218 791/365/218 795/366/218
f 782/344/209 784/347/209 783/345/209
f 784/347/210 786/349/210 785/348/210
f 786/349/211 788/351/211 787/350/211
f 788/351/212 790/353/212 789/352/212
f 790/353/213 792/355/213 791/354/213
f 792/355/214 794/360/214 793/356/214
f 786/359/219 784/367/219 782/368/219
f 782/368/215 796/369/215 794/357/215
f 794/357/215 792/370/215 790/358/215
f 790/358/215 788/371/215 786/359/215
f 786/359/215 782/368/215 794/357/215
f 794/360/216 796/362/216 795/361/216
f 796/362/217 782/372/217 781/363/217
f 795/366/218 781/373/218 783/374/218
f 783/374/218 785/375/218 787/364/218
f 787/364/218 789/376/218 791/365/218
f 791/365/218 793/377/218 795/366/218
f 795/366/218 783/374/218 787/364/218
f 797/373/220 798/374/220 803/364/220
f 797/346/221 801/347/221 798/345/221
f 802/362/222 799/372/222 797/363/222
f 797/346/221 799/344/221 801/347/221
f 800/366/223 797/373/223 803/364/223
f 802/362/222 797/363/222 800/361/222
f 798/374/223 804/375/223 803/364/223
f 804/348/224 805/351/224 803/350/224
f 805/351/225 806/352/225 803/350/225
f 803/364/223 806/376/223 800/366/223
f 805/351/226 807/353/226 806/352/226
f 807/353/227 808/354/227 806/352/227
f 806/376/223 808/365/223 800/366/223
f 807/353/227 809/355/227 808/354/227
f 809/355/228 810/356/228 808/354/228
f 808/365/220 810/377/220 800/366/220
f 809/355/228 811/360/228 810/356/228
f 811/360/229 800/361/229 810/356/229
f 811/357/230 809/370/230 807/358/230
f 811/360/229 802/362/229 800/361/229
f 802/369/230 811/357/230 812/359/230
f 811/357/231 807/358/231 812/359/231
f 812/359/232 801/367/232 799/368/232
f 801/347/233 812/349/233 804/348/233
f 804/348/224 812/349/224 805/351/224
f 807/358/232 805/371/232 812/359/232
f 799/368/232 802/369/232 812/359/232
f 801/347/233 804/348/233 798/345/233
f 816/366/234 813/373/234 814/374/234
f 815/344/235 814/345/235 813/346/235
f 816/361/236 815/372/236 813/363/236
f 821/365/234 817/377/234 816/366/234
f 817/356/237 818/362/237 816/361/237
f 816/361/236 818/362/236 815/372/236
f 814/374/234 819/375/234 816/366/234
f 819/375/234 820/364/234 816/366/234
f 820/364/234 821/365/234 816/366/234
f 820/364/234 822/376/234 821/365/234
f 822/352/238 823/355/238 821/354/238
f 823/355/239 817/356/239 821/354/239
f 825/357/240 823/370/240 824/358/240
f 822/352/238 824/353/238 823/355/238
f 823/355/239 825/360/239 817/356/239
f 817/356/237 825/360/237 818/362/237
f 815/368/241 818/369/241 825/357/241
f 815/368/241 825/357/241 824/358/241
f 824/358/241 826/371/241 827/359/241
f 826/351/242 824/353/242 822/352/242
f 827/359/241 815/368/241 824/358/241
f 827/359/240 828/367/240 815/368/240
f 828/347/243 827/349/243 819/348/243
f 827/349/244 820/350/244 819/348/244
f 827/349/244 826/351/244 820/350/244
f 815/344/235 828/347/235 814/345/235
f 828/347/243 819/348/243 814/345/243
f 826/351/242 822/352/242 820/350/242
f 832/366/245 829/373/245 830/374/245
f 830/345/246 829/346/246 831/344/246
f 831/372/247 829/363/247 833/362/247
f 829/363/247 832/361/247 833/362/247
f 834/360/248 833/362/248 832/361/248
f 833/369/249 834/357/249 835/359/249
f 831/368/250 833/369/250 835/359/250
f 835/359/251 836/367/251 831/368/251
f 835/349/252 830/345/252 836/347/252
f 839/350/253 837/348/253 835/349/253
f 837/348/252 830/345/252 835/349/252
f 838/351/253 839/350/253 835/349/253
f 841/358/254 838/371/254 835/359/254
f 834/357/249 840/370/249 835/359/249
f 840/370/250 841/358/250 835/359/250
f 838/351/255 841/353/255 839/350/255
f 842/352/256 841/353/256 843/354/256
f 839/350/257 841/353/257 842/352/257
f 841/353/258 840/355/258 843/354/258
f 842/376/245 843/365/245 832/366/245
f 843/354/259 840/355/259 844/356/259
f 843/365/245 844/377/245 832/366/245
f 840/355/259 834/360/259 844/356/259
f 844/356/248 834/360/248 832/361/248
f 839/364/245 842/376/245 832/366/245
f 830/374/245 837/375/245 839/364/245
f 832/366/245 830/374/245 839/364/245
f 836/347/246 830/345/246 831/344/246
f 848/366/260 845/378/260 846/374/260
f 847/344/261 846/345/261 845/346/261
f 848/361/262 847/372/262 845/363/262
f 854/379/263 849/377/263 848/366/263
f 851/360/264 848/361/264 849/356/264
f 848/361/262 850/362/262 847/372/262
f 851/360/264 850/362/264 848/361/264
f 846/374/263 852/375/263 848/366/263
f 852/375/263 853/380/263 848/366/263
f 853/380/263 854/379/263 848/366/263
f 853/380/265 855/381/265 854/379/265
f 855/352/266 856/355/266 854/354/266
f 856/355/267 849/356/267 854/354/267
f 851/382/268 856/383/268 857/384/268
f 855/352/266 857/353/266 856/355/266
f 856/355/267 851/360/267 849/356/267
f 857/384/269 858/385/269 859/386/269
f 858/351/270 857/353/270 855/352/270
f 847/387/269 851/382/269 857/384/269
f 859/386/269 847/387/269 857/384/269
f 859/386/268 860/367/268 847/387/268
f 846/345/271 860/347/271 859/349/271
f 859/349/272 853/350/272 852/348/272
f 846/345/271 859/349/271 852/348/271
f 859/349/272 858/351/272 853/350/272
f 847/344/261 860/347/261 846/345/261
f 858/351/270 855/352/270 853/350/270
f 847/387/269 850/388/269 851/382/269
f 861/378/273 862/374/273 865/380/273
f 863/344/261 862/345/261 861/346/261
f 864/361/262 863/372/262 861/363/262
f 864/366/263 861/378/263 865/380/263
f 862/374/263 866/375/263 865/380/263
f 869/349/272 865/350/272 866/348/272
f 869/349/272 867/351/272 865/350/272
f 867/351/270 868/352/270 865/350/270
f 865/380/274 868/381/274 870/379/274
f 865/380/275 870/379/275 864/366/275
f 868/352/266 871/355/266 870/354/266
f 871/355/267 872/356/267 870/354/267
f 870/379/263 872/377/263 864/366/263
f 871/355/267 873/360/267 872/356/267
f 873/360/264 864/361/264 872/356/264
f 873/382/269 871/383/269 869/386/269
f 873/360/264 874/362/264 864/361/264
f 863/387/269 874/388/269 873/382/269
f 869/386/269 875/367/269 873/382/269
f 875/367/269 863/387/269 873/382/269
f 863/344/261 875/347/261 862/345/261
f 862/345/271 875/347/271 869/349/271
f 864/361/262 874/362/262 863/372/262
f 871/383/268 876/384/268 869/386/268
f 868/352/266 876/353/266 871/355/266
f 867/351/270 876/353/270 868/352/270
f 876/384/269 867/385/269 869/386/269
f 862/345/271 869/349/271 866/348/271
usemtl HullDark
f 880/366/276 877/378/276 878/374/276
f 877/346/277 881/347/277 878/345/277
f 882/362/278 879/372/278 877/363/278
f 877/346/277 879/344/277 881/347/277
f 882/362/278 877/363/278 880/361/278
f 885/356/279 883/360/279 882/362/279
f 882/369/280 883/382/280 884/386/280
f 885/356/279 882/362/279 880/361/279
f 879/387/280 882/369/280 884/386/280
f 886/365/276 885/377/276 880/366/276
f 887/355/281 885/356/281 886/354/281
f 887/355/281 883/360/281 885/356/281
f 883/382/282 887/370/282 888/384/282
f 888/353/283 887/355/283 886/354/283
f 888/384/280 889/371/280 883/382/280
f 891/350/284 889/351/284 888/353/284
f 888/353/283 886/354/283 890/352/283
f 891/350/284 888/353/284 890/352/284
f 892/375/276 891/364/276 880/366/276
f 884/349/285 891/350/285 892/348/285
f 884/349/285 889/351/285 891/350/285
f 891/364/276 890/381/276 880/366/276
f 878/374/276 892/375/276 880/366/276
f 878/345/286 884/349/286 892/348/286
f 890/381/276 886/365/276 880/366/276
f 889/371/280 884/386/280 883/382/280
f 884/386/280 881/367/280 879/387/280
f 878/345/286 881/347/286 884/349/286
f 896/366/276 893/378/276 894/374/276
f 893/346/277 897/347/277 894/345/277
f 898/362/278 895/372/278 893/363/278
f 893/346/277 895/344/277 897/347/277
f 898/362/278 893/363/278 896/361/278
f 900/356/279 899/360/279 898/362/279
f 895/387/280 898/369/280 899/382/280
f 900/356/279 898/362/279 896/361/279
f 901/365/276 900/377/276 896/366/276
f 902/355/281 900/356/281 901/354/281
f 902/355/281 899/360/281 900/356/281
f 899/382/282 902/370/282 903/384/282
f 903/353/283 902/355/283 901/354/283
f 903/384/280 904/371/280 899/382/280
f 906/350/284 904/351/284 903/353/284
f 903/353/283 901/354/283 905/352/283
f 906/350/284 903/353/284 905/352/284
f 894/374/276 907/375/276 906/364/276
f 908/349/285 906/350/285 907/348/285
f 908/349/285 904/351/285 906/350/285
f 906/364/276 905/381/276 896/366/276
f 896/366/276 894/374/276 906/364/276
f 908/386/280 897/367/280 895/387/280
f 894/345/286 897/347/286 908/349/286
f 894/345/286 908/349/286 907/348/286
f 904/371/280 908/386/280 899/382/280
f 908/386/280 895/387/280 899/382/280
f 905/381/276 901/365/276 896/366/276
f 912/366/276 909/378/276 910/374/276
f 909/346/277 913/347/277 910/345/277
f 914/362/278 911/372/278 909/363/278
f 909/346/277 911/344/277 913/347/277
f 914/362/278 909/363/278 912/361/278
f 916/356/279 915/360/279 914/362/279
f 911/387/280 914/369/280 915/382/280
f 916/356/279 914/362/279 912/361/279
f 917/365/276 916/377/276 912/366/276
f 918/355/281 916/356/281 917/354/281
f 918/355/281 915/360/281 916/356/281
f 915/382/280 918/370/280 919/384/280
f 919/353/283 918/355/283 917/354/283
f 919/384/280 920/371/280 923/386/280
f 922/350/284 920/351/284 919/353/284
f 919/353/283 917/354/283 921/352/283
f 922/350/284 919/353/284 921/352/284
f 915/382/280 919/384/280 923/386/280
f 923/386/280 913/367/280 915/382/280
f 910/345/286 913/347/286 923/349/286
f 923/349/285 922/350/285 924/348/285
f 910/345/286 923/349/286 924/348/286
f 923/349/285 920/351/285 922/350/285
f 910/374/276 924/375/276 912/366/276
f 924/375/276 922/364/276 912/366/276
f 922/364/276 921/381/276 912/366/276
f 921/381/276 917/365/276 912/366/276
f 913/367/280 911/387/280 915/382/280
f 928/366/276 925/378/276 926/374/276
f 925/346/277 929/347/277 926/345/277
f 930/362/278 927/372/278 925/363/278
f 925/346/277 927/344/277 929/347/277
f 930/362/278 925/363/278 928/361/278
f 932/356/279 931/360/279 930/362/279
f 927/387/280 930/369/280 931/382/280
f 932/356/279 930/362/279 928/361/279
f 933/365/276 932/377/276 928/366/276
f 934/355/281 932/356/281 933/354/281
f 934/355/281 931/360/281 932/356/281
f 931/382/280 934/370/280 935/384/280
f 935/353/283 934/355/283 933/354/283
f 935/384/280 936/371/280 931/382/280
f 938/350/284 936/351/284 935/353/284
f 935/353/283 933/354/283 937/352/283
f 938/350/284 935/353/284 937/352/284
f 926/374/276 939/375/276 938/364/276
f 940/349/285 938/350/285 939/348/285
f 940/349/285 936/351/285 938/350/285
f 938/364/287 937/381/287 933/365/287
f 926/374/276 938/364/276 933/365/276
f 940/386/280 929/367/280 931/382/280
f 926/345/286 929/347/286 940/349/286
f 926/345/286 940/349/286 939/348/286
f 936/371/280 940/386/280 931/382/280
f 928/366/276 926/374/276 933/365/276
f 929/367/280 927/387/280 931/382/280
f 944/366/276 941/378/276 942/374/276
f 943/344/277 942/345/277 941/346/277
f 945/362/278 943/372/278 941/363/278
f 945/362/278 941/363/278 944/361/278
f 946/360/279 945/362/279 944/361/279
f 943/387/280 945/369/280 946/382/280
f 946/382/280 947/370/280 951/384/280
f 947/355/281 946/360/281 948/356/281
f 946/360/279 944/361/279 948/356/279
f 949/386/280 950/367/280 946/382/280
f 952/371/280 949/386/280 946/382/280
f 950/367/280 943/387/280 946/382/280
f 951/384/280 952/371/280 946/382/280
f 949/349/285 952/351/285 953/350/285
f 953/350/284 952/351/284 951/353/284
f 954/375/276 953/364/276 944/366/276
f 949/349/285 953/350/285 954/348/285
f 953/364/276 955/381/276 944/366/276
f 953/350/284 951/353/284 955/352/284
f 951/353/283 956/354/283 955/352/283
f 955/381/276 956/365/276 944/366/276
f 951/353/283 947/355/283 956/354/283
f 947/355/281 948/356/281 956/354/281
f 956/365/276 948/377/276 944/366/276
f 942/374/276 954/375/276 944/366/276
f 942/345/286 949/349/286 954/348/286
f 943/344/277 950/347/277 942/345/277
f 942/345/286 950/347/286 949/349/286
f 960/366/276 957/378/276 958/374/276
f 959/344/277 958/345/277 957/346/277
f 961/362/278 959/372/278 957/363/278
f 961/362/278 957/363/278 960/361/278
f 962/360/279 961/362/279 960/361/279
f 959/387/280 961/369/280 962/382/280
f 962/382/280 963/370/280 965/384/280
f 963/355/281 962/360/281 964/356/281
f 962/360/279 960/361/279 964/356/279
f 959/387/280 962/382/280 965/384/280
f 965/384/280 966/371/280 970/386/280
f 968/350/284 966/351/284 965/353/284
f 965/353/283 969/354/283 967/352/283
f 968/350/284 965/353/284 967/352/284
f 965/353/283 963/355/283 969/354/283
f 970/386/280 959/387/280 965/384/280
f 970/386/280 971/367/280 959/387/280
f 958/345/286 971/347/286 970/349/286
f 970/349/285 968/350/285 972/348/285
f 958/345/286 970/349/286 972/348/286
f 970/349/285 966/351/285 968/350/285
f 958/374/276 972/375/276 960/366/276
f 972/375/276 968/364/276 960/366/276
f 959/344/277 971/347/277 958/345/277
f 967/381/276 969/365/276 960/366/276
f 963/355/281 964/356/281 969/354/281
f 969/365/276 964/377/276 960/366/276
f 968/364/276 967/381/276 960/366/276
f 976/366/276 973/378/276 974/374/276
f 975/344/277 974/345/277 973/346/277
f 977/362/278 975/372/278 973/363/278
f 977/362/278 973/363/278 976/361/278
f 978/360/279 977/362/279 976/361/279
f 975/387/280 977/369/280 978/382/280
f 978/382/280 979/370/280 981/386/280
f 979/355/281 978/360/281 980/356/281
f 978/360/279 976/361/279 980/356/279
f 981/386/280 982/367/280 978/382/280
f 982/367/280 975/387/280 978/382/280
f 975/344/277 982/347/277 974/345/277
f 974/345/286 982/347/286 981/349/286
f 981/349/285 985/350/285 983/348/285
f 974/345/286 981/349/286 983/348/286
f 981/349/285 984/351/285 985/350/285
f 986/384/280 984/371/280 981/386/280
f 979/370/280 986/384/280 981/386/280
f 985/350/284 984/351/284 986/353/284
f 986/353/283 988/354/283 987/352/283
f 985/350/284 986/353/284 987/352/284
f 986/353/283 979/355/283 988/354/283
f 985/364/287 987/381/287 988/365/287
f 979/355/281 980/356/281 988/354/281
f 988/365/276 980/377/276 976/366/276
f 974/374/276 985/364/276 988/365/276
f 976/366/276 974/374/276 988/365/276
f 974/374/276 983/375/276 985/364/276
f 992/366/276 989/378/276 990/374/276
f 991/344/277 990/345/277 989/346/277
f 993/362/278 991/372/278 989/363/278
f 993/362/278 989/363/278 992/361/278
f 994/360/279 993/362/279 992/361/279
f 991/387/280 993/369/280 994/382/280
f 994/382/288 995/370/288 997/384/288
f 995/355/281 994/360/281 996/356/281
f 994/360/279 992/361/279 996/356/279
f 999/386/280 991/387/280 994/382/280
f 997/384/280 998/371/280 994/382/280
f 998/371/280 999/386/280 994/382/280
f 999/386/280 1000/367/280 991/387/280
f 990/345/286 1000/347/286 999/349/286
f 999/349/285 1002/350/285 1001/348/285
f 990/345/286 999/349/286 1001/348/286
f 999/349/285 998/351/285 1002/350/285
f 1001/375/276 1002/364/276 992/366/276
f 1002/350/284 998/351/284 997/353/284
f 1002/364/276 1003/381/276 992/366/276
f 1002/350/284 997/353/284 1003/352/284
f 997/353/283 1004/354/283 1003/352/283
f 1003/381/276 1004/365/276 992/366/276
f 997/353/283 995/355/283 1004/354/283
f 995/355/281 996/356/281 1004/354/281
f 1004/365/276 996/377/276 992/366/276
f 990/374/276 1001/375/276 992/366/276
f 991/344/277 1000/347/277 990/345/277
f 1008/366/276 1005/378/276 1006/374/276
f 1007/344/277 1006/345/277 1005/346/277
f 1009/362/278 1007/372/278 1005/363/278
f 1009/362/278 1005/363/278 1008/361/278
f 1011/356/279 1010/360/279 1009/362/279
f 1007/387/280 1009/369/280 1010/382/280
f 1011/356/279 1009/362/279 1008/361/279
f 1012/365/276 1011/377/276 1008/366/276
f 1013/355/281 1011/356/281 1012/354/281
f 1013/355/281 1010/360/281 1011/356/281
f 1013/370/280 1014/384/280 1015/386/280
f 1014/353/283 1013/355/283 1012/354/283
f 1010/382/280 1013/370/280 1015/386/280
f 1015/386/280 1016/367/280 1007/387/280
f 1006/345/286 1016/347/286 1015/349/286
f 1015/349/285 1019/350/285 1017/348/285
f 1006/345/286 1015/349/286 1017/348/286
f 1014/384/280 1018/371/280 1015/386/280
f 1015/349/285 1018/351/285 1019/350/285
f 1015/386/280 1007/387/280 1010/382/280
f 1006/374/276 1017/375/276 1019/364/276
f 1019/350/284 1018/351/284 1014/353/284
f 1019/364/276 1020/381/276 1008/366/276
f 1019/350/284 1014/353/284 1020/352/284
f 1008/366/276 1006/374/276 1019/364/276
f 1014/353/283 1012/354/283 1020/352/283
f 1020/381/276 1012/365/276 1008/366/276
f 1007/344/277 1016/347/277 1006/345/277
f 1024/366/276 1021/378/276 1022/374/276
f 1023/344/277 1022/345/277 1021/346/277
f 1025/362/278 1023/372/278 1021/363/278
f 1025/362/278 1021/363/278 1024/361/278
f 1027/356/279 1026/360/279 1025/362/279
f 1023/387/280 1025/369/280 1026/382/280
f 1027/356/279 1025/362/279 1024/361/279
f 1028/365/276 1027/377/276 1024/366/276
f 1029/355/281 1027/356/281 1028/354/281
f 1029/355/281 1026/360/281 1027/356/281
f 1029/370/280 1030/384/280 1031/386/280
f 1030/353/283 1029/355/283 1028/354/283
f 1026/382/280 1029/370/280 1031/386/280
f 1031/386/280 1032/367/280 1023/387/280
f 1022/345/286 1032/347/286 1031/349/286
f 1031/349/285 1035/350/285 1033/348/285
f 1022/345/286 1031/349/286 1033/348/286
f 1030/384/280 1034/371/280 1031/386/280
f 1031/349/285 1034/351/285 1035/350/285
f 1031/386/280 1023/387/280 1026/382/280
f 1033/375/276 1035/364/276 1024/366/276
f 1035/350/284 1034/351/284 1030/353/284
f 1035/364/276 1036/381/276 1024/366/276
f 1035/350/284 1030/353/284 1036/352/284
f 1030/353/283 1028/354/283 1036/352/283
f 1036/381/276 1028/365/276 1024/366/276
f 1022/374/276 1033/375/276 1024/366/276
f 1023/344/277 1032/347/277 1022/345/277
f 1040/366/289 1037/378/289 1038/374/289
f 1039/344/277 1038/345/277 1037/346/277
f 1041/362/278 1039/372/278 1037/363/278
f 1041/362/278 1037/363/278 1040/361/278
f 1043/356/279 1042/360/279 1041/362/279
f 1039/387/280 1041/369/280 1042/382/280
f 1043/356/279 1041/362/279 1040/361/279
f 1044/365/276 1043/377/276 1040/366/276
f 1045/355/281 1043/356/281 1044/354/281
f 1045/355/281 1042/360/281 1043/356/281
f 1045/370/280 1046/384/280 1047/386/280
f 1046/353/283 1045/355/283 1044/354/283
f 1042/382/280 1045/370/280 1047/386/280
f 1047/386/282 1048/367/282 1039/387/282
f 1038/345/286 1048/347/286 1047/349/286
f 1047/349/285 1051/350/285 1049/348/285
f 1038/345/286 1047/349/286 1049/348/286
f 1046/384/280 1050/371/280 1047/386/280
f 1047/349/285 1050/351/285 1051/350/285
f 1047/386/280 1039/387/280 1042/382/280
f 1049/375/276 1051/364/276 1040/366/276
f 1051/350/284 1050/351/284 1046/353/284
f 1051/364/276 1052/381/276 1040/366/276
f 1051/350/284 1046/353/284 1052/352/284
f 1046/353/283 1044/354/283 1052/352/283
f 1052/381/276 1044/365/276 1040/366/276
f 1038/374/276 1049/375/276 1040/366/276
f 1039/344/277 1048/347/277 1038/345/277
f 1056/366/276 1053/378/276 1054/374/276
f 1055/344/277 1054/345/277 1053/346/277
f 1056/361/278 1055/372/278 1053/363/278
f 1057/377/276 1056/366/276 1060/364/276
f 1059/360/279 1056/361/279 1057/356/279
f 1056/361/278 1058/362/278 1055/372/278
f 1059/360/279 1058/362/279 1056/361/279
f 1056/366/276 1054/374/276 1060/364/276
f 1054/374/276 1061/375/276 1060/364/276
f 1061/348/285 1062/351/285 1060/350/285
f 1062/351/284 1063/352/284 1060/350/284
f 1060/364/276 1063/381/276 1064/365/276
f 1064/365/276 1057/377/276 1060/364/276
f 1066/353/283 1064/354/283 1063/352/283
f 1064/354/281 1065/355/281 1059/360/281
f 1066/353/283 1065/355/283 1064/354/283
f 1064/354/281 1059/360/281 1057/356/281
f 1066/384/280 1062/371/280 1067/386/280
f 1062/351/284 1066/353/284 1063/352/284
f 1065/370/280 1066/384/280 1067/386/280
f 1067/386/280 1068/367/280 1055/387/280
f 1068/347/286 1067/349/286 1061/348/286
f 1061/348/285 1067/349/285 1062/351/285
f 1067/386/280 1055/387/280 1059/382/280
f 1059/382/280 1065/370/280 1067/386/280
f 1055/344/277 1068/347/277 1054/345/277
f 1068/347/286 1061/348/286 1054/345/286
f 1055/387/280 1058/369/280 1059/382/280
f 1072/366/276 1069/378/276 1070/374/276
f 1071/344/277 1070/345/277 1069/346/277
f 1072/361/278 1071/372/278 1069/363/278
f 1073/377/276 1072/366/276 1077/364/276
f 1075/360/279 1072/361/279 1073/356/279
f 1072/361/278 1074/362/278 1071/372/278
f 1075/360/279 1074/362/279 1072/361/279
f 1070/374/276 1076/375/276 1072/366/276
f 1076/375/276 1077/364/276 1072/366/276
f 1076/348/285 1078/351/285 1077/350/285
f 1078/351/284 1079/352/284 1077/350/284
f 1077/364/276 1079/381/276 1080/365/276
f 1080/365/276 1073/377/276 1077/364/276
f 1082/353/283 1080/354/283 1079/352/283
f 1080/354/281 1081/355/281 1075/360/281
f 1082/353/283 1081/355/283 1080/354/283
f 1080/354/281 1075/360/281 1073/356/281
f 1082/384/280 1078/371/280 1075/382/280
f 1078/351/284 1082/353/284 1079/352/284
f 1075/382/280 1081/370/280 1082/384/280
f 1076/348/285 1083/349/285 1078/351/285
f 1078/371/280 1083/386/280 1075/382/280
f 1083/386/280 1084/367/280 1071/387/280
f 1084/347/286 1083/349/286 1076/348/286
f 1071/387/280 1074/369/280 1083/386/280
f 1074/369/280 1075/382/280 1083/386/280
f 1071/344/277 1084/347/277 1070/345/277
f 1084/347/286 1076/348/286 1070/345/286
f 1088/366/276 1085/378/276 1086/374/276
f 1087/344/277 1086/345/277 1085/346/277
f 1088/361/278 1087/372/278 1085/363/278
f 1089/377/276 1088/366/276 1092/364/276
f 1091/360/279 1088/361/279 1089/356/279
f 1088/361/278 1090/362/278 1087/372/278
f 1091/360/279 1090/362/279 1088/361/279
f 1088/366/276 1086/374/276 1092/364/276
f 1086/374/276 1093/375/276 1092/364/276
f 1093/348/285 1094/351/285 1092/350/285
f 1094/351/284 1095/352/284 1092/350/284
f 1092/364/276 1095/381/276 1096/365/276
f 1096/365/276 1089/377/276 1092/364/276
f 1098/353/283 1096/354/283 1095/352/283
f 1096/354/281 1097/355/281 1091/360/281
f 1098/353/283 1097/355/283 1096/354/283
f 1096/354/281 1091/360/281 1089/356/281
f 1098/384/280 1094/371/280 1099/386/280
f 1094/351/284 1098/353/284 1095/352/284
f 1091/382/280 1097/370/280 1098/384/280
f 1091/382/280 1098/384/280 1099/386/280
f 1099/386/280 1100/367/280 1091/382/280
f 1100/347/286 1099/349/286 1093/348/286
f 1093/348/285 1099/349/285 1094/351/285
f 1100/367/280 1087/387/280 1091/382/280
f 1087/344/277 1100/347/277 1086/345/277
f 1100/347/286 1093/348/286 1086/345/286
f 1087/387/280 1090/369/280 1091/382/280
f 1104/366/276 1101/378/276 1102/374/276
f 1103/344/277 1102/345/277 1101/346/277
f 1104/361/278 1103/372/278 1101/363/278
f 1111/365/276 1105/377/276 1104/366/276
f 1107/360/279 1104/361/279 1105/356/279
f 1104/361/278 1106/362/278 1103/372/278
f 1107/360/279 1106/362/279 1104/361/279
f 1102/374/276 1108/375/276 1104/366/276
f 1108/375/276 1109/364/276 1104/366/276
f 1109/364/276 1110/381/276 1104/366/276
f 1110/381/276 1111/365/276 1104/366/276
f 1113/353/283 1111/354/283 1110/352/283
f 1111/354/281 1112/355/281 1107/360/281
f 1113/353/283 1112/355/283 1111/354/283
f 1111/354/281 1107/360/281 1105/356/281
f 1113/384/280 1114/371/280 1107/382/280
f 1114/351/284 1113/353/284 1110/352/284
f 1107/382/280 1112/370/280 1113/384/280
f 1108/348/285 1115/349/285 1114/351/285
f 1114/371/280 1115/386/280 1107/382/280
f 1114/351/284 1110/352/284 1109/350/284
f 1108/348/285 1114/351/285 1109/350/285
f 1115/386/280 1116/367/280 1103/387/280
f 1116/347/286 1115/349/286 1108/348/286
f 1103/387/280 1106/369/280 1115/386/280
f 1106/369/280 1107/382/280 1115/386/280
f 1103/344/277 1116/347/277 1102/345/277
f 1116/347/286 1108/348/286 1102/345/286
f 1117/378/276 1118/374/276 1122/364/276
f 1117/346/277 1121/347/277 1118/345/277
f 1117/346/277 1119/344/277 1121/347/277
f 1120/361/278 1119/372/278 1117/363/278
f 1120/366/276 1117/378/276 1122/364/276
f 1118/374/276 1123/375/276 1122/364/276
f 1123/348/285 1124/351/285 1122/350/285
f 1124/351/284 1125/352/284 1122/350/284
f 1122/364/276 1125/381/276 1126/365/276
f 1127/377/276 1120/366/276 1122/364/276
f 1126/365/276 1127/377/276 1122/364/276
f 1126/354/281 1128/360/281 1127/356/281
f 1128/360/279 1120/361/279 1127/356/279
f 1128/382/280 1129/370/280 1132/384/280
f 1126/354/281 1129/355/281 1128/360/281
f 1128/360/279 1130/362/279 1120/361/279
f 1130/369/280 1128/382/280 1131/386/280
f 1124/371/280 1131/386/280 1128/382/280
f 1132/384/280 1124/371/280 1128/382/280
f 1124/351/284 1132/353/284 1125/352/284
f 1132/353/283 1126/354/283 1125/352/283
f 1132/353/283 1129/355/283 1126/354/283
f 1131/386/280 1121/367/280 1119/387/280
f 1121/347/286 1131/349/286 1123/348/286
f 1123/348/285 1131/349/285 1124/351/285
f 1119/387/280 1130/369/280 1131/386/280
f 1120/361/278 1130/362/278 1119/372/278
f 1121/347/286 1123/348/286 1118/345/286
f 1136/366/276 1133/378/276 1134/374/276
f 1135/344/277 1134/345/277 1133/346/277
f 1137/362/278 1135/372/278 1133/363/278
f 1137/362/278 1133/363/278 1136/361/278
f 1139/356/279 1138/360/279 1137/362/279
f 1135/387/280 1137/369/280 1138/382/280
f 1139/356/279 1137/362/279 1136/361/279
f 1140/365/276 1139/377/276 1136/366/276
f 1141/355/281 1139/356/281 1140/354/281
f 1141/355/281 1138/360/281 1139/356/281
f 1138/382/280 1141/370/280 1142/384/280
f 1142/353/283 1141/355/283 1140/354/283
f 1142/384/280 1143/371/280 1146/386/280
f 1145/350/284 1143/351/284 1142/353/284
f 1142/353/283 1140/354/283 1144/352/283
f 1145/350/284 1142/353/284 1144/352/284
f 1138/382/280 1142/384/280 1146/386/280
f 1146/386/280 1147/367/280 1138/382/280
f 1147/347/286 1146/349/286 1148/348/286
f 1146/349/285 1145/350/285 1148/348/285
f 1146/349/285 1143/351/285 1145/350/285
f 1134/374/276 1148/375/276 1136/366/276
f 1147/347/286 1148/348/286 1134/345/286
f 1148/375/276 1145/364/276 1136/366/276
f 1147/367/280 1135/387/280 1138/382/280
f 1135/344/277 1147/347/277 1134/345/277
f 1145/364/276 1144/381/276 1136/366/276
f 1144/381/276 1140/365/276 1136/366/276
f 1152/366/290 1149/373/290 1150/374/290
f 1151/344/291 1150/345/291 1149/346/291
f 1152/361/292 1151/372/292 1149/363/292
f 1155/365/290 1153/377/290 1152/366/290
f 1153/356/293 1154/362/293 1152/361/293
f 1152/361/292 1154/362/292 1151/372/292
f 1152/366/290 1150/374/290 1155/365/290
f 1159/364/290 1156/376/290 1155/365/290
f 1158/353/294 1155/354/294 1156/352/294
f 1158/353/294 1157/355/294 1155/354/294
f 1157/355/295 1153/356/295 1155/354/295
f 1150/374/290 1159/364/290 1155/365/290
f 1150/374/290 1160/375/290 1159/364/290
f 1162/349/296 1159/350/296 1160/348/296
f 1159/350/297 1161/351/297 1158/353/297
f 1162/349/296 1161/351/296 1159/350/296
f 1159/350/297 1158/353/297 1156/352/297
f 1162/359/298 1163/367/298 1164/357/298
f 1163/347/299 1162/349/299 1160/348/299
f 1158/358/298 1161/371/298 1162/359/298
f 1164/357/298 1157/370/298 1162/359/298
f 1157/370/298 1158/358/298 1162/359/298
f 1157/355/295 1164/360/295 1153/356/295
f 1153/356/293 1164/360/293 1154/362/293
f 1151/368/298 1154/369/298 1164/357/298
f 1163/367/298 1151/368/298 1164/357/298
f 1151/344/291 1163/347/291 1150/345/291
f 1163/347/299 1160/348/299 1150/345/299
f 1168/366/300 1165/378/300 1166/374/300
f 1165/346/301 1169/347/301 1166/345/301
f 1170/362/302 1167/372/302 1165/363/302
f 1165/346/301 1167/344/301 1169/347/301
f 1170/362/302 1165/363/302 1168/361/302
f 1171/360/303 1170/362/303 1168/361/303
f 1170/388/304 1171/389/304 1172/386/304
f 1167/387/304 1170/388/304 1172/386/304
f 1172/386/304 1169/367/304 1167/387/304
f 1166/345/305 1169/347/305 1172/349/305
f 1173/348/306 1172/349/306 1174/351/306
f 1166/345/305 1172/349/305 1173/348/305
f 1174/385/304 1172/386/304 1171/389/304
f 1175/350/307 1174/351/307 1176/353/307
f 1173/348/306 1174/351/306 1175/350/306
f 1176/390/304 1174/385/304 1171/389/304
f 1176/353/308 1179/354/308 1177/352/308
f 1175/350/307 1176/353/307 1177/352/307
f 1171/389/304 1178/383/304 1176/390/304
f 1176/353/308 1178/355/308 1179/354/308
f 1175/380/300 1177/391/300 1179/379/300
f 1178/355/309 1180/356/309 1179/354/309
f 1179/379/300 1180/377/300 1168/366/300
f 1175/380/300 1179/379/300 1168/366/300
f 1178/355/309 1171/360/309 1180/356/309
f 1171/360/303 1168/361/303 1180/356/303
f 1173/375/300 1175/380/300 1168/366/300
f 1166/374/300 1173/375/300 1168/366/300
f 1181/352/310 1182/392/310 1186/393/310
f 1183/394/311 1182/392/311 1181/352/311
f 1184/395/312 1183/394/312 1181/352/312
f 1187/396/313 1184/395/313 1181/352/313
f 1187/396/313 1181/352/313 1185/397/313
f 1181/352/310 1186/393/310 1185/397/310
f 1190/398/314 1188/399/314 1187/396/314
f 1191/400/314 1187/396/314 1188/399/314
f 1189/401/315 1187/396/315 1185/397/315
f 1190/398/314 1187/396/314 1189/401/314
f 1191/400/314 1184/395/314 1187/396/314
f 1192/402/316 1191/400/316 1188/399/316
f 1192/402/317 1193/403/317 1191/400/317
f 1193/403/314 1184/395/314 1191/400/314
f 1192/402/317 1194/404/317 1193/403/317
f 1194/404/318 1196/405/318 1193/403/318
f 1193/403/314 1195/406/314 1184/395/314
f 1196/405/314 1195/406/314 1193/403/314
f 1194/404/318 1197/407/318 1196/405/318
f 1197/407/319 1199/408/319 1196/405/319
f 1196/405/314 1198/409/314 1195/406/314
f 1199/408/314 1198/409/314 1196/405/314
f 1197/407/319 1200/410/319 1199/408/319
f 1203/411/320 1199/408/320 1200/410/320
f 1199/408/314 1201/412/314 1198/409/314
f 1199/408/314 1204/413/314 1201/412/314
f 1199/408/314 1202/414/314 1204/413/314
f 1203/411/320 1202/414/320 1199/408/320
f 1207/415/314 1204/413/314 1202/414/314
f 1201/412/321 1204/413/321 1205/348/321
f 1204/413/322 1208/416/322 1205/348/322
f 1204/413/322 1206/417/322 1208/416/322
f 1207/415/314 1206/417/314 1204/413/314
f 1205/348/323 1208/416/323 1209/418/323
f 1210/345/324 1209/418/324 1208/416/324
f 1206/417/325 1210/345/325 1208/416/325
f 1210/345/324 1211/419/324 1209/418/324
f 1213/420/326 1211/419/326 1210/345/326
f 1206/417/325 1212/421/325 1210/345/325
f 1212/421/327 1213/420/327 1210/345/327
f 1213/420/326 1214/422/326 1211/419/326
f 1216/346/328 1214/422/328 1213/420/328
f 1212/421/327 1215/423/327 1213/420/327
f 1215/423/316 1216/346/316 1213/420/316
f 1216/346/328 1217/424/328 1214/422/328
f 1219/425/329 1217/426/329 1216/363/329
f 1215/423/316 1218/427/316 1216/346/316
f 1220/428/317 1216/363/317 1218/429/317
f 1220/428/317 1219/425/317 1216/363/317
f 1223/430/314 1221/431/314 1220/428/314
f 1221/431/314 1222/432/314 1220/428/314
f 1223/430/314 1220/428/314 1218/429/314
f 1222/432/318 1219/425/318 1220/428/318
f 1224/433/313 1223/434/313 1225/435/313
f 1226/436/312 1223/430/312 1224/437/312
f 1223/434/314 1215/423/314 1225/435/314
f 1223/434/314 1218/427/314 1215/423/314
f 1226/436/312 1221/431/312 1223/430/312
f 1227/438/311 1226/439/311 1224/372/311
f 1227/438/330 1228/362/330 1226/439/330
f 1228/440/331 1221/431/331 1226/436/331
f 1227/438/330 1229/441/330 1228/362/330
f 1229/441/332 1231/442/332 1228/362/332
f 1228/440/331 1230/443/331 1221/431/331
f 1231/444/333 1230/443/333 1228/440/333
f 1229/441/332 1232/445/332 1231/442/332
f 1232/445/334 1234/360/334 1231/442/334
f 1231/444/333 1233/446/333 1230/443/333
f 1234/447/321 1233/446/321 1231/444/321
f 1232/445/334 1235/448/334 1234/360/334
f 1238/449/323 1234/360/323 1235/448/323
f 1234/447/321 1236/450/321 1233/446/321
f 1234/447/322 1239/451/322 1236/450/322
f 1234/447/322 1237/452/322 1239/451/322
f 1238/449/323 1237/453/323 1234/360/323
f 1241/454/325 1239/451/325 1237/452/325
f 1236/450/314 1239/451/314 1240/455/314
f 1190/398/314 1240/455/314 1239/451/314
f 1241/454/325 1190/398/325 1239/451/325
f 1238/449/324 1242/456/324 1241/355/324
f 1242/456/326 1243/457/326 1241/355/326
f 1238/449/324 1241/355/324 1237/453/324
f 1241/454/327 1188/399/327 1190/398/327
f 1241/454/335 1243/458/335 1188/399/335
f 1242/456/326 1244/459/326 1243/457/326
f 1244/459/328 1192/353/328 1243/457/328
f 1192/402/316 1188/399/316 1243/458/316
f 1186/393/336 1244/459/336 1242/456/336
f 1186/393/336 1245/460/336 1244/459/336
f 1244/459/328 1245/460/328 1192/353/328
f 1186/393/336 1182/392/336 1245/460/336
f 1182/392/336 1246/461/336 1245/460/336
f 1245/460/329 1246/461/329 1194/462/329
f 1245/460/329 1194/462/329 1192/353/329
f 1182/392/336 1247/463/336 1246/461/336
f 1247/463/336 1248/464/336 1246/461/336
f 1248/464/337 1194/462/337 1246/461/337
f 1247/463/336 1249/465/336 1248/464/336
f 1249/465/336 1250/466/336 1248/464/336
f 1248/464/337 1197/351/337 1194/462/337
f 1250/466/338 1197/351/338 1248/464/338
f 1249/465/336 1251/467/336 1250/466/336
f 1251/467/336 1252/468/336 1250/466/336
f 1250/466/338 1200/469/338 1197/351/338
f 1250/466/339 1203/349/339 1200/469/339
f 1250/466/339 1252/468/339 1203/349/339
f 1251/467/336 1253/470/336 1252/468/336
f 1209/418/336 1252/468/336 1253/470/336
f 1252/468/340 1255/471/340 1203/349/340
f 1252/468/341 1254/472/341 1255/471/341
f 1209/418/336 1254/472/336 1252/468/336
f 1254/472/342 1256/347/342 1255/471/342
f 1255/473/343 1202/414/343 1203/411/343
f 1255/473/343 1207/415/343 1202/414/343
f 1256/474/344 1207/415/344 1255/473/344
f 1254/472/345 1257/475/345 1256/347/345
f 1257/475/346 1259/476/346 1256/347/346
f 1256/474/344 1258/477/344 1207/415/344
f 1259/478/347 1258/477/347 1256/474/347
f 1257/475/348 1260/479/348 1259/476/348
f 1260/479/310 1224/344/310 1259/476/310
f 1259/478/347 1225/435/347 1258/477/347
f 1224/433/313 1225/435/313 1259/478/313
f 1214/422/336 1260/479/336 1257/475/336
f 1214/422/336 1261/480/336 1260/479/336
f 1260/479/310 1261/480/310 1224/344/310
f 1214/422/336 1217/424/336 1261/480/336
f 1217/426/336 1227/438/336 1261/481/336
f 1227/438/311 1224/372/311 1261/481/311
f 1258/477/314 1206/417/314 1207/415/314
f 1258/477/314 1212/421/314 1206/417/314
f 1258/477/314 1215/423/314 1212/421/314
f 1258/477/314 1225/435/314 1215/423/314
f 1209/418/336 1211/419/336 1257/475/336
f 1214/422/336 1257/475/336 1211/419/336
f 1209/418/336 1257/475/336 1254/472/336
f 1205/348/334 1253/470/334 1251/467/334
f 1205/348/323 1209/418/323 1253/470/323
f 1262/482/332 1251/467/332 1249/465/332
f 1205/348/334 1251/467/334 1262/482/334
f 1198/409/333 1262/482/333 1263/350/333
f 1262/482/332 1249/465/332 1263/350/332
f 1198/409/333 1201/412/333 1262/482/333
f 1201/412/321 1205/348/321 1262/482/321
f 1195/406/331 1263/350/331 1183/394/331
f 1263/350/330 1247/463/330 1183/394/330
f 1263/350/330 1249/465/330 1247/463/330
f 1195/406/331 1198/409/331 1263/350/331
f 1183/394/311 1247/463/311 1182/392/311
f 1264/483/336 1242/456/336 1238/449/336
f 1186/393/336 1242/456/336 1264/483/336
f 1265/354/342 1264/483/342 1266/484/342
f 1185/397/348 1264/483/348 1265/354/348
f 1264/483/336 1238/449/336 1266/484/336
f 1185/397/348 1186/393/348 1264/483/348
f 1269/356/341 1267/485/341 1266/484/341
f 1265/354/342 1266/484/342 1267/485/342
f 1268/486/336 1266/484/336 1238/449/336
f 1269/356/341 1266/484/341 1268/486/341
f 1273/487/320 1269/356/320 1270/488/320
f 1269/356/339 1272/489/339 1270/488/339
f 1269/356/339 1268/486/339 1272/489/339
f 1273/487/320 1271/490/320 1269/356/320
f 1240/455/343 1269/356/343 1271/490/343
f 1240/455/343 1267/485/343 1269/356/343
f 1233/446/314 1273/487/314 1222/432/314
f 1236/450/314 1273/487/314 1233/446/314
f 1222/432/319 1273/487/319 1270/488/319
f 1236/450/314 1271/490/314 1273/487/314
f 1270/488/338 1272/489/338 1274/491/338
f 1274/491/336 1272/489/336 1232/445/336
f 1268/486/336 1232/445/336 1272/489/336
f 1275/361/337 1274/491/337 1276/492/337
f 1270/488/338 1274/491/338 1275/361/338
f 1276/492/336 1274/491/336 1229/441/336
f 1274/491/336 1232/445/336 1229/441/336
f 1219/425/329 1276/492/329 1217/426/329
f 1275/361/337 1276/492/337 1219/425/337
f 1217/426/336 1276/492/336 1227/438/336
f 1276/492/336 1229/441/336 1227/438/336
f 1222/432/318 1275/361/318 1219/425/318
f 1222/432/319 1270/488/319 1275/361/319
f 1236/450/314 1240/455/314 1271/490/314
f 1268/486/336 1235/448/336 1232/445/336
f 1268/486/336 1238/449/336 1235/448/336
f 1240/455/344 1265/354/344 1267/485/344
f 1240/455/344 1189/401/344 1265/354/344
f 1189/401/347 1185/397/347 1265/354/347
f 1190/398/314 1189/401/314 1240/455/314
f 1233/446/314 1222/432/314 1230/443/314
f 1221/431/314 1230/443/314 1222/432/314
f 1184/395/312 1195/406/312 1183/394/312
usemtl Gold
f 1280/366/289 1277/378/289 1278/374/289
f 1277/346/277 1281/347/277 1278/345/277
f 1282/362/278 1279/372/278 1277/363/278
f 1277/346/277 1279/344/277 1281/347/277
f 1282/362/278 1277/363/278 1280/361/278
f 1284/356/279 1283/360/279 1282/362/279
f 1279/387/280 1282/388/280 1283/382/280
f 1284/356/279 1282/362/279 1280/361/279
f 1285/379/276 1284/377/276 1280/366/276
f 1286/355/281 1284/356/281 1285/354/281
f 1286/355/281 1283/360/281 1284/356/281
f 1283/382/280 1286/383/280 1287/384/280
f 1287/353/283 1286/355/283 1285/354/283
f 1287/384/280 1288/385/280 1291/386/280
f 1290/350/284 1288/351/284 1287/353/284
f 1287/353/283 1285/354/283 1289/352/283
f 1290/350/284 1287/353/284 1289/352/284
f 1279/387/280 1283/382/280 1287/384/280
f 1291/386/280 1279/387/280 1287/384/280
f 1291/386/288 1281/367/288 1279/387/288
f 1278/345/286 1281/347/286 1291/349/286
f 1291/349/285 1290/350/285 1292/348/285
f 1278/345/286 1291/349/286 1292/348/286
f 1291/349/285 1288/351/285 1290/350/285
f 1278/374/276 1292/375/276 1290/380/276
f 1290/380/276 1289/381/276 1280/366/276
f 1280/366/276 1278/374/276 1290/380/276
f 1289/381/276 1285/379/276 1280/366/276
f 1296/366/349 1293/378/349 1294/374/349
f 1295/344/350 1294/345/350 1293/346/350
f 1296/361/351 1295/372/351 1293/363/351
f 1301/379/349 1297/377/349 1296/366/349
f 1297/356/352 1298/362/352 1296/361/352
f 1296/361/351 1298/362/351 1295/372/351
f 1296/366/349 1294/374/349 1299/380/349
f 1299/380/349 1300/381/349 1296/366/349
f 1300/381/349 1301/379/349 1296/366/349
f 1300/352/353 1302/355/353 1301/354/353
f 1302/355/354 1297/356/354 1301/354/354
f 1304/382/355 1302/383/355 1303/384/355
f 1300/352/353 1303/353/353 1302/355/353
f 1302/355/354 1304/360/354 1297/356/354
f 1297/356/352 1304/360/352 1298/362/352
f 1298/388/355 1304/382/355 1305/386/355
f 1304/382/355 1303/384/355 1305/386/355
f 1305/386/355 1306/367/355 1295/387/355
f 1294/345/356 1306/347/356 1305/349/356
f 1305/349/357 1299/350/357 1307/348/357
f 1294/345/356 1305/349/356 1307/348/356
f 1303/384/355 1308/385/355 1305/386/355
f 1305/349/357 1308/351/357 1299/350/357
f 1295/387/355 1298/388/355 1305/386/355
f 1308/351/358 1300/352/358 1299/350/358
f 1308/351/358 1303/353/358 1300/352/358
f 1294/374/349 1307/375/349 1299/380/349
f 1295/344/350 1306/347/350 1294/345/350
f 1312/366/300 1309/378/300 1310/374/300
f 1309/346/301 1313/347/301 1310/345/301
f 1314/362/302 1311/372/302 1309/363/302
f 1309/346/301 1311/344/301 1313/347/301
f 1314/362/302 1309/363/302 1312/361/302
f 1316/356/303 1315/360/303 1314/362/303
f 1311/387/304 1314/388/304 1315/382/304
f 1316/356/303 1314/362/303 1312/361/303
f 1317/379/359 1316/377/359 1312/366/359
f 1317/354/309 1315/360/309 1316/356/309
f 1318/381/300 1317/379/300 1312/366/300
f 1320/353/308 1317/354/308 1318/352/308
f 1317/354/309 1319/355/309 1315/360/309
f 1320/353/308 1319/355/308 1317/354/308
f 1320/384/304 1321/385/304 1315/382/304
f 1322/350/307 1321/351/307 1320/353/307
f 1322/350/307 1320/353/307 1318/352/307
f 1315/382/304 1319/383/304 1320/384/304
f 1323/375/359 1322/380/359 1312/366/359
f 1324/349/306 1322/350/306 1323/348/306
f 1324/349/306 1321/351/306 1322/350/306
f 1322/380/300 1318/381/300 1312/366/300
f 1324/386/304 1313/367/304 1315/382/304
f 1313/347/305 1324/349/305 1323/348/305
f 1321/385/304 1324/386/304 1315/382/304
f 1310/374/300 1323/375/300 1312/366/300
f 1313/347/305 1323/348/305 1310/345/305
f 1313/367/304 1311/387/304 1315/382/304
f 1325/378/360 1326/374/360 1329/380/360
f 1327/344/361 1326/345/361 1325/346/361
f 1328/361/362 1327/372/362 1325/363/362
f 1328/366/360 1325/378/360 1329/380/360
f 1326/374/360 1330/375/360 1329/380/360
f 1333/349/363 1329/350/363 1330/348/363
f 1333/349/363 1331/351/363 1329/350/363
f 1331/351/364 1332/352/364 1329/350/364
f 1329/380/360 1332/381/360 1328/366/360
f 1333/386/365 1334/367/365 1327/387/365
f 1326/345/366 1334/347/366 1333/349/366
f 1326/345/366 1333/349/366 1330/348/366
f 1331/385/365 1333/386/365 1336/382/365
f 1327/387/365 1335/388/365 1333/386/365
f 1335/388/365 1336/382/365 1333/386/365
f 1336/382/367 1337/383/367 1339/384/367
f 1337/355/368 1336/360/368 1338/356/368
f 1338/356/369 1336/360/369 1335/362/369
f 1339/384/365 1331/385/365 1336/382/365
f 1331/351/364 1339/353/364 1332/352/364
f 1332/352/370 1339/353/370 1337/355/370
f 1340/379/360 1338/377/360 1328/366/360
f 1337/355/368 1338/356/368 1340/354/368
f 1338/356/369 1335/362/369 1328/361/369
f 1332/381/360 1340/379/360 1328/366/360
f 1332/352/370 1337/355/370 1340/354/370
f 1328/361/362 1335/362/362 1327/372/362
f 1327/344/361 1334/347/361 1326/345/361
f 1344/366/282 1341/378/282 1342/374/282
f 1343/344/278 1342/345/278 1341/346/278
f 1344/361/277 1343/372/277 1341/363/277
f 1347/379/280 1345/377/280 1344/366/280
f 1345/356/286 1346/362/286 1344/361/286
f 1344/361/277 1346/362/277 1343/372/277
f 1344/366/280 1342/374/280 1347/379/280
f 1350/380/280 1348/381/280 1347/379/280
f 1348/352/284 1349/355/284 1347/354/284
f 1349/355/285 1345/356/285 1347/354/285
f 1342/374/280 1350/380/280 1347/379/280
f 1342/374/280 1351/375/280 1350/380/280
f 1353/349/281 1350/350/281 1351/348/281
f 1350/350/283 1352/351/283 1354/353/283
f 1353/349/281 1352/351/281 1350/350/281
f 1350/350/283 1354/353/283 1348/352/283
f 1354/384/276 1352/385/276 1353/386/276
f 1348/352/284 1354/353/284 1349/355/284
f 1355/382/276 1349/383/276 1354/384/276
f 1343/387/276 1355/382/276 1354/384/276
f 1353/386/276 1343/387/276 1354/384/276
f 1349/355/285 1355/360/285 1345/356/285
f 1345/356/286 1355/360/286 1346/362/286
f 1343/387/276 1346/388/276 1355/382/276
f 1353/386/276 1356/367/276 1343/387/276
f 1342/345/279 1356/347/279 1353/349/279
f 1342/345/279 1353/349/279 1351/348/279
f 1343/344/278 1356/347/278 1342/345/278
f 1360/366/355 1357/378/355 1358/374/355
f 1357/346/351 1361/347/351 1358/345/351
f 1362/362/350 1359/372/350 1357/363/350
f 1357/346/351 1359/344/351 1361/347/351
f 1362/362/350 1357/363/350 1360/361/350
f 1365/356/356 1363/360/356 1362/362/356
f 1362/388/349 1363/382/349 1364/386/349
f 1365/356/356 1362/362/356 1360/361/356
f 1359/387/349 1362/388/349 1364/386/349
f 1366/379/355 1365/377/355 1360/366/355
f 1367/355/357 1365/356/357 1366/354/357
f 1367/355/357 1363/360/357 1365/356/357
f 1363/382/349 1367/383/349 1368/384/349
f 1368/353/358 1367/355/358 1366/354/358
f 1368/384/349 1369/385/349 1364/386/349
f 1371/350/353 1369/351/353 1368/353/353
f 1368/353/358 1366/354/358 1370/352/358
f 1371/350/353 1368/353/353 1370/352/353
f 1363/382/349 1368/384/349 1364/386/349
f 1358/374/355 1372/375/355 1371/380/355
f 1364/349/354 1371/350/354 1372/348/354
f 1364/349/354 1369/351/354 1371/350/354
f 1371/380/355 1370/381/355 1360/366/355
f 1360/366/355 1358/374/355 1371/380/355
f 1358/345/352 1364/349/352 1372/348/352
f 1370/381/355 1366/379/355 1360/366/355
f 1364/386/349 1361/367/349 1359/387/349
f 1358/345/352 1361/347/352 1364/349/352
f 1376/366/304 1373/378/304 1374/374/304
f 1373/346/307 1377/347/307 1374/345/307
f 1378/362/308 1375/372/308 1373/363/308
f 1373/346/307 1375/344/307 1377/347/307
f 1378/362/308 1373/363/308 1376/361/308
f 1380/356/309 1379/360/309 1378/362/309
f 1375/387/300 1378/388/300 1379/382/300
f 1380/356/309 1378/362/309 1376/361/309
f 1381/379/304 1380/377/304 1382/380/304
f 1381/354/303 1379/360/303 1380/356/303
f 1380/377/304 1376/366/304 1382/380/304
f 1383/375/304 1382/380/304 1376/366/304
f 1386/349/305 1382/350/305 1383/348/305
f 1382/350/301 1384/351/301 1387/353/301
f 1386/349/305 1384/351/305 1382/350/305
f 1382/380/304 1385/381/304 1381/379/304
f 1382/350/301 1387/353/301 1385/352/301
f 1387/384/300 1384/385/300 1386/386/300
f 1387/353/302 1381/354/302 1385/352/302
f 1379/382/300 1388/383/300 1387/384/300
f 1387/353/302 1388/355/302 1381/354/302
f 1379/382/300 1387/384/300 1386/386/300
f 1381/354/303 1388/355/303 1379/360/303
f 1386/386/300 1377/367/300 1379/382/300
f 1377/347/306 1386/349/306 1383/348/306
f 1374/374/304 1383/375/304 1376/366/304
f 1377/347/306 1383/348/306 1374/345/306
f 1377/367/300 1375/387/300 1379/382/300
f 1389/378/365 1390/374/365 1394/380/365
f 1389/346/362 1393/347/362 1390/345/362
f 1389/346/362 1391/344/362 1393/347/362
f 1392/361/361 1391/372/361 1389/363/361
f 1392/366/365 1389/378/365 1394/380/365
f 1390/374/365 1395/375/365 1394/380/365
f 1395/348/368 1396/351/368 1394/350/368
f 1396/351/370 1397/352/370 1394/350/370
f 1394/380/365 1397/381/365 1392/366/365
f 1396/351/370 1398/353/370 1397/352/370
f 1398/353/364 1399/354/364 1397/352/364
f 1397/381/365 1399/379/365 1392/366/365
f 1399/354/363 1400/355/363 1402/360/363
f 1398/353/364 1400/355/364 1399/354/364
f 1399/379/365 1401/377/365 1392/366/365
f 1399/354/363 1402/360/363 1401/356/363
f 1402/382/360 1400/383/360 1398/384/360
f 1402/360/366 1392/361/366 1401/356/366
f 1402/360/366 1403/362/366 1392/361/366
f 1391/387/360 1403/388/360 1402/382/360
f 1404/386/360 1391/387/360 1402/382/360
f 1398/384/371 1396/385/371 1402/382/371
f 1396/385/372 1404/386/372 1402/382/372
f 1404/386/371 1393/367/371 1391/387/371
f 1393/347/369 1404/349/369 1395/348/369
f 1395/348/368 1404/349/368 1396/351/368
f 1392/361/361 1403/362/361 1391/372/361
f 1393/347/369 1395/348/369 1390/345/369
o LanternFrames
v 5.560000 64.308350 9.614630
v 5.560000 64.783737 9.614630
v 6.863688 64.308350 10.367314
v 6.863688 64.783737 10.367314
v 6.863688 64.308350 11.872684
v 6.863688 64.783737 11.872684
v 5.560000 64.308350 12.625370
v 5.560000 64.783737 12.625370
v 4.256311 64.308350 11.872685
v 4.256311 64.783737 11.872685
v 4.256311 64.308350 10.367315
v 4.256311 64.783737 10.367315
v 5.559999 67.239861 9.403350
v 7.046662 67.239861 10.261675
v 5.559999 67.820885 9.403350
v 4.073338 67.239861 10.261675
v 4.073338 67.820885 10.261675
v 4.073338 67.820885 11.978325
v 5.560000 67.820885 12.836650
v 4.073338 67.239861 11.978325
v 7.046662 67.820885 11.978325
v 7.046662 67.820885 10.261675
v 7.046662 67.239861 11.978325
v 5.560000 67.239861 12.836650
v 6.563581 64.836555 9.957959
v 6.675629 64.836555 10.004371
v 6.563581 67.292679 9.957959
v 6.451532 64.836555 10.004371
v 6.451532 67.292679 10.004371
v 6.405120 67.292679 10.116419
v 6.722040 67.292679 10.116419
v 6.675629 67.292679 10.004371
v 6.722040 64.836555 10.116419
v 6.675629 67.292679 10.228467
v 6.675629 64.836555 10.228467
v 6.563581 64.836555 10.274879
v 6.451532 64.836555 10.228467
v 6.451532 67.292679 10.228467
v 6.405120 64.836555 10.116419
v 6.563581 67.292679 10.274879
v 6.563580 64.836555 11.965120
v 6.675628 64.836555 12.011532
v 6.563580 67.292679 11.965120
v 6.451532 64.836555 12.011532
v 6.451532 67.292679 12.011532
v 6.405120 67.292679 12.123580
v 6.722040 67.292679 12.123580
v 6.675628 67.292679 12.011532
v 6.722040 64.836555 12.123580
v 6.675628 67.292679 12.235628
v 6.675628 64.836555 12.235628
v 6.563580 64.836555 12.282040
v 6.451532 64.836555 12.235628
v 6.451532 67.292679 12.235628
v 6.405120 64.836555 12.123580
v 6.563580 67.292679 12.282040
v 4.556420 64.836555 9.957959
v 4.668468 64.836555 10.004371
v 4.556420 67.292679 9.957959
v 4.444372 64.836555 10.004371
v 4.444372 67.292679 10.004371
v 4.397960 67.292679 10.116419
v 4.714880 67.292679 10.116419
v 4.668468 67.292679 10.004371
v 4.714880 64.836555 10.116419
v 4.668468 67.292679 10.228467
v 4.668468 64.836555 10.228467
v 4.556420 64.836555 10.274879
v 4.444372 64.836555 10.228467
v 4.444372 67.292679 10.228467
v 4.397960 64.836555 10.116419
v 4.556420 67.292679 10.274879
v 4.556420 64.836555 11.965120
v 4.668468 64.836555 12.011532
v 4.556420 67.292679 11.965120
v 4.444372 64.836555 12.011532
v 4.444372 67.292679 12.011532
v 4.397960 67.292679 12.123580
v 4.714880 67.292679 12.123580
v 4.668468 67.292679 12.011532
v 4.714880 64.836555 12.123580
v 4.668468 67.292679 12.235628
v 4.668468 64.836555 12.235628
v 4.556420 64.836555 12.282041
v 4.444372 64.836555 12.235628
v 4.444372 67.292679 12.235628
v 4.397960 64.836555 12.123580
v 4.556420 67.292679 12.282041
v 5.560000 67.609604 10.723850
v 5.840120 67.609604 10.839880
v 5.560000 68.666000 10.723850
v 5.279880 67.609604 10.839880
v 5.279880 68.666000 10.839880
v 5.163850 68.666000 11.120000
v 5.279880 68.666000 11.400120
v 5.163850 67.609604 11.120000
v 5.560000 68.666000 11.516150
v 5.956150 68.666000 11.120000
v 5.840120 68.666000 10.839880
v 5.956150 67.609604 11.120000
v 5.840120 68.666000 11.400120
v 5.840120 67.609604 11.400120
v 5.560000 67.609604 11.516150
v 5.279880 67.609604 11.400120
v 4.865000 12.621204 -1.745841
v 5.413921 12.621204 -1.428920
v 4.865000 12.821362 -1.745841
v 4.316078 12.621204 -1.428920
v 4.316078 12.821362 -1.428920
v 4.316079 12.821362 -0.795081
v 5.413922 12.821362 -0.795081
v 5.413921 12.821362 -1.428920
v 5.413922 12.621204 -0.795081
v 4.865000 12.821362 -0.478160
v 4.865000 12.621204 -0.478160
v 4.316079 12.621204 -0.795081
v 4.865000 13.855522 -1.834800
v 5.490963 13.855522 -1.473400
v 4.865000 14.100163 -1.834800
v 4.239037 13.855522 -1.473400
v 4.239037 14.100163 -1.473400
v 4.865000 13.855522 -0.389201
v 5.490963 13.855522 -0.750600
v 4.865000 14.100163 -0.389201
v 4.239037 13.855522 -0.750600
v 5.490963 14.100163 -0.750600
v 5.490963 14.100163 -1.473400
v 4.239037 14.100163 -0.750600
v 5.287560 12.843601 -1.601280
v 5.334738 12.843601 -1.581738
v 5.287560 13.877766 -1.601280
v 5.240382 12.843601 -1.581738
v 5.240382 13.877766 -1.581738
v 5.220840 13.877766 -1.534560
v 5.354280 13.877766 -1.534560
v 5.334738 13.877766 -1.581738
v 5.354280 12.843601 -1.534560
v 5.334738 13.877766 -1.487382
v 5.334738 12.843601 -1.487382
v 5.287560 12.843601 -1.467839
v 5.240382 12.843601 -1.487382
v 5.220840 12.843601 -1.534560
v 5.240382 13.877766 -1.487382
v 5.287560 13.877766 -1.467839
v 5.287560 12.843601 -0.756161
v 5.334738 12.843601 -0.736619
v 5.287560 13.877766 -0.756161
v 5.240382 12.843601 -0.736619
v 5.240382 13.877766 -0.736619
v 5.220840 13.877766 -0.689441
v 5.354280 13.877766 -0.689441
v 5.334738 13.877766 -0.736619
v 5.354280 12.843601 -0.689441
v 5.334738 13.877766 -0.642262
v 5.334738 12.843601 -0.642262
v 5.287560 12.843601 -0.622720
v 5.240382 12.843601 -0.642262
v 5.220840 12.843601 -0.689441
v 5.240382 13.877766 -0.642262
v 5.287560 13.877766 -0.622720
v 4.442440 12.843601 -1.601280
v 4.489618 12.843601 -1.581738
v 4.442440 13.877766 -1.601280
v 4.395262 12.843601 -1.581738
v 4.395262 13.877766 -1.581738
v 4.375720 13.877766 -1.534560
v 4.509160 13.877766 -1.534560
v 4.489618 13.877766 -1.581738
v 4.509160 12.843601 -1.534560
v 4.489618 13.877766 -1.487382
v 4.489618 12.843601 -1.487382
v 4.442440 12.843601 -1.467839
v 4.395262 12.843601 -1.487382
v 4.375720 12.843601 -1.534560
v 4.395262 13.877766 -1.487382
v 4.442440 13.877766 -1.467839
v 4.442440 12.843601 -0.756161
v 4.489618 12.843601 -0.736619
v 4.442440 13.877766 -0.756161
v 4.395262 12.843601 -0.736619
v 4.395262 13.877766 -0.736619
v 4.375720 13.877766 -0.689441
v 4.509160 13.877766 -0.689441
v 4.489618 13.877766 -0.736619
v 4.509160 12.843601 -0.689441
v 4.489618 13.877766 -0.642262
v 4.489618 12.843601 -0.642262
v 4.442440 12.843601 -0.622720
v 4.395262 12.843601 -0.642262
v 4.375720 12.843601 -0.689441
v 4.395262 13.877766 -0.642262
v 4.442440 13.877766 -0.622720
v 4.865000 14.011204 -1.278800
v 4.982945 14.011204 -1.229946
v 4.865000 14.456005 -1.278800
v 4.747055 14.011204 -1.229946
v 4.747055 14.456005 -1.229946
v 4.982945 14.011204 -0.994055
v 5.031800 14.011204 -1.112000
v 4.982945 14.456005 -0.994055
v 4.865000 14.011204 -0.945200
v 5.031800 14.456005 -1.112000
v 4.982945 14.456005 -1.229946
v 4.865000 14.456005 -0.945200
v 4.747055 14.456005 -0.994055
v 4.747055 14.011204 -0.994055
v 4.698200 14.456005 -1.112000
v 4.698200 14.011204 -1.112000
v -4.865000 12.621204 -1.745840
v -4.316079 12.621204 -1.428919
v -4.865000 12.821362 -1.745840
v -5.413921 12.621204 -1.428919
v -5.413921 12.821362 -1.428919
v -5.413921 12.821362 -0.795080
v -4.865000 12.821362 -0.478159
v -5.413921 12.621204 -0.795080
v -4.316079 12.821362 -0.795080
v -4.316079 12.821362 -1.428919
v -4.316079 12.621204 -0.795080
v -4.865000 12.621204 -0.478159
v -4.865000 13.855522 -1.834801
v -4.239037 13.855522 -1.473400
v -4.865000 14.100163 -1.834801
v -5.490963 13.855522 -1.473400
v -5.490963 14.100163 -1.473400
v -5.490963 14.100163 -0.750599
v -4.865000 14.100163 -0.389199
v -5.490963 13.855522 -0.750599
v -4.239037 14.100163 -0.750599
v -4.239037 14.100163 -1.473400
v -4.239037 13.855522 -0.750599
v -4.865000 13.855522 -0.389199
v -4.442440 12.843601 -1.601280
v -4.395261 12.843601 -1.581738
v -4.442440 13.877766 -1.601280
v -4.489619 12.843601 -1.581738
v -4.489619 13.877766 -1.581738
v -4.509160 13.877766 -1.534559
v -4.489619 13.877766 -1.487381
v -4.509160 12.843601 -1.534559
v -4.442440 13.877766 -1.467839
v -4.375721 13.877766 -1.534559
v -4.395261 13.877766 -1.581738
v -4.375721 12.843601 -1.534559
v -4.395261 13.877766 -1.487381
v -4.395261 12.843601 -1.487381
v -4.442440 12.843601 -1.467839
v -4.489619 12.843601 -1.487381
v -4.442441 12.843601 -0.756161
v -4.395262 12.843601 -0.736618
v -4.442441 13.877766 -0.756161
v -4.489619 12.843601 -0.736618
v -4.489619 13.877766 -0.736618
v -4.509161 13.877766 -0.689440
v -4.489619 13.877766 -0.642262
v -4.509161 12.843601 -0.689440
v -4.442441 13.877766 -0.622720
v -4.375721 13.877766 -0.689440
v -4.395262 13.877766 -0.736618
v -4.375721 12.843601 -0.689440
v -4.395262 13.877766 -0.642262
v -4.395262 12.843601 -0.642262
v -4.442441 12.843601 -0.622720
v -4.489619 12.843601 -0.642262
v -5.287560 12.843601 -1.601281
v -5.240382 12.843601 -1.581739
v -5.287560 13.877766 -1.601281
v -5.334738 12.843601 -1.581739
v -5.334738 13.877766 -1.581739
v -5.354280 13.877766 -1.534561
v -5.334738 13.877766 -1.487383
v -5.354280 12.843601 -1.534561
v -5.287560 13.877766 -1.467840
v -5.220840 13.877766 -1.534561
v -5.240382 13.877766 -1.581739
v -5.220840 12.843601 -1.534561
v -5.240382 13.877766 -1.487383
v -5.240382 12.843601 -1.487383
v -5.287560 12.843601 -1.467840
v -5.334738 12.843601 -1.487383
v -5.287560 12.843601 -0.756161
v -5.240382 12.843601 -0.736618
v -5.287560 13.877766 -0.756161
v -5.334739 12.843601 -0.736618
v -5.334739 13.877766 -0.736618
v -5.354280 13.877766 -0.689440
v -5.334739 13.877766 -0.642262
v -5.354280 12.843601 -0.689440
v -5.287560 13.877766 -0.622720
v -5.220841 13.877766 -0.689440
v -5.240382 13.877766 -0.736618
v -5.220841 12.843601 -0.689440
v -5.240382 13.877766 -0.642262
v -5.240382 12.843601 -0.642262
v -5.287560 12.843601 -0.622720
v -5.334739 12.843601 -0.642262
v -4.865000 14.011204 -1.278799
v -4.747055 14.011204 -1.229945
v -4.865000 14.456005 -1.278799
v -4.982945 14.011204 -1.229945
v -4.982945 14.456005 -1.229945
v -5.031800 14.456005 -1.112000
v -4.982945 14.456005 -0.994054
v -5.031800 14.011204 -1.112000
v -4.865000 14.456005 -0.945200
v -4.698200 14.456005 -1.112000
v -4.747055 14.456005 -1.229945
v -4.698200 14.011204 -1.112000
v -4.747055 14.456005 -0.994054
v -4.747055 14.011204 -0.994054
v -4.865000 14.011204 -0.945200
v -4.982945 14.011204 -0.994054
v -9.730000 34.767380 3.714774
v -9.215385 34.767380 4.011887
v -9.730000 34.955025 3.714774
v -10.244614 34.767380 4.011887
v -10.244614 34.955025 4.011887
v -10.244614 34.955025 4.606112
v -9.730000 34.955025 4.903225
v -10.244614 34.767380 4.606112
v -9.215385 34.955025 4.606112
v -9.215385 34.955025 4.011887
v -9.215385 34.767380 4.606112
v -9.730000 34.767380 4.903225
v -9.730000 35.924553 3.631374
v -9.143158 35.924553 3.970187
v -9.730000 36.153900 3.631374
v -10.316841 35.924553 3.970187
v -10.316841 36.153900 3.970187
v -9.730000 35.924553 4.986625
v -9.143158 35.924553 4.647812
v -9.730000 36.153900 4.986625
v -10.316841 35.924553 4.647812
v -9.143158 36.153900 4.647812
v -9.143158 36.153900 3.970187
v -10.316841 36.153900 4.647812
v -9.333849 34.975876 3.850300
v -9.289621 34.975876 3.868620
v -9.333849 35.945404 3.850300
v -9.378078 34.975876 3.868620
v -9.378078 35.945404 3.868620
v -9.396400 35.945404 3.912850
v -9.271299 35.945404 3.912850
v -9.289621 35.945404 3.868620
v -9.271299 34.975876 3.912850
v -9.289621 35.945404 3.957079
v -9.289621 34.975876 3.957079
v -9.333849 34.975876 3.975400
v -9.378078 34.975876 3.957079
v -9.378078 35.945404 3.957079
v -9.396400 34.975876 3.912850
v -9.333849 35.945404 3.975400
v -9.333849 34.975876 4.642600
v -9.289621 34.975876 4.660921
v -9.333849 35.945404 4.642600
v -9.378078 34.975876 4.660921
v -9.378078 35.945404 4.660921
v -9.396400 35.945404 4.705150
v -9.271299 35.945404 4.705150
v -9.289621 35.945404 4.660921
v -9.271299 34.975876 4.705150
v -9.289621 35.945404 4.749380
v -9.289621 34.975876 4.749380
v -9.333849 34.975876 4.767700
v -9.378078 34.975876 4.749380
v -9.378078 35.945404 4.749380
v -9.396400 34.975876 4.705150
v -9.333849 35.945404 4.767700
v -10.126150 34.975876 3.850299
v -10.081921 34.975876 3.868619
v -10.126150 35.945404 3.850299
v -10.170378 34.975876 3.868619
v -10.170378 35.945404 3.868619
v -10.188700 35.945404 3.912849
v -10.063599 35.945404 3.912849
v -10.081921 35.945404 3.868619
v -10.063599 34.975876 3.912849
v -10.081921 35.945404 3.957078
v -10.081921 34.975876 3.957078
v -10.126150 34.975876 3.975399
v -10.170378 34.975876 3.957078
v -10.170378 35.945404 3.957078
v -10.188700 34.975876 3.912849
v -10.126150 35.945404 3.975399
v -10.126150 34.975876 4.642599
v -10.081921 34.975876 4.660920
v -10.126150 35.945404 4.642599
v -10.170378 34.975876 4.660920
v -10.170378 35.945404 4.660920
v -10.188700 35.945404 4.705149
v -10.063599 35.945404 4.705149
v -10.081921 35.945404 4.660920
v -10.063599 34.975876 4.705149
v -10.081921 35.945404 4.749379
v -10.081921 34.975876 4.749379
v -10.126150 34.975876 4.767699
v -10.170378 34.975876 4.749379
v -10.170378 35.945404 4.749379
v -10.188700 34.975876 4.705149
v -10.126150 35.945404 4.767699
v -9.730000 36.070503 4.152624
v -9.619425 36.070503 4.198426
v -9.730000 36.487503 4.152624
v -9.840574 36.070503 4.198426
v -9.840574 36.487503 4.198426
v -9.886375 36.487503 4.309000
v -9.573624 36.487503 4.309000
v -9.619425 36.487503 4.198426
v -9.573624 36.070503 4.309000
v -9.619425 36.487503 4.419573
v -9.619425 36.070503 4.419573
v -9.730000 36.070503 4.465375
v -9.840574 36.070503 4.419573
v -9.840574 36.487503 4.419573
v -9.886375 36.070503 4.309000
v -9.730000 36.487503 4.465375
v -26.687998 34.767380 3.714774
v -26.173386 34.767380 4.011887
v -26.687998 34.955025 3.714774
v -27.202612 34.767380 4.011887
v -27.202612 34.955025 4.011887
v -27.202612 34.955025 4.606112
v -26.687998 34.955025 4.903224
v -27.202612 34.767380 4.606112
v -26.173386 34.955025 4.606112
v -26.173386 34.955025 4.011887
v -26.173386 34.767380 4.606112
v -26.687998 34.767380 4.903224
v -26.687998 35.924553 3.631374
v -26.101160 35.924553 3.970187
v -26.687998 36.153900 3.631374
v -27.274839 35.924553 3.970187
v -27.274839 36.153900 3.970187
v -26.687998 35.924553 4.986625
v -26.101160 35.924553 4.647812
v -26.687998 36.153900 4.986625
v -27.274839 35.924553 4.647812
v -26.101160 36.153900 4.647812
v -26.101160 36.153900 3.970187
v -27.274839 36.153900 4.647812
v -26.291851 34.975876 3.850299
v -26.247620 34.975876 3.868620
v -26.291851 35.945404 3.850299
v -26.336081 34.975876 3.868620
v -26.336081 35.945404 3.868620
v -26.354401 35.945404 3.912849
v -26.336081 35.945404 3.957079
v -26.354401 34.975876 3.912849
v -26.291851 35.945404 3.975399
v -26.229301 35.945404 3.912849
v -26.247620 35.945404 3.868620
v -26.229301 34.975876 3.912849
v -26.247620 35.945404 3.957079
v -26.247620 34.975876 3.957079
v -26.291851 34.975876 3.975399
v -26.336081 34.975876 3.957079
v -26.291851 34.975876 4.642600
v -26.247620 34.975876 4.660920
v -26.291851 35.945404 4.642600
v -26.336081 34.975876 4.660920
v -26.336081 35.945404 4.660920
v -26.354401 35.945404 4.705150
v -26.336081 35.945404 4.749379
v -26.354401 34.975876 4.705150
v -26.291851 35.945404 4.767700
v -26.229301 35.945404 4.705150
v -26.247620 35.945404 4.660920
v -26.229301 34.975876 4.705150
v -26.247620 35.945404 4.749379
v -26.247620 34.975876 4.749379
v -26.291851 34.975876 4.767700
v -26.336081 34.975876 4.749379
v -27.084146 34.975876 3.850299
v -27.039919 34.975876 3.868620
v -27.084146 35.945404 3.850299
v -27.128378 34.975876 3.868620
v -27.128378 35.945404 3.868620
v -27.146700 35.945404 3.912849
v -27.128378 35.945404 3.957079
v -27.146700 34.975876 3.912849
v -27.084146 35.945404 3.975399
v -27.021597 35.945404 3.912849
v -27.039919 35.945404 3.868620
v -27.021597 34.975876 3.912849
v -27.039919 35.945404 3.957079
v -27.039919 34.975876 3.957079
v -27.084146 34.975876 3.975399
v -27.128378 34.975876 3.957079
v -27.084146 34.975876 4.642600
v -27.039919 34.975876 4.660920
v -27.084146 35.945404 4.642600
v -27.128378 34.975876 4.660920
v -27.128378 35.945404 4.660920
v -27.146700 35.945404 4.705150
v -27.128378 35.945404 4.749379
v -27.146700 34.975876 4.705150
v -27.084146 35.945404 4.767700
v -27.021597 35.945404 4.705150
v -27.039919 35.945404 4.660920
v -27.021597 34.975876 4.705150
v -27.039919 35.945404 4.749379
v -27.039919 34.975876 4.749379
v -27.084146 34.975876 4.767700
v -27.128378 34.975876 4.749379
v -26.687998 36.070503 4.152624
v -26.577425 36.070503 4.198426
v -26.687998 36.487503 4.152624
v -26.798574 36.070503 4.198426
v -26.798574 36.487503 4.198426
v -26.844374 36.487503 4.308999
v -26.798574 36.487503 4.419573
v -26.844374 36.070503 4.308999
v -26.687998 36.487503 4.465374
v -26.531626 36.487503 4.308999
v -26.577425 36.487503 4.198426
v -26.531626 36.070503 4.308999
v -26.577425 36.487503 4.419573
v -26.577425 36.070503 4.419573
v -26.687998 36.070503 4.465374
v -26.798574 36.070503 4.419573
vn 0.5000 -0.0000 -0.8660
vn 1.0000 -0.0000 -0.0000
vn 0.5000 -0.0000 0.8660
vn -0.5000 -0.0000 0.8660
vn -0.0000 1.0000 -0.0000
vn -1.0000 -0.0000 -0.0000
vn -0.5000 -0.0000 -0.8660
vn -0.0000 -1.0000 -0.0000
vn 0.3827 -0.0000 -0.9239
vn -0.3827 -0.0000 -0.9239
vn -0.9239 -0.0000 -0.3827
vn 0.9239 -0.0000 -0.3827
vn 0.9239 -0.0000 0.3827
vn 0.3827 -0.0000 0.9239
vn -0.3827 -0.0000 0.9239
vn -0.9239 -0.0000 0.3827
vn -0.0001 1.0000 -0.0000
vn 0.0001 1.0000 -0.0000
vn -0.3826 -0.0000 -0.9239
vn -0.9239 -0.0000 -0.3826
vn -0.3826 -0.0000 0.9239
vn -0.9239 -0.0000 0.3826
vn 0.9239 -0.0000 -0.3826
vn 0.9239 -0.0000 0.3826
vt 1.000000 1.000000
vt 0.833333 0.500000
vt 1.000000 0.500000
vt 0.833333 1.000000
vt 0.666667 0.500000
vt 0.666667 1.000000
vt 0.500000 0.500000
vt 0.500000 1.000000
vt 0.333333 0.500000
vt 0.250000 0.490000
vt 0.042154 0.130000
vt 0.457846 0.130000
vt 0.333333 1.000000
vt 0.166667 0.500000
vt 0.166667 1.000000
vt -0.000000 0.500000
vt 0.957846 0.370000
vt 0.750000 0.010000
vt 0.542154 0.370000
vt 0.457846 0.370000
vt 0.042154 0.370000
vt 0.250000 0.010000
vt -0.000000 1.000000
vt 0.750000 0.490000
vt 0.957846 0.130000
vt 0.542154 0.130000
vt 0.542154 0.370000
vt 0.957846 0.370000
vt 0.042154 0.370000
vt 0.042154 0.130000
vt 0.457846 0.130000
vt 0.457846 0.370000
vt 0.957846 0.130000
vt 0.542154 0.130000
vt 0.580294 0.419706
vt 0.750000 0.490000
vt 0.919706 0.419706
vt 0.875000 0.500000
vt 0.125000 1.000000
vt 0.000000 1.000000
vt 0.000000 0.500000
vt 0.125000 0.500000
vt 0.250000 1.000000
vt 0.080294 0.419706
vt 0.010000 0.250000
vt 0.490000 0.250000
vt 0.250000 0.490000
vt 0.419706 0.419706
vt 0.875000 1.000000
vt 0.750000 1.000000
vt 0.750000 0.500000
vt 0.625000 0.500000
vt 0.625000 1.000000
vt 0.419706 0.080294
vt 0.990000 0.250000
vt 0.919706 0.080294
vt 0.500000 0.500000
vt 0.750000 0.010000
vt 0.580294 0.080294
vt 0.500000 1.000000
vt 0.375000 0.500000
vt 0.375000 1.000000
vt 0.250000 0.500000
vt 0.510000 0.250000
vt 0.250000 0.010000
vt 0.080294 0.080294
vt 0.010000 0.250000
vt 0.490000 0.250000
vt 0.042154 0.130000
vt 0.457846 0.130000
vt 0.957846 0.130000
vt 0.542154 0.130000
vt 0.010000 0.250000
vt 0.750000 0.010000
vt 0.250000 0.010000
vt 0.042154 0.370000
vt 0.042154 0.130000
vt 0.080294 0.419706
vt 0.419706 0.080294
vt 0.919706 0.080294
vt 0.580294 0.080294
vt 0.080294 0.080294
s 0
usemtl HullDark
f 1406/493/373 1407/494/373 1405/495/373
f 1408/496/374 1409/497/374 1407/494/374
f 1410/498/375 1411/499/375 1409/497/375
f 1412/500/376 1413/501/376 1411/499/376
f 1406/502/377 1414/503/377 1410/504/377
f 1414/505/378 1415/506/378 1413/501/378
f 1416/507/379 1405/508/379 1415/506/379
f 1407/509/380 1411/510/380 1415/511/380
f 1406/493/373 1408/496/373 1407/494/373
f 1408/496/374 1410/498/374 1409/497/374
f 1410/498/375 1412/500/375 1411/499/375
f 1412/500/376 1414/505/376 1413/501/376
f 1410/504/377 1408/512/377 1406/502/377
f 1406/502/377 1416/513/377 1414/503/377
f 1414/503/377 1412/514/377 1410/504/377
f 1414/505/378 1416/507/378 1415/506/378
f 1416/507/379 1406/515/379 1405/508/379
f 1415/511/380 1405/516/380 1407/509/380
f 1407/509/380 1409/517/380 1411/510/380
f 1411/510/380 1413/518/380 1415/511/380
f 1432/527/380 1429/528/380 1430/529/380
f 1431/493/381 1430/530/381 1429/495/381
f 1433/531/382 1431/532/382 1429/533/382
f 1433/531/382 1429/533/382 1432/534/382
f 1434/535/383 1433/531/383 1432/534/383
f 1433/536/377 1434/537/377 1435/538/377
f 1431/539/377 1433/536/377 1435/538/377
f 1435/538/377 1436/540/377 1431/539/377
f 1436/541/384 1435/542/384 1437/543/384
f 1435/542/385 1439/544/385 1437/543/385
f 1435/542/385 1438/545/385 1439/544/385
f 1438/546/377 1435/538/377 1434/537/377
f 1430/529/380 1437/547/380 1439/548/380
f 1438/545/386 1440/549/386 1439/544/386
f 1439/548/380 1440/550/380 1441/551/380
f 1432/527/380 1430/529/380 1439/548/380
f 1439/548/380 1441/551/380 1432/527/380
f 1444/552/387 1441/553/387 1440/549/387
f 1444/552/387 1442/554/387 1441/553/387
f 1442/554/388 1443/555/388 1441/553/388
f 1441/551/380 1443/556/380 1432/527/380
f 1444/557/377 1438/546/377 1434/537/377
f 1438/545/386 1444/552/386 1440/549/386
f 1434/537/377 1442/558/377 1444/557/377
f 1442/554/388 1434/535/388 1443/555/388
f 1434/535/383 1432/534/383 1443/555/383
f 1436/541/384 1437/543/384 1430/530/384
f 1431/493/381 1436/541/381 1430/530/381
f 1448/527/380 1445/528/380 1446/529/380
f 1447/493/381 1446/530/381 1445/495/381
f 1449/531/382 1447/532/382 1445/533/382
f 1449/531/382 1445/533/382 1448/534/382
f 1450/535/383 1449/531/383 1448/534/383
f 1449/536/377 1450/537/377 1451/538/377
f 1447/539/377 1449/536/377 1451/538/377
f 1451/538/377 1452/540/377 1447/539/377
f 1452/541/384 1451/542/384 1453/543/384
f 1451/542/385 1455/544/385 1453/543/385
f 1451/542/385 1454/545/385 1455/544/385
f 1454/546/377 1451/538/377 1450/537/377
f 1446/529/380 1453/547/380 1455/548/380
f 1454/545/386 1456/549/386 1455/544/386
f 1455/548/380 1456/550/380 1457/551/380
f 1448/527/380 1446/529/380 1455/548/380
f 1455/548/380 1457/551/380 1448/527/380
f 1460/552/387 1457/553/387 1456/549/387
f 1460/552/387 1458/554/387 1457/553/387
f 1458/554/388 1459/555/388 1457/553/388
f 1457/551/380 1459/556/380 1448/527/380
f 1460/557/377 1454/546/377 1450/537/377
f 1454/545/386 1460/552/386 1456/549/386
f 1450/537/377 1458/558/377 1460/557/377
f 1458/554/388 1450/535/388 1459/555/388
f 1450/535/383 1448/534/383 1459/555/383
f 1452/541/384 1453/543/384 1446/530/384
f 1447/493/381 1452/541/381 1446/530/381
f 1464/527/380 1461/528/380 1462/529/380
f 1463/493/381 1462/530/381 1461/495/381
f 1465/531/382 1463/532/382 1461/533/382
f 1465/531/382 1461/533/382 1464/534/382
f 1466/535/383 1465/531/383 1464/534/383
f 1465/536/377 1466/537/377 1467/538/377
f 1463/539/377 1465/536/377 1467/538/377
f 1467/538/377 1468/540/377 1463/539/377
f 1468/541/384 1467/542/384 1469/543/384
f 1467/542/385 1471/544/385 1469/543/385
f 1467/542/385 1470/545/385 1471/544/385
f 1470/546/377 1467/538/377 1466/537/377
f 1462/529/380 1469/547/380 1471/548/380
f 1470/545/386 1472/549/386 1471/544/386
f 1471/548/380 1472/550/380 1473/551/380
f 1464/527/380 1462/529/380 1471/548/380
f 1471/548/380 1473/551/380 1464/527/380
f 1476/552/387 1473/553/387 1472/549/387
f 1476/552/387 1474/554/387 1473/553/387
f 1474/554/388 1475/555/388 1473/553/388
f 1473/551/380 1475/556/380 1464/527/380
f 1476/557/377 1470/546/377 1466/537/377
f 1470/545/386 1476/552/386 1472/549/386
f 1466/537/377 1474/558/377 1476/557/377
f 1474/554/388 1466/535/388 1475/555/388
f 1466/535/383 1464/534/383 1475/555/383
f 1468/541/384 1469/543/384 1462/530/384
f 1463/493/381 1468/541/381 1462/530/381
f 1480/527/380 1477/528/380 1478/529/380
f 1479/493/381 1478/530/381 1477/495/381
f 1481/531/382 1479/532/382 1477/533/382
f 1481/531/382 1477/533/382 1480/534/382
f 1482/535/383 1481/531/383 1480/534/383
f 1481/536/377 1482/537/377 1483/538/377
f 1479/539/377 1481/536/377 1483/538/377
f 1483/538/377 1484/540/377 1479/539/377
f 1484/541/384 1483/542/384 1485/543/384
f 1483/542/385 1487/544/385 1485/543/385
f 1483/542/385 1486/545/385 1487/544/385
f 1486/546/377 1483/538/377 1482/537/377
f 1478/529/380 1485/547/380 1487/548/380
f 1486/545/386 1488/549/386 1487/544/386
f 1487/548/380 1488/550/380 1489/551/380
f 1480/527/380 1478/529/380 1487/548/380
f 1487/548/380 1489/551/380 1480/527/380
f 1492/552/387 1489/553/387 1488/549/387
f 1492/552/387 1490/554/387 1489/553/387
f 1490/554/388 1491/555/388 1489/553/388
f 1489/551/380 1491/556/380 1480/527/380
f 1492/557/377 1486/546/377 1482/537/377
f 1486/545/386 1492/552/386 1488/549/386
f 1482/537/377 1490/558/377 1492/557/377
f 1490/554/388 1482/535/388 1491/555/388
f 1482/535/383 1480/534/383 1491/555/383
f 1484/541/384 1485/543/384 1478/530/384
f 1479/493/381 1484/541/381 1478/530/381
f 1512/519/380 1509/528/380 1510/520/380
f 1511/493/373 1510/494/373 1509/495/373
f 1513/507/379 1511/515/379 1509/508/379
f 1513/507/379 1509/508/379 1512/506/379
f 1514/505/378 1513/507/378 1512/506/378
f 1513/521/377 1514/561/377 1515/562/377
f 1511/539/377 1513/521/377 1515/562/377
f 1515/562/377 1516/524/377 1511/539/377
f 1516/496/374 1515/498/374 1517/497/374
f 1515/498/375 1519/499/375 1517/497/375
f 1515/498/375 1518/500/375 1519/499/375
f 1514/561/377 1518/557/377 1515/562/377
f 1510/520/380 1517/563/380 1519/550/380
f 1518/500/376 1520/501/376 1519/499/376
f 1519/550/380 1520/564/380 1510/520/380
f 1518/500/376 1514/505/376 1520/501/376
f 1514/505/378 1512/506/378 1520/501/378
f 1520/564/380 1512/519/380 1510/520/380
f 1516/496/374 1517/497/374 1510/494/374
f 1511/493/373 1516/496/373 1510/494/373
f 1536/527/380 1533/516/380 1534/529/380
f 1535/493/381 1534/530/381 1533/495/381
f 1537/531/382 1535/532/382 1533/533/382
f 1537/531/382 1533/533/382 1536/534/382
f 1538/535/383 1537/531/383 1536/534/383
f 1537/536/377 1538/565/377 1539/560/377
f 1535/502/377 1537/536/377 1539/560/377
f 1539/560/377 1540/540/377 1535/502/377
f 1540/541/384 1539/542/384 1541/543/384
f 1539/542/385 1543/544/385 1541/543/385
f 1539/542/385 1542/545/385 1543/544/385
f 1542/546/377 1539/560/377 1538/565/377
f 1541/547/380 1543/548/380 1536/527/380
f 1542/545/386 1544/549/386 1543/544/386
f 1543/548/380 1544/566/380 1545/551/380
f 1546/556/380 1536/527/380 1543/548/380
f 1545/551/380 1546/556/380 1543/548/380
f 1547/554/388 1546/555/388 1545/553/388
f 1547/554/388 1538/535/388 1546/555/388
f 1538/535/383 1536/534/383 1546/555/383
f 1538/565/377 1547/558/377 1548/567/377
f 1548/552/387 1547/554/387 1545/553/387
f 1548/567/377 1542/546/377 1538/565/377
f 1542/545/386 1548/552/386 1544/549/386
f 1548/552/387 1545/553/387 1544/549/387
f 1534/529/380 1541/547/380 1536/527/380
f 1540/541/384 1541/543/384 1534/530/384
f 1535/493/381 1540/541/381 1534/530/381
f 1552/527/380 1549/516/380 1550/529/380
f 1551/493/381 1550/530/381 1549/495/381
f 1553/531/382 1551/532/382 1549/533/382
f 1553/531/382 1549/533/382 1552/534/382
f 1554/535/383 1553/531/383 1552/534/383
f 1553/536/377 1554/565/377 1555/560/377
f 1551/502/377 1553/536/377 1555/560/377
f 1555/560/377 1556/540/377 1551/502/377
f 1556/541/384 1555/542/384 1557/543/384
f 1555/542/385 1559/544/385 1557/543/385
f 1555/542/385 1558/545/385 1559/544/385
f 1558/546/377 1555/560/377 1554/565/377
f 1557/547/380 1559/548/380 1552/527/380
f 1558/545/386 1560/549/386 1559/544/386
f 1559/548/380 1560/566/380 1561/551/380
f 1562/556/380 1552/527/380 1559/548/380
f 1561/551/380 1562/556/380 1559/548/380
f 1563/554/388 1562/555/388 1561/553/388
f 1563/554/388 1554/535/388 1562/555/388
f 1554/535/383 1552/534/383 1562/555/383
f 1554/565/377 1563/558/377 1564/567/377
f 1564/552/387 1563/554/387 1561/553/387
f 1564/567/377 1558/546/377 1554/565/377
f 1558/545/386 1564/552/386 1560/549/386
f 1564/552/387 1561/553/387 1560/549/387
f 1550/529/380 1557/547/380 1552/527/380
f 1556/541/384 1557/543/384 1550/530/384
f 1551/493/381 1556/541/381 1550/530/381
f 1568/527/380 1565/516/380 1566/529/380
f 1567/493/381 1566/530/381 1565/495/381
f 1569/531/382 1567/532/382 1565/533/382
f 1569/531/382 1565/533/382 1568/534/382
f 1570/535/383 1569/531/383 1568/534/383
f 1569/536/377 1570/565/377 1571/560/377
f 1567/502/377 1569/536/377 1571/560/377
f 1571/560/377 1572/540/377 1567/502/377
f 1572/541/384 1571/542/384 1573/543/384
f 1571/542/385 1575/544/385 1573/543/385
f 1571/542/385 1574/545/385 1575/544/385
f 1574/546/377 1571/560/377 1570/565/377
f 1573/547/380 1575/548/380 1568/527/380
f 1574/545/386 1576/549/386 1575/544/386
f 1575/548/380 1576/566/380 1577/551/380
f 1578/556/380 1568/527/380 1575/548/380
f 1577/551/380 1578/556/380 1575/548/380
f 1579/554/388 1578/555/388 1577/553/388
f 1579/554/388 1570/535/388 1578/555/388
f 1570/535/383 1568/534/383 1578/555/383
f 1570/565/377 1579/558/377 1580/567/377
f 1580/552/387 1579/554/387 1577/553/387
f 1580/567/377 1574/546/377 1570/565/377
f 1574/545/386 1580/552/386 1576/549/386
f 1580/552/387 1577/553/387 1576/549/387
f 1566/529/380 1573/547/380 1568/527/380
f 1572/541/384 1573/543/384 1566/530/384
f 1567/493/381 1572/541/381 1566/530/381
f 1584/527/380 1581/516/380 1582/529/380
f 1583/493/381 1582/530/381 1581/495/381
f 1585/531/382 1583/532/382 1581/533/382
f 1585/531/382 1581/533/382 1584/534/382
f 1586/535/383 1585/531/383 1584/534/383
f 1585/536/377 1586/565/377 1587/560/377
f 1583/502/377 1585/536/377 1587/560/377
f 1587/560/377 1588/540/377 1583/502/377
f 1588/541/384 1587/542/384 1589/543/384
f 1587/542/385 1591/544/385 1589/543/385
f 1587/542/385 1590/545/385 1591/544/385
f 1590/546/377 1587/560/377 1586/565/377
f 1589/547/380 1591/548/380 1584/527/380
f 1590/545/386 1592/549/386 1591/544/386
f 1591/548/380 1592/566/380 1593/551/380
f 1594/556/380 1584/527/380 1591/548/380
f 1593/551/380 1594/556/380 1591/548/380
f 1595/554/388 1594/555/388 1593/553/388
f 1595/554/388 1586/535/388 1594/555/388
f 1586/535/383 1584/534/383 1594/555/383
f 1586/565/377 1595/558/377 1596/567/377
f 1596/552/387 1595/554/387 1593/553/387
f 1596/567/377 1590/546/377 1586/565/377
f 1590/545/386 1596/552/386 1592/549/386
f 1596/552/387 1593/553/387 1592/549/387
f 1582/529/380 1589/547/380 1584/527/380
f 1588/541/384 1589/543/384 1582/530/384
f 1583/493/381 1588/541/381 1582/530/381
f 1616/519/380 1613/528/380 1614/520/380
f 1615/493/373 1614/494/373 1613/495/373
f 1617/507/379 1615/515/379 1613/508/379
f 1617/507/379 1613/508/379 1616/506/379
f 1618/505/378 1617/507/378 1616/506/378
f 1615/539/377 1617/521/377 1618/561/377
f 1619/500/376 1618/505/376 1620/501/376
f 1618/561/377 1619/557/377 1621/562/377
f 1618/505/378 1616/506/378 1620/501/378
f 1621/562/377 1622/524/377 1618/561/377
f 1622/524/377 1615/539/377 1618/561/377
f 1615/493/373 1622/496/373 1614/494/373
f 1622/496/374 1623/497/374 1614/494/374
f 1622/496/374 1621/498/374 1623/497/374
f 1614/520/380 1623/563/380 1624/550/380
f 1621/498/375 1624/499/375 1623/497/375
f 1621/498/375 1619/500/375 1624/499/375
f 1619/500/376 1620/501/376 1624/499/376
f 1624/550/380 1620/564/380 1614/520/380
f 1620/564/380 1616/519/380 1614/520/380
f 1640/527/380 1637/516/380 1638/529/380
f 1639/493/381 1638/530/381 1637/495/381
f 1641/531/382 1639/532/382 1637/533/382
f 1641/531/382 1637/533/382 1640/534/382
f 1642/535/383 1641/531/383 1640/534/383
f 1639/502/377 1641/536/377 1642/565/377
f 1642/565/377 1643/558/377 1645/567/377
f 1643/554/388 1642/535/388 1644/555/388
f 1642/535/383 1640/534/383 1644/555/383
f 1646/560/377 1639/502/377 1642/565/377
f 1642/565/377 1645/567/377 1646/560/377
f 1646/560/377 1647/540/377 1639/502/377
f 1647/541/384 1646/542/384 1648/543/384
f 1646/542/385 1650/544/385 1648/543/385
f 1645/567/377 1649/546/377 1646/560/377
f 1646/542/385 1649/545/385 1650/544/385
f 1648/547/380 1650/548/380 1640/527/380
f 1649/545/386 1651/549/386 1650/544/386
f 1650/548/380 1651/566/380 1652/551/380
f 1644/556/380 1640/527/380 1650/548/380
f 1652/551/380 1644/556/380 1650/548/380
f 1645/552/387 1652/553/387 1651/549/387
f 1645/552/387 1643/554/387 1652/553/387
f 1643/554/388 1644/555/388 1652/553/388
f 1649/545/386 1645/552/386 1651/549/386
f 1638/529/380 1648/547/380 1640/527/380
f 1647/541/384 1648/543/384 1638/530/384
f 1639/493/381 1647/541/381 1638/530/381
f 1656/527/380 1653/516/380 1654/529/380
f 1655/493/381 1654/530/381 1653/495/381
f 1657/531/382 1655/532/382 1653/533/382
f 1657/531/382 1653/533/382 1656/534/382
f 1658/535/383 1657/531/383 1656/534/383
f 1655/502/377 1657/536/377 1658/565/377
f 1658/565/377 1659/558/377 1661/567/377
f 1659/554/388 1658/535/388 1660/555/388
f 1658/535/383 1656/534/383 1660/555/383
f 1662/560/377 1655/502/377 1658/565/377
f 1658/565/377 1661/567/377 1662/560/377
f 1662/560/377 1663/540/377 1655/502/377
f 1663/541/384 1662/542/384 1664/543/384
f 1662/542/385 1666/544/385 1664/543/385
f 1661/567/377 1665/546/377 1662/560/377
f 1662/542/385 1665/545/385 1666/544/385
f 1664/547/380 1666/548/380 1656/527/380
f 1665/545/386 1667/549/386 1666/544/386
f 1666/548/380 1667/566/380 1668/551/380
f 1660/556/380 1656/527/380 1666/548/380
f 1668/551/380 1660/556/380 1666/548/380
f 1661/552/387 1668/553/387 1667/549/387
f 1661/552/387 1659/554/387 1668/553/387
f 1659/554/388 1660/555/388 1668/553/388
f 1665/545/386 1661/552/386 1667/549/386
f 1654/529/380 1664/547/380 1656/527/380
f 1663/541/384 1664/543/384 1654/530/384
f 1655/493/381 1663/541/381 1654/530/381
f 1672/527/380 1669/516/380 1670/529/380
f 1671/493/381 1670/530/381 1669/495/381
f 1673/531/382 1671/532/382 1669/533/382
f 1673/531/382 1669/533/382 1672/534/382
f 1674/535/383 1673/531/383 1672/534/383
f 1671/502/377 1673/536/377 1674/565/377
f 1674/565/377 1675/558/377 1677/567/377
f 1675/554/388 1674/535/388 1676/555/388
f 1674/535/383 1672/534/383 1676/555/383
f 1678/560/377 1671/502/377 1674/565/377
f 1674/565/377 1677/567/377 1678/560/377
f 1678/560/377 1679/540/377 1671/502/377
f 1679/541/384 1678/542/384 1680/543/384
f 1678/542/385 1682/544/385 1680/543/385
f 1677/567/377 1681/546/377 1678/560/377
f 1678/542/385 1681/545/385 1682/544/385
f 1680/547/380 1682/548/380 1672/527/380
f 1681/545/386 1683/549/386 1682/544/386
f 1682/548/380 1683/566/380 1684/551/380
f 1676/556/380 1672/527/380 1682/548/380
f 1684/551/380 1676/556/380 1682/548/380
f 1677/552/387 1684/553/387 1683/549/387
f 1677/552/387 1675/554/387 1684/553/387
f 1675/554/388 1676/555/388 1684/553/388
f 1681/545/386 1677/552/386 1683/549/386
f 1670/529/380 1680/547/380 1672/527/380
f 1679/541/384 1680/543/384 1670/530/384
f 1671/493/381 1679/541/381 1670/530/381
f 1688/527/380 1685/516/380 1686/529/380
f 1687/493/381 1686/530/381 1685/495/381
f 1689/531/382 1687/532/382 1685/533/382
f 1689/531/382 1685/533/382 1688/534/382
f 1690/535/383 1689/531/383 1688/534/383
f 1687/502/377 1689/536/377 1690/565/377
f 1690/565/377 1691/558/377 1693/567/377
f 1691/554/388 1690/535/388 1692/555/388
f 1690/535/383 1688/534/383 1692/555/383
f 1694/560/377 1687/502/377 1690/565/377
f 1690/565/377 1693/567/377 1694/560/377
f 1694/560/377 1695/540/377 1687/502/377
f 1695/541/384 1694/542/384 1696/543/384
f 1694/542/385 1698/544/385 1696/543/385
f 1693/567/377 1697/546/377 1694/560/377
f 1694/542/385 1697/545/385 1698/544/385
f 1696/547/380 1698/548/380 1688/527/380
f 1697/545/386 1699/549/386 1698/544/386
f 1698/548/380 1699/566/380 1700/551/380
f 1692/556/380 1688/527/380 1698/548/380
f 1700/551/380 1692/556/380 1698/548/380
f 1693/552/387 1700/553/387 1699/549/387
f 1693/552/387 1691/554/387 1700/553/387
f 1691/554/388 1692/555/388 1700/553/388
f 1697/545/386 1693/552/386 1699/549/386
f 1686/529/380 1696/547/380 1688/527/380
f 1695/541/384 1696/543/384 1686/530/384
f 1687/493/381 1695/541/381 1686/530/381
f 1720/511/380 1717/516/380 1718/509/380
f 1719/493/373 1718/494/373 1717/495/373
f 1721/507/379 1719/515/379 1717/508/379
f 1721/507/379 1717/508/379 1720/506/379
f 1722/505/378 1721/507/378 1720/506/378
f 1719/502/377 1721/568/377 1722/569/377
f 1723/500/376 1722/505/376 1724/501/376
f 1722/569/377 1723/567/377 1725/504/377
f 1722/505/378 1720/506/378 1724/501/378
f 1725/504/377 1726/512/377 1722/569/377
f 1726/512/377 1719/502/377 1722/569/377
f 1719/493/373 1726/496/373 1718/494/373
f 1726/496/374 1727/497/374 1718/494/374
f 1726/496/374 1725/498/374 1727/497/374
f 1718/509/380 1727/517/380 1728/566/380
f 1725/498/375 1728/499/375 1727/497/375
f 1725/498/375 1723/500/375 1728/499/375
f 1723/500/376 1724/501/376 1728/499/376
f 1728/566/380 1724/518/380 1718/509/380
f 1724/518/380 1720/511/380 1718/509/380
f 1744/527/380 1741/516/380 1742/529/380
f 1743/493/381 1742/530/381 1741/495/381
f 1745/531/382 1743/532/382 1741/533/382
f 1745/531/382 1741/533/382 1744/534/382
f 1746/535/383 1745/531/383 1744/534/383
f 1745/536/377 1746/559/377 1747/560/377
f 1743/502/389 1745/536/389 1747/560/389
f 1747/560/390 1748/540/390 1743/502/390
f 1748/541/384 1747/542/384 1749/543/384
f 1747/542/385 1751/544/385 1749/543/385
f 1747/542/385 1750/545/385 1751/544/385
f 1750/546/377 1747/560/377 1746/559/377
f 1742/529/380 1749/547/380 1751/548/380
f 1750/545/386 1752/549/386 1751/544/386
f 1751/548/380 1752/510/380 1753/551/380
f 1744/527/380 1742/529/380 1751/548/380
f 1751/548/380 1753/551/380 1744/527/380
f 1756/552/387 1753/553/387 1752/549/387
f 1756/552/387 1754/554/387 1753/553/387
f 1754/554/388 1755/555/388 1753/553/388
f 1753/551/380 1755/556/380 1744/527/380
f 1756/514/390 1750/546/390 1746/559/390
f 1750/545/386 1756/552/386 1752/549/386
f 1746/559/389 1754/558/389 1756/514/389
f 1754/554/388 1746/535/388 1755/555/388
f 1746/535/383 1744/534/383 1755/555/383
f 1748/541/384 1749/543/384 1742/530/384
f 1743/493/381 1748/541/381 1742/530/381
f 1760/527/380 1757/516/380 1758/529/380
f 1759/493/381 1758/530/381 1757/495/381
f 1761/531/382 1759/532/382 1757/533/382
f 1761/531/382 1757/533/382 1760/534/382
f 1762/535/383 1761/531/383 1760/534/383
f 1761/536/377 1762/559/377 1763/560/377
f 1759/502/389 1761/536/389 1763/560/389
f 1763/560/390 1764/540/390 1759/502/390
f 1764/541/384 1763/542/384 1765/543/384
f 1763/542/385 1767/544/385 1765/543/385
f 1763/542/385 1766/545/385 1767/544/385
f 1766/546/377 1763/560/377 1762/559/377
f 1758/529/380 1765/547/380 1767/548/380
f 1766/545/386 1768/549/386 1767/544/386
f 1767/548/380 1768/510/380 1769/551/380
f 1760/527/380 1758/529/380 1767/548/380
f 1767/548/380 1769/551/380 1760/527/380
f 1772/552/387 1769/553/387 1768/549/387
f 1772/552/387 1770/554/387 1769/553/387
f 1770/554/388 1771/555/388 1769/553/388
f 1769/551/380 1771/556/380 1760/527/380
f 1772/514/390 1766/546/390 1762/559/390
f 1766/545/386 1772/552/386 1768/549/386
f 1762/559/389 1770/558/389 1772/514/389
f 1770/554/388 1762/535/388 1771/555/388
f 1762/535/383 1760/534/383 1771/555/383
f 1764/541/384 1765/543/384 1758/530/384
f 1759/493/381 1764/541/381 1758/530/381
f 1776/527/380 1773/516/380 1774/529/380
f 1775/493/381 1774/530/381 1773/495/381
f 1777/531/382 1775/532/382 1773/533/382
f 1777/531/382 1773/533/382 1776/534/382
f 1778/535/383 1777/531/383 1776/534/383
f 1777/536/377 1778/559/377 1779/560/377
f 1775/502/389 1777/536/389 1779/560/389
f 1779/560/390 1780/540/390 1775/502/390
f 1780/541/384 1779/542/384 1781/543/384
f 1779/542/385 1783/544/385 1781/543/385
f 1779/542/385 1782/545/385 1783/544/385
f 1782/546/377 1779/560/377 1778/559/377
f 1774/529/380 1781/547/380 1783/548/380
f 1782/545/386 1784/549/386 1783/544/386
f 1783/548/380 1784/510/380 1785/551/380
f 1776/527/380 1774/529/380 1783/548/380
f 1783/548/380 1785/551/380 1776/527/380
f 1788/552/387 1785/553/387 1784/549/387
f 1788/552/387 1786/554/387 1785/553/387
f 1786/554/388 1787/555/388 1785/553/388
f 1785/551/380 1787/556/380 1776/527/380
f 1788/514/390 1782/546/390 1778/559/390
f 1782/545/386 1788/552/386 1784/549/386
f 1778/559/389 1786/558/389 1788/514/389
f 1786/554/388 1778/535/388 1787/555/388
f 1778/535/383 1776/534/383 1787/555/383
f 1780/541/384 1781/543/384 1774/530/384
f 1775/493/381 1780/541/381 1774/530/381
f 1792/527/380 1789/516/380 1790/529/380
f 1791/493/381 1790/530/381 1789/495/381
f 1793/531/382 1791/532/382 1789/533/382
f 1793/531/382 1789/533/382 1792/534/382
f 1794/535/383 1793/531/383 1792/534/383
f 1793/536/377 1794/559/377 1795/560/377
f 1791/502/389 1793/536/389 1795/560/389
f 1795/560/390 1796/540/390 1791/502/390
f 1796/541/384 1795/542/384 1797/543/384
f 1795/542/385 1799/544/385 1797/543/385
f 1795/542/385 1798/545/385 1799/544/385
f 1798/546/377 1795/560/377 1794/559/377
f 1790/529/380 1797/547/380 1799/548/380
f 1798/545/386 1800/549/386 1799/544/386
f 1799/548/380 1800/510/380 1801/551/380
f 1792/527/380 1790/529/380 1799/548/380
f 1799/548/380 1801/551/380 1792/527/380
f 1804/552/387 1801/553/387 1800/549/387
f 1804/552/387 1802/554/387 1801/553/387
f 1802/554/388 1803/555/388 1801/553/388
f 1801/551/380 1803/556/380 1792/527/380
f 1804/514/390 1798/546/390 1794/559/390
f 1798/545/386 1804/552/386 1800/549/386
f 1794/559/389 1802/558/389 1804/514/389
f 1802/554/388 1794/535/388 1803/555/388
f 1794/535/383 1792/534/383 1803/555/383
f 1796/541/384 1797/543/384 1790/530/384
f 1791/493/381 1796/541/381 1790/530/381
f 1824/511/380 1821/516/380 1822/509/380
f 1823/493/373 1822/494/373 1821/495/373
f 1825/507/379 1823/515/379 1821/508/379
f 1825/507/379 1821/508/379 1824/506/379
f 1826/505/378 1825/507/378 1824/506/378
f 1823/502/377 1825/568/377 1826/569/377
f 1827/500/376 1826/505/376 1828/501/376
f 1826/569/377 1827/567/377 1829/504/377
f 1826/505/378 1824/506/378 1828/501/378
f 1829/504/377 1830/512/377 1826/569/377
f 1830/512/377 1823/502/377 1826/569/377
f 1823/493/373 1830/496/373 1822/494/373
f 1830/496/374 1831/497/374 1822/494/374
f 1830/496/374 1829/498/374 1831/497/374
f 1822/509/380 1831/517/380 1832/566/380
f 1829/498/375 1832/499/375 1831/497/375
f 1829/498/375 1827/500/375 1832/499/375
f 1827/500/376 1828/501/376 1832/499/376
f 1832/566/380 1828/518/380 1822/509/380
f 1828/518/380 1824/511/380 1822/509/380
f 1848/527/380 1845/516/380 1846/529/380
f 1847/493/381 1846/530/381 1845/495/381
f 1849/531/382 1847/532/382 1845/533/382
f 1849/531/382 1845/533/382 1848/534/382
f 1850/535/383 1849/531/383 1848/534/383
f 1847/502/389 1849/536/389 1850/559/389
f 1850/559/389 1851/558/389 1853/514/389
f 1851/554/388 1850/535/388 1852/555/388
f 1850/535/383 1848/534/383 1852/555/383
f 1854/560/377 1847/502/377 1850/559/377
f 1850/559/377 1853/514/377 1854/560/377
f 1854/560/390 1855/540/390 1847/502/390
f 1855/541/384 1854/542/384 1856/543/384
f 1854/542/385 1858/544/385 1856/543/385
f 1853/514/390 1857/546/390 1854/560/390
f 1854/542/385 1857/545/385 1858/544/385
f 1856/547/380 1858/548/380 1848/527/380
f 1857/545/386 1859/549/386 1858/544/386
f 1858/548/380 1859/510/380 1860/551/380
f 1852/556/380 1848/527/380 1858/548/380
f 1860/551/380 1852/556/380 1858/548/380
f 1853/552/387 1860/553/387 1859/549/387
f 1853/552/387 1851/554/387 1860/553/387
f 1851/554/388 1852/555/388 1860/553/388
f 1857/545/386 1853/552/386 1859/549/386
f 1846/529/380 1856/547/380 1848/527/380
f 1855/541/384 1856/543/384 1846/530/384
f 1847/493/381 1855/541/381 1846/530/381
f 1864/527/380 1861/516/380 1862/529/380
f 1863/493/381 1862/530/381 1861/495/381
f 1865/531/382 1863/532/382 1861/533/382
f 1865/531/382 1861/533/382 1864/534/382
f 1866/535/383 1865/531/383 1864/534/383
f 1863/502/389 1865/536/389 1866/559/389
f 1866/559/389 1867/558/389 1869/514/389
f 1867/554/388 1866/535/388 1868/555/388
f 1866/535/383 1864/534/383 1868/555/383
f 1870/560/377 1863/502/377 1866/559/377
f 1866/559/377 1869/514/377 1870/560/377
f 1870/560/390 1871/540/390 1863/502/390
f 1871/541/384 1870/542/384 1872/543/384
f 1870/542/385 1874/544/385 1872/543/385
f 1869/514/390 1873/546/390 1870/560/390
f 1870/542/385 1873/545/385 1874/544/385
f 1872/547/380 1874/548/380 1864/527/380
f 1873/545/386 1875/549/386 1874/544/386
f 1874/548/380 1875/510/380 1876/551/380
f 1868/556/380 1864/527/380 1874/548/380
f 1876/551/380 1868/556/380 1874/548/380
f 1869/552/387 1876/553/387 1875/549/387
f 1869/552/387 1867/554/387 1876/553/387
f 1867/554/388 1868/555/388 1876/553/388
f 1873/545/386 1869/552/386 1875/549/386
f 1862/529/380 1872/547/380 1864/527/380
f 1871/541/384 1872/543/384 1862/530/384
f 1863/493/381 1871/541/381 1862/530/381
f 1880/527/380 1877/516/380 1878/529/380
f 1879/493/381 1878/530/381 1877/495/381
f 1881/531/382 1879/532/382 1877/533/382
f 1881/531/391 1877/533/391 1880/534/391
f 1882/535/392 1881/531/392 1880/534/392
f 1879/502/389 1881/536/389 1882/559/389
f 1882/559/389 1883/558/389 1885/514/389
f 1883/554/388 1882/535/388 1884/555/388
f 1882/535/383 1880/534/383 1884/555/383
f 1886/560/377 1879/502/377 1882/559/377
f 1882/559/377 1885/514/377 1886/560/377
f 1886/560/390 1887/540/390 1879/502/390
f 1887/541/384 1886/542/384 1888/543/384
f 1886/542/385 1890/544/385 1888/543/385
f 1885/514/390 1889/546/390 1886/560/390
f 1886/542/385 1889/545/385 1890/544/385
f 1888/547/380 1890/548/380 1880/527/380
f 1889/545/386 1891/549/386 1890/544/386
f 1890/548/380 1891/510/380 1892/551/380
f 1884/556/380 1880/527/380 1890/548/380
f 1892/551/380 1884/556/380 1890/548/380
f 1885/552/387 1892/553/387 1891/549/387
f 1885/552/393 1883/554/393 1892/553/393
f 1883/554/394 1884/555/394 1892/553/394
f 1889/545/386 1885/552/386 1891/549/386
f 1878/529/380 1888/547/380 1880/527/380
f 1887/541/384 1888/543/384 1878/530/384
f 1879/493/381 1887/541/381 1878/530/381
f 1896/527/380 1893/516/380 1894/529/380
f 1895/493/381 1894/530/381 1893/495/381
f 1897/531/382 1895/532/382 1893/533/382
f 1897/531/391 1893/533/391 1896/534/391
f 1898/535/392 1897/531/392 1896/534/392
f 1895/502/389 1897/536/389 1898/559/389
f 1898/559/389 1899/558/389 1901/514/389
f 1899/554/388 1898/535/388 1900/555/388
f 1898/535/383 1896/534/383 1900/555/383
f 1902/560/377 1895/502/377 1898/559/377
f 1898/559/377 1901/514/377 1902/560/377
f 1902/560/390 1903/540/390 1895/502/390
f 1903/541/384 1902/542/384 1904/543/384
f 1902/542/385 1906/544/385 1904/543/385
f 1901/514/390 1905/546/390 1902/560/390
f 1902/542/385 1905/545/385 1906/544/385
f 1904/547/380 1906/548/380 1896/527/380
f 1905/545/386 1907/549/386 1906/544/386
f 1906/548/380 1907/510/380 1908/551/380
f 1900/556/380 1896/527/380 1906/548/380
f 1908/551/380 1900/556/380 1906/548/380
f 1901/552/387 1908/553/387 1907/549/387
f 1901/552/393 1899/554/393 1908/553/393
f 1899/554/394 1900/555/394 1908/553/394
f 1905/545/386 1901/552/386 1907/549/386
f 1894/529/380 1904/547/380 1896/527/380
f 1903/541/384 1904/543/384 1894/530/384
f 1895/493/381 1903/541/381 1894/530/381
usemtl Gold
f 1420/519/380 1417/516/380 1418/520/380
f 1419/493/373 1418/494/373 1417/495/373
f 1421/507/379 1419/515/379 1417/508/379
f 1421/507/379 1417/508/379 1420/506/379
f 1422/505/378 1421/507/378 1420/506/378
f 1419/502/377 1421/521/377 1422/522/377
f 1422/522/377 1423/514/377 1425/523/377
f 1423/500/376 1422/505/376 1424/501/376
f 1422/505/378 1420/506/378 1424/501/378
f 1419/502/377 1422/522/377 1425/523/377
f 1425/523/377 1426/524/377 1419/502/377
f 1426/496/374 1425/498/374 1427/497/374
f 1425/498/375 1428/499/375 1427/497/375
f 1425/498/375 1423/500/375 1428/499/375
f 1418/520/380 1427/525/380 1428/510/380
f 1423/500/376 1424/501/376 1428/499/376
f 1428/510/380 1424/526/380 1420/519/380
f 1418/520/380 1428/510/380 1420/519/380
f 1426/496/374 1427/497/374 1418/494/374
f 1419/493/373 1426/496/373 1418/494/373
f 1496/527/380 1493/516/380 1494/529/380
f 1495/493/381 1494/530/381 1493/495/381
f 1497/531/382 1495/532/382 1493/533/382
f 1497/531/382 1493/533/382 1496/534/382
f 1498/535/383 1497/531/383 1496/534/383
f 1495/502/377 1497/536/377 1498/559/377
f 1498/559/377 1499/558/377 1501/514/377
f 1499/554/388 1498/535/388 1500/555/388
f 1498/535/383 1496/534/383 1500/555/383
f 1502/560/377 1495/502/377 1498/559/377
f 1498/559/377 1501/514/377 1502/560/377
f 1502/560/377 1503/540/377 1495/502/377
f 1503/541/384 1502/542/384 1504/543/384
f 1502/542/385 1506/544/385 1504/543/385
f 1501/514/377 1505/546/377 1502/560/377
f 1502/542/385 1505/545/385 1506/544/385
f 1494/529/380 1504/547/380 1506/548/380
f 1505/545/386 1507/549/386 1506/544/386
f 1506/548/380 1507/510/380 1508/551/380
f 1496/527/380 1494/529/380 1506/548/380
f 1506/548/380 1508/551/380 1496/527/380
f 1501/552/387 1508/553/387 1507/549/387
f 1501/552/387 1499/554/387 1508/553/387
f 1499/554/388 1500/555/388 1508/553/388
f 1508/551/380 1500/556/380 1496/527/380
f 1505/545/386 1501/552/386 1507/549/386
f 1503/541/384 1504/543/384 1494/530/384
f 1495/493/381 1503/541/381 1494/530/381
f 1521/516/380 1522/509/380 1526/510/380
f 1523/493/373 1522/494/373 1521/495/373
f 1525/507/379 1523/515/379 1521/508/379
f 1524/511/380 1521/516/380 1526/510/380
f 1525/507/379 1521/508/379 1524/506/379
f 1522/509/380 1527/517/380 1526/510/380
f 1530/498/375 1526/499/375 1527/497/375
f 1530/498/375 1528/500/375 1526/499/375
f 1528/500/376 1529/501/376 1526/499/376
f 1526/510/380 1529/518/380 1524/511/380
f 1530/504/377 1531/512/377 1523/502/377
f 1531/496/374 1530/498/374 1527/497/374
f 1528/514/377 1530/504/377 1523/502/377
f 1523/493/373 1531/496/373 1522/494/373
f 1531/496/374 1527/497/374 1522/494/374
f 1528/500/376 1532/505/376 1529/501/376
f 1532/505/378 1524/506/378 1529/501/378
f 1532/503/377 1528/514/377 1523/502/377
f 1532/505/378 1525/507/378 1524/506/378
f 1523/502/377 1525/513/377 1532/503/377
f 1597/516/380 1598/529/380 1602/548/380
f 1599/493/381 1598/530/381 1597/495/381
f 1601/531/382 1599/532/382 1597/533/382
f 1600/527/380 1597/516/380 1602/548/380
f 1601/531/382 1597/533/382 1600/534/382
f 1598/529/380 1603/547/380 1602/548/380
f 1606/542/385 1602/544/385 1603/543/385
f 1606/542/385 1604/545/385 1602/544/385
f 1604/545/386 1605/549/386 1602/544/386
f 1602/548/380 1605/510/380 1600/527/380
f 1606/560/389 1607/540/389 1599/502/389
f 1607/541/384 1606/542/384 1603/543/384
f 1608/514/389 1604/546/389 1606/560/389
f 1606/560/377 1599/502/377 1608/514/377
f 1604/545/386 1608/552/386 1605/549/386
f 1608/552/387 1610/553/387 1605/549/387
f 1611/559/390 1609/558/390 1608/514/390
f 1608/552/387 1609/554/387 1610/553/387
f 1599/502/377 1611/559/377 1608/514/377
f 1609/554/388 1611/535/388 1612/555/388
f 1611/535/383 1600/534/383 1612/555/383
f 1611/535/383 1601/531/383 1600/534/383
f 1599/502/390 1601/536/390 1611/559/390
f 1610/551/380 1612/556/380 1600/527/380
f 1609/554/388 1612/555/388 1610/553/388
f 1605/510/380 1610/551/380 1600/527/380
f 1599/493/381 1607/541/381 1598/530/381
f 1607/541/384 1603/543/384 1598/530/384
f 1628/511/380 1625/516/380 1626/509/380
f 1627/493/373 1626/494/373 1625/495/373
f 1629/507/379 1627/515/379 1625/508/379
f 1629/507/379 1625/508/379 1628/506/379
f 1630/505/378 1629/507/378 1628/506/378
f 1627/502/377 1629/513/377 1630/503/377
f 1631/500/376 1630/505/376 1632/501/376
f 1630/503/377 1631/514/377 1633/504/377
f 1630/505/378 1628/506/378 1632/501/378
f 1633/504/377 1634/512/377 1630/503/377
f 1634/512/377 1627/502/377 1630/503/377
f 1627/493/373 1634/496/373 1626/494/373
f 1634/496/374 1635/497/374 1626/494/374
f 1634/496/374 1633/498/374 1635/497/374
f 1626/509/380 1635/517/380 1636/510/380
f 1633/498/375 1636/499/375 1635/497/375
f 1633/498/375 1631/500/375 1636/499/375
f 1631/500/376 1632/501/376 1636/499/376
f 1636/510/380 1632/518/380 1626/509/380
f 1632/518/380 1628/511/380 1626/509/380
f 1704/527/380 1701/516/380 1702/529/380
f 1703/493/381 1702/530/381 1701/495/381
f 1705/531/382 1703/532/382 1701/533/382
f 1705/531/382 1701/533/382 1704/534/382
f 1706/535/383 1705/531/383 1704/534/383
f 1703/502/390 1705/536/390 1706/559/390
f 1706/559/390 1707/558/390 1709/514/390
f 1707/554/388 1706/535/388 1708/555/388
f 1706/535/383 1704/534/383 1708/555/383
f 1710/560/377 1703/502/377 1706/559/377
f 1706/559/377 1709/514/377 1710/560/377
f 1710/560/389 1711/540/389 1703/502/389
f 1711/541/384 1710/542/384 1712/543/384
f 1710/542/385 1714/544/385 1712/543/385
f 1709/514/389 1713/546/389 1710/560/389
f 1710/542/385 1713/545/385 1714/544/385
f 1712/547/380 1714/548/380 1704/527/380
f 1713/545/386 1715/549/386 1714/544/386
f 1714/548/380 1715/510/380 1716/551/380
f 1708/556/380 1704/527/380 1714/548/380
f 1716/551/380 1708/556/380 1714/548/380
f 1709/552/387 1716/553/387 1715/549/387
f 1709/552/387 1707/554/387 1716/553/387
f 1707/554/388 1708/555/388 1716/553/388
f 1713/545/386 1709/552/386 1715/549/386
f 1702/529/380 1712/547/380 1704/527/380
f 1711/541/384 1712/543/384 1702/530/384
f 1703/493/381 1711/541/381 1702/530/381
f 1729/516/380 1730/509/380 1734/510/380
f 1731/493/373 1730/494/373 1729/495/373
f 1733/507/379 1731/515/379 1729/508/379
f 1732/511/380 1729/516/380 1734/510/380
f 1733/507/379 1729/508/379 1732/506/379
f 1730/509/380 1735/517/380 1734/510/380
f 1738/498/375 1734/499/375 1735/497/375
f 1738/498/375 1736/500/375 1734/499/375
f 1736/500/376 1737/501/376 1734/499/376
f 1734/510/380 1737/518/380 1732/511/380
f 1738/504/377 1739/512/377 1731/502/377
f 1739/496/374 1738/498/374 1735/497/374
f 1736/514/377 1738/504/377 1731/502/377
f 1731/493/373 1739/496/373 1730/494/373
f 1739/496/374 1735/497/374 1730/494/374
f 1736/500/376 1740/505/376 1737/501/376
f 1740/505/378 1732/506/378 1737/501/378
f 1740/503/377 1736/514/377 1731/502/377
f 1740/505/378 1733/507/378 1732/506/378
f 1731/502/377 1733/513/377 1740/503/377
f 1808/527/380 1805/516/380 1806/529/380
f 1807/493/381 1806/530/381 1805/495/381
f 1809/531/382 1807/532/382 1805/533/382
f 1809/531/382 1805/533/382 1808/534/382
f 1810/535/383 1809/531/383 1808/534/383
f 1809/570/377 1810/565/377 1811/560/377
f 1807/502/377 1809/570/377 1811/560/377
f 1811/560/377 1812/540/377 1807/502/377
f 1812/541/384 1811/542/384 1813/543/384
f 1811/542/385 1815/544/385 1813/543/385
f 1811/542/385 1814/545/385 1815/544/385
f 1814/571/377 1811/560/377 1810/565/377
f 1806/529/380 1813/547/380 1815/572/380
f 1814/545/386 1816/549/386 1815/544/386
f 1815/572/380 1816/566/380 1817/573/380
f 1808/527/380 1806/529/380 1815/572/380
f 1815/572/380 1817/573/380 1808/527/380
f 1820/552/387 1817/553/387 1816/549/387
f 1820/552/387 1818/554/387 1817/553/387
f 1818/554/388 1819/555/388 1817/553/388
f 1817/573/380 1819/556/380 1808/527/380
f 1820/567/377 1814/571/377 1810/565/377
f 1814/545/386 1820/552/386 1816/549/386
f 1810/565/377 1818/574/377 1820/567/377
f 1818/554/388 1810/535/388 1819/555/388
f 1810/535/383 1808/534/383 1819/555/383
f 1812/541/384 1813/543/384 1806/530/384
f 1807/493/381 1812/541/381 1806/530/381
f 1833/516/380 1834/509/380 1838/510/380
f 1835/493/373 1834/494/373 1833/495/373
f 1837/507/379 1835/515/379 1833/508/379
f 1836/511/380 1833/516/380 1838/510/380
f 1837/507/379 1833/508/379 1836/506/379
f 1834/509/380 1839/517/380 1838/510/380
f 1842/498/375 1838/499/375 1839/497/375
f 1842/498/375 1840/500/375 1838/499/375
f 1840/500/376 1841/501/376 1838/499/376
f 1838/510/380 1841/518/380 1836/511/380
f 1842/504/377 1843/512/377 1835/502/377
f 1843/496/374 1842/498/374 1839/497/374
f 1840/514/377 1842/504/377 1835/502/377
f 1835/493/373 1843/496/373 1834/494/373
f 1843/496/374 1839/497/374 1834/494/374
f 1840/500/376 1844/505/376 1841/501/376
f 1844/505/378 1836/506/378 1841/501/378
f 1844/503/377 1840/514/377 1835/502/377
f 1844/505/378 1837/507/378 1836/506/378
f 1835/502/377 1837/513/377 1844/503/377
f 1912/527/380 1909/516/380 1910/529/380
f 1911/493/381 1910/530/381 1909/495/381
f 1913/531/382 1911/532/382 1909/533/382
f 1913/531/382 1909/533/382 1912/534/382
f 1914/535/383 1913/531/383 1912/534/383
f 1911/502/377 1913/570/377 1914/565/377
f 1914/565/377 1915/574/377 1917/567/377
f 1915/554/394 1914/535/394 1916/555/394
f 1914/535/392 1912/534/392 1916/555/392
f 1918/560/377 1911/502/377 1914/565/377
f 1914/565/377 1917/567/377 1918/560/377
f 1918/560/377 1919/540/377 1911/502/377
f 1919/541/395 1918/542/395 1920/543/395
f 1918/542/396 1922/544/396 1920/543/396
f 1917/567/377 1921/571/377 1918/560/377
f 1918/542/385 1921/545/385 1922/544/385
f 1920/547/380 1922/572/380 1912/527/380
f 1921/545/386 1923/549/386 1922/544/386
f 1922/572/380 1923/566/380 1924/573/380
f 1916/556/380 1912/527/380 1922/572/380
f 1924/573/380 1916/556/380 1922/572/380
f 1917/552/387 1924/553/387 1923/549/387
f 1917/552/387 1915/554/387 1924/553/387
f 1915/554/388 1916/555/388 1924/553/388
f 1921/545/386 1917/552/386 1923/549/386
f 1910/529/380 1920/547/380 1912/527/380
f 1919/541/384 1920/543/384 1910/530/384
f 1911/493/381 1919/541/381 1910/530/381
o WalkFloor
v 19.600000 4.168000 2.640000
v 19.600000 4.448000 2.640000
v 19.600000 4.168000 19.599998
v 19.600000 4.448000 19.599998
v -19.600000 4.168000 2.640000
v -19.600000 4.448000 2.640000
v -19.600000 4.168000 19.599998
v -19.600000 4.448000 19.599998
vn 1.0000 -0.0000 -0.0000
vn -0.0000 -0.0000 1.0000
vn -1.0000 -0.0000 -0.0000
vn -0.0000 -0.0000 -1.0000
vn -0.0000 -1.0000 -0.0000
vn -0.0000 1.0000 -0.0000
vt 0.625000 0.000000
vt 0.375000 0.250000
vt 0.375000 0.000000
vt 0.625000 0.250000
vt 0.375000 0.500000
vt 0.625000 0.500000
vt 0.375000 0.750000
vt 0.625000 0.750000
vt 0.375000 1.000000
vt 0.125000 0.750000
vt 0.125000 0.500000
vt 0.875000 0.500000
vt 0.625000 1.000000
vt 0.875000 0.750000
s 0
usemtl WalkFloor
f 1926/575/397 1927/576/397 1925/577/397
f 1928/578/398 1931/579/398 1927/576/398
f 1932/580/399 1929/581/399 1931/579/399
f 1930/582/400 1925/583/400 1929/581/400
f 1931/579/401 1925/584/401 1927/585/401
f 1928/586/402 1930/582/402 1932/580/402
f 1926/575/397 1928/578/397 1927/576/397
f 1928/578/398 1932/580/398 1931/579/398
f 1932/580/399 1930/582/399 1929/581/399
f 1930/582/400 1926/587/400 1925/583/400
f 1931/579/401 1929/581/401 1925/584/401
f 1928/586/402 1926/588/402 1930/582/402
o WalkCeiling
v 19.600000 17.375000 2.640000
v 19.600000 17.494999 2.640000
v 19.600000 17.375000 19.599998
v 19.600000 17.494999 19.599998
v -19.600000 17.375000 2.640000
v -19.600000 17.494999 2.640000
v -19.600000 17.375000 19.599998
v -19.600000 17.494999 19.599998
vn 1.0000 -0.0000 -0.0000
vn -0.0000 -0.0000 1.0000
vn -1.0000 -0.0000 -0.0000
vn -0.0000 -0.0000 -1.0000
vn -0.0000 -1.0000 -0.0000
vn -0.0000 1.0000 -0.0000
vt 0.625000 0.000000
vt 0.375000 0.250000
vt 0.375000 0.000000
vt 0.625000 0.250000
vt 0.375000 0.500000
vt 0.625000 0.500000
vt 0.375000 0.750000
vt 0.625000 0.750000
vt 0.375000 1.000000
vt 0.125000 0.750000
vt 0.125000 0.500000
vt 0.875000 0.500000
vt 0.625000 1.000000
vt 0.875000 0.750000
s 0
usemtl WalkWall
f 1934/589/403 1935/590/403 1933/591/403
f 1936/592/404 1939/593/404 1935/590/404
f 1940/594/405 1937/595/405 1939/593/405
f 1938/596/406 1933/597/406 1937/595/406
f 1939/593/407 1933/598/407 1935/599/407
f 1936/600/408 1938/596/408 1940/594/408
f 1934/589/403 1936/592/403 1935/590/403
f 1936/592/404 1940/594/404 1939/593/404
f 1940/594/405 1938/596/405 1937/595/405
f 1938/596/406 1934/601/406 1933/597/406
f 1939/593/407 1937/595/407 1933/598/407
f 1936/600/408 1934/602/408 1938/596/408
o WalkSideLeftWall
v 19.580000 4.448000 2.780000
v 19.580000 17.375000 2.780000
v 19.580000 4.448000 19.459999
v 19.580000 17.375000 19.459999
v 19.460001 4.448000 2.780000
v 19.460001 17.375000 2.780000
v 19.460001 4.448000 19.459999
v 19.460001 17.375000 19.459999
vn 1.0000 -0.0000 -0.0000
vn -0.0000 -0.0000 1.0000
vn -1.0000 -0.0000 -0.0000
vn -0.0000 -0.0000 -1.0000
vn -0.0000 -1.0000 -0.0000
vn -0.0000 1.0000 -0.0000
vt 0.625000 0.000000
vt 0.375000 0.250000
vt 0.375000 0.000000
vt 0.625000 0.250000
vt 0.375000 0.500000
vt 0.625000 0.500000
vt 0.375000 0.750000
vt 0.625000 0.750000
vt 0.375000 1.000000
vt 0.125000 0.750000
vt 0.125000 0.500000
vt 0.875000 0.500000
vt 0.625000 1.000000
vt 0.875000 0.750000
s 0
usemtl WalkWall
f 1942/603/409 1943/604/409 1941/605/409
f 1944/606/410 1947/607/410 1943/604/410
f 1948/608/411 1945/609/411 1947/607/411
f 1946/610/412 1941/611/412 1945/609/412
f 1947/607/413 1941/612/413 1943/613/413
f 1944/614/414 1946/610/414 1948/608/414
f 1942/603/409 1944/606/409 1943/604/409
f 1944/606/410 1948/608/410 1947/607/410
f 1948/608/411 1946/610/411 1945/609/411
f 1946/610/412 1942/615/412 1941/611/412
f 1947/607/413 1945/609/413 1941/612/413
f 1944/614/414 1942/616/414 1946/610/414
o WalkSideRightWall
v -19.460001 4.448000 2.780000
v -19.460001 17.375000 2.780000
v -19.460001 4.448000 19.459999
v -19.460001 17.375000 19.459999
v -19.580000 4.448000 2.780000
v -19.580000 17.375000 2.780000
v -19.580000 4.448000 19.459999
v -19.580000 17.375000 19.459999
vn 1.0000 -0.0000 -0.0000
vn -0.0000 -0.0000 1.0000
vn -1.0000 -0.0000 -0.0000
vn -0.0000 -0.0000 -1.0000
vn -0.0000 -1.0000 -0.0000
vn -0.0000 1.0000 -0.0000
vt 0.625000 0.000000
vt 0.375000 0.250000
vt 0.375000 0.000000
vt 0.625000 0.250000
vt 0.375000 0.500000
vt 0.625000 0.500000
vt 0.375000 0.750000
vt 0.625000 0.750000
vt 0.375000 1.000000
vt 0.125000 0.750000
vt 0.125000 0.500000
vt 0.875000 0.500000
vt 0.625000 1.000000
vt 0.875000 0.750000
s 0
usemtl WalkWall
f 1950/617/415 1951/618/415 1949/619/415
f 1952/620/416 1955/621/416 1951/618/416
f 1956/622/417 1953/623/417 1955/621/417
f 1954/624/418 1949/625/418 1953/623/418
f 1955/621/419 1949/626/419 1951/627/419
f 1952/628/420 1954/624/420 1956/622/420
f 1950/617/415 1952/620/415 1951/618/415
f 1952/620/416 1956/622/416 1955/621/416
f 1956/622/417 1954/624/417 1953/623/417
f 1954/624/418 1950/629/418 1949/625/418
f 1955/621/419 1953/623/419 1949/626/419
f 1952/628/420 1950/630/420 1954/624/420
o WalkRearWall
v 19.459999 4.448000 19.460001
v 19.459999 17.375000 19.460001
v 19.459999 4.448000 19.580000
v 19.459999 17.375000 19.580000
v -19.459999 4.448000 19.460001
v -19.459999 17.375000 19.460001
v -19.459999 4.448000 19.580000
v -19.459999 17.375000 19.580000
vn 1.0000 -0.0000 -0.0000
vn -0.0000 -0.0000 1.0000
vn -1.0000 -0.0000 -0.0000
vn -0.0000 -0.0000 -1.0000
vn -0.0000 -1.0000 -0.0000
vn -0.0000 1.0000 -0.0000
vt 0.625000 0.000000
vt 0.375000 0.250000
vt 0.375000 0.000000
vt 0.625000 0.250000
vt 0.375000 0.500000
vt 0.625000 0.500000
vt 0.375000 0.750000
vt 0.625000 0.750000
vt 0.375000 1.000000
vt 0.125000 0.750000
vt 0.125000 0.500000
vt 0.875000 0.500000
vt 0.625000 1.000000
vt 0.875000 0.750000
s 0
usemtl WalkWall
f 1958/631/421 1959/632/421 1957/633/421
f 1960/634/422 1963/635/422 1959/632/422
f 1964/636/423 1961/637/423 1963/635/423
f 1962/638/424 1957/639/424 1961/637/424
f 1963/635/425 1957/640/425 1959/641/425
f 1960/642/426 1962/638/426 1964/636/426
f 1958/631/421 1960/634/421 1959/632/421
f 1960/634/422 1964/636/422 1963/635/422
f 1964/636/423 1962/638/423 1961/637/423
f 1962/638/424 1958/643/424 1957/639/424
f 1963/635/425 1961/637/425 1957/640/425
f 1960/642/426 1958/644/426 1962/638/426
o WalkFrontLeft
v 19.459999 4.448000 2.660000
v 19.459999 17.375000 2.660000
v 19.459999 4.448000 2.780000
v 19.459999 17.375000 2.780000
v 4.170000 4.448000 2.660000
v 4.170000 17.375000 2.660000
v 4.170000 4.448000 2.780000
v 4.170000 17.375000 2.780000
vn 1.0000 -0.0000 -0.0000
vn -0.0000 -0.0000 1.0000
vn -1.0000 -0.0000 -0.0000
vn -0.0000 -0.0000 -1.0000
vn -0.0000 -1.0000 -0.0000
vn -0.0000 1.0000 -0.0000
vt 0.625000 0.000000
vt 0.375000 0.250000
vt 0.375000 0.000000
vt 0.625000 0.250000
vt 0.375000 0.500000
vt 0.625000 0.500000
vt 0.375000 0.750000
vt 0.625000 0.750000
vt 0.375000 1.000000
vt 0.125000 0.750000
vt 0.125000 0.500000
vt 0.875000 0.500000
vt 0.625000 1.000000
vt 0.875000 0.750000
s 0
usemtl WalkWall
f 1966/645/427 1967/646/427 1965/647/427
f 1968/648/428 1971/649/428 1967/646/428
f 1972/650/429 1969/651/429 1971/649/429
f 1970/652/430 1965/653/430 1969/651/430
f 1971/649/431 1965/654/431 1967/655/431
f 1968/656/432 1970/652/432 1972/650/432
f 1966/645/427 1968/648/427 1967/646/427
f 1968/648/428 1972/650/428 1971/649/428
f 1972/650/429 1970/652/429 1969/651/429
f 1970/652/430 1966/657/430 1965/653/430
f 1971/649/431 1969/651/431 1965/654/431
f 1968/656/432 1966/658/432 1970/652/432
o WalkFrontRight
v -4.170000 4.448000 2.660000
v -4.170000 17.375000 2.660000
v -4.170000 4.448000 2.780000
v -4.170000 17.375000 2.780000
v -19.459999 4.448000 2.660000
v -19.459999 17.375000 2.660000
v -19.459999 4.448000 2.780000
v -19.459999 17.375000 2.780000
vn 1.0000 -0.0000 -0.0000
vn -0.0000 -0.0000 1.0000
vn -1.0000 -0.0000 -0.0000
vn -0.0000 -0.0000 -1.0000
vn -0.0000 -1.0000 -0.0000
vn -0.0000 1.0000 -0.0000
vt 0.625000 0.000000
vt 0.375000 0.250000
vt 0.375000 0.000000
vt 0.625000 0.250000
vt 0.375000 0.500000
vt 0.625000 0.500000
vt 0.375000 0.750000
vt 0.625000 0.750000
vt 0.375000 1.000000
vt 0.125000 0.750000
vt 0.125000 0.500000
vt 0.875000 0.500000
vt 0.625000 1.000000
vt 0.875000 0.750000
s 0
usemtl WalkWall
f 1974/659/433 1975/660/433 1973/661/433
f 1976/662/434 1979/663/434 1975/660/434
f 1980/664/435 1977/665/435 1979/663/435
f 1978/666/436 1973/667/436 1977/665/436
f 1979/663/437 1973/668/437 1975/669/437
f 1976/670/438 1978/666/438 1980/664/438
f 1974/659/433 1976/662/433 1975/660/433
f 1976/662/434 1980/664/434 1979/663/434
f 1980/664/435 1978/666/435 1977/665/435
f 1978/666/436 1974/671/436 1973/667/436
f 1979/663/437 1977/665/437 1973/668/437
f 1976/670/438 1974/672/438 1978/666/438
o WalkLintel
v 4.170000 16.263000 2.660000
v 4.170000 17.375000 2.660000
v 4.170000 16.263000 2.780000
v 4.170000 17.375000 2.780000
v -4.170000 16.263000 2.660000
v -4.170000 17.375000 2.660000
v -4.170000 16.263000 2.780000
v -4.170000 17.375000 2.780000
vn 1.0000 -0.0000 -0.0000
vn -0.0000 -0.0000 1.0000
vn -1.0000 -0.0000 -0.0000
vn -0.0000 -0.0000 -1.0000
vn -0.0000 -1.0000 -0.0000
vn -0.0000 1.0000 -0.0000
vt 0.625000 0.000000
vt 0.375000 0.250000
vt 0.375000 0.000000
vt 0.625000 0.250000
vt 0.375000 0.500000
vt 0.625000 0.500000
vt 0.375000 0.750000
vt 0.625000 0.750000
vt 0.375000 1.000000
vt 0.125000 0.750000
vt 0.125000 0.500000
vt 0.875000 0.500000
vt 0.625000 1.000000
vt 0.875000 0.750000
s 0
usemtl WalkWall
f 1982/673/439 1983/674/439 1981/675/439
f 1984/676/440 1987/677/440 1983/674/440
f 1988/678/441 1985/679/441 1987/677/441
f 1986/680/442 1981/681/442 1985/679/442
f 1987/677/443 1981/682/443 1983/683/443
f 1984/684/444 1986/680/444 1988/678/444
f 1982/673/439 1984/676/439 1983/674/439
f 1984/676/440 1988/678/440 1987/677/440
f 1988/678/441 1986/680/441 1985/679/441
f 1986/680/442 1982/685/442 1981/681/442
f 1987/677/443 1985/679/443 1981/682/443
f 1984/684/444 1982/686/444 1986/680/444
o WalkPassageLeft
v 4.370000 4.448000 -1.598500
v 4.370000 16.263000 -1.598500
v 4.370000 4.448000 2.660000
v 4.370000 16.263000 2.660000
v 4.330000 4.598000 -1.588500
v 4.170000 16.263000 -1.598500
v 4.170000 4.448000 2.660000
v 4.170000 16.263000 2.660000
v 4.170000 4.598000 -1.588500
v 4.170000 4.448000 -1.588500
v 4.170000 4.598000 -1.598500
v 4.330000 4.598000 -1.598500
v 4.330000 4.448000 -1.598500
v 4.330000 4.448000 -1.588500
vn 1.0000 -0.0000 -0.0000
vn -0.0000 -0.0000 1.0000
vn -1.0000 -0.0000 -0.0000
vn -0.0000 -0.0000 -1.0000
vn -0.0000 -1.0000 -0.0000
vn -0.0000 1.0000 -0.0000
vt 0.625000 0.000000
vt 0.375000 0.250000
vt 0.375000 0.000000
vt 0.625000 0.250000
vt 0.375000 0.500000
vt 0.625000 0.750000
vt 0.378174 0.750000
vt 0.378174 0.749413
vt 0.375000 1.000000
vt 0.375000 0.950000
vt 0.378174 0.950000
vt 0.375000 0.749413
vt 0.175000 0.749413
vt 0.875000 0.500000
vt 0.625000 0.500000
vt 0.616862 0.249721
vt 0.616862 0.250000
vt 0.625000 0.254619
vt 0.616862 0.254619
vt 0.870381 0.500000
vt 0.875000 0.500279
vt 0.625000 1.000000
vt 0.175000 0.750000
vt 0.125000 0.750000
vt 0.125000 0.500000
vt 0.875000 0.750000
vt 0.625000 0.249721
vt 0.870381 0.500279
s 0
usemtl WalkWall
f 1990/687/445 1991/688/445 1989/689/445
f 1992/690/446 1995/691/446 1991/688/446
f 1994/692/447 1999/693/447 1997/694/447
f 1989/695/448 2001/696/448 2000/697/448
f 1995/691/449 1998/698/449 2002/699/449
f 1992/700/450 1994/692/450 1996/701/450
f 1993/690/447 2001/702/447 2002/703/447
f 1997/704/448 2002/703/448 1998/705/448
f 1997/706/449 2000/707/449 1993/700/449
f 1990/687/445 1992/690/445 1991/688/445
f 1992/690/446 1996/701/446 1995/691/446
f 1997/694/447 1998/698/447 1995/691/447
f 1995/691/447 1996/701/447 1997/694/447
f 1996/701/447 1994/692/447 1997/694/447
f 2000/697/448 1999/693/448 1994/692/448
f 1994/692/448 1990/708/448 2000/697/448
f 1990/708/448 1989/695/448 2000/697/448
f 2001/709/449 1989/710/449 2002/699/449
f 1989/710/449 1991/711/449 2002/699/449
f 1991/711/449 1995/691/449 2002/699/449
f 1992/700/450 1990/712/450 1994/692/450
f 1993/690/447 2000/713/447 2001/702/447
f 1997/704/448 1993/690/448 2002/703/448
f 1997/706/449 1999/714/449 2000/707/449
o WalkPassageRight
v -4.170000 16.263000 -1.598500
v -4.170000 4.448000 2.660000
v -4.170000 16.263000 2.660000
v -4.370000 4.448000 -1.598500
v -4.370000 16.263000 -1.598500
v -4.370000 4.448000 2.660000
v -4.370000 16.263000 2.660000
v -4.330000 4.598000 -1.588500
v -4.170000 4.598000 -1.588500
v -4.170000 4.598000 -1.598500
v -4.170000 4.448000 -1.588500
v -4.330000 4.598000 -1.598500
v -4.330000 4.448000 -1.598500
v -4.330000 4.448000 -1.588500
vn 1.0000 -0.0000 -0.0000
vn -0.0000 -0.0000 1.0000
vn -1.0000 -0.0000 -0.0000
vn -0.0000 -0.0000 -1.0000
vn -0.0000 -1.0000 -0.0000
vn -0.0000 1.0000 -0.0000
vt 0.375000 0.250000
vt 0.375000 0.000587
vt 0.378174 0.000587
vt 0.625000 0.250000
vt 0.375000 0.500000
vt 0.625000 0.500000
vt 0.375000 0.750000
vt 0.625000 1.000000
vt 0.378174 1.000000
vt 0.378174 0.800000
vt 0.325000 0.750000
vt 0.325000 0.749413
vt 0.875000 0.500000
vt 0.625000 0.750000
vt 0.616862 0.495381
vt 0.616862 0.500000
vt 0.616862 0.500279
vt 0.625000 0.500279
vt 0.629619 0.500000
vt 0.629619 0.500279
vt 0.378174 0.000000
vt 0.625000 0.000000
vt 0.375000 0.800000
vt 0.125000 0.749413
vt 0.125000 0.500000
vt 0.875000 0.750000
vt 0.625000 0.495381
s 0
usemtl WalkWall
f 2004/715/451 2013/716/451 2011/717/451
f 2005/718/452 2008/719/452 2004/715/452
f 2009/720/453 2006/721/453 2008/719/453
f 2003/722/454 2012/723/454 2014/724/454
f 2006/721/455 2015/725/455 2016/726/455
f 2005/727/456 2007/728/456 2009/720/456
f 2010/720/454 2013/729/454 2016/730/454
f 2010/720/451 2015/731/451 2014/732/451
f 2011/733/455 2014/732/455 2012/734/455
f 2012/735/451 2003/736/451 2011/717/451
f 2003/736/451 2005/718/451 2011/717/451
f 2005/718/451 2004/715/451 2011/717/451
f 2005/718/452 2009/720/452 2008/719/452
f 2009/720/453 2007/728/453 2006/721/453
f 2015/737/454 2006/721/454 2014/724/454
f 2006/721/454 2007/728/454 2014/724/454
f 2007/728/454 2003/722/454 2014/724/454
f 2013/738/455 2004/739/455 2016/726/455
f 2004/739/455 2008/719/455 2016/726/455
f 2008/719/455 2006/721/455 2016/726/455
f 2005/727/456 2003/740/456 2007/728/456
f 2010/720/454 2011/741/454 2013/729/454
f 2010/720/451 2016/730/451 2015/731/451
f 2011/733/455 2010/720/455 2014/732/455
o WalkPassageCeiling
v 4.370000 16.263000 -1.598500
v 4.370000 16.463001 -1.598500
v 4.370000 16.263000 2.660000
v 4.370000 16.463001 2.660000
v -4.370000 16.263000 -1.598500
v -4.370000 16.463001 -1.598500
v -4.370000 16.263000 2.660000
v -4.370000 16.463001 2.660000
vn 1.0000 -0.0000 -0.0000
vn -0.0000 -0.0000 1.0000
vn -1.0000 -0.0000 -0.0000
vn -0.0000 -0.0000 -1.0000
vn -0.0000 -1.0000 -0.0000
vn -0.0000 1.0000 -0.0000
vt 0.625000 0.000000
vt 0.375000 0.250000
vt 0.375000 0.000000
vt 0.625000 0.250000
vt 0.375000 0.500000
vt 0.625000 0.500000
vt 0.375000 0.750000
vt 0.625000 0.750000
vt 0.375000 1.000000
vt 0.125000 0.750000
vt 0.125000 0.500000
vt 0.875000 0.500000
vt 0.625000 1.000000
vt 0.875000 0.750000
s 0
usemtl WalkWall
f 2018/742/457 2019/743/457 2017/744/457
f 2020/745/458 2023/746/458 2019/743/458
f 2024/747/459 2021/748/459 2023/746/459
f 2022/749/460 2017/750/460 2021/748/460
f 2023/746/461 2017/751/461 2019/752/461
f 2020/753/462 2022/749/462 2024/747/462
f 2018/742/457 2020/745/457 2019/743/457
f 2020/745/458 2024/747/458 2023/746/458
f 2024/747/459 2022/749/459 2021/748/459
f 2022/749/460 2018/754/460 2017/750/460
f 2023/746/461 2021/748/461 2017/751/461
f 2020/753/462 2018/755/462 2022/749/462
o WalkPassageFloor
v 4.170000 4.198000 2.640000
v 4.170000 4.448000 2.640000
v -4.170000 4.198000 2.640000
v -4.170000 4.448000 2.640000
v 4.170000 4.448000 -1.588500
v 4.170000 4.198000 -1.588500
v -4.170000 4.448000 -1.588500
v -4.170000 4.198000 -1.588500
vn 1.0000 -0.0000 -0.0000
vn -0.0000 -0.0000 1.0000
vn -1.0000 -0.0000 -0.0000
vn -0.0000 -1.0000 -0.0000
vn -0.0000 1.0000 -0.0000
vn -0.0000 -0.0000 -1.0000
vt 0.625000 0.250000
vt 0.375000 0.000590
vt 0.625000 0.000590
vt 0.375000 0.500000
vt 0.375000 0.250000
vt 0.625000 0.749410
vt 0.375000 0.749410
vt 0.125000 0.749410
vt 0.125000 0.500000
vt 0.625000 0.500000
vt 0.875000 0.749410
vt 0.616862 0.495381
vt 0.603299 0.254619
vt 0.603299 0.495381
vt 0.875000 0.500000
vt 0.616862 0.254619
s 0
usemtl WalkFloor
f 2026/756/463 2030/757/463 2029/758/463
f 2026/756/464 2027/759/464 2025/760/464
f 2027/759/465 2031/761/465 2032/762/465
f 2027/759/466 2030/763/466 2025/764/466
f 2028/765/467 2029/766/467 2031/761/467
f 2031/767/468 2030/768/468 2032/769/468
f 2026/756/463 2025/760/463 2030/757/463
f 2026/756/464 2028/765/464 2027/759/464
f 2027/759/465 2028/765/465 2031/761/465
f 2027/759/466 2032/762/466 2030/763/466
f 2028/765/467 2026/770/467 2029/766/467
f 2031/767/468 2029/771/468 2030/768/468
o WalkApproach0
v 4.290000 -0.020000 -10.438500
v 4.290000 0.342154 -10.438500
v 4.290000 -0.020000 -9.733500
v 4.290000 0.342154 -9.733500
v -4.290000 -0.020000 -10.438500
v -4.290000 0.342154 -10.438500
v -4.290000 -0.020000 -9.733500
v -4.290000 0.342154 -9.733500
vn 1.0000 -0.0000 -0.0000
vn -0.0000 -0.0000 1.0000
vn -1.0000 -0.0000 -0.0000
vn -0.0000 -0.0000 -1.0000
vn -0.0000 -1.0000 -0.0000
vn -0.0000 1.0000 -0.0000
vt 0.625000 0.000000
vt 0.375000 0.250000
vt 0.375000 0.000000
vt 0.625000 0.250000
vt 0.375000 0.500000
vt 0.625000 0.500000
vt 0.375000 0.750000
vt 0.625000 0.750000
vt 0.375000 1.000000
vt 0.125000 0.750000
vt 0.125000 0.500000
vt 0.875000 0.500000
vt 0.625000 1.000000
vt 0.875000 0.750000
s 0
usemtl WalkFloor
f 2034/772/469 2035/773/469 2033/774/469
f 2036/775/470 2039/776/470 2035/773/470
f 2040/777/471 2037/778/471 2039/776/471
f 2038/779/472 2033/780/472 2037/778/472
f 2039/776/473 2033/781/473 2035/782/473
f 2036/783/474 2038/779/474 2040/777/474
f 2034/772/469 2036/775/469 2035/773/469
f 2036/775/470 2040/777/470 2039/776/470
f 2040/777/471 2038/779/471 2037/778/471
f 2038/779/472 2034/784/472 2033/780/472
f 2039/776/473 2037/778/473 2033/781/473
f 2036/783/474 2034/785/474 2038/779/474
o WalkApproach1
v 4.290000 -0.020000 -9.758500
v 4.290000 0.684308 -9.758500
v 4.290000 -0.020000 -9.053500
v 4.290000 0.684308 -9.053500
v -4.290000 -0.020000 -9.758500
v -4.290000 0.684308 -9.758500
v -4.290000 -0.020000 -9.053500
v -4.290000 0.684308 -9.053500
vn 1.0000 -0.0000 -0.0000
vn -0.0000 -0.0000 1.0000
vn -1.0000 -0.0000 -0.0000
vn -0.0000 -0.0000 -1.0000
vn -0.0000 -1.0000 -0.0000
vn -0.0000 1.0000 -0.0000
vt 0.625000 0.000000
vt 0.375000 0.250000
vt 0.375000 0.000000
vt 0.625000 0.250000
vt 0.375000 0.500000
vt 0.625000 0.500000
vt 0.375000 0.750000
vt 0.625000 0.750000
vt 0.375000 1.000000
vt 0.125000 0.750000
vt 0.125000 0.500000
vt 0.875000 0.500000
vt 0.625000 1.000000
vt 0.875000 0.750000
s 0
usemtl WalkFloor
f 2042/786/475 2043/787/475 2041/788/475
f 2044/789/476 2047/790/476 2043/787/476
f 2048/791/477 2045/792/477 2047/790/477
f 2046/793/478 2041/794/478 2045/792/478
f 2047/790/479 2041/795/479 2043/796/479
f 2044/797/480 2046/793/480 2048/791/480
f 2042/786/475 2044/789/475 2043/787/475
f 2044/789/476 2048/791/476 2047/790/476
f 2048/791/477 2046/793/477 2045/792/477
f 2046/793/478 2042/798/478 2041/794/478
f 2047/790/479 2045/792/479 2041/795/479
f 2044/797/480 2042/799/480 2046/793/480
o WalkApproach2
v 4.290000 -0.020000 -9.078500
v 4.290000 1.026462 -9.078500
v 4.290000 -0.020000 -8.373500
v 4.290000 1.026462 -8.373500
v -4.290000 -0.020000 -9.078500
v -4.290000 1.026462 -9.078500
v -4.290000 -0.020000 -8.373500
v -4.290000 1.026462 -8.373500
vn 1.0000 -0.0000 -0.0000
vn -0.0000 -0.0000 1.0000
vn -1.0000 -0.0000 -0.0000
vn -0.0000 -0.0000 -1.0000
vn -0.0000 -1.0000 -0.0000
vn -0.0000 1.0000 -0.0000
vt 0.625000 0.000000
vt 0.375000 0.250000
vt 0.375000 0.000000
vt 0.625000 0.250000
vt 0.375000 0.500000
vt 0.625000 0.500000
vt 0.375000 0.750000
vt 0.625000 0.750000
vt 0.375000 1.000000
vt 0.125000 0.750000
vt 0.125000 0.500000
vt 0.875000 0.500000
vt 0.625000 1.000000
vt 0.875000 0.750000
s 0
usemtl WalkFloor
f 2050/800/481 2051/801/481 2049/802/481
f 2052/803/482 2055/804/482 2051/801/482
f 2056/805/483 2053/806/483 2055/804/483
f 2054/807/484 2049/808/484 2053/806/484
f 2055/804/485 2049/809/485 2051/810/485
f 2052/811/486 2054/807/486 2056/805/486
f 2050/800/481 2052/803/481 2051/801/481
f 2052/803/482 2056/805/482 2055/804/482
f 2056/805/483 2054/807/483 2053/806/483
f 2054/807/484 2050/812/484 2049/808/484
f 2055/804/485 2053/806/485 2049/809/485
f 2052/811/486 2050/813/486 2054/807/486
o WalkApproach3
v 4.290000 -0.020000 -8.398499
v 4.290000 1.368615 -8.398499
v 4.290000 -0.020000 -7.693500
v 4.290000 1.368615 -7.693500
v -4.290000 -0.020000 -8.398499
v -4.290000 1.368615 -8.398499
v -4.290000 -0.020000 -7.693500
v -4.290000 1.368615 -7.693500
vn 1.0000 -0.0000 -0.0000
vn -0.0000 -0.0000 1.0000
vn -1.0000 -0.0000 -0.0000
vn -0.0000 -0.0000 -1.0000
vn -0.0000 -1.0000 -0.0000
vn -0.0000 1.0000 -0.0000
vt 0.625000 0.000000
vt 0.375000 0.250000
vt 0.375000 0.000000
vt 0.625000 0.250000
vt 0.375000 0.500000
vt 0.625000 0.500000
vt 0.375000 0.750000
vt 0.625000 0.750000
vt 0.375000 1.000000
vt 0.125000 0.750000
vt 0.125000 0.500000
vt 0.875000 0.500000
vt 0.625000 1.000000
vt 0.875000 0.750000
s 0
usemtl WalkFloor
f 2058/814/487 2059/815/487 2057/816/487
f 2060/817/488 2063/818/488 2059/815/488
f 2064/819/489 2061/820/489 2063/818/489
f 2062/821/490 2057/822/490 2061/820/490
f 2063/818/491 2057/823/491 2059/824/491
f 2060/825/492 2062/821/492 2064/819/492
f 2058/814/487 2060/817/487 2059/815/487
f 2060/817/488 2064/819/488 2063/818/488
f 2064/819/489 2062/821/489 2061/820/489
f 2062/821/490 2058/826/490 2057/822/490
f 2063/818/491 2061/820/491 2057/823/491
f 2060/825/492 2058/827/492 2062/821/492
o WalkApproach4
v 4.290000 -0.020000 -7.718500
v 4.290000 1.710769 -7.718500
v 4.290000 -0.020000 -7.013500
v 4.290000 1.710769 -7.013500
v -4.290000 -0.020000 -7.718500
v -4.290000 1.710769 -7.718500
v -4.290000 -0.020000 -7.013500
v -4.290000 1.710769 -7.013500
vn 1.0000 -0.0000 -0.0000
vn -0.0000 -0.0000 1.0000
vn -1.0000 -0.0000 -0.0000
vn -0.0000 -0.0000 -1.0000
vn -0.0000 -1.0000 -0.0000
vn -0.0000 1.0000 -0.0000
vt 0.625000 0.000000
vt 0.375000 0.250000
vt 0.375000 0.000000
vt 0.625000 0.250000
vt 0.375000 0.500000
vt 0.625000 0.500000
vt 0.375000 0.750000
vt 0.625000 0.750000
vt 0.375000 1.000000
vt 0.125000 0.750000
vt 0.125000 0.500000
vt 0.875000 0.500000
vt 0.625000 1.000000
vt 0.875000 0.750000
s 0
usemtl WalkFloor
f 2066/828/493 2067/829/493 2065/830/493
f 2068/831/494 2071/832/494 2067/829/494
f 2072/833/495 2069/834/495 2071/832/495
f 2070/835/496 2065/836/496 2069/834/496
f 2071/832/497 2065/837/497 2067/838/497
f 2068/839/498 2070/835/498 2072/833/498
f 2066/828/493 2068/831/493 2067/829/493
f 2068/831/494 2072/833/494 2071/832/494
f 2072/833/495 2070/835/495 2069/834/495
f 2070/835/496 2066/840/496 2065/836/496
f 2071/832/497 2069/834/497 2065/837/497
f 2068/839/498 2066/841/498 2070/835/498
o WalkApproach5
v 4.290000 -0.020000 -7.038500
v 4.290000 2.052923 -7.038500
v 4.290000 -0.020000 -6.333500
v 4.290000 2.052923 -6.333500
v -4.290000 -0.020000 -7.038500
v -4.290000 2.052923 -7.038500
v -4.290000 -0.020000 -6.333500
v -4.290000 2.052923 -6.333500
vn 1.0000 -0.0000 -0.0000
vn -0.0000 -0.0000 1.0000
vn -1.0000 -0.0000 -0.0000
vn -0.0000 -0.0000 -1.0000
vn -0.0000 -1.0000 -0.0000
vn -0.0000 1.0000 -0.0000
vt 0.625000 0.000000
vt 0.375000 0.250000
vt 0.375000 0.000000
vt 0.625000 0.250000
vt 0.375000 0.500000
vt 0.625000 0.500000
vt 0.375000 0.750000
vt 0.625000 0.750000
vt 0.375000 1.000000
vt 0.125000 0.750000
vt 0.125000 0.500000
vt 0.875000 0.500000
vt 0.625000 1.000000
vt 0.875000 0.750000
s 0
usemtl WalkFloor
f 2074/842/499 2075/843/499 2073/844/499
f 2076/845/500 2079/846/500 2075/843/500
f 2080/847/501 2077/848/501 2079/846/501
f 2078/849/502 2073/850/502 2077/848/502
f 2079/846/503 2073/851/503 2075/852/503
f 2076/853/504 2078/849/504 2080/847/504
f 2074/842/499 2076/845/499 2075/843/499
f 2076/845/500 2080/847/500 2079/846/500
f 2080/847/501 2078/849/501 2077/848/501
f 2078/849/502 2074/854/502 2073/850/502
f 2079/846/503 2077/848/503 2073/851/503
f 2076/853/504 2074/855/504 2078/849/504
o WalkApproach6
v 4.290000 -0.020000 -6.358500
v 4.290000 2.395077 -6.358500
v 4.290000 -0.020000 -5.653500
v 4.290000 2.395077 -5.653500
v -4.290000 -0.020000 -6.358500
v -4.290000 2.395077 -6.358500
v -4.290000 -0.020000 -5.653500
v -4.290000 2.395077 -5.653500
vn 1.0000 -0.0000 -0.0000
vn -0.0000 -0.0000 1.0000
vn -1.0000 -0.0000 -0.0000
vn -0.0000 -0.0000 -1.0000
vn -0.0000 -1.0000 -0.0000
vn -0.0000 1.0000 -0.0000
vt 0.625000 0.000000
vt 0.375000 0.250000
vt 0.375000 0.000000
vt 0.625000 0.250000
vt 0.375000 0.500000
vt 0.625000 0.500000
vt 0.375000 0.750000
vt 0.625000 0.750000
vt 0.375000 1.000000
vt 0.125000 0.750000
vt 0.125000 0.500000
vt 0.875000 0.500000
vt 0.625000 1.000000
vt 0.875000 0.750000
s 0
usemtl WalkFloor
f 2082/856/505 2083/857/505 2081/858/505
f 2084/859/506 2087/860/506 2083/857/506
f 2088/861/507 2085/862/507 2087/860/507
f 2086/863/508 2081/864/508 2085/862/508
f 2087/860/509 2081/865/509 2083/866/509
f 2084/867/510 2086/863/510 2088/861/510
f 2082/856/505 2084/859/505 2083/857/505
f 2084/859/506 2088/861/506 2087/860/506
f 2088/861/507 2086/863/507 2085/862/507
f 2086/863/508 2082/868/508 2081/864/508
f 2087/860/509 2085/862/509 2081/865/509
f 2084/867/510 2082/869/510 2086/863/510
o WalkApproach7
v 4.290000 -0.020000 -5.678500
v 4.290000 2.737231 -5.678500
v 4.290000 -0.020000 -4.973500
v 4.290000 2.737231 -4.973500
v -4.290000 -0.020000 -5.678500
v -4.290000 2.737231 -5.678500
v -4.290000 -0.020000 -4.973500
v -4.290000 2.737231 -4.973500
vn 1.0000 -0.0000 -0.0000
vn -0.0000 -0.0000 1.0000
vn -1.0000 -0.0000 -0.0000
vn -0.0000 -0.0000 -1.0000
vn -0.0000 -1.0000 -0.0000
vn -0.0000 1.0000 -0.0000
vt 0.625000 0.000000
vt 0.375000 0.250000
vt 0.375000 0.000000
vt 0.625000 0.250000
vt 0.375000 0.500000
vt 0.625000 0.500000
vt 0.375000 0.750000
vt 0.625000 0.750000
vt 0.375000 1.000000
vt 0.125000 0.750000
vt 0.125000 0.500000
vt 0.875000 0.500000
vt 0.625000 1.000000
vt 0.875000 0.750000
s 0
usemtl WalkFloor
f 2090/870/511 2091/871/511 2089/872/511
f 2092/873/512 2095/874/512 2091/871/512
f 2096/875/513 2093/876/513 2095/874/513
f 2094/877/514 2089/878/514 2093/876/514
f 2095/874/515 2089/879/515 2091/880/515
f 2092/881/516 2094/877/516 2096/875/516
f 2090/870/511 2092/873/511 2091/871/511
f 2092/873/512 2096/875/512 2095/874/512
f 2096/875/513 2094/877/513 2093/876/513
f 2094/877/514 2090/882/514 2089/878/514
f 2095/874/515 2093/876/515 2089/879/515
f 2092/881/516 2090/883/516 2094/877/516
o WalkApproach8
v 4.290000 -0.020000 -4.998500
v 4.290000 3.079385 -4.998500
v 4.290000 -0.020000 -4.293500
v 4.290000 3.079385 -4.293500
v -4.290000 -0.020000 -4.998500
v -4.290000 3.079385 -4.998500
v -4.290000 -0.020000 -4.293500
v -4.290000 3.079385 -4.293500
vn 1.0000 -0.0000 -0.0000
vn -0.0000 -0.0000 1.0000
vn -1.0000 -0.0000 -0.0000
vn -0.0000 -0.0000 -1.0000
vn -0.0000 -1.0000 -0.0000
vn -0.0000 1.0000 -0.0000
vt 0.625000 0.000000
vt 0.375000 0.250000
vt 0.375000 0.000000
vt 0.625000 0.250000
vt 0.375000 0.500000
vt 0.625000 0.500000
vt 0.375000 0.750000
vt 0.625000 0.750000
vt 0.375000 1.000000
vt 0.125000 0.750000
vt 0.125000 0.500000
vt 0.875000 0.500000
vt 0.625000 1.000000
vt 0.875000 0.750000
s 0
usemtl WalkFloor
f 2098/884/517 2099/885/517 2097/886/517
f 2100/887/518 2103/888/518 2099/885/518
f 2104/889/519 2101/890/519 2103/888/519
f 2102/891/520 2097/892/520 2101/890/520
f 2103/888/521 2097/893/521 2099/894/521
f 2100/895/522 2102/891/522 2104/889/522
f 2098/884/517 2100/887/517 2099/885/517
f 2100/887/518 2104/889/518 2103/888/518
f 2104/889/519 2102/891/519 2101/890/519
f 2102/891/520 2098/896/520 2097/892/520
f 2103/888/521 2101/890/521 2097/893/521
f 2100/895/522 2098/897/522 2102/891/522
o WalkApproach9
v 4.290000 -0.020000 -4.318500
v 4.290000 3.421538 -4.318500
v 4.290000 -0.020000 -3.613500
v 4.290000 3.421538 -3.613500
v -4.290000 -0.020000 -4.318500
v -4.290000 3.421538 -4.318500
v -4.290000 -0.020000 -3.613500
v -4.290000 3.421538 -3.613500
vn 1.0000 -0.0000 -0.0000
vn -0.0000 -0.0000 1.0000
vn -1.0000 -0.0000 -0.0000
vn -0.0000 -0.0000 -1.0000
vn -0.0000 -1.0000 -0.0000
vn -0.0000 1.0000 -0.0000
vt 0.625000 0.000000
vt 0.375000 0.250000
vt 0.375000 0.000000
vt 0.625000 0.250000
vt 0.375000 0.500000
vt 0.625000 0.500000
vt 0.375000 0.750000
vt 0.625000 0.750000
vt 0.375000 1.000000
vt 0.125000 0.750000
vt 0.125000 0.500000
vt 0.875000 0.500000
vt 0.625000 1.000000
vt 0.875000 0.750000
s 0
usemtl WalkFloor
f 2106/898/523 2107/899/523 2105/900/523
f 2108/901/524 2111/902/524 2107/899/524
f 2112/903/525 2109/904/525 2111/902/525
f 2110/905/526 2105/906/526 2109/904/526
f 2111/902/527 2105/907/527 2107/908/527
f 2108/909/528 2110/905/528 2112/903/528
f 2106/898/523 2108/901/523 2107/899/523
f 2108/901/524 2112/903/524 2111/902/524
f 2112/903/525 2110/905/525 2109/904/525
f 2110/905/526 2106/910/526 2105/906/526
f 2111/902/527 2109/904/527 2105/907/527
f 2108/909/528 2106/911/528 2110/905/528
o WalkApproach10
v 4.290000 -0.020000 -3.638500
v 4.290000 3.763692 -3.638500
v 4.290000 -0.020000 -2.933500
v 4.290000 3.763692 -2.933500
v -4.290000 -0.020000 -3.638500
v -4.290000 3.763692 -3.638500
v -4.290000 -0.020000 -2.933500
v -4.290000 3.763692 -2.933500
vn 1.0000 -0.0000 -0.0000
vn -0.0000 -0.0000 1.0000
vn -1.0000 -0.0000 -0.0000
vn -0.0000 -0.0000 -1.0000
vn -0.0000 -1.0000 -0.0000
vn -0.0000 1.0000 -0.0000
vt 0.625000 0.000000
vt 0.375000 0.250000
vt 0.375000 0.000000
vt 0.625000 0.250000
vt 0.375000 0.500000
vt 0.625000 0.500000
vt 0.375000 0.750000
vt 0.625000 0.750000
vt 0.375000 1.000000
vt 0.125000 0.750000
vt 0.125000 0.500000
vt 0.875000 0.500000
vt 0.625000 1.000000
vt 0.875000 0.750000
s 0
usemtl WalkFloor
f 2114/912/529 2115/913/529 2113/914/529
f 2116/915/530 2119/916/530 2115/913/530
f 2120/917/531 2117/918/531 2119/916/531
f 2118/919/532 2113/920/532 2117/918/532
f 2119/916/533 2113/921/533 2115/922/533
f 2116/923/534 2118/919/534 2120/917/534
f 2114/912/529 2116/915/529 2115/913/529
f 2116/915/530 2120/917/530 2119/916/530
f 2120/917/531 2118/919/531 2117/918/531
f 2118/919/532 2114/924/532 2113/920/532
f 2119/916/533 2117/918/533 2113/921/533
f 2116/923/534 2114/925/534 2118/919/534
o WalkApproach11
v 4.290000 -0.020000 -2.958500
v 4.290000 4.105846 -2.958500
v 4.290000 -0.020000 -2.253500
v 4.290000 4.105846 -2.253500
v -4.290000 -0.020000 -2.958500
v -4.290000 4.105846 -2.958500
v -4.290000 -0.020000 -2.253500
v -4.290000 4.105846 -2.253500
vn 1.0000 -0.0000 -0.0000
vn -0.0000 -0.0000 1.0000
vn -1.0000 -0.0000 -0.0000
vn -0.0000 -0.0000 -1.0000
vn -0.0000 -1.0000 -0.0000
vn -0.0000 1.0000 -0.0000
vt 0.625000 0.000000
vt 0.375000 0.250000
vt 0.375000 0.000000
vt 0.625000 0.250000
vt 0.375000 0.500000
vt 0.625000 0.500000
vt 0.375000 0.750000
vt 0.625000 0.750000
vt 0.375000 1.000000
vt 0.125000 0.750000
vt 0.125000 0.500000
vt 0.875000 0.500000
vt 0.625000 1.000000
vt 0.875000 0.750000
s 0
usemtl WalkFloor
f 2122/926/535 2123/927/535 2121/928/535
f 2124/929/536 2127/930/536 2123/927/536
f 2128/931/537 2125/932/537 2127/930/537
f 2126/933/538 2121/934/538 2125/932/538
f 2127/930/539 2121/935/539 2123/936/539
f 2124/937/540 2126/933/540 2128/931/540
f 2122/926/535 2124/929/535 2123/927/535
f 2124/929/536 2128/931/536 2127/930/536
f 2128/931/537 2126/933/537 2125/932/537
f 2126/933/538 2122/938/538 2121/934/538
f 2127/930/539 2125/932/539 2121/935/539
f 2124/937/540 2122/939/540 2126/933/540
o WalkApproach12
v 4.290000 -0.020000 -2.278500
v 4.290000 4.448000 -2.278500
v 4.290000 -0.020000 -1.573500
v 4.290000 4.448000 -1.573500
v -4.290000 -0.020000 -2.278500
v -4.290000 4.448000 -2.278500
v -4.290000 -0.020000 -1.573500
v -4.290000 4.448000 -1.573500
vn 1.0000 -0.0000 -0.0000
vn -0.0000 -0.0000 1.0000
vn -1.0000 -0.0000 -0.0000
vn -0.0000 -0.0000 -1.0000
vn -0.0000 -1.0000 -0.0000
vn -0.0000 1.0000 -0.0000
vt 0.625000 0.000000
vt 0.375000 0.250000
vt 0.375000 0.000000
vt 0.625000 0.250000
vt 0.375000 0.500000
vt 0.625000 0.500000
vt 0.375000 0.750000
vt 0.625000 0.750000
vt 0.375000 1.000000
vt 0.125000 0.750000
vt 0.125000 0.500000
vt 0.875000 0.500000
vt 0.625000 1.000000
vt 0.875000 0.750000
s 0
usemtl WalkFloor
f 2130/940/541 2131/941/541 2129/942/541
f 2132/943/542 2135/944/542 2131/941/542
f 2136/945/543 2133/946/543 2135/944/543
f 2134/947/544 2129/948/544 2133/946/544
f 2135/944/545 2129/949/545 2131/950/545
f 2132/951/546 2134/947/546 2136/945/546
f 2130/940/541 2132/943/541 2131/941/541
f 2132/943/542 2136/945/542 2135/944/542
f 2136/945/543 2134/947/543 2133/946/543
f 2134/947/544 2130/952/544 2129/948/544
f 2135/944/545 2133/946/545 2129/949/545
f 2132/951/546 2130/953/546 2134/947/546
o HouseDoorLeaf_L
v 4.130000 4.508000 -1.778500
v 4.130000 16.163000 -1.778500
v 4.130000 4.508000 -1.578500
v 4.130000 16.163000 -1.578500
v 0.075000 4.508000 -1.778500
v 0.075000 16.163000 -1.778500
v 0.075000 4.508000 -1.578500
v 0.075000 16.163000 -1.578500
vn 1.0000 -0.0000 -0.0000
vn -0.0000 -0.0000 1.0000
vn -1.0000 -0.0000 -0.0000
vn -0.0000 -0.0000 -1.0000
vn -0.0000 -1.0000 -0.0000
vn -0.0000 1.0000 -0.0000
vt 0.625000 0.000000
vt 0.375000 0.250000
vt 0.375000 0.000000
vt 0.625000 0.250000
vt 0.375000 0.500000
vt 0.625000 0.500000
vt 0.375000 0.750000
vt 0.625000 0.750000
vt 0.375000 1.000000
vt 0.125000 0.750000
vt 0.125000 0.500000
vt 0.875000 0.500000
vt 0.625000 1.000000
vt 0.875000 0.750000
s 0
usemtl WalkDoor
f 2138/954/547 2139/955/547 2137/956/547
f 2140/957/548 2143/958/548 2139/955/548
f 2144/959/549 2141/960/549 2143/958/549
f 2142/961/550 2137/962/550 2141/960/550
f 2143/958/551 2137/963/551 2139/964/551
f 2140/965/552 2142/961/552 2144/959/552
f 2138/954/547 2140/957/547 2139/955/547
f 2140/957/548 2144/959/548 2143/958/548
f 2144/959/549 2142/961/549 2141/960/549
f 2142/961/550 2138/966/550 2137/962/550
f 2143/958/551 2141/960/551 2137/963/551
f 2140/965/552 2138/967/552 2142/961/552
o HouseDoorLeaf_L_Panel
v 3.960000 4.728000 -1.813500
v 3.960000 15.933000 -1.813500
v 3.960000 4.728000 -1.783500
v 3.960000 15.933000 -1.783500
v 0.245000 4.728000 -1.813500
v 0.245000 15.933000 -1.813500
v 0.245000 4.728000 -1.783500
v 0.245000 15.933000 -1.783500
vn 1.0000 -0.0000 -0.0000
vn -0.0000 -0.0000 1.0000
vn -1.0000 -0.0000 -0.0000
vn -0.0000 -0.0000 -1.0000
vn -0.0000 -1.0000 -0.0000
vn -0.0000 1.0000 -0.0000
vt 0.625000 0.000000
vt 0.375000 0.250000
vt 0.375000 0.000000
vt 0.625000 0.250000
vt 0.375000 0.500000
vt 0.625000 0.500000
vt 0.375000 0.750000
vt 0.625000 0.750000
vt 0.375000 1.000000
vt 0.125000 0.750000
vt 0.125000 0.500000
vt 0.875000 0.500000
vt 0.625000 1.000000
vt 0.875000 0.750000
s 0
usemtl WalkTrim
f 2146/968/553 2147/969/553 2145/970/553
f 2148/971/554 2151/972/554 2147/969/554
f 2152/973/555 2149/974/555 2151/972/555
f 2150/975/556 2145/976/556 2149/974/556
f 2151/972/557 2145/977/557 2147/978/557
f 2148/979/558 2150/975/558 2152/973/558
f 2146/968/553 2148/971/553 2147/969/553
f 2148/971/554 2152/973/554 2151/972/554
f 2152/973/555 2150/975/555 2149/974/555
f 2150/975/556 2146/980/556 2145/976/556
f 2151/972/557 2149/974/557 2145/977/557
f 2148/979/558 2146/981/558 2150/975/558
o HouseDoorLeaf_L_Handle
v 0.380000 9.528450 -1.938500
v 0.380000 10.178450 -1.938500
v 0.380000 9.528450 -1.813500
v 0.380000 10.178450 -1.813500
v 0.250000 9.528450 -1.938500
v 0.250000 10.178450 -1.938500
v 0.250000 9.528450 -1.813500
v 0.250000 10.178450 -1.813500
vn 1.0000 -0.0000 -0.0000
vn -0.0000 -0.0000 1.0000
vn -1.0000 -0.0000 -0.0000
vn -0.0000 -0.0000 -1.0000
vn -0.0000 -1.0000 -0.0000
vn -0.0000 1.0000 -0.0000
vt 0.625000 0.000000
vt 0.375000 0.250000
vt 0.375000 0.000000
vt 0.625000 0.250000
vt 0.375000 0.500000
vt 0.625000 0.500000
vt 0.375000 0.750000
vt 0.625000 0.750000
vt 0.375000 1.000000
vt 0.125000 0.750000
vt 0.125000 0.500000
vt 0.875000 0.500000
vt 0.625000 1.000000
vt 0.875000 0.750000
s 0
usemtl WalkTrim
f 2154/982/559 2155/983/559 2153/984/559
f 2156/985/560 2159/986/560 2155/983/560
f 2160/987/561 2157/988/561 2159/986/561
f 2158/989/562 2153/990/562 2157/988/562
f 2159/986/563 2153/991/563 2155/992/563
f 2156/993/564 2158/989/564 2160/987/564
f 2154/982/559 2156/985/559 2155/983/559
f 2156/985/560 2160/987/560 2159/986/560
f 2160/987/561 2158/989/561 2157/988/561
f 2158/989/562 2154/994/562 2153/990/562
f 2159/986/563 2157/988/563 2153/991/563
f 2156/993/564 2154/995/564 2158/989/564
o HouseDoorLeaf_R
v -0.075000 4.508000 -1.778500
v -0.075000 16.163000 -1.778500
v -0.075000 4.508000 -1.578500
v -0.075000 16.163000 -1.578500
v -4.130000 4.508000 -1.778500
v -4.130000 16.163000 -1.778500
v -4.130000 4.508000 -1.578500
v -4.130000 16.163000 -1.578500
vn 1.0000 -0.0000 -0.0000
vn -0.0000 -0.0000 1.0000
vn -1.0000 -0.0000 -0.0000
vn -0.0000 -0.0000 -1.0000
vn -0.0000 -1.0000 -0.0000
vn -0.0000 1.0000 -0.0000
vt 0.625000 0.000000
vt 0.375000 0.250000
vt 0.375000 0.000000
vt 0.625000 0.250000
vt 0.375000 0.500000
vt 0.625000 0.500000
vt 0.375000 0.750000
vt 0.625000 0.750000
vt 0.375000 1.000000
vt 0.125000 0.750000
vt 0.125000 0.500000
vt 0.875000 0.500000
vt 0.625000 1.000000
vt 0.875000 0.750000
s 0
usemtl WalkDoor
f 2162/996/565 2163/997/565 2161/998/565
f 2164/999/566 2167/1000/566 2163/997/566
f 2168/1001/567 2165/1002/567 2167/1000/567
f 2166/1003/568 2161/1004/568 2165/1002/568
f 2167/1000/569 2161/1005/569 2163/1006/569
f 2164/1007/570 2166/1003/570 2168/1001/570
f 2162/996/565 2164/999/565 2163/997/565
f 2164/999/566 2168/1001/566 2167/1000/566
f 2168/1001/567 2166/1003/567 2165/1002/567
f 2166/1003/568 2162/1008/568 2161/1004/568
f 2167/1000/569 2165/1002/569 2161/1005/569
f 2164/1007/570 2162/1009/570 2166/1003/570
o HouseDoorLeaf_R_Panel
v -0.245000 4.728000 -1.813500
v -0.245000 15.933000 -1.813500
v -0.245000 4.728000 -1.783500
v -0.245000 15.933000 -1.783500
v -3.960000 4.728000 -1.813500
v -3.960000 15.933000 -1.813500
v -3.960000 4.728000 -1.783500
v -3.960000 15.933000 -1.783500
vn 1.0000 -0.0000 -0.0000
vn -0.0000 -0.0000 1.0000
vn -1.0000 -0.0000 -0.0000
vn -0.0000 -0.0000 -1.0000
vn -0.0000 -1.0000 -0.0000
vn -0.0000 1.0000 -0.0000
vt 0.625000 0.000000
vt 0.375000 0.250000
vt 0.375000 0.000000
vt 0.625000 0.250000
vt 0.375000 0.500000
vt 0.625000 0.500000
vt 0.375000 0.750000
vt 0.625000 0.750000
vt 0.375000 1.000000
vt 0.125000 0.750000
vt 0.125000 0.500000
vt 0.875000 0.500000
vt 0.625000 1.000000
vt 0.875000 0.750000
s 0
usemtl WalkTrim
f 2170/1010/571 2171/1011/571 2169/1012/571
f 2172/1013/572 2175/1014/572 2171/1011/572
f 2176/1015/573 2173/1016/573 2175/1014/573
f 2174/1017/574 2169/1018/574 2173/1016/574
f 2175/1014/575 2169/1019/575 2171/1020/575
f 2172/1021/576 2174/1017/576 2176/1015/576
f 2170/1010/571 2172/1013/571 2171/1011/571
f 2172/1013/572 2176/1015/572 2175/1014/572
f 2176/1015/573 2174/1017/573 2173/1016/573
f 2174/1017/574 2170/1022/574 2169/1018/574
f 2175/1014/575 2173/1016/575 2169/1019/575
f 2172/1021/576 2170/1023/576 2174/1017/576
o HouseDoorLeaf_R_Handle
v -0.250000 9.528450 -1.938500
v -0.250000 10.178450 -1.938500
v -0.250000 9.528450 -1.813500
v -0.250000 10.178450 -1.813500
v -0.380000 9.528450 -1.938500
v -0.380000 10.178450 -1.938500
v -0.380000 9.528450 -1.813500
v -0.380000 10.178450 -1.813500
vn 1.0000 -0.0000 -0.0000
vn -0.0000 -0.0000 1.0000
vn -1.0000 -0.0000 -0.0000
vn -0.0000 -0.0000 -1.0000
vn -0.0000 -1.0000 -0.0000
vn -0.0000 1.0000 -0.0000
vt 0.625000 0.000000
vt 0.375000 0.250000
vt 0.375000 0.000000
vt 0.625000 0.250000
vt 0.375000 0.500000
vt 0.625000 0.500000
vt 0.375000 0.750000
vt 0.625000 0.750000
vt 0.375000 1.000000
vt 0.125000 0.750000
vt 0.125000 0.500000
vt 0.875000 0.500000
vt 0.625000 1.000000
vt 0.875000 0.750000
s 0
usemtl WalkTrim
f 2178/1024/577 2179/1025/577 2177/1026/577
f 2180/1027/578 2183/1028/578 2179/1025/578
f 2184/1029/579 2181/1030/579 2183/1028/579
f 2182/1031/580 2177/1032/580 2181/1030/580
f 2183/1028/581 2177/1033/581 2179/1034/581
f 2180/1035/582 2182/1031/582 2184/1029/582
f 2178/1024/577 2180/1027/577 2179/1025/577
f 2180/1027/578 2184/1029/578 2183/1028/578
f 2184/1029/579 2182/1031/579 2181/1030/579
f 2182/1031/580 2178/1036/580 2177/1032/580
f 2183/1028/581 2181/1030/581 2177/1033/581
f 2180/1035/582 2178/1037/582 2182/1031/582
o WalkEntryJamb-1
v 4.300000 4.448000 -1.868500
v 4.300000 16.423000 -1.868500
v 4.300000 4.448000 -1.528500
v 4.300000 16.423000 -1.528500
v 4.040000 4.448000 -1.868500
v 4.040000 16.423000 -1.868500
v 4.040000 4.448000 -1.528500
v 4.040000 16.423000 -1.528500
vn 1.0000 -0.0000 -0.0000
vn -0.0000 -0.0000 1.0000
vn -1.0000 -0.0000 -0.0000
vn -0.0000 -0.0000 -1.0000
vn -0.0000 -1.0000 -0.0000
vn -0.0000 1.0000 -0.0000
vt 0.625000 0.000000
vt 0.375000 0.250000
vt 0.375000 0.000000
vt 0.625000 0.250000
vt 0.375000 0.500000
vt 0.625000 0.500000
vt 0.375000 0.750000
vt 0.625000 0.750000
vt 0.375000 1.000000
vt 0.125000 0.750000
vt 0.125000 0.500000
vt 0.875000 0.500000
vt 0.625000 1.000000
vt 0.875000 0.750000
s 0
usemtl WalkTrim
f 2186/1038/583 2187/1039/583 2185/1040/583
f 2188/1041/584 2191/1042/584 2187/1039/584
f 2192/1043/585 2189/1044/585 2191/1042/585
f 2190/1045/586 2185/1046/586 2189/1044/586
f 2191/1042/587 2185/1047/587 2187/1048/587
f 2188/1049/588 2190/1045/588 2192/1043/588
f 2186/1038/583 2188/1041/583 2187/1039/583
f 2188/1041/584 2192/1043/584 2191/1042/584
f 2192/1043/585 2190/1045/585 2189/1044/585
f 2190/1045/586 2186/1050/586 2185/1046/586
f 2191/1042/587 2189/1044/587 2185/1047/587
f 2188/1049/588 2186/1051/588 2190/1045/588
o WalkEntryJamb1
v -4.040000 4.448000 -1.868500
v -4.040000 16.423000 -1.868500
v -4.040000 4.448000 -1.528500
v -4.040000 16.423000 -1.528500
v -4.300000 4.448000 -1.868500
v -4.300000 16.423000 -1.868500
v -4.300000 4.448000 -1.528500
v -4.300000 16.423000 -1.528500
vn 1.0000 -0.0000 -0.0000
vn -0.0000 -0.0000 1.0000
vn -1.0000 -0.0000 -0.0000
vn -0.0000 -0.0000 -1.0000
vn -0.0000 -1.0000 -0.0000
vn -0.0000 1.0000 -0.0000
vt 0.625000 0.000000
vt 0.375000 0.250000
vt 0.375000 0.000000
vt 0.625000 0.250000
vt 0.375000 0.500000
vt 0.625000 0.500000
vt 0.375000 0.750000
vt 0.625000 0.750000
vt 0.375000 1.000000
vt 0.125000 0.750000
vt 0.125000 0.500000
vt 0.875000 0.500000
vt 0.625000 1.000000
vt 0.875000 0.750000
s 0
usemtl WalkTrim
f 2194/1052/589 2195/1053/589 2193/1054/589
f 2196/1055/590 2199/1056/590 2195/1053/590
f 2200/1057/591 2197/1058/591 2199/1056/591
f 2198/1059/592 2193/1060/592 2197/1058/592
f 2199/1056/593 2193/1061/593 2195/1062/593
f 2196/1063/594 2198/1059/594 2200/1057/594
f 2194/1052/589 2196/1055/589 2195/1053/589
f 2196/1055/590 2200/1057/590 2199/1056/590
f 2200/1057/591 2198/1059/591 2197/1058/591
f 2198/1059/592 2194/1064/592 2193/1060/592
f 2199/1056/593 2197/1058/593 2193/1061/593
f 2196/1063/594 2194/1065/594 2198/1059/594
o WalkEntryHeader
v 4.300000 16.263000 -1.868500
v 4.300000 16.513000 -1.868500
v 4.300000 16.263000 -1.528500
v 4.300000 16.513000 -1.528500
v -4.300000 16.263000 -1.868500
v -4.300000 16.513000 -1.868500
v -4.300000 16.263000 -1.528500
v -4.300000 16.513000 -1.528500
vn 1.0000 -0.0000 -0.0000
vn -0.0000 -0.0000 1.0000
vn -1.0000 -0.0000 -0.0000
vn -0.0000 -0.0000 -1.0000
vn -0.0000 -1.0000 -0.0000
vn -0.0000 1.0000 -0.0000
vt 0.625000 0.000000
vt 0.375000 0.250000
vt 0.375000 0.000000
vt 0.625000 0.250000
vt 0.375000 0.500000
vt 0.625000 0.500000
vt 0.375000 0.750000
vt 0.625000 0.750000
vt 0.375000 1.000000
vt 0.125000 0.750000
vt 0.125000 0.500000
vt 0.875000 0.500000
vt 0.625000 1.000000
vt 0.875000 0.750000
s 0
usemtl WalkTrim
f 2202/1066/595 2203/1067/595 2201/1068/595
f 2204/1069/596 2207/1070/596 2203/1067/596
f 2208/1071/597 2205/1072/597 2207/1070/597
f 2206/1073/598 2201/1074/598 2205/1072/598
f 2207/1070/599 2201/1075/599 2203/1076/599
f 2204/1077/600 2206/1073/600 2208/1071/600
f 2202/1066/595 2204/1069/595 2203/1067/595
f 2204/1069/596 2208/1071/596 2207/1070/596
f 2208/1071/597 2206/1073/597 2205/1072/597
f 2206/1073/598 2202/1078/598 2201/1074/598
f 2207/1070/599 2205/1072/599 2201/1075/599
f 2204/1077/600 2202/1079/600 2206/1073/600
o HullCourses
v 20.432999 3.405500 11.898400
v 18.389700 2.710500 5.982560
v 4.215000 4.128000 3.780000
v 13.894441 1.181500 3.336000
v -14.711760 1.112000 3.336000
v -20.432999 1.112000 5.671200
v -20.432999 1.112000 16.724480
v -14.711760 1.112000 18.904001
v 13.894441 1.181500 18.904001
v 18.389700 2.710500 16.179600
v 26.271000 6.380100 12.120800
v 23.643900 5.685100 4.514720
v 17.864281 4.156100 1.112000
v -18.915119 4.086600 1.112000
v -26.271000 4.086600 4.114400
v -26.271000 4.086600 18.325760
v -18.915119 4.086600 21.128000
v 17.864281 4.156100 21.128000
v 23.643900 5.685100 17.625200
v 18.892063 4.428000 4.048522
v 18.892063 4.428000 19.599998
v 19.600000 4.615285 6.071199
v 19.600000 4.615285 19.599998
v 19.600000 4.439461 2.640000
v 19.575567 4.428000 2.640000
v 19.600000 4.428000 2.672989
v 19.600000 4.615285 2.640000
v 18.892063 4.428000 2.640000
v 19.600000 4.428000 19.528830
v 19.600000 4.452358 19.599998
v 19.548393 4.428000 19.599998
v 4.215000 4.130308 1.112000
v 4.215000 4.130308 3.780000
v 2.993803 4.128000 3.780000
v 2.993803 4.128000 1.112000
v 4.215000 4.128000 1.113721
v 26.271000 6.387050 12.120800
v 23.643900 5.692050 17.625200
v 23.643900 5.692050 4.514720
v 26.271000 6.491300 12.120800
v 23.643900 5.796300 4.514720
v 23.643900 5.796300 17.625200
v 17.864281 4.267300 21.128000
v -4.215000 4.128000 3.780000
v 17.864281 4.267300 1.112000
v -18.915119 4.197800 1.112000
v 17.864281 4.163050 1.112000
v -18.915119 4.093550 1.112000
v 17.864281 4.163050 21.128000
v -18.915119 4.093550 21.128000
v -18.915119 4.197800 21.128000
v -26.271000 4.197800 18.325760
v -26.271000 4.197800 4.114400
v -26.271000 4.093550 4.114400
v -26.271000 4.093550 18.325760
v 18.471727 4.428000 2.847564
v 18.471727 4.428000 19.599998
v 19.600000 4.726485 6.071199
v 19.600000 4.726485 19.599998
v 19.600000 4.726485 2.640000
v 18.471727 4.428000 2.640000
v 19.600000 4.622235 2.640000
v 18.865793 4.428000 3.973465
v 18.865793 4.428000 2.640000
v 19.600000 4.622235 6.071199
v 18.865793 4.428000 19.599998
v 19.600000 4.622235 19.599998
v 4.215000 4.241508 1.112000
v 4.215000 4.241508 3.780000
v -4.215000 4.225578 3.780000
v -4.215000 4.225578 1.112000
v -4.215000 4.183911 1.112000
v 4.215000 4.175946 1.112000
v -0.684049 4.128000 1.112000
v 4.215000 4.137258 1.112000
v -4.215000 4.128000 1.112000
v 4.215000 4.137258 3.780000
v -0.684049 4.128000 3.780000
v 26.271000 6.463500 12.120800
v 23.643900 5.768500 17.625200
v 23.643900 5.768500 4.514720
v 28.606199 10.272099 12.209761
v -19.600000 4.428000 2.640000
v 25.745579 9.577100 3.927584
v 25.745579 9.577100 18.203440
v 19.452215 8.048100 22.017599
v -19.600000 4.428000 19.599998
v 19.452215 8.048100 0.222400
v -20.596464 7.978600 0.222400
v 17.864281 4.239500 1.112000
v -18.915119 4.170000 1.112000
v -26.271000 4.170000 4.114400
v 17.864281 4.239500 21.128000
v -18.915119 4.170000 21.128000
v -26.271000 4.170000 18.325760
v -20.596464 7.978600 22.017599
v -28.606199 7.978600 18.966272
v -28.606199 7.978600 3.491680
v 19.600000 8.084004 2.640000
v 19.600000 8.084004 19.599998
v 19.452215 8.048100 2.640000
v 19.452215 8.048100 19.599998
v -16.154125 7.986309 2.640000
v 15.009872 8.040391 19.599998
v -19.600000 7.980329 2.640000
v -19.600000 7.980329 19.599998
v 18.576811 4.428000 3.147804
v 18.576811 4.428000 19.599998
v 19.600000 4.698685 6.071199
v 19.600000 4.698685 19.599998
v 19.600000 4.698685 2.640000
v 18.576811 4.428000 2.640000
v 4.215000 6.507950 0.575696
v 4.215000 8.021657 0.222400
v -4.215000 8.007028 0.222400
v -4.215000 5.655861 0.771157
v 4.215000 8.021657 2.640000
v -4.215000 8.007028 2.640000
v -4.215000 4.197778 1.112000
v 4.215000 4.213707 1.112000
v 4.215000 4.213707 3.780000
v -4.215000 4.197778 3.780000
v -4.215000 4.428000 2.640000
v 4.215000 4.428000 2.640000
v 4.215000 4.428000 3.780000
v -4.215000 4.428000 3.780000
v 28.606199 10.279050 12.209761
v 25.745579 9.584050 18.203440
v 25.745579 9.584050 3.927584
v 28.606199 10.383300 12.209761
v 25.745579 9.688299 3.927584
v 25.745579 9.688299 18.203440
v 19.452215 8.159300 22.017599
v 19.452215 8.159300 0.222400
v -20.596464 8.089800 0.222400
v 19.452215 8.055050 0.222400
v -20.596464 7.985550 0.222400
v 19.452215 8.055050 22.017599
v -20.596464 7.985550 22.017599
v -20.596464 8.089800 22.017599
v -28.606199 8.089800 18.966272
v -28.606199 8.089800 3.491680
v -28.606199 7.985550 3.491680
v -28.606199 7.985550 18.966272
v 19.600000 8.195205 2.640000
v 19.600000 8.195205 19.599998
v 19.452215 8.159300 2.640000
v 19.452215 8.159300 19.599998
v -16.154125 8.097509 2.640000
v 15.009872 8.151590 19.599998
v -16.154125 7.993259 2.640000
v 15.009872 8.047341 19.599998
v 19.452215 8.055050 2.640000
v 19.452215 8.055050 19.599998
v 19.600000 8.090955 2.640000
v 19.600000 8.090955 19.599998
v -19.600000 7.987279 2.640000
v -19.600000 7.987279 19.599998
v -19.600000 8.091530 2.640000
v -19.600000 8.091530 19.599998
v -4.215000 8.118229 0.222400
v 4.215000 8.132857 0.222400
v 4.215000 8.132857 2.640000
v -4.215000 8.118229 2.640000
v -4.215000 8.075586 0.222400
v 4.215000 8.068272 0.222400
v 4.215000 8.028607 0.222400
v -4.215000 8.013978 0.222400
v 4.215000 8.028607 2.640000
v -4.215000 8.013978 2.640000
v 28.606199 10.355499 12.209761
v 25.745579 9.660500 18.203440
v 25.745579 9.660500 3.927584
v 29.190001 14.025100 12.232000
v 26.271000 13.330100 3.780800
v 26.271000 13.330100 18.348000
v 19.849199 11.801100 22.240000
v 19.849199 11.801100 0.000000
v -21.016800 11.731599 0.000000
v 19.452215 8.131500 0.222400
v -20.596464 8.062000 0.222400
v -28.606199 8.062000 3.491680
v 19.452215 8.131500 22.017599
v -20.596464 8.062000 22.017599
v -28.606199 8.062000 18.966272
v -21.016800 11.731599 22.240000
v -29.190001 11.731599 19.126400
v -29.190001 11.731599 3.336000
v 19.600000 11.800675 2.640000
v -16.165800 11.739850 2.640000
v 14.998197 11.792849 19.599998
v 19.600000 11.800675 19.599998
v -16.154125 8.069709 2.640000
v 15.009872 8.123791 19.599998
v 19.452215 8.131500 2.640000
v 19.452215 8.131500 19.599998
v -19.600000 8.063729 2.640000
v -19.600000 8.063729 19.599998
v -19.600000 11.734009 2.640000
v -19.600000 11.734009 19.599998
v 19.600000 8.167404 2.640000
v 19.600000 8.167404 19.599998
v 4.215000 10.355758 0.085968
v 4.215000 11.774510 0.000000
v -4.215000 11.760174 0.000000
v -4.215000 9.576425 0.132323
v -4.215000 11.760174 2.640000
v 4.215000 11.774510 2.640000
v 4.215000 8.105057 0.222400
v -4.215000 8.090428 0.222400
v 4.215000 8.105057 2.640000
v -4.215000 8.090428 2.640000
v 29.190001 14.032050 12.232000
v 26.271000 13.337050 18.348000
v 26.271000 13.337050 3.780800
v 29.190001 14.136300 12.232000
v 26.271000 13.441300 3.780800
v 26.271000 13.441300 18.348000
v 19.849199 11.912299 22.240000
v 19.849199 11.912299 0.000000
v -21.016800 11.842800 0.000000
v 19.849199 11.808050 0.000000
v -21.016800 11.738549 0.000000
v 19.849199 11.808050 22.240000
v -21.016800 11.738549 22.240000
v -21.016800 11.842800 22.240000
v -29.190001 11.842800 19.126400
v -29.190001 11.842800 3.336000
v -29.190001 11.738549 3.336000
v -29.190001 11.738549 19.126400
v 19.600000 11.911876 2.640000
v -16.165800 11.851049 2.640000
v 14.998197 11.904050 19.599998
v 19.600000 11.911876 19.599998
v 19.600000 11.807626 2.640000
v -16.165800 11.746800 2.640000
v 14.998197 11.799799 19.599998
v 19.600000 11.807626 19.599998
v -19.600000 11.740959 2.640000
v -19.600000 11.740959 19.599998
v -19.600000 11.845210 2.640000
v -19.600000 11.845210 19.599998
v 4.215000 11.885711 0.000000
v -4.215000 11.871374 0.000000
v -4.215000 11.871374 2.640000
v 4.215000 11.885711 2.640000
v -4.215000 11.828513 0.000000
v 4.215000 11.821344 0.000000
v 4.215000 11.781461 0.000000
v -4.215000 11.767124 0.000000
v 4.215000 11.781461 2.640000
v -4.215000 11.767124 2.640000
v 29.190001 14.108500 12.232000
v 26.271000 13.413499 18.348000
v 26.271000 13.413499 3.780800
v 29.190001 17.917101 12.232000
v 26.271000 17.222101 3.780800
v 26.271000 17.222101 18.348000
v 19.849199 15.693100 22.240000
v 19.849199 15.693100 0.000000
v -21.016800 15.623599 0.000000
v 19.849199 11.884501 0.000000
v -21.016800 11.815000 0.000000
v 19.849199 11.884501 22.240000
v -21.016800 11.815000 22.240000
v -21.016800 15.623599 22.240000
v -29.190001 15.623599 19.126400
v -29.190001 15.623599 3.336000
v -29.190001 11.815000 3.336000
v -29.190001 11.815000 19.126400
v 19.600000 15.692676 2.640000
v -16.165800 15.631850 2.640000
v 14.998197 15.684849 19.599998
v 19.600000 15.692676 19.599998
v 19.600000 11.884076 2.640000
v -16.165800 11.823251 2.640000
v 14.998197 11.876249 19.599998
v 19.600000 11.884076 19.599998
v -19.600000 11.817410 2.640000
v -19.600000 11.817410 19.599998
v -19.600000 15.626010 2.640000
v -19.600000 15.626010 19.599998
v 4.215000 15.666511 0.000000
v -4.215000 15.652174 0.000000
v -4.215000 15.652174 2.640000
v 4.215000 15.666511 2.640000
v 4.215000 13.314977 0.000000
v -4.215000 14.086293 0.000000
v 4.215000 11.857911 0.000000
v -4.215000 11.843575 0.000000
v 4.215000 11.857911 2.640000
v -4.215000 11.843575 2.640000
v 29.190001 17.924051 12.232000
v 26.271000 17.229050 18.348000
v 26.271000 17.229050 3.780800
v 29.190001 18.028299 12.232000
v 26.271000 17.333300 3.780800
v 26.271000 17.333300 18.348000
v 19.849199 15.804299 22.240000
v 19.849199 15.804299 0.000000
v -21.016800 15.734799 0.000000
v 19.849199 15.700050 0.000000
v -21.016800 15.630549 0.000000
v 19.849199 15.700050 22.240000
v -21.016800 15.630549 22.240000
v -21.016800 15.734799 22.240000
v -29.190001 15.734799 19.126400
v -29.190001 15.734799 3.336000
v -29.190001 15.630549 3.336000
v -29.190001 15.630549 19.126400
v 19.600000 15.803876 2.640000
v -16.165800 15.743050 2.640000
v 14.998197 15.796049 19.599998
v 19.600000 15.803876 19.599998
v 19.600000 15.699626 2.640000
v -16.165800 15.638801 2.640000
v 14.998197 15.691799 19.599998
v 19.600000 15.699626 19.599998
v -19.600000 15.632959 2.640000
v -19.600000 15.632959 19.599998
v -19.600000 15.737209 2.640000
v -19.600000 15.737209 19.599998
v 4.215000 15.777711 0.000000
v -4.215000 15.763374 0.000000
v -4.215000 15.763374 2.640000
v 4.215000 15.777711 2.640000
v -4.215000 15.720512 0.000000
v 4.215000 15.713345 0.000000
v 4.215000 15.673461 0.000000
v -4.215000 15.659124 0.000000
v 4.215000 15.673461 2.640000
v -4.215000 15.659124 2.640000
v 29.190001 18.000500 12.232000
v 26.271000 17.305500 18.348000
v 19.600000 17.514999 2.640000
v 26.271000 17.305500 3.780800
v 29.190001 20.836100 12.232000
v 19.600000 17.514999 19.599998
v 26.271000 20.141100 3.780800
v 26.271000 20.141100 18.348000
v -19.600000 17.514999 2.640000
v 19.849199 18.612101 22.240000
v 19.849199 18.612101 0.000000
v -19.600000 17.514999 19.599998
v -21.016800 18.542601 0.000000
v 19.849199 15.776501 0.000000
v -21.016800 15.707000 0.000000
v 19.849199 15.776501 22.240000
v -21.016800 15.707000 22.240000
v -21.016800 18.542601 22.240000
v -29.190001 18.542601 19.126400
v -29.190001 18.542601 3.336000
v -29.190001 15.707000 3.336000
v -29.190001 15.707000 19.126400
v 19.600000 15.776076 2.640000
v -16.165800 15.715251 2.640000
v 14.998197 15.768250 19.599998
v 19.600000 15.776076 19.599998
v -19.600000 15.709410 2.640000
v -19.600000 15.709410 19.599998
v 4.215000 16.503000 0.000000
v 4.215000 15.749911 0.000000
v -4.215000 16.503000 0.000000
v -4.215000 15.735575 0.000000
v 4.215000 15.749911 2.640000
v -4.215000 15.735575 2.640000
v 4.215000 16.503000 2.640000
v -4.215000 16.503000 2.640000
v 29.190001 20.843050 12.232000
v 26.271000 20.148050 18.348000
v 26.271000 20.148050 3.780800
v 29.190001 20.947300 12.232000
v 26.271000 20.252300 3.780800
v 26.271000 20.252300 18.348000
v 19.849199 18.723301 22.240000
v 19.849199 18.723301 0.000000
v -21.016800 18.653799 0.000000
v 19.849199 18.619051 0.000000
v -21.016800 18.549551 0.000000
v 19.849199 18.619051 22.240000
v -21.016800 18.549551 22.240000
v -21.016800 18.653799 22.240000
v -29.190001 18.653799 19.126400
v -29.190001 18.653799 3.336000
v -29.190001 18.549551 3.336000
v -29.190001 18.549551 19.126400
vn 0.0024 -1.0000 -0.0000
vn -0.2558 0.9667 -0.0000
vn 0.4550 -0.8872 -0.0761
vn 0.4051 -0.8636 -0.3000
vn 0.0015 -0.6000 -0.8000
vn -0.2388 -0.7750 -0.5851
vn -0.4540 -0.8910 -0.0000
vn -0.2277 -0.7687 0.5977
vn 0.0011 -0.5978 0.8017
vn 0.4625 -0.8366 0.2935
vn 0.4734 -0.8769 0.0836
vn 0.3220 -0.9467 -0.0000
vn -0.0000 -1.0000 -0.0000
vn -0.0019 1.0000 -0.0000
vn -0.0000 1.0000 -0.0000
vn 0.4785 -0.8759 -0.0624
vn 0.4599 -0.8365 -0.2979
vn 0.0011 -0.5978 -0.8017
vn 0.0015 -0.6000 0.8000
vn 0.4077 -0.8639 0.2957
vn 0.4485 -0.8879 0.1020
vn -1.0000 -0.0000 -0.0000
vn -0.0000 -0.0000 -1.0000
vn -0.0000 -0.0000 1.0000
vn 0.2558 -0.9667 -0.0000
vn 0.9025 -0.0000 0.4307
vn 0.9452 -0.0000 -0.3265
vn 0.5183 -0.0000 0.8552
vn 0.5073 -0.0000 -0.8617
vn 0.0019 -1.0000 -0.0000
vn -0.3560 -0.0000 0.9345
vn -0.3779 -0.0000 -0.9258
vn 1.0000 -0.0000 -0.0000
vn 0.8071 -0.4944 0.3228
vn 0.8332 -0.4971 -0.2423
vn 0.8028 -0.4998 0.3252
vn 0.8292 -0.5027 -0.2442
vn -0.2361 0.9717 -0.0000
vn 0.5435 -0.4110 0.7319
vn 0.5347 -0.4091 -0.7394
vn 0.0004 -0.2273 -0.9738
vn -0.0017 1.0000 -0.0000
vn 0.5413 -0.3986 -0.7403
vn 0.0004 -0.2276 -0.9737
vn -0.3529 -0.3577 -0.8646
vn 0.0004 -0.2276 0.9737
vn -0.3333 -0.3515 0.8749
vn 0.0004 -0.2273 0.9738
vn -0.8525 -0.5227 -0.0000
vn 0.5501 -0.4005 0.7328
vn 0.2361 -0.9717 -0.0000
vn 0.5074 -0.0000 -0.8617
vn 0.0017 -1.0000 -0.0000
vn 0.8994 -0.1450 0.4124
vn 0.9387 -0.1469 -0.3119
vn 0.8992 -0.1456 0.4126
vn 0.9386 -0.1474 -0.3120
vn -0.2316 0.9728 -0.0000
vn 0.5341 -0.1095 0.8383
vn 0.5234 -0.1088 -0.8451
vn 0.0001 -0.0605 -0.9982
vn 0.5237 -0.1079 -0.8450
vn -0.3760 -0.0989 -0.9213
vn 0.0001 -0.0605 0.9982
vn -0.3543 -0.0970 0.9301
vn -0.9876 -0.1571 -0.0000
vn 0.5344 -0.1086 0.8382
vn 0.2316 -0.9728 -0.0000
vn -0.3779 -0.0000 -0.9259
vn 0.0011 -0.5978 -0.8016
vt 0.000000 0.000000
vt 0.378578 0.000000
vt 0.375219 0.000000
vt 0.375000 0.000486
vt 0.378578 0.250000
vt 0.375000 0.250329
vt 0.375000 0.254515
vt 0.375000 0.999844
vt 0.378578 1.000000
vt 0.375000 0.995485
vt 0.125000 0.501049
vt 0.125000 0.749514
vt 0.129515 0.729238
vt 0.375047 0.250000
vt 0.375000 0.143833
vt 0.375000 0.250000
vt 0.375000 0.286216
vt 0.125000 0.606167
vt 0.161216 0.500000
vt 0.125000 0.500000
vt 0.378710 0.050578
vt 0.380702 0.050578
vt 0.378710 0.000000
vt 0.375000 0.254682
vt 0.380702 0.250000
vt 0.378710 0.250000
vt 0.380702 1.000000
vt 0.375000 0.995318
vt 0.378710 1.000000
vt 0.132196 0.500000
vt 0.129682 0.500000
vt 0.129682 0.730344
vt 0.377293 0.250000
vt 0.377293 0.143764
vt 0.375969 0.143764
vt 0.375000 0.395286
vt 0.376971 0.500000
vt 0.376130 0.606236
vt 0.376971 0.606236
vt 0.270286 0.606236
vt 0.375000 0.500000
vt 0.270286 0.500000
vt 0.444840 0.000000
vt 0.380171 0.000000
vt 0.380171 0.050578
vt 0.380171 0.250000
vt 0.375000 0.256525
vt 0.444154 0.250942
vt 0.375000 0.750000
vt 0.442860 0.500000
vt 0.443649 0.901881
vt 0.375000 0.901881
vt 0.375000 0.993475
vt 0.375000 0.848119
vt 0.443370 0.848119
vt 0.442974 0.771976
vt 0.131525 0.500000
vt 0.131525 0.742515
vt 0.223119 0.733196
vt 0.423080 0.122410
vt 0.376731 0.143764
vt 0.381061 0.204607
vt 0.376731 0.250000
vt 0.381061 0.500000
vt 0.381061 0.250000
vt 0.381061 0.545393
vt 0.405866 0.619807
vt 0.453364 0.545393
vt 0.446965 0.250000
vt 0.444973 0.000000
vt 0.444973 0.250000
vt 0.444140 0.279274
vt 0.442993 0.500000
vt 0.444984 0.500000
vt 0.442993 0.750000
vt 0.445774 0.901881
vt 0.443782 0.901881
vt 0.444287 0.999057
vt 0.443503 0.848119
vt 0.445494 0.848119
vt 0.445098 0.771976
vt 0.454601 0.108342
vt 0.453800 0.108342
vt 0.453800 0.204607
vt 0.453505 0.545393
vt 0.453505 0.641658
vt 0.454749 0.641658
vt 0.515840 0.250000
vt 0.446434 0.000000
vt 0.446434 0.250000
vt 0.445748 0.250942
vt 0.445600 0.279274
vt 0.515690 0.279348
vt 0.444453 0.750000
vt 0.514566 0.500000
vt 0.444453 0.500000
vt 0.515340 0.901881
vt 0.445243 0.901881
vt 0.445748 0.999058
vt 0.444567 0.771976
vt 0.444963 0.848119
vt 0.514678 0.771902
vt 0.500813 0.102909
vt 0.455345 0.204607
vt 0.529475 0.204607
vt 0.485069 0.645245
vt 0.529185 0.545393
vt 0.455049 0.545393
vt 0.517964 0.250000
vt 0.515972 0.000000
vt 0.515972 0.250000
vt 0.515823 0.279348
vt 0.514699 0.500000
vt 0.517814 0.279348
vt 0.514699 0.750000
vt 0.516690 0.500000
vt 0.515199 0.848119
vt 0.517190 0.848119
vt 0.516802 0.771902
vt 0.515972 1.000000
vt 0.517464 0.901881
vt 0.515473 0.901881
vt 0.530421 0.099486
vt 0.529615 0.099486
vt 0.529615 0.204607
vt 0.530566 0.650514
vt 0.531432 0.545393
vt 0.529326 0.545393
vt 0.590188 0.250000
vt 0.517433 0.000000
vt 0.517433 0.250000
vt 0.590039 0.279348
vt 0.516159 0.750000
vt 0.588915 0.500000
vt 0.516159 0.500000
vt 0.516271 0.771902
vt 0.516659 0.848119
vt 0.589026 0.771902
vt 0.517433 1.000000
vt 0.589688 0.901881
vt 0.516933 0.901881
vt 0.560595 0.099486
vt 0.531160 0.099486
vt 0.531160 0.204607
vt 0.530870 0.545393
vt 0.530870 0.650514
vt 0.576178 0.650514
vt 0.592313 0.250000
vt 0.590321 0.000000
vt 0.590321 0.250000
vt 0.592163 0.279348
vt 0.589048 0.750000
vt 0.591039 0.500000
vt 0.589048 0.500000
vt 0.589159 0.771902
vt 0.589547 0.848119
vt 0.591151 0.771902
vt 0.590321 1.000000
vt 0.591813 0.901881
vt 0.589821 0.901881
vt 0.609047 0.099486
vt 0.608242 0.099486
vt 0.608242 0.204607
vt 0.609192 0.650514
vt 0.610058 0.545393
vt 0.607952 0.545393
vt 0.625000 0.250000
vt 0.591781 0.000000
vt 0.591781 0.250000
vt 0.591632 0.279348
vt 0.625000 0.500000
vt 0.625000 0.750000
vt 0.590508 0.500000
vt 0.590508 0.750000
vt 0.625000 1.000000
vt 0.605668 0.848119
vt 0.875000 0.500000
vt 0.625000 0.204607
vt 0.609786 0.099486
vt 0.609786 0.204607
vt 0.625000 0.650514
vt 0.609496 0.545393
vt 0.609496 0.650514
vt 0.875000 0.650514
vt 0.625000 0.545393
vt 0.375000 0.248951
vt 0.378578 0.050578
vt 0.375465 0.250000
vt 0.375219 1.000000
vt 0.125156 0.750000
vt 0.129515 0.750000
vt 0.129515 0.500000
vt 0.125329 0.500000
vt 0.375047 0.143764
vt 0.161216 0.606236
vt 0.380702 0.000000
vt 0.375000 0.257196
vt 0.375000 0.992804
vt 0.129682 0.750000
vt 0.132196 0.746940
vt 0.132196 0.750000
vt 0.375187 0.143764
vt 0.375187 0.250000
vt 0.375000 0.606236
vt 0.444840 0.250000
vt 0.444007 0.279274
vt 0.442860 0.750000
vt 0.380171 1.000000
vt 0.444155 0.999057
vt 0.444840 1.000000
vt 0.276881 0.733196
vt 0.276881 0.750000
vt 0.131525 0.750000
vt 0.223119 0.750000
vt 0.453660 0.204607
vt 0.453660 0.108342
vt 0.376410 0.500000
vt 0.376410 0.606236
vt 0.453364 0.641658
vt 0.446965 0.000000
vt 0.446131 0.279274
vt 0.446279 0.250942
vt 0.444287 0.250942
vt 0.444984 0.750000
vt 0.444973 1.000000
vt 0.446279 0.999057
vt 0.446965 1.000000
vt 0.443107 0.771976
vt 0.455906 0.204607
vt 0.455906 0.108342
vt 0.455611 0.641658
vt 0.455611 0.545393
vt 0.515840 0.000000
vt 0.514566 0.750000
vt 0.446434 1.000000
vt 0.515840 1.000000
vt 0.515066 0.848119
vt 0.529475 0.099486
vt 0.455345 0.108342
vt 0.455049 0.641658
vt 0.529185 0.650514
vt 0.517964 0.000000
vt 0.516690 0.750000
vt 0.514810 0.771902
vt 0.517964 1.000000
vt 0.531721 0.204607
vt 0.531721 0.099486
vt 0.529326 0.650514
vt 0.531432 0.650514
vt 0.590188 0.000000
vt 0.517283 0.279348
vt 0.588915 0.750000
vt 0.589415 0.848119
vt 0.590188 1.000000
vt 0.608101 0.204607
vt 0.608101 0.099486
vt 0.607812 0.650514
vt 0.607812 0.545393
vt 0.592313 0.000000
vt 0.590172 0.279348
vt 0.591039 0.750000
vt 0.591539 0.848119
vt 0.592313 1.000000
vt 0.610348 0.204607
vt 0.610348 0.099486
vt 0.607952 0.650514
vt 0.610058 0.650514
vt 0.625000 0.000000
vt 0.605668 0.901881
vt 0.591282 0.901881
vt 0.591781 1.000000
vt 0.590620 0.771902
vt 0.591008 0.848119
vt 0.875000 0.750000
vt 0.625000 0.099486
vt 0.875000 0.545393
s 0
usemtl HullLight
f 2213/1080/601 2212/1080/601 2217/1080/601
f 2226/1080/602 2231/1080/602 2229/1080/602
f 2209/1080/603 2220/1080/603 2219/1080/603
f 2234/1080/604 2221/1080/604 2233/1080/604
f 2232/1080/604 2220/1080/604 2234/1080/604
f 2221/1080/605 2212/1080/605 2213/1080/605
f 2214/1080/606 2222/1080/606 2213/1080/606
f 2215/1080/607 2223/1080/607 2214/1080/607
f 2215/1080/608 2225/1080/608 2224/1080/608
f 2216/1080/609 2226/1080/609 2225/1080/609
f 2218/1080/610 2226/1080/610 2217/1080/610
f 2227/1080/611 2218/1080/611 2209/1080/611
f 2209/1080/612 2218/1080/612 2210/1080/612
f 2218/1080/612 2217/1080/612 2212/1080/612
f 2210/1080/612 2218/1080/612 2212/1080/612
f 2217/1080/601 2216/1080/601 2213/1080/601
f 2216/1080/613 2215/1080/613 2214/1080/613
f 2213/1080/613 2216/1080/613 2214/1080/613
f 2227/1080/602 2219/1080/602 2220/1080/602
f 2220/1080/602 2221/1080/602 2235/1080/602
f 2222/1080/614 2226/1080/614 2242/1080/614
f 2222/1080/615 2223/1080/615 2225/1080/615
f 2223/1080/615 2224/1080/615 2225/1080/615
f 2226/1080/614 2222/1080/614 2225/1080/614
f 2209/1080/616 2210/1080/616 2220/1080/616
f 2210/1080/617 2212/1080/617 2221/1080/617
f 2221/1080/618 2213/1080/618 2244/1080/618
f 2214/1080/606 2223/1080/606 2222/1080/606
f 2215/1080/607 2224/1080/607 2223/1080/607
f 2215/1080/608 2216/1080/608 2225/1080/608
f 2216/1080/619 2217/1080/619 2226/1080/619
f 2237/1080/620 2226/1080/620 2218/1080/620
f 2227/1080/620 2226/1080/620 2238/1080/620
f 2209/1080/621 2219/1080/621 2227/1080/621
f 2235/1081/622 2232/1082/622 2234/1083/622
f 2231/1084/623 2239/1085/623 2229/1086/623
f 2233/1087/624 2235/1088/624 2236/1089/624
f 2237/1090/615 2234/1091/615 2228/1092/615
f 2273/1100/622 2266/1101/622 2270/1102/622
f 2274/1103/623 2267/1104/623 2275/1105/623
f 2268/1106/624 2272/1107/624 2270/1108/624
f 2265/1109/615 2274/1110/615 2271/1111/615
f 2307/1122/622 2319/1123/622 2317/1124/622
f 2318/1125/623 2316/1126/623 2310/1127/623
f 2291/1128/633 2314/1129/633 2295/1120/633
f 2325/1130/624 2332/1131/624 2320/1132/624
f 2331/1133/624 2326/1134/624 2311/1135/624
f 2316/1136/615 2315/1137/615 2333/1138/615
f 2354/1148/622 2363/1149/622 2364/1150/622
f 2360/1151/623 2366/1152/623 2368/1153/623
f 2365/1154/633 2368/1153/633 2366/1152/633
f 2371/1155/624 2377/1156/624 2361/1157/624
f 2378/1158/624 2372/1159/624 2357/1160/624
f 2379/1080/651 2380/1080/651 2381/1080/651
f 2379/1080/654 2384/1080/654 2380/1080/654
f 2379/1080/655 2381/1080/655 2383/1080/655
f 2379/1080/656 2382/1080/656 2384/1080/656
f 2379/1080/657 2383/1080/657 2382/1080/657
f 2384/1080/658 2382/1080/658 2383/1080/658
f 2380/1080/659 2384/1080/659 2385/1080/659
f 2385/1080/658 2384/1080/658 2386/1080/658
f 2383/1080/658 2386/1080/658 2384/1080/658
f 2381/1080/660 2386/1080/660 2383/1080/660
f 2386/1080/661 2411/1080/661 2412/1080/661
f 2389/1080/661 2413/1080/661 2414/1080/661
f 2385/1080/642 2386/1080/642 2397/1080/642
f 2398/1080/642 2413/1080/642 2387/1080/642
f 2386/1080/662 2381/1080/662 2388/1080/662
f 2389/1080/661 2414/1080/661 2418/1080/661
f 2388/1080/661 2411/1080/661 2386/1080/661
f 2389/1080/613 2392/1080/613 2390/1080/613
f 2390/1080/663 2387/1080/663 2389/1080/663
f 2403/1080/653 2417/1080/653 2388/1080/653
f 2401/1080/653 2418/1080/653 2420/1080/653
f 2391/1080/653 2402/1080/653 2404/1080/653
f 2392/1080/653 2389/1080/653 2406/1080/653
f 2392/1080/664 2391/1080/664 2385/1080/664
f 2393/1080/665 2392/1080/665 2394/1080/665
f 2392/1080/613 2393/1080/613 2390/1080/613
f 2392/1080/664 2385/1080/664 2394/1080/664
f 2396/1080/615 2395/1080/615 2394/1080/615
f 2393/1080/665 2394/1080/665 2395/1080/665
f 2387/1080/642 2394/1080/642 2408/1080/642
f 2387/1080/615 2396/1080/615 2394/1080/615
f 2390/1080/663 2396/1080/663 2387/1080/663
f 2393/1080/666 2395/1080/666 2396/1080/666
f 2393/1080/666 2396/1080/666 2390/1080/666
f 2409/1080/651 2380/1080/651 2410/1080/651
f 2385/1080/667 2391/1080/667 2380/1080/667
f 2380/1080/651 2388/1080/651 2381/1080/651
f 2400/1167/622 2409/1168/622 2410/1169/622
f 2404/1170/623 2402/1171/623 2399/1172/623
f 2405/1173/633 2408/1174/633 2406/1175/633
f 2416/1176/624 2419/1177/624 2403/1178/624
f 2401/1179/624 2420/1180/624 2398/1181/624
f 2442/1188/622 2443/1189/622 2446/1190/622
f 2445/1191/623 2448/1192/623 2441/1193/623
f 2447/1194/633 2450/1195/633 2448/1192/633
f 2460/1196/624 2453/1197/624 2440/1198/624
f 2443/1199/624 2454/1200/624 2459/1201/624
f 2482/1208/622 2483/1209/622 2486/1210/622
f 2481/1211/623 2482/1208/623 2486/1210/623
f 2487/1212/633 2490/1213/633 2488/1214/633
f 2484/1215/624 2500/1216/624 2480/1217/624
f 2483/1218/624 2494/1219/624 2499/1220/624
f 2522/1227/622 2523/1228/622 2526/1229/622
f 2521/1230/623 2522/1227/623 2526/1229/623
f 2527/1231/633 2530/1232/633 2528/1233/633
f 2524/1234/624 2540/1235/624 2520/1236/624
f 2523/1237/624 2534/1238/624 2539/1239/624
f 2541/1080/668 2542/1080/668 2544/1080/668
f 2541/1080/626 2548/1080/626 2542/1080/626
f 2541/1080/627 2544/1080/627 2547/1080/627
f 2541/1080/626 2545/1080/626 2548/1080/626
f 2541/1080/627 2547/1080/627 2545/1080/627
f 2548/1080/658 2545/1080/658 2547/1080/658
f 2542/1080/628 2548/1080/628 2550/1080/628
f 2550/1080/658 2548/1080/658 2551/1080/658
f 2547/1080/658 2551/1080/658 2548/1080/658
f 2544/1080/629 2551/1080/629 2547/1080/629
f 2551/1080/642 2553/1080/642 2550/1080/642
f 2551/1080/623 2554/1080/623 2553/1080/623
f 2544/1080/629 2554/1080/629 2551/1080/629
f 2571/1080/623 2553/1080/623 2569/1080/623
f 2564/1080/653 2572/1080/653 2574/1080/653
f 2566/1080/653 2563/1080/653 2554/1080/653
f 2544/1080/668 2542/1080/668 2554/1080/668
f 2542/1080/668 2556/1080/668 2554/1080/668
f 2542/1080/628 2550/1080/628 2556/1080/628
f 2557/1080/653 2555/1080/653 2568/1080/653
f 2556/1080/624 2558/1080/624 2557/1080/624
f 2556/1080/624 2550/1080/624 2558/1080/624
f 2557/1080/631 2558/1080/631 2559/1080/631
f 2560/1080/615 2559/1080/615 2558/1080/615
f 2558/1080/642 2550/1080/642 2553/1080/642
f 2553/1080/615 2560/1080/615 2558/1080/615
f 2561/1080/632 2560/1080/632 2553/1080/632
f 2562/1080/622 2559/1080/622 2560/1080/622
f 2562/1080/622 2560/1080/622 2561/1080/622
f 2557/1080/613 2562/1080/613 2561/1080/613
f 2557/1080/631 2559/1080/631 2562/1080/631
f 2555/1080/613 2557/1080/613 2561/1080/613
f 2561/1080/632 2553/1080/632 2555/1080/632
f 2546/1246/622 2563/1247/622 2566/1248/622
f 2546/1246/623 2565/1249/623 2552/1250/623
f 2549/1251/633 2568/1252/633 2567/1253/633
f 2543/1254/624 2549/1251/624 2576/1255/624
f 2549/1251/613 2546/1256/613 2552/1250/613
f 2229/1080/602 2228/1080/602 2226/1080/602
f 2228/1080/602 2221/1080/602 2226/1080/602
f 2227/1080/602 2230/1080/602 2231/1080/602
f 2226/1080/602 2227/1080/602 2231/1080/602
f 2234/1080/604 2210/1080/604 2221/1080/604
f 2232/1080/604 2233/1080/604 2221/1080/604
f 2220/1080/604 2210/1080/604 2234/1080/604
f 2232/1080/604 2221/1080/604 2220/1080/604
f 2235/1080/602 2230/1080/602 2220/1080/602
f 2230/1080/602 2227/1080/602 2220/1080/602
f 2221/1080/602 2228/1080/602 2236/1080/602
f 2221/1080/602 2236/1080/602 2235/1080/602
f 2226/1080/614 2221/1080/614 2241/1080/614
f 2221/1080/614 2240/1080/614 2241/1080/614
f 2242/1080/614 2243/1080/614 2222/1080/614
f 2226/1080/614 2241/1080/614 2242/1080/614
f 2213/1080/618 2222/1080/618 2243/1080/618
f 2244/1080/670 2240/1080/670 2221/1080/670
f 2213/1080/618 2243/1080/618 2244/1080/618
f 2237/1080/620 2239/1080/620 2226/1080/620
f 2237/1080/620 2218/1080/620 2227/1080/620
f 2226/1080/620 2239/1080/620 2238/1080/620
f 2238/1080/620 2237/1080/620 2227/1080/620
f 2234/1083/622 2237/1265/622 2230/1266/622
f 2237/1265/622 2238/1267/622 2231/1084/622
f 2230/1266/622 2237/1265/622 2231/1084/622
f 2230/1266/622 2235/1081/622 2234/1083/622
f 2231/1084/623 2238/1267/623 2239/1085/623
f 2233/1087/624 2232/1268/624 2235/1088/624
f 2234/1091/615 2233/1269/615 2236/1270/615
f 2228/1092/615 2229/1271/615 2237/1090/615
f 2229/1271/615 2239/1272/615 2237/1090/615
f 2234/1091/615 2236/1270/615 2228/1092/615
f 2273/1100/622 2275/1105/622 2267/1104/622
f 2266/1101/622 2268/1275/622 2270/1102/622
f 2273/1100/622 2267/1104/622 2266/1101/622
f 2274/1103/623 2265/1276/623 2267/1104/623
f 2268/1106/624 2269/1277/624 2272/1107/624
f 2271/1111/615 2272/1278/615 2264/1279/615
f 2272/1278/615 2269/1280/615 2264/1279/615
f 2264/1279/615 2265/1109/615 2271/1111/615
f 2317/1124/622 2318/1125/622 2308/1284/622
f 2308/1284/622 2307/1122/622 2317/1124/622
f 2314/1129/623 2312/1285/623 2295/1120/623
f 2312/1285/623 2310/1127/623 2316/1126/623
f 2295/1120/623 2312/1285/623 2316/1126/623
f 2310/1127/623 2308/1284/623 2318/1125/623
f 2291/1128/633 2313/1286/633 2314/1129/633
f 2320/1132/624 2319/1287/624 2309/1288/624
f 2319/1287/624 2307/1289/624 2309/1288/624
f 2309/1288/624 2325/1130/624 2320/1132/624
f 2311/1135/624 2313/1286/624 2291/1128/624
f 2291/1128/624 2331/1133/624 2311/1135/624
f 2334/1290/615 2331/1291/615 2291/1128/615
f 2291/1128/615 2295/1120/615 2334/1290/615
f 2295/1120/615 2316/1136/615 2334/1290/615
f 2315/1137/615 2320/1292/615 2332/1293/615
f 2315/1137/615 2332/1293/615 2333/1138/615
f 2333/1138/615 2334/1290/615 2316/1136/615
f 2354/1148/622 2353/1299/622 2363/1149/622
f 2368/1153/623 2358/1300/623 2360/1151/623
f 2358/1300/623 2356/1301/623 2362/1302/623
f 2360/1151/623 2358/1300/623 2362/1302/623
f 2356/1301/623 2354/1148/623 2364/1150/623
f 2364/1150/623 2362/1302/623 2356/1301/623
f 2365/1154/633 2367/1303/633 2368/1153/633
f 2361/1157/624 2363/1304/624 2355/1305/624
f 2363/1304/624 2353/1306/624 2355/1305/624
f 2355/1305/624 2371/1155/624 2361/1157/624
f 2357/1160/624 2367/1303/624 2359/1307/624
f 2367/1303/624 2365/1154/624 2359/1307/624
f 2359/1307/624 2378/1158/624 2357/1160/624
f 2389/1080/661 2387/1080/661 2413/1080/661
f 2400/1080/642 2399/1080/642 2385/1080/642
f 2386/1080/642 2412/1080/642 2397/1080/642
f 2412/1080/642 2416/1080/642 2397/1080/642
f 2397/1080/642 2400/1080/642 2385/1080/642
f 2398/1080/642 2415/1080/642 2413/1080/642
f 2388/1080/661 2417/1080/661 2411/1080/661
f 2403/1080/653 2419/1080/653 2417/1080/653
f 2401/1080/653 2389/1080/653 2418/1080/653
f 2406/1080/653 2402/1080/653 2392/1080/653
f 2402/1080/653 2391/1080/653 2392/1080/653
f 2389/1080/653 2401/1080/653 2405/1080/653
f 2389/1080/653 2405/1080/653 2406/1080/653
f 2407/1080/642 2398/1080/642 2387/1080/642
f 2394/1080/642 2385/1080/642 2399/1080/642
f 2408/1080/642 2407/1080/642 2387/1080/642
f 2394/1080/642 2399/1080/642 2408/1080/642
f 2409/1080/651 2403/1080/651 2388/1080/651
f 2391/1080/651 2404/1080/651 2410/1080/651
f 2409/1080/651 2388/1080/651 2380/1080/651
f 2380/1080/651 2391/1080/651 2410/1080/651
f 2400/1167/622 2397/1312/622 2409/1168/622
f 2402/1171/623 2406/1175/623 2408/1174/623
f 2399/1172/623 2400/1167/623 2404/1170/623
f 2400/1167/623 2410/1169/623 2404/1170/623
f 2402/1171/623 2408/1174/623 2399/1172/623
f 2405/1173/633 2407/1313/633 2408/1174/633
f 2409/1314/624 2397/1315/624 2403/1178/624
f 2397/1315/624 2416/1176/624 2403/1178/624
f 2415/1316/624 2398/1181/624 2420/1180/624
f 2398/1181/624 2407/1313/624 2401/1179/624
f 2407/1313/624 2405/1173/624 2401/1179/624
f 2442/1188/622 2439/1321/622 2443/1189/622
f 2448/1192/623 2450/1195/623 2441/1193/623
f 2441/1193/623 2442/1188/623 2446/1190/623
f 2446/1190/623 2445/1191/623 2441/1193/623
f 2447/1194/633 2449/1322/633 2450/1195/633
f 2440/1198/624 2449/1322/624 2444/1323/624
f 2449/1322/624 2447/1194/624 2444/1323/624
f 2444/1323/624 2460/1196/624 2440/1198/624
f 2443/1199/624 2439/1324/624 2454/1200/624
f 2482/1208/622 2479/1329/622 2483/1209/622
f 2486/1210/623 2485/1330/623 2481/1211/623
f 2485/1330/623 2488/1214/623 2490/1213/623
f 2481/1211/623 2485/1330/623 2490/1213/623
f 2487/1212/633 2489/1331/633 2490/1213/633
f 2493/1332/624 2480/1217/624 2500/1216/624
f 2480/1217/624 2489/1331/624 2484/1215/624
f 2489/1331/624 2487/1212/624 2484/1215/624
f 2483/1218/624 2479/1333/624 2494/1219/624
f 2522/1227/622 2519/1338/622 2523/1228/622
f 2526/1229/623 2525/1339/623 2521/1230/623
f 2525/1339/623 2528/1233/623 2521/1230/623
f 2528/1233/623 2530/1232/623 2521/1230/623
f 2527/1231/633 2529/1340/633 2530/1232/633
f 2533/1341/624 2520/1236/624 2540/1235/624
f 2520/1236/624 2529/1340/624 2524/1234/624
f 2529/1340/624 2527/1231/624 2524/1234/624
f 2523/1237/624 2519/1342/624 2534/1238/624
f 2571/1080/623 2572/1080/623 2555/1080/623
f 2554/1080/623 2570/1080/623 2569/1080/623
f 2571/1080/623 2555/1080/623 2553/1080/623
f 2553/1080/623 2554/1080/623 2569/1080/623
f 2564/1080/653 2555/1080/653 2572/1080/653
f 2563/1080/653 2573/1080/653 2570/1080/653
f 2556/1080/653 2565/1080/653 2566/1080/653
f 2563/1080/653 2570/1080/653 2554/1080/653
f 2556/1080/653 2566/1080/653 2554/1080/653
f 2568/1080/653 2565/1080/653 2557/1080/653
f 2565/1080/653 2556/1080/653 2557/1080/653
f 2555/1080/653 2564/1080/653 2567/1080/653
f 2555/1080/653 2567/1080/653 2568/1080/653
f 2546/1246/622 2543/1347/622 2563/1247/622
f 2566/1248/623 2565/1249/623 2546/1246/623
f 2565/1249/623 2568/1252/623 2552/1250/623
f 2549/1251/633 2552/1250/633 2568/1252/633
f 2575/1348/624 2573/1349/624 2563/1350/624
f 2549/1251/624 2567/1253/624 2564/1351/624
f 2564/1351/624 2574/1352/624 2576/1255/624
f 2575/1348/624 2563/1350/624 2543/1254/624
f 2549/1251/624 2564/1351/624 2576/1255/624
f 2576/1255/624 2575/1348/624 2543/1254/624
f 2549/1251/613 2543/1353/613 2546/1256/613
usemtl HullDark
f 2245/1080/625 2246/1080/625 2247/1080/625
f 2245/1080/626 2250/1080/626 2246/1080/626
f 2245/1080/627 2247/1080/627 2249/1080/627
f 2245/1080/626 2248/1080/626 2250/1080/626
f 2245/1080/627 2249/1080/627 2248/1080/627
f 2250/1080/602 2248/1080/602 2249/1080/602
f 2250/1080/628 2251/1080/628 2246/1080/628
f 2265/1080/602 2251/1080/602 2267/1080/602
f 2249/1080/602 2253/1080/602 2268/1080/602
f 2249/1080/629 2247/1080/629 2253/1080/629
f 2254/1080/614 2251/1080/614 2278/1080/614
f 2254/1080/623 2279/1080/623 2280/1080/623
f 2255/1080/623 2276/1080/623 2253/1080/623
f 2247/1080/629 2255/1080/629 2253/1080/629
f 2255/1080/623 2283/1080/623 2281/1080/623
f 2284/1080/623 2282/1080/623 2256/1080/623
f 2257/1080/630 2286/1080/630 2285/1080/630
f 2255/1080/625 2247/1080/625 2270/1080/625
f 2275/1080/625 2257/1080/625 2274/1080/625
f 2246/1080/628 2251/1080/628 2257/1080/628
f 2257/1080/630 2258/1080/630 2256/1080/630
f 2257/1080/624 2259/1080/624 2258/1080/624
f 2257/1080/624 2251/1080/624 2259/1080/624
f 2258/1080/631 2259/1080/631 2260/1080/631
f 2261/1080/615 2260/1080/615 2259/1080/615
f 2251/1080/614 2254/1080/614 2259/1080/614
f 2254/1080/615 2261/1080/615 2259/1080/615
f 2262/1080/632 2261/1080/632 2254/1080/632
f 2263/1080/622 2260/1080/622 2261/1080/622
f 2263/1080/622 2261/1080/622 2262/1080/622
f 2258/1080/613 2263/1080/613 2262/1080/613
f 2258/1080/631 2260/1080/631 2263/1080/631
f 2256/1080/613 2258/1080/613 2262/1080/613
f 2262/1080/632 2254/1080/632 2256/1080/632
f 2335/1080/651 2336/1080/651 2337/1080/651
f 2335/1080/626 2340/1080/626 2336/1080/626
f 2335/1080/627 2337/1080/627 2339/1080/627
f 2335/1080/626 2338/1080/626 2340/1080/626
f 2335/1080/627 2339/1080/627 2338/1080/627
f 2340/1080/638 2338/1080/638 2339/1080/638
f 2340/1080/628 2341/1080/628 2336/1080/628
f 2354/1080/638 2340/1080/638 2353/1080/638
f 2340/1080/638 2339/1080/638 2342/1080/638
f 2339/1080/652 2337/1080/652 2342/1080/652
f 2357/1080/642 2369/1080/642 2343/1080/642
f 2342/1080/642 2371/1080/642 2355/1080/642
f 2341/1080/642 2356/1080/642 2358/1080/642
f 2343/1080/623 2369/1080/623 2373/1080/623
f 2344/1080/623 2370/1080/623 2342/1080/623
f 2337/1080/629 2344/1080/629 2342/1080/629
f 2344/1080/623 2375/1080/623 2374/1080/623
f 2343/1080/623 2376/1080/623 2345/1080/623
f 2361/1080/653 2375/1080/653 2344/1080/653
f 2359/1080/653 2376/1080/653 2378/1080/653
f 2346/1080/653 2360/1080/653 2362/1080/653
f 2336/1080/651 2344/1080/651 2337/1080/651
f 2363/1080/651 2336/1080/651 2364/1080/651
f 2336/1080/628 2341/1080/628 2346/1080/628
f 2347/1080/653 2345/1080/653 2366/1080/653
f 2346/1080/624 2348/1080/624 2347/1080/624
f 2346/1080/624 2341/1080/624 2348/1080/624
f 2347/1080/631 2348/1080/631 2349/1080/631
f 2350/1080/615 2349/1080/615 2348/1080/615
f 2343/1080/642 2348/1080/642 2368/1080/642
f 2343/1080/615 2350/1080/615 2348/1080/615
f 2351/1080/632 2350/1080/632 2343/1080/632
f 2352/1080/622 2349/1080/622 2350/1080/622
f 2352/1080/622 2350/1080/622 2351/1080/622
f 2347/1080/613 2352/1080/613 2351/1080/613
f 2347/1080/631 2349/1080/631 2352/1080/631
f 2345/1080/613 2347/1080/613 2351/1080/613
f 2351/1080/632 2343/1080/632 2345/1080/632
f 2421/1080/668 2422/1080/668 2423/1080/668
f 2421/1080/626 2426/1080/626 2422/1080/626
f 2421/1080/627 2423/1080/627 2425/1080/627
f 2421/1080/626 2424/1080/626 2426/1080/626
f 2421/1080/627 2425/1080/627 2424/1080/627
f 2426/1080/658 2424/1080/658 2425/1080/658
f 2422/1080/628 2426/1080/628 2427/1080/628
f 2427/1080/658 2426/1080/658 2428/1080/658
f 2425/1080/658 2428/1080/658 2426/1080/658
f 2423/1080/629 2428/1080/629 2425/1080/629
f 2427/1080/642 2428/1080/642 2439/1080/642
f 2440/1080/642 2452/1080/642 2429/1080/642
f 2429/1080/623 2452/1080/623 2455/1080/623
f 2430/1080/623 2451/1080/623 2428/1080/623
f 2423/1080/652 2430/1080/652 2428/1080/652
f 2430/1080/623 2457/1080/623 2456/1080/623
f 2429/1080/623 2458/1080/623 2431/1080/623
f 2444/1080/653 2458/1080/653 2460/1080/653
f 2446/1080/653 2443/1080/653 2430/1080/653
f 2423/1080/668 2422/1080/668 2430/1080/668
f 2422/1080/668 2432/1080/668 2430/1080/668
f 2422/1080/628 2427/1080/628 2432/1080/628
f 2447/1080/653 2448/1080/653 2433/1080/653
f 2432/1080/624 2434/1080/624 2433/1080/624
f 2432/1080/624 2427/1080/624 2434/1080/624
f 2433/1080/631 2434/1080/631 2435/1080/631
f 2436/1080/615 2435/1080/615 2434/1080/615
f 2429/1080/642 2434/1080/642 2450/1080/642
f 2429/1080/615 2436/1080/615 2434/1080/615
f 2437/1080/632 2436/1080/632 2429/1080/632
f 2438/1080/622 2435/1080/622 2436/1080/622
f 2438/1080/622 2436/1080/622 2437/1080/622
f 2433/1080/613 2438/1080/613 2437/1080/613
f 2433/1080/631 2435/1080/631 2438/1080/631
f 2431/1080/613 2433/1080/613 2437/1080/613
f 2437/1080/632 2429/1080/632 2431/1080/632
f 2501/1080/668 2502/1080/668 2503/1080/668
f 2501/1080/626 2506/1080/626 2502/1080/626
f 2501/1080/627 2503/1080/627 2505/1080/627
f 2501/1080/626 2504/1080/626 2506/1080/626
f 2501/1080/627 2505/1080/627 2504/1080/627
f 2506/1080/658 2504/1080/658 2505/1080/658
f 2502/1080/628 2506/1080/628 2507/1080/628
f 2507/1080/658 2506/1080/658 2508/1080/658
f 2505/1080/658 2508/1080/658 2506/1080/658
f 2503/1080/652 2508/1080/652 2505/1080/652
f 2507/1080/642 2508/1080/642 2519/1080/642
f 2520/1080/642 2532/1080/642 2509/1080/642
f 2509/1080/623 2532/1080/623 2535/1080/623
f 2510/1080/623 2531/1080/623 2508/1080/623
f 2503/1080/629 2510/1080/629 2508/1080/629
f 2510/1080/623 2537/1080/623 2536/1080/623
f 2509/1080/623 2538/1080/623 2511/1080/623
f 2524/1080/653 2538/1080/653 2540/1080/653
f 2526/1080/653 2523/1080/653 2510/1080/653
f 2503/1080/668 2502/1080/668 2510/1080/668
f 2502/1080/668 2512/1080/668 2510/1080/668
f 2502/1080/628 2507/1080/628 2512/1080/628
f 2513/1080/653 2511/1080/653 2528/1080/653
f 2512/1080/624 2514/1080/624 2513/1080/624
f 2512/1080/624 2507/1080/624 2514/1080/624
f 2513/1080/631 2514/1080/631 2515/1080/631
f 2516/1080/615 2515/1080/615 2514/1080/615
f 2514/1080/642 2521/1080/642 2530/1080/642
f 2509/1080/615 2516/1080/615 2514/1080/615
f 2517/1080/632 2516/1080/632 2509/1080/632
f 2518/1080/622 2515/1080/622 2516/1080/622
f 2518/1080/622 2516/1080/622 2517/1080/622
f 2513/1080/613 2518/1080/613 2517/1080/613
f 2513/1080/631 2515/1080/631 2518/1080/631
f 2511/1080/613 2513/1080/613 2517/1080/613
f 2517/1080/632 2509/1080/632 2511/1080/632
f 2577/1080/668 2578/1080/668 2579/1080/668
f 2577/1080/626 2582/1080/626 2578/1080/626
f 2577/1080/627 2579/1080/627 2581/1080/627
f 2577/1080/626 2580/1080/626 2582/1080/626
f 2577/1080/627 2581/1080/627 2580/1080/627
f 2582/1080/658 2580/1080/658 2581/1080/658
f 2578/1080/628 2582/1080/628 2583/1080/628
f 2583/1080/658 2582/1080/658 2584/1080/658
f 2581/1080/658 2584/1080/658 2582/1080/658
f 2579/1080/652 2584/1080/652 2581/1080/652
f 2584/1080/642 2585/1080/642 2583/1080/642
f 2586/1080/623 2585/1080/623 2584/1080/623
f 2579/1080/652 2586/1080/652 2584/1080/652
f 2586/1080/623 2587/1080/623 2585/1080/623
f 2587/1080/653 2586/1080/653 2588/1080/653
f 2579/1080/668 2578/1080/668 2586/1080/668
f 2578/1080/668 2588/1080/668 2586/1080/668
f 2578/1080/628 2583/1080/628 2588/1080/628
f 2588/1080/653 2589/1080/653 2587/1080/653
f 2588/1080/624 2590/1080/624 2589/1080/624
f 2588/1080/624 2583/1080/624 2590/1080/624
f 2589/1080/631 2590/1080/631 2591/1080/631
f 2592/1080/615 2591/1080/615 2590/1080/615
f 2590/1080/642 2583/1080/642 2585/1080/642
f 2585/1080/615 2592/1080/615 2590/1080/615
f 2593/1080/632 2592/1080/632 2585/1080/632
f 2594/1080/622 2591/1080/622 2592/1080/622
f 2594/1080/622 2592/1080/622 2593/1080/622
f 2589/1080/613 2594/1080/613 2593/1080/613
f 2589/1080/631 2591/1080/631 2594/1080/631
f 2587/1080/613 2589/1080/613 2593/1080/613
f 2593/1080/669 2585/1080/669 2587/1080/669
f 2265/1080/602 2264/1080/602 2251/1080/602
f 2264/1080/602 2253/1080/602 2251/1080/602
f 2250/1080/602 2266/1080/602 2267/1080/602
f 2251/1080/602 2250/1080/602 2267/1080/602
f 2268/1080/602 2266/1080/602 2249/1080/602
f 2266/1080/602 2250/1080/602 2249/1080/602
f 2253/1080/602 2264/1080/602 2269/1080/602
f 2253/1080/602 2269/1080/602 2268/1080/602
f 2251/1080/614 2253/1080/614 2277/1080/614
f 2253/1080/614 2276/1080/614 2277/1080/614
f 2278/1080/614 2279/1080/614 2254/1080/614
f 2251/1080/614 2277/1080/614 2278/1080/614
f 2255/1080/623 2281/1080/623 2276/1080/623
f 2256/1080/623 2254/1080/623 2284/1080/623
f 2254/1080/623 2280/1080/623 2284/1080/623
f 2285/1080/630 2283/1080/630 2255/1080/630
f 2256/1080/630 2282/1080/630 2286/1080/630
f 2285/1080/630 2255/1080/630 2257/1080/630
f 2257/1080/630 2256/1080/630 2286/1080/630
f 2272/1080/625 2271/1080/625 2255/1080/625
f 2247/1080/625 2246/1080/625 2273/1080/625
f 2270/1080/625 2272/1080/625 2255/1080/625
f 2247/1080/625 2273/1080/625 2270/1080/625
f 2275/1080/625 2273/1080/625 2246/1080/625
f 2257/1080/625 2255/1080/625 2271/1080/625
f 2257/1080/625 2271/1080/625 2274/1080/625
f 2275/1080/625 2246/1080/625 2257/1080/625
f 2354/1080/638 2356/1080/638 2341/1080/638
f 2342/1080/638 2355/1080/638 2353/1080/638
f 2354/1080/638 2341/1080/638 2340/1080/638
f 2340/1080/638 2342/1080/638 2353/1080/638
f 2357/1080/642 2372/1080/642 2369/1080/642
f 2342/1080/642 2370/1080/642 2371/1080/642
f 2344/1080/623 2374/1080/623 2370/1080/623
f 2343/1080/623 2373/1080/623 2376/1080/623
f 2361/1080/653 2377/1080/653 2375/1080/653
f 2359/1080/653 2345/1080/653 2376/1080/653
f 2363/1080/651 2361/1080/651 2344/1080/651
f 2346/1080/651 2362/1080/651 2364/1080/651
f 2363/1080/651 2344/1080/651 2336/1080/651
f 2336/1080/651 2346/1080/651 2364/1080/651
f 2366/1080/653 2360/1080/653 2347/1080/653
f 2360/1080/653 2346/1080/653 2347/1080/653
f 2345/1080/653 2359/1080/653 2365/1080/653
f 2345/1080/653 2365/1080/653 2366/1080/653
f 2367/1080/642 2357/1080/642 2343/1080/642
f 2348/1080/642 2341/1080/642 2358/1080/642
f 2368/1080/642 2367/1080/642 2343/1080/642
f 2348/1080/642 2358/1080/642 2368/1080/642
f 2442/1080/642 2441/1080/642 2427/1080/642
f 2428/1080/642 2451/1080/642 2439/1080/642
f 2451/1080/642 2454/1080/642 2439/1080/642
f 2439/1080/642 2442/1080/642 2427/1080/642
f 2440/1080/642 2453/1080/642 2452/1080/642
f 2430/1080/623 2456/1080/623 2451/1080/623
f 2429/1080/623 2455/1080/623 2458/1080/623
f 2444/1080/653 2431/1080/653 2458/1080/653
f 2443/1080/653 2459/1080/653 2457/1080/653
f 2432/1080/653 2445/1080/653 2446/1080/653
f 2443/1080/653 2457/1080/653 2430/1080/653
f 2432/1080/653 2446/1080/653 2430/1080/653
f 2448/1080/653 2445/1080/653 2433/1080/653
f 2445/1080/653 2432/1080/653 2433/1080/653
f 2431/1080/653 2444/1080/653 2447/1080/653
f 2431/1080/653 2447/1080/653 2433/1080/653
f 2449/1080/642 2440/1080/642 2429/1080/642
f 2434/1080/642 2427/1080/642 2441/1080/642
f 2450/1080/642 2449/1080/642 2429/1080/642
f 2434/1080/642 2441/1080/642 2450/1080/642
f 2522/1080/642 2521/1080/642 2507/1080/642
f 2508/1080/642 2531/1080/642 2519/1080/642
f 2531/1080/642 2534/1080/642 2519/1080/642
f 2519/1080/642 2522/1080/642 2507/1080/642
f 2520/1080/642 2533/1080/642 2532/1080/642
f 2510/1080/623 2536/1080/623 2531/1080/623
f 2509/1080/623 2535/1080/623 2538/1080/623
f 2524/1080/653 2511/1080/653 2538/1080/653
f 2523/1080/653 2539/1080/653 2537/1080/653
f 2512/1080/653 2525/1080/653 2526/1080/653
f 2523/1080/653 2537/1080/653 2510/1080/653
f 2512/1080/653 2526/1080/653 2510/1080/653
f 2528/1080/653 2525/1080/653 2513/1080/653
f 2525/1080/653 2512/1080/653 2513/1080/653
f 2511/1080/653 2524/1080/653 2527/1080/653
f 2511/1080/653 2527/1080/653 2528/1080/653
f 2529/1080/642 2520/1080/642 2509/1080/642
f 2514/1080/642 2507/1080/642 2521/1080/642
f 2530/1080/642 2529/1080/642 2514/1080/642
f 2529/1080/642 2509/1080/642 2514/1080/642
usemtl Hull
f 2287/1080/625 2288/1080/625 2289/1080/625
f 2287/1080/634 2293/1080/634 2288/1080/634
f 2287/1080/635 2289/1080/635 2292/1080/635
f 2287/1080/636 2290/1080/636 2293/1080/636
f 2287/1080/637 2292/1080/637 2290/1080/637
f 2293/1080/638 2290/1080/638 2292/1080/638
f 2293/1080/639 2294/1080/639 2288/1080/639
f 2308/1080/638 2293/1080/638 2307/1080/638
f 2293/1080/638 2292/1080/638 2296/1080/638
f 2292/1080/640 2289/1080/640 2296/1080/640
f 2296/1080/641 2321/1080/641 2322/1080/641
f 2323/1080/641 2299/1080/641 2297/1080/641
f 2311/1080/642 2323/1080/642 2297/1080/642
f 2296/1080/642 2325/1080/642 2309/1080/642
f 2294/1080/642 2310/1080/642 2312/1080/642
f 2296/1080/643 2289/1080/643 2298/1080/643
f 2299/1080/644 2324/1080/644 2327/1080/644
f 2298/1080/644 2321/1080/644 2296/1080/644
f 2299/1080/613 2302/1080/613 2300/1080/613
f 2297/1080/645 2299/1080/645 2300/1080/645
f 2301/1080/630 2330/1080/630 2329/1080/630
f 2301/1080/630 2302/1080/630 2299/1080/630
f 2302/1080/646 2301/1080/646 2294/1080/646
f 2304/1080/647 2303/1080/647 2302/1080/647
f 2302/1080/613 2303/1080/613 2300/1080/613
f 2302/1080/648 2294/1080/648 2304/1080/648
f 2306/1080/615 2305/1080/615 2304/1080/615
f 2303/1080/647 2304/1080/647 2305/1080/647
f 2304/1080/642 2312/1080/642 2314/1080/642
f 2297/1080/615 2306/1080/615 2304/1080/615
f 2300/1080/645 2306/1080/645 2297/1080/645
f 2303/1080/649 2305/1080/649 2306/1080/649
f 2303/1080/649 2306/1080/649 2300/1080/649
f 2318/1080/625 2301/1080/625 2316/1080/625
f 2294/1080/650 2301/1080/650 2288/1080/650
f 2298/1080/625 2289/1080/625 2319/1080/625
f 2461/1080/668 2462/1080/668 2463/1080/668
f 2461/1080/626 2466/1080/626 2462/1080/626
f 2461/1080/627 2463/1080/627 2465/1080/627
f 2461/1080/626 2464/1080/626 2466/1080/626
f 2461/1080/627 2465/1080/627 2464/1080/627
f 2466/1080/658 2464/1080/658 2465/1080/658
f 2462/1080/628 2466/1080/628 2467/1080/628
f 2467/1080/658 2466/1080/658 2468/1080/658
f 2465/1080/658 2468/1080/658 2466/1080/658
f 2463/1080/629 2468/1080/629 2465/1080/629
f 2467/1080/642 2468/1080/642 2479/1080/642
f 2480/1080/642 2492/1080/642 2469/1080/642
f 2469/1080/623 2492/1080/623 2496/1080/623
f 2468/1080/623 2495/1080/623 2491/1080/623
f 2463/1080/629 2470/1080/629 2468/1080/629
f 2470/1080/623 2497/1080/623 2495/1080/623
f 2496/1080/623 2471/1080/623 2469/1080/623
f 2484/1080/653 2498/1080/653 2500/1080/653
f 2486/1080/653 2483/1080/653 2470/1080/653
f 2463/1080/668 2462/1080/668 2470/1080/668
f 2462/1080/668 2472/1080/668 2470/1080/668
f 2462/1080/628 2467/1080/628 2472/1080/628
f 2473/1080/653 2471/1080/653 2488/1080/653
f 2472/1080/624 2474/1080/624 2473/1080/624
f 2472/1080/624 2467/1080/624 2474/1080/624
f 2473/1080/631 2474/1080/631 2475/1080/631
f 2476/1080/615 2475/1080/615 2474/1080/615
f 2469/1080/642 2474/1080/642 2490/1080/642
f 2469/1080/615 2476/1080/615 2474/1080/615
f 2477/1080/632 2476/1080/632 2469/1080/632
f 2478/1080/622 2475/1080/622 2476/1080/622
f 2478/1080/622 2476/1080/622 2477/1080/622
f 2473/1080/613 2478/1080/613 2477/1080/613
f 2473/1080/631 2475/1080/631 2478/1080/631
f 2471/1080/613 2473/1080/613 2477/1080/613
f 2477/1080/632 2469/1080/632 2471/1080/632
f 2308/1080/638 2310/1080/638 2294/1080/638
f 2296/1080/638 2309/1080/638 2307/1080/638
f 2308/1080/638 2294/1080/638 2293/1080/638
f 2293/1080/638 2296/1080/638 2307/1080/638
f 2323/1080/641 2324/1080/641 2299/1080/641
f 2311/1080/642 2326/1080/642 2323/1080/642
f 2296/1080/642 2322/1080/642 2325/1080/642
f 2298/1080/644 2328/1080/644 2321/1080/644
f 2329/1080/630 2328/1080/630 2298/1080/630
f 2299/1080/630 2327/1080/630 2330/1080/630
f 2329/1080/630 2298/1080/630 2301/1080/630
f 2301/1080/630 2299/1080/630 2330/1080/630
f 2313/1080/642 2311/1080/642 2297/1080/642
f 2304/1080/642 2294/1080/642 2312/1080/642
f 2314/1080/642 2313/1080/642 2304/1080/642
f 2313/1080/642 2297/1080/642 2304/1080/642
f 2318/1080/625 2317/1080/625 2288/1080/625
f 2301/1080/625 2298/1080/625 2315/1080/625
f 2301/1080/625 2315/1080/625 2316/1080/625
f 2318/1080/625 2288/1080/625 2301/1080/625
f 2320/1080/625 2315/1080/625 2298/1080/625
f 2289/1080/625 2288/1080/625 2317/1080/625
f 2319/1080/625 2320/1080/625 2298/1080/625
f 2289/1080/625 2317/1080/625 2319/1080/625
f 2482/1080/642 2481/1080/642 2467/1080/642
f 2468/1080/642 2491/1080/642 2479/1080/642
f 2491/1080/642 2494/1080/642 2479/1080/642
f 2479/1080/642 2482/1080/642 2467/1080/642
f 2480/1080/642 2493/1080/642 2492/1080/642
f 2468/1080/623 2470/1080/623 2495/1080/623
f 2496/1080/623 2498/1080/623 2471/1080/623
f 2484/1080/653 2471/1080/653 2498/1080/653
f 2483/1080/653 2499/1080/653 2497/1080/653
f 2472/1080/653 2485/1080/653 2486/1080/653
f 2483/1080/653 2497/1080/653 2470/1080/653
f 2472/1080/653 2486/1080/653 2470/1080/653
f 2488/1080/653 2485/1080/653 2473/1080/653
f 2485/1080/653 2472/1080/653 2473/1080/653
f 2471/1080/653 2484/1080/653 2487/1080/653
f 2471/1080/653 2487/1080/653 2488/1080/653
f 2489/1080/642 2480/1080/642 2469/1080/642
f 2474/1080/642 2467/1080/642 2481/1080/642
f 2490/1080/642 2489/1080/642 2469/1080/642
f 2474/1080/642 2481/1080/642 2490/1080/642
usemtl WalkWall
f 2241/1093/622 2244/1094/622 2211/1095/622
f 2241/1093/623 2211/1095/623 2242/1096/623
f 2244/1097/615 2242/1098/615 2211/1099/615
f 2277/1112/622 2276/1113/622 2281/1114/622
f 2277/1112/623 2286/1115/623 2278/1116/623
f 2280/1117/633 2279/1118/633 2278/1116/633
f 2282/1119/615 2252/1120/615 2286/1121/615
f 2321/1139/622 2328/1140/622 2332/1141/622
f 2329/1142/623 2334/1143/623 2333/1144/623
f 2331/1145/633 2324/1146/633 2326/1147/633
f 2374/1161/622 2375/1162/622 2377/1163/622
f 2378/1164/633 2376/1165/633 2373/1166/633
f 2411/1182/622 2419/1183/622 2416/1184/622
f 2414/1185/633 2415/1186/633 2420/1187/633
f 2456/1202/622 2457/1203/622 2459/1204/622
f 2455/1205/633 2453/1206/633 2460/1207/633
f 2495/1221/622 2497/1222/622 2499/1223/622
f 2500/1224/633 2498/1225/633 2496/1226/633
f 2536/1240/622 2537/1241/622 2539/1242/622
f 2535/1243/633 2533/1244/633 2540/1245/633
f 2575/1257/622 2570/1258/622 2573/1259/622
f 2571/1260/633 2574/1261/633 2572/1262/633
f 2569/1263/613 2576/1264/613 2571/1260/613
f 2241/1093/622 2240/1273/622 2244/1094/622
f 2244/1097/615 2243/1274/615 2242/1098/615
f 2283/1281/622 2285/1282/622 2281/1114/622
f 2285/1282/622 2277/1112/622 2281/1114/622
f 2285/1282/623 2286/1115/623 2277/1112/623
f 2286/1115/623 2252/1120/623 2278/1116/623
f 2278/1116/633 2252/1120/633 2280/1117/633
f 2252/1120/633 2284/1283/633 2280/1117/633
f 2282/1119/615 2284/1283/615 2252/1120/615
f 2325/1294/622 2322/1295/622 2321/1139/622
f 2328/1140/622 2329/1142/622 2332/1141/622
f 2329/1142/622 2333/1144/622 2332/1141/622
f 2332/1141/622 2325/1294/622 2321/1139/622
f 2329/1142/623 2330/1296/623 2334/1143/623
f 2334/1143/633 2330/1296/633 2331/1145/633
f 2330/1296/633 2327/1297/633 2331/1145/633
f 2327/1297/633 2324/1146/633 2331/1145/633
f 2324/1146/633 2323/1298/633 2326/1147/633
f 2377/1163/622 2371/1308/622 2374/1161/622
f 2371/1308/622 2370/1309/622 2374/1161/622
f 2373/1166/633 2369/1310/633 2372/1311/633
f 2372/1311/633 2378/1164/633 2373/1166/633
f 2416/1184/622 2412/1317/622 2411/1182/622
f 2411/1182/622 2417/1318/622 2419/1183/622
f 2420/1187/633 2418/1319/633 2414/1185/633
f 2414/1185/633 2413/1320/633 2415/1186/633
f 2459/1204/622 2454/1325/622 2456/1202/622
f 2454/1325/622 2451/1326/622 2456/1202/622
f 2460/1207/633 2458/1327/633 2455/1205/633
f 2455/1205/633 2452/1328/633 2453/1206/633
f 2499/1223/622 2494/1334/622 2495/1221/622
f 2494/1334/622 2491/1335/622 2495/1221/622
f 2496/1226/633 2492/1336/633 2493/1337/633
f 2493/1337/633 2500/1224/633 2496/1226/633
f 2539/1242/622 2534/1343/622 2536/1240/622
f 2534/1343/622 2531/1344/622 2536/1240/622
f 2540/1245/633 2538/1345/633 2535/1243/633
f 2535/1243/633 2532/1346/633 2533/1244/633
f 2575/1257/622 2569/1354/622 2570/1258/622
f 2571/1260/633 2576/1264/633 2574/1261/633
f 2569/1263/613 2575/1355/613 2576/1264/613
o HullTrim
v 27.146700 6.602500 12.154160
v 24.432030 5.907500 4.294544
v 18.459757 4.378500 0.778400
v -19.545624 4.309000 0.778400
v -27.146700 4.309000 3.880880
v -19.600000 4.428000 2.640000
v -27.146700 4.309000 18.565952
v -19.600000 4.428000 19.599998
v -19.545624 4.309000 21.461599
v 18.459757 4.378500 21.461599
v 24.432030 5.907500 17.842041
v 27.146700 6.991700 12.154160
v 24.432030 6.296700 4.294544
v 18.459757 4.767700 0.778400
v -19.545624 4.698200 0.778400
v -27.146700 4.698200 3.880880
v -27.146700 4.698200 18.565952
v -19.545624 4.698200 21.461599
v 18.459757 4.767700 21.461599
v 24.432030 6.296700 17.842041
v 19.600000 5.059621 4.036240
v 19.600000 5.059621 19.599998
v 18.459757 4.767700 19.599998
v 18.459757 4.767700 2.640000
v 19.111317 4.934510 2.640000
v 18.653105 4.428000 2.640000
v 18.653105 4.428000 19.599998
v 19.111317 4.545310 2.640000
v 19.600000 4.670421 4.036240
v 19.600000 4.670421 19.599998
v 19.600000 4.670421 2.640000
v 19.600000 5.059621 2.640000
v -16.124933 4.704455 2.640000
v 15.039065 4.761445 19.599998
v -19.600000 4.698200 2.640000
v -19.600000 4.698200 19.599998
v -19.545624 4.698200 2.640000
v -19.545624 4.698200 19.599998
v 4.215000 4.352451 0.778400
v 4.215000 4.352451 3.780000
v -4.215000 4.337035 3.780000
v -4.215000 4.337035 0.778400
v 4.215000 4.498326 0.778400
v -4.215000 4.726235 0.778400
v -4.215000 4.569240 0.778400
v 4.215000 4.741651 0.778400
v 4.215000 4.741651 2.640000
v -4.215000 4.726235 2.640000
v 4.215000 4.428000 2.640000
v -4.215000 4.428000 2.640000
v 4.215000 4.428000 3.780000
v -4.215000 4.428000 3.780000
v 29.394329 17.166500 12.239784
v 26.454899 16.471500 18.398596
v 26.454899 16.471500 3.729425
v 29.394329 17.555700 12.239784
v 26.454899 16.860701 3.729425
v 26.454899 16.860701 18.398596
v 19.988144 15.331699 22.317839
v 19.988144 15.331699 -0.077840
v -21.163918 15.262199 -0.077840
v 19.988144 14.942500 -0.077840
v -21.163918 14.872999 -0.077840
v 19.988144 14.942500 22.317839
v -21.163918 14.872999 22.317839
v -21.163918 15.262199 22.317839
v -29.394329 15.262199 19.182444
v -29.394329 15.262199 3.281512
v -29.394329 14.872999 3.281512
v -29.394329 14.872999 19.182444
v 19.600000 15.331043 2.640000
v -16.169886 15.270634 2.640000
v 14.994111 15.323265 19.599998
v 19.600000 15.331043 19.599998
v 19.600000 14.941844 2.640000
v -16.169886 14.881434 2.640000
v 14.994111 14.934065 19.599998
v 19.600000 14.941844 19.599998
v -19.600000 14.875640 2.640000
v -19.600000 14.875640 19.599998
v -19.600000 15.264840 2.640000
v -19.600000 15.264840 19.599998
v 4.215000 15.305061 -0.077840
v -4.215000 15.290823 -0.077840
v -4.215000 15.290824 2.640000
v 4.215000 15.305060 2.640000
v 4.215000 15.065038 -0.077840
v -4.215000 15.130527 -0.077840
v 4.215000 14.915862 -0.077840
v -4.215000 14.901624 -0.077840
v 4.215000 14.915860 2.640000
v -4.215000 14.901625 2.640000
v 29.394329 21.058498 12.239784
v 26.454899 20.363499 18.398596
v 26.454899 20.363499 3.729425
v 29.394329 21.447701 12.239784
v 26.454899 20.752701 3.729425
v 26.454899 20.752701 18.398596
v 19.988144 19.223700 22.317839
v 19.988144 19.223700 -0.077840
v -21.163918 19.154200 -0.077840
v 19.988144 18.834499 -0.077840
v -21.163918 18.764999 -0.077840
v 19.988144 18.834499 22.317839
v -21.163918 18.764999 22.317839
v -21.163918 19.154200 22.317839
v -29.394329 19.154200 19.182444
v -29.394329 19.154200 3.281512
v -29.394329 18.764999 3.281512
v -29.394329 18.764999 19.182444
v 19.571199 11.884499 -0.444800
v 19.571199 11.884499 -0.375300
v 19.348801 11.884499 -0.444800
v 19.571199 18.417500 -0.444800
v 19.348801 11.884499 -0.375300
v 19.348801 11.815000 -0.375300
v 19.348801 11.884499 -0.125100
v 19.279299 11.884499 -0.375300
v 19.348801 18.417500 -0.375300
v 19.348801 11.815000 -0.125100
v 19.279299 18.417500 -0.375300
v 19.279299 18.417500 -0.125100
v 19.279299 11.884499 -0.125100
v 19.348801 18.417500 -0.125100
v 19.348801 18.487000 -0.125100
v 19.348801 18.417500 -0.055600
v 19.571199 18.417500 -0.125100
v 19.348801 18.487000 -0.375300
v 19.571199 18.417500 -0.055600
v 19.571199 11.884499 -0.055600
v 19.571199 11.884499 -0.125100
v 19.348801 11.884499 -0.055600
v 19.640699 11.884499 -0.125100
v 19.571199 11.815000 -0.125100
v 19.571199 11.815000 -0.375300
v 19.640699 18.417500 -0.125100
v 19.640699 18.417500 -0.375300
v 19.640699 11.884499 -0.375300
v 19.571199 18.417500 -0.375300
v 19.571199 18.487000 -0.375300
v 19.571199 18.487000 -0.125100
v 19.348801 18.417500 -0.444800
v 19.571199 11.884499 22.295601
v 19.571199 11.884499 22.365101
v 19.348801 11.884499 22.295601
v 19.571199 18.417500 22.295601
v 19.348801 11.884499 22.365101
v 19.348801 11.815000 22.365101
v 19.348801 11.884499 22.615301
v 19.279299 11.884499 22.365101
v 19.348801 18.417500 22.365101
v 19.348801 11.815000 22.615301
v 19.279299 18.417500 22.365101
v 19.279299 18.417500 22.615301
v 19.279299 11.884499 22.615301
v 19.348801 18.417500 22.615301
v 19.348801 18.487000 22.615301
v 19.348801 18.417500 22.684799
v 19.571199 18.417500 22.615301
v 19.348801 18.487000 22.365101
v 19.571199 18.417500 22.684799
v 19.571199 11.884499 22.684799
v 19.571199 11.884499 22.615301
v 19.348801 11.884499 22.684799
v 19.640699 11.884499 22.615301
v 19.571199 11.815000 22.615301
v 19.571199 11.815000 22.365101
v 19.640699 18.417500 22.615301
v 19.640699 18.417500 22.365101
v 19.640699 11.884499 22.365101
v 19.571199 18.417500 22.365101
v 19.571199 18.487000 22.365101
v 19.571199 18.487000 22.615301
v 19.348801 18.417500 22.295601
v 12.621200 11.884499 -0.444800
v 12.621200 11.884499 -0.375300
v 12.398800 11.884499 -0.444800
v 12.621200 18.417500 -0.444800
v 12.398800 11.884499 -0.375300
v 12.398800 11.815000 -0.375300
v 12.398800 11.884499 -0.125100
v 12.329300 11.884499 -0.375300
v 12.398800 18.417500 -0.375300
v 12.398800 11.815000 -0.125100
v 12.329300 18.417500 -0.375300
v 12.329300 18.417500 -0.125100
v 12.329300 11.884499 -0.125100
v 12.398800 18.417500 -0.125100
v 12.398800 18.487000 -0.125100
v 12.398800 18.417500 -0.055600
v 12.621200 18.417500 -0.125100
v 12.398800 18.487000 -0.375300
v 12.621200 18.417500 -0.055600
v 12.621200 11.884499 -0.055600
v 12.621200 11.884499 -0.125100
v 12.398800 11.884499 -0.055600
v 12.690700 11.884499 -0.125100
v 12.621200 11.815000 -0.125100
v 12.621200 11.815000 -0.375300
v 12.690700 18.417500 -0.125100
v 12.690700 18.417500 -0.375300
v 12.690700 11.884499 -0.375300
v 12.621200 18.417500 -0.375300
v 12.621200 18.487000 -0.375300
v 12.621200 18.487000 -0.125100
v 12.398800 18.417500 -0.444800
v 12.621200 11.884499 22.295601
v 12.621200 11.884499 22.365101
v 12.398800 11.884499 22.295601
v 12.621200 18.417500 22.295601
v 12.398800 11.884499 22.365101
v 12.398800 11.815000 22.365101
v 12.398800 11.884499 22.615301
v 12.329300 11.884499 22.365101
v 12.398800 18.417500 22.365101
v 12.398800 11.815000 22.615301
v 12.329300 18.417500 22.365101
v 12.329300 18.417500 22.615301
v 12.329300 11.884499 22.615301
v 12.398800 18.417500 22.615301
v 12.398800 18.487000 22.615301
v 12.398800 18.417500 22.684799
v 12.621200 18.417500 22.615301
v 12.398800 18.487000 22.365101
v 12.621200 18.417500 22.684799
v 12.621200 11.884499 22.684799
v 12.621200 11.884499 22.615301
v 12.398800 11.884499 22.684799
v 12.690700 11.884499 22.615301
v 12.621200 11.815000 22.615301
v 12.621200 11.815000 22.365101
v 12.690700 18.417500 22.615301
v 12.690700 18.417500 22.365101
v 12.690700 11.884499 22.365101
v 12.621200 18.417500 22.365101
v 12.621200 18.487000 22.365101
v 12.621200 18.487000 22.615301
v 12.398800 18.417500 22.295601
v 5.671200 11.884499 -0.444800
v 5.671200 11.884499 -0.375300
v 5.448800 11.884499 -0.444800
v 5.671200 18.417500 -0.444800
v 5.448800 11.884499 -0.375300
v 5.448800 11.815000 -0.375300
v 5.448800 11.884499 -0.125100
v 5.379300 11.884499 -0.375300
v 5.448800 18.417500 -0.375300
v 5.448800 11.815000 -0.125100
v 5.379300 18.417500 -0.375300
v 5.379300 18.417500 -0.125100
v 5.379300 11.884499 -0.125100
v 5.448800 18.417500 -0.125100
v 5.448800 18.487000 -0.125100
v 5.448800 18.417500 -0.055600
v 5.671200 18.417500 -0.125100
v 5.448800 18.487000 -0.375300
v 5.671200 18.417500 -0.055600
v 5.671200 11.884499 -0.055600
v 5.671200 11.884499 -0.125100
v 5.448800 11.884499 -0.055600
v 5.740700 11.884499 -0.125100
v 5.671200 11.815000 -0.125100
v 5.671200 11.815000 -0.375300
v 5.740700 18.417500 -0.125100
v 5.740700 18.417500 -0.375300
v 5.740700 11.884499 -0.375300
v 5.671200 18.417500 -0.375300
v 5.671200 18.487000 -0.375300
v 5.671200 18.487000 -0.125100
v 5.448800 18.417500 -0.444800
v 5.671200 11.884499 22.295601
v 5.671200 11.884499 22.365101
v 5.448800 11.884499 22.295601
v 5.671200 18.417500 22.295601
v 5.448800 11.884499 22.365101
v 5.448800 11.815000 22.365101
v 5.448800 11.884499 22.615301
v 5.379300 11.884499 22.365101
v 5.448800 18.417500 22.365101
v 5.448800 11.815000 22.615301
v 5.379300 18.417500 22.365101
v 5.379300 18.417500 22.615301
v 5.379300 11.884499 22.615301
v 5.448800 18.417500 22.615301
v 5.448800 18.487000 22.615301
v 5.448800 18.417500 22.684799
v 5.671200 18.417500 22.615301
v 5.448800 18.487000 22.365101
v 5.671200 18.417500 22.684799
v 5.671200 11.884499 22.684799
v 5.671200 11.884499 22.615301
v 5.448800 11.884499 22.684799
v 5.740700 11.884499 22.615301
v 5.671200 11.815000 22.615301
v 5.671200 11.815000 22.365101
v 5.740700 18.417500 22.615301
v 5.740700 18.417500 22.365101
v 5.740700 11.884499 22.365101
v 5.671200 18.417500 22.365101
v 5.671200 18.487000 22.365101
v 5.671200 18.487000 22.615301
v 5.448800 18.417500 22.295601
v -1.278800 18.417500 -0.444800
v -1.501200 18.417500 -0.375300
v -1.570700 18.417500 -0.375300
v -1.570700 18.417500 -0.125100
v -1.501200 18.417500 -0.125100
v -1.501200 18.487000 -0.125100
v -1.501200 18.417500 -0.055600
v -1.278800 18.417500 -0.125100
v -1.501200 18.487000 -0.375300
v -1.278800 18.417500 -0.055600
v -1.209300 18.417500 -0.125100
v -1.209300 18.417500 -0.375300
v -1.278800 18.417500 -0.375300
v -1.278800 18.487000 -0.375300
v -1.278800 18.487000 -0.125100
v -1.501200 18.417500 -0.444800
v -1.278800 16.503000 -0.424433
v -1.278800 16.503000 -0.444800
v -1.343974 16.503000 -0.444800
v -1.501200 16.503000 -0.395667
v -1.501200 16.503000 -0.375300
v -1.550333 16.503000 -0.375300
v -1.570700 16.503000 -0.375300
v -1.570700 16.503000 -0.125100
v -1.570700 16.503000 -0.301979
v -1.521567 16.503000 -0.125100
v -1.501200 16.503000 -0.125100
v -1.501200 16.503000 -0.075967
v -1.436026 16.503000 -0.055600
v -1.278800 16.503000 -0.055600
v -1.278800 16.503000 -0.104733
v -1.278800 16.503000 -0.125100
v -1.501200 16.503000 -0.055600
v -1.229667 16.503000 -0.125100
v -1.209300 16.503000 -0.125100
v -1.209300 16.503000 -0.198421
v -1.209300 16.503000 -0.375300
v -1.258433 16.503000 -0.375300
v -1.278800 16.503000 -0.375300
v -1.501200 16.503000 -0.444800
v -1.278800 11.884499 22.295601
v -1.278800 11.884499 22.365101
v -1.501200 11.884499 22.295601
v -1.278800 18.417500 22.295601
v -1.501200 11.884499 22.365101
v -1.501200 11.815000 22.365101
v -1.501200 11.884499 22.615301
v -1.570700 11.884499 22.365101
v -1.501200 18.417500 22.365101
v -1.501200 11.815000 22.615301
v -1.570700 18.417500 22.365101
v -1.570700 18.417500 22.615301
v -1.570700 11.884499 22.615301
v -1.501200 18.417500 22.615301
v -1.501200 18.487000 22.615301
v -1.501200 18.417500 22.684799
v -1.278800 18.417500 22.615301
v -1.501200 18.487000 22.365101
v -1.278800 18.417500 22.684799
v -1.278800 11.884499 22.684799
v -1.278800 11.884499 22.615301
v -1.501200 11.884499 22.684799
v -1.209300 11.884499 22.615301
v -1.278800 11.815000 22.615301
v -1.278800 11.815000 22.365101
v -1.209300 18.417500 22.615301
v -1.209300 18.417500 22.365101
v -1.209300 11.884499 22.365101
v -1.278800 18.417500 22.365101
v -1.278800 18.487000 22.365101
v -1.278800 18.487000 22.615301
v -1.501200 18.417500 22.295601
v -8.228800 11.884499 -0.444800
v -8.228800 11.884499 -0.375300
v -8.451200 11.884499 -0.444800
v -8.228800 18.417500 -0.444800
v -8.451200 11.884499 -0.375300
v -8.451200 11.815000 -0.375300
v -8.451200 11.884499 -0.125100
v -8.520700 11.884499 -0.375300
v -8.451200 18.417500 -0.375300
v -8.451200 11.815000 -0.125100
v -8.520700 18.417500 -0.375300
v -8.520700 18.417500 -0.125100
v -8.520700 11.884499 -0.125100
v -8.451200 18.417500 -0.125100
v -8.451200 18.487000 -0.125100
v -8.451200 18.417500 -0.055600
v -8.228800 18.417500 -0.125100
v -8.451200 18.487000 -0.375300
v -8.228800 18.417500 -0.055600
v -8.228800 11.884499 -0.055600
v -8.228800 11.884499 -0.125100
v -8.451200 11.884499 -0.055600
v -8.159300 11.884499 -0.125100
v -8.228800 11.815000 -0.125100
v -8.228800 11.815000 -0.375300
v -8.159300 18.417500 -0.125100
v -8.159300 18.417500 -0.375300
v -8.159300 11.884499 -0.375300
v -8.228800 18.417500 -0.375300
v -8.228800 18.487000 -0.375300
v -8.228800 18.487000 -0.125100
v -8.451200 18.417500 -0.444800
v -8.228800 11.884499 22.295601
v -8.228800 11.884499 22.365101
v -8.451200 11.884499 22.295601
v -8.228800 18.417500 22.295601
v -8.451200 11.884499 22.365101
v -8.451200 11.815000 22.365101
v -8.451200 11.884499 22.615301
v -8.520700 11.884499 22.365101
v -8.451200 18.417500 22.365101
v -8.451200 11.815000 22.615301
v -8.520700 18.417500 22.365101
v -8.520700 18.417500 22.615301
v -8.520700 11.884499 22.615301
v -8.451200 18.417500 22.615301
v -8.451200 18.487000 22.615301
v -8.451200 18.417500 22.684799
v -8.228800 18.417500 22.615301
v -8.451200 18.487000 22.365101
v -8.228800 18.417500 22.684799
v -8.228800 11.884499 22.684799
v -8.228800 11.884499 22.615301
v -8.451200 11.884499 22.684799
v -8.159300 11.884499 22.615301
v -8.228800 11.815000 22.615301
v -8.228800 11.815000 22.365101
v -8.159300 18.417500 22.615301
v -8.159300 18.417500 22.365101
v -8.159300 11.884499 22.365101
v -8.228800 18.417500 22.365101
v -8.228800 18.487000 22.365101
v -8.228800 18.487000 22.615301
v -8.451200 18.417500 22.295601
v -15.178800 11.884499 -0.444800
v -15.178800 11.884499 -0.375300
v -15.401199 11.884499 -0.444800
v -15.178800 18.417500 -0.444800
v -15.401199 11.884499 -0.375300
v -15.401199 11.815000 -0.375300
v -15.401199 11.884499 -0.125100
v -15.470700 11.884499 -0.375300
v -15.401199 18.417500 -0.375300
v -15.401199 11.815000 -0.125100
v -15.470700 18.417500 -0.375300
v -15.470700 18.417500 -0.125100
v -15.470700 11.884499 -0.125100
v -15.401199 18.417500 -0.125100
v -15.401199 18.487000 -0.125100
v -15.401199 18.417500 -0.055600
v -15.178800 18.417500 -0.125100
v -15.401199 18.487000 -0.375300
v -15.178800 18.417500 -0.055600
v -15.178800 11.884499 -0.055600
v -15.178800 11.884499 -0.125100
v -15.401199 11.884499 -0.055600
v -15.109300 11.884499 -0.125100
v -15.178800 11.815000 -0.125100
v -15.178800 11.815000 -0.375300
v -15.109300 18.417500 -0.125100
v -15.109300 18.417500 -0.375300
v -15.109300 11.884499 -0.375300
v -15.178800 18.417500 -0.375300
v -15.178800 18.487000 -0.375300
v -15.178800 18.487000 -0.125100
v -15.401199 18.417500 -0.444800
v -15.178800 11.884499 22.295601
v -15.178800 11.884499 22.365101
v -15.401199 11.884499 22.295601
v -15.178800 18.417500 22.295601
v -15.401199 11.884499 22.365101
v -15.401199 11.815000 22.365101
v -15.401199 11.884499 22.615301
v -15.470700 11.884499 22.365101
v -15.401199 18.417500 22.365101
v -15.401199 11.815000 22.615301
v -15.470700 18.417500 22.365101
v -15.470700 18.417500 22.615301
v -15.470700 11.884499 22.615301
v -15.401199 18.417500 22.615301
v -15.401199 18.487000 22.615301
v -15.401199 18.417500 22.684799
v -15.178800 18.417500 22.615301
v -15.401199 18.487000 22.365101
v -15.178800 18.417500 22.684799
v -15.178800 11.884499 22.684799
v -15.178800 11.884499 22.615301
v -15.401199 11.884499 22.684799
v -15.109300 11.884499 22.615301
v -15.178800 11.815000 22.615301
v -15.178800 11.815000 22.365101
v -15.109300 18.417500 22.615301
v -15.109300 18.417500 22.365101
v -15.109300 11.884499 22.365101
v -15.178800 18.417500 22.365101
v -15.178800 18.487000 22.365101
v -15.178800 18.487000 22.615301
v -15.401199 18.417500 22.295601
v -22.128799 11.884499 -0.444800
v -22.128799 11.884499 -0.375300
v -22.351200 11.884499 -0.444800
v -22.128799 18.417500 -0.444800
v -22.351200 11.884499 -0.375300
v -22.351200 11.815000 -0.375300
v -22.351200 11.884499 -0.125100
v -22.420698 11.884499 -0.375300
v -22.351200 18.417500 -0.375300
v -22.351200 11.815000 -0.125100
v -22.420698 18.417500 -0.375300
v -22.420698 18.417500 -0.125100
v -22.420698 11.884499 -0.125100
v -22.351200 18.417500 -0.125100
v -22.351200 18.487000 -0.125100
v -22.351200 18.417500 -0.055600
v -22.128799 18.417500 -0.125100
v -22.351200 18.487000 -0.375300
v -22.128799 18.417500 -0.055600
v -22.128799 11.884499 -0.055600
v -22.128799 11.884499 -0.125100
v -22.351200 11.884499 -0.055600
v -22.059299 11.884499 -0.125100
v -22.128799 11.815000 -0.125100
v -22.128799 11.815000 -0.375300
v -22.059299 18.417500 -0.125100
v -22.059299 18.417500 -0.375300
v -22.059299 11.884499 -0.375300
v -22.128799 18.417500 -0.375300
v -22.128799 18.487000 -0.375300
v -22.128799 18.487000 -0.125100
v -22.351200 18.417500 -0.444800
v -22.128799 11.884499 22.295601
v -22.128799 11.884499 22.365101
v -22.351200 11.884499 22.295601
v -22.128799 18.417500 22.295601
v -22.351200 11.884499 22.365101
v -22.351200 11.815000 22.365101
v -22.351200 11.884499 22.615301
v -22.420698 11.884499 22.365101
v -22.351200 18.417500 22.365101
v -22.351200 11.815000 22.615301
v -22.420698 18.417500 22.365101
v -22.420698 18.417500 22.615301
v -22.420698 11.884499 22.615301
v -22.351200 18.417500 22.615301
v -22.351200 18.487000 22.615301
v -22.351200 18.417500 22.684799
v -22.128799 18.417500 22.615301
v -22.351200 18.487000 22.365101
v -22.128799 18.417500 22.684799
v -22.128799 11.884499 22.684799
v -22.128799 11.884499 22.615301
v -22.351200 11.884499 22.684799
v -22.059299 11.884499 22.615301
v -22.128799 11.815000 22.615301
v -22.128799 11.815000 22.365101
v -22.059299 18.417500 22.615301
v -22.059299 18.417500 22.365101
v -22.059299 11.884499 22.365101
v -22.128799 18.417500 22.365101
v -22.128799 18.487000 22.365101
v -22.128799 18.487000 22.615301
v -22.351200 18.417500 22.295601
vn 0.0018 -1.0000 -0.0000
vn -0.2480 0.9688 -0.0000
vn 0.9452 -0.0000 -0.3265
vn 0.5073 -0.0000 -0.8617
vn -0.0000 -0.0000 -1.0000
vn -0.3779 -0.0000 -0.9258
vn -1.0000 -0.0000 -0.0000
vn -0.3560 -0.0000 0.9345
vn -0.0000 -0.0000 1.0000
vn 0.5183 -0.0000 0.8552
vn 0.9025 -0.0000 0.4307
vn 0.2480 -0.9688 -0.0000
vn -0.0000 -1.0000 -0.0000
vn -0.0018 1.0000 -0.0000
vn -0.0000 1.0000 -0.0000
vn 1.0000 -0.0000 -0.0000
vn 0.2301 -0.9732 -0.0000
vn -0.2301 0.9732 -0.0000
vn -0.0017 1.0000 -0.0000
vn 0.0017 -1.0000 -0.0000
vn 0.0001 -1.0000 -0.0000
vt 0.000000 0.000000
vt 0.379631 0.020581
vt 0.387066 0.020581
vt 0.379631 0.000000
vt 0.380162 0.499653
vt 0.381370 0.279088
vt 0.375000 0.500000
vt 0.375000 0.750000
vt 0.380162 0.500000
vt 0.375000 0.901881
vt 0.375000 0.993961
vt 0.381489 0.992728
vt 0.380281 0.772162
vt 0.380162 0.750347
vt 0.131039 0.500000
vt 0.223119 0.733196
vt 0.276881 0.733196
vt 0.379534 0.250000
vt 0.381061 0.250000
vt 0.381061 0.204607
vt 0.381061 0.500000
vt 0.379223 0.619519
vt 0.383914 0.619519
vt 0.381061 0.545393
vt 0.583280 0.250000
vt 0.575845 0.000000
vt 0.575845 0.250000
vt 0.583131 0.279374
vt 0.575697 0.279374
vt 0.574580 0.750000
vt 0.582015 0.500000
vt 0.574580 0.500000
vt 0.574691 0.771876
vt 0.575077 0.848119
vt 0.582126 0.771876
vt 0.575845 1.000000
vt 0.582784 0.901881
vt 0.575349 0.901881
vt 0.595950 0.096387
vt 0.592937 0.096387
vt 0.592937 0.204607
vt 0.597273 0.653613
vt 0.600512 0.545393
vt 0.592649 0.545393
vt 0.705480 0.655495
vt 0.704876 0.655495
vt 0.703419 0.662538
vt 0.379631 0.250000
vt 0.387066 0.250000
vt 0.387066 0.000000
vt 0.381489 0.257272
vt 0.375000 0.256039
vt 0.380162 0.750000
vt 0.379631 1.000000
vt 0.387066 1.000000
vt 0.384676 0.996883
vt 0.380992 0.901881
vt 0.377241 0.996883
vt 0.375000 0.848119
vt 0.380697 0.848119
vt 0.276881 0.750000
vt 0.131039 0.750000
vt 0.223119 0.750000
vt 0.387397 0.204607
vt 0.382481 0.130481
vt 0.387397 0.130481
vt 0.379534 0.130481
vt 0.379223 0.500000
vt 0.387086 0.619519
vt 0.387086 0.545393
vt 0.583280 0.000000
vt 0.582015 0.750000
vt 0.582512 0.848119
vt 0.583280 1.000000
vt 0.600799 0.204607
vt 0.600799 0.096387
vt 0.592649 0.653613
vt 0.600512 0.653613
vt 0.712680 0.665458
vt 0.714137 0.665457
vt 0.714137 0.658414
vt 0.714137 0.655495
vt 0.713533 0.655495
vt 0.712076 0.655495
vt 0.712076 0.665458
vt 0.710143 0.668225
vt 0.712076 0.668225
vt 0.712076 0.667414
vt 0.705480 0.666269
vt 0.705480 0.668225
vt 0.705480 0.665458
vt 0.712076 0.654684
vt 0.712076 0.652728
vt 0.707413 0.652727
vt 0.705480 0.652728
vt 0.705480 0.653539
vt 0.704023 0.665457
vt 0.703419 0.665458
vt 0.703419 0.655495
s 0
usemtl Gold
f 2604/1356/671 2635/1356/671 2634/1356/671
f 2616/1356/672 2613/1356/672 2614/1356/672
f 2608/1356/672 2618/1356/672 2619/1356/672
f 2595/1356/673 2607/1356/673 2606/1356/673
f 2607/1356/674 2596/1356/674 2608/1356/674
f 2609/1356/675 2638/1356/675 2639/1356/675
f 2608/1356/675 2637/1356/675 2640/1356/675
f 2609/1356/676 2598/1356/676 2599/1356/676
f 2601/1356/677 2610/1356/677 2599/1356/677
f 2603/1356/678 2611/1356/678 2601/1356/678
f 2604/1356/679 2612/1356/679 2603/1356/679
f 2605/1356/680 2613/1356/680 2604/1356/680
f 2595/1356/681 2614/1356/681 2605/1356/681
f 2595/1356/682 2605/1356/682 2596/1356/682
f 2624/1356/682 2604/1356/682 2621/1356/682
f 2625/1356/682 2596/1356/682 2623/1356/682
f 2604/1356/671 2603/1356/671 2598/1356/671
f 2603/1356/683 2601/1356/683 2599/1356/683
f 2598/1356/683 2603/1356/683 2599/1356/683
f 2614/1356/672 2606/1356/672 2607/1356/672
f 2607/1356/672 2608/1356/672 2626/1356/672
f 2627/1356/684 2638/1356/684 2609/1356/684
f 2608/1356/684 2641/1356/684 2618/1356/684
f 2628/1356/684 2613/1356/684 2617/1356/684
f 2629/1356/685 2610/1356/685 2630/1356/685
f 2612/1356/685 2610/1356/685 2611/1356/685
f 2627/1356/684 2609/1356/684 2631/1356/684
f 2612/1356/684 2628/1356/684 2632/1356/684
f 2595/1356/673 2596/1356/673 2607/1356/673
f 2596/1356/674 2597/1356/674 2608/1356/674
f 2597/1356/675 2633/1356/675 2637/1356/675
f 2639/1356/675 2598/1356/675 2609/1356/675
f 2609/1356/676 2599/1356/676 2610/1356/676
f 2601/1356/677 2611/1356/677 2610/1356/677
f 2612/1356/678 2611/1356/678 2603/1356/678
f 2604/1356/679 2613/1356/679 2612/1356/679
f 2614/1356/680 2613/1356/680 2605/1356/680
f 2595/1356/681 2606/1356/681 2614/1356/681
f 2623/1357/677 2615/1358/677 2625/1359/677
f 2632/1360/675 2628/1361/675 2602/1362/675
f 2600/1363/686 2630/1364/686 2602/1362/686
f 2643/1365/679 2620/1366/679 2618/1367/679
f 2627/1368/679 2631/1369/679 2600/1363/679
f 2621/1370/685 2645/1371/685 2646/1372/685
f 2647/1356/687 2648/1356/687 2649/1356/687
f 2647/1356/681 2652/1356/681 2648/1356/681
f 2647/1356/673 2649/1356/673 2651/1356/673
f 2647/1356/681 2650/1356/681 2652/1356/681
f 2647/1356/673 2651/1356/673 2650/1356/673
f 2652/1356/688 2650/1356/688 2651/1356/688
f 2648/1356/680 2652/1356/680 2653/1356/680
f 2653/1356/688 2652/1356/688 2654/1356/688
f 2651/1356/688 2654/1356/688 2652/1356/688
f 2649/1356/674 2654/1356/674 2651/1356/674
f 2653/1356/689 2654/1356/689 2665/1356/689
f 2666/1356/689 2678/1356/689 2655/1356/689
f 2655/1356/675 2678/1356/675 2682/1356/675
f 2654/1356/675 2681/1356/675 2677/1356/675
f 2649/1356/674 2656/1356/674 2654/1356/674
f 2656/1356/675 2683/1356/675 2681/1356/675
f 2682/1356/675 2657/1356/675 2655/1356/675
f 2670/1356/690 2684/1356/690 2686/1356/690
f 2672/1356/690 2669/1356/690 2656/1356/690
f 2649/1356/687 2648/1356/687 2656/1356/687
f 2648/1356/687 2658/1356/687 2656/1356/687
f 2648/1356/680 2653/1356/680 2658/1356/680
f 2659/1356/690 2657/1356/690 2674/1356/690
f 2658/1356/679 2660/1356/679 2659/1356/679
f 2658/1356/679 2653/1356/679 2660/1356/679
f 2659/1356/678 2660/1356/678 2661/1356/678
f 2662/1356/685 2661/1356/685 2660/1356/685
f 2660/1356/689 2667/1356/689 2676/1356/689
f 2655/1356/685 2662/1356/685 2660/1356/685
f 2663/1356/676 2662/1356/676 2655/1356/676
f 2664/1356/677 2661/1356/677 2662/1356/677
f 2664/1356/677 2662/1356/677 2663/1356/677
f 2659/1356/683 2664/1356/683 2663/1356/683
f 2659/1356/678 2661/1356/678 2664/1356/678
f 2657/1356/683 2659/1356/683 2663/1356/683
f 2663/1356/676 2655/1356/676 2657/1356/676
f 2668/1380/677 2669/1381/677 2672/1382/677
f 2667/1383/675 2672/1382/675 2671/1384/675
f 2673/1385/686 2676/1386/686 2674/1387/686
f 2670/1388/679 2686/1389/679 2666/1390/679
f 2669/1391/679 2680/1392/679 2685/1393/679
f 2687/1356/687 2688/1356/687 2689/1356/687
f 2687/1356/681 2692/1356/681 2688/1356/681
f 2687/1356/673 2689/1356/673 2691/1356/673
f 2687/1356/681 2690/1356/681 2692/1356/681
f 2687/1356/673 2691/1356/673 2690/1356/673
f 2692/1356/688 2690/1356/688 2691/1356/688
f 2688/1356/680 2692/1356/680 2693/1356/680
f 2693/1356/688 2692/1356/688 2694/1356/688
f 2691/1356/688 2694/1356/688 2692/1356/688
f 2689/1356/674 2694/1356/674 2691/1356/674
f 2694/1356/689 2695/1356/689 2693/1356/689
f 2696/1356/675 2695/1356/675 2694/1356/675
f 2689/1356/674 2696/1356/674 2694/1356/674
f 2696/1356/675 2697/1356/675 2695/1356/675
f 2697/1356/690 2696/1356/690 2698/1356/690
f 2689/1356/687 2688/1356/687 2696/1356/687
f 2688/1356/687 2698/1356/687 2696/1356/687
f 2688/1356/680 2693/1356/680 2698/1356/680
f 2698/1356/690 2699/1356/690 2697/1356/690
f 2698/1356/679 2700/1356/679 2699/1356/679
f 2698/1356/679 2693/1356/679 2700/1356/679
f 2699/1356/678 2700/1356/678 2701/1356/678
f 2702/1356/685 2701/1356/685 2700/1356/685
f 2700/1356/689 2693/1356/689 2695/1356/689
f 2695/1356/685 2702/1356/685 2700/1356/685
f 2703/1356/676 2702/1356/676 2695/1356/676
f 2704/1356/677 2701/1356/677 2702/1356/677
f 2704/1356/677 2702/1356/677 2703/1356/677
f 2699/1356/683 2704/1356/683 2703/1356/683
f 2699/1356/678 2701/1356/678 2704/1356/678
f 2697/1356/683 2699/1356/683 2703/1356/683
f 2703/1356/676 2695/1356/676 2697/1356/676
f 2708/1356/686 2706/1356/686 2705/1356/686
f 2709/1356/683 2705/1356/683 2706/1356/683
f 2709/1356/683 2707/1356/683 2705/1356/683
f 2707/1356/675 2708/1356/675 2705/1356/675
f 2710/1356/675 2709/1356/675 2706/1356/675
f 2714/1356/677 2709/1356/677 2710/1356/677
f 2713/1356/677 2707/1356/677 2709/1356/677
f 2714/1356/677 2711/1356/677 2709/1356/677
f 2711/1356/683 2712/1356/683 2709/1356/683
f 2715/1356/675 2709/1356/675 2712/1356/675
f 2715/1356/675 2713/1356/675 2709/1356/675
f 2716/1356/685 2713/1356/685 2715/1356/685
f 2717/1356/677 2716/1356/677 2715/1356/677
f 2717/1356/677 2715/1356/677 2712/1356/677
f 2711/1356/683 2717/1356/683 2712/1356/683
f 2718/1356/679 2717/1356/679 2711/1356/679
f 2718/1356/679 2716/1356/679 2717/1356/679
f 2716/1356/685 2718/1356/685 2713/1356/685
f 2718/1356/677 2722/1356/677 2713/1356/677
f 2718/1356/677 2719/1356/677 2722/1356/677
f 2721/1356/679 2719/1356/679 2718/1356/679
f 2720/1356/677 2718/1356/677 2711/1356/677
f 2723/1356/685 2718/1356/685 2720/1356/685
f 2723/1356/685 2721/1356/685 2718/1356/685
f 2724/1356/679 2723/1356/679 2720/1356/679
f 2721/1356/686 2723/1356/686 2724/1356/686
f 2725/1356/683 2724/1356/683 2726/1356/683
f 2721/1356/686 2724/1356/686 2725/1356/686
f 2724/1356/679 2720/1356/679 2726/1356/679
f 2720/1356/677 2711/1356/677 2726/1356/677
f 2725/1356/683 2726/1356/683 2711/1356/683
f 2727/1356/683 2725/1356/683 2706/1356/683
f 2730/1356/679 2725/1356/679 2727/1356/679
f 2725/1356/686 2729/1356/686 2706/1356/686
f 2728/1356/679 2725/1356/679 2711/1356/679
f 2725/1356/686 2728/1356/686 2729/1356/686
f 2730/1356/679 2721/1356/679 2725/1356/679
f 2721/1356/685 2730/1356/685 2731/1356/685
f 2732/1356/686 2731/1356/686 2730/1356/686
f 2732/1356/686 2730/1356/686 2727/1356/686
f 2733/1356/675 2732/1356/675 2706/1356/675
f 2727/1356/683 2706/1356/683 2732/1356/683
f 2733/1356/675 2731/1356/675 2732/1356/675
f 2713/1356/675 2734/1356/675 2733/1356/675
f 2735/1356/686 2733/1356/686 2734/1356/686
f 2735/1356/686 2721/1356/686 2733/1356/686
f 2721/1356/685 2731/1356/685 2733/1356/685
f 2708/1356/686 2733/1356/686 2706/1356/686
f 2736/1356/685 2733/1356/685 2708/1356/685
f 2736/1356/685 2713/1356/685 2733/1356/685
f 2707/1356/675 2736/1356/675 2708/1356/675
f 2713/1356/677 2736/1356/677 2707/1356/677
f 2722/1356/685 2735/1356/685 2734/1356/685
f 2721/1356/679 2735/1356/679 2719/1356/679
f 2722/1356/685 2719/1356/685 2735/1356/685
f 2713/1356/675 2722/1356/675 2734/1356/675
f 2710/1356/675 2706/1356/675 2729/1356/675
f 2728/1356/683 2710/1356/683 2729/1356/683
f 2728/1356/683 2714/1356/683 2710/1356/683
f 2728/1356/679 2711/1356/679 2714/1356/679
f 2740/1356/686 2738/1356/686 2737/1356/686
f 2741/1356/683 2737/1356/683 2738/1356/683
f 2741/1356/683 2739/1356/683 2737/1356/683
f 2739/1356/675 2740/1356/675 2737/1356/675
f 2742/1356/675 2741/1356/675 2738/1356/675
f 2746/1356/677 2741/1356/677 2742/1356/677
f 2745/1356/677 2739/1356/677 2741/1356/677
f 2746/1356/677 2743/1356/677 2741/1356/677
f 2743/1356/683 2744/1356/683 2741/1356/683
f 2747/1356/675 2741/1356/675 2744/1356/675
f 2747/1356/675 2745/1356/675 2741/1356/675
f 2748/1356/685 2745/1356/685 2747/1356/685
f 2749/1356/677 2748/1356/677 2747/1356/677
f 2749/1356/677 2747/1356/677 2744/1356/677
f 2743/1356/683 2749/1356/683 2744/1356/683
f 2750/1356/679 2749/1356/679 2743/1356/679
f 2750/1356/679 2748/1356/679 2749/1356/679
f 2748/1356/685 2750/1356/685 2745/1356/685
f 2750/1356/677 2754/1356/677 2745/1356/677
f 2750/1356/677 2751/1356/677 2754/1356/677
f 2753/1356/679 2751/1356/679 2750/1356/679
f 2752/1356/677 2750/1356/677 2743/1356/677
f 2755/1356/685 2750/1356/685 2752/1356/685
f 2755/1356/685 2753/1356/685 2750/1356/685
f 2756/1356/679 2755/1356/679 2752/1356/679
f 2753/1356/686 2755/1356/686 2756/1356/686
f 2757/1356/683 2756/1356/683 2758/1356/683
f 2753/1356/686 2756/1356/686 2757/1356/686
f 2756/1356/679 2752/1356/679 2758/1356/679
f 2752/1356/677 2743/1356/677 2758/1356/677
f 2757/1356/683 2758/1356/683 2743/1356/683
f 2759/1356/683 2757/1356/683 2738/1356/683
f 2762/1356/679 2757/1356/679 2759/1356/679
f 2757/1356/686 2761/1356/686 2738/1356/686
f 2760/1356/679 2757/1356/679 2743/1356/679
f 2757/1356/686 2760/1356/686 2761/1356/686
f 2762/1356/679 2753/1356/679 2757/1356/679
f 2753/1356/685 2762/1356/685 2763/1356/685
f 2764/1356/686 2763/1356/686 2762/1356/686
f 2764/1356/686 2762/1356/686 2759/1356/686
f 2765/1356/675 2764/1356/675 2738/1356/675
f 2759/1356/683 2738/1356/683 2764/1356/683
f 2765/1356/675 2763/1356/675 2764/1356/675
f 2745/1356/675 2766/1356/675 2765/1356/675
f 2767/1356/686 2765/1356/686 2766/1356/686
f 2767/1356/686 2753/1356/686 2765/1356/686
f 2753/1356/685 2763/1356/685 2765/1356/685
f 2740/1356/686 2765/1356/686 2738/1356/686
f 2768/1356/685 2765/1356/685 2740/1356/685
f 2768/1356/685 2745/1356/685 2765/1356/685
f 2739/1356/675 2768/1356/675 2740/1356/675
f 2745/1356/677 2768/1356/677 2739/1356/677
f 2754/1356/685 2767/1356/685 2766/1356/685
f 2753/1356/679 2767/1356/679 2751/1356/679
f 2754/1356/685 2751/1356/685 2767/1356/685
f 2745/1356/675 2754/1356/675 2766/1356/675
f 2742/1356/675 2738/1356/675 2761/1356/675
f 2760/1356/683 2742/1356/683 2761/1356/683
f 2760/1356/683 2746/1356/683 2742/1356/683
f 2760/1356/679 2743/1356/679 2746/1356/679
f 2772/1356/686 2770/1356/686 2769/1356/686
f 2773/1356/683 2769/1356/683 2770/1356/683
f 2773/1356/683 2771/1356/683 2769/1356/683
f 2771/1356/675 2772/1356/675 2769/1356/675
f 2774/1356/675 2773/1356/675 2770/1356/675
f 2778/1356/677 2773/1356/677 2774/1356/677
f 2777/1356/677 2771/1356/677 2773/1356/677
f 2778/1356/677 2775/1356/677 2773/1356/677
f 2775/1356/683 2776/1356/683 2773/1356/683
f 2779/1356/675 2773/1356/675 2776/1356/675
f 2779/1356/675 2777/1356/675 2773/1356/675
f 2780/1356/685 2777/1356/685 2779/1356/685
f 2781/1356/677 2780/1356/677 2779/1356/677
f 2781/1356/677 2779/1356/677 2776/1356/677
f 2775/1356/683 2781/1356/683 2776/1356/683
f 2782/1356/679 2781/1356/679 2775/1356/679
f 2782/1356/679 2780/1356/679 2781/1356/679
f 2780/1356/685 2782/1356/685 2777/1356/685
f 2782/1356/677 2786/1356/677 2777/1356/677
f 2782/1356/677 2783/1356/677 2786/1356/677
f 2785/1356/679 2783/1356/679 2782/1356/679
f 2784/1356/677 2782/1356/677 2775/1356/677
f 2787/1356/685 2782/1356/685 2784/1356/685
f 2787/1356/685 2785/1356/685 2782/1356/685
f 2788/1356/679 2787/1356/679 2784/1356/679
f 2785/1356/686 2787/1356/686 2788/1356/686
f 2789/1356/683 2788/1356/683 2790/1356/683
f 2785/1356/686 2788/1356/686 2789/1356/686
f 2788/1356/679 2784/1356/679 2790/1356/679
f 2784/1356/677 2775/1356/677 2790/1356/677
f 2789/1356/683 2790/1356/683 2775/1356/683
f 2791/1356/683 2789/1356/683 2770/1356/683
f 2794/1356/679 2789/1356/679 2791/1356/679
f 2789/1356/686 2793/1356/686 2770/1356/686
f 2792/1356/679 2789/1356/679 2775/1356/679
f 2789/1356/686 2792/1356/686 2793/1356/686
f 2794/1356/679 2785/1356/679 2789/1356/679
f 2785/1356/685 2794/1356/685 2795/1356/685
f 2796/1356/686 2795/1356/686 2794/1356/686
f 2796/1356/686 2794/1356/686 2791/1356/686
f 2797/1356/675 2796/1356/675 2770/1356/675
f 2791/1356/683 2770/1356/683 2796/1356/683
f 2797/1356/675 2795/1356/675 2796/1356/675
f 2777/1356/675 2798/1356/675 2797/1356/675
f 2799/1356/686 2797/1356/686 2798/1356/686
f 2799/1356/686 2785/1356/686 2797/1356/686
f 2785/1356/685 2795/1356/685 2797/1356/685
f 2772/1356/686 2797/1356/686 2770/1356/686
f 2800/1356/685 2797/1356/685 2772/1356/685
f 2800/1356/685 2777/1356/685 2797/1356/685
f 2771/1356/675 2800/1356/675 2772/1356/675
f 2777/1356/677 2800/1356/677 2771/1356/677
f 2786/1356/685 2799/1356/685 2798/1356/685
f 2785/1356/679 2799/1356/679 2783/1356/679
f 2786/1356/685 2783/1356/685 2799/1356/685
f 2777/1356/675 2786/1356/675 2798/1356/675
f 2774/1356/675 2770/1356/675 2793/1356/675
f 2792/1356/683 2774/1356/683 2793/1356/683
f 2792/1356/683 2778/1356/683 2774/1356/683
f 2792/1356/679 2775/1356/679 2778/1356/679
f 2804/1356/686 2802/1356/686 2801/1356/686
f 2805/1356/683 2801/1356/683 2802/1356/683
f 2805/1356/683 2803/1356/683 2801/1356/683
f 2803/1356/675 2804/1356/675 2801/1356/675
f 2806/1356/675 2805/1356/675 2802/1356/675
f 2810/1356/677 2805/1356/677 2806/1356/677
f 2809/1356/677 2803/1356/677 2805/1356/677
f 2810/1356/677 2807/1356/677 2805/1356/677
f 2807/1356/683 2808/1356/683 2805/1356/683
f 2811/1356/675 2805/1356/675 2808/1356/675
f 2811/1356/675 2809/1356/675 2805/1356/675
f 2812/1356/685 2809/1356/685 2811/1356/685
f 2813/1356/677 2812/1356/677 2811/1356/677
f 2813/1356/677 2811/1356/677 2808/1356/677
f 2807/1356/683 2813/1356/683 2808/1356/683
f 2814/1356/679 2813/1356/679 2807/1356/679
f 2814/1356/679 2812/1356/679 2813/1356/679
f 2812/1356/685 2814/1356/685 2809/1356/685
f 2814/1356/677 2818/1356/677 2809/1356/677
f 2814/1356/677 2815/1356/677 2818/1356/677
f 2817/1356/679 2815/1356/679 2814/1356/679
f 2816/1356/677 2814/1356/677 2807/1356/677
f 2819/1356/685 2814/1356/685 2816/1356/685
f 2819/1356/685 2817/1356/685 2814/1356/685
f 2820/1356/679 2819/1356/679 2816/1356/679
f 2817/1356/686 2819/1356/686 2820/1356/686
f 2821/1356/683 2820/1356/683 2822/1356/683
f 2817/1356/686 2820/1356/686 2821/1356/686
f 2820/1356/679 2816/1356/679 2822/1356/679
f 2816/1356/677 2807/1356/677 2822/1356/677
f 2821/1356/683 2822/1356/683 2807/1356/683
f 2823/1356/683 2821/1356/683 2802/1356/683
f 2826/1356/679 2821/1356/679 2823/1356/679
f 2821/1356/686 2825/1356/686 2802/1356/686
f 2824/1356/679 2821/1356/679 2807/1356/679
f 2821/1356/686 2824/1356/686 2825/1356/686
f 2826/1356/679 2817/1356/679 2821/1356/679
f 2817/1356/685 2826/1356/685 2827/1356/685
f 2828/1356/686 2827/1356/686 2826/1356/686
f 2828/1356/686 2826/1356/686 2823/1356/686
f 2829/1356/675 2828/1356/675 2802/1356/675
f 2823/1356/683 2802/1356/683 2828/1356/683
f 2829/1356/675 2827/1356/675 2828/1356/675
f 2809/1356/675 2830/1356/675 2829/1356/675
f 2831/1356/686 2829/1356/686 2830/1356/686
f 2831/1356/686 2817/1356/686 2829/1356/686
f 2817/1356/685 2827/1356/685 2829/1356/685
f 2804/1356/686 2829/1356/686 2802/1356/686
f 2832/1356/685 2829/1356/685 2804/1356/685
f 2832/1356/685 2809/1356/685 2829/1356/685
f 2803/1356/675 2832/1356/675 2804/1356/675
f 2809/1356/677 2832/1356/677 2803/1356/677
f 2818/1356/685 2831/1356/685 2830/1356/685
f 2817/1356/679 2831/1356/679 2815/1356/679
f 2818/1356/685 2815/1356/685 2831/1356/685
f 2809/1356/675 2818/1356/675 2830/1356/675
f 2806/1356/675 2802/1356/675 2825/1356/675
f 2824/1356/683 2806/1356/683 2825/1356/683
f 2824/1356/683 2810/1356/683 2806/1356/683
f 2824/1356/679 2807/1356/679 2810/1356/679
f 2836/1356/686 2834/1356/686 2833/1356/686
f 2837/1356/683 2833/1356/683 2834/1356/683
f 2837/1356/683 2835/1356/683 2833/1356/683
f 2835/1356/675 2836/1356/675 2833/1356/675
f 2838/1356/675 2837/1356/675 2834/1356/675
f 2842/1356/677 2837/1356/677 2838/1356/677
f 2841/1356/677 2835/1356/677 2837/1356/677
f 2842/1356/677 2839/1356/677 2837/1356/677
f 2839/1356/683 2840/1356/683 2837/1356/683
f 2843/1356/675 2837/1356/675 2840/1356/675
f 2843/1356/675 2841/1356/675 2837/1356/675
f 2844/1356/685 2841/1356/685 2843/1356/685
f 2845/1356/677 2844/1356/677 2843/1356/677
f 2845/1356/677 2843/1356/677 2840/1356/677
f 2839/1356/683 2845/1356/683 2840/1356/683
f 2846/1356/679 2845/1356/679 2839/1356/679
f 2846/1356/679 2844/1356/679 2845/1356/679
f 2844/1356/685 2846/1356/685 2841/1356/685
f 2846/1356/677 2850/1356/677 2841/1356/677
f 2846/1356/677 2847/1356/677 2850/1356/677
f 2849/1356/679 2847/1356/679 2846/1356/679
f 2848/1356/677 2846/1356/677 2839/1356/677
f 2851/1356/685 2846/1356/685 2848/1356/685
f 2851/1356/685 2849/1356/685 2846/1356/685
f 2852/1356/679 2851/1356/679 2848/1356/679
f 2849/1356/686 2851/1356/686 2852/1356/686
f 2853/1356/683 2852/1356/683 2854/1356/683
f 2849/1356/686 2852/1356/686 2853/1356/686
f 2852/1356/679 2848/1356/679 2854/1356/679
f 2848/1356/677 2839/1356/677 2854/1356/677
f 2853/1356/683 2854/1356/683 2839/1356/683
f 2855/1356/683 2853/1356/683 2834/1356/683
f 2858/1356/679 2853/1356/679 2855/1356/679
f 2853/1356/686 2857/1356/686 2834/1356/686
f 2856/1356/679 2853/1356/679 2839/1356/679
f 2853/1356/686 2856/1356/686 2857/1356/686
f 2858/1356/679 2849/1356/679 2853/1356/679
f 2849/1356/685 2858/1356/685 2859/1356/685
f 2860/1356/686 2859/1356/686 2858/1356/686
f 2860/1356/686 2858/1356/686 2855/1356/686
f 2861/1356/675 2860/1356/675 2834/1356/675
f 2855/1356/683 2834/1356/683 2860/1356/683
f 2861/1356/675 2859/1356/675 2860/1356/675
f 2841/1356/675 2862/1356/675 2861/1356/675
f 2863/1356/686 2861/1356/686 2862/1356/686
f 2863/1356/686 2849/1356/686 2861/1356/686
f 2849/1356/685 2859/1356/685 2861/1356/685
f 2836/1356/686 2861/1356/686 2834/1356/686
f 2864/1356/685 2861/1356/685 2836/1356/685
f 2864/1356/685 2841/1356/685 2861/1356/685
f 2835/1356/675 2864/1356/675 2836/1356/675
f 2841/1356/677 2864/1356/677 2835/1356/677
f 2850/1356/685 2863/1356/685 2862/1356/685
f 2849/1356/679 2863/1356/679 2847/1356/679
f 2850/1356/685 2847/1356/685 2863/1356/685
f 2841/1356/675 2850/1356/675 2862/1356/675
f 2838/1356/675 2834/1356/675 2857/1356/675
f 2856/1356/683 2838/1356/683 2857/1356/683
f 2856/1356/683 2842/1356/683 2838/1356/683
f 2856/1356/679 2839/1356/679 2842/1356/679
f 2868/1356/686 2866/1356/686 2865/1356/686
f 2869/1356/683 2865/1356/683 2866/1356/683
f 2869/1356/683 2867/1356/683 2865/1356/683
f 2867/1356/675 2868/1356/675 2865/1356/675
f 2870/1356/675 2869/1356/675 2866/1356/675
f 2874/1356/677 2869/1356/677 2870/1356/677
f 2873/1356/677 2867/1356/677 2869/1356/677
f 2874/1356/677 2871/1356/677 2869/1356/677
f 2871/1356/683 2872/1356/683 2869/1356/683
f 2875/1356/675 2869/1356/675 2872/1356/675
f 2875/1356/675 2873/1356/675 2869/1356/675
f 2876/1356/685 2873/1356/685 2875/1356/685
f 2877/1356/677 2876/1356/677 2875/1356/677
f 2877/1356/677 2875/1356/677 2872/1356/677
f 2871/1356/683 2877/1356/683 2872/1356/683
f 2878/1356/679 2877/1356/679 2871/1356/679
f 2878/1356/679 2876/1356/679 2877/1356/679
f 2876/1356/685 2878/1356/685 2873/1356/685
f 2878/1356/677 2882/1356/677 2873/1356/677
f 2878/1356/677 2879/1356/677 2882/1356/677
f 2881/1356/679 2879/1356/679 2878/1356/679
f 2880/1356/677 2878/1356/677 2871/1356/677
f 2883/1356/685 2878/1356/685 2880/1356/685
f 2883/1356/685 2881/1356/685 2878/1356/685
f 2884/1356/679 2883/1356/679 2880/1356/679
f 2881/1356/686 2883/1356/686 2884/1356/686
f 2885/1356/683 2884/1356/683 2886/1356/683
f 2881/1356/686 2884/1356/686 2885/1356/686
f 2884/1356/679 2880/1356/679 2886/1356/679
f 2880/1356/677 2871/1356/677 2886/1356/677
f 2885/1356/683 2886/1356/683 2871/1356/683
f 2887/1356/683 2885/1356/683 2866/1356/683
f 2890/1356/679 2885/1356/679 2887/1356/679
f 2885/1356/686 2889/1356/686 2866/1356/686
f 2888/1356/679 2885/1356/679 2871/1356/679
f 2885/1356/686 2888/1356/686 2889/1356/686
f 2890/1356/679 2881/1356/679 2885/1356/679
f 2881/1356/685 2890/1356/685 2891/1356/685
f 2892/1356/686 2891/1356/686 2890/1356/686
f 2892/1356/686 2890/1356/686 2887/1356/686
f 2893/1356/675 2892/1356/675 2866/1356/675
f 2887/1356/683 2866/1356/683 2892/1356/683
f 2893/1356/675 2891/1356/675 2892/1356/675
f 2873/1356/675 2894/1356/675 2893/1356/675
f 2895/1356/686 2893/1356/686 2894/1356/686
f 2895/1356/686 2881/1356/686 2893/1356/686
f 2881/1356/685 2891/1356/685 2893/1356/685
f 2868/1356/686 2893/1356/686 2866/1356/686
f 2896/1356/685 2893/1356/685 2868/1356/685
f 2896/1356/685 2873/1356/685 2893/1356/685
f 2867/1356/675 2896/1356/675 2868/1356/675
f 2873/1356/677 2896/1356/677 2867/1356/677
f 2882/1356/685 2895/1356/685 2894/1356/685
f 2881/1356/679 2895/1356/679 2879/1356/679
f 2882/1356/685 2879/1356/685 2895/1356/685
f 2873/1356/675 2882/1356/675 2894/1356/675
f 2870/1356/675 2866/1356/675 2889/1356/675
f 2888/1356/683 2870/1356/683 2889/1356/683
f 2888/1356/683 2874/1356/683 2870/1356/683
f 2888/1356/679 2871/1356/679 2874/1356/679
f 2913/1356/686 2914/1356/686 2897/1356/686
f 2915/1356/675 2897/1356/675 2914/1356/675
f 2917/1356/677 2898/1356/677 2916/1356/677
f 2919/1356/675 2899/1356/675 2918/1356/675
f 2898/1356/675 2918/1356/675 2899/1356/675
f 2900/1356/685 2898/1356/685 2899/1356/685
f 2900/1356/677 2921/1356/677 2920/1356/677
f 2921/1356/677 2899/1356/677 2919/1356/677
f 2922/1356/679 2923/1356/679 2901/1356/679
f 2900/1356/679 2922/1356/679 2901/1356/679
f 2900/1356/685 2901/1356/685 2898/1356/685
f 2901/1356/677 2905/1356/677 2898/1356/677
f 2901/1356/677 2902/1356/677 2905/1356/677
f 2904/1356/679 2902/1356/679 2901/1356/679
f 2901/1356/677 2924/1356/677 2903/1356/677
f 2906/1356/685 2901/1356/685 2903/1356/685
f 2906/1356/685 2904/1356/685 2901/1356/685
f 2925/1356/679 2906/1356/679 2903/1356/679
f 2906/1356/686 2927/1356/686 2904/1356/686
f 2927/1356/686 2928/1356/686 2904/1356/686
f 2929/1356/679 2925/1356/679 2903/1356/679
f 2929/1356/677 2903/1356/677 2924/1356/677
f 2930/1356/679 2931/1356/679 2907/1356/679
f 2904/1356/679 2930/1356/679 2907/1356/679
f 2904/1356/685 2907/1356/685 2908/1356/685
f 2932/1356/686 2908/1356/686 2907/1356/686
f 2931/1356/686 2932/1356/686 2907/1356/686
f 2935/1356/675 2909/1356/675 2934/1356/675
f 2908/1356/675 2934/1356/675 2909/1356/675
f 2898/1356/675 2910/1356/675 2909/1356/675
f 2911/1356/686 2909/1356/686 2910/1356/686
f 2911/1356/686 2904/1356/686 2909/1356/686
f 2904/1356/685 2908/1356/685 2909/1356/685
f 2909/1356/686 2913/1356/686 2897/1356/686
f 2912/1356/685 2909/1356/685 2897/1356/685
f 2912/1356/685 2898/1356/685 2909/1356/685
f 2912/1356/675 2915/1356/675 2936/1356/675
f 2912/1356/677 2916/1356/677 2898/1356/677
f 2905/1356/685 2911/1356/685 2910/1356/685
f 2904/1356/679 2911/1356/679 2902/1356/679
f 2905/1356/685 2902/1356/685 2911/1356/685
f 2898/1356/675 2905/1356/675 2910/1356/675
f 2923/1400/683 2922/1401/683 2921/1402/683
f 2940/1356/686 2938/1356/686 2937/1356/686
f 2941/1356/683 2937/1356/683 2938/1356/683
f 2941/1356/683 2939/1356/683 2937/1356/683
f 2939/1356/675 2940/1356/675 2937/1356/675
f 2942/1356/675 2941/1356/675 2938/1356/675
f 2946/1356/677 2941/1356/677 2942/1356/677
f 2945/1356/677 2939/1356/677 2941/1356/677
f 2946/1356/677 2943/1356/677 2941/1356/677
f 2943/1356/683 2944/1356/683 2941/1356/683
f 2947/1356/675 2941/1356/675 2944/1356/675
f 2947/1356/675 2945/1356/675 2941/1356/675
f 2948/1356/685 2945/1356/685 2947/1356/685
f 2949/1356/677 2948/1356/677 2947/1356/677
f 2949/1356/677 2947/1356/677 2944/1356/677
f 2943/1356/683 2949/1356/683 2944/1356/683
f 2950/1356/679 2949/1356/679 2943/1356/679
f 2950/1356/679 2948/1356/679 2949/1356/679
f 2948/1356/685 2950/1356/685 2945/1356/685
f 2950/1356/677 2954/1356/677 2945/1356/677
f 2950/1356/677 2951/1356/677 2954/1356/677
f 2953/1356/679 2951/1356/679 2950/1356/679
f 2952/1356/677 2950/1356/677 2943/1356/677
f 2955/1356/685 2950/1356/685 2952/1356/685
f 2955/1356/685 2953/1356/685 2950/1356/685
f 2956/1356/679 2955/1356/679 2952/1356/679
f 2953/1356/686 2955/1356/686 2956/1356/686
f 2957/1356/683 2956/1356/683 2958/1356/683
f 2953/1356/686 2956/1356/686 2957/1356/686
f 2956/1356/679 2952/1356/679 2958/1356/679
f 2952/1356/677 2943/1356/677 2958/1356/677
f 2957/1356/683 2958/1356/683 2943/1356/683
f 2959/1356/683 2957/1356/683 2938/1356/683
f 2962/1356/679 2957/1356/679 2959/1356/679
f 2957/1356/686 2961/1356/686 2938/1356/686
f 2960/1356/679 2957/1356/679 2943/1356/679
f 2957/1356/686 2960/1356/686 2961/1356/686
f 2962/1356/679 2953/1356/679 2957/1356/679
f 2953/1356/685 2962/1356/685 2963/1356/685
f 2964/1356/686 2963/1356/686 2962/1356/686
f 2964/1356/686 2962/1356/686 2959/1356/686
f 2965/1356/675 2964/1356/675 2938/1356/675
f 2959/1356/683 2938/1356/683 2964/1356/683
f 2965/1356/675 2963/1356/675 2964/1356/675
f 2945/1356/675 2966/1356/675 2965/1356/675
f 2967/1356/686 2965/1356/686 2966/1356/686
f 2967/1356/686 2953/1356/686 2965/1356/686
f 2953/1356/685 2963/1356/685 2965/1356/685
f 2940/1356/686 2965/1356/686 2938/1356/686
f 2968/1356/685 2965/1356/685 2940/1356/685
f 2968/1356/685 2945/1356/685 2965/1356/685
f 2939/1356/675 2968/1356/675 2940/1356/675
f 2945/1356/677 2968/1356/677 2939/1356/677
f 2954/1356/685 2967/1356/685 2966/1356/685
f 2953/1356/679 2967/1356/679 2951/1356/679
f 2954/1356/685 2951/1356/685 2967/1356/685
f 2945/1356/675 2954/1356/675 2966/1356/675
f 2942/1356/675 2938/1356/675 2961/1356/675
f 2960/1356/683 2942/1356/683 2961/1356/683
f 2960/1356/683 2946/1356/683 2942/1356/683
f 2960/1356/679 2943/1356/679 2946/1356/679
f 2972/1356/686 2970/1356/686 2969/1356/686
f 2973/1356/683 2969/1356/683 2970/1356/683
f 2973/1356/683 2971/1356/683 2969/1356/683
f 2971/1356/675 2972/1356/675 2969/1356/675
f 2974/1356/675 2973/1356/675 2970/1356/675
f 2978/1356/677 2973/1356/677 2974/1356/677
f 2977/1356/677 2971/1356/677 2973/1356/677
f 2978/1356/677 2975/1356/677 2973/1356/677
f 2975/1356/683 2976/1356/683 2973/1356/683
f 2979/1356/675 2973/1356/675 2976/1356/675
f 2979/1356/675 2977/1356/675 2973/1356/675
f 2980/1356/685 2977/1356/685 2979/1356/685
f 2981/1356/677 2980/1356/677 2979/1356/677
f 2981/1356/677 2979/1356/677 2976/1356/677
f 2975/1356/683 2981/1356/683 2976/1356/683
f 2982/1356/679 2981/1356/679 2975/1356/679
f 2982/1356/679 2980/1356/679 2981/1356/679
f 2980/1356/685 2982/1356/685 2977/1356/685
f 2982/1356/677 2986/1356/677 2977/1356/677
f 2982/1356/677 2983/1356/677 2986/1356/677
f 2985/1356/679 2983/1356/679 2982/1356/679
f 2984/1356/677 2982/1356/677 2975/1356/677
f 2987/1356/685 2982/1356/685 2984/1356/685
f 2987/1356/685 2985/1356/685 2982/1356/685
f 2988/1356/679 2987/1356/679 2984/1356/679
f 2985/1356/686 2987/1356/686 2988/1356/686
f 2989/1356/683 2988/1356/683 2990/1356/683
f 2985/1356/686 2988/1356/686 2989/1356/686
f 2988/1356/679 2984/1356/679 2990/1356/679
f 2984/1356/677 2975/1356/677 2990/1356/677
f 2989/1356/683 2990/1356/683 2975/1356/683
f 2991/1356/683 2989/1356/683 2970/1356/683
f 2994/1356/679 2989/1356/679 2991/1356/679
f 2989/1356/686 2993/1356/686 2970/1356/686
f 2992/1356/679 2989/1356/679 2975/1356/679
f 2989/1356/686 2992/1356/686 2993/1356/686
f 2994/1356/679 2985/1356/679 2989/1356/679
f 2985/1356/685 2994/1356/685 2995/1356/685
f 2996/1356/686 2995/1356/686 2994/1356/686
f 2996/1356/686 2994/1356/686 2991/1356/686
f 2997/1356/675 2996/1356/675 2970/1356/675
f 2991/1356/683 2970/1356/683 2996/1356/683
f 2997/1356/675 2995/1356/675 2996/1356/675
f 2977/1356/675 2998/1356/675 2997/1356/675
f 2999/1356/686 2997/1356/686 2998/1356/686
f 2999/1356/686 2985/1356/686 2997/1356/686
f 2985/1356/685 2995/1356/685 2997/1356/685
f 2972/1356/686 2997/1356/686 2970/1356/686
f 3000/1356/685 2997/1356/685 2972/1356/685
f 3000/1356/685 2977/1356/685 2997/1356/685
f 2971/1356/675 3000/1356/675 2972/1356/675
f 2977/1356/677 3000/1356/677 2971/1356/677
f 2986/1356/685 2999/1356/685 2998/1356/685
f 2985/1356/679 2999/1356/679 2983/1356/679
f 2986/1356/685 2983/1356/685 2999/1356/685
f 2977/1356/675 2986/1356/675 2998/1356/675
f 2974/1356/675 2970/1356/675 2993/1356/675
f 2992/1356/683 2974/1356/683 2993/1356/683
f 2992/1356/683 2978/1356/683 2974/1356/683
f 2992/1356/679 2975/1356/679 2978/1356/679
f 3004/1356/686 3002/1356/686 3001/1356/686
f 3005/1356/683 3001/1356/683 3002/1356/683
f 3005/1356/683 3003/1356/683 3001/1356/683
f 3003/1356/675 3004/1356/675 3001/1356/675
f 3006/1356/675 3005/1356/675 3002/1356/675
f 3010/1356/677 3005/1356/677 3006/1356/677
f 3009/1356/677 3003/1356/677 3005/1356/677
f 3010/1356/677 3007/1356/677 3005/1356/677
f 3007/1356/683 3008/1356/683 3005/1356/683
f 3011/1356/675 3005/1356/675 3008/1356/675
f 3011/1356/675 3009/1356/675 3005/1356/675
f 3012/1356/685 3009/1356/685 3011/1356/685
f 3013/1356/677 3012/1356/677 3011/1356/677
f 3013/1356/677 3011/1356/677 3008/1356/677
f 3007/1356/683 3013/1356/683 3008/1356/683
f 3014/1356/679 3013/1356/679 3007/1356/679
f 3014/1356/679 3012/1356/679 3013/1356/679
f 3012/1356/685 3014/1356/685 3009/1356/685
f 3014/1356/677 3018/1356/677 3009/1356/677
f 3014/1356/677 3015/1356/677 3018/1356/677
f 3017/1356/679 3015/1356/679 3014/1356/679
f 3016/1356/677 3014/1356/677 3007/1356/677
f 3019/1356/685 3014/1356/685 3016/1356/685
f 3019/1356/685 3017/1356/685 3014/1356/685
f 3020/1356/679 3019/1356/679 3016/1356/679
f 3017/1356/686 3019/1356/686 3020/1356/686
f 3021/1356/683 3020/1356/683 3022/1356/683
f 3017/1356/686 3020/1356/686 3021/1356/686
f 3020/1356/679 3016/1356/679 3022/1356/679
f 3016/1356/677 3007/1356/677 3022/1356/677
f 3021/1356/683 3022/1356/683 3007/1356/683
f 3023/1356/683 3021/1356/683 3002/1356/683
f 3026/1356/679 3021/1356/679 3023/1356/679
f 3021/1356/686 3025/1356/686 3002/1356/686
f 3024/1356/679 3021/1356/679 3007/1356/679
f 3021/1356/686 3024/1356/686 3025/1356/686
f 3026/1356/679 3017/1356/679 3021/1356/679
f 3017/1356/685 3026/1356/685 3027/1356/685
f 3028/1356/686 3027/1356/686 3026/1356/686
f 3028/1356/686 3026/1356/686 3023/1356/686
f 3029/1356/675 3028/1356/675 3002/1356/675
f 3023/1356/683 3002/1356/683 3028/1356/683
f 3029/1356/675 3027/1356/675 3028/1356/675
f 3009/1356/675 3030/1356/675 3029/1356/675
f 3031/1356/686 3029/1356/686 3030/1356/686
f 3031/1356/686 3017/1356/686 3029/1356/686
f 3017/1356/685 3027/1356/685 3029/1356/685
f 3004/1356/686 3029/1356/686 3002/1356/686
f 3032/1356/685 3029/1356/685 3004/1356/685
f 3032/1356/685 3009/1356/685 3029/1356/685
f 3003/1356/675 3032/1356/675 3004/1356/675
f 3009/1356/677 3032/1356/677 3003/1356/677
f 3018/1356/685 3031/1356/685 3030/1356/685
f 3017/1356/679 3031/1356/679 3015/1356/679
f 3018/1356/685 3015/1356/685 3031/1356/685
f 3009/1356/675 3018/1356/675 3030/1356/675
f 3006/1356/675 3002/1356/675 3025/1356/675
f 3024/1356/683 3006/1356/683 3025/1356/683
f 3024/1356/683 3010/1356/683 3006/1356/683
f 3024/1356/679 3007/1356/679 3010/1356/679
f 3036/1356/686 3034/1356/686 3033/1356/686
f 3037/1356/683 3033/1356/683 3034/1356/683
f 3037/1356/683 3035/1356/683 3033/1356/683
f 3035/1356/675 3036/1356/675 3033/1356/675
f 3038/1356/675 3037/1356/675 3034/1356/675
f 3042/1356/677 3037/1356/677 3038/1356/677
f 3041/1356/677 3035/1356/677 3037/1356/677
f 3042/1356/677 3039/1356/677 3037/1356/677
f 3039/1356/683 3040/1356/683 3037/1356/683
f 3043/1356/675 3037/1356/675 3040/1356/675
f 3043/1356/675 3041/1356/675 3037/1356/675
f 3044/1356/685 3041/1356/685 3043/1356/685
f 3045/1356/677 3044/1356/677 3043/1356/677
f 3045/1356/677 3043/1356/677 3040/1356/677
f 3039/1356/683 3045/1356/683 3040/1356/683
f 3046/1356/679 3045/1356/679 3039/1356/679
f 3046/1356/679 3044/1356/679 3045/1356/679
f 3044/1356/685 3046/1356/685 3041/1356/685
f 3046/1356/677 3050/1356/677 3041/1356/677
f 3046/1356/677 3047/1356/677 3050/1356/677
f 3049/1356/679 3047/1356/679 3046/1356/679
f 3048/1356/677 3046/1356/677 3039/1356/677
f 3051/1356/685 3046/1356/685 3048/1356/685
f 3051/1356/685 3049/1356/685 3046/1356/685
f 3052/1356/679 3051/1356/679 3048/1356/679
f 3049/1356/686 3051/1356/686 3052/1356/686
f 3053/1356/683 3052/1356/683 3054/1356/683
f 3049/1356/686 3052/1356/686 3053/1356/686
f 3052/1356/679 3048/1356/679 3054/1356/679
f 3048/1356/677 3039/1356/677 3054/1356/677
f 3053/1356/683 3054/1356/683 3039/1356/683
f 3055/1356/683 3053/1356/683 3034/1356/683
f 3058/1356/679 3053/1356/679 3055/1356/679
f 3053/1356/686 3057/1356/686 3034/1356/686
f 3056/1356/679 3053/1356/679 3039/1356/679
f 3053/1356/686 3056/1356/686 3057/1356/686
f 3058/1356/679 3049/1356/679 3053/1356/679
f 3049/1356/685 3058/1356/685 3059/1356/685
f 3060/1356/686 3059/1356/686 3058/1356/686
f 3060/1356/686 3058/1356/686 3055/1356/686
f 3061/1356/675 3060/1356/675 3034/1356/675
f 3055/1356/683 3034/1356/683 3060/1356/683
f 3061/1356/675 3059/1356/675 3060/1356/675
f 3041/1356/675 3062/1356/675 3061/1356/675
f 3063/1356/686 3061/1356/686 3062/1356/686
f 3063/1356/686 3049/1356/686 3061/1356/686
f 3049/1356/685 3059/1356/685 3061/1356/685
f 3036/1356/686 3061/1356/686 3034/1356/686
f 3064/1356/685 3061/1356/685 3036/1356/685
f 3064/1356/685 3041/1356/685 3061/1356/685
f 3035/1356/675 3064/1356/675 3036/1356/675
f 3041/1356/677 3064/1356/677 3035/1356/677
f 3050/1356/685 3063/1356/685 3062/1356/685
f 3049/1356/679 3063/1356/679 3047/1356/679
f 3050/1356/685 3047/1356/685 3063/1356/685
f 3041/1356/675 3050/1356/675 3062/1356/675
f 3038/1356/675 3034/1356/675 3057/1356/675
f 3056/1356/683 3038/1356/683 3057/1356/683
f 3056/1356/683 3042/1356/683 3038/1356/683
f 3056/1356/679 3039/1356/679 3042/1356/679
f 3068/1356/686 3066/1356/686 3065/1356/686
f 3069/1356/683 3065/1356/683 3066/1356/683
f 3069/1356/683 3067/1356/683 3065/1356/683
f 3067/1356/675 3068/1356/675 3065/1356/675
f 3070/1356/675 3069/1356/675 3066/1356/675
f 3074/1356/677 3069/1356/677 3070/1356/677
f 3073/1356/677 3067/1356/677 3069/1356/677
f 3074/1356/677 3071/1356/677 3069/1356/677
f 3071/1356/683 3072/1356/683 3069/1356/683
f 3075/1356/675 3069/1356/675 3072/1356/675
f 3075/1356/675 3073/1356/675 3069/1356/675
f 3076/1356/685 3073/1356/685 3075/1356/685
f 3077/1356/677 3076/1356/677 3075/1356/677
f 3077/1356/677 3075/1356/677 3072/1356/677
f 3071/1356/683 3077/1356/683 3072/1356/683
f 3078/1356/679 3077/1356/679 3071/1356/679
f 3078/1356/679 3076/1356/679 3077/1356/679
f 3076/1356/685 3078/1356/685 3073/1356/685
f 3078/1356/677 3082/1356/677 3073/1356/677
f 3078/1356/677 3079/1356/677 3082/1356/677
f 3081/1356/679 3079/1356/679 3078/1356/679
f 3080/1356/677 3078/1356/677 3071/1356/677
f 3083/1356/685 3078/1356/685 3080/1356/685
f 3083/1356/685 3081/1356/685 3078/1356/685
f 3084/1356/679 3083/1356/679 3080/1356/679
f 3081/1356/686 3083/1356/686 3084/1356/686
f 3085/1356/683 3084/1356/683 3086/1356/683
f 3081/1356/686 3084/1356/686 3085/1356/686
f 3084/1356/679 3080/1356/679 3086/1356/679
f 3080/1356/677 3071/1356/677 3086/1356/677
f 3085/1356/683 3086/1356/683 3071/1356/683
f 3087/1356/683 3085/1356/683 3066/1356/683
f 3090/1356/679 3085/1356/679 3087/1356/679
f 3085/1356/686 3089/1356/686 3066/1356/686
f 3088/1356/679 3085/1356/679 3071/1356/679
f 3085/1356/686 3088/1356/686 3089/1356/686
f 3090/1356/679 3081/1356/679 3085/1356/679
f 3081/1356/685 3090/1356/685 3091/1356/685
f 3092/1356/686 3091/1356/686 3090/1356/686
f 3092/1356/686 3090/1356/686 3087/1356/686
f 3093/1356/675 3092/1356/675 3066/1356/675
f 3087/1356/683 3066/1356/683 3092/1356/683
f 3093/1356/675 3091/1356/675 3092/1356/675
f 3073/1356/675 3094/1356/675 3093/1356/675
f 3095/1356/686 3093/1356/686 3094/1356/686
f 3095/1356/686 3081/1356/686 3093/1356/686
f 3081/1356/685 3091/1356/685 3093/1356/685
f 3068/1356/686 3093/1356/686 3066/1356/686
f 3096/1356/685 3093/1356/685 3068/1356/685
f 3096/1356/685 3073/1356/685 3093/1356/685
f 3067/1356/675 3096/1356/675 3068/1356/675
f 3073/1356/677 3096/1356/677 3067/1356/677
f 3082/1356/685 3095/1356/685 3094/1356/685
f 3081/1356/679 3095/1356/679 3079/1356/679
f 3082/1356/685 3079/1356/685 3095/1356/685
f 3073/1356/675 3082/1356/675 3094/1356/675
f 3070/1356/675 3066/1356/675 3089/1356/675
f 3088/1356/683 3070/1356/683 3089/1356/683
f 3088/1356/683 3074/1356/683 3070/1356/683
f 3088/1356/679 3071/1356/679 3074/1356/679
f 3100/1356/686 3098/1356/686 3097/1356/686
f 3101/1356/683 3097/1356/683 3098/1356/683
f 3101/1356/683 3099/1356/683 3097/1356/683
f 3099/1356/675 3100/1356/675 3097/1356/675
f 3102/1356/675 3101/1356/675 3098/1356/675
f 3106/1356/677 3101/1356/677 3102/1356/677
f 3105/1356/677 3099/1356/677 3101/1356/677
f 3106/1356/677 3103/1356/677 3101/1356/677
f 3103/1356/683 3104/1356/683 3101/1356/683
f 3107/1356/675 3101/1356/675 3104/1356/675
f 3107/1356/675 3105/1356/675 3101/1356/675
f 3108/1356/685 3105/1356/685 3107/1356/685
f 3109/1356/677 3108/1356/677 3107/1356/677
f 3109/1356/677 3107/1356/677 3104/1356/677
f 3103/1356/683 3109/1356/683 3104/1356/683
f 3110/1356/679 3109/1356/679 3103/1356/679
f 3110/1356/679 3108/1356/679 3109/1356/679
f 3108/1356/685 3110/1356/685 3105/1356/685
f 3110/1356/677 3114/1356/677 3105/1356/677
f 3110/1356/677 3111/1356/677 3114/1356/677
f 3113/1356/679 3111/1356/679 3110/1356/679
f 3112/1356/677 3110/1356/677 3103/1356/677
f 3115/1356/685 3110/1356/685 3112/1356/685
f 3115/1356/685 3113/1356/685 3110/1356/685
f 3116/1356/679 3115/1356/679 3112/1356/679
f 3113/1356/686 3115/1356/686 3116/1356/686
f 3117/1356/683 3116/1356/683 3118/1356/683
f 3113/1356/686 3116/1356/686 3117/1356/686
f 3116/1356/679 3112/1356/679 3118/1356/679
f 3112/1356/677 3103/1356/677 3118/1356/677
f 3117/1356/683 3118/1356/683 3103/1356/683
f 3119/1356/683 3117/1356/683 3098/1356/683
f 3122/1356/679 3117/1356/679 3119/1356/679
f 3117/1356/686 3121/1356/686 3098/1356/686
f 3120/1356/679 3117/1356/679 3103/1356/679
f 3117/1356/686 3120/1356/686 3121/1356/686
f 3122/1356/679 3113/1356/679 3117/1356/679
f 3113/1356/685 3122/1356/685 3123/1356/685
f 3124/1356/686 3123/1356/686 3122/1356/686
f 3124/1356/686 3122/1356/686 3119/1356/686
f 3125/1356/675 3124/1356/675 3098/1356/675
f 3119/1356/683 3098/1356/683 3124/1356/683
f 3125/1356/675 3123/1356/675 3124/1356/675
f 3105/1356/675 3126/1356/675 3125/1356/675
f 3127/1356/686 3125/1356/686 3126/1356/686
f 3127/1356/686 3113/1356/686 3125/1356/686
f 3113/1356/685 3123/1356/685 3125/1356/685
f 3100/1356/686 3125/1356/686 3098/1356/686
f 3128/1356/685 3125/1356/685 3100/1356/685
f 3128/1356/685 3105/1356/685 3125/1356/685
f 3099/1356/675 3128/1356/675 3100/1356/675
f 3105/1356/677 3128/1356/677 3099/1356/677
f 3114/1356/685 3127/1356/685 3126/1356/685
f 3113/1356/679 3127/1356/679 3111/1356/679
f 3114/1356/685 3111/1356/685 3127/1356/685
f 3105/1356/675 3114/1356/675 3126/1356/675
f 3102/1356/675 3098/1356/675 3121/1356/675
f 3120/1356/683 3102/1356/683 3121/1356/683
f 3120/1356/683 3106/1356/683 3102/1356/683
f 3120/1356/679 3103/1356/679 3106/1356/679
f 3132/1356/686 3130/1356/686 3129/1356/686
f 3133/1356/683 3129/1356/683 3130/1356/683
f 3133/1356/683 3131/1356/683 3129/1356/683
f 3131/1356/675 3132/1356/675 3129/1356/675
f 3134/1356/675 3133/1356/675 3130/1356/675
f 3138/1356/677 3133/1356/677 3134/1356/677
f 3137/1356/677 3131/1356/677 3133/1356/677
f 3138/1356/677 3135/1356/677 3133/1356/677
f 3135/1356/683 3136/1356/683 3133/1356/683
f 3139/1356/675 3133/1356/675 3136/1356/675
f 3139/1356/675 3137/1356/675 3133/1356/675
f 3140/1356/685 3137/1356/685 3139/1356/685
f 3141/1356/677 3140/1356/677 3139/1356/677
f 3141/1356/677 3139/1356/677 3136/1356/677
f 3135/1356/683 3141/1356/683 3136/1356/683
f 3142/1356/679 3141/1356/679 3135/1356/679
f 3142/1356/679 3140/1356/679 3141/1356/679
f 3140/1356/685 3142/1356/685 3137/1356/685
f 3142/1356/677 3146/1356/677 3137/1356/677
f 3142/1356/677 3143/1356/677 3146/1356/677
f 3145/1356/679 3143/1356/679 3142/1356/679
f 3144/1356/677 3142/1356/677 3135/1356/677
f 3147/1356/685 3142/1356/685 3144/1356/685
f 3147/1356/685 3145/1356/685 3142/1356/685
f 3148/1356/679 3147/1356/679 3144/1356/679
f 3145/1356/686 3147/1356/686 3148/1356/686
f 3149/1356/683 3148/1356/683 3150/1356/683
f 3145/1356/686 3148/1356/686 3149/1356/686
f 3148/1356/679 3144/1356/679 3150/1356/679
f 3144/1356/677 3135/1356/677 3150/1356/677
f 3149/1356/683 3150/1356/683 3135/1356/683
f 3151/1356/683 3149/1356/683 3130/1356/683
f 3154/1356/679 3149/1356/679 3151/1356/679
f 3149/1356/686 3153/1356/686 3130/1356/686
f 3152/1356/679 3149/1356/679 3135/1356/679
f 3149/1356/686 3152/1356/686 3153/1356/686
f 3154/1356/679 3145/1356/679 3149/1356/679
f 3145/1356/685 3154/1356/685 3155/1356/685
f 3156/1356/686 3155/1356/686 3154/1356/686
f 3156/1356/686 3154/1356/686 3151/1356/686
f 3157/1356/675 3156/1356/675 3130/1356/675
f 3151/1356/683 3130/1356/683 3156/1356/683
f 3157/1356/675 3155/1356/675 3156/1356/675
f 3137/1356/675 3158/1356/675 3157/1356/675
f 3159/1356/686 3157/1356/686 3158/1356/686
f 3159/1356/686 3145/1356/686 3157/1356/686
f 3145/1356/685 3155/1356/685 3157/1356/685
f 3132/1356/686 3157/1356/686 3130/1356/686
f 3160/1356/685 3157/1356/685 3132/1356/685
f 3160/1356/685 3137/1356/685 3157/1356/685
f 3131/1356/675 3160/1356/675 3132/1356/675
f 3137/1356/677 3160/1356/677 3131/1356/677
f 3146/1356/685 3159/1356/685 3158/1356/685
f 3145/1356/679 3159/1356/679 3143/1356/679
f 3146/1356/685 3143/1356/685 3159/1356/685
f 3137/1356/675 3146/1356/675 3158/1356/675
f 3134/1356/675 3130/1356/675 3153/1356/675
f 3152/1356/683 3134/1356/683 3153/1356/683
f 3152/1356/683 3138/1356/683 3134/1356/683
f 3152/1356/679 3135/1356/679 3138/1356/679
f 2634/1356/671 2633/1356/671 2597/1356/671
f 2598/1356/671 2636/1356/671 2635/1356/671
f 2634/1356/671 2597/1356/671 2604/1356/671
f 2604/1356/671 2598/1356/671 2635/1356/671
f 2616/1356/672 2617/1356/672 2613/1356/672
f 2614/1356/672 2615/1356/672 2616/1356/672
f 2608/1356/675 2597/1356/675 2637/1356/675
f 2624/1356/682 2623/1356/682 2605/1356/682
f 2597/1356/682 2622/1356/682 2620/1356/682
f 2597/1356/682 2620/1356/682 2604/1356/682
f 2620/1356/682 2621/1356/682 2604/1356/682
f 2624/1356/682 2605/1356/682 2604/1356/682
f 2625/1356/682 2622/1356/682 2597/1356/682
f 2596/1356/682 2605/1356/682 2623/1356/682
f 2625/1356/682 2597/1356/682 2596/1356/682
f 2626/1356/672 2615/1356/672 2607/1356/672
f 2615/1356/672 2614/1356/672 2607/1356/672
f 2608/1356/672 2619/1356/672 2626/1356/672
f 2627/1356/684 2642/1356/684 2638/1356/684
f 2608/1356/684 2640/1356/684 2641/1356/684
f 2629/1356/685 2631/1356/685 2609/1356/685
f 2612/1356/685 2632/1356/685 2630/1356/685
f 2629/1356/685 2609/1356/685 2610/1356/685
f 2610/1356/685 2612/1356/685 2630/1356/685
f 2612/1356/684 2613/1356/684 2628/1356/684
f 2639/1356/675 2636/1356/675 2598/1356/675
f 2623/1357/677 2624/1403/677 2616/1404/677
f 2615/1358/677 2626/1405/677 2625/1359/677
f 2623/1357/677 2616/1404/677 2615/1358/677
f 2617/1406/675 2616/1404/675 2621/1407/675
f 2616/1404/675 2624/1403/675 2621/1407/675
f 2621/1407/675 2602/1362/675 2628/1361/675
f 2617/1406/675 2621/1407/675 2628/1361/675
f 2602/1362/675 2630/1364/675 2632/1360/675
f 2600/1363/686 2629/1408/686 2630/1364/686
f 2625/1409/679 2626/1410/679 2619/1411/679
f 2618/1367/679 2641/1412/679 2643/1365/679
f 2625/1409/679 2619/1411/679 2622/1413/679
f 2619/1411/679 2618/1367/679 2620/1366/679
f 2622/1413/679 2619/1411/679 2620/1366/679
f 2631/1369/679 2629/1408/679 2600/1363/679
f 2600/1363/679 2644/1414/679 2627/1368/679
f 2644/1414/679 2642/1415/679 2627/1368/679
f 2646/1372/685 2644/1416/685 2600/1363/685
f 2600/1363/685 2602/1362/685 2646/1372/685
f 2602/1362/685 2621/1370/685 2646/1372/685
f 2621/1370/685 2620/1417/685 2645/1371/685
f 2620/1417/685 2643/1418/685 2645/1371/685
f 2668/1356/689 2667/1356/689 2653/1356/689
f 2654/1356/689 2677/1356/689 2665/1356/689
f 2677/1356/689 2680/1356/689 2665/1356/689
f 2665/1356/689 2668/1356/689 2653/1356/689
f 2666/1356/689 2679/1356/689 2678/1356/689
f 2654/1356/675 2656/1356/675 2681/1356/675
f 2682/1356/675 2684/1356/675 2657/1356/675
f 2670/1356/690 2657/1356/690 2684/1356/690
f 2669/1356/690 2685/1356/690 2683/1356/690
f 2658/1356/690 2671/1356/690 2672/1356/690
f 2669/1356/690 2683/1356/690 2656/1356/690
f 2658/1356/690 2672/1356/690 2656/1356/690
f 2674/1356/690 2671/1356/690 2659/1356/690
f 2671/1356/690 2658/1356/690 2659/1356/690
f 2657/1356/690 2670/1356/690 2673/1356/690
f 2657/1356/690 2673/1356/690 2674/1356/690
f 2675/1356/689 2666/1356/689 2655/1356/689
f 2660/1356/689 2653/1356/689 2667/1356/689
f 2676/1356/689 2675/1356/689 2660/1356/689
f 2675/1356/689 2655/1356/689 2660/1356/689
f 2668/1380/677 2665/1426/677 2669/1381/677
f 2674/1387/675 2676/1386/675 2671/1384/675
f 2676/1386/675 2667/1383/675 2671/1384/675
f 2667/1383/675 2668/1380/675 2672/1382/675
f 2673/1385/686 2675/1427/686 2676/1386/686
f 2679/1428/679 2666/1390/679 2686/1389/679
f 2666/1390/679 2675/1427/679 2670/1388/679
f 2675/1427/679 2673/1385/679 2670/1388/679
f 2669/1391/679 2665/1429/679 2680/1392/679
f 2898/1356/675 2917/1356/675 2918/1356/675
f 2900/1356/677 2899/1356/677 2921/1356/677
f 2900/1356/679 2920/1356/679 2922/1356/679
f 2901/1356/677 2923/1356/677 2924/1356/677
f 2925/1356/679 2926/1356/679 2906/1356/679
f 2906/1356/686 2926/1356/686 2927/1356/686
f 2904/1356/679 2928/1356/679 2930/1356/679
f 2932/1356/686 2933/1356/686 2908/1356/686
f 2908/1356/675 2933/1356/675 2934/1356/675
f 2909/1356/686 2935/1356/686 2913/1356/686
f 2912/1356/675 2897/1356/675 2915/1356/675
f 2912/1356/677 2936/1356/677 2916/1356/677
f 2934/1434/683 2933/1435/683 2932/1436/683
f 2932/1436/683 2931/1437/683 2930/1438/683
f 2932/1436/683 2930/1438/683 2928/1439/683
f 2935/1440/683 2934/1434/683 2932/1436/683
f 2915/1441/683 2914/1442/683 2913/1443/683
f 2935/1440/683 2932/1436/683 2928/1439/683
f 2915/1441/683 2913/1443/683 2935/1440/683
f 2916/1444/683 2936/1445/683 2915/1441/683
f 2917/1446/683 2916/1444/683 2915/1441/683
f 2915/1441/683 2935/1440/683 2917/1446/683
f 2935/1440/683 2928/1439/683 2917/1446/683
f 2927/1447/683 2926/1448/683 2925/1449/683
f 2928/1439/683 2927/1447/683 2925/1449/683
f 2917/1446/683 2928/1439/683 2923/1400/683
f 2923/1400/683 2928/1439/683 2925/1449/683
f 2925/1449/683 2929/1450/683 2924/1451/683
f 2925/1449/683 2924/1451/683 2923/1400/683
f 2918/1452/683 2917/1446/683 2921/1402/683
f 2921/1402/683 2917/1446/683 2923/1400/683
f 2921/1402/683 2919/1453/683 2918/1452/683
f 2922/1401/691 2920/1454/691 2921/1402/691
usemtl WalkWall
f 2634/1373/677 2645/1374/677 2643/1375/677
f 2634/1373/675 2646/1376/675 2645/1374/675
f 2636/1377/686 2639/1378/686 2644/1379/686
f 2681/1394/677 2683/1395/677 2685/1396/677
f 2682/1397/686 2679/1398/686 2686/1399/686
f 2643/1375/677 2641/1419/677 2637/1420/677
f 2641/1419/677 2640/1421/677 2637/1420/677
f 2637/1420/677 2633/1422/677 2643/1375/677
f 2633/1422/677 2634/1373/677 2643/1375/677
f 2634/1373/675 2635/1423/675 2646/1376/675
f 2646/1376/686 2635/1423/686 2644/1379/686
f 2635/1423/686 2636/1377/686 2644/1379/686
f 2639/1378/686 2638/1424/686 2642/1425/686
f 2639/1378/686 2642/1425/686 2644/1379/686
f 2685/1396/677 2680/1430/677 2681/1394/677
f 2680/1430/677 2677/1431/677 2681/1394/677
f 2686/1399/686 2684/1432/686 2682/1397/686
f 2682/1397/686 2678/1433/686 2679/1398/686
o Deck
v 29.190001 21.364300 12.232000
v 26.271000 20.669300 3.780800
v 19.849199 19.140301 0.000000
v -21.016800 19.070801 0.000000
v -29.190001 19.070801 3.336000
v -29.190001 19.070801 19.126400
v -21.016800 19.070801 22.240000
v 19.849199 19.140301 22.240000
v 26.271000 20.669300 18.348000
v 29.190001 21.781300 12.232000
v 26.271000 21.086300 3.780800
v 19.849199 19.557299 0.000000
v -21.016800 19.487801 0.000000
v -29.190001 19.487801 3.336000
v -29.190001 19.487801 19.126400
v -21.016800 19.487801 22.240000
v 19.849199 19.557299 22.240000
v 26.271000 21.086300 18.348000
v 16.721699 19.512125 1.390000
v 16.638300 19.512125 1.390000
v 16.721699 19.512125 20.850000
v 16.721699 19.560776 1.390000
v 16.721699 19.560776 20.850000
v 16.638300 19.560776 20.850000
v 16.638300 19.560776 1.390000
v 16.638300 19.512125 20.850000
v 12.551700 19.512125 1.390000
v 12.468300 19.512125 1.390000
v 12.551700 19.512125 20.850000
v 12.551700 19.560776 1.390000
v 12.551700 19.560776 20.850000
v 12.468300 19.560776 20.850000
v 12.468300 19.560776 1.390000
v 12.468300 19.512125 20.850000
v 8.381701 19.512125 1.390000
v 8.298300 19.512125 1.390000
v 8.381701 19.512125 20.850000
v 8.381701 19.560776 1.390000
v 8.381701 19.560776 20.850000
v 8.298300 19.560776 20.850000
v 8.298300 19.560776 1.390000
v 8.298300 19.512125 20.850000
v 4.211700 19.512125 1.390000
v 4.128300 19.512125 1.390000
v 4.211700 19.512125 20.850000
v 4.211700 19.560776 1.390000
v 4.211700 19.560776 20.850000
v 4.128300 19.560776 20.850000
v 4.128300 19.560776 1.390000
v 4.128300 19.512125 20.850000
v 0.041700 19.512125 1.390000
v -0.041700 19.512125 1.390000
v 0.041700 19.512125 20.850000
v 0.041700 19.560776 1.390000
v 0.041700 19.560776 20.850000
v -0.041700 19.560776 20.850000
v -0.041700 19.560776 1.390000
v -0.041700 19.512125 20.850000
v -4.128300 19.512125 1.390000
v -4.211700 19.512125 1.390000
v -4.128300 19.512125 20.850000
v -4.128300 19.560776 1.390000
v -4.128300 19.560776 20.850000
v -4.211700 19.560776 20.850000
v -4.211700 19.560776 1.390000
v -4.211700 19.512125 20.850000
v -8.298300 19.512125 1.390000
v -8.381701 19.512125 1.390000
v -8.298300 19.512125 20.850000
v -8.298300 19.560776 1.390000
v -8.298300 19.560776 20.850000
v -8.381701 19.560776 20.850000
v -8.381701 19.560776 1.390000
v -8.381701 19.512125 20.850000
v -12.468300 19.512125 1.390000
v -12.551700 19.512125 1.390000
v -12.468300 19.512125 20.850000
v -12.468300 19.560776 1.390000
v -12.468300 19.560776 20.850000
v -12.551700 19.560776 20.850000
v -12.551700 19.560776 1.390000
v -12.551700 19.512125 20.850000
v -16.638300 19.512125 1.390000
v -16.721699 19.512125 1.390000
v -16.638300 19.512125 20.850000
v -16.638300 19.560776 1.390000
v -16.638300 19.560776 20.850000
v -16.721699 19.560776 20.850000
v -16.721699 19.560776 1.390000
v -16.721699 19.512125 20.850000
v -20.808300 19.512125 1.390000
v -20.891699 19.512125 1.390000
v -20.808300 19.512125 20.850000
v -20.808300 19.560776 1.390000
v -20.808300 19.560776 20.850000
v -20.891699 19.560776 20.850000
v -20.891699 19.560776 1.390000
v -20.891699 19.512125 20.850000
vn 0.0017 -1.0000 -0.0000
vn -0.2316 0.9728 -0.0000
vn 0.9452 -0.0000 -0.3265
vn 0.5073 -0.0000 -0.8617
vn -0.0000 -0.0000 -1.0000
vn -0.3779 -0.0000 -0.9258
vn -1.0000 -0.0000 -0.0000
vn -0.3560 -0.0000 0.9345
vn -0.0000 -0.0000 1.0000
vn 0.5183 -0.0000 0.8552
vn 0.9025 -0.0000 0.4307
vn 0.2316 -0.9728 -0.0000
vn -0.0000 -1.0000 -0.0000
vn -0.0017 1.0000 -0.0000
vn -0.0000 1.0000 -0.0000
vn 1.0000 -0.0000 -0.0000
s 0
usemtl Deck
f 3164//692 3163//692 3168//692
f 3177//693 3178//693 3172//693
f 3161//694 3171//694 3170//694
f 3162//695 3172//695 3171//695
f 3163//696 3173//696 3172//696
f 3165//697 3173//697 3164//697
f 3166//698 3174//698 3165//698
f 3167//699 3175//699 3166//699
f 3168//700 3176//700 3167//700
f 3169//701 3177//701 3168//701
f 3161//702 3178//702 3169//702
f 3161//703 3169//703 3162//703
f 3169//703 3168//703 3163//703
f 3162//703 3169//703 3163//703
f 3168//692 3167//692 3164//692
f 3167//704 3166//704 3165//704
f 3164//704 3167//704 3165//704
f 3178//693 3170//693 3171//693
f 3171//693 3172//693 3178//693
f 3172//705 3173//705 3177//705
f 3173//706 3174//706 3176//706
f 3174//706 3175//706 3176//706
f 3176//705 3177//705 3173//705
f 3161//694 3162//694 3171//694
f 3162//695 3163//695 3172//695
f 3163//696 3164//696 3173//696
f 3165//697 3174//697 3173//697
f 3166//698 3175//698 3174//698
f 3167//699 3176//699 3175//699
f 3168//700 3177//700 3176//700
f 3169//701 3178//701 3177//701
f 3161//702 3170//702 3178//702
usemtl HullDark
f 3180//696 3182//696 3179//696
f 3181//704 3180//704 3179//704
f 3179//707 3183//707 3181//707
f 3179//707 3182//707 3183//707
f 3185//706 3183//706 3182//706
f 3181//700 3183//700 3184//700
f 3185//706 3184//706 3183//706
f 3180//696 3185//696 3182//696
f 3186//698 3184//698 3185//698
f 3186//698 3185//698 3180//698
f 3181//704 3186//704 3180//704
f 3181//700 3184//700 3186//700
f 3188//696 3190//696 3187//696
f 3189//704 3188//704 3187//704
f 3187//707 3191//707 3189//707
f 3187//707 3190//707 3191//707
f 3193//706 3191//706 3190//706
f 3189//700 3191//700 3192//700
f 3193//706 3192//706 3191//706
f 3188//696 3193//696 3190//696
f 3194//698 3192//698 3193//698
f 3194//698 3193//698 3188//698
f 3189//704 3194//704 3188//704
f 3189//700 3192//700 3194//700
f 3196//696 3198//696 3195//696
f 3197//704 3196//704 3195//704
f 3195//707 3199//707 3197//707
f 3195//707 3198//707 3199//707
f 3201//706 3199//706 3198//706
f 3197//700 3199//700 3200//700
f 3201//706 3200//706 3199//706
f 3196//696 3201//696 3198//696
f 3202//698 3200//698 3201//698
f 3202//698 3201//698 3196//698
f 3197//704 3202//704 3196//704
f 3197//700 3200//700 3202//700
f 3204//696 3206//696 3203//696
f 3205//704 3204//704 3203//704
f 3203//707 3207//707 3205//707
f 3203//707 3206//707 3207//707
f 3209//706 3207//706 3206//706
f 3205//700 3207//700 3208//700
f 3209//706 3208//706 3207//706
f 3204//696 3209//696 3206//696
f 3210//698 3208//698 3209//698
f 3210//698 3209//698 3204//698
f 3205//704 3210//704 3204//704
f 3205//700 3208//700 3210//700
f 3212//696 3214//696 3211//696
f 3213//704 3212//704 3211//704
f 3211//707 3215//707 3213//707
f 3211//707 3214//707 3215//707
f 3217//706 3215//706 3214//706
f 3213//700 3215//700 3216//700
f 3217//706 3216//706 3215//706
f 3212//696 3217//696 3214//696
f 3218//698 3216//698 3217//698
f 3218//698 3217//698 3212//698
f 3213//704 3218//704 3212//704
f 3213//700 3216//700 3218//700
f 3220//696 3222//696 3219//696
f 3221//704 3220//704 3219//704
f 3219//707 3223//707 3221//707
f 3219//707 3222//707 3223//707
f 3225//706 3223//706 3222//706
f 3221//700 3223//700 3224//700
f 3225//706 3224//706 3223//706
f 3220//696 3225//696 3222//696
f 3226//698 3224//698 3225//698
f 3226//698 3225//698 3220//698
f 3221//704 3226//704 3220//704
f 3221//700 3224//700 3226//700
f 3228//696 3230//696 3227//696
f 3229//704 3228//704 3227//704
f 3227//707 3231//707 3229//707
f 3227//707 3230//707 3231//707
f 3233//706 3231//706 3230//706
f 3229//700 3231//700 3232//700
f 3233//706 3232//706 3231//706
f 3228//696 3233//696 3230//696
f 3234//698 3232//698 3233//698
f 3234//698 3233//698 3228//698
f 3229//704 3234//704 3228//704
f 3229//700 3232//700 3234//700
f 3236//696 3238//696 3235//696
f 3237//704 3236//704 3235//704
f 3235//707 3239//707 3237//707
f 3235//707 3238//707 3239//707
f 3241//706 3239//706 3238//706
f 3237//700 3239//700 3240//700
f 3241//706 3240//706 3239//706
f 3236//696 3241//696 3238//696
f 3242//698 3240//698 3241//698
f 3242//698 3241//698 3236//698
f 3237//704 3242//704 3236//704
f 3237//700 3240//700 3242//700
f 3244//696 3246//696 3243//696
f 3245//704 3244//704 3243//704
f 3243//707 3247//707 3245//707
f 3243//707 3246//707 3247//707
f 3249//706 3247//706 3246//706
f 3245//700 3247//700 3248//700
f 3249//706 3248//706 3247//706
f 3244//696 3249//696 3246//696
f 3250//698 3248//698 3249//698
f 3250//698 3249//698 3244//698
f 3245//704 3250//704 3244//704
f 3245//700 3248//700 3250//700
f 3252//696 3254//696 3251//696
f 3253//704 3252//704 3251//704
f 3251//707 3255//707 3253//707
f 3251//707 3254//707 3255//707
f 3257//706 3255//706 3254//706
f 3253//700 3255//700 3256//700
f 3257//706 3256//706 3255//706
f 3252//696 3257//696 3254//696
f 3258//698 3256//698 3257//698
f 3258//698 3257//698 3252//698
f 3253//704 3258//704 3252//704
f 3253//700 3256//700 3258//700
o Rails
v 22.073200 22.490200 -0.611600
v 22.240000 22.490200 -0.444800
v 22.073200 22.323400 -0.444800
v 22.073202 22.490200 -0.444800
v -22.073200 22.490200 -0.611600
v -22.073200 22.323400 -0.444800
v -22.240000 22.490200 -0.444800
v -22.073202 22.490200 -0.444800
v -22.073200 22.490200 0.194600
v -22.240000 22.490200 0.027800
v -22.073200 22.323400 0.027800
v -22.073202 22.490200 0.027800
v 22.240000 22.490200 0.027800
v 22.073200 22.490200 0.194600
v 22.073200 22.323400 0.027800
v 22.073202 22.490200 0.027800
v 22.240000 22.823799 -0.444800
v 22.073200 22.823799 -0.611600
v 22.073200 22.990599 -0.444800
v 22.073202 22.823799 -0.444800
v -22.073200 22.823799 -0.611600
v -22.240000 22.823799 -0.444800
v -22.073200 22.990599 -0.444800
v -22.073202 22.823799 -0.444800
v -22.240000 22.823799 0.027800
v -22.073200 22.823799 0.194600
v -22.073200 22.990599 0.027800
v -22.073202 22.823799 0.027800
v 22.240000 22.823799 0.027800
v 22.073200 22.990599 0.027800
v 22.073200 22.823799 0.194600
v 22.073202 22.823799 0.027800
v 20.850000 22.045401 -0.695000
v 21.194006 22.045401 -0.552508
v 20.850000 22.490202 -0.695000
v 20.505993 22.045401 -0.552507
v 20.505993 22.490202 -0.552507
v 20.363499 22.490202 -0.208500
v 20.505993 22.490202 0.135507
v 20.363499 22.045401 -0.208500
v 20.850000 22.490202 0.278000
v 21.194006 22.490202 0.135507
v 20.850000 22.045401 0.278000
v 20.505993 22.045401 0.135507
v 21.336500 22.490202 -0.208500
v 21.194006 22.490202 -0.552508
v 21.336500 22.045401 -0.208500
v 21.194006 22.045401 0.135507
v 16.680000 22.045401 -0.695000
v 17.024008 22.045401 -0.552508
v 16.680000 22.490202 -0.695000
v 16.335993 22.045401 -0.552507
v 16.335993 22.490202 -0.552507
v 16.193499 22.490202 -0.208500
v 16.335993 22.490202 0.135507
v 16.193499 22.045401 -0.208500
v 16.680000 22.490202 0.278000
v 17.024008 22.490202 0.135507
v 16.680000 22.045401 0.278000
v 16.335993 22.045401 0.135507
v 17.166500 22.490202 -0.208500
v 17.024008 22.490202 -0.552508
v 17.166500 22.045401 -0.208500
v 17.024008 22.045401 0.135507
v 12.510000 22.045401 -0.695000
v 12.854007 22.045401 -0.552508
v 12.510000 22.490202 -0.695000
v 12.165993 22.045401 -0.552507
v 12.165993 22.490202 -0.552507
v 12.023499 22.490202 -0.208500
v 12.165993 22.490202 0.135507
v 12.023499 22.045401 -0.208500
v 12.510000 22.490202 0.278000
v 12.854007 22.490202 0.135507
v 12.510000 22.045401 0.278000
v 12.165993 22.045401 0.135507
v 12.996500 22.490202 -0.208500
v 12.854007 22.490202 -0.552508
v 12.996500 22.045401 -0.208500
v 12.854007 22.045401 0.135507
v 8.340000 22.045401 -0.695000
v 8.684008 22.045401 -0.552508
v 8.340000 22.490202 -0.695000
v 7.995992 22.045401 -0.552507
v 7.995992 22.490202 -0.552507
v 7.853500 22.490202 -0.208500
v 7.995992 22.490202 0.135507
v 7.853500 22.045401 -0.208500
v 8.340000 22.490202 0.278000
v 8.826500 22.490202 -0.208500
v 8.684008 22.490202 -0.552508
v 8.826500 22.045401 -0.208500
v 8.684008 22.490202 0.135507
v 8.684008 22.045401 0.135507
v 8.340000 22.045401 0.278000
v 7.995992 22.045401 0.135507
v 4.170000 22.045401 -0.695000
v 4.514007 22.045401 -0.552508
v 4.170000 22.490202 -0.695000
v 3.825993 22.045401 -0.552507
v 3.825993 22.490202 -0.552507
v 3.683500 22.490202 -0.208500
v 3.825993 22.490202 0.135507
v 3.683500 22.045401 -0.208500
v 4.170000 22.490202 0.278000
v 4.656500 22.490202 -0.208500
v 4.514007 22.490202 -0.552508
v 4.656500 22.045401 -0.208500
v 4.514007 22.490202 0.135507
v 4.514007 22.045401 0.135507
v 4.170000 22.045401 0.278000
v 3.825993 22.045401 0.135507
v -0.000000 22.045401 -0.695000
v 0.344007 22.045401 -0.552508
v -0.000000 22.490202 -0.695000
v -0.344007 22.045401 -0.552507
v -0.344007 22.490202 -0.552507
v -0.486500 22.490202 -0.208500
v -0.344007 22.490202 0.135507
v -0.486500 22.045401 -0.208500
v 0.000000 22.490202 0.278000
v 0.486500 22.490202 -0.208500
v 0.344007 22.490202 -0.552508
v 0.486500 22.045401 -0.208500
v 0.344007 22.490202 0.135507
v 0.344007 22.045401 0.135507
v 0.000000 22.045401 0.278000
v -0.344007 22.045401 0.135507
v -4.170000 22.045401 -0.695000
v -3.825993 22.045401 -0.552508
v -4.170000 22.490202 -0.695000
v -4.514007 22.045401 -0.552507
v -4.514007 22.490202 -0.552507
v -4.656500 22.490202 -0.208500
v -4.514007 22.490202 0.135507
v -4.656500 22.045401 -0.208500
v -4.170000 22.490202 0.278000
v -3.683500 22.490202 -0.208500
v -3.825993 22.490202 -0.552508
v -3.683500 22.045401 -0.208500
v -3.825993 22.490202 0.135507
v -3.825993 22.045401 0.135507
v -4.170000 22.045401 0.278000
v -4.514007 22.045401 0.135507
v -8.340000 22.045401 -0.695000
v -7.995992 22.045401 -0.552508
v -8.340000 22.490202 -0.695000
v -8.684008 22.045401 -0.552507
v -8.684008 22.490202 -0.552507
v -8.826500 22.490202 -0.208500
v -8.684008 22.490202 0.135507
v -8.826500 22.045401 -0.208500
v -8.340000 22.490202 0.278000
v -7.853500 22.490202 -0.208500
v -7.995992 22.490202 -0.552508
v -7.853500 22.045401 -0.208500
v -7.995992 22.490202 0.135507
v -7.995992 22.045401 0.135507
v -8.340000 22.045401 0.278000
v -8.684008 22.045401 0.135507
v -12.510000 22.045401 -0.695000
v -12.165993 22.045401 -0.552508
v -12.510000 22.490202 -0.695000
v -12.854007 22.045401 -0.552507
v -12.854007 22.490202 -0.552507
v -12.996500 22.490202 -0.208500
v -12.854007 22.490202 0.135507
v -12.996500 22.045401 -0.208500
v -12.510000 22.490202 0.278000
v -12.165993 22.490202 0.135507
v -12.510000 22.045401 0.278000
v -12.854007 22.045401 0.135507
v -12.023499 22.490202 -0.208500
v -12.165993 22.490202 -0.552508
v -12.023499 22.045401 -0.208500
v -12.165993 22.045401 0.135507
v -16.680000 22.045401 -0.695000
v -16.335993 22.045401 -0.552508
v -16.680000 22.490202 -0.695000
v -17.024008 22.045401 -0.552507
v -17.024008 22.490202 -0.552507
v -17.166500 22.490202 -0.208500
v -17.024008 22.490202 0.135507
v -17.166500 22.045401 -0.208500
v -16.680000 22.490202 0.278000
v -16.335993 22.490202 0.135507
v -16.680000 22.045401 0.278000
v -17.024008 22.045401 0.135507
v -16.193499 22.490202 -0.208500
v -16.335993 22.490202 -0.552508
v -16.193499 22.045401 -0.208500
v -16.335993 22.045401 0.135507
v -20.850000 22.045401 -0.695000
v -20.505993 22.045401 -0.552508
v -20.850000 22.490202 -0.695000
v -21.194006 22.045401 -0.552507
v -21.194006 22.490202 -0.552507
v -21.336500 22.490202 -0.208500
v -21.194006 22.490202 0.135507
v -21.336500 22.045401 -0.208500
v -20.850000 22.490202 0.278000
v -20.505993 22.490202 0.135507
v -20.850000 22.045401 0.278000
v -21.194006 22.045401 0.135507
v -20.363499 22.490202 -0.208500
v -20.505993 22.490202 -0.552508
v -20.363499 22.045401 -0.208500
v -20.505993 22.045401 0.135507
v 20.850000 22.045401 21.961998
v 21.194006 22.045401 22.104490
v 20.850000 22.490202 21.961998
v 20.505993 22.045401 22.104490
v 20.505993 22.490202 22.104490
v 20.363499 22.490202 22.448500
v 21.336500 22.490202 22.448500
v 21.194006 22.490202 22.104490
v 21.336500 22.045401 22.448500
v 21.194006 22.490202 22.792507
v 21.194006 22.045401 22.792507
v 20.850000 22.045401 22.934999
v 20.505993 22.045401 22.792507
v 20.505993 22.490202 22.792507
v 20.363499 22.045401 22.448500
v 20.850000 22.490202 22.934999
v 16.680000 22.045401 21.961998
v 17.024008 22.045401 22.104490
v 16.680000 22.490202 21.961998
v 16.335993 22.045401 22.104490
v 16.335993 22.490202 22.104490
v 16.193499 22.490202 22.448500
v 17.166500 22.490202 22.448500
v 17.024008 22.490202 22.104490
v 17.166500 22.045401 22.448500
v 17.024008 22.490202 22.792507
v 17.024008 22.045401 22.792507
v 16.680000 22.045401 22.934999
v 16.335993 22.045401 22.792507
v 16.335993 22.490202 22.792507
v 16.193499 22.045401 22.448500
v 16.680000 22.490202 22.934999
v 12.510000 22.045401 21.961998
v 12.854007 22.045401 22.104490
v 12.510000 22.490202 21.961998
v 12.165993 22.045401 22.104490
v 12.165993 22.490202 22.104490
v 12.023499 22.490202 22.448500
v 12.996500 22.490202 22.448500
v 12.854007 22.490202 22.104490
v 12.996500 22.045401 22.448500
v 12.854007 22.490202 22.792507
v 12.854007 22.045401 22.792507
v 12.510000 22.045401 22.934999
v 12.165993 22.045401 22.792507
v 12.165993 22.490202 22.792507
v 12.023499 22.045401 22.448500
v 12.510000 22.490202 22.934999
v 8.340000 22.045401 21.961998
v 8.684008 22.045401 22.104490
v 8.340000 22.490202 21.961998
v 7.995992 22.045401 22.104490
v 7.995992 22.490202 22.104490
v 7.853500 22.490202 22.448500
v 7.995992 22.490202 22.792507
v 7.853500 22.045401 22.448500
v 8.340000 22.490202 22.934999
v 8.826500 22.490202 22.448500
v 8.684008 22.490202 22.104490
v 8.826500 22.045401 22.448500
v 8.684008 22.490202 22.792507
v 8.684008 22.045401 22.792507
v 8.340000 22.045401 22.934999
v 7.995992 22.045401 22.792507
v 4.170000 22.045401 21.961998
v 4.514007 22.045401 22.104490
v 4.170000 22.490202 21.961998
v 3.825993 22.045401 22.104490
v 3.825993 22.490202 22.104490
v 3.683500 22.490202 22.448500
v 3.825993 22.490202 22.792507
v 3.683500 22.045401 22.448500
v 4.170000 22.490202 22.934999
v 4.656500 22.490202 22.448500
v 4.514007 22.490202 22.104490
v 4.656500 22.045401 22.448500
v 4.514007 22.490202 22.792507
v 4.514007 22.045401 22.792507
v 4.170000 22.045401 22.934999
v 3.825993 22.045401 22.792507
v -0.000000 22.045401 21.961998
v 0.344007 22.045401 22.104490
v -0.000000 22.490202 21.961998
v -0.344007 22.045401 22.104490
v -0.344007 22.490202 22.104490
v -0.486500 22.490202 22.448500
v -0.344007 22.490202 22.792507
v -0.486500 22.045401 22.448500
v 0.000000 22.490202 22.934999
v 0.486500 22.490202 22.448500
v 0.344007 22.490202 22.104490
v 0.486500 22.045401 22.448500
v 0.344007 22.490202 22.792507
v 0.344007 22.045401 22.792507
v 0.000000 22.045401 22.934999
v -0.344007 22.045401 22.792507
v -4.170000 22.045401 21.961998
v -3.825993 22.045401 22.104490
v -4.170000 22.490202 21.961998
v -4.514007 22.045401 22.104490
v -4.514007 22.490202 22.104490
v -4.656500 22.490202 22.448500
v -4.514007 22.490202 22.792507
v -4.656500 22.045401 22.448500
v -4.170000 22.490202 22.934999
v -3.683500 22.490202 22.448500
v -3.825993 22.490202 22.104490
v -3.683500 22.045401 22.448500
v -3.825993 22.490202 22.792507
v -3.825993 22.045401 22.792507
v -4.170000 22.045401 22.934999
v -4.514007 22.045401 22.792507
v -8.340000 22.045401 21.961998
v -7.995992 22.045401 22.104490
v -8.340000 22.490202 21.961998
v -8.684008 22.045401 22.104490
v -8.684008 22.490202 22.104490
v -8.826500 22.490202 22.448500
v -8.684008 22.490202 22.792507
v -8.826500 22.045401 22.448500
v -8.340000 22.490202 22.934999
v -7.853500 22.490202 22.448500
v -7.995992 22.490202 22.104490
v -7.853500 22.045401 22.448500
v -7.995992 22.490202 22.792507
v -7.995992 22.045401 22.792507
v -8.340000 22.045401 22.934999
v -8.684008 22.045401 22.792507
v -12.510000 22.045401 21.961998
v -12.165993 22.045401 22.104490
v -12.510000 22.490202 21.961998
v -12.854007 22.045401 22.104490
v -12.854007 22.490202 22.104490
v -12.996500 22.490202 22.448500
v -12.023499 22.490202 22.448500
v -12.165993 22.490202 22.104490
v -12.023499 22.045401 22.448500
v -12.165993 22.490202 22.792507
v -12.165993 22.045401 22.792507
v -12.510000 22.045401 22.934999
v -12.854007 22.045401 22.792507
v -12.854007 22.490202 22.792507
v -12.996500 22.045401 22.448500
v -12.510000 22.490202 22.934999
v -16.680000 22.045401 21.961998
v -16.335993 22.045401 22.104490
v -16.680000 22.490202 21.961998
v -17.024008 22.045401 22.104490
v -17.024008 22.490202 22.104490
v -17.166500 22.490202 22.448500
v -16.193499 22.490202 22.448500
v -16.335993 22.490202 22.104490
v -16.193499 22.045401 22.448500
v -16.335993 22.490202 22.792507
v -16.335993 22.045401 22.792507
v -16.680000 22.045401 22.934999
v -17.024008 22.045401 22.792507
v -17.024008 22.490202 22.792507
v -17.166500 22.045401 22.448500
v -16.680000 22.490202 22.934999
v -20.850000 22.045401 21.961998
v -20.505993 22.045401 22.104490
v -20.850000 22.490202 21.961998
v -21.194006 22.045401 22.104490
v -21.194006 22.490202 22.104490
v -21.336500 22.490202 22.448500
v -20.363499 22.490202 22.448500
v -20.505993 22.490202 22.104490
v -20.363499 22.045401 22.448500
v -20.505993 22.490202 22.792507
v -20.505993 22.045401 22.792507
v -20.850000 22.045401 22.934999
v -21.194006 22.045401 22.792507
v -21.194006 22.490202 22.792507
v -21.336500 22.045401 22.448500
v -20.850000 22.490202 22.934999
v 20.995949 19.418301 -0.486500
v 20.995949 19.418301 -0.389200
v 20.704050 19.418301 -0.486500
v 20.995949 22.420700 -0.486500
v 20.704050 19.418301 -0.389200
v 20.704050 19.321001 -0.389200
v 20.704050 19.418301 -0.027800
v 20.606749 19.418301 -0.389200
v 20.704050 22.420700 -0.389200
v 20.704050 19.321001 -0.027800
v 20.606749 22.420700 -0.389200
v 20.606749 22.420700 -0.027800
v 20.606749 19.418301 -0.027800
v 20.704050 22.420700 -0.027800
v 20.704050 22.518002 -0.027800
v 20.704050 22.420700 0.069500
v 20.995949 22.420700 -0.027800
v 20.704050 22.518002 -0.389200
v 20.995949 22.420700 0.069500
v 20.995949 19.418301 0.069500
v 20.995949 19.418301 -0.027800
v 20.704050 19.418301 0.069500
v 21.093250 19.418301 -0.027800
v 20.995949 19.321001 -0.027800
v 20.995949 19.321001 -0.389200
v 21.093250 22.420700 -0.027800
v 21.093250 22.420700 -0.389200
v 21.093250 19.418301 -0.389200
v 20.995949 22.420700 -0.389200
v 20.995949 22.518002 -0.389200
v 20.995949 22.518002 -0.027800
v 20.704050 22.420700 -0.486500
v 16.825949 19.418301 -0.486500
v 16.825949 19.418301 -0.389200
v 16.534050 19.418301 -0.486500
v 16.825949 22.420700 -0.486500
v 16.534050 19.418301 -0.389200
v 16.534050 19.321001 -0.389200
v 16.534050 19.418301 -0.027800
v 16.436750 19.418301 -0.389200
v 16.534050 22.420700 -0.389200
v 16.534050 19.321001 -0.027800
v 16.436750 22.420700 -0.389200
v 16.436750 22.420700 -0.027800
v 16.436750 19.418301 -0.027800
v 16.534050 22.420700 -0.027800
v 16.534050 22.518002 -0.027800
v 16.534050 22.420700 0.069500
v 16.825949 22.420700 -0.027800
v 16.534050 22.518002 -0.389200
v 16.825949 22.420700 0.069500
v 16.825949 19.418301 0.069500
v 16.825949 19.418301 -0.027800
v 16.534050 19.418301 0.069500
v 16.923250 19.418301 -0.027800
v 16.825949 19.321001 -0.027800
v 16.825949 19.321001 -0.389200
v 16.923250 22.420700 -0.027800
v 16.923250 22.420700 -0.389200
v 16.923250 19.418301 -0.389200
v 16.825949 22.420700 -0.389200
v 16.825949 22.518002 -0.389200
v 16.825949 22.518002 -0.027800
v 16.534050 22.420700 -0.486500
v 12.655950 19.418301 -0.486500
v 12.655950 19.418301 -0.389200
v 12.364051 19.418301 -0.486500
v 12.655950 22.420700 -0.486500
v 12.364051 19.418301 -0.389200
v 12.364051 19.321001 -0.389200
v 12.364051 19.418301 -0.027800
v 12.266749 19.418301 -0.389200
v 12.364051 22.420700 -0.389200
v 12.364051 19.321001 -0.027800
v 12.266749 22.420700 -0.389200
v 12.266749 22.420700 -0.027800
v 12.266749 19.418301 -0.027800
v 12.364051 22.420700 -0.027800
v 12.364051 22.518002 -0.027800
v 12.364051 22.420700 0.069500
v 12.655950 22.420700 -0.027800
v 12.364051 22.518002 -0.389200
v 12.655950 22.420700 0.069500
v 12.655950 19.418301 0.069500
v 12.655950 19.418301 -0.027800
v 12.364051 19.418301 0.069500
v 12.753250 19.418301 -0.027800
v 12.655950 19.321001 -0.027800
v 12.655950 19.321001 -0.389200
v 12.753250 22.420700 -0.027800
v 12.753250 22.420700 -0.389200
v 12.753250 19.418301 -0.389200
v 12.655950 22.420700 -0.389200
v 12.655950 22.518002 -0.389200
v 12.655950 22.518002 -0.027800
v 12.364051 22.420700 -0.486500
v 8.485950 19.418301 -0.486500
v 8.485950 19.418301 -0.389200
v 8.194050 19.418301 -0.486500
v 8.485950 22.420700 -0.486500
v 8.194050 19.418301 -0.389200
v 8.194050 19.321001 -0.389200
v 8.194050 19.418301 -0.027800
v 8.096749 19.418301 -0.389200
v 8.194050 22.420700 -0.389200
v 8.194050 19.321001 -0.027800
v 8.096749 22.420700 -0.389200
v 8.096749 22.420700 -0.027800
v 8.096749 19.418301 -0.027800
v 8.194050 22.420700 -0.027800
v 8.194050 22.518002 -0.027800
v 8.194050 22.420700 0.069500
v 8.485950 22.420700 -0.027800
v 8.194050 22.518002 -0.389200
v 8.485950 22.420700 0.069500
v 8.485950 19.418301 0.069500
v 8.485950 19.418301 -0.027800
v 8.194050 19.418301 0.069500
v 8.583250 19.418301 -0.027800
v 8.485950 19.321001 -0.027800
v 8.485950 19.321001 -0.389200
v 8.583250 22.420700 -0.027800
v 8.583250 22.420700 -0.389200
v 8.583250 19.418301 -0.389200
v 8.485950 22.420700 -0.389200
v 8.485950 22.518002 -0.389200
v 8.485950 22.518002 -0.027800
v 8.194050 22.420700 -0.486500
v 4.315950 19.418301 -0.486500
v 4.315950 19.418301 -0.389200
v 4.024050 19.418301 -0.486500
v 4.315950 22.420700 -0.486500
v 4.024050 19.418301 -0.389200
v 4.024050 19.321001 -0.389200
v 4.024050 19.418301 -0.027800
v 3.926750 19.418301 -0.389200
v 4.024050 22.420700 -0.389200
v 4.024050 19.321001 -0.027800
v 3.926750 22.420700 -0.389200
v 3.926750 22.420700 -0.027800
v 3.926750 19.418301 -0.027800
v 4.024050 22.420700 -0.027800
v 4.024050 22.518002 -0.027800
v 4.024050 22.420700 0.069500
v 4.315950 22.420700 -0.027800
v 4.024050 22.518002 -0.389200
v 4.315950 22.420700 0.069500
v 4.315950 19.418301 0.069500
v 4.315950 19.418301 -0.027800
v 4.024050 19.418301 0.069500
v 4.413250 19.418301 -0.027800
v 4.315950 19.321001 -0.027800
v 4.315950 19.321001 -0.389200
v 4.413250 22.420700 -0.027800
v 4.413250 22.420700 -0.389200
v 4.413250 19.418301 -0.389200
v 4.315950 22.420700 -0.389200
v 4.315950 22.518002 -0.389200
v 4.315950 22.518002 -0.027800
v 4.024050 22.420700 -0.486500
v 0.145950 19.418301 -0.486500
v 0.145950 19.418301 -0.389200
v -0.145950 19.418301 -0.486500
v 0.145950 22.420700 -0.486500
v -0.145950 19.418301 -0.389200
v -0.145950 19.321001 -0.389200
v -0.145950 19.418301 -0.027800
v -0.243250 19.418301 -0.389200
v -0.145950 22.420700 -0.389200
v -0.145950 19.321001 -0.027800
v -0.243250 22.420700 -0.389200
v -0.243250 22.420700 -0.027800
v -0.243250 19.418301 -0.027800
v -0.145950 22.420700 -0.027800
v -0.145950 22.518002 -0.027800
v -0.145950 22.420700 0.069500
v 0.145950 22.420700 -0.027800
v -0.145950 22.518002 -0.389200
v 0.145950 22.420700 0.069500
v 0.145950 19.418301 0.069500
v 0.145950 19.418301 -0.027800
v -0.145950 19.418301 0.069500
v 0.243250 19.418301 -0.027800
v 0.145950 19.321001 -0.027800
v 0.145950 19.321001 -0.389200
v 0.243250 22.420700 -0.027800
v 0.243250 22.420700 -0.389200
v 0.243250 19.418301 -0.389200
v 0.145950 22.420700 -0.389200
v 0.145950 22.518002 -0.389200
v 0.145950 22.518002 -0.027800
v -0.145950 22.420700 -0.486500
v -4.024050 19.418301 -0.486500
v -4.024050 19.418301 -0.389200
v -4.315950 19.418301 -0.486500
v -4.024050 22.420700 -0.486500
v -4.315950 19.418301 -0.389200
v -4.315950 19.321001 -0.389200
v -4.315950 19.418301 -0.027800
v -4.413250 19.418301 -0.389200
v -4.315950 22.420700 -0.389200
v -4.315950 19.321001 -0.027800
v -4.413250 22.420700 -0.389200
v -4.413250 22.420700 -0.027800
v -4.413250 19.418301 -0.027800
v -4.315950 22.420700 -0.027800
v -4.315950 22.518002 -0.027800
v -4.315950 22.420700 0.069500
v -4.024050 22.420700 -0.027800
v -4.315950 22.518002 -0.389200
v -4.024050 22.420700 0.069500
v -4.024050 19.418301 0.069500
v -4.024050 19.418301 -0.027800
v -4.315950 19.418301 0.069500
v -3.926750 19.418301 -0.027800
v -4.024050 19.321001 -0.027800
v -4.024050 19.321001 -0.389200
v -3.926750 22.420700 -0.027800
v -3.926750 22.420700 -0.389200
v -3.926750 19.418301 -0.389200
v -4.024050 22.420700 -0.389200
v -4.024050 22.518002 -0.389200
v -4.024050 22.518002 -0.027800
v -4.315950 22.420700 -0.486500
v -8.194050 19.418301 -0.486500
v -8.194050 19.418301 -0.389200
v -8.485950 19.418301 -0.486500
v -8.194050 22.420700 -0.486500
v -8.485950 19.418301 -0.389200
v -8.485950 19.321001 -0.389200
v -8.485950 19.418301 -0.027800
v -8.583250 19.418301 -0.389200
v -8.485950 22.420700 -0.389200
v -8.485950 19.321001 -0.027800
v -8.583250 22.420700 -0.389200
v -8.583250 22.420700 -0.027800
v -8.583250 19.418301 -0.027800
v -8.485950 22.420700 -0.027800
v -8.485950 22.518002 -0.027800
v -8.485950 22.420700 0.069500
v -8.194050 22.420700 -0.027800
v -8.485950 22.518002 -0.389200
v -8.194050 22.420700 0.069500
v -8.194050 19.418301 0.069500
v -8.194050 19.418301 -0.027800
v -8.485950 19.418301 0.069500
v -8.096749 19.418301 -0.027800
v -8.194050 19.321001 -0.027800
v -8.194050 19.321001 -0.389200
v -8.096749 22.420700 -0.027800
v -8.096749 22.420700 -0.389200
v -8.096749 19.418301 -0.389200
v -8.194050 22.420700 -0.389200
v -8.194050 22.518002 -0.389200
v -8.194050 22.518002 -0.027800
v -8.485950 22.420700 -0.486500
v -12.364051 19.418301 -0.486500
v -12.364051 19.418301 -0.389200
v -12.655950 19.418301 -0.486500
v -12.364051 22.420700 -0.486500
v -12.655950 19.418301 -0.389200
v -12.655950 19.321001 -0.389200
v -12.655950 19.418301 -0.027800
v -12.753250 19.418301 -0.389200
v -12.655950 22.420700 -0.389200
v -12.655950 19.321001 -0.027800
v -12.753250 22.420700 -0.389200
v -12.753250 22.420700 -0.027800
v -12.753250 19.418301 -0.027800
v -12.655950 22.420700 -0.027800
v -12.655950 22.518002 -0.027800
v -12.655950 22.420700 0.069500
v -12.364051 22.420700 -0.027800
v -12.655950 22.518002 -0.389200
v -12.364051 22.420700 0.069500
v -12.364051 19.418301 0.069500
v -12.364051 19.418301 -0.027800
v -12.655950 19.418301 0.069500
v -12.266749 19.418301 -0.027800
v -12.364051 19.321001 -0.027800
v -12.364051 19.321001 -0.389200
v -12.266749 22.420700 -0.027800
v -12.266749 22.420700 -0.389200
v -12.266749 19.418301 -0.389200
v -12.364051 22.420700 -0.389200
v -12.364051 22.518002 -0.389200
v -12.364051 22.518002 -0.027800
v -12.655950 22.420700 -0.486500
v -16.534050 19.418301 -0.486500
v -16.534050 19.418301 -0.389200
v -16.825949 19.418301 -0.486500
v -16.534050 22.420700 -0.486500
v -16.825949 19.418301 -0.389200
v -16.825949 19.321001 -0.389200
v -16.825949 19.418301 -0.027800
v -16.923250 19.418301 -0.389200
v -16.825949 22.420700 -0.389200
v -16.825949 19.321001 -0.027800
v -16.923250 22.420700 -0.389200
v -16.923250 22.420700 -0.027800
v -16.923250 19.418301 -0.027800
v -16.825949 22.420700 -0.027800
v -16.825949 22.518002 -0.027800
v -16.825949 22.420700 0.069500
v -16.534050 22.420700 -0.027800
v -16.825949 22.518002 -0.389200
v -16.534050 22.420700 0.069500
v -16.534050 19.418301 0.069500
v -16.534050 19.418301 -0.027800
v -16.825949 19.418301 0.069500
v -16.436750 19.418301 -0.027800
v -16.534050 19.321001 -0.027800
v -16.534050 19.321001 -0.389200
v -16.436750 22.420700 -0.027800
v -16.436750 22.420700 -0.389200
v -16.436750 19.418301 -0.389200
v -16.534050 22.420700 -0.389200
v -16.534050 22.518002 -0.389200
v -16.534050 22.518002 -0.027800
v -16.825949 22.420700 -0.486500
v -20.704050 19.418301 -0.486500
v -20.704050 19.418301 -0.389200
v -20.995949 19.418301 -0.486500
v -20.704050 22.420700 -0.486500
v -20.995949 19.418301 -0.389200
v -20.995949 19.321001 -0.389200
v -20.995949 19.418301 -0.027800
v -21.093250 19.418301 -0.389200
v -20.995949 22.420700 -0.389200
v -20.995949 19.321001 -0.027800
v -21.093250 22.420700 -0.389200
v -21.093250 22.420700 -0.027800
v -21.093250 19.418301 -0.027800
v -20.995949 22.420700 -0.027800
v -20.995949 22.518002 -0.027800
v -20.995949 22.420700 0.069500
v -20.704050 22.420700 -0.027800
v -20.995949 22.518002 -0.389200
v -20.704050 22.420700 0.069500
v -20.704050 19.418301 0.069500
v -20.704050 19.418301 -0.027800
v -20.995949 19.418301 0.069500
v -20.606749 19.418301 -0.027800
v -20.704050 19.321001 -0.027800
v -20.704050 19.321001 -0.389200
v -20.606749 22.420700 -0.027800
v -20.606749 22.420700 -0.389200
v -20.606749 19.418301 -0.389200
v -20.704050 22.420700 -0.389200
v -20.704050 22.518002 -0.389200
v -20.704050 22.518002 -0.027800
v -20.995949 22.420700 -0.486500
v 22.073200 22.490200 22.045397
v 22.073202 22.490200 22.212198
v -22.073200 22.490200 22.045397
v 22.073200 22.823799 22.045397
v -22.073202 22.490200 22.212198
v 22.073202 22.823799 22.212198
v 22.073200 22.990599 22.212198
v 22.073202 22.823799 22.684799
v 22.240000 22.823799 22.212198
v -22.073202 22.823799 22.212198
v 22.073200 22.990599 22.684799
v -22.073200 22.823799 22.045397
v 22.240000 22.490200 22.212198
v 22.240000 22.490200 22.684799
v 22.240000 22.823799 22.684799
v 22.073202 22.490200 22.684799
v 22.073200 22.323400 22.684799
v -22.073202 22.490200 22.684799
v 22.073200 22.490200 22.851601
v 22.073200 22.323400 22.212198
v -22.073200 22.490200 22.851601
v 22.073200 22.823799 22.851601
v -22.073200 22.823799 22.851601
v -22.073202 22.823799 22.684799
v -22.240000 22.823799 22.684799
v -22.073200 22.990599 22.684799
v -22.073200 22.990599 22.212198
v -22.240000 22.490200 22.684799
v -22.240000 22.490200 22.212198
v -22.240000 22.823799 22.212198
v -22.073200 22.323400 22.212198
v -22.073200 22.323400 22.684799
v 20.995949 19.418301 22.170498
v 20.995949 19.418301 22.267799
v 20.704050 19.418301 22.170498
v 20.995949 22.420700 22.170498
v 20.704050 19.418301 22.267799
v 20.704050 19.321001 22.267799
v 20.704050 19.418301 22.629198
v 20.606749 19.418301 22.267799
v 20.704050 22.420700 22.267799
v 20.704050 19.321001 22.629198
v 20.606749 22.420700 22.267799
v 20.606749 22.420700 22.629198
v 20.606749 19.418301 22.629198
v 20.704050 22.420700 22.629198
v 20.704050 22.518002 22.629198
v 20.704050 22.420700 22.726500
v 20.995949 22.420700 22.629198
v 20.704050 22.518002 22.267799
v 20.995949 22.420700 22.726500
v 20.995949 19.418301 22.726500
v 20.995949 19.418301 22.629198
v 20.704050 19.418301 22.726500
v 21.093250 19.418301 22.629198
v 20.995949 19.321001 22.629198
v 20.995949 19.321001 22.267799
v 21.093250 22.420700 22.629198
v 21.093250 22.420700 22.267799
v 21.093250 19.418301 22.267799
v 20.995949 22.420700 22.267799
v 20.995949 22.518002 22.267799
v 20.995949 22.518002 22.629198
v 20.704050 22.420700 22.170498
v 16.825949 19.418301 22.170498
v 16.825949 19.418301 22.267799
v 16.534050 19.418301 22.170498
v 16.825949 22.420700 22.170498
v 16.534050 19.418301 22.267799
v 16.534050 19.321001 22.267799
v 16.534050 19.418301 22.629198
v 16.436750 19.418301 22.267799
v 16.534050 22.420700 22.267799
v 16.534050 19.321001 22.629198
v 16.436750 22.420700 22.267799
v 16.436750 22.420700 22.629198
v 16.436750 19.418301 22.629198
v 16.534050 22.420700 22.629198
v 16.534050 22.518002 22.629198
v 16.534050 22.420700 22.726500
v 16.825949 22.420700 22.629198
v 16.534050 22.518002 22.267799
v 16.825949 22.420700 22.726500
v 16.825949 19.418301 22.726500
v 16.825949 19.418301 22.629198
v 16.534050 19.418301 22.726500
v 16.923250 19.418301 22.629198
v 16.825949 19.321001 22.629198
v 16.825949 19.321001 22.267799
v 16.923250 22.420700 22.629198
v 16.923250 22.420700 22.267799
v 16.923250 19.418301 22.267799
v 16.825949 22.420700 22.267799
v 16.825949 22.518002 22.267799
v 16.825949 22.518002 22.629198
v 16.534050 22.420700 22.170498
v 12.655950 19.418301 22.170498
v 12.655950 19.418301 22.267799
v 12.364051 19.418301 22.170498
v 12.655950 22.420700 22.170498
v 12.364051 19.418301 22.267799
v 12.364051 19.321001 22.267799
v 12.364051 19.418301 22.629198
v 12.266749 19.418301 22.267799
v 12.364051 22.420700 22.267799
v 12.364051 19.321001 22.629198
v 12.266749 22.420700 22.267799
v 12.266749 22.420700 22.629198
v 12.266749 19.418301 22.629198
v 12.364051 22.420700 22.629198
v 12.364051 22.518002 22.629198
v 12.364051 22.420700 22.726500
v 12.655950 22.420700 22.629198
v 12.364051 22.518002 22.267799
v 12.655950 22.420700 22.726500
v 12.655950 19.418301 22.726500
v 12.655950 19.418301 22.629198
v 12.364051 19.418301 22.726500
v 12.753250 19.418301 22.629198
v 12.655950 19.321001 22.629198
v 12.655950 19.321001 22.267799
v 12.753250 22.420700 22.629198
v 12.753250 22.420700 22.267799
v 12.753250 19.418301 22.267799
v 12.655950 22.420700 22.267799
v 12.655950 22.518002 22.267799
v 12.655950 22.518002 22.629198
v 12.364051 22.420700 22.170498
v 8.485950 19.418301 22.170498
v 8.485950 19.418301 22.267799
v 8.194050 19.418301 22.170498
v 8.485950 22.420700 22.170498
v 8.194050 19.418301 22.267799
v 8.194050 19.321001 22.267799
v 8.194050 19.418301 22.629198
v 8.096749 19.418301 22.267799
v 8.194050 22.420700 22.267799
v 8.194050 19.321001 22.629198
v 8.096749 22.420700 22.267799
v 8.096749 22.420700 22.629198
v 8.096749 19.418301 22.629198
v 8.194050 22.420700 22.629198
v 8.194050 22.518002 22.629198
v 8.194050 22.420700 22.726500
v 8.485950 22.420700 22.629198
v 8.194050 22.518002 22.267799
v 8.485950 22.420700 22.726500
v 8.485950 19.418301 22.726500
v 8.485950 19.418301 22.629198
v 8.194050 19.418301 22.726500
v 8.583250 19.418301 22.629198
v 8.485950 19.321001 22.629198
v 8.485950 19.321001 22.267799
v 8.583250 22.420700 22.629198
v 8.583250 22.420700 22.267799
v 8.583250 19.418301 22.267799
v 8.485950 22.420700 22.267799
v 8.485950 22.518002 22.267799
v 8.485950 22.518002 22.629198
v 8.194050 22.420700 22.170498
v 4.315950 19.418301 22.170498
v 4.315950 19.418301 22.267799
v 4.024050 19.418301 22.170498
v 4.315950 22.420700 22.170498
v 4.024050 19.418301 22.267799
v 4.024050 19.321001 22.267799
v 4.024050 19.418301 22.629198
v 3.926750 19.418301 22.267799
v 4.024050 22.420700 22.267799
v 4.024050 19.321001 22.629198
v 3.926750 22.420700 22.267799
v 3.926750 22.420700 22.629198
v 3.926750 19.418301 22.629198
v 4.024050 22.420700 22.629198
v 4.024050 22.518002 22.629198
v 4.024050 22.420700 22.726500
v 4.315950 22.420700 22.629198
v 4.024050 22.518002 22.267799
v 4.315950 22.420700 22.726500
v 4.315950 19.418301 22.726500
v 4.315950 19.418301 22.629198
v 4.024050 19.418301 22.726500
v 4.413250 19.418301 22.629198
v 4.315950 19.321001 22.629198
v 4.315950 19.321001 22.267799
v 4.413250 22.420700 22.629198
v 4.413250 22.420700 22.267799
v 4.413250 19.418301 22.267799
v 4.315950 22.420700 22.267799
v 4.315950 22.518002 22.267799
v 4.315950 22.518002 22.629198
v 4.024050 22.420700 22.170498
v 0.145950 19.418301 22.170498
v 0.145950 19.418301 22.267799
v -0.145950 19.418301 22.170498
v 0.145950 22.420700 22.170498
v -0.145950 19.418301 22.267799
v -0.145950 19.321001 22.267799
v -0.145950 19.418301 22.629198
v -0.243250 19.418301 22.267799
v -0.145950 22.420700 22.267799
v -0.145950 19.321001 22.629198
v -0.243250 22.420700 22.267799
v -0.243250 22.420700 22.629198
v -0.243250 19.418301 22.629198
v -0.145950 22.420700 22.629198
v -0.145950 22.518002 22.629198
v -0.145950 22.420700 22.726500
v 0.145950 22.420700 22.629198
v -0.145950 22.518002 22.267799
v 0.145950 22.420700 22.726500
v 0.145950 19.418301 22.726500
v 0.145950 19.418301 22.629198
v -0.145950 19.418301 22.726500
v 0.243250 19.418301 22.629198
v 0.145950 19.321001 22.629198
v 0.145950 19.321001 22.267799
v 0.243250 22.420700 22.629198
v 0.243250 22.420700 22.267799
v 0.243250 19.418301 22.267799
v 0.145950 22.420700 22.267799
v 0.145950 22.518002 22.267799
v 0.145950 22.518002 22.629198
v -0.145950 22.420700 22.170498
v -4.024050 19.418301 22.170498
v -4.024050 19.418301 22.267799
v -4.315950 19.418301 22.170498
v -4.024050 22.420700 22.170498
v -4.315950 19.418301 22.267799
v -4.315950 19.321001 22.267799
v -4.315950 19.418301 22.629198
v -4.413250 19.418301 22.267799
v -4.315950 22.420700 22.267799
v -4.315950 19.321001 22.629198
v -4.413250 22.420700 22.267799
v -4.413250 22.420700 22.629198
v -4.413250 19.418301 22.629198
v -4.315950 22.420700 22.629198
v -4.315950 22.518002 22.629198
v -4.315950 22.420700 22.726500
v -4.024050 22.420700 22.629198
v -4.315950 22.518002 22.267799
v -4.024050 22.420700 22.726500
v -4.024050 19.418301 22.726500
v -4.024050 19.418301 22.629198
v -4.315950 19.418301 22.726500
v -3.926750 19.418301 22.629198
v -4.024050 19.321001 22.629198
v -4.024050 19.321001 22.267799
v -3.926750 22.420700 22.629198
v -3.926750 22.420700 22.267799
v -3.926750 19.418301 22.267799
v -4.024050 22.420700 22.267799
v -4.024050 22.518002 22.267799
v -4.024050 22.518002 22.629198
v -4.315950 22.420700 22.170498
v -8.194050 19.418301 22.170498
v -8.194050 19.418301 22.267799
v -8.485950 19.418301 22.170498
v -8.194050 22.420700 22.170498
v -8.485950 19.418301 22.267799
v -8.485950 19.321001 22.267799
v -8.485950 19.418301 22.629198
v -8.583250 19.418301 22.267799
v -8.485950 22.420700 22.267799
v -8.485950 19.321001 22.629198
v -8.583250 22.420700 22.267799
v -8.583250 22.420700 22.629198
v -8.583250 19.418301 22.629198
v -8.485950 22.420700 22.629198
v -8.485950 22.518002 22.629198
v -8.485950 22.420700 22.726500
v -8.194050 22.420700 22.629198
v -8.485950 22.518002 22.267799
v -8.194050 22.420700 22.726500
v -8.194050 19.418301 22.726500
v -8.194050 19.418301 22.629198
v -8.485950 19.418301 22.726500
v -8.096749 19.418301 22.629198
v -8.194050 19.321001 22.629198
v -8.194050 19.321001 22.267799
v -8.096749 22.420700 22.629198
v -8.096749 22.420700 22.267799
v -8.096749 19.418301 22.267799
v -8.194050 22.420700 22.267799
v -8.194050 22.518002 22.267799
v -8.194050 22.518002 22.629198
v -8.485950 22.420700 22.170498
v -12.364051 19.418301 22.170498
v -12.364051 19.418301 22.267799
v -12.655950 19.418301 22.170498
v -12.364051 22.420700 22.170498
v -12.655950 19.418301 22.267799
v -12.655950 19.321001 22.267799
v -12.655950 19.418301 22.629198
v -12.753250 19.418301 22.267799
v -12.655950 22.420700 22.267799
v -12.655950 19.321001 22.629198
v -12.753250 22.420700 22.267799
v -12.753250 22.420700 22.629198
v -12.753250 19.418301 22.629198
v -12.655950 22.420700 22.629198
v -12.655950 22.518002 22.629198
v -12.655950 22.420700 22.726500
v -12.364051 22.420700 22.629198
v -12.655950 22.518002 22.267799
v -12.364051 22.420700 22.726500
v -12.364051 19.418301 22.726500
v -12.364051 19.418301 22.629198
v -12.655950 19.418301 22.726500
v -12.266749 19.418301 22.629198
v -12.364051 19.321001 22.629198
v -12.364051 19.321001 22.267799
v -12.266749 22.420700 22.629198
v -12.266749 22.420700 22.267799
v -12.266749 19.418301 22.267799
v -12.364051 22.420700 22.267799
v -12.364051 22.518002 22.267799
v -12.364051 22.518002 22.629198
v -12.655950 22.420700 22.170498
v -16.534050 19.418301 22.170498
v -16.534050 19.418301 22.267799
v -16.825949 19.418301 22.170498
v -16.534050 22.420700 22.170498
v -16.825949 19.418301 22.267799
v -16.825949 19.321001 22.267799
v -16.825949 19.418301 22.629198
v -16.923250 19.418301 22.267799
v -16.825949 22.420700 22.267799
v -16.825949 19.321001 22.629198
v -16.923250 22.420700 22.267799
v -16.923250 22.420700 22.629198
v -16.923250 19.418301 22.629198
v -16.825949 22.420700 22.629198
v -16.825949 22.518002 22.629198
v -16.825949 22.420700 22.726500
v -16.534050 22.420700 22.629198
v -16.825949 22.518002 22.267799
v -16.534050 22.420700 22.726500
v -16.534050 19.418301 22.726500
v -16.534050 19.418301 22.629198
v -16.825949 19.418301 22.726500
v -16.436750 19.418301 22.629198
v -16.534050 19.321001 22.629198
v -16.534050 19.321001 22.267799
v -16.436750 22.420700 22.629198
v -16.436750 22.420700 22.267799
v -16.436750 19.418301 22.267799
v -16.534050 22.420700 22.267799
v -16.534050 22.518002 22.267799
v -16.534050 22.518002 22.629198
v -16.825949 22.420700 22.170498
v -20.704050 19.418301 22.170498
v -20.704050 19.418301 22.267799
v -20.995949 19.418301 22.170498
v -20.704050 22.420700 22.170498
v -20.995949 19.418301 22.267799
v -20.995949 19.321001 22.267799
v -20.995949 19.418301 22.629198
v -21.093250 19.418301 22.267799
v -20.995949 22.420700 22.267799
v -20.995949 19.321001 22.629198
v -21.093250 22.420700 22.267799
v -21.093250 22.420700 22.629198
v -21.093250 19.418301 22.629198
v -20.995949 22.420700 22.629198
v -20.995949 22.518002 22.629198
v -20.995949 22.420700 22.726500
v -20.704050 22.420700 22.629198
v -20.995949 22.518002 22.267799
v -20.704050 22.420700 22.726500
v -20.704050 19.418301 22.726500
v -20.704050 19.418301 22.629198
v -20.995949 19.418301 22.726500
v -20.606749 19.418301 22.629198
v -20.704050 19.321001 22.629198
v -20.704050 19.321001 22.267799
v -20.606749 22.420700 22.629198
v -20.606749 22.420700 22.267799
v -20.606749 19.418301 22.267799
v -20.704050 22.420700 22.267799
v -20.704050 22.518002 22.267799
v -20.704050 22.518002 22.629198
v -20.995949 22.420700 22.170498
v 24.394499 22.483250 2.779999
v 24.394499 22.483250 2.919000
v 23.977499 22.483250 2.779999
v 24.394499 22.830750 2.779999
v 23.977499 22.483250 2.919000
v 23.977499 22.344250 2.918999
v 23.977499 22.483250 19.320999
v 23.838499 22.483250 2.918999
v 23.977499 22.830750 2.919000
v 24.394499 22.344250 2.918999
v 23.977499 22.344250 19.320999
v 24.394499 22.344250 19.320999
v 24.394499 22.483250 19.320999
v 24.533499 22.483250 19.320999
v 24.394499 22.483250 19.459999
v 24.394499 22.830750 19.320999
v 23.977499 22.483250 19.459999
v 24.533499 22.830750 19.320999
v 24.394499 22.830750 19.459999
v 23.977499 22.830750 19.459999
v 23.977499 22.830750 19.320999
v 23.838499 22.830750 19.320999
v 23.977499 22.969749 19.320999
v 23.977499 22.969749 2.918999
v 23.838499 22.483250 19.320999
v 23.838499 22.830750 2.918999
v 24.394499 22.969749 2.918999
v 24.394499 22.969749 19.320999
v 24.394499 22.830750 2.919000
v 24.533499 22.830750 2.918999
v 23.977499 22.830750 2.779999
v 24.533499 22.483250 2.918999
v 24.366697 19.835300 3.926750
v 24.366697 19.835300 4.024050
v 24.005301 19.835300 3.926750
v 24.366697 22.420700 3.926750
v 24.005301 19.835300 4.024050
v 24.005301 19.738001 4.024050
v 24.005301 19.835300 4.315950
v 23.907999 19.835300 4.024050
v 24.005301 22.420700 4.024050
v 24.005301 19.738001 4.315950
v 23.907999 22.420700 4.024050
v 23.907999 22.420700 4.315950
v 23.907999 19.835300 4.315950
v 24.005301 22.420700 4.315950
v 24.005301 22.518000 4.315950
v 24.005301 22.420700 4.413250
v 24.366697 22.420700 4.315950
v 24.005301 22.518000 4.024050
v 24.366697 22.420700 4.413250
v 24.366697 19.835300 4.413250
v 24.366697 19.835300 4.315950
v 24.005301 19.835300 4.413250
v 24.464001 19.835300 4.315950
v 24.366697 19.738001 4.315950
v 24.366697 19.738001 4.024050
v 24.464001 22.420700 4.315950
v 24.464001 22.420700 4.024050
v 24.464001 19.835300 4.024050
v 24.366697 22.420700 4.024050
v 24.366697 22.518000 4.024050
v 24.366697 22.518000 4.315950
v 24.005301 22.420700 3.926750
v 24.366697 19.835300 8.096750
v 24.366697 19.835300 8.194050
v 24.005301 19.835300 8.096750
v 24.366697 22.420700 8.096750
v 24.005301 19.835300 8.194050
v 24.005301 19.738001 8.194050
v 24.005301 19.835300 8.485950
v 23.907999 19.835300 8.194050
v 24.005301 22.420700 8.194050
v 24.005301 19.738001 8.485950
v 23.907999 22.420700 8.194050
v 23.907999 22.420700 8.485950
v 23.907999 19.835300 8.485950
v 24.005301 22.420700 8.485950
v 24.005301 22.518000 8.485950
v 24.005301 22.420700 8.583250
v 24.366697 22.420700 8.485950
v 24.005301 22.518000 8.194050
v 24.366697 22.420700 8.583250
v 24.366697 19.835300 8.583250
v 24.366697 19.835300 8.485950
v 24.005301 19.835300 8.583250
v 24.464001 19.835300 8.485950
v 24.366697 19.738001 8.485950
v 24.366697 19.738001 8.194050
v 24.464001 22.420700 8.485950
v 24.464001 22.420700 8.194050
v 24.464001 19.835300 8.194050
v 24.366697 22.420700 8.194050
v 24.366697 22.518000 8.194050
v 24.366697 22.518000 8.485950
v 24.005301 22.420700 8.096750
v 24.366697 19.835300 12.266749
v 24.366697 19.835300 12.364050
v 24.005301 19.835300 12.266749
v 24.366697 22.420700 12.266749
v 24.005301 19.835300 12.364050
v 24.005301 19.738001 12.364050
v 24.005301 19.835300 12.655949
v 23.907999 19.835300 12.364050
v 24.005301 22.420700 12.364050
v 24.005301 19.738001 12.655949
v 23.907999 22.420700 12.364050
v 23.907999 22.420700 12.655949
v 23.907999 19.835300 12.655949
v 24.005301 22.420700 12.655949
v 24.005301 22.518000 12.655949
v 24.005301 22.420700 12.753250
v 24.366697 22.420700 12.655949
v 24.005301 22.518000 12.364050
v 24.366697 22.420700 12.753250
v 24.366697 19.835300 12.753250
v 24.366697 19.835300 12.655949
v 24.005301 19.835300 12.753250
v 24.464001 19.835300 12.655949
v 24.366697 19.738001 12.655949
v 24.366697 19.738001 12.364050
v 24.464001 22.420700 12.655949
v 24.464001 22.420700 12.364050
v 24.464001 19.835300 12.364050
v 24.366697 22.420700 12.364050
v 24.366697 22.518000 12.364050
v 24.366697 22.518000 12.655949
v 24.005301 22.420700 12.266749
v 24.366697 19.835300 16.436749
v 24.366697 19.835300 16.534050
v 24.005301 19.835300 16.436749
v 24.366697 22.420700 16.436749
v 24.005301 19.835300 16.534050
v 24.005301 19.738001 16.534050
v 24.005301 19.835300 16.825949
v 23.907999 19.835300 16.534050
v 24.005301 22.420700 16.534050
v 24.005301 19.738001 16.825949
v 23.907999 22.420700 16.534050
v 23.907999 22.420700 16.825949
v 23.907999 19.835300 16.825949
v 24.005301 22.420700 16.825949
v 24.005301 22.518000 16.825949
v 24.005301 22.420700 16.923250
v 24.366697 22.420700 16.825949
v 24.005301 22.518000 16.534050
v 24.366697 22.420700 16.923250
v 24.366697 19.835300 16.923250
v 24.366697 19.835300 16.825949
v 24.005301 19.835300 16.923250
v 24.464001 19.835300 16.825949
v 24.366697 19.738001 16.825949
v 24.366697 19.738001 16.534050
v 24.464001 22.420700 16.825949
v 24.464001 22.420700 16.534050
v 24.464001 19.835300 16.534050
v 24.366697 22.420700 16.534050
v 24.366697 22.518000 16.534050
v 24.366697 22.518000 16.825949
v 24.005301 22.420700 16.436749
v -28.286501 22.483250 2.779999
v -28.286501 22.483250 2.919000
v -28.703499 22.483250 2.779999
v -28.286501 22.830750 2.779999
v -28.703499 22.483250 2.919000
v -28.703499 22.344250 2.918999
v -28.703499 22.483250 19.320999
v -28.842499 22.483250 2.918999
v -28.703499 22.830750 2.919000
v -28.286501 22.344250 2.918999
v -28.703499 22.344250 19.320999
v -28.286501 22.344250 19.320999
v -28.286501 22.483250 19.320999
v -28.147499 22.483250 19.320999
v -28.286501 22.483250 19.459999
v -28.286501 22.830750 19.320999
v -28.703499 22.483250 19.459999
v -28.147499 22.830750 19.320999
v -28.286501 22.830750 19.459999
v -28.703499 22.830750 19.459999
v -28.703499 22.830750 19.320999
v -28.842499 22.830750 19.320999
v -28.703499 22.969749 19.320999
v -28.703499 22.969749 2.918999
v -28.842499 22.483250 19.320999
v -28.842499 22.830750 2.918999
v -28.286501 22.969749 2.918999
v -28.286501 22.969749 19.320999
v -28.286501 22.830750 2.919000
v -28.147499 22.830750 2.918999
v -28.703499 22.830750 2.779999
v -28.147499 22.483250 2.918999
v -28.314301 19.835300 3.926750
v -28.314301 19.835300 4.024050
v -28.675699 19.835300 3.926750
v -28.314301 22.420700 3.926750
v -28.675699 19.835300 4.024050
v -28.675699 19.738001 4.024050
v -28.675699 19.835300 4.315950
v -28.773001 19.835300 4.024050
v -28.675699 22.420700 4.024050
v -28.675699 19.738001 4.315950
v -28.773001 22.420700 4.024050
v -28.773001 22.420700 4.315950
v -28.773001 19.835300 4.315950
v -28.675699 22.420700 4.315950
v -28.675699 22.518000 4.315950
v -28.675699 22.420700 4.413250
v -28.314301 22.420700 4.315950
v -28.675699 22.518000 4.024050
v -28.314301 22.420700 4.413250
v -28.314301 19.835300 4.413250
v -28.314301 19.835300 4.315950
v -28.675699 19.835300 4.413250
v -28.216999 19.835300 4.315950
v -28.314301 19.738001 4.315950
v -28.314301 19.738001 4.024050
v -28.216999 22.420700 4.315950
v -28.216999 22.420700 4.024050
v -28.216999 19.835300 4.024050
v -28.314301 22.420700 4.024050
v -28.314301 22.518000 4.024050
v -28.314301 22.518000 4.315950
v -28.675699 22.420700 3.926750
v -28.314301 19.835300 8.096750
v -28.314301 19.835300 8.194050
v -28.675699 19.835300 8.096750
v -28.314301 22.420700 8.096750
v -28.675699 19.835300 8.194050
v -28.675699 19.738001 8.194050
v -28.675699 19.835300 8.485950
v -28.773001 19.835300 8.194050
v -28.675699 22.420700 8.194050
v -28.675699 19.738001 8.485950
v -28.773001 22.420700 8.194050
v -28.773001 22.420700 8.485950
v -28.773001 19.835300 8.485950
v -28.675699 22.420700 8.485950
v -28.675699 22.518000 8.485950
v -28.675699 22.420700 8.583250
v -28.314301 22.420700 8.485950
v -28.675699 22.518000 8.194050
v -28.314301 22.420700 8.583250
v -28.314301 19.835300 8.583250
v -28.314301 19.835300 8.485950
v -28.675699 19.835300 8.583250
v -28.216999 19.835300 8.485950
v -28.314301 19.738001 8.485950
v -28.314301 19.738001 8.194050
v -28.216999 22.420700 8.485950
v -28.216999 22.420700 8.194050
v -28.216999 19.835300 8.194050
v -28.314301 22.420700 8.194050
v -28.314301 22.518000 8.194050
v -28.314301 22.518000 8.485950
v -28.675699 22.420700 8.096750
v -28.314301 19.835300 12.266749
v -28.314301 19.835300 12.364050
v -28.675699 19.835300 12.266749
v -28.314301 22.420700 12.266749
v -28.675699 19.835300 12.364050
v -28.675699 19.738001 12.364050
v -28.675699 19.835300 12.655949
v -28.773001 19.835300 12.364050
v -28.675699 22.420700 12.364050
v -28.675699 19.738001 12.655949
v -28.773001 22.420700 12.364050
v -28.773001 22.420700 12.655949
v -28.773001 19.835300 12.655949
v -28.675699 22.420700 12.655949
v -28.675699 22.518000 12.655949
v -28.675699 22.420700 12.753250
v -28.314301 22.420700 12.655949
v -28.675699 22.518000 12.364050
v -28.314301 22.420700 12.753250
v -28.314301 19.835300 12.753250
v -28.314301 19.835300 12.655949
v -28.675699 19.835300 12.753250
v -28.216999 19.835300 12.655949
v -28.314301 19.738001 12.655949
v -28.314301 19.738001 12.364050
v -28.216999 22.420700 12.655949
v -28.216999 22.420700 12.364050
v -28.216999 19.835300 12.364050
v -28.314301 22.420700 12.364050
v -28.314301 22.518000 12.364050
v -28.314301 22.518000 12.655949
v -28.675699 22.420700 12.266749
v -28.314301 19.835300 16.436749
v -28.314301 19.835300 16.534050
v -28.675699 19.835300 16.436749
v -28.314301 22.420700 16.436749
v -28.675699 19.835300 16.534050
v -28.675699 19.738001 16.534050
v -28.675699 19.835300 16.825949
v -28.773001 19.835300 16.534050
v -28.675699 22.420700 16.534050
v -28.675699 19.738001 16.825949
v -28.773001 22.420700 16.534050
v -28.773001 22.420700 16.825949
v -28.773001 19.835300 16.825949
v -28.675699 22.420700 16.825949
v -28.675699 22.518000 16.825949
v -28.675699 22.420700 16.923250
v -28.314301 22.420700 16.825949
v -28.675699 22.518000 16.534050
v -28.314301 22.420700 16.923250
v -28.314301 19.835300 16.923250
v -28.314301 19.835300 16.825949
v -28.675699 19.835300 16.923250
v -28.216999 19.835300 16.825949
v -28.314301 19.738001 16.825949
v -28.314301 19.738001 16.534050
v -28.216999 22.420700 16.825949
v -28.216999 22.420700 16.534050
v -28.216999 19.835300 16.534050
v -28.314301 22.420700 16.534050
v -28.314301 22.518000 16.534050
v -28.314301 22.518000 16.825949
v -28.675699 22.420700 16.436749
vn -0.0000 -0.0000 -1.0000
vn -0.0000 -1.0000 -0.0000
vn 1.0000 -0.0000 -0.0000
vn -0.0000 -0.0000 1.0000
vn -1.0000 -0.0000 -0.0000
vn -0.0000 1.0000 -0.0000
vn 0.3827 -0.0000 -0.9239
vn -0.3827 -0.0000 -0.9239
vn -0.9239 -0.0000 -0.3827
vn -0.9239 -0.0000 0.3827
vn 0.3827 -0.0000 0.9239
vn -0.3827 -0.0000 0.9239
vn 0.9239 -0.0000 -0.3827
vn 0.9239 -0.0000 0.3827
vt 0.000000 0.000000
vt 0.580294 0.419706
vt 0.750000 0.490000
vt 0.919706 0.419706
vt 1.000000 1.000000
vt 0.875000 0.500000
vt 1.000000 0.500000
vt 0.125000 1.000000
vt 0.000000 1.000000
vt 0.000000 0.500000
vt 0.125000 0.500000
vt 0.250000 1.000000
vt 0.250000 0.490000
vt 0.080294 0.419706
vt 0.010000 0.250000
vt 0.080294 0.080294
vt 0.250000 0.010000
vt 0.375000 1.000000
vt 0.250000 0.500000
vt 0.419706 0.080294
vt 0.490000 0.250000
vt 0.625000 1.000000
vt 0.500000 1.000000
vt 0.500000 0.500000
vt 0.375000 0.500000
vt 0.419706 0.419706
vt 0.875000 1.000000
vt 0.750000 1.000000
vt 0.750000 0.500000
vt 0.625000 0.500000
vt 0.990000 0.250000
vt 0.919706 0.080294
vt 0.750000 0.010000
vt 0.580294 0.080294
vt 0.510000 0.250000
s 0
usemtl Gold
f 3264/1455/708 3262/1455/708 3261/1455/708
f 3266/1455/709 3259/1455/709 3262/1455/709
f 3271/1455/709 3262/1455/709 3260/1455/709
f 3274/1455/710 3261/1455/710 3262/1455/710
f 3273/1455/711 3270/1455/711 3269/1455/711
f 3274/1455/709 3267/1455/709 3270/1455/709
f 3269/1455/712 3266/1455/712 3264/1455/712
f 3270/1455/709 3265/1455/709 3266/1455/709
f 3288/1455/710 3278/1455/710 3277/1455/710
f 3290/1455/713 3275/1455/713 3278/1455/713
f 3279/1455/713 3278/1455/713 3276/1455/713
f 3282/1455/708 3277/1455/708 3278/1455/708
f 3283/1455/713 3282/1455/713 3280/1455/713
f 3286/1455/712 3281/1455/712 3282/1455/712
f 3289/1455/713 3286/1455/713 3284/1455/713
f 3290/1455/711 3285/1455/711 3286/1455/711
f 3259/1455/710 3278/1455/710 3262/1455/710
f 3278/1455/708 3260/1455/708 3262/1455/708
f 3280/1455/708 3266/1455/708 3265/1455/708
f 3282/1455/712 3263/1455/712 3266/1455/712
f 3267/1455/712 3286/1455/712 3270/1455/712
f 3286/1455/711 3268/1455/711 3270/1455/711
f 3287/1455/711 3274/1455/711 3271/1455/711
f 3274/1455/710 3289/1455/710 3272/1455/710
f 3263/1455/708 3276/1455/708 3259/1455/708
f 3273/1455/709 3264/1455/709 3261/1455/709
f 3260/1455/710 3287/1455/710 3271/1455/710
f 3268/1455/712 3280/1455/712 3265/1455/712
f 3272/1455/711 3284/1455/711 3267/1455/711
f 3281/1455/713 3288/1455/713 3277/1455/713
f 3264/1455/708 3266/1455/708 3262/1455/708
f 3266/1455/709 3263/1455/709 3259/1455/709
f 3271/1455/709 3274/1455/709 3262/1455/709
f 3274/1455/710 3273/1455/710 3261/1455/710
f 3273/1455/711 3274/1455/711 3270/1455/711
f 3274/1455/709 3272/1455/709 3267/1455/709
f 3269/1455/712 3270/1455/712 3266/1455/712
f 3270/1455/709 3268/1455/709 3265/1455/709
f 3288/1455/710 3290/1455/710 3278/1455/710
f 3290/1455/713 3287/1455/713 3275/1455/713
f 3279/1455/713 3282/1455/713 3278/1455/713
f 3282/1455/708 3281/1455/708 3277/1455/708
f 3283/1455/713 3286/1455/713 3282/1455/713
f 3286/1455/712 3285/1455/712 3281/1455/712
f 3289/1455/713 3290/1455/713 3286/1455/713
f 3290/1455/711 3288/1455/711 3285/1455/711
f 3259/1455/710 3276/1455/710 3278/1455/710
f 3278/1455/708 3275/1455/708 3260/1455/708
f 3280/1455/708 3282/1455/708 3266/1455/708
f 3282/1455/712 3279/1455/712 3263/1455/712
f 3267/1455/712 3284/1455/712 3286/1455/712
f 3286/1455/711 3283/1455/711 3268/1455/711
f 3287/1455/711 3290/1455/711 3274/1455/711
f 3274/1455/710 3290/1455/710 3289/1455/710
f 3263/1455/708 3279/1455/708 3276/1455/708
f 3273/1455/709 3269/1455/709 3264/1455/709
f 3260/1455/710 3275/1455/710 3287/1455/710
f 3268/1455/712 3283/1455/712 3280/1455/712
f 3272/1455/711 3289/1455/711 3284/1455/711
f 3281/1455/713 3285/1455/713 3288/1455/713
f 3294/1456/709 3291/1457/709 3292/1458/709
f 3293/1459/714 3292/1460/714 3291/1461/714
f 3295/1462/715 3293/1463/715 3291/1464/715
f 3295/1462/715 3291/1464/715 3294/1465/715
f 3296/1466/716 3295/1462/716 3294/1465/716
f 3293/1467/713 3295/1468/713 3296/1469/713
f 3296/1469/713 3297/1470/713 3299/1471/713
f 3297/1472/717 3296/1466/717 3298/1473/717
f 3296/1466/716 3294/1465/716 3298/1473/716
f 3293/1467/713 3296/1469/713 3299/1471/713
f 3299/1471/713 3300/1474/713 3303/1475/713
f 3300/1476/718 3299/1477/718 3301/1478/718
f 3299/1477/719 3302/1479/719 3301/1478/719
f 3299/1477/719 3297/1472/719 3302/1479/719
f 3303/1475/713 3293/1467/713 3299/1471/713
f 3303/1475/713 3304/1480/713 3293/1467/713
f 3304/1481/720 3303/1482/720 3305/1483/720
f 3303/1482/721 3306/1484/721 3305/1483/721
f 3303/1482/721 3300/1476/721 3306/1484/721
f 3292/1458/709 3305/1485/709 3306/1486/709
f 3300/1476/718 3301/1478/718 3306/1484/718
f 3306/1486/709 3301/1487/709 3302/1488/709
f 3294/1456/709 3292/1458/709 3306/1486/709
f 3306/1486/709 3302/1488/709 3294/1456/709
f 3304/1481/720 3305/1483/720 3292/1460/720
f 3293/1459/714 3304/1481/714 3292/1460/714
f 3297/1472/717 3298/1473/717 3302/1479/717
f 3302/1488/709 3298/1489/709 3294/1456/709
f 3310/1456/709 3307/1457/709 3308/1458/709
f 3309/1459/714 3308/1460/714 3307/1461/714
f 3311/1462/715 3309/1463/715 3307/1464/715
f 3311/1462/715 3307/1464/715 3310/1465/715
f 3312/1466/716 3311/1462/716 3310/1465/716
f 3309/1467/713 3311/1468/713 3312/1469/713
f 3312/1469/713 3313/1470/713 3315/1471/713
f 3313/1472/717 3312/1466/717 3314/1473/717
f 3312/1466/716 3310/1465/716 3314/1473/716
f 3309/1467/713 3312/1469/713 3315/1471/713
f 3315/1471/713 3316/1474/713 3319/1475/713
f 3316/1476/718 3315/1477/718 3317/1478/718
f 3315/1477/719 3318/1479/719 3317/1478/719
f 3315/1477/719 3313/1472/719 3318/1479/719
f 3319/1475/713 3309/1467/713 3315/1471/713
f 3319/1475/713 3320/1480/713 3309/1467/713
f 3320/1481/720 3319/1482/720 3321/1483/720
f 3319/1482/721 3322/1484/721 3321/1483/721
f 3319/1482/721 3316/1476/721 3322/1484/721
f 3308/1458/709 3321/1485/709 3322/1486/709
f 3316/1476/718 3317/1478/718 3322/1484/718
f 3322/1486/709 3317/1487/709 3318/1488/709
f 3310/1456/709 3308/1458/709 3322/1486/709
f 3322/1486/709 3318/1488/709 3310/1456/709
f 3320/1481/720 3321/1483/720 3308/1460/720
f 3309/1459/714 3320/1481/714 3308/1460/714
f 3313/1472/717 3314/1473/717 3318/1479/717
f 3318/1488/709 3314/1489/709 3310/1456/709
f 3326/1456/709 3323/1457/709 3324/1458/709
f 3325/1459/714 3324/1460/714 3323/1461/714
f 3327/1462/715 3325/1463/715 3323/1464/715
f 3327/1462/715 3323/1464/715 3326/1465/715
f 3328/1466/716 3327/1462/716 3326/1465/716
f 3325/1467/713 3327/1468/713 3328/1469/713
f 3328/1469/713 3329/1470/713 3331/1471/713
f 3329/1472/717 3328/1466/717 3330/1473/717
f 3328/1466/716 3326/1465/716 3330/1473/716
f 3325/1467/713 3328/1469/713 3331/1471/713
f 3331/1471/713 3332/1474/713 3335/1475/713
f 3332/1476/718 3331/1477/718 3333/1478/718
f 3331/1477/719 3334/1479/719 3333/1478/719
f 3331/1477/719 3329/1472/719 3334/1479/719
f 3335/1475/713 3325/1467/713 3331/1471/713
f 3335/1475/713 3336/1480/713 3325/1467/713
f 3336/1481/720 3335/1482/720 3337/1483/720
f 3335/1482/721 3338/1484/721 3337/1483/721
f 3335/1482/721 3332/1476/721 3338/1484/721
f 3324/1458/709 3337/1485/709 3338/1486/709
f 3332/1476/718 3333/1478/718 3338/1484/718
f 3338/1486/709 3333/1487/709 3334/1488/709
f 3326/1456/709 3324/1458/709 3338/1486/709
f 3338/1486/709 3334/1488/709 3326/1456/709
f 3336/1481/720 3337/1483/720 3324/1460/720
f 3325/1459/714 3336/1481/714 3324/1460/714
f 3329/1472/717 3330/1473/717 3334/1479/717
f 3334/1488/709 3330/1489/709 3326/1456/709
f 3342/1456/709 3339/1457/709 3340/1458/709
f 3341/1459/714 3340/1460/714 3339/1461/714
f 3343/1462/715 3341/1463/715 3339/1464/715
f 3343/1462/715 3339/1464/715 3342/1465/715
f 3344/1466/716 3343/1462/716 3342/1465/716
f 3341/1467/713 3343/1468/713 3344/1469/713
f 3344/1469/713 3345/1470/713 3347/1471/713
f 3345/1472/717 3344/1466/717 3346/1473/717
f 3344/1466/716 3342/1465/716 3346/1473/716
f 3348/1475/713 3341/1467/713 3344/1469/713
f 3344/1469/713 3347/1471/713 3348/1475/713
f 3348/1475/713 3349/1480/713 3341/1467/713
f 3349/1481/720 3348/1482/720 3350/1483/720
f 3348/1482/721 3352/1484/721 3350/1483/721
f 3347/1471/713 3351/1474/713 3348/1475/713
f 3348/1482/721 3351/1476/721 3352/1484/721
f 3350/1485/709 3352/1486/709 3342/1456/709
f 3351/1476/718 3353/1478/718 3352/1484/718
f 3352/1486/709 3353/1487/709 3354/1488/709
f 3346/1489/709 3342/1456/709 3352/1486/709
f 3354/1488/709 3346/1489/709 3352/1486/709
f 3347/1477/719 3354/1479/719 3353/1478/719
f 3347/1477/719 3345/1472/719 3354/1479/719
f 3345/1472/717 3346/1473/717 3354/1479/717
f 3351/1476/718 3347/1477/718 3353/1478/718
f 3340/1458/709 3350/1485/709 3342/1456/709
f 3349/1481/720 3350/1483/720 3340/1460/720
f 3341/1459/714 3349/1481/714 3340/1460/714
f 3358/1456/709 3355/1457/709 3356/1458/709
f 3357/1459/714 3356/1460/714 3355/1461/714
f 3359/1462/715 3357/1463/715 3355/1464/715
f 3359/1462/715 3355/1464/715 3358/1465/715
f 3360/1466/716 3359/1462/716 3358/1465/716
f 3357/1467/713 3359/1468/713 3360/1469/713
f 3360/1469/713 3361/1470/713 3363/1471/713
f 3361/1472/717 3360/1466/717 3362/1473/717
f 3360/1466/716 3358/1465/716 3362/1473/716
f 3364/1475/713 3357/1467/713 3360/1469/713
f 3360/1469/713 3363/1471/713 3364/1475/713
f 3364/1475/713 3365/1480/713 3357/1467/713
f 3365/1481/720 3364/1482/720 3366/1483/720
f 3364/1482/721 3368/1484/721 3366/1483/721
f 3363/1471/713 3367/1474/713 3364/1475/713
f 3364/1482/721 3367/1476/721 3368/1484/721
f 3356/1458/709 3366/1485/709 3368/1486/709
f 3367/1476/718 3369/1478/718 3368/1484/718
f 3368/1486/709 3369/1487/709 3370/1488/709
f 3358/1456/709 3356/1458/709 3368/1486/709
f 3368/1486/709 3370/1488/709 3358/1456/709
f 3363/1477/719 3370/1479/719 3369/1478/719
f 3363/1477/719 3361/1472/719 3370/1479/719
f 3361/1472/717 3362/1473/717 3370/1479/717
f 3370/1488/709 3362/1489/709 3358/1456/709
f 3367/1476/718 3363/1477/718 3369/1478/718
f 3365/1481/720 3366/1483/720 3356/1460/720
f 3357/1459/714 3365/1481/714 3356/1460/714
f 3374/1456/709 3371/1457/709 3372/1458/709
f 3373/1459/714 3372/1460/714 3371/1461/714
f 3375/1462/715 3373/1463/715 3371/1464/715
f 3375/1462/715 3371/1464/715 3374/1465/715
f 3376/1466/716 3375/1462/716 3374/1465/716
f 3373/1467/713 3375/1468/713 3376/1469/713
f 3376/1469/713 3377/1470/713 3379/1471/713
f 3377/1472/717 3376/1466/717 3378/1473/717
f 3376/1466/716 3374/1465/716 3378/1473/716
f 3380/1475/713 3373/1467/713 3376/1469/713
f 3376/1469/713 3379/1471/713 3380/1475/713
f 3380/1475/713 3381/1480/713 3373/1467/713
f 3381/1481/720 3380/1482/720 3382/1483/720
f 3380/1482/721 3384/1484/721 3382/1483/721
f 3379/1471/713 3383/1474/713 3380/1475/713
f 3380/1482/721 3383/1476/721 3384/1484/721
f 3372/1458/709 3382/1485/709 3384/1486/709
f 3383/1476/718 3385/1478/718 3384/1484/718
f 3384/1486/709 3385/1487/709 3386/1488/709
f 3374/1456/709 3372/1458/709 3384/1486/709
f 3384/1486/709 3386/1488/709 3374/1456/709
f 3379/1477/719 3386/1479/719 3385/1478/719
f 3379/1477/719 3377/1472/719 3386/1479/719
f 3377/1472/717 3378/1473/717 3386/1479/717
f 3386/1488/709 3378/1489/709 3374/1456/709
f 3383/1476/718 3379/1477/718 3385/1478/718
f 3381/1481/720 3382/1483/720 3372/1460/720
f 3373/1459/714 3381/1481/714 3372/1460/714
f 3390/1456/709 3387/1457/709 3388/1458/709
f 3389/1459/714 3388/1460/714 3387/1461/714
f 3391/1462/715 3389/1463/715 3387/1464/715
f 3391/1462/715 3387/1464/715 3390/1465/715
f 3392/1466/716 3391/1462/716 3390/1465/716
f 3389/1467/713 3391/1468/713 3392/1469/713
f 3392/1469/713 3393/1470/713 3395/1471/713
f 3393/1472/717 3392/1466/717 3394/1473/717
f 3392/1466/716 3390/1465/716 3394/1473/716
f 3396/1475/713 3389/1467/713 3392/1469/713
f 3392/1469/713 3395/1471/713 3396/1475/713
f 3396/1475/713 3397/1480/713 3389/1467/713
f 3397/1481/720 3396/1482/720 3398/1483/720
f 3396/1482/721 3400/1484/721 3398/1483/721
f 3395/1471/713 3399/1474/713 3396/1475/713
f 3396/1482/721 3399/1476/721 3400/1484/721
f 3388/1458/709 3398/1485/709 3400/1486/709
f 3399/1476/718 3401/1478/718 3400/1484/718
f 3400/1486/709 3401/1487/709 3402/1488/709
f 3390/1456/709 3388/1458/709 3400/1486/709
f 3400/1486/709 3402/1488/709 3390/1456/709
f 3395/1477/719 3402/1479/719 3401/1478/719
f 3395/1477/719 3393/1472/719 3402/1479/719
f 3393/1472/717 3394/1473/717 3402/1479/717
f 3402/1488/709 3394/1489/709 3390/1456/709
f 3399/1476/718 3395/1477/718 3401/1478/718
f 3397/1481/720 3398/1483/720 3388/1460/720
f 3389/1459/714 3397/1481/714 3388/1460/714
f 3406/1456/709 3403/1457/709 3404/1458/709
f 3405/1459/714 3404/1460/714 3403/1461/714
f 3407/1462/715 3405/1463/715 3403/1464/715
f 3407/1462/715 3403/1464/715 3406/1465/715
f 3408/1466/716 3407/1462/716 3406/1465/716
f 3405/1467/713 3407/1468/713 3408/1469/713
f 3408/1469/713 3409/1470/713 3411/1471/713
f 3409/1472/717 3408/1466/717 3410/1473/717
f 3408/1466/716 3406/1465/716 3410/1473/716
f 3412/1475/713 3405/1467/713 3408/1469/713
f 3408/1469/713 3411/1471/713 3412/1475/713
f 3412/1475/713 3413/1480/713 3405/1467/713
f 3413/1481/720 3412/1482/720 3414/1483/720
f 3412/1482/721 3416/1484/721 3414/1483/721
f 3411/1471/713 3415/1474/713 3412/1475/713
f 3412/1482/721 3415/1476/721 3416/1484/721
f 3414/1485/709 3416/1486/709 3406/1456/709
f 3415/1476/718 3417/1478/718 3416/1484/718
f 3416/1486/709 3417/1487/709 3418/1488/709
f 3410/1489/709 3406/1456/709 3416/1486/709
f 3418/1488/709 3410/1489/709 3416/1486/709
f 3411/1477/719 3418/1479/719 3417/1478/719
f 3411/1477/719 3409/1472/719 3418/1479/719
f 3409/1472/717 3410/1473/717 3418/1479/717
f 3415/1476/718 3411/1477/718 3417/1478/718
f 3404/1458/709 3414/1485/709 3406/1456/709
f 3413/1481/720 3414/1483/720 3404/1460/720
f 3405/1459/714 3413/1481/714 3404/1460/714
f 3422/1456/709 3419/1457/709 3420/1458/709
f 3421/1459/714 3420/1460/714 3419/1461/714
f 3423/1462/715 3421/1463/715 3419/1464/715
f 3423/1462/715 3419/1464/715 3422/1465/715
f 3424/1466/716 3423/1462/716 3422/1465/716
f 3421/1467/713 3423/1468/713 3424/1469/713
f 3424/1469/713 3425/1470/713 3427/1471/713
f 3425/1472/717 3424/1466/717 3426/1473/717
f 3424/1466/716 3422/1465/716 3426/1473/716
f 3421/1467/713 3424/1469/713 3427/1471/713
f 3427/1471/713 3428/1474/713 3431/1475/713
f 3428/1476/718 3427/1477/718 3429/1478/718
f 3427/1477/719 3430/1479/719 3429/1478/719
f 3427/1477/719 3425/1472/719 3430/1479/719
f 3431/1475/713 3421/1467/713 3427/1471/713
f 3431/1475/713 3432/1480/713 3421/1467/713
f 3432/1481/720 3431/1482/720 3433/1483/720
f 3431/1482/721 3434/1484/721 3433/1483/721
f 3431/1482/721 3428/1476/721 3434/1484/721
f 3420/1458/709 3433/1485/709 3434/1486/709
f 3428/1476/718 3429/1478/718 3434/1484/718
f 3434/1486/709 3429/1487/709 3430/1488/709
f 3422/1456/709 3420/1458/709 3434/1486/709
f 3434/1486/709 3430/1488/709 3422/1456/709
f 3432/1481/720 3433/1483/720 3420/1460/720
f 3421/1459/714 3432/1481/714 3420/1460/714
f 3425/1472/717 3426/1473/717 3430/1479/717
f 3430/1488/709 3426/1489/709 3422/1456/709
f 3438/1456/709 3435/1457/709 3436/1458/709
f 3437/1459/714 3436/1460/714 3435/1461/714
f 3439/1462/715 3437/1463/715 3435/1464/715
f 3439/1462/715 3435/1464/715 3438/1465/715
f 3440/1466/716 3439/1462/716 3438/1465/716
f 3437/1467/713 3439/1468/713 3440/1469/713
f 3440/1469/713 3441/1470/713 3443/1471/713
f 3441/1472/717 3440/1466/717 3442/1473/717
f 3440/1466/716 3438/1465/716 3442/1473/716
f 3437/1467/713 3440/1469/713 3443/1471/713
f 3443/1471/713 3444/1474/713 3447/1475/713
f 3444/1476/718 3443/1477/718 3445/1478/718
f 3443/1477/719 3446/1479/719 3445/1478/719
f 3443/1477/719 3441/1472/719 3446/1479/719
f 3447/1475/713 3437/1467/713 3443/1471/713
f 3447/1475/713 3448/1480/713 3437/1467/713
f 3448/1481/720 3447/1482/720 3449/1483/720
f 3447/1482/721 3450/1484/721 3449/1483/721
f 3447/1482/721 3444/1476/721 3450/1484/721
f 3436/1458/709 3449/1485/709 3450/1486/709
f 3444/1476/718 3445/1478/718 3450/1484/718
f 3450/1486/709 3445/1487/709 3446/1488/709
f 3438/1456/709 3436/1458/709 3450/1486/709
f 3450/1486/709 3446/1488/709 3438/1456/709
f 3448/1481/720 3449/1483/720 3436/1460/720
f 3437/1459/714 3448/1481/714 3436/1460/714
f 3441/1472/717 3442/1473/717 3446/1479/717
f 3446/1488/709 3442/1489/709 3438/1456/709
f 3454/1456/709 3451/1457/709 3452/1458/709
f 3453/1459/714 3452/1460/714 3451/1461/714
f 3455/1462/715 3453/1463/715 3451/1464/715
f 3455/1462/715 3451/1464/715 3454/1465/715
f 3456/1466/716 3455/1462/716 3454/1465/716
f 3453/1467/713 3455/1468/713 3456/1469/713
f 3456/1469/713 3457/1470/713 3459/1471/713
f 3457/1472/717 3456/1466/717 3458/1473/717
f 3456/1466/716 3454/1465/716 3458/1473/716
f 3453/1467/713 3456/1469/713 3459/1471/713
f 3459/1471/713 3460/1474/713 3463/1475/713
f 3460/1476/718 3459/1477/718 3461/1478/718
f 3459/1477/719 3462/1479/719 3461/1478/719
f 3459/1477/719 3457/1472/719 3462/1479/719
f 3463/1475/713 3453/1467/713 3459/1471/713
f 3463/1475/713 3464/1480/713 3453/1467/713
f 3464/1481/720 3463/1482/720 3465/1483/720
f 3463/1482/721 3466/1484/721 3465/1483/721
f 3463/1482/721 3460/1476/721 3466/1484/721
f 3452/1458/709 3465/1485/709 3466/1486/709
f 3460/1476/718 3461/1478/718 3466/1484/718
f 3466/1486/709 3461/1487/709 3462/1488/709
f 3454/1456/709 3452/1458/709 3466/1486/709
f 3466/1486/709 3462/1488/709 3454/1456/709
f 3464/1481/720 3465/1483/720 3452/1460/720
f 3453/1459/714 3464/1481/714 3452/1460/714
f 3457/1472/717 3458/1473/717 3462/1479/717
f 3462/1488/709 3458/1489/709 3454/1456/709
f 3470/1456/709 3467/1457/709 3468/1458/709
f 3469/1459/714 3468/1460/714 3467/1461/714
f 3471/1462/715 3469/1463/715 3467/1464/715
f 3471/1462/715 3467/1464/715 3470/1465/715
f 3472/1466/716 3471/1462/716 3470/1465/716
f 3471/1468/713 3472/1469/713 3473/1475/713
f 3469/1467/713 3471/1468/713 3473/1475/713
f 3473/1475/713 3474/1480/713 3469/1467/713
f 3474/1481/720 3473/1482/720 3475/1483/720
f 3473/1482/721 3477/1484/721 3475/1483/721
f 3473/1482/721 3476/1476/721 3477/1484/721
f 3476/1474/713 3473/1475/713 3472/1469/713
f 3468/1458/709 3475/1485/709 3477/1486/709
f 3476/1476/718 3478/1478/718 3477/1484/718
f 3477/1486/709 3478/1487/709 3479/1488/709
f 3470/1456/709 3468/1458/709 3477/1486/709
f 3477/1486/709 3479/1488/709 3470/1456/709
f 3482/1477/719 3479/1479/719 3478/1478/719
f 3482/1477/719 3480/1472/719 3479/1479/719
f 3480/1472/717 3481/1473/717 3479/1479/717
f 3479/1488/709 3481/1489/709 3470/1456/709
f 3482/1471/713 3476/1474/713 3472/1469/713
f 3476/1476/718 3482/1477/718 3478/1478/718
f 3472/1469/713 3480/1470/713 3482/1471/713
f 3480/1472/717 3472/1466/717 3481/1473/717
f 3472/1466/716 3470/1465/716 3481/1473/716
f 3474/1481/720 3475/1483/720 3468/1460/720
f 3469/1459/714 3474/1481/714 3468/1460/714
f 3486/1456/709 3483/1457/709 3484/1458/709
f 3485/1459/714 3484/1460/714 3483/1461/714
f 3487/1462/715 3485/1463/715 3483/1464/715
f 3487/1462/715 3483/1464/715 3486/1465/715
f 3488/1466/716 3487/1462/716 3486/1465/716
f 3487/1468/713 3488/1469/713 3489/1475/713
f 3485/1467/713 3487/1468/713 3489/1475/713
f 3489/1475/713 3490/1480/713 3485/1467/713
f 3490/1481/720 3489/1482/720 3491/1483/720
f 3489/1482/721 3493/1484/721 3491/1483/721
f 3489/1482/721 3492/1476/721 3493/1484/721
f 3492/1474/713 3489/1475/713 3488/1469/713
f 3484/1458/709 3491/1485/709 3493/1486/709
f 3492/1476/718 3494/1478/718 3493/1484/718
f 3493/1486/709 3494/1487/709 3495/1488/709
f 3486/1456/709 3484/1458/709 3493/1486/709
f 3493/1486/709 3495/1488/709 3486/1456/709
f 3498/1477/719 3495/1479/719 3494/1478/719
f 3498/1477/719 3496/1472/719 3495/1479/719
f 3496/1472/717 3497/1473/717 3495/1479/717
f 3495/1488/709 3497/1489/709 3486/1456/709
f 3498/1471/713 3492/1474/713 3488/1469/713
f 3492/1476/718 3498/1477/718 3494/1478/718
f 3488/1469/713 3496/1470/713 3498/1471/713
f 3496/1472/717 3488/1466/717 3497/1473/717
f 3488/1466/716 3486/1465/716 3497/1473/716
f 3490/1481/720 3491/1483/720 3484/1460/720
f 3485/1459/714 3490/1481/714 3484/1460/714
f 3502/1456/709 3499/1457/709 3500/1458/709
f 3501/1459/714 3500/1460/714 3499/1461/714
f 3503/1462/715 3501/1463/715 3499/1464/715
f 3503/1462/715 3499/1464/715 3502/1465/715
f 3504/1466/716 3503/1462/716 3502/1465/716
f 3503/1468/713 3504/1469/713 3505/1475/713
f 3501/1467/713 3503/1468/713 3505/1475/713
f 3505/1475/713 3506/1480/713 3501/1467/713
f 3506/1481/720 3505/1482/720 3507/1483/720
f 3505/1482/721 3509/1484/721 3507/1483/721
f 3505/1482/721 3508/1476/721 3509/1484/721
f 3508/1474/713 3505/1475/713 3504/1469/713
f 3500/1458/709 3507/1485/709 3509/1486/709
f 3508/1476/718 3510/1478/718 3509/1484/718
f 3509/1486/709 3510/1487/709 3511/1488/709
f 3502/1456/709 3500/1458/709 3509/1486/709
f 3509/1486/709 3511/1488/709 3502/1456/709
f 3514/1477/719 3511/1479/719 3510/1478/719
f 3514/1477/719 3512/1472/719 3511/1479/719
f 3512/1472/717 3513/1473/717 3511/1479/717
f 3511/1488/709 3513/1489/709 3502/1456/709
f 3514/1471/713 3508/1474/713 3504/1469/713
f 3508/1476/718 3514/1477/718 3510/1478/718
f 3504/1469/713 3512/1470/713 3514/1471/713
f 3512/1472/717 3504/1466/717 3513/1473/717
f 3504/1466/716 3502/1465/716 3513/1473/716
f 3506/1481/720 3507/1483/720 3500/1460/720
f 3501/1459/714 3506/1481/714 3500/1460/714
f 3518/1456/709 3515/1457/709 3516/1458/709
f 3517/1459/714 3516/1460/714 3515/1461/714
f 3519/1462/715 3517/1463/715 3515/1464/715
f 3519/1462/715 3515/1464/715 3518/1465/715
f 3520/1466/716 3519/1462/716 3518/1465/716
f 3517/1467/713 3519/1468/713 3520/1469/713
f 3520/1469/713 3521/1470/713 3523/1471/713
f 3521/1472/717 3520/1466/717 3522/1473/717
f 3520/1466/716 3518/1465/716 3522/1473/716
f 3524/1475/713 3517/1467/713 3520/1469/713
f 3520/1469/713 3523/1471/713 3524/1475/713
f 3524/1475/713 3525/1480/713 3517/1467/713
f 3525/1481/720 3524/1482/720 3526/1483/720
f 3524/1482/721 3528/1484/721 3526/1483/721
f 3523/1471/713 3527/1474/713 3524/1475/713
f 3524/1482/721 3527/1476/721 3528/1484/721
f 3526/1485/709 3528/1486/709 3518/1456/709
f 3527/1476/718 3529/1478/718 3528/1484/718
f 3528/1486/709 3529/1487/709 3530/1488/709
f 3522/1489/709 3518/1456/709 3528/1486/709
f 3530/1488/709 3522/1489/709 3528/1486/709
f 3523/1477/719 3530/1479/719 3529/1478/719
f 3523/1477/719 3521/1472/719 3530/1479/719
f 3521/1472/717 3522/1473/717 3530/1479/717
f 3527/1476/718 3523/1477/718 3529/1478/718
f 3516/1458/709 3526/1485/709 3518/1456/709
f 3525/1481/720 3526/1483/720 3516/1460/720
f 3517/1459/714 3525/1481/714 3516/1460/714
f 3534/1456/709 3531/1457/709 3532/1458/709
f 3533/1459/714 3532/1460/714 3531/1461/714
f 3535/1462/715 3533/1463/715 3531/1464/715
f 3535/1462/715 3531/1464/715 3534/1465/715
f 3536/1466/716 3535/1462/716 3534/1465/716
f 3533/1467/713 3535/1468/713 3536/1469/713
f 3536/1469/713 3537/1470/713 3539/1471/713
f 3537/1472/717 3536/1466/717 3538/1473/717
f 3536/1466/716 3534/1465/716 3538/1473/716
f 3540/1475/713 3533/1467/713 3536/1469/713
f 3536/1469/713 3539/1471/713 3540/1475/713
f 3540/1475/713 3541/1480/713 3533/1467/713
f 3541/1481/720 3540/1482/720 3542/1483/720
f 3540/1482/721 3544/1484/721 3542/1483/721
f 3539/1471/713 3543/1474/713 3540/1475/713
f 3540/1482/721 3543/1476/721 3544/1484/721
f 3542/1485/709 3544/1486/709 3534/1456/709
f 3543/1476/718 3545/1478/718 3544/1484/718
f 3544/1486/709 3545/1487/709 3546/1488/709
f 3538/1489/709 3534/1456/709 3544/1486/709
f 3546/1488/709 3538/1489/709 3544/1486/709
f 3539/1477/719 3546/1479/719 3545/1478/719
f 3539/1477/719 3537/1472/719 3546/1479/719
f 3537/1472/717 3538/1473/717 3546/1479/717
f 3543/1476/718 3539/1477/718 3545/1478/718
f 3532/1458/709 3542/1485/709 3534/1456/709
f 3541/1481/720 3542/1483/720 3532/1460/720
f 3533/1459/714 3541/1481/714 3532/1460/714
f 3550/1456/709 3547/1457/709 3548/1458/709
f 3549/1459/714 3548/1460/714 3547/1461/714
f 3551/1462/715 3549/1463/715 3547/1464/715
f 3551/1462/715 3547/1464/715 3550/1465/715
f 3552/1466/716 3551/1462/716 3550/1465/716
f 3549/1467/713 3551/1468/713 3552/1469/713
f 3552/1469/713 3553/1470/713 3555/1471/713
f 3553/1472/717 3552/1466/717 3554/1473/717
f 3552/1466/716 3550/1465/716 3554/1473/716
f 3556/1475/713 3549/1467/713 3552/1469/713
f 3552/1469/713 3555/1471/713 3556/1475/713
f 3556/1475/713 3557/1480/713 3549/1467/713
f 3557/1481/720 3556/1482/720 3558/1483/720
f 3556/1482/721 3560/1484/721 3558/1483/721
f 3555/1471/713 3559/1474/713 3556/1475/713
f 3556/1482/721 3559/1476/721 3560/1484/721
f 3558/1485/709 3560/1486/709 3550/1456/709
f 3559/1476/718 3561/1478/718 3560/1484/718
f 3560/1486/709 3561/1487/709 3562/1488/709
f 3554/1489/709 3550/1456/709 3560/1486/709
f 3562/1488/709 3554/1489/709 3560/1486/709
f 3555/1477/719 3562/1479/719 3561/1478/719
f 3555/1477/719 3553/1472/719 3562/1479/719
f 3553/1472/717 3554/1473/717 3562/1479/717
f 3559/1476/718 3555/1477/718 3561/1478/718
f 3548/1458/709 3558/1485/709 3550/1456/709
f 3557/1481/720 3558/1483/720 3548/1460/720
f 3549/1459/714 3557/1481/714 3548/1460/714
f 3566/1456/709 3563/1457/709 3564/1458/709
f 3565/1459/714 3564/1460/714 3563/1461/714
f 3567/1462/715 3565/1463/715 3563/1464/715
f 3567/1462/715 3563/1464/715 3566/1465/715
f 3568/1466/716 3567/1462/716 3566/1465/716
f 3565/1467/713 3567/1468/713 3568/1469/713
f 3568/1469/713 3569/1470/713 3571/1471/713
f 3569/1472/717 3568/1466/717 3570/1473/717
f 3568/1466/716 3566/1465/716 3570/1473/716
f 3572/1475/713 3565/1467/713 3568/1469/713
f 3568/1469/713 3571/1471/713 3572/1475/713
f 3572/1475/713 3573/1480/713 3565/1467/713
f 3573/1481/720 3572/1482/720 3574/1483/720
f 3572/1482/721 3576/1484/721 3574/1483/721
f 3571/1471/713 3575/1474/713 3572/1475/713
f 3572/1482/721 3575/1476/721 3576/1484/721
f 3574/1485/709 3576/1486/709 3566/1456/709
f 3575/1476/718 3577/1478/718 3576/1484/718
f 3576/1486/709 3577/1487/709 3578/1488/709
f 3570/1489/709 3566/1456/709 3576/1486/709
f 3578/1488/709 3570/1489/709 3576/1486/709
f 3571/1477/719 3578/1479/719 3577/1478/719
f 3571/1477/719 3569/1472/719 3578/1479/719
f 3569/1472/717 3570/1473/717 3578/1479/717
f 3575/1476/718 3571/1477/718 3577/1478/718
f 3564/1458/709 3574/1485/709 3566/1456/709
f 3573/1481/720 3574/1483/720 3564/1460/720
f 3565/1459/714 3573/1481/714 3564/1460/714
f 3582/1456/709 3579/1457/709 3580/1458/709
f 3581/1459/714 3580/1460/714 3579/1461/714
f 3583/1462/715 3581/1463/715 3579/1464/715
f 3583/1462/715 3579/1464/715 3582/1465/715
f 3584/1466/716 3583/1462/716 3582/1465/716
f 3581/1467/713 3583/1468/713 3584/1469/713
f 3584/1469/713 3585/1470/713 3587/1471/713
f 3585/1472/717 3584/1466/717 3586/1473/717
f 3584/1466/716 3582/1465/716 3586/1473/716
f 3588/1475/713 3581/1467/713 3584/1469/713
f 3584/1469/713 3587/1471/713 3588/1475/713
f 3588/1475/713 3589/1480/713 3581/1467/713
f 3589/1481/720 3588/1482/720 3590/1483/720
f 3588/1482/721 3592/1484/721 3590/1483/721
f 3587/1471/713 3591/1474/713 3588/1475/713
f 3588/1482/721 3591/1476/721 3592/1484/721
f 3590/1485/709 3592/1486/709 3582/1456/709
f 3591/1476/718 3593/1478/718 3592/1484/718
f 3592/1486/709 3593/1487/709 3594/1488/709
f 3586/1489/709 3582/1456/709 3592/1486/709
f 3594/1488/709 3586/1489/709 3592/1486/709
f 3587/1477/719 3594/1479/719 3593/1478/719
f 3587/1477/719 3585/1472/719 3594/1479/719
f 3585/1472/717 3586/1473/717 3594/1479/717
f 3591/1476/718 3587/1477/718 3593/1478/718
f 3580/1458/709 3590/1485/709 3582/1456/709
f 3589/1481/720 3590/1483/720 3580/1460/720
f 3581/1459/714 3589/1481/714 3580/1460/714
f 3598/1456/709 3595/1457/709 3596/1458/709
f 3597/1459/714 3596/1460/714 3595/1461/714
f 3599/1462/715 3597/1463/715 3595/1464/715
f 3599/1462/715 3595/1464/715 3598/1465/715
f 3600/1466/716 3599/1462/716 3598/1465/716
f 3599/1468/713 3600/1469/713 3601/1475/713
f 3597/1467/713 3599/1468/713 3601/1475/713
f 3601/1475/713 3602/1480/713 3597/1467/713
f 3602/1481/720 3601/1482/720 3603/1483/720
f 3601/1482/721 3605/1484/721 3603/1483/721
f 3601/1482/721 3604/1476/721 3605/1484/721
f 3604/1474/713 3601/1475/713 3600/1469/713
f 3596/1458/709 3603/1485/709 3605/1486/709
f 3604/1476/718 3606/1478/718 3605/1484/718
f 3605/1486/709 3606/1487/709 3607/1488/709
f 3598/1456/709 3596/1458/709 3605/1486/709
f 3605/1486/709 3607/1488/709 3598/1456/709
f 3610/1477/719 3607/1479/719 3606/1478/719
f 3610/1477/719 3608/1472/719 3607/1479/719
f 3608/1472/717 3609/1473/717 3607/1479/717
f 3607/1488/709 3609/1489/709 3598/1456/709
f 3610/1471/713 3604/1474/713 3600/1469/713
f 3604/1476/718 3610/1477/718 3606/1478/718
f 3600/1469/713 3608/1470/713 3610/1471/713
f 3608/1472/717 3600/1466/717 3609/1473/717
f 3600/1466/716 3598/1465/716 3609/1473/716
f 3602/1481/720 3603/1483/720 3596/1460/720
f 3597/1459/714 3602/1481/714 3596/1460/714
f 3614/1456/709 3611/1457/709 3612/1458/709
f 3613/1459/714 3612/1460/714 3611/1461/714
f 3615/1462/715 3613/1463/715 3611/1464/715
f 3615/1462/715 3611/1464/715 3614/1465/715
f 3616/1466/716 3615/1462/716 3614/1465/716
f 3615/1468/713 3616/1469/713 3617/1475/713
f 3613/1467/713 3615/1468/713 3617/1475/713
f 3617/1475/713 3618/1480/713 3613/1467/713
f 3618/1481/720 3617/1482/720 3619/1483/720
f 3617/1482/721 3621/1484/721 3619/1483/721
f 3617/1482/721 3620/1476/721 3621/1484/721
f 3620/1474/713 3617/1475/713 3616/1469/713
f 3612/1458/709 3619/1485/709 3621/1486/709
f 3620/1476/718 3622/1478/718 3621/1484/718
f 3621/1486/709 3622/1487/709 3623/1488/709
f 3614/1456/709 3612/1458/709 3621/1486/709
f 3621/1486/709 3623/1488/709 3614/1456/709
f 3626/1477/719 3623/1479/719 3622/1478/719
f 3626/1477/719 3624/1472/719 3623/1479/719
f 3624/1472/717 3625/1473/717 3623/1479/717
f 3623/1488/709 3625/1489/709 3614/1456/709
f 3626/1471/713 3620/1474/713 3616/1469/713
f 3620/1476/718 3626/1477/718 3622/1478/718
f 3616/1469/713 3624/1470/713 3626/1471/713
f 3624/1472/717 3616/1466/717 3625/1473/717
f 3616/1466/716 3614/1465/716 3625/1473/716
f 3618/1481/720 3619/1483/720 3612/1460/720
f 3613/1459/714 3618/1481/714 3612/1460/714
f 3630/1456/709 3627/1457/709 3628/1458/709
f 3629/1459/714 3628/1460/714 3627/1461/714
f 3631/1462/715 3629/1463/715 3627/1464/715
f 3631/1462/715 3627/1464/715 3630/1465/715
f 3632/1466/716 3631/1462/716 3630/1465/716
f 3631/1468/713 3632/1469/713 3633/1475/713
f 3629/1467/713 3631/1468/713 3633/1475/713
f 3633/1475/713 3634/1480/713 3629/1467/713
f 3634/1481/720 3633/1482/720 3635/1483/720
f 3633/1482/721 3637/1484/721 3635/1483/721
f 3633/1482/721 3636/1476/721 3637/1484/721
f 3636/1474/713 3633/1475/713 3632/1469/713
f 3628/1458/709 3635/1485/709 3637/1486/709
f 3636/1476/718 3638/1478/718 3637/1484/718
f 3637/1486/709 3638/1487/709 3639/1488/709
f 3630/1456/709 3628/1458/709 3637/1486/709
f 3637/1486/709 3639/1488/709 3630/1456/709
f 3642/1477/719 3639/1479/719 3638/1478/719
f 3642/1477/719 3640/1472/719 3639/1479/719
f 3640/1472/717 3641/1473/717 3639/1479/717
f 3639/1488/709 3641/1489/709 3630/1456/709
f 3642/1471/713 3636/1474/713 3632/1469/713
f 3636/1476/718 3642/1477/718 3638/1478/718
f 3632/1469/713 3640/1470/713 3642/1471/713
f 3640/1472/717 3632/1466/717 3641/1473/717
f 3632/1466/716 3630/1465/716 3641/1473/716
f 3634/1481/720 3635/1483/720 3628/1460/720
f 3629/1459/714 3634/1481/714 3628/1460/714
f 3995/1455/710 4000/1455/710 3996/1455/710
f 3999/1455/709 3995/1455/709 3996/1455/709
f 3999/1455/709 3997/1455/709 3995/1455/709
f 3997/1455/708 3998/1455/708 3995/1455/708
f 3995/1455/710 3998/1455/710 4000/1455/710
f 4004/1455/708 4001/1455/708 4000/1455/708
f 4005/1455/710 4000/1455/710 4001/1455/710
f 4005/1455/710 4002/1455/710 4000/1455/710
f 4002/1455/713 4003/1455/713 4000/1455/713
f 4000/1455/708 4003/1455/708 4007/1455/708
f 4006/1455/713 4000/1455/713 3998/1455/713
f 4006/1455/713 4004/1455/713 4000/1455/713
f 4000/1455/708 4007/1455/708 3996/1455/708
f 4008/1455/709 3996/1455/709 4007/1455/709
f 4007/1455/710 4009/1455/710 4008/1455/710
f 4007/1455/710 4003/1455/710 4009/1455/710
f 4009/1455/711 4002/1455/711 4010/1455/711
f 4002/1455/713 4009/1455/713 4003/1455/713
f 4009/1455/711 4010/1455/711 4008/1455/711
f 4008/1455/709 4010/1455/709 3996/1455/709
f 4010/1455/710 4014/1455/710 3996/1455/710
f 4011/1455/711 4010/1455/711 4012/1455/711
f 4010/1455/710 4011/1455/710 4014/1455/710
f 4010/1455/709 4015/1455/709 4012/1455/709
f 4010/1455/709 4013/1455/709 4015/1455/709
f 4010/1455/710 4016/1455/710 4013/1455/710
f 4010/1455/710 4002/1455/710 4016/1455/710
f 4013/1455/711 4016/1455/711 4017/1455/711
f 4016/1455/713 4018/1455/713 4017/1455/713
f 4016/1455/713 4002/1455/713 4018/1455/713
f 4018/1455/711 4019/1455/711 4022/1455/711
f 4019/1455/713 4018/1455/713 4004/1455/713
f 4018/1455/712 4021/1455/712 4004/1455/712
f 4018/1455/712 4020/1455/712 4021/1455/712
f 4002/1455/711 4020/1455/711 4018/1455/711
f 4015/1455/712 4017/1455/712 4018/1455/712
f 4018/1455/711 4022/1455/711 4012/1455/711
f 4015/1455/712 4018/1455/712 4012/1455/712
f 4012/1455/709 4022/1455/709 4023/1455/709
f 4022/1455/712 4024/1455/712 4023/1455/712
f 4022/1455/712 4019/1455/712 4024/1455/712
f 4024/1455/708 4004/1455/708 3999/1455/708
f 4019/1455/713 4004/1455/713 4024/1455/713
f 4024/1455/708 3999/1455/708 4023/1455/708
f 4012/1455/709 4023/1455/709 3999/1455/709
f 4004/1455/708 4021/1455/708 4001/1455/708
f 4021/1455/713 4005/1455/713 4001/1455/713
f 4021/1455/713 4020/1455/713 4005/1455/713
f 4002/1455/711 4005/1455/711 4020/1455/711
f 4013/1455/711 4017/1455/711 4015/1455/711
f 4025/1455/708 3996/1455/708 4014/1455/708
f 4011/1455/709 4025/1455/709 4014/1455/709
f 4025/1455/708 3999/1455/708 3996/1455/708
f 4026/1455/712 3999/1455/712 4025/1455/712
f 4011/1455/709 4026/1455/709 4025/1455/709
f 4026/1455/712 4012/1455/712 3999/1455/712
f 4011/1455/711 4012/1455/711 4026/1455/711
f 3997/1455/708 4006/1455/708 3998/1455/708
f 3999/1455/712 4004/1455/712 4006/1455/712
f 3999/1455/712 4006/1455/712 3997/1455/712
f 4382/1455/710 4380/1455/710 4379/1455/710
f 4383/1455/709 4379/1455/709 4380/1455/709
f 4383/1455/709 4381/1455/709 4379/1455/709
f 4381/1455/708 4382/1455/708 4379/1455/708
f 4388/1455/708 4384/1455/708 4383/1455/708
f 4389/1455/712 4383/1455/712 4384/1455/712
f 4388/1455/708 4383/1455/708 4380/1455/708
f 4387/1455/712 4381/1455/712 4383/1455/712
f 4389/1455/712 4385/1455/712 4383/1455/712
f 4385/1455/709 4386/1455/709 4383/1455/709
f 4386/1455/708 4387/1455/708 4383/1455/708
f 4390/1455/711 4385/1455/711 4389/1455/711
f 4390/1455/709 4389/1455/709 4384/1455/709
f 4390/1455/711 4391/1455/711 4385/1455/711
f 4391/1455/710 4390/1455/710 4388/1455/710
f 4390/1455/709 4384/1455/709 4388/1455/709
f 4392/1455/709 4391/1455/709 4380/1455/709
f 4396/1455/711 4391/1455/711 4392/1455/711
f 4391/1455/710 4388/1455/710 4380/1455/710
f 4391/1455/709 4395/1455/709 4385/1455/709
f 4391/1455/709 4393/1455/709 4395/1455/709
f 4391/1455/710 4397/1455/710 4393/1455/710
f 4391/1455/710 4394/1455/710 4397/1455/710
f 4396/1455/711 4394/1455/711 4391/1455/711
f 4393/1455/711 4397/1455/711 4398/1455/711
f 4397/1455/713 4399/1455/713 4398/1455/713
f 4397/1455/713 4394/1455/713 4399/1455/713
f 4399/1455/711 4400/1455/711 4403/1455/711
f 4400/1455/713 4399/1455/713 4387/1455/713
f 4399/1455/712 4402/1455/712 4387/1455/712
f 4399/1455/712 4401/1455/712 4402/1455/712
f 4394/1455/711 4401/1455/711 4399/1455/711
f 4398/1455/712 4399/1455/712 4385/1455/712
f 4399/1455/711 4403/1455/711 4385/1455/711
f 4385/1455/709 4403/1455/709 4386/1455/709
f 4403/1455/712 4404/1455/712 4386/1455/712
f 4403/1455/712 4400/1455/712 4404/1455/712
f 4386/1455/708 4404/1455/708 4387/1455/708
f 4400/1455/713 4387/1455/713 4404/1455/713
f 4387/1455/708 4402/1455/708 4405/1455/708
f 4402/1455/713 4406/1455/713 4405/1455/713
f 4402/1455/713 4401/1455/713 4406/1455/713
f 4406/1455/710 4407/1455/710 4405/1455/710
f 4394/1455/711 4406/1455/711 4401/1455/711
f 4406/1455/710 4394/1455/710 4407/1455/710
f 4387/1455/708 4405/1455/708 4407/1455/708
f 4394/1455/713 4408/1455/713 4407/1455/713
f 4407/1455/708 4408/1455/708 4410/1455/708
f 4382/1455/710 4407/1455/710 4380/1455/710
f 4409/1455/713 4407/1455/713 4382/1455/713
f 4409/1455/713 4387/1455/713 4407/1455/713
f 4407/1455/708 4410/1455/708 4380/1455/708
f 4392/1455/709 4380/1455/709 4410/1455/709
f 4410/1455/710 4396/1455/710 4392/1455/710
f 4410/1455/710 4408/1455/710 4396/1455/710
f 4381/1455/708 4409/1455/708 4382/1455/708
f 4387/1455/712 4409/1455/712 4381/1455/712
f 4394/1455/713 4396/1455/713 4408/1455/713
f 4393/1455/711 4398/1455/711 4395/1455/711
f 4398/1455/712 4385/1455/712 4395/1455/712
f 4542/1455/710 4540/1455/710 4539/1455/710
f 4543/1455/709 4539/1455/709 4540/1455/709
f 4543/1455/709 4541/1455/709 4539/1455/709
f 4541/1455/708 4542/1455/708 4539/1455/708
f 4548/1455/708 4544/1455/708 4543/1455/708
f 4549/1455/712 4543/1455/712 4544/1455/712
f 4548/1455/708 4543/1455/708 4540/1455/708
f 4547/1455/712 4541/1455/712 4543/1455/712
f 4549/1455/712 4545/1455/712 4543/1455/712
f 4545/1455/709 4546/1455/709 4543/1455/709
f 4546/1455/708 4547/1455/708 4543/1455/708
f 4550/1455/711 4545/1455/711 4549/1455/711
f 4550/1455/709 4549/1455/709 4544/1455/709
f 4550/1455/711 4551/1455/711 4545/1455/711
f 4551/1455/710 4550/1455/710 4548/1455/710
f 4550/1455/709 4544/1455/709 4548/1455/709
f 4552/1455/709 4551/1455/709 4540/1455/709
f 4556/1455/711 4551/1455/711 4552/1455/711
f 4551/1455/710 4548/1455/710 4540/1455/710
f 4551/1455/709 4555/1455/709 4545/1455/709
f 4551/1455/709 4553/1455/709 4555/1455/709
f 4551/1455/710 4557/1455/710 4553/1455/710
f 4551/1455/710 4554/1455/710 4557/1455/710
f 4556/1455/711 4554/1455/711 4551/1455/711
f 4553/1455/711 4557/1455/711 4558/1455/711
f 4557/1455/713 4559/1455/713 4558/1455/713
f 4557/1455/713 4554/1455/713 4559/1455/713
f 4559/1455/711 4560/1455/711 4563/1455/711
f 4560/1455/713 4559/1455/713 4547/1455/713
f 4559/1455/712 4562/1455/712 4547/1455/712
f 4559/1455/712 4561/1455/712 4562/1455/712
f 4554/1455/711 4561/1455/711 4559/1455/711
f 4558/1455/712 4559/1455/712 4545/1455/712
f 4559/1455/711 4563/1455/711 4545/1455/711
f 4545/1455/709 4563/1455/709 4546/1455/709
f 4563/1455/712 4564/1455/712 4546/1455/712
f 4563/1455/712 4560/1455/712 4564/1455/712
f 4546/1455/708 4564/1455/708 4547/1455/708
f 4560/1455/713 4547/1455/713 4564/1455/713
f 4547/1455/708 4562/1455/708 4565/1455/708
f 4562/1455/713 4566/1455/713 4565/1455/713
f 4562/1455/713 4561/1455/713 4566/1455/713
f 4566/1455/710 4567/1455/710 4565/1455/710
f 4554/1455/711 4566/1455/711 4561/1455/711
f 4566/1455/710 4554/1455/710 4567/1455/710
f 4547/1455/708 4565/1455/708 4567/1455/708
f 4554/1455/713 4568/1455/713 4567/1455/713
f 4567/1455/708 4568/1455/708 4570/1455/708
f 4542/1455/710 4567/1455/710 4540/1455/710
f 4569/1455/713 4567/1455/713 4542/1455/713
f 4569/1455/713 4547/1455/713 4567/1455/713
f 4567/1455/708 4570/1455/708 4540/1455/708
f 4552/1455/709 4540/1455/709 4570/1455/709
f 4570/1455/710 4556/1455/710 4552/1455/710
f 4570/1455/710 4568/1455/710 4556/1455/710
f 4541/1455/708 4569/1455/708 4542/1455/708
f 4547/1455/712 4569/1455/712 4541/1455/712
f 4554/1455/713 4556/1455/713 4568/1455/713
f 4553/1455/711 4558/1455/711 4555/1455/711
f 4558/1455/712 4545/1455/712 4555/1455/712
usemtl HullDark
f 3646/1455/710 3644/1455/710 3643/1455/710
f 3647/1455/709 3643/1455/709 3644/1455/709
f 3647/1455/709 3645/1455/709 3643/1455/709
f 3645/1455/708 3646/1455/708 3643/1455/708
f 3648/1455/708 3647/1455/708 3644/1455/708
f 3652/1455/712 3647/1455/712 3648/1455/712
f 3651/1455/712 3645/1455/712 3647/1455/712
f 3652/1455/712 3649/1455/712 3647/1455/712
f 3649/1455/709 3650/1455/709 3647/1455/709
f 3653/1455/708 3647/1455/708 3650/1455/708
f 3653/1455/708 3651/1455/708 3647/1455/708
f 3654/1455/713 3651/1455/713 3653/1455/713
f 3655/1455/712 3654/1455/712 3653/1455/712
f 3655/1455/712 3653/1455/712 3650/1455/712
f 3649/1455/709 3655/1455/709 3650/1455/709
f 3656/1455/711 3655/1455/711 3649/1455/711
f 3656/1455/711 3654/1455/711 3655/1455/711
f 3654/1455/713 3656/1455/713 3651/1455/713
f 3656/1455/712 3660/1455/712 3651/1455/712
f 3656/1455/712 3657/1455/712 3660/1455/712
f 3659/1455/711 3657/1455/711 3656/1455/711
f 3658/1455/712 3656/1455/712 3649/1455/712
f 3661/1455/713 3656/1455/713 3658/1455/713
f 3661/1455/713 3659/1455/713 3656/1455/713
f 3662/1455/711 3661/1455/711 3658/1455/711
f 3659/1455/710 3661/1455/710 3662/1455/710
f 3663/1455/709 3662/1455/709 3664/1455/709
f 3659/1455/710 3662/1455/710 3663/1455/710
f 3662/1455/711 3658/1455/711 3664/1455/711
f 3658/1455/712 3649/1455/712 3664/1455/712
f 3663/1455/709 3664/1455/709 3649/1455/709
f 3665/1455/709 3663/1455/709 3644/1455/709
f 3668/1455/711 3663/1455/711 3665/1455/711
f 3663/1455/710 3667/1455/710 3644/1455/710
f 3666/1455/711 3663/1455/711 3649/1455/711
f 3663/1455/710 3666/1455/710 3667/1455/710
f 3668/1455/711 3659/1455/711 3663/1455/711
f 3659/1455/713 3668/1455/713 3669/1455/713
f 3670/1455/710 3669/1455/710 3668/1455/710
f 3670/1455/710 3668/1455/710 3665/1455/710
f 3671/1455/708 3670/1455/708 3644/1455/708
f 3665/1455/709 3644/1455/709 3670/1455/709
f 3671/1455/708 3669/1455/708 3670/1455/708
f 3651/1455/708 3672/1455/708 3671/1455/708
f 3673/1455/710 3671/1455/710 3672/1455/710
f 3673/1455/710 3659/1455/710 3671/1455/710
f 3659/1455/713 3669/1455/713 3671/1455/713
f 3646/1455/710 3671/1455/710 3644/1455/710
f 3674/1455/713 3671/1455/713 3646/1455/713
f 3674/1455/713 3651/1455/713 3671/1455/713
f 3645/1455/708 3674/1455/708 3646/1455/708
f 3651/1455/712 3674/1455/712 3645/1455/712
f 3660/1455/713 3673/1455/713 3672/1455/713
f 3659/1455/711 3673/1455/711 3657/1455/711
f 3660/1455/713 3657/1455/713 3673/1455/713
f 3651/1455/708 3660/1455/708 3672/1455/708
f 3648/1455/708 3644/1455/708 3667/1455/708
f 3666/1455/709 3648/1455/709 3667/1455/709
f 3666/1455/709 3652/1455/709 3648/1455/709
f 3666/1455/711 3649/1455/711 3652/1455/711
f 3678/1455/710 3676/1455/710 3675/1455/710
f 3679/1455/709 3675/1455/709 3676/1455/709
f 3679/1455/709 3677/1455/709 3675/1455/709
f 3677/1455/708 3678/1455/708 3675/1455/708
f 3680/1455/708 3679/1455/708 3676/1455/708
f 3684/1455/712 3679/1455/712 3680/1455/712
f 3683/1455/712 3677/1455/712 3679/1455/712
f 3684/1455/712 3681/1455/712 3679/1455/712
f 3681/1455/709 3682/1455/709 3679/1455/709
f 3685/1455/708 3679/1455/708 3682/1455/708
f 3685/1455/708 3683/1455/708 3679/1455/708
f 3686/1455/713 3683/1455/713 3685/1455/713
f 3687/1455/712 3686/1455/712 3685/1455/712
f 3687/1455/712 3685/1455/712 3682/1455/712
f 3681/1455/709 3687/1455/709 3682/1455/709
f 3688/1455/711 3687/1455/711 3681/1455/711
f 3688/1455/711 3686/1455/711 3687/1455/711
f 3686/1455/713 3688/1455/713 3683/1455/713
f 3688/1455/712 3692/1455/712 3683/1455/712
f 3688/1455/712 3689/1455/712 3692/1455/712
f 3691/1455/711 3689/1455/711 3688/1455/711
f 3690/1455/712 3688/1455/712 3681/1455/712
f 3693/1455/713 3688/1455/713 3690/1455/713
f 3693/1455/713 3691/1455/713 3688/1455/713
f 3694/1455/711 3693/1455/711 3690/1455/711
f 3691/1455/710 3693/1455/710 3694/1455/710
f 3695/1455/709 3694/1455/709 3696/1455/709
f 3691/1455/710 3694/1455/710 3695/1455/710
f 3694/1455/711 3690/1455/711 3696/1455/711
f 3690/1455/712 3681/1455/712 3696/1455/712
f 3695/1455/709 3696/1455/709 3681/1455/709
f 3697/1455/709 3695/1455/709 3676/1455/709
f 3700/1455/711 3695/1455/711 3697/1455/711
f 3695/1455/710 3699/1455/710 3676/1455/710
f 3698/1455/711 3695/1455/711 3681/1455/711
f 3695/1455/710 3698/1455/710 3699/1455/710
f 3700/1455/711 3691/1455/711 3695/1455/711
f 3691/1455/713 3700/1455/713 3701/1455/713
f 3702/1455/710 3701/1455/710 3700/1455/710
f 3702/1455/710 3700/1455/710 3697/1455/710
f 3703/1455/708 3702/1455/708 3676/1455/708
f 3697/1455/709 3676/1455/709 3702/1455/709
f 3703/1455/708 3701/1455/708 3702/1455/708
f 3683/1455/708 3704/1455/708 3703/1455/708
f 3705/1455/710 3703/1455/710 3704/1455/710
f 3705/1455/710 3691/1455/710 3703/1455/710
f 3691/1455/713 3701/1455/713 3703/1455/713
f 3678/1455/710 3703/1455/710 3676/1455/710
f 3706/1455/713 3703/1455/713 3678/1455/713
f 3706/1455/713 3683/1455/713 3703/1455/713
f 3677/1455/708 3706/1455/708 3678/1455/708
f 3683/1455/712 3706/1455/712 3677/1455/712
f 3692/1455/713 3705/1455/713 3704/1455/713
f 3691/1455/711 3705/1455/711 3689/1455/711
f 3692/1455/713 3689/1455/713 3705/1455/713
f 3683/1455/708 3692/1455/708 3704/1455/708
f 3680/1455/708 3676/1455/708 3699/1455/708
f 3698/1455/709 3680/1455/709 3699/1455/709
f 3698/1455/709 3684/1455/709 3680/1455/709
f 3698/1455/711 3681/1455/711 3684/1455/711
f 3710/1455/710 3708/1455/710 3707/1455/710
f 3711/1455/709 3707/1455/709 3708/1455/709
f 3711/1455/709 3709/1455/709 3707/1455/709
f 3709/1455/708 3710/1455/708 3707/1455/708
f 3712/1455/708 3711/1455/708 3708/1455/708
f 3716/1455/712 3711/1455/712 3712/1455/712
f 3715/1455/712 3709/1455/712 3711/1455/712
f 3716/1455/712 3713/1455/712 3711/1455/712
f 3713/1455/709 3714/1455/709 3711/1455/709
f 3717/1455/708 3711/1455/708 3714/1455/708
f 3717/1455/708 3715/1455/708 3711/1455/708
f 3718/1455/713 3715/1455/713 3717/1455/713
f 3719/1455/712 3718/1455/712 3717/1455/712
f 3719/1455/712 3717/1455/712 3714/1455/712
f 3713/1455/709 3719/1455/709 3714/1455/709
f 3720/1455/711 3719/1455/711 3713/1455/711
f 3720/1455/711 3718/1455/711 3719/1455/711
f 3718/1455/713 3720/1455/713 3715/1455/713
f 3720/1455/712 3724/1455/712 3715/1455/712
f 3720/1455/712 3721/1455/712 3724/1455/712
f 3723/1455/711 3721/1455/711 3720/1455/711
f 3722/1455/712 3720/1455/712 3713/1455/712
f 3725/1455/713 3720/1455/713 3722/1455/713
f 3725/1455/713 3723/1455/713 3720/1455/713
f 3726/1455/711 3725/1455/711 3722/1455/711
f 3723/1455/710 3725/1455/710 3726/1455/710
f 3727/1455/709 3726/1455/709 3728/1455/709
f 3723/1455/710 3726/1455/710 3727/1455/710
f 3726/1455/711 3722/1455/711 3728/1455/711
f 3722/1455/712 3713/1455/712 3728/1455/712
f 3727/1455/709 3728/1455/709 3713/1455/709
f 3729/1455/709 3727/1455/709 3708/1455/709
f 3732/1455/711 3727/1455/711 3729/1455/711
f 3727/1455/710 3731/1455/710 3708/1455/710
f 3730/1455/711 3727/1455/711 3713/1455/711
f 3727/1455/710 3730/1455/710 3731/1455/710
f 3732/1455/711 3723/1455/711 3727/1455/711
f 3723/1455/713 3732/1455/713 3733/1455/713
f 3734/1455/710 3733/1455/710 3732/1455/710
f 3734/1455/710 3732/1455/710 3729/1455/710
f 3735/1455/708 3734/1455/708 3708/1455/708
f 3729/1455/709 3708/1455/709 3734/1455/709
f 3735/1455/708 3733/1455/708 3734/1455/708
f 3715/1455/708 3736/1455/708 3735/1455/708
f 3737/1455/710 3735/1455/710 3736/1455/710
f 3737/1455/710 3723/1455/710 3735/1455/710
f 3723/1455/713 3733/1455/713 3735/1455/713
f 3710/1455/710 3735/1455/710 3708/1455/710
f 3738/1455/713 3735/1455/713 3710/1455/713
f 3738/1455/713 3715/1455/713 3735/1455/713
f 3709/1455/708 3738/1455/708 3710/1455/708
f 3715/1455/712 3738/1455/712 3709/1455/712
f 3724/1455/713 3737/1455/713 3736/1455/713
f 3723/1455/711 3737/1455/711 3721/1455/711
f 3724/1455/713 3721/1455/713 3737/1455/713
f 3715/1455/708 3724/1455/708 3736/1455/708
f 3712/1455/708 3708/1455/708 3731/1455/708
f 3730/1455/709 3712/1455/709 3731/1455/709
f 3730/1455/709 3716/1455/709 3712/1455/709
f 3730/1455/711 3713/1455/711 3716/1455/711
f 3742/1455/710 3740/1455/710 3739/1455/710
f 3743/1455/709 3739/1455/709 3740/1455/709
f 3743/1455/709 3741/1455/709 3739/1455/709
f 3741/1455/708 3742/1455/708 3739/1455/708
f 3744/1455/708 3743/1455/708 3740/1455/708
f 3748/1455/712 3743/1455/712 3744/1455/712
f 3747/1455/712 3741/1455/712 3743/1455/712
f 3748/1455/712 3745/1455/712 3743/1455/712
f 3745/1455/709 3746/1455/709 3743/1455/709
f 3749/1455/708 3743/1455/708 3746/1455/708
f 3749/1455/708 3747/1455/708 3743/1455/708
f 3750/1455/713 3747/1455/713 3749/1455/713
f 3751/1455/712 3750/1455/712 3749/1455/712
f 3751/1455/712 3749/1455/712 3746/1455/712
f 3745/1455/709 3751/1455/709 3746/1455/709
f 3752/1455/711 3751/1455/711 3745/1455/711
f 3752/1455/711 3750/1455/711 3751/1455/711
f 3750/1455/713 3752/1455/713 3747/1455/713
f 3752/1455/712 3756/1455/712 3747/1455/712
f 3752/1455/712 3753/1455/712 3756/1455/712
f 3755/1455/711 3753/1455/711 3752/1455/711
f 3754/1455/712 3752/1455/712 3745/1455/712
f 3757/1455/713 3752/1455/713 3754/1455/713
f 3757/1455/713 3755/1455/713 3752/1455/713
f 3758/1455/711 3757/1455/711 3754/1455/711
f 3755/1455/710 3757/1455/710 3758/1455/710
f 3759/1455/709 3758/1455/709 3760/1455/709
f 3755/1455/710 3758/1455/710 3759/1455/710
f 3758/1455/711 3754/1455/711 3760/1455/711
f 3754/1455/712 3745/1455/712 3760/1455/712
f 3759/1455/709 3760/1455/709 3745/1455/709
f 3761/1455/709 3759/1455/709 3740/1455/709
f 3764/1455/711 3759/1455/711 3761/1455/711
f 3759/1455/710 3763/1455/710 3740/1455/710
f 3762/1455/711 3759/1455/711 3745/1455/711
f 3759/1455/710 3762/1455/710 3763/1455/710
f 3764/1455/711 3755/1455/711 3759/1455/711
f 3755/1455/713 3764/1455/713 3765/1455/713
f 3766/1455/710 3765/1455/710 3764/1455/710
f 3766/1455/710 3764/1455/710 3761/1455/710
f 3767/1455/708 3766/1455/708 3740/1455/708
f 3761/1455/709 3740/1455/709 3766/1455/709
f 3767/1455/708 3765/1455/708 3766/1455/708
f 3747/1455/708 3768/1455/708 3767/1455/708
f 3769/1455/710 3767/1455/710 3768/1455/710
f 3769/1455/710 3755/1455/710 3767/1455/710
f 3755/1455/713 3765/1455/713 3767/1455/713
f 3742/1455/710 3767/1455/710 3740/1455/710
f 3770/1455/713 3767/1455/713 3742/1455/713
f 3770/1455/713 3747/1455/713 3767/1455/713
f 3741/1455/708 3770/1455/708 3742/1455/708
f 3747/1455/712 3770/1455/712 3741/1455/712
f 3756/1455/713 3769/1455/713 3768/1455/713
f 3755/1455/711 3769/1455/711 3753/1455/711
f 3756/1455/713 3753/1455/713 3769/1455/713
f 3747/1455/708 3756/1455/708 3768/1455/708
f 3744/1455/708 3740/1455/708 3763/1455/708
f 3762/1455/709 3744/1455/709 3763/1455/709
f 3762/1455/709 3748/1455/709 3744/1455/709
f 3762/1455/711 3745/1455/711 3748/1455/711
f 3774/1455/710 3772/1455/710 3771/1455/710
f 3775/1455/709 3771/1455/709 3772/1455/709
f 3775/1455/709 3773/1455/709 3771/1455/709
f 3773/1455/708 3774/1455/708 3771/1455/708
f 3776/1455/708 3775/1455/708 3772/1455/708
f 3780/1455/712 3775/1455/712 3776/1455/712
f 3779/1455/712 3773/1455/712 3775/1455/712
f 3780/1455/712 3777/1455/712 3775/1455/712
f 3777/1455/709 3778/1455/709 3775/1455/709
f 3781/1455/708 3775/1455/708 3778/1455/708
f 3781/1455/708 3779/1455/708 3775/1455/708
f 3782/1455/713 3779/1455/713 3781/1455/713
f 3783/1455/712 3782/1455/712 3781/1455/712
f 3783/1455/712 3781/1455/712 3778/1455/712
f 3777/1455/709 3783/1455/709 3778/1455/709
f 3784/1455/711 3783/1455/711 3777/1455/711
f 3784/1455/711 3782/1455/711 3783/1455/711
f 3782/1455/713 3784/1455/713 3779/1455/713
f 3784/1455/712 3788/1455/712 3779/1455/712
f 3784/1455/712 3785/1455/712 3788/1455/712
f 3787/1455/711 3785/1455/711 3784/1455/711
f 3786/1455/712 3784/1455/712 3777/1455/712
f 3789/1455/713 3784/1455/713 3786/1455/713
f 3789/1455/713 3787/1455/713 3784/1455/713
f 3790/1455/711 3789/1455/711 3786/1455/711
f 3787/1455/710 3789/1455/710 3790/1455/710
f 3791/1455/709 3790/1455/709 3792/1455/709
f 3787/1455/710 3790/1455/710 3791/1455/710
f 3790/1455/711 3786/1455/711 3792/1455/711
f 3786/1455/712 3777/1455/712 3792/1455/712
f 3791/1455/709 3792/1455/709 3777/1455/709
f 3793/1455/709 3791/1455/709 3772/1455/709
f 3796/1455/711 3791/1455/711 3793/1455/711
f 3791/1455/710 3795/1455/710 3772/1455/710
f 3794/1455/711 3791/1455/711 3777/1455/711
f 3791/1455/710 3794/1455/710 3795/1455/710
f 3796/1455/711 3787/1455/711 3791/1455/711
f 3787/1455/713 3796/1455/713 3797/1455/713
f 3798/1455/710 3797/1455/710 3796/1455/710
f 3798/1455/710 3796/1455/710 3793/1455/710
f 3799/1455/708 3798/1455/708 3772/1455/708
f 3793/1455/709 3772/1455/709 3798/1455/709
f 3799/1455/708 3797/1455/708 3798/1455/708
f 3779/1455/708 3800/1455/708 3799/1455/708
f 3801/1455/710 3799/1455/710 3800/1455/710
f 3801/1455/710 3787/1455/710 3799/1455/710
f 3787/1455/713 3797/1455/713 3799/1455/713
f 3774/1455/710 3799/1455/710 3772/1455/710
f 3802/1455/713 3799/1455/713 3774/1455/713
f 3802/1455/713 3779/1455/713 3799/1455/713
f 3773/1455/708 3802/1455/708 3774/1455/708
f 3779/1455/712 3802/1455/712 3773/1455/712
f 3788/1455/713 3801/1455/713 3800/1455/713
f 3787/1455/711 3801/1455/711 3785/1455/711
f 3788/1455/713 3785/1455/713 3801/1455/713
f 3779/1455/708 3788/1455/708 3800/1455/708
f 3776/1455/708 3772/1455/708 3795/1455/708
f 3794/1455/709 3776/1455/709 3795/1455/709
f 3794/1455/709 3780/1455/709 3776/1455/709
f 3794/1455/711 3777/1455/711 3780/1455/711
f 3806/1455/710 3804/1455/710 3803/1455/710
f 3807/1455/709 3803/1455/709 3804/1455/709
f 3807/1455/709 3805/1455/709 3803/1455/709
f 3805/1455/708 3806/1455/708 3803/1455/708
f 3808/1455/708 3807/1455/708 3804/1455/708
f 3812/1455/712 3807/1455/712 3808/1455/712
f 3811/1455/712 3805/1455/712 3807/1455/712
f 3812/1455/712 3809/1455/712 3807/1455/712
f 3809/1455/709 3810/1455/709 3807/1455/709
f 3813/1455/708 3807/1455/708 3810/1455/708
f 3813/1455/708 3811/1455/708 3807/1455/708
f 3814/1455/713 3811/1455/713 3813/1455/713
f 3815/1455/712 3814/1455/712 3813/1455/712
f 3815/1455/712 3813/1455/712 3810/1455/712
f 3809/1455/709 3815/1455/709 3810/1455/709
f 3816/1455/711 3815/1455/711 3809/1455/711
f 3816/1455/711 3814/1455/711 3815/1455/711
f 3814/1455/713 3816/1455/713 3811/1455/713
f 3816/1455/712 3820/1455/712 3811/1455/712
f 3816/1455/712 3817/1455/712 3820/1455/712
f 3819/1455/711 3817/1455/711 3816/1455/711
f 3818/1455/712 3816/1455/712 3809/1455/712
f 3821/1455/713 3816/1455/713 3818/1455/713
f 3821/1455/713 3819/1455/713 3816/1455/713
f 3822/1455/711 3821/1455/711 3818/1455/711
f 3819/1455/710 3821/1455/710 3822/1455/710
f 3823/1455/709 3822/1455/709 3824/1455/709
f 3819/1455/710 3822/1455/710 3823/1455/710
f 3822/1455/711 3818/1455/711 3824/1455/711
f 3818/1455/712 3809/1455/712 3824/1455/712
f 3823/1455/709 3824/1455/709 3809/1455/709
f 3825/1455/709 3823/1455/709 3804/1455/709
f 3828/1455/711 3823/1455/711 3825/1455/711
f 3823/1455/710 3827/1455/710 3804/1455/710
f 3826/1455/711 3823/1455/711 3809/1455/711
f 3823/1455/710 3826/1455/710 3827/1455/710
f 3828/1455/711 3819/1455/711 3823/1455/711
f 3819/1455/713 3828/1455/713 3829/1455/713
f 3830/1455/710 3829/1455/710 3828/1455/710
f 3830/1455/710 3828/1455/710 3825/1455/710
f 3831/1455/708 3830/1455/708 3804/1455/708
f 3825/1455/709 3804/1455/709 3830/1455/709
f 3831/1455/708 3829/1455/708 3830/1455/708
f 3811/1455/708 3832/1455/708 3831/1455/708
f 3833/1455/710 3831/1455/710 3832/1455/710
f 3833/1455/710 3819/1455/710 3831/1455/710
f 3819/1455/713 3829/1455/713 3831/1455/713
f 3806/1455/710 3831/1455/710 3804/1455/710
f 3834/1455/713 3831/1455/713 3806/1455/713
f 3834/1455/713 3811/1455/713 3831/1455/713
f 3805/1455/708 3834/1455/708 3806/1455/708
f 3811/1455/712 3834/1455/712 3805/1455/712
f 3820/1455/713 3833/1455/713 3832/1455/713
f 3819/1455/711 3833/1455/711 3817/1455/711
f 3820/1455/713 3817/1455/713 3833/1455/713
f 3811/1455/708 3820/1455/708 3832/1455/708
f 3808/1455/708 3804/1455/708 3827/1455/708
f 3826/1455/709 3808/1455/709 3827/1455/709
f 3826/1455/709 3812/1455/709 3808/1455/709
f 3826/1455/711 3809/1455/711 3812/1455/711
f 3838/1455/710 3836/1455/710 3835/1455/710
f 3839/1455/709 3835/1455/709 3836/1455/709
f 3839/1455/709 3837/1455/709 3835/1455/709
f 3837/1455/708 3838/1455/708 3835/1455/708
f 3840/1455/708 3839/1455/708 3836/1455/708
f 3844/1455/712 3839/1455/712 3840/1455/712
f 3843/1455/712 3837/1455/712 3839/1455/712
f 3844/1455/712 3841/1455/712 3839/1455/712
f 3841/1455/709 3842/1455/709 3839/1455/709
f 3845/1455/708 3839/1455/708 3842/1455/708
f 3845/1455/708 3843/1455/708 3839/1455/708
f 3846/1455/713 3843/1455/713 3845/1455/713
f 3847/1455/712 3846/1455/712 3845/1455/712
f 3847/1455/712 3845/1455/712 3842/1455/712
f 3841/1455/709 3847/1455/709 3842/1455/709
f 3848/1455/711 3847/1455/711 3841/1455/711
f 3848/1455/711 3846/1455/711 3847/1455/711
f 3846/1455/713 3848/1455/713 3843/1455/713
f 3848/1455/712 3852/1455/712 3843/1455/712
f 3848/1455/712 3849/1455/712 3852/1455/712
f 3851/1455/711 3849/1455/711 3848/1455/711
f 3850/1455/712 3848/1455/712 3841/1455/712
f 3853/1455/713 3848/1455/713 3850/1455/713
f 3853/1455/713 3851/1455/713 3848/1455/713
f 3854/1455/711 3853/1455/711 3850/1455/711
f 3851/1455/710 3853/1455/710 3854/1455/710
f 3855/1455/709 3854/1455/709 3856/1455/709
f 3851/1455/710 3854/1455/710 3855/1455/710
f 3854/1455/711 3850/1455/711 3856/1455/711
f 3850/1455/712 3841/1455/712 3856/1455/712
f 3855/1455/709 3856/1455/709 3841/1455/709
f 3857/1455/709 3855/1455/709 3836/1455/709
f 3860/1455/711 3855/1455/711 3857/1455/711
f 3855/1455/710 3859/1455/710 3836/1455/710
f 3858/1455/711 3855/1455/711 3841/1455/711
f 3855/1455/710 3858/1455/710 3859/1455/710
f 3860/1455/711 3851/1455/711 3855/1455/711
f 3851/1455/713 3860/1455/713 3861/1455/713
f 3862/1455/710 3861/1455/710 3860/1455/710
f 3862/1455/710 3860/1455/710 3857/1455/710
f 3863/1455/708 3862/1455/708 3836/1455/708
f 3857/1455/709 3836/1455/709 3862/1455/709
f 3863/1455/708 3861/1455/708 3862/1455/708
f 3843/1455/708 3864/1455/708 3863/1455/708
f 3865/1455/710 3863/1455/710 3864/1455/710
f 3865/1455/710 3851/1455/710 3863/1455/710
f 3851/1455/713 3861/1455/713 3863/1455/713
f 3838/1455/710 3863/1455/710 3836/1455/710
f 3866/1455/713 3863/1455/713 3838/1455/713
f 3866/1455/713 3843/1455/713 3863/1455/713
f 3837/1455/708 3866/1455/708 3838/1455/708
f 3843/1455/712 3866/1455/712 3837/1455/712
f 3852/1455/713 3865/1455/713 3864/1455/713
f 3851/1455/711 3865/1455/711 3849/1455/711
f 3852/1455/713 3849/1455/713 3865/1455/713
f 3843/1455/708 3852/1455/708 3864/1455/708
f 3840/1455/708 3836/1455/708 3859/1455/708
f 3858/1455/709 3840/1455/709 3859/1455/709
f 3858/1455/709 3844/1455/709 3840/1455/709
f 3858/1455/711 3841/1455/711 3844/1455/711
f 3870/1455/710 3868/1455/710 3867/1455/710
f 3871/1455/709 3867/1455/709 3868/1455/709
f 3871/1455/709 3869/1455/709 3867/1455/709
f 3869/1455/708 3870/1455/708 3867/1455/708
f 3872/1455/708 3871/1455/708 3868/1455/708
f 3876/1455/712 3871/1455/712 3872/1455/712
f 3875/1455/712 3869/1455/712 3871/1455/712
f 3876/1455/712 3873/1455/712 3871/1455/712
f 3873/1455/709 3874/1455/709 3871/1455/709
f 3877/1455/708 3871/1455/708 3874/1455/708
f 3877/1455/708 3875/1455/708 3871/1455/708
f 3878/1455/713 3875/1455/713 3877/1455/713
f 3879/1455/712 3878/1455/712 3877/1455/712
f 3879/1455/712 3877/1455/712 3874/1455/712
f 3873/1455/709 3879/1455/709 3874/1455/709
f 3880/1455/711 3879/1455/711 3873/1455/711
f 3880/1455/711 3878/1455/711 3879/1455/711
f 3878/1455/713 3880/1455/713 3875/1455/713
f 3880/1455/712 3884/1455/712 3875/1455/712
f 3880/1455/712 3881/1455/712 3884/1455/712
f 3883/1455/711 3881/1455/711 3880/1455/711
f 3882/1455/712 3880/1455/712 3873/1455/712
f 3885/1455/713 3880/1455/713 3882/1455/713
f 3885/1455/713 3883/1455/713 3880/1455/713
f 3886/1455/711 3885/1455/711 3882/1455/711
f 3883/1455/710 3885/1455/710 3886/1455/710
f 3887/1455/709 3886/1455/709 3888/1455/709
f 3883/1455/710 3886/1455/710 3887/1455/710
f 3886/1455/711 3882/1455/711 3888/1455/711
f 3882/1455/712 3873/1455/712 3888/1455/712
f 3887/1455/709 3888/1455/709 3873/1455/709
f 3889/1455/709 3887/1455/709 3868/1455/709
f 3892/1455/711 3887/1455/711 3889/1455/711
f 3887/1455/710 3891/1455/710 3868/1455/710
f 3890/1455/711 3887/1455/711 3873/1455/711
f 3887/1455/710 3890/1455/710 3891/1455/710
f 3892/1455/711 3883/1455/711 3887/1455/711
f 3883/1455/713 3892/1455/713 3893/1455/713
f 3894/1455/710 3893/1455/710 3892/1455/710
f 3894/1455/710 3892/1455/710 3889/1455/710
f 3895/1455/708 3894/1455/708 3868/1455/708
f 3889/1455/709 3868/1455/709 3894/1455/709
f 3895/1455/708 3893/1455/708 3894/1455/708
f 3875/1455/708 3896/1455/708 3895/1455/708
f 3897/1455/710 3895/1455/710 3896/1455/710
f 3897/1455/710 3883/1455/710 3895/1455/710
f 3883/1455/713 3893/1455/713 3895/1455/713
f 3870/1455/710 3895/1455/710 3868/1455/710
f 3898/1455/713 3895/1455/713 3870/1455/713
f 3898/1455/713 3875/1455/713 3895/1455/713
f 3869/1455/708 3898/1455/708 3870/1455/708
f 3875/1455/712 3898/1455/712 3869/1455/712
f 3884/1455/713 3897/1455/713 3896/1455/713
f 3883/1455/711 3897/1455/711 3881/1455/711
f 3884/1455/713 3881/1455/713 3897/1455/713
f 3875/1455/708 3884/1455/708 3896/1455/708
f 3872/1455/708 3868/1455/708 3891/1455/708
f 3890/1455/709 3872/1455/709 3891/1455/709
f 3890/1455/709 3876/1455/709 3872/1455/709
f 3890/1455/711 3873/1455/711 3876/1455/711
f 3902/1455/710 3900/1455/710 3899/1455/710
f 3903/1455/709 3899/1455/709 3900/1455/709
f 3903/1455/709 3901/1455/709 3899/1455/709
f 3901/1455/708 3902/1455/708 3899/1455/708
f 3904/1455/708 3903/1455/708 3900/1455/708
f 3908/1455/712 3903/1455/712 3904/1455/712
f 3907/1455/712 3901/1455/712 3903/1455/712
f 3908/1455/712 3905/1455/712 3903/1455/712
f 3905/1455/709 3906/1455/709 3903/1455/709
f 3909/1455/708 3903/1455/708 3906/1455/708
f 3909/1455/708 3907/1455/708 3903/1455/708
f 3910/1455/713 3907/1455/713 3909/1455/713
f 3911/1455/712 3910/1455/712 3909/1455/712
f 3911/1455/712 3909/1455/712 3906/1455/712
f 3905/1455/709 3911/1455/709 3906/1455/709
f 3912/1455/711 3911/1455/711 3905/1455/711
f 3912/1455/711 3910/1455/711 3911/1455/711
f 3910/1455/713 3912/1455/713 3907/1455/713
f 3912/1455/712 3916/1455/712 3907/1455/712
f 3912/1455/712 3913/1455/712 3916/1455/712
f 3915/1455/711 3913/1455/711 3912/1455/711
f 3914/1455/712 3912/1455/712 3905/1455/712
f 3917/1455/713 3912/1455/713 3914/1455/713
f 3917/1455/713 3915/1455/713 3912/1455/713
f 3918/1455/711 3917/1455/711 3914/1455/711
f 3915/1455/710 3917/1455/710 3918/1455/710
f 3919/1455/709 3918/1455/709 3920/1455/709
f 3915/1455/710 3918/1455/710 3919/1455/710
f 3918/1455/711 3914/1455/711 3920/1455/711
f 3914/1455/712 3905/1455/712 3920/1455/712
f 3919/1455/709 3920/1455/709 3905/1455/709
f 3921/1455/709 3919/1455/709 3900/1455/709
f 3924/1455/711 3919/1455/711 3921/1455/711
f 3919/1455/710 3923/1455/710 3900/1455/710
f 3922/1455/711 3919/1455/711 3905/1455/711
f 3919/1455/710 3922/1455/710 3923/1455/710
f 3924/1455/711 3915/1455/711 3919/1455/711
f 3915/1455/713 3924/1455/713 3925/1455/713
f 3926/1455/710 3925/1455/710 3924/1455/710
f 3926/1455/710 3924/1455/710 3921/1455/710
f 3927/1455/708 3926/1455/708 3900/1455/708
f 3921/1455/709 3900/1455/709 3926/1455/709
f 3927/1455/708 3925/1455/708 3926/1455/708
f 3907/1455/708 3928/1455/708 3927/1455/708
f 3929/1455/710 3927/1455/710 3928/1455/710
f 3929/1455/710 3915/1455/710 3927/1455/710
f 3915/1455/713 3925/1455/713 3927/1455/713
f 3902/1455/710 3927/1455/710 3900/1455/710
f 3930/1455/713 3927/1455/713 3902/1455/713
f 3930/1455/713 3907/1455/713 3927/1455/713
f 3901/1455/708 3930/1455/708 3902/1455/708
f 3907/1455/712 3930/1455/712 3901/1455/712
f 3916/1455/713 3929/1455/713 3928/1455/713
f 3915/1455/711 3929/1455/711 3913/1455/711
f 3916/1455/713 3913/1455/713 3929/1455/713
f 3907/1455/708 3916/1455/708 3928/1455/708
f 3904/1455/708 3900/1455/708 3923/1455/708
f 3922/1455/709 3904/1455/709 3923/1455/709
f 3922/1455/709 3908/1455/709 3904/1455/709
f 3922/1455/711 3905/1455/711 3908/1455/711
f 3934/1455/710 3932/1455/710 3931/1455/710
f 3935/1455/709 3931/1455/709 3932/1455/709
f 3935/1455/709 3933/1455/709 3931/1455/709
f 3933/1455/708 3934/1455/708 3931/1455/708
f 3936/1455/708 3935/1455/708 3932/1455/708
f 3940/1455/712 3935/1455/712 3936/1455/712
f 3939/1455/712 3933/1455/712 3935/1455/712
f 3940/1455/712 3937/1455/712 3935/1455/712
f 3937/1455/709 3938/1455/709 3935/1455/709
f 3941/1455/708 3935/1455/708 3938/1455/708
f 3941/1455/708 3939/1455/708 3935/1455/708
f 3942/1455/713 3939/1455/713 3941/1455/713
f 3943/1455/712 3942/1455/712 3941/1455/712
f 3943/1455/712 3941/1455/712 3938/1455/712
f 3937/1455/709 3943/1455/709 3938/1455/709
f 3944/1455/711 3943/1455/711 3937/1455/711
f 3944/1455/711 3942/1455/711 3943/1455/711
f 3942/1455/713 3944/1455/713 3939/1455/713
f 3944/1455/712 3948/1455/712 3939/1455/712
f 3944/1455/712 3945/1455/712 3948/1455/712
f 3947/1455/711 3945/1455/711 3944/1455/711
f 3946/1455/712 3944/1455/712 3937/1455/712
f 3949/1455/713 3944/1455/713 3946/1455/713
f 3949/1455/713 3947/1455/713 3944/1455/713
f 3950/1455/711 3949/1455/711 3946/1455/711
f 3947/1455/710 3949/1455/710 3950/1455/710
f 3951/1455/709 3950/1455/709 3952/1455/709
f 3947/1455/710 3950/1455/710 3951/1455/710
f 3950/1455/711 3946/1455/711 3952/1455/711
f 3946/1455/712 3937/1455/712 3952/1455/712
f 3951/1455/709 3952/1455/709 3937/1455/709
f 3953/1455/709 3951/1455/709 3932/1455/709
f 3956/1455/711 3951/1455/711 3953/1455/711
f 3951/1455/710 3955/1455/710 3932/1455/710
f 3954/1455/711 3951/1455/711 3937/1455/711
f 3951/1455/710 3954/1455/710 3955/1455/710
f 3956/1455/711 3947/1455/711 3951/1455/711
f 3947/1455/713 3956/1455/713 3957/1455/713
f 3958/1455/710 3957/1455/710 3956/1455/710
f 3958/1455/710 3956/1455/710 3953/1455/710
f 3959/1455/708 3958/1455/708 3932/1455/708
f 3953/1455/709 3932/1455/709 3958/1455/709
f 3959/1455/708 3957/1455/708 3958/1455/708
f 3939/1455/708 3960/1455/708 3959/1455/708
f 3961/1455/710 3959/1455/710 3960/1455/710
f 3961/1455/710 3947/1455/710 3959/1455/710
f 3947/1455/713 3957/1455/713 3959/1455/713
f 3934/1455/710 3959/1455/710 3932/1455/710
f 3962/1455/713 3959/1455/713 3934/1455/713
f 3962/1455/713 3939/1455/713 3959/1455/713
f 3933/1455/708 3962/1455/708 3934/1455/708
f 3939/1455/712 3962/1455/712 3933/1455/712
f 3948/1455/713 3961/1455/713 3960/1455/713
f 3947/1455/711 3961/1455/711 3945/1455/711
f 3948/1455/713 3945/1455/713 3961/1455/713
f 3939/1455/708 3948/1455/708 3960/1455/708
f 3936/1455/708 3932/1455/708 3955/1455/708
f 3954/1455/709 3936/1455/709 3955/1455/709
f 3954/1455/709 3940/1455/709 3936/1455/709
f 3954/1455/711 3937/1455/711 3940/1455/711
f 3966/1455/710 3964/1455/710 3963/1455/710
f 3967/1455/709 3963/1455/709 3964/1455/709
f 3967/1455/709 3965/1455/709 3963/1455/709
f 3965/1455/708 3966/1455/708 3963/1455/708
f 3968/1455/708 3967/1455/708 3964/1455/708
f 3972/1455/712 3967/1455/712 3968/1455/712
f 3971/1455/712 3965/1455/712 3967/1455/712
f 3972/1455/712 3969/1455/712 3967/1455/712
f 3969/1455/709 3970/1455/709 3967/1455/709
f 3973/1455/708 3967/1455/708 3970/1455/708
f 3973/1455/708 3971/1455/708 3967/1455/708
f 3974/1455/713 3971/1455/713 3973/1455/713
f 3975/1455/712 3974/1455/712 3973/1455/712
f 3975/1455/712 3973/1455/712 3970/1455/712
f 3969/1455/709 3975/1455/709 3970/1455/709
f 3976/1455/711 3975/1455/711 3969/1455/711
f 3976/1455/711 3974/1455/711 3975/1455/711
f 3974/1455/713 3976/1455/713 3971/1455/713
f 3976/1455/712 3980/1455/712 3971/1455/712
f 3976/1455/712 3977/1455/712 3980/1455/712
f 3979/1455/711 3977/1455/711 3976/1455/711
f 3978/1455/712 3976/1455/712 3969/1455/712
f 3981/1455/713 3976/1455/713 3978/1455/713
f 3981/1455/713 3979/1455/713 3976/1455/713
f 3982/1455/711 3981/1455/711 3978/1455/711
f 3979/1455/710 3981/1455/710 3982/1455/710
f 3983/1455/709 3982/1455/709 3984/1455/709
f 3979/1455/710 3982/1455/710 3983/1455/710
f 3982/1455/711 3978/1455/711 3984/1455/711
f 3978/1455/712 3969/1455/712 3984/1455/712
f 3983/1455/709 3984/1455/709 3969/1455/709
f 3985/1455/709 3983/1455/709 3964/1455/709
f 3988/1455/711 3983/1455/711 3985/1455/711
f 3983/1455/710 3987/1455/710 3964/1455/710
f 3986/1455/711 3983/1455/711 3969/1455/711
f 3983/1455/710 3986/1455/710 3987/1455/710
f 3988/1455/711 3979/1455/711 3983/1455/711
f 3979/1455/713 3988/1455/713 3989/1455/713
f 3990/1455/710 3989/1455/710 3988/1455/710
f 3990/1455/710 3988/1455/710 3985/1455/710
f 3991/1455/708 3990/1455/708 3964/1455/708
f 3985/1455/709 3964/1455/709 3990/1455/709
f 3991/1455/708 3989/1455/708 3990/1455/708
f 3971/1455/708 3992/1455/708 3991/1455/708
f 3993/1455/710 3991/1455/710 3992/1455/710
f 3993/1455/710 3979/1455/710 3991/1455/710
f 3979/1455/713 3989/1455/713 3991/1455/713
f 3966/1455/710 3991/1455/710 3964/1455/710
f 3994/1455/713 3991/1455/713 3966/1455/713
f 3994/1455/713 3971/1455/713 3991/1455/713
f 3965/1455/708 3994/1455/708 3966/1455/708
f 3971/1455/712 3994/1455/712 3965/1455/712
f 3980/1455/713 3993/1455/713 3992/1455/713
f 3979/1455/711 3993/1455/711 3977/1455/711
f 3980/1455/713 3977/1455/713 3993/1455/713
f 3971/1455/708 3980/1455/708 3992/1455/708
f 3968/1455/708 3964/1455/708 3987/1455/708
f 3986/1455/709 3968/1455/709 3987/1455/709
f 3986/1455/709 3972/1455/709 3968/1455/709
f 3986/1455/711 3969/1455/711 3972/1455/711
f 4030/1455/710 4028/1455/710 4027/1455/710
f 4031/1455/709 4027/1455/709 4028/1455/709
f 4031/1455/709 4029/1455/709 4027/1455/709
f 4029/1455/708 4030/1455/708 4027/1455/708
f 4032/1455/708 4031/1455/708 4028/1455/708
f 4036/1455/712 4031/1455/712 4032/1455/712
f 4035/1455/712 4029/1455/712 4031/1455/712
f 4036/1455/712 4033/1455/712 4031/1455/712
f 4033/1455/709 4034/1455/709 4031/1455/709
f 4037/1455/708 4031/1455/708 4034/1455/708
f 4037/1455/708 4035/1455/708 4031/1455/708
f 4038/1455/713 4035/1455/713 4037/1455/713
f 4039/1455/712 4038/1455/712 4037/1455/712
f 4039/1455/712 4037/1455/712 4034/1455/712
f 4033/1455/709 4039/1455/709 4034/1455/709
f 4040/1455/711 4039/1455/711 4033/1455/711
f 4040/1455/711 4038/1455/711 4039/1455/711
f 4038/1455/713 4040/1455/713 4035/1455/713
f 4040/1455/712 4044/1455/712 4035/1455/712
f 4040/1455/712 4041/1455/712 4044/1455/712
f 4043/1455/711 4041/1455/711 4040/1455/711
f 4042/1455/712 4040/1455/712 4033/1455/712
f 4045/1455/713 4040/1455/713 4042/1455/713
f 4045/1455/713 4043/1455/713 4040/1455/713
f 4046/1455/711 4045/1455/711 4042/1455/711
f 4043/1455/710 4045/1455/710 4046/1455/710
f 4047/1455/709 4046/1455/709 4048/1455/709
f 4043/1455/710 4046/1455/710 4047/1455/710
f 4046/1455/711 4042/1455/711 4048/1455/711
f 4042/1455/712 4033/1455/712 4048/1455/712
f 4047/1455/709 4048/1455/709 4033/1455/709
f 4049/1455/709 4047/1455/709 4028/1455/709
f 4052/1455/711 4047/1455/711 4049/1455/711
f 4047/1455/710 4051/1455/710 4028/1455/710
f 4050/1455/711 4047/1455/711 4033/1455/711
f 4047/1455/710 4050/1455/710 4051/1455/710
f 4052/1455/711 4043/1455/711 4047/1455/711
f 4043/1455/713 4052/1455/713 4053/1455/713
f 4054/1455/710 4053/1455/710 4052/1455/710
f 4054/1455/710 4052/1455/710 4049/1455/710
f 4055/1455/708 4054/1455/708 4028/1455/708
f 4049/1455/709 4028/1455/709 4054/1455/709
f 4055/1455/708 4053/1455/708 4054/1455/708
f 4035/1455/708 4056/1455/708 4055/1455/708
f 4057/1455/710 4055/1455/710 4056/1455/710
f 4057/1455/710 4043/1455/710 4055/1455/710
f 4043/1455/713 4053/1455/713 4055/1455/713
f 4030/1455/710 4055/1455/710 4028/1455/710
f 4058/1455/713 4055/1455/713 4030/1455/713
f 4058/1455/713 4035/1455/713 4055/1455/713
f 4029/1455/708 4058/1455/708 4030/1455/708
f 4035/1455/712 4058/1455/712 4029/1455/712
f 4044/1455/713 4057/1455/713 4056/1455/713
f 4043/1455/711 4057/1455/711 4041/1455/711
f 4044/1455/713 4041/1455/713 4057/1455/713
f 4035/1455/708 4044/1455/708 4056/1455/708
f 4032/1455/708 4028/1455/708 4051/1455/708
f 4050/1455/709 4032/1455/709 4051/1455/709
f 4050/1455/709 4036/1455/709 4032/1455/709
f 4050/1455/711 4033/1455/711 4036/1455/711
f 4062/1455/710 4060/1455/710 4059/1455/710
f 4063/1455/709 4059/1455/709 4060/1455/709
f 4063/1455/709 4061/1455/709 4059/1455/709
f 4061/1455/708 4062/1455/708 4059/1455/708
f 4064/1455/708 4063/1455/708 4060/1455/708
f 4068/1455/712 4063/1455/712 4064/1455/712
f 4067/1455/712 4061/1455/712 4063/1455/712
f 4068/1455/712 4065/1455/712 4063/1455/712
f 4065/1455/709 4066/1455/709 4063/1455/709
f 4069/1455/708 4063/1455/708 4066/1455/708
f 4069/1455/708 4067/1455/708 4063/1455/708
f 4070/1455/713 4067/1455/713 4069/1455/713
f 4071/1455/712 4070/1455/712 4069/1455/712
f 4071/1455/712 4069/1455/712 4066/1455/712
f 4065/1455/709 4071/1455/709 4066/1455/709
f 4072/1455/711 4071/1455/711 4065/1455/711
f 4072/1455/711 4070/1455/711 4071/1455/711
f 4070/1455/713 4072/1455/713 4067/1455/713
f 4072/1455/712 4076/1455/712 4067/1455/712
f 4072/1455/712 4073/1455/712 4076/1455/712
f 4075/1455/711 4073/1455/711 4072/1455/711
f 4074/1455/712 4072/1455/712 4065/1455/712
f 4077/1455/713 4072/1455/713 4074/1455/713
f 4077/1455/713 4075/1455/713 4072/1455/713
f 4078/1455/711 4077/1455/711 4074/1455/711
f 4075/1455/710 4077/1455/710 4078/1455/710
f 4079/1455/709 4078/1455/709 4080/1455/709
f 4075/1455/710 4078/1455/710 4079/1455/710
f 4078/1455/711 4074/1455/711 4080/1455/711
f 4074/1455/712 4065/1455/712 4080/1455/712
f 4079/1455/709 4080/1455/709 4065/1455/709
f 4081/1455/709 4079/1455/709 4060/1455/709
f 4084/1455/711 4079/1455/711 4081/1455/711
f 4079/1455/710 4083/1455/710 4060/1455/710
f 4082/1455/711 4079/1455/711 4065/1455/711
f 4079/1455/710 4082/1455/710 4083/1455/710
f 4084/1455/711 4075/1455/711 4079/1455/711
f 4075/1455/713 4084/1455/713 4085/1455/713
f 4086/1455/710 4085/1455/710 4084/1455/710
f 4086/1455/710 4084/1455/710 4081/1455/710
f 4087/1455/708 4086/1455/708 4060/1455/708
f 4081/1455/709 4060/1455/709 4086/1455/709
f 4087/1455/708 4085/1455/708 4086/1455/708
f 4067/1455/708 4088/1455/708 4087/1455/708
f 4089/1455/710 4087/1455/710 4088/1455/710
f 4089/1455/710 4075/1455/710 4087/1455/710
f 4075/1455/713 4085/1455/713 4087/1455/713
f 4062/1455/710 4087/1455/710 4060/1455/710
f 4090/1455/713 4087/1455/713 4062/1455/713
f 4090/1455/713 4067/1455/713 4087/1455/713
f 4061/1455/708 4090/1455/708 4062/1455/708
f 4067/1455/712 4090/1455/712 4061/1455/712
f 4076/1455/713 4089/1455/713 4088/1455/713
f 4075/1455/711 4089/1455/711 4073/1455/711
f 4076/1455/713 4073/1455/713 4089/1455/713
f 4067/1455/708 4076/1455/708 4088/1455/708
f 4064/1455/708 4060/1455/708 4083/1455/708
f 4082/1455/709 4064/1455/709 4083/1455/709
f 4082/1455/709 4068/1455/709 4064/1455/709
f 4082/1455/711 4065/1455/711 4068/1455/711
f 4094/1455/710 4092/1455/710 4091/1455/710
f 4095/1455/709 4091/1455/709 4092/1455/709
f 4095/1455/709 4093/1455/709 4091/1455/709
f 4093/1455/708 4094/1455/708 4091/1455/708
f 4096/1455/708 4095/1455/708 4092/1455/708
f 4100/1455/712 4095/1455/712 4096/1455/712
f 4099/1455/712 4093/1455/712 4095/1455/712
f 4100/1455/712 4097/1455/712 4095/1455/712
f 4097/1455/709 4098/1455/709 4095/1455/709
f 4101/1455/708 4095/1455/708 4098/1455/708
f 4101/1455/708 4099/1455/708 4095/1455/708
f 4102/1455/713 4099/1455/713 4101/1455/713
f 4103/1455/712 4102/1455/712 4101/1455/712
f 4103/1455/712 4101/1455/712 4098/1455/712
f 4097/1455/709 4103/1455/709 4098/1455/709
f 4104/1455/711 4103/1455/711 4097/1455/711
f 4104/1455/711 4102/1455/711 4103/1455/711
f 4102/1455/713 4104/1455/713 4099/1455/713
f 4104/1455/712 4108/1455/712 4099/1455/712
f 4104/1455/712 4105/1455/712 4108/1455/712
f 4107/1455/711 4105/1455/711 4104/1455/711
f 4106/1455/712 4104/1455/712 4097/1455/712
f 4109/1455/713 4104/1455/713 4106/1455/713
f 4109/1455/713 4107/1455/713 4104/1455/713
f 4110/1455/711 4109/1455/711 4106/1455/711
f 4107/1455/710 4109/1455/710 4110/1455/710
f 4111/1455/709 4110/1455/709 4112/1455/709
f 4107/1455/710 4110/1455/710 4111/1455/710
f 4110/1455/711 4106/1455/711 4112/1455/711
f 4106/1455/712 4097/1455/712 4112/1455/712
f 4111/1455/709 4112/1455/709 4097/1455/709
f 4113/1455/709 4111/1455/709 4092/1455/709
f 4116/1455/711 4111/1455/711 4113/1455/711
f 4111/1455/710 4115/1455/710 4092/1455/710
f 4114/1455/711 4111/1455/711 4097/1455/711
f 4111/1455/710 4114/1455/710 4115/1455/710
f 4116/1455/711 4107/1455/711 4111/1455/711
f 4107/1455/713 4116/1455/713 4117/1455/713
f 4118/1455/710 4117/1455/710 4116/1455/710
f 4118/1455/710 4116/1455/710 4113/1455/710
f 4119/1455/708 4118/1455/708 4092/1455/708
f 4113/1455/709 4092/1455/709 4118/1455/709
f 4119/1455/708 4117/1455/708 4118/1455/708
f 4099/1455/708 4120/1455/708 4119/1455/708
f 4121/1455/710 4119/1455/710 4120/1455/710
f 4121/1455/710 4107/1455/710 4119/1455/710
f 4107/1455/713 4117/1455/713 4119/1455/713
f 4094/1455/710 4119/1455/710 4092/1455/710
f 4122/1455/713 4119/1455/713 4094/1455/713
f 4122/1455/713 4099/1455/713 4119/1455/713
f 4093/1455/708 4122/1455/708 4094/1455/708
f 4099/1455/712 4122/1455/712 4093/1455/712
f 4108/1455/713 4121/1455/713 4120/1455/713
f 4107/1455/711 4121/1455/711 4105/1455/711
f 4108/1455/713 4105/1455/713 4121/1455/713
f 4099/1455/708 4108/1455/708 4120/1455/708
f 4096/1455/708 4092/1455/708 4115/1455/708
f 4114/1455/709 4096/1455/709 4115/1455/709
f 4114/1455/709 4100/1455/709 4096/1455/709
f 4114/1455/711 4097/1455/711 4100/1455/711
f 4126/1455/710 4124/1455/710 4123/1455/710
f 4127/1455/709 4123/1455/709 4124/1455/709
f 4127/1455/709 4125/1455/709 4123/1455/709
f 4125/1455/708 4126/1455/708 4123/1455/708
f 4128/1455/708 4127/1455/708 4124/1455/708
f 4132/1455/712 4127/1455/712 4128/1455/712
f 4131/1455/712 4125/1455/712 4127/1455/712
f 4132/1455/712 4129/1455/712 4127/1455/712
f 4129/1455/709 4130/1455/709 4127/1455/709
f 4133/1455/708 4127/1455/708 4130/1455/708
f 4133/1455/708 4131/1455/708 4127/1455/708
f 4134/1455/713 4131/1455/713 4133/1455/713
f 4135/1455/712 4134/1455/712 4133/1455/712
f 4135/1455/712 4133/1455/712 4130/1455/712
f 4129/1455/709 4135/1455/709 4130/1455/709
f 4136/1455/711 4135/1455/711 4129/1455/711
f 4136/1455/711 4134/1455/711 4135/1455/711
f 4134/1455/713 4136/1455/713 4131/1455/713
f 4136/1455/712 4140/1455/712 4131/1455/712
f 4136/1455/712 4137/1455/712 4140/1455/712
f 4139/1455/711 4137/1455/711 4136/1455/711
f 4138/1455/712 4136/1455/712 4129/1455/712
f 4141/1455/713 4136/1455/713 4138/1455/713
f 4141/1455/713 4139/1455/713 4136/1455/713
f 4142/1455/711 4141/1455/711 4138/1455/711
f 4139/1455/710 4141/1455/710 4142/1455/710
f 4143/1455/709 4142/1455/709 4144/1455/709
f 4139/1455/710 4142/1455/710 4143/1455/710
f 4142/1455/711 4138/1455/711 4144/1455/711
f 4138/1455/712 4129/1455/712 4144/1455/712
f 4143/1455/709 4144/1455/709 4129/1455/709
f 4145/1455/709 4143/1455/709 4124/1455/709
f 4148/1455/711 4143/1455/711 4145/1455/711
f 4143/1455/710 4147/1455/710 4124/1455/710
f 4146/1455/711 4143/1455/711 4129/1455/711
f 4143/1455/710 4146/1455/710 4147/1455/710
f 4148/1455/711 4139/1455/711 4143/1455/711
f 4139/1455/713 4148/1455/713 4149/1455/713
f 4150/1455/710 4149/1455/710 4148/1455/710
f 4150/1455/710 4148/1455/710 4145/1455/710
f 4151/1455/708 4150/1455/708 4124/1455/708
f 4145/1455/709 4124/1455/709 4150/1455/709
f 4151/1455/708 4149/1455/708 4150/1455/708
f 4131/1455/708 4152/1455/708 4151/1455/708
f 4153/1455/710 4151/1455/710 4152/1455/710
f 4153/1455/710 4139/1455/710 4151/1455/710
f 4139/1455/713 4149/1455/713 4151/1455/713
f 4126/1455/710 4151/1455/710 4124/1455/710
f 4154/1455/713 4151/1455/713 4126/1455/713
f 4154/1455/713 4131/1455/713 4151/1455/713
f 4125/1455/708 4154/1455/708 4126/1455/708
f 4131/1455/712 4154/1455/712 4125/1455/712
f 4140/1455/713 4153/1455/713 4152/1455/713
f 4139/1455/711 4153/1455/711 4137/1455/711
f 4140/1455/713 4137/1455/713 4153/1455/713
f 4131/1455/708 4140/1455/708 4152/1455/708
f 4128/1455/708 4124/1455/708 4147/1455/708
f 4146/1455/709 4128/1455/709 4147/1455/709
f 4146/1455/709 4132/1455/709 4128/1455/709
f 4146/1455/711 4129/1455/711 4132/1455/711
f 4158/1455/710 4156/1455/710 4155/1455/710
f 4159/1455/709 4155/1455/709 4156/1455/709
f 4159/1455/709 4157/1455/709 4155/1455/709
f 4157/1455/708 4158/1455/708 4155/1455/708
f 4160/1455/708 4159/1455/708 4156/1455/708
f 4164/1455/712 4159/1455/712 4160/1455/712
f 4163/1455/712 4157/1455/712 4159/1455/712
f 4164/1455/712 4161/1455/712 4159/1455/712
f 4161/1455/709 4162/1455/709 4159/1455/709
f 4165/1455/708 4159/1455/708 4162/1455/708
f 4165/1455/708 4163/1455/708 4159/1455/708
f 4166/1455/713 4163/1455/713 4165/1455/713
f 4167/1455/712 4166/1455/712 4165/1455/712
f 4167/1455/712 4165/1455/712 4162/1455/712
f 4161/1455/709 4167/1455/709 4162/1455/709
f 4168/1455/711 4167/1455/711 4161/1455/711
f 4168/1455/711 4166/1455/711 4167/1455/711
f 4166/1455/713 4168/1455/713 4163/1455/713
f 4168/1455/712 4172/1455/712 4163/1455/712
f 4168/1455/712 4169/1455/712 4172/1455/712
f 4171/1455/711 4169/1455/711 4168/1455/711
f 4170/1455/712 4168/1455/712 4161/1455/712
f 4173/1455/713 4168/1455/713 4170/1455/713
f 4173/1455/713 4171/1455/713 4168/1455/713
f 4174/1455/711 4173/1455/711 4170/1455/711
f 4171/1455/710 4173/1455/710 4174/1455/710
f 4175/1455/709 4174/1455/709 4176/1455/709
f 4171/1455/710 4174/1455/710 4175/1455/710
f 4174/1455/711 4170/1455/711 4176/1455/711
f 4170/1455/712 4161/1455/712 4176/1455/712
f 4175/1455/709 4176/1455/709 4161/1455/709
f 4177/1455/709 4175/1455/709 4156/1455/709
f 4180/1455/711 4175/1455/711 4177/1455/711
f 4175/1455/710 4179/1455/710 4156/1455/710
f 4178/1455/711 4175/1455/711 4161/1455/711
f 4175/1455/710 4178/1455/710 4179/1455/710
f 4180/1455/711 4171/1455/711 4175/1455/711
f 4171/1455/713 4180/1455/713 4181/1455/713
f 4182/1455/710 4181/1455/710 4180/1455/710
f 4182/1455/710 4180/1455/710 4177/1455/710
f 4183/1455/708 4182/1455/708 4156/1455/708
f 4177/1455/709 4156/1455/709 4182/1455/709
f 4183/1455/708 4181/1455/708 4182/1455/708
f 4163/1455/708 4184/1455/708 4183/1455/708
f 4185/1455/710 4183/1455/710 4184/1455/710
f 4185/1455/710 4171/1455/710 4183/1455/710
f 4171/1455/713 4181/1455/713 4183/1455/713
f 4158/1455/710 4183/1455/710 4156/1455/710
f 4186/1455/713 4183/1455/713 4158/1455/713
f 4186/1455/713 4163/1455/713 4183/1455/713
f 4157/1455/708 4186/1455/708 4158/1455/708
f 4163/1455/712 4186/1455/712 4157/1455/712
f 4172/1455/713 4185/1455/713 4184/1455/713
f 4171/1455/711 4185/1455/711 4169/1455/711
f 4172/1455/713 4169/1455/713 4185/1455/713
f 4163/1455/708 4172/1455/708 4184/1455/708
f 4160/1455/708 4156/1455/708 4179/1455/708
f 4178/1455/709 4160/1455/709 4179/1455/709
f 4178/1455/709 4164/1455/709 4160/1455/709
f 4178/1455/711 4161/1455/711 4164/1455/711
f 4190/1455/710 4188/1455/710 4187/1455/710
f 4191/1455/709 4187/1455/709 4188/1455/709
f 4191/1455/709 4189/1455/709 4187/1455/709
f 4189/1455/708 4190/1455/708 4187/1455/708
f 4192/1455/708 4191/1455/708 4188/1455/708
f 4196/1455/712 4191/1455/712 4192/1455/712
f 4195/1455/712 4189/1455/712 4191/1455/712
f 4196/1455/712 4193/1455/712 4191/1455/712
f 4193/1455/709 4194/1455/709 4191/1455/709
f 4197/1455/708 4191/1455/708 4194/1455/708
f 4197/1455/708 4195/1455/708 4191/1455/708
f 4198/1455/713 4195/1455/713 4197/1455/713
f 4199/1455/712 4198/1455/712 4197/1455/712
f 4199/1455/712 4197/1455/712 4194/1455/712
f 4193/1455/709 4199/1455/709 4194/1455/709
f 4200/1455/711 4199/1455/711 4193/1455/711
f 4200/1455/711 4198/1455/711 4199/1455/711
f 4198/1455/713 4200/1455/713 4195/1455/713
f 4200/1455/712 4204/1455/712 4195/1455/712
f 4200/1455/712 4201/1455/712 4204/1455/712
f 4203/1455/711 4201/1455/711 4200/1455/711
f 4202/1455/712 4200/1455/712 4193/1455/712
f 4205/1455/713 4200/1455/713 4202/1455/713
f 4205/1455/713 4203/1455/713 4200/1455/713
f 4206/1455/711 4205/1455/711 4202/1455/711
f 4203/1455/710 4205/1455/710 4206/1455/710
f 4207/1455/709 4206/1455/709 4208/1455/709
f 4203/1455/710 4206/1455/710 4207/1455/710
f 4206/1455/711 4202/1455/711 4208/1455/711
f 4202/1455/712 4193/1455/712 4208/1455/712
f 4207/1455/709 4208/1455/709 4193/1455/709
f 4209/1455/709 4207/1455/709 4188/1455/709
f 4212/1455/711 4207/1455/711 4209/1455/711
f 4207/1455/710 4211/1455/710 4188/1455/710
f 4210/1455/711 4207/1455/711 4193/1455/711
f 4207/1455/710 4210/1455/710 4211/1455/710
f 4212/1455/711 4203/1455/711 4207/1455/711
f 4203/1455/713 4212/1455/713 4213/1455/713
f 4214/1455/710 4213/1455/710 4212/1455/710
f 4214/1455/710 4212/1455/710 4209/1455/710
f 4215/1455/708 4214/1455/708 4188/1455/708
f 4209/1455/709 4188/1455/709 4214/1455/709
f 4215/1455/708 4213/1455/708 4214/1455/708
f 4195/1455/708 4216/1455/708 4215/1455/708
f 4217/1455/710 4215/1455/710 4216/1455/710
f 4217/1455/710 4203/1455/710 4215/1455/710
f 4203/1455/713 4213/1455/713 4215/1455/713
f 4190/1455/710 4215/1455/710 4188/1455/710
f 4218/1455/713 4215/1455/713 4190/1455/713
f 4218/1455/713 4195/1455/713 4215/1455/713
f 4189/1455/708 4218/1455/708 4190/1455/708
f 4195/1455/712 4218/1455/712 4189/1455/712
f 4204/1455/713 4217/1455/713 4216/1455/713
f 4203/1455/711 4217/1455/711 4201/1455/711
f 4204/1455/713 4201/1455/713 4217/1455/713
f 4195/1455/708 4204/1455/708 4216/1455/708
f 4192/1455/708 4188/1455/708 4211/1455/708
f 4210/1455/709 4192/1455/709 4211/1455/709
f 4210/1455/709 4196/1455/709 4192/1455/709
f 4210/1455/711 4193/1455/711 4196/1455/711
f 4222/1455/710 4220/1455/710 4219/1455/710
f 4223/1455/709 4219/1455/709 4220/1455/709
f 4223/1455/709 4221/1455/709 4219/1455/709
f 4221/1455/708 4222/1455/708 4219/1455/708
f 4224/1455/708 4223/1455/708 4220/1455/708
f 4228/1455/712 4223/1455/712 4224/1455/712
f 4227/1455/712 4221/1455/712 4223/1455/712
f 4228/1455/712 4225/1455/712 4223/1455/712
f 4225/1455/709 4226/1455/709 4223/1455/709
f 4229/1455/708 4223/1455/708 4226/1455/708
f 4229/1455/708 4227/1455/708 4223/1455/708
f 4230/1455/713 4227/1455/713 4229/1455/713
f 4231/1455/712 4230/1455/712 4229/1455/712
f 4231/1455/712 4229/1455/712 4226/1455/712
f 4225/1455/709 4231/1455/709 4226/1455/709
f 4232/1455/711 4231/1455/711 4225/1455/711
f 4232/1455/711 4230/1455/711 4231/1455/711
f 4230/1455/713 4232/1455/713 4227/1455/713
f 4232/1455/712 4236/1455/712 4227/1455/712
f 4232/1455/712 4233/1455/712 4236/1455/712
f 4235/1455/711 4233/1455/711 4232/1455/711
f 4234/1455/712 4232/1455/712 4225/1455/712
f 4237/1455/713 4232/1455/713 4234/1455/713
f 4237/1455/713 4235/1455/713 4232/1455/713
f 4238/1455/711 4237/1455/711 4234/1455/711
f 4235/1455/710 4237/1455/710 4238/1455/710
f 4239/1455/709 4238/1455/709 4240/1455/709
f 4235/1455/710 4238/1455/710 4239/1455/710
f 4238/1455/711 4234/1455/711 4240/1455/711
f 4234/1455/712 4225/1455/712 4240/1455/712
f 4239/1455/709 4240/1455/709 4225/1455/709
f 4241/1455/709 4239/1455/709 4220/1455/709
f 4244/1455/711 4239/1455/711 4241/1455/711
f 4239/1455/710 4243/1455/710 4220/1455/710
f 4242/1455/711 4239/1455/711 4225/1455/711
f 4239/1455/710 4242/1455/710 4243/1455/710
f 4244/1455/711 4235/1455/711 4239/1455/711
f 4235/1455/713 4244/1455/713 4245/1455/713
f 4246/1455/710 4245/1455/710 4244/1455/710
f 4246/1455/710 4244/1455/710 4241/1455/710
f 4247/1455/708 4246/1455/708 4220/1455/708
f 4241/1455/709 4220/1455/709 4246/1455/709
f 4247/1455/708 4245/1455/708 4246/1455/708
f 4227/1455/708 4248/1455/708 4247/1455/708
f 4249/1455/710 4247/1455/710 4248/1455/710
f 4249/1455/710 4235/1455/710 4247/1455/710
f 4235/1455/713 4245/1455/713 4247/1455/713
f 4222/1455/710 4247/1455/710 4220/1455/710
f 4250/1455/713 4247/1455/713 4222/1455/713
f 4250/1455/713 4227/1455/713 4247/1455/713
f 4221/1455/708 4250/1455/708 4222/1455/708
f 4227/1455/712 4250/1455/712 4221/1455/712
f 4236/1455/713 4249/1455/713 4248/1455/713
f 4235/1455/711 4249/1455/711 4233/1455/711
f 4236/1455/713 4233/1455/713 4249/1455/713
f 4227/1455/708 4236/1455/708 4248/1455/708
f 4224/1455/708 4220/1455/708 4243/1455/708
f 4242/1455/709 4224/1455/709 4243/1455/709
f 4242/1455/709 4228/1455/709 4224/1455/709
f 4242/1455/711 4225/1455/711 4228/1455/711
f 4254/1455/710 4252/1455/710 4251/1455/710
f 4255/1455/709 4251/1455/709 4252/1455/709
f 4255/1455/709 4253/1455/709 4251/1455/709
f 4253/1455/708 4254/1455/708 4251/1455/708
f 4256/1455/708 4255/1455/708 4252/1455/708
f 4260/1455/712 4255/1455/712 4256/1455/712
f 4259/1455/712 4253/1455/712 4255/1455/712
f 4260/1455/712 4257/1455/712 4255/1455/712
f 4257/1455/709 4258/1455/709 4255/1455/709
f 4261/1455/708 4255/1455/708 4258/1455/708
f 4261/1455/708 4259/1455/708 4255/1455/708
f 4262/1455/713 4259/1455/713 4261/1455/713
f 4263/1455/712 4262/1455/712 4261/1455/712
f 4263/1455/712 4261/1455/712 4258/1455/712
f 4257/1455/709 4263/1455/709 4258/1455/709
f 4264/1455/711 4263/1455/711 4257/1455/711
f 4264/1455/711 4262/1455/711 4263/1455/711
f 4262/1455/713 4264/1455/713 4259/1455/713
f 4264/1455/712 4268/1455/712 4259/1455/712
f 4264/1455/712 4265/1455/712 4268/1455/712
f 4267/1455/711 4265/1455/711 4264/1455/711
f 4266/1455/712 4264/1455/712 4257/1455/712
f 4269/1455/713 4264/1455/713 4266/1455/713
f 4269/1455/713 4267/1455/713 4264/1455/713
f 4270/1455/711 4269/1455/711 4266/1455/711
f 4267/1455/710 4269/1455/710 4270/1455/710
f 4271/1455/709 4270/1455/709 4272/1455/709
f 4267/1455/710 4270/1455/710 4271/1455/710
f 4270/1455/711 4266/1455/711 4272/1455/711
f 4266/1455/712 4257/1455/712 4272/1455/712
f 4271/1455/709 4272/1455/709 4257/1455/709
f 4273/1455/709 4271/1455/709 4252/1455/709
f 4276/1455/711 4271/1455/711 4273/1455/711
f 4271/1455/710 4275/1455/710 4252/1455/710
f 4274/1455/711 4271/1455/711 4257/1455/711
f 4271/1455/710 4274/1455/710 4275/1455/710
f 4276/1455/711 4267/1455/711 4271/1455/711
f 4267/1455/713 4276/1455/713 4277/1455/713
f 4278/1455/710 4277/1455/710 4276/1455/710
f 4278/1455/710 4276/1455/710 4273/1455/710
f 4279/1455/708 4278/1455/708 4252/1455/708
f 4273/1455/709 4252/1455/709 4278/1455/709
f 4279/1455/708 4277/1455/708 4278/1455/708
f 4259/1455/708 4280/1455/708 4279/1455/708
f 4281/1455/710 4279/1455/710 4280/1455/710
f 4281/1455/710 4267/1455/710 4279/1455/710
f 4267/1455/713 4277/1455/713 4279/1455/713
f 4254/1455/710 4279/1455/710 4252/1455/710
f 4282/1455/713 4279/1455/713 4254/1455/713
f 4282/1455/713 4259/1455/713 4279/1455/713
f 4253/1455/708 4282/1455/708 4254/1455/708
f 4259/1455/712 4282/1455/712 4253/1455/712
f 4268/1455/713 4281/1455/713 4280/1455/713
f 4267/1455/711 4281/1455/711 4265/1455/711
f 4268/1455/713 4265/1455/713 4281/1455/713
f 4259/1455/708 4268/1455/708 4280/1455/708
f 4256/1455/708 4252/1455/708 4275/1455/708
f 4274/1455/709 4256/1455/709 4275/1455/709
f 4274/1455/709 4260/1455/709 4256/1455/709
f 4274/1455/711 4257/1455/711 4260/1455/711
f 4286/1455/710 4284/1455/710 4283/1455/710
f 4287/1455/709 4283/1455/709 4284/1455/709
f 4287/1455/709 4285/1455/709 4283/1455/709
f 4285/1455/708 4286/1455/708 4283/1455/708
f 4288/1455/708 4287/1455/708 4284/1455/708
f 4292/1455/712 4287/1455/712 4288/1455/712
f 4291/1455/712 4285/1455/712 4287/1455/712
f 4292/1455/712 4289/1455/712 4287/1455/712
f 4289/1455/709 4290/1455/709 4287/1455/709
f 4293/1455/708 4287/1455/708 4290/1455/708
f 4293/1455/708 4291/1455/708 4287/1455/708
f 4294/1455/713 4291/1455/713 4293/1455/713
f 4295/1455/712 4294/1455/712 4293/1455/712
f 4295/1455/712 4293/1455/712 4290/1455/712
f 4289/1455/709 4295/1455/709 4290/1455/709
f 4296/1455/711 4295/1455/711 4289/1455/711
f 4296/1455/711 4294/1455/711 4295/1455/711
f 4294/1455/713 4296/1455/713 4291/1455/713
f 4296/1455/712 4300/1455/712 4291/1455/712
f 4296/1455/712 4297/1455/712 4300/1455/712
f 4299/1455/711 4297/1455/711 4296/1455/711
f 4298/1455/712 4296/1455/712 4289/1455/712
f 4301/1455/713 4296/1455/713 4298/1455/713
f 4301/1455/713 4299/1455/713 4296/1455/713
f 4302/1455/711 4301/1455/711 4298/1455/711
f 4299/1455/710 4301/1455/710 4302/1455/710
f 4303/1455/709 4302/1455/709 4304/1455/709
f 4299/1455/710 4302/1455/710 4303/1455/710
f 4302/1455/711 4298/1455/711 4304/1455/711
f 4298/1455/712 4289/1455/712 4304/1455/712
f 4303/1455/709 4304/1455/709 4289/1455/709
f 4305/1455/709 4303/1455/709 4284/1455/709
f 4308/1455/711 4303/1455/711 4305/1455/711
f 4303/1455/710 4307/1455/710 4284/1455/710
f 4306/1455/711 4303/1455/711 4289/1455/711
f 4303/1455/710 4306/1455/710 4307/1455/710
f 4308/1455/711 4299/1455/711 4303/1455/711
f 4299/1455/713 4308/1455/713 4309/1455/713
f 4310/1455/710 4309/1455/710 4308/1455/710
f 4310/1455/710 4308/1455/710 4305/1455/710
f 4311/1455/708 4310/1455/708 4284/1455/708
f 4305/1455/709 4284/1455/709 4310/1455/709
f 4311/1455/708 4309/1455/708 4310/1455/708
f 4291/1455/708 4312/1455/708 4311/1455/708
f 4313/1455/710 4311/1455/710 4312/1455/710
f 4313/1455/710 4299/1455/710 4311/1455/710
f 4299/1455/713 4309/1455/713 4311/1455/713
f 4286/1455/710 4311/1455/710 4284/1455/710
f 4314/1455/713 4311/1455/713 4286/1455/713
f 4314/1455/713 4291/1455/713 4311/1455/713
f 4285/1455/708 4314/1455/708 4286/1455/708
f 4291/1455/712 4314/1455/712 4285/1455/712
f 4300/1455/713 4313/1455/713 4312/1455/713
f 4299/1455/711 4313/1455/711 4297/1455/711
f 4300/1455/713 4297/1455/713 4313/1455/713
f 4291/1455/708 4300/1455/708 4312/1455/708
f 4288/1455/708 4284/1455/708 4307/1455/708
f 4306/1455/709 4288/1455/709 4307/1455/709
f 4306/1455/709 4292/1455/709 4288/1455/709
f 4306/1455/711 4289/1455/711 4292/1455/711
f 4318/1455/710 4316/1455/710 4315/1455/710
f 4319/1455/709 4315/1455/709 4316/1455/709
f 4319/1455/709 4317/1455/709 4315/1455/709
f 4317/1455/708 4318/1455/708 4315/1455/708
f 4320/1455/708 4319/1455/708 4316/1455/708
f 4324/1455/712 4319/1455/712 4320/1455/712
f 4323/1455/712 4317/1455/712 4319/1455/712
f 4324/1455/712 4321/1455/712 4319/1455/712
f 4321/1455/709 4322/1455/709 4319/1455/709
f 4325/1455/708 4319/1455/708 4322/1455/708
f 4325/1455/708 4323/1455/708 4319/1455/708
f 4326/1455/713 4323/1455/713 4325/1455/713
f 4327/1455/712 4326/1455/712 4325/1455/712
f 4327/1455/712 4325/1455/712 4322/1455/712
f 4321/1455/709 4327/1455/709 4322/1455/709
f 4328/1455/711 4327/1455/711 4321/1455/711
f 4328/1455/711 4326/1455/711 4327/1455/711
f 4326/1455/713 4328/1455/713 4323/1455/713
f 4328/1455/712 4332/1455/712 4323/1455/712
f 4328/1455/712 4329/1455/712 4332/1455/712
f 4331/1455/711 4329/1455/711 4328/1455/711
f 4330/1455/712 4328/1455/712 4321/1455/712
f 4333/1455/713 4328/1455/713 4330/1455/713
f 4333/1455/713 4331/1455/713 4328/1455/713
f 4334/1455/711 4333/1455/711 4330/1455/711
f 4331/1455/710 4333/1455/710 4334/1455/710
f 4335/1455/709 4334/1455/709 4336/1455/709
f 4331/1455/710 4334/1455/710 4335/1455/710
f 4334/1455/711 4330/1455/711 4336/1455/711
f 4330/1455/712 4321/1455/712 4336/1455/712
f 4335/1455/709 4336/1455/709 4321/1455/709
f 4337/1455/709 4335/1455/709 4316/1455/709
f 4340/1455/711 4335/1455/711 4337/1455/711
f 4335/1455/710 4339/1455/710 4316/1455/710
f 4338/1455/711 4335/1455/711 4321/1455/711
f 4335/1455/710 4338/1455/710 4339/1455/710
f 4340/1455/711 4331/1455/711 4335/1455/711
f 4331/1455/713 4340/1455/713 4341/1455/713
f 4342/1455/710 4341/1455/710 4340/1455/710
f 4342/1455/710 4340/1455/710 4337/1455/710
f 4343/1455/708 4342/1455/708 4316/1455/708
f 4337/1455/709 4316/1455/709 4342/1455/709
f 4343/1455/708 4341/1455/708 4342/1455/708
f 4323/1455/708 4344/1455/708 4343/1455/708
f 4345/1455/710 4343/1455/710 4344/1455/710
f 4345/1455/710 4331/1455/710 4343/1455/710
f 4331/1455/713 4341/1455/713 4343/1455/713
f 4318/1455/710 4343/1455/710 4316/1455/710
f 4346/1455/713 4343/1455/713 4318/1455/713
f 4346/1455/713 4323/1455/713 4343/1455/713
f 4317/1455/708 4346/1455/708 4318/1455/708
f 4323/1455/712 4346/1455/712 4317/1455/712
f 4332/1455/713 4345/1455/713 4344/1455/713
f 4331/1455/711 4345/1455/711 4329/1455/711
f 4332/1455/713 4329/1455/713 4345/1455/713
f 4323/1455/708 4332/1455/708 4344/1455/708
f 4320/1455/708 4316/1455/708 4339/1455/708
f 4338/1455/709 4320/1455/709 4339/1455/709
f 4338/1455/709 4324/1455/709 4320/1455/709
f 4338/1455/711 4321/1455/711 4324/1455/711
f 4350/1455/710 4348/1455/710 4347/1455/710
f 4351/1455/709 4347/1455/709 4348/1455/709
f 4351/1455/709 4349/1455/709 4347/1455/709
f 4349/1455/708 4350/1455/708 4347/1455/708
f 4352/1455/708 4351/1455/708 4348/1455/708
f 4356/1455/712 4351/1455/712 4352/1455/712
f 4355/1455/712 4349/1455/712 4351/1455/712
f 4356/1455/712 4353/1455/712 4351/1455/712
f 4353/1455/709 4354/1455/709 4351/1455/709
f 4357/1455/708 4351/1455/708 4354/1455/708
f 4357/1455/708 4355/1455/708 4351/1455/708
f 4358/1455/713 4355/1455/713 4357/1455/713
f 4359/1455/712 4358/1455/712 4357/1455/712
f 4359/1455/712 4357/1455/712 4354/1455/712
f 4353/1455/709 4359/1455/709 4354/1455/709
f 4360/1455/711 4359/1455/711 4353/1455/711
f 4360/1455/711 4358/1455/711 4359/1455/711
f 4358/1455/713 4360/1455/713 4355/1455/713
f 4360/1455/712 4364/1455/712 4355/1455/712
f 4360/1455/712 4361/1455/712 4364/1455/712
f 4363/1455/711 4361/1455/711 4360/1455/711
f 4362/1455/712 4360/1455/712 4353/1455/712
f 4365/1455/713 4360/1455/713 4362/1455/713
f 4365/1455/713 4363/1455/713 4360/1455/713
f 4366/1455/711 4365/1455/711 4362/1455/711
f 4363/1455/710 4365/1455/710 4366/1455/710
f 4367/1455/709 4366/1455/709 4368/1455/709
f 4363/1455/710 4366/1455/710 4367/1455/710
f 4366/1455/711 4362/1455/711 4368/1455/711
f 4362/1455/712 4353/1455/712 4368/1455/712
f 4367/1455/709 4368/1455/709 4353/1455/709
f 4369/1455/709 4367/1455/709 4348/1455/709
f 4372/1455/711 4367/1455/711 4369/1455/711
f 4367/1455/710 4371/1455/710 4348/1455/710
f 4370/1455/711 4367/1455/711 4353/1455/711
f 4367/1455/710 4370/1455/710 4371/1455/710
f 4372/1455/711 4363/1455/711 4367/1455/711
f 4363/1455/713 4372/1455/713 4373/1455/713
f 4374/1455/710 4373/1455/710 4372/1455/710
f 4374/1455/710 4372/1455/710 4369/1455/710
f 4375/1455/708 4374/1455/708 4348/1455/708
f 4369/1455/709 4348/1455/709 4374/1455/709
f 4375/1455/708 4373/1455/708 4374/1455/708
f 4355/1455/708 4376/1455/708 4375/1455/708
f 4377/1455/710 4375/1455/710 4376/1455/710
f 4377/1455/710 4363/1455/710 4375/1455/710
f 4363/1455/713 4373/1455/713 4375/1455/713
f 4350/1455/710 4375/1455/710 4348/1455/710
f 4378/1455/713 4375/1455/713 4350/1455/713
f 4378/1455/713 4355/1455/713 4375/1455/713
f 4349/1455/708 4378/1455/708 4350/1455/708
f 4355/1455/712 4378/1455/712 4349/1455/712
f 4364/1455/713 4377/1455/713 4376/1455/713
f 4363/1455/711 4377/1455/711 4361/1455/711
f 4364/1455/713 4361/1455/713 4377/1455/713
f 4355/1455/708 4364/1455/708 4376/1455/708
f 4352/1455/708 4348/1455/708 4371/1455/708
f 4370/1455/709 4352/1455/709 4371/1455/709
f 4370/1455/709 4356/1455/709 4352/1455/709
f 4370/1455/711 4353/1455/711 4356/1455/711
f 4414/1455/710 4412/1455/710 4411/1455/710
f 4415/1455/709 4411/1455/709 4412/1455/709
f 4415/1455/709 4413/1455/709 4411/1455/709
f 4413/1455/708 4414/1455/708 4411/1455/708
f 4416/1455/708 4415/1455/708 4412/1455/708
f 4420/1455/712 4415/1455/712 4416/1455/712
f 4419/1455/712 4413/1455/712 4415/1455/712
f 4420/1455/712 4417/1455/712 4415/1455/712
f 4417/1455/709 4418/1455/709 4415/1455/709
f 4421/1455/708 4415/1455/708 4418/1455/708
f 4421/1455/708 4419/1455/708 4415/1455/708
f 4422/1455/713 4419/1455/713 4421/1455/713
f 4423/1455/712 4422/1455/712 4421/1455/712
f 4423/1455/712 4421/1455/712 4418/1455/712
f 4417/1455/709 4423/1455/709 4418/1455/709
f 4424/1455/711 4423/1455/711 4417/1455/711
f 4424/1455/711 4422/1455/711 4423/1455/711
f 4422/1455/713 4424/1455/713 4419/1455/713
f 4424/1455/712 4428/1455/712 4419/1455/712
f 4424/1455/712 4425/1455/712 4428/1455/712
f 4427/1455/711 4425/1455/711 4424/1455/711
f 4426/1455/712 4424/1455/712 4417/1455/712
f 4429/1455/713 4424/1455/713 4426/1455/713
f 4429/1455/713 4427/1455/713 4424/1455/713
f 4430/1455/711 4429/1455/711 4426/1455/711
f 4427/1455/710 4429/1455/710 4430/1455/710
f 4431/1455/709 4430/1455/709 4432/1455/709
f 4427/1455/710 4430/1455/710 4431/1455/710
f 4430/1455/711 4426/1455/711 4432/1455/711
f 4426/1455/712 4417/1455/712 4432/1455/712
f 4431/1455/709 4432/1455/709 4417/1455/709
f 4433/1455/709 4431/1455/709 4412/1455/709
f 4436/1455/711 4431/1455/711 4433/1455/711
f 4431/1455/710 4435/1455/710 4412/1455/710
f 4434/1455/711 4431/1455/711 4417/1455/711
f 4431/1455/710 4434/1455/710 4435/1455/710
f 4436/1455/711 4427/1455/711 4431/1455/711
f 4427/1455/713 4436/1455/713 4437/1455/713
f 4438/1455/710 4437/1455/710 4436/1455/710
f 4438/1455/710 4436/1455/710 4433/1455/710
f 4439/1455/708 4438/1455/708 4412/1455/708
f 4433/1455/709 4412/1455/709 4438/1455/709
f 4439/1455/708 4437/1455/708 4438/1455/708
f 4419/1455/708 4440/1455/708 4439/1455/708
f 4441/1455/710 4439/1455/710 4440/1455/710
f 4441/1455/710 4427/1455/710 4439/1455/710
f 4427/1455/713 4437/1455/713 4439/1455/713
f 4414/1455/710 4439/1455/710 4412/1455/710
f 4442/1455/713 4439/1455/713 4414/1455/713
f 4442/1455/713 4419/1455/713 4439/1455/713
f 4413/1455/708 4442/1455/708 4414/1455/708
f 4419/1455/712 4442/1455/712 4413/1455/712
f 4428/1455/713 4441/1455/713 4440/1455/713
f 4427/1455/711 4441/1455/711 4425/1455/711
f 4428/1455/713 4425/1455/713 4441/1455/713
f 4419/1455/708 4428/1455/708 4440/1455/708
f 4416/1455/708 4412/1455/708 4435/1455/708
f 4434/1455/709 4416/1455/709 4435/1455/709
f 4434/1455/709 4420/1455/709 4416/1455/709
f 4434/1455/711 4417/1455/711 4420/1455/711
f 4446/1455/710 4444/1455/710 4443/1455/710
f 4447/1455/709 4443/1455/709 4444/1455/709
f 4447/1455/709 4445/1455/709 4443/1455/709
f 4445/1455/708 4446/1455/708 4443/1455/708
f 4448/1455/708 4447/1455/708 4444/1455/708
f 4452/1455/712 4447/1455/712 4448/1455/712
f 4451/1455/712 4445/1455/712 4447/1455/712
f 4452/1455/712 4449/1455/712 4447/1455/712
f 4449/1455/709 4450/1455/709 4447/1455/709
f 4453/1455/708 4447/1455/708 4450/1455/708
f 4453/1455/708 4451/1455/708 4447/1455/708
f 4454/1455/713 4451/1455/713 4453/1455/713
f 4455/1455/712 4454/1455/712 4453/1455/712
f 4455/1455/712 4453/1455/712 4450/1455/712
f 4449/1455/709 4455/1455/709 4450/1455/709
f 4456/1455/711 4455/1455/711 4449/1455/711
f 4456/1455/711 4454/1455/711 4455/1455/711
f 4454/1455/713 4456/1455/713 4451/1455/713
f 4456/1455/712 4460/1455/712 4451/1455/712
f 4456/1455/712 4457/1455/712 4460/1455/712
f 4459/1455/711 4457/1455/711 4456/1455/711
f 4458/1455/712 4456/1455/712 4449/1455/712
f 4461/1455/713 4456/1455/713 4458/1455/713
f 4461/1455/713 4459/1455/713 4456/1455/713
f 4462/1455/711 4461/1455/711 4458/1455/711
f 4459/1455/710 4461/1455/710 4462/1455/710
f 4463/1455/709 4462/1455/709 4464/1455/709
f 4459/1455/710 4462/1455/710 4463/1455/710
f 4462/1455/711 4458/1455/711 4464/1455/711
f 4458/1455/712 4449/1455/712 4464/1455/712
f 4463/1455/709 4464/1455/709 4449/1455/709
f 4465/1455/709 4463/1455/709 4444/1455/709
f 4468/1455/711 4463/1455/711 4465/1455/711
f 4463/1455/710 4467/1455/710 4444/1455/710
f 4466/1455/711 4463/1455/711 4449/1455/711
f 4463/1455/710 4466/1455/710 4467/1455/710
f 4468/1455/711 4459/1455/711 4463/1455/711
f 4459/1455/713 4468/1455/713 4469/1455/713
f 4470/1455/710 4469/1455/710 4468/1455/710
f 4470/1455/710 4468/1455/710 4465/1455/710
f 4471/1455/708 4470/1455/708 4444/1455/708
f 4465/1455/709 4444/1455/709 4470/1455/709
f 4471/1455/708 4469/1455/708 4470/1455/708
f 4451/1455/708 4472/1455/708 4471/1455/708
f 4473/1455/710 4471/1455/710 4472/1455/710
f 4473/1455/710 4459/1455/710 4471/1455/710
f 4459/1455/713 4469/1455/713 4471/1455/713
f 4446/1455/710 4471/1455/710 4444/1455/710
f 4474/1455/713 4471/1455/713 4446/1455/713
f 4474/1455/713 4451/1455/713 4471/1455/713
f 4445/1455/708 4474/1455/708 4446/1455/708
f 4451/1455/712 4474/1455/712 4445/1455/712
f 4460/1455/713 4473/1455/713 4472/1455/713
f 4459/1455/711 4473/1455/711 4457/1455/711
f 4460/1455/713 4457/1455/713 4473/1455/713
f 4451/1455/708 4460/1455/708 4472/1455/708
f 4448/1455/708 4444/1455/708 4467/1455/708
f 4466/1455/709 4448/1455/709 4467/1455/709
f 4466/1455/709 4452/1455/709 4448/1455/709
f 4466/1455/711 4449/1455/711 4452/1455/711
f 4478/1455/710 4476/1455/710 4475/1455/710
f 4479/1455/709 4475/1455/709 4476/1455/709
f 4479/1455/709 4477/1455/709 4475/1455/709
f 4477/1455/708 4478/1455/708 4475/1455/708
f 4480/1455/708 4479/1455/708 4476/1455/708
f 4484/1455/712 4479/1455/712 4480/1455/712
f 4483/1455/712 4477/1455/712 4479/1455/712
f 4484/1455/712 4481/1455/712 4479/1455/712
f 4481/1455/709 4482/1455/709 4479/1455/709
f 4485/1455/708 4479/1455/708 4482/1455/708
f 4485/1455/708 4483/1455/708 4479/1455/708
f 4486/1455/713 4483/1455/713 4485/1455/713
f 4487/1455/712 4486/1455/712 4485/1455/712
f 4487/1455/712 4485/1455/712 4482/1455/712
f 4481/1455/709 4487/1455/709 4482/1455/709
f 4488/1455/711 4487/1455/711 4481/1455/711
f 4488/1455/711 4486/1455/711 4487/1455/711
f 4486/1455/713 4488/1455/713 4483/1455/713
f 4488/1455/712 4492/1455/712 4483/1455/712
f 4488/1455/712 4489/1455/712 4492/1455/712
f 4491/1455/711 4489/1455/711 4488/1455/711
f 4490/1455/712 4488/1455/712 4481/1455/712
f 4493/1455/713 4488/1455/713 4490/1455/713
f 4493/1455/713 4491/1455/713 4488/1455/713
f 4494/1455/711 4493/1455/711 4490/1455/711
f 4491/1455/710 4493/1455/710 4494/1455/710
f 4495/1455/709 4494/1455/709 4496/1455/709
f 4491/1455/710 4494/1455/710 4495/1455/710
f 4494/1455/711 4490/1455/711 4496/1455/711
f 4490/1455/712 4481/1455/712 4496/1455/712
f 4495/1455/709 4496/1455/709 4481/1455/709
f 4497/1455/709 4495/1455/709 4476/1455/709
f 4500/1455/711 4495/1455/711 4497/1455/711
f 4495/1455/710 4499/1455/710 4476/1455/710
f 4498/1455/711 4495/1455/711 4481/1455/711
f 4495/1455/710 4498/1455/710 4499/1455/710
f 4500/1455/711 4491/1455/711 4495/1455/711
f 4491/1455/713 4500/1455/713 4501/1455/713
f 4502/1455/710 4501/1455/710 4500/1455/710
f 4502/1455/710 4500/1455/710 4497/1455/710
f 4503/1455/708 4502/1455/708 4476/1455/708
f 4497/1455/709 4476/1455/709 4502/1455/709
f 4503/1455/708 4501/1455/708 4502/1455/708
f 4483/1455/708 4504/1455/708 4503/1455/708
f 4505/1455/710 4503/1455/710 4504/1455/710
f 4505/1455/710 4491/1455/710 4503/1455/710
f 4491/1455/713 4501/1455/713 4503/1455/713
f 4478/1455/710 4503/1455/710 4476/1455/710
f 4506/1455/713 4503/1455/713 4478/1455/713
f 4506/1455/713 4483/1455/713 4503/1455/713
f 4477/1455/708 4506/1455/708 4478/1455/708
f 4483/1455/712 4506/1455/712 4477/1455/712
f 4492/1455/713 4505/1455/713 4504/1455/713
f 4491/1455/711 4505/1455/711 4489/1455/711
f 4492/1455/713 4489/1455/713 4505/1455/713
f 4483/1455/708 4492/1455/708 4504/1455/708
f 4480/1455/708 4476/1455/708 4499/1455/708
f 4498/1455/709 4480/1455/709 4499/1455/709
f 4498/1455/709 4484/1455/709 4480/1455/709
f 4498/1455/711 4481/1455/711 4484/1455/711
f 4510/1455/710 4508/1455/710 4507/1455/710
f 4511/1455/709 4507/1455/709 4508/1455/709
f 4511/1455/709 4509/1455/709 4507/1455/709
f 4509/1455/708 4510/1455/708 4507/1455/708
f 4512/1455/708 4511/1455/708 4508/1455/708
f 4516/1455/712 4511/1455/712 4512/1455/712
f 4515/1455/712 4509/1455/712 4511/1455/712
f 4516/1455/712 4513/1455/712 4511/1455/712
f 4513/1455/709 4514/1455/709 4511/1455/709
f 4517/1455/708 4511/1455/708 4514/1455/708
f 4517/1455/708 4515/1455/708 4511/1455/708
f 4518/1455/713 4515/1455/713 4517/1455/713
f 4519/1455/712 4518/1455/712 4517/1455/712
f 4519/1455/712 4517/1455/712 4514/1455/712
f 4513/1455/709 4519/1455/709 4514/1455/709
f 4520/1455/711 4519/1455/711 4513/1455/711
f 4520/1455/711 4518/1455/711 4519/1455/711
f 4518/1455/713 4520/1455/713 4515/1455/713
f 4520/1455/712 4524/1455/712 4515/1455/712
f 4520/1455/712 4521/1455/712 4524/1455/712
f 4523/1455/711 4521/1455/711 4520/1455/711
f 4522/1455/712 4520/1455/712 4513/1455/712
f 4525/1455/713 4520/1455/713 4522/1455/713
f 4525/1455/713 4523/1455/713 4520/1455/713
f 4526/1455/711 4525/1455/711 4522/1455/711
f 4523/1455/710 4525/1455/710 4526/1455/710
f 4527/1455/709 4526/1455/709 4528/1455/709
f 4523/1455/710 4526/1455/710 4527/1455/710
f 4526/1455/711 4522/1455/711 4528/1455/711
f 4522/1455/712 4513/1455/712 4528/1455/712
f 4527/1455/709 4528/1455/709 4513/1455/709
f 4529/1455/709 4527/1455/709 4508/1455/709
f 4532/1455/711 4527/1455/711 4529/1455/711
f 4527/1455/710 4531/1455/710 4508/1455/710
f 4530/1455/711 4527/1455/711 4513/1455/711
f 4527/1455/710 4530/1455/710 4531/1455/710
f 4532/1455/711 4523/1455/711 4527/1455/711
f 4523/1455/713 4532/1455/713 4533/1455/713
f 4534/1455/710 4533/1455/710 4532/1455/710
f 4534/1455/710 4532/1455/710 4529/1455/710
f 4535/1455/708 4534/1455/708 4508/1455/708
f 4529/1455/709 4508/1455/709 4534/1455/709
f 4535/1455/708 4533/1455/708 4534/1455/708
f 4515/1455/708 4536/1455/708 4535/1455/708
f 4537/1455/710 4535/1455/710 4536/1455/710
f 4537/1455/710 4523/1455/710 4535/1455/710
f 4523/1455/713 4533/1455/713 4535/1455/713
f 4510/1455/710 4535/1455/710 4508/1455/710
f 4538/1455/713 4535/1455/713 4510/1455/713
f 4538/1455/713 4515/1455/713 4535/1455/713
f 4509/1455/708 4538/1455/708 4510/1455/708
f 4515/1455/712 4538/1455/712 4509/1455/712
f 4524/1455/713 4537/1455/713 4536/1455/713
f 4523/1455/711 4537/1455/711 4521/1455/711
f 4524/1455/713 4521/1455/713 4537/1455/713
f 4515/1455/708 4524/1455/708 4536/1455/708
f 4512/1455/708 4508/1455/708 4531/1455/708
f 4530/1455/709 4512/1455/709 4531/1455/709
f 4530/1455/709 4516/1455/709 4512/1455/709
f 4530/1455/711 4513/1455/711 4516/1455/711
f 4574/1455/710 4572/1455/710 4571/1455/710
f 4575/1455/709 4571/1455/709 4572/1455/709
f 4575/1455/709 4573/1455/709 4571/1455/709
f 4573/1455/708 4574/1455/708 4571/1455/708
f 4576/1455/708 4575/1455/708 4572/1455/708
f 4580/1455/712 4575/1455/712 4576/1455/712
f 4579/1455/712 4573/1455/712 4575/1455/712
f 4580/1455/712 4577/1455/712 4575/1455/712
f 4577/1455/709 4578/1455/709 4575/1455/709
f 4581/1455/708 4575/1455/708 4578/1455/708
f 4581/1455/708 4579/1455/708 4575/1455/708
f 4582/1455/713 4579/1455/713 4581/1455/713
f 4583/1455/712 4582/1455/712 4581/1455/712
f 4583/1455/712 4581/1455/712 4578/1455/712
f 4577/1455/709 4583/1455/709 4578/1455/709
f 4584/1455/711 4583/1455/711 4577/1455/711
f 4584/1455/711 4582/1455/711 4583/1455/711
f 4582/1455/713 4584/1455/713 4579/1455/713
f 4584/1455/712 4588/1455/712 4579/1455/712
f 4584/1455/712 4585/1455/712 4588/1455/712
f 4587/1455/711 4585/1455/711 4584/1455/711
f 4586/1455/712 4584/1455/712 4577/1455/712
f 4589/1455/713 4584/1455/713 4586/1455/713
f 4589/1455/713 4587/1455/713 4584/1455/713
f 4590/1455/711 4589/1455/711 4586/1455/711
f 4587/1455/710 4589/1455/710 4590/1455/710
f 4591/1455/709 4590/1455/709 4592/1455/709
f 4587/1455/710 4590/1455/710 4591/1455/710
f 4590/1455/711 4586/1455/711 4592/1455/711
f 4586/1455/712 4577/1455/712 4592/1455/712
f 4591/1455/709 4592/1455/709 4577/1455/709
f 4593/1455/709 4591/1455/709 4572/1455/709
f 4596/1455/711 4591/1455/711 4593/1455/711
f 4591/1455/710 4595/1455/710 4572/1455/710
f 4594/1455/711 4591/1455/711 4577/1455/711
f 4591/1455/710 4594/1455/710 4595/1455/710
f 4596/1455/711 4587/1455/711 4591/1455/711
f 4587/1455/713 4596/1455/713 4597/1455/713
f 4598/1455/710 4597/1455/710 4596/1455/710
f 4598/1455/710 4596/1455/710 4593/1455/710
f 4599/1455/708 4598/1455/708 4572/1455/708
f 4593/1455/709 4572/1455/709 4598/1455/709
f 4599/1455/708 4597/1455/708 4598/1455/708
f 4579/1455/708 4600/1455/708 4599/1455/708
f 4601/1455/710 4599/1455/710 4600/1455/710
f 4601/1455/710 4587/1455/710 4599/1455/710
f 4587/1455/713 4597/1455/713 4599/1455/713
f 4574/1455/710 4599/1455/710 4572/1455/710
f 4602/1455/713 4599/1455/713 4574/1455/713
f 4602/1455/713 4579/1455/713 4599/1455/713
f 4573/1455/708 4602/1455/708 4574/1455/708
f 4579/1455/712 4602/1455/712 4573/1455/712
f 4588/1455/713 4601/1455/713 4600/1455/713
f 4587/1455/711 4601/1455/711 4585/1455/711
f 4588/1455/713 4585/1455/713 4601/1455/713
f 4579/1455/708 4588/1455/708 4600/1455/708
f 4576/1455/708 4572/1455/708 4595/1455/708
f 4594/1455/709 4576/1455/709 4595/1455/709
f 4594/1455/709 4580/1455/709 4576/1455/709
f 4594/1455/711 4577/1455/711 4580/1455/711
f 4606/1455/710 4604/1455/710 4603/1455/710
f 4607/1455/709 4603/1455/709 4604/1455/709
f 4607/1455/709 4605/1455/709 4603/1455/709
f 4605/1455/708 4606/1455/708 4603/1455/708
f 4608/1455/708 4607/1455/708 4604/1455/708
f 4612/1455/712 4607/1455/712 4608/1455/712
f 4611/1455/712 4605/1455/712 4607/1455/712
f 4612/1455/712 4609/1455/712 4607/1455/712
f 4609/1455/709 4610/1455/709 4607/1455/709
f 4613/1455/708 4607/1455/708 4610/1455/708
f 4613/1455/708 4611/1455/708 4607/1455/708
f 4614/1455/713 4611/1455/713 4613/1455/713
f 4615/1455/712 4614/1455/712 4613/1455/712
f 4615/1455/712 4613/1455/712 4610/1455/712
f 4609/1455/709 4615/1455/709 4610/1455/709
f 4616/1455/711 4615/1455/711 4609/1455/711
f 4616/1455/711 4614/1455/711 4615/1455/711
f 4614/1455/713 4616/1455/713 4611/1455/713
f 4616/1455/712 4620/1455/712 4611/1455/712
f 4616/1455/712 4617/1455/712 4620/1455/712
f 4619/1455/711 4617/1455/711 4616/1455/711
f 4618/1455/712 4616/1455/712 4609/1455/712
f 4621/1455/713 4616/1455/713 4618/1455/713
f 4621/1455/713 4619/1455/713 4616/1455/713
f 4622/1455/711 4621/1455/711 4618/1455/711
f 4619/1455/710 4621/1455/710 4622/1455/710
f 4623/1455/709 4622/1455/709 4624/1455/709
f 4619/1455/710 4622/1455/710 4623/1455/710
f 4622/1455/711 4618/1455/711 4624/1455/711
f 4618/1455/712 4609/1455/712 4624/1455/712
f 4623/1455/709 4624/1455/709 4609/1455/709
f 4625/1455/709 4623/1455/709 4604/1455/709
f 4628/1455/711 4623/1455/711 4625/1455/711
f 4623/1455/710 4627/1455/710 4604/1455/710
f 4626/1455/711 4623/1455/711 4609/1455/711
f 4623/1455/710 4626/1455/710 4627/1455/710
f 4628/1455/711 4619/1455/711 4623/1455/711
f 4619/1455/713 4628/1455/713 4629/1455/713
f 4630/1455/710 4629/1455/710 4628/1455/710
f 4630/1455/710 4628/1455/710 4625/1455/710
f 4631/1455/708 4630/1455/708 4604/1455/708
f 4625/1455/709 4604/1455/709 4630/1455/709
f 4631/1455/708 4629/1455/708 4630/1455/708
f 4611/1455/708 4632/1455/708 4631/1455/708
f 4633/1455/710 4631/1455/710 4632/1455/710
f 4633/1455/710 4619/1455/710 4631/1455/710
f 4619/1455/713 4629/1455/713 4631/1455/713
f 4606/1455/710 4631/1455/710 4604/1455/710
f 4634/1455/713 4631/1455/713 4606/1455/713
f 4634/1455/713 4611/1455/713 4631/1455/713
f 4605/1455/708 4634/1455/708 4606/1455/708
f 4611/1455/712 4634/1455/712 4605/1455/712
f 4620/1455/713 4633/1455/713 4632/1455/713
f 4619/1455/711 4633/1455/711 4617/1455/711
f 4620/1455/713 4617/1455/713 4633/1455/713
f 4611/1455/708 4620/1455/708 4632/1455/708
f 4608/1455/708 4604/1455/708 4627/1455/708
f 4626/1455/709 4608/1455/709 4627/1455/709
f 4626/1455/709 4612/1455/709 4608/1455/709
f 4626/1455/711 4609/1455/711 4612/1455/711
f 4638/1455/710 4636/1455/710 4635/1455/710
f 4639/1455/709 4635/1455/709 4636/1455/709
f 4639/1455/709 4637/1455/709 4635/1455/709
f 4637/1455/708 4638/1455/708 4635/1455/708
f 4640/1455/708 4639/1455/708 4636/1455/708
f 4644/1455/712 4639/1455/712 4640/1455/712
f 4643/1455/712 4637/1455/712 4639/1455/712
f 4644/1455/712 4641/1455/712 4639/1455/712
f 4641/1455/709 4642/1455/709 4639/1455/709
f 4645/1455/708 4639/1455/708 4642/1455/708
f 4645/1455/708 4643/1455/708 4639/1455/708
f 4646/1455/713 4643/1455/713 4645/1455/713
f 4647/1455/712 4646/1455/712 4645/1455/712
f 4647/1455/712 4645/1455/712 4642/1455/712
f 4641/1455/709 4647/1455/709 4642/1455/709
f 4648/1455/711 4647/1455/711 4641/1455/711
f 4648/1455/711 4646/1455/711 4647/1455/711
f 4646/1455/713 4648/1455/713 4643/1455/713
f 4648/1455/712 4652/1455/712 4643/1455/712
f 4648/1455/712 4649/1455/712 4652/1455/712
f 4651/1455/711 4649/1455/711 4648/1455/711
f 4650/1455/712 4648/1455/712 4641/1455/712
f 4653/1455/713 4648/1455/713 4650/1455/713
f 4653/1455/713 4651/1455/713 4648/1455/713
f 4654/1455/711 4653/1455/711 4650/1455/711
f 4651/1455/710 4653/1455/710 4654/1455/710
f 4655/1455/709 4654/1455/709 4656/1455/709
f 4651/1455/710 4654/1455/710 4655/1455/710
f 4654/1455/711 4650/1455/711 4656/1455/711
f 4650/1455/712 4641/1455/712 4656/1455/712
f 4655/1455/709 4656/1455/709 4641/1455/709
f 4657/1455/709 4655/1455/709 4636/1455/709
f 4660/1455/711 4655/1455/711 4657/1455/711
f 4655/1455/710 4659/1455/710 4636/1455/710
f 4658/1455/711 4655/1455/711 4641/1455/711
f 4655/1455/710 4658/1455/710 4659/1455/710
f 4660/1455/711 4651/1455/711 4655/1455/711
f 4651/1455/713 4660/1455/713 4661/1455/713
f 4662/1455/710 4661/1455/710 4660/1455/710
f 4662/1455/710 4660/1455/710 4657/1455/710
f 4663/1455/708 4662/1455/708 4636/1455/708
f 4657/1455/709 4636/1455/709 4662/1455/709
f 4663/1455/708 4661/1455/708 4662/1455/708
f 4643/1455/708 4664/1455/708 4663/1455/708
f 4665/1455/710 4663/1455/710 4664/1455/710
f 4665/1455/710 4651/1455/710 4663/1455/710
f 4651/1455/713 4661/1455/713 4663/1455/713
f 4638/1455/710 4663/1455/710 4636/1455/710
f 4666/1455/713 4663/1455/713 4638/1455/713
f 4666/1455/713 4643/1455/713 4663/1455/713
f 4637/1455/708 4666/1455/708 4638/1455/708
f 4643/1455/712 4666/1455/712 4637/1455/712
f 4652/1455/713 4665/1455/713 4664/1455/713
f 4651/1455/711 4665/1455/711 4649/1455/711
f 4652/1455/713 4649/1455/713 4665/1455/713
f 4643/1455/708 4652/1455/708 4664/1455/708
f 4640/1455/708 4636/1455/708 4659/1455/708
f 4658/1455/709 4640/1455/709 4659/1455/709
f 4658/1455/709 4644/1455/709 4640/1455/709
f 4658/1455/711 4641/1455/711 4644/1455/711
f 4670/1455/710 4668/1455/710 4667/1455/710
f 4671/1455/709 4667/1455/709 4668/1455/709
f 4671/1455/709 4669/1455/709 4667/1455/709
f 4669/1455/708 4670/1455/708 4667/1455/708
f 4672/1455/708 4671/1455/708 4668/1455/708
f 4676/1455/712 4671/1455/712 4672/1455/712
f 4675/1455/712 4669/1455/712 4671/1455/712
f 4676/1455/712 4673/1455/712 4671/1455/712
f 4673/1455/709 4674/1455/709 4671/1455/709
f 4677/1455/708 4671/1455/708 4674/1455/708
f 4677/1455/708 4675/1455/708 4671/1455/708
f 4678/1455/713 4675/1455/713 4677/1455/713
f 4679/1455/712 4678/1455/712 4677/1455/712
f 4679/1455/712 4677/1455/712 4674/1455/712
f 4673/1455/709 4679/1455/709 4674/1455/709
f 4680/1455/711 4679/1455/711 4673/1455/711
f 4680/1455/711 4678/1455/711 4679/1455/711
f 4678/1455/713 4680/1455/713 4675/1455/713
f 4680/1455/712 4684/1455/712 4675/1455/712
f 4680/1455/712 4681/1455/712 4684/1455/712
f 4683/1455/711 4681/1455/711 4680/1455/711
f 4682/1455/712 4680/1455/712 4673/1455/712
f 4685/1455/713 4680/1455/713 4682/1455/713
f 4685/1455/713 4683/1455/713 4680/1455/713
f 4686/1455/711 4685/1455/711 4682/1455/711
f 4683/1455/710 4685/1455/710 4686/1455/710
f 4687/1455/709 4686/1455/709 4688/1455/709
f 4683/1455/710 4686/1455/710 4687/1455/710
f 4686/1455/711 4682/1455/711 4688/1455/711
f 4682/1455/712 4673/1455/712 4688/1455/712
f 4687/1455/709 4688/1455/709 4673/1455/709
f 4689/1455/709 4687/1455/709 4668/1455/709
f 4692/1455/711 4687/1455/711 4689/1455/711
f 4687/1455/710 4691/1455/710 4668/1455/710
f 4690/1455/711 4687/1455/711 4673/1455/711
f 4687/1455/710 4690/1455/710 4691/1455/710
f 4692/1455/711 4683/1455/711 4687/1455/711
f 4683/1455/713 4692/1455/713 4693/1455/713
f 4694/1455/710 4693/1455/710 4692/1455/710
f 4694/1455/710 4692/1455/710 4689/1455/710
f 4695/1455/708 4694/1455/708 4668/1455/708
f 4689/1455/709 4668/1455/709 4694/1455/709
f 4695/1455/708 4693/1455/708 4694/1455/708
f 4675/1455/708 4696/1455/708 4695/1455/708
f 4697/1455/710 4695/1455/710 4696/1455/710
f 4697/1455/710 4683/1455/710 4695/1455/710
f 4683/1455/713 4693/1455/713 4695/1455/713
f 4670/1455/710 4695/1455/710 4668/1455/710
f 4698/1455/713 4695/1455/713 4670/1455/713
f 4698/1455/713 4675/1455/713 4695/1455/713
f 4669/1455/708 4698/1455/708 4670/1455/708
f 4675/1455/712 4698/1455/712 4669/1455/712
f 4684/1455/713 4697/1455/713 4696/1455/713
f 4683/1455/711 4697/1455/711 4681/1455/711
f 4684/1455/713 4681/1455/713 4697/1455/713
f 4675/1455/708 4684/1455/708 4696/1455/708
f 4672/1455/708 4668/1455/708 4691/1455/708
f 4690/1455/709 4672/1455/709 4691/1455/709
f 4690/1455/709 4676/1455/709 4672/1455/709
f 4690/1455/711 4673/1455/711 4676/1455/711
o SternCabin
v -10.216499 20.015999 4.031000
v -9.730000 20.015999 4.517500
v -10.216499 19.529499 4.517500
v -10.216499 20.015999 4.517500
v -26.479500 20.015999 4.031000
v -26.479500 19.529499 4.517500
v -26.966000 20.015999 4.517500
v -26.479500 20.015999 4.517500
v -26.479500 20.015999 20.989000
v -26.966000 20.015999 20.502501
v -26.479500 19.529499 20.502501
v -26.479500 20.015999 20.502501
v -9.730000 20.015999 20.502501
v -10.216499 20.015999 20.989000
v -10.216499 19.529499 20.502501
v -10.216499 20.015999 20.502501
v -9.730000 31.970001 4.517500
v -10.216499 31.970001 4.031000
v -10.216499 32.456501 4.517500
v -10.216499 31.970001 4.517500
v -26.479500 31.970001 4.031000
v -26.966000 31.970001 4.517500
v -26.479500 32.456501 4.517500
v -26.479500 31.970001 4.517500
v -26.966000 31.970001 20.502501
v -26.479500 31.970001 20.989000
v -26.479500 32.456501 20.502501
v -26.479500 31.970001 20.502501
v -9.730000 31.970001 20.502501
v -10.216499 32.456501 20.502501
v -10.216499 31.970001 20.989000
v -10.216499 31.970001 20.502501
v -8.778424 32.226715 3.266500
v -8.812861 32.144035 3.482734
v -11.141425 33.210907 3.266500
v -8.812861 32.144035 3.050266
v -11.175861 33.128223 3.482734
v -11.175861 33.128223 3.050267
v -8.979138 31.744812 3.482734
v -8.895999 31.944424 3.572300
v -11.342138 32.729000 3.482734
v -9.013575 31.662128 3.266500
v -11.259000 32.928612 3.572301
v -11.376575 32.646317 3.266500
v -11.342138 32.729000 3.050267
v -8.979138 31.744812 3.050266
v -8.896000 31.944424 2.960700
v -11.259001 32.928612 2.960700
v -11.171803 33.221714 3.266500
v -11.197342 33.135868 3.482734
v -13.534802 33.924709 3.266500
v -11.197342 33.135868 3.050267
v -13.560343 33.838860 3.050267
v -13.622001 33.631603 2.960700
v -13.622001 33.631603 3.572300
v -13.560343 33.838860 3.482734
v -11.259001 32.928612 3.572300
v -13.683660 33.424347 3.482734
v -13.709200 33.338501 3.266500
v -11.346199 32.635506 3.266500
v -13.683660 33.424347 3.050267
v -11.320660 32.721355 3.050267
v -11.259001 32.928612 2.960700
v -11.320660 32.721355 3.482734
v -13.568264 33.932648 3.266500
v -13.584002 33.844475 3.482734
v -15.931263 34.354443 3.266500
v -13.584002 33.844475 3.050266
v -15.947002 34.266270 3.482734
v -15.947002 34.266270 3.050267
v -15.984999 34.053402 2.960700
v -16.022997 33.840534 3.050267
v -13.622000 33.631607 2.960700
v -13.659996 33.418739 3.050266
v -15.984999 34.053402 3.572301
v -13.622000 33.631607 3.572300
v -16.022997 33.840534 3.482734
v -16.038734 33.752357 3.266500
v -13.675735 33.330566 3.266500
v -13.659996 33.418739 3.482734
v -15.966837 34.358662 3.266500
v -15.972157 34.269253 3.482734
v -18.329838 34.499260 3.266500
v -15.972157 34.269253 3.050266
v -15.997844 33.837547 3.482734
v -15.985001 34.053398 3.572300
v -18.360844 33.978149 3.482734
v -16.003164 33.748138 3.266500
v -15.997844 33.837547 3.050266
v -15.985001 34.053398 2.960700
v -18.348000 34.194000 2.960700
v -18.360844 33.978149 3.050267
v -18.366163 33.888741 3.266500
v -18.348000 34.194000 3.572301
v -18.335157 34.409851 3.482734
v -18.335157 34.409851 3.050267
v -18.366161 34.499260 3.266500
v -18.360842 34.409851 3.482734
v -20.729162 34.358662 3.266500
v -18.360842 34.409851 3.050266
v -20.723843 34.269253 3.482734
v -20.723843 34.269253 3.050267
v -18.335155 33.978149 3.482734
v -18.348000 34.194000 3.572300
v -20.698154 33.837547 3.482734
v -18.329836 33.888741 3.266500
v -20.710999 34.053398 3.572301
v -18.335155 33.978149 3.050266
v -20.698154 33.837547 3.050267
v -18.348000 34.194000 2.960700
v -20.692835 33.748138 3.266500
v -20.710999 34.053398 2.960700
v -20.764734 34.354443 3.266500
v -20.748997 34.266270 3.482734
v -23.127735 33.932648 3.266500
v -20.748997 34.266270 3.050266
v -20.710999 34.053402 2.960700
v -23.111998 33.844475 3.050267
v -23.074001 33.631607 2.960700
v -20.673002 33.840534 3.482734
v -20.657263 33.752361 3.266500
v -20.673002 33.840534 3.050266
v -23.036003 33.418739 3.050267
v -23.020264 33.330566 3.266500
v -23.036003 33.418739 3.482734
v -23.074001 33.631607 3.572301
v -20.710999 34.053402 3.572300
v -23.111998 33.844475 3.482734
v -23.161201 33.924709 3.266500
v -23.135660 33.838860 3.482734
v -25.524199 33.221714 3.266500
v -23.135660 33.838860 3.050266
v -25.498659 33.135868 3.482734
v -25.498659 33.135868 3.050267
v -25.437000 32.928612 2.960700
v -23.074001 33.631603 2.960700
v -23.012342 33.424347 3.050266
v -22.986803 33.338501 3.266500
v -25.375341 32.721355 3.050267
v -25.349802 32.635506 3.266500
v -25.375341 32.721355 3.482734
v -23.012342 33.424347 3.482734
v -25.437000 32.928612 3.572301
v -23.074001 33.631603 3.572300
v -25.554573 33.210907 3.266500
v -25.520138 33.128223 3.482734
v -27.917576 32.226715 3.266500
v -25.520138 33.128223 3.050267
v -27.883137 32.144035 3.482734
v -27.883137 32.144035 3.050267
v -27.799999 31.944424 2.960700
v -25.436998 32.928612 2.960700
v -25.353861 32.729000 3.050267
v -25.319424 32.646317 3.266500
v -27.716862 31.744810 3.050267
v -27.682425 31.662128 3.266500
v -25.353861 32.729000 3.482734
v -25.436998 32.928612 3.572300
v -27.716862 31.744810 3.482734
v -27.799999 31.944424 3.572301
v -8.778424 32.226715 21.753500
v -8.812861 32.144035 21.969732
v -11.141425 33.210907 21.753500
v -8.812861 32.144035 21.537266
v -11.175861 33.128223 21.969734
v -11.175861 33.128223 21.537266
v -11.259001 32.928612 21.447701
v -11.259000 32.928612 22.059299
v -8.896000 31.944424 21.447701
v -8.979138 31.744812 21.537266
v -11.342138 32.729000 21.537266
v -11.376575 32.646317 21.753500
v -11.342138 32.729000 21.969734
v -9.013575 31.662128 21.753500
v -8.979138 31.744812 21.969732
v -8.895999 31.944424 22.059299
v -11.171803 33.221714 21.753500
v -11.197342 33.135868 21.969732
v -13.534802 33.924709 21.753500
v -11.197342 33.135868 21.537266
v -13.560343 33.838860 21.537266
v -13.622001 33.631603 21.447701
v -13.683660 33.424347 21.537266
v -11.259001 32.928612 21.447701
v -13.622001 33.631603 22.059299
v -13.560343 33.838860 21.969732
v -11.259001 32.928612 22.059299
v -13.683660 33.424347 21.969732
v -13.709200 33.338501 21.753500
v -11.346199 32.635506 21.753500
v -11.320660 32.721355 21.969732
v -11.320660 32.721355 21.537266
v -13.568264 33.932648 21.753498
v -13.584002 33.844475 21.969732
v -15.931263 34.354443 21.753500
v -13.584002 33.844475 21.537266
v -15.947002 34.266270 21.969734
v -15.947002 34.266270 21.537266
v -15.984999 34.053402 21.447701
v -16.022997 33.840534 21.537266
v -13.622000 33.631607 21.447701
v -13.659996 33.418739 21.537266
v -15.984999 34.053402 22.059299
v -13.622000 33.631607 22.059299
v -16.022997 33.840534 21.969734
v -16.038734 33.752357 21.753500
v -13.675735 33.330566 21.753500
v -13.659996 33.418739 21.969732
v -15.966837 34.358662 21.753500
v -15.972157 34.269253 21.969732
v -18.329838 34.499260 21.753500
v -15.972157 34.269253 21.537266
v -15.997844 33.837547 21.969732
v -15.985001 34.053398 22.059299
v -18.360844 33.978149 21.969734
v -16.003164 33.748138 21.753500
v -15.997844 33.837547 21.537266
v -15.985001 34.053398 21.447701
v -18.348000 34.194000 21.447701
v -18.360844 33.978149 21.537266
v -18.366163 33.888741 21.753500
v -18.348000 34.194000 22.059299
v -18.335157 34.409851 21.969734
v -18.335157 34.409851 21.537266
v -18.366161 34.499260 21.753500
v -18.360842 34.409851 21.969732
v -20.729162 34.358662 21.753500
v -18.360842 34.409851 21.537266
v -20.723843 34.269253 21.969734
v -20.723843 34.269253 21.537266
v -20.710999 34.053398 21.447701
v -18.348000 34.194000 21.447701
v -18.335155 33.978149 21.537266
v -18.329836 33.888741 21.753500
v -20.698154 33.837547 21.537266
v -20.692835 33.748138 21.753500
v -20.698154 33.837547 21.969734
v -20.710999 34.053398 22.059299
v -18.335155 33.978149 21.969732
v -18.348000 34.194000 22.059299
v -20.764734 34.354443 21.753500
v -20.748997 34.266270 21.969732
v -23.127735 33.932648 21.753500
v -20.748997 34.266270 21.537266
v -20.710999 34.053402 21.447701
v -23.111998 33.844475 21.537266
v -23.074001 33.631607 21.447701
v -20.673002 33.840534 21.969732
v -20.657263 33.752361 21.753500
v -20.673002 33.840534 21.537266
v -23.036003 33.418739 21.537266
v -23.020264 33.330566 21.753500
v -23.036003 33.418739 21.969734
v -23.074001 33.631607 22.059299
v -20.710999 34.053402 22.059299
v -23.111998 33.844475 21.969734
v -23.161201 33.924709 21.753500
v -23.135660 33.838860 21.969732
v -25.524199 33.221714 21.753500
v -23.135660 33.838860 21.537266
v -25.498659 33.135868 21.969734
v -25.498659 33.135868 21.537266
v -25.437000 32.928612 21.447701
v -23.074001 33.631603 21.447701
v -23.012342 33.424347 21.537266
v -22.986803 33.338501 21.753500
v -25.375341 32.721355 21.537266
v -25.349802 32.635506 21.753500
v -25.375341 32.721355 21.969734
v -23.012342 33.424347 21.969732
v -25.437000 32.928612 22.059299
v -23.074001 33.631603 22.059299
v -25.554573 33.210907 21.753500
v -25.520138 33.128223 21.969732
v -27.917576 32.226715 21.753500
v -25.520138 33.128223 21.537266
v -27.883137 32.144035 21.969732
v -27.883137 32.144035 21.537266
v -25.353861 32.729000 21.969732
v -25.436998 32.928612 22.059299
v -27.716862 31.744810 21.969732
v -25.319424 32.646317 21.753500
v -27.799999 31.944424 22.059299
v -27.682425 31.662128 21.753500
v -27.716862 31.744810 21.537266
v -25.353861 32.729000 21.537266
v -27.799999 31.944424 21.447701
v -25.436998 32.928612 21.447701
v -9.486750 19.390499 3.349900
v -9.486750 19.390499 3.488900
v -9.973250 19.390499 3.349900
v -9.486750 32.595501 3.349900
v -9.973250 19.390499 3.488900
v -9.973250 19.251499 3.488900
v -9.973250 19.390499 4.017100
v -10.112250 19.390499 3.488900
v -9.973250 32.595501 3.488900
v -9.973250 19.251499 4.017100
v -10.112250 32.595501 3.488900
v -10.112250 32.595501 4.017100
v -10.112250 19.390499 4.017100
v -9.973250 32.595501 4.017100
v -9.973250 32.734501 4.017100
v -9.973250 32.595501 4.156100
v -9.486750 32.595501 4.017100
v -9.973250 32.734501 3.488900
v -9.486750 32.595501 4.156100
v -9.486750 19.390499 4.156100
v -9.486750 19.390499 4.017100
v -9.973250 19.390499 4.156100
v -9.347750 19.390499 4.017100
v -9.486750 19.251499 4.017100
v -9.486750 19.251499 3.488900
v -9.347750 32.595501 4.017100
v -9.347750 32.595501 3.488900
v -9.347750 19.390499 3.488900
v -9.486750 32.595501 3.488900
v -9.486750 32.734501 3.488900
v -9.486750 32.734501 4.017100
v -9.973250 32.595501 3.349900
v -26.722748 19.390499 3.349900
v -26.722748 19.390499 3.488900
v -27.209249 19.390499 3.349900
v -26.722748 32.595501 3.349900
v -27.209249 19.390499 3.488900
v -27.209249 19.251499 3.488900
v -27.209249 19.390499 4.017100
v -27.348249 19.390499 3.488900
v -27.209249 32.595501 3.488900
v -27.209249 19.251499 4.017100
v -27.348249 32.595501 3.488900
v -27.348249 32.595501 4.017100
v -27.348249 19.390499 4.017100
v -27.209249 32.595501 4.017100
v -27.209249 32.734501 4.017100
v -27.209249 32.595501 4.156100
v -26.722748 32.595501 4.017100
v -27.209249 32.734501 3.488900
v -26.722748 32.595501 4.156100
v -26.722748 19.390499 4.156100
v -26.722748 19.390499 4.017100
v -27.209249 19.390499 4.156100
v -26.583748 19.390499 4.017100
v -26.722748 19.251499 4.017100
v -26.722748 19.251499 3.488900
v -26.583748 32.595501 4.017100
v -26.583748 32.595501 3.488900
v -26.583748 19.390499 3.488900
v -26.722748 32.595501 3.488900
v -26.722748 32.734501 3.488900
v -26.722748 32.734501 4.017100
v -27.209249 32.595501 3.349900
v -9.632700 22.226099 3.336000
v -9.632700 22.226099 3.447201
v -27.063299 22.226099 3.336000
v -9.632700 22.531898 3.336000
v -27.063299 22.226099 3.447201
v -27.063299 22.114899 3.447201
v -27.063299 22.226099 3.919801
v -27.174500 22.226099 3.447201
v -27.063299 22.531898 3.447201
v -27.063299 22.114899 3.919801
v -9.632700 22.114899 3.919801
v -9.632700 22.226099 3.919801
v -9.632700 22.114899 3.447201
v -9.521500 22.226099 3.919801
v -9.632700 22.226099 4.031000
v -9.632700 22.531900 3.919801
v -27.063299 22.226099 4.031000
v -9.521500 22.531898 3.919801
v -9.632700 22.531898 4.031000
v -27.063299 22.531898 4.031000
v -27.063299 22.531898 3.919801
v -27.174500 22.531898 3.919801
v -27.063299 22.643099 3.919801
v -27.063299 22.643099 3.447201
v -27.174500 22.226099 3.919801
v -27.174500 22.531898 3.447201
v -9.632700 22.643099 3.447201
v -9.632700 22.643099 3.919801
v -9.632700 22.531898 3.447201
v -9.521500 22.531898 3.447201
v -27.063299 22.531898 3.336000
v -9.521500 22.226099 3.447201
v -9.424199 31.664200 3.266500
v -9.424199 31.664200 3.377701
v -27.271801 31.664200 3.266500
v -9.424199 32.136799 3.266500
v -27.271801 31.664200 3.377701
v -27.271801 31.552999 3.377701
v -27.271801 31.664200 3.989300
v -27.382999 31.664200 3.377701
v -27.271801 32.136799 3.377701
v -27.382999 32.136799 3.377701
v -27.382999 32.136799 3.989300
v -27.382999 31.664200 3.989300
v -27.271801 32.136799 3.989300
v -27.271801 32.248001 3.989300
v -27.271801 32.136799 4.100501
v -9.424199 32.136799 3.989300
v -9.424199 32.136799 4.100501
v -9.424199 31.664200 4.100501
v -9.424199 31.664200 3.989300
v -27.271801 31.664200 4.100501
v -9.313000 31.664200 3.989300
v -9.424199 31.552999 3.989300
v -9.313000 32.136799 3.989300
v -9.313000 32.136799 3.377701
v -9.313000 31.664200 3.377701
v -9.424199 32.136799 3.377701
v -9.424199 32.248001 3.377701
v -27.271801 32.136799 3.266500
v -9.424199 32.248001 3.989301
v -27.271801 32.248001 3.377700
v -9.424199 31.552999 3.377700
v -27.271801 31.552999 3.989301
v -8.826500 31.414000 3.683500
v -8.826500 31.633221 3.683500
v -27.730501 31.414000 3.683500
v -8.826500 31.414000 21.545000
v -11.189501 32.625679 3.683500
v -15.915500 33.767006 3.683500
v -13.552500 33.336941 3.683500
v -8.826500 31.633221 21.545000
v -11.189501 32.625679 21.545000
v -13.552500 33.336941 21.545000
v -15.915500 33.767006 21.545000
v -18.278500 33.915878 21.545000
v -27.730501 31.414000 21.545000
v -27.730501 31.699385 21.545000
v -20.641500 33.783550 21.545000
v -23.004499 33.370022 21.545000
v -25.367500 32.675301 21.545000
v -27.730501 31.699385 3.683500
v -25.367500 32.675301 3.683500
v -23.004499 33.370022 3.683500
v -20.641500 33.783550 3.683500
v -18.278500 33.915878 3.683500
v -8.173200 31.888336 3.475000
v -8.173200 31.888336 3.641800
v -10.452800 31.888336 3.475000
v -8.173200 32.110737 3.475000
v -10.452799 31.888336 3.641800
v -10.452800 31.721537 3.641800
v -10.452799 31.888336 21.378201
v -10.619600 31.888336 3.641800
v -10.452799 32.110737 3.641800
v -10.452800 31.721537 21.378201
v -10.619600 32.110737 3.641800
v -10.619600 32.110737 21.378201
v -10.619600 31.888336 21.378201
v -10.452799 32.110737 21.378201
v -10.452800 32.277534 21.378201
v -10.452800 32.110737 21.545000
v -8.173200 32.110737 21.378201
v -10.452800 32.277534 3.641800
v -8.173200 32.110737 21.545000
v -8.173200 31.888336 21.545000
v -8.173200 31.888336 21.378201
v -10.452800 31.888336 21.545000
v -8.006399 31.888336 21.378201
v -8.173200 31.721537 21.378201
v -8.173200 31.721537 3.641800
v -8.006399 32.110737 21.378201
v -8.006399 32.110737 3.641800
v -8.006399 31.888336 3.641800
v -8.173200 32.110737 3.641800
v -8.173200 32.277534 3.641800
v -8.173200 32.277534 21.378201
v -10.452800 32.110737 3.475000
v -10.744699 32.891865 3.475000
v -10.744700 32.891865 3.641800
v -13.024300 32.891865 3.475000
v -10.744699 33.114262 3.475000
v -10.744700 33.114262 3.641800
v -13.024300 33.114262 3.475000
v -13.024300 33.114262 3.641800
v -13.024300 33.281063 3.641800
v -13.191100 33.114262 3.641800
v -13.024300 33.114262 21.378201
v -13.024300 32.891865 3.641800
v -13.191100 33.114262 21.378201
v -13.191100 32.891865 21.378201
v -13.024300 32.891865 21.378201
v -13.191100 32.891865 3.641800
v -13.024300 32.725063 21.378201
v -10.744700 32.891865 21.378201
v -13.024300 32.891865 21.545000
v -13.024300 33.114262 21.545000
v -10.744699 33.114262 21.545000
v -10.744700 33.114262 21.378201
v -10.744699 32.891865 21.545000
v -10.744699 33.281063 21.378201
v -10.577900 33.114262 21.378201
v -10.577900 33.114262 3.641800
v -13.024300 33.281063 21.378201
v -10.577900 32.891865 3.641800
v -10.577900 32.891865 21.378201
v -10.744699 33.281063 3.641800
v -10.744699 32.725063 21.378201
v -10.744699 32.725063 3.641800
v -13.024300 32.725063 3.641800
v -13.316199 33.562382 3.475000
v -13.316199 33.562382 3.641800
v -15.595799 33.562382 3.475000
v -13.316199 33.784782 3.475000
v -15.595799 33.562382 3.641800
v -15.595799 33.395584 3.641800
v -15.595799 33.562382 21.378201
v -15.762600 33.562382 3.641800
v -15.595799 33.784782 3.641800
v -15.595799 33.395584 21.378201
v -15.762600 33.784782 3.641800
v -15.762600 33.784782 21.378201
v -15.762600 33.562382 21.378201
v -15.595799 33.784782 21.378201
v -15.595799 33.951580 21.378201
v -15.595799 33.784782 21.545000
v -13.316199 33.784782 21.378201
v -15.595799 33.951580 3.641800
v -13.316199 33.784782 21.545000
v -13.316199 33.562382 21.545000
v -13.316199 33.562382 21.378201
v -15.595799 33.562382 21.545000
v -13.149399 33.562382 21.378201
v -13.316199 33.395584 21.378201
v -13.316199 33.395584 3.641800
v -13.149399 33.784782 21.378201
v -13.149399 33.784782 3.641800
v -13.149399 33.562382 3.641800
v -13.316199 33.784782 3.641800
v -13.316199 33.951580 3.641800
v -13.316199 33.951580 21.378201
v -15.595799 33.784782 3.475000
v -15.887700 33.899891 3.475000
v -15.887700 33.899891 3.641800
v -18.167299 33.899891 3.475000
v -15.887700 34.122292 3.475000
v -18.167299 33.899891 3.641800
v -18.167299 33.733093 3.641800
v -18.167299 33.899891 21.378201
v -18.334101 33.899891 3.641800
v -18.167299 34.122292 3.641800
v -18.167299 33.733093 21.378201
v -18.334101 34.122292 3.641800
v -18.334101 34.122292 21.378201
v -18.334101 33.899891 21.378201
v -18.167299 34.122292 21.378201
v -18.167299 34.289093 21.378201
v -18.167299 34.122292 21.545000
v -15.887700 34.122292 21.378201
v -18.167299 34.289093 3.641800
v -15.887700 34.122292 21.545000
v -15.887700 33.899891 21.545000
v -15.887700 33.899891 21.378201
v -18.167299 33.899891 21.545000
v -15.720900 33.899891 21.378201
v -15.887700 33.733093 21.378201
v -15.887700 33.733093 3.641800
v -15.720900 34.122292 21.378201
v -15.720900 34.122292 3.641800
v -15.720900 33.899891 3.641800
v -15.887700 34.122292 3.641800
v -15.887700 34.289093 3.641800
v -15.887700 34.289093 21.378201
v -18.167299 34.122292 3.475000
v -18.459200 33.904392 3.475000
v -18.459200 33.904392 3.641800
v -20.738800 33.904392 3.475000
v -18.459200 34.126793 3.475000
v -20.738800 33.904392 3.641800
v -20.738800 33.737591 3.641800
v -20.738800 33.904392 21.378201
v -20.905600 33.904392 3.641800
v -20.738800 34.126793 3.641800
v -20.738800 33.737591 21.378201
v -20.905600 34.126793 3.641800
v -20.905600 34.126793 21.378201
v -20.905600 33.904392 21.378201
v -20.738800 34.126793 21.378201
v -20.738800 34.293591 21.378201
v -20.738800 34.126793 21.545000
v -18.459200 34.126793 21.378201
v -20.738800 34.293591 3.641800
v -18.459200 34.126793 21.545000
v -18.459200 33.904392 21.545000
v -18.459200 33.904392 21.378201
v -20.738800 33.904392 21.545000
v -18.292400 33.904392 21.378201
v -18.459200 33.737591 21.378201
v -18.459200 33.737591 3.641800
v -18.292400 34.126793 21.378201
v -18.292400 34.126793 3.641800
v -18.292400 33.904392 3.641800
v -18.459200 34.126793 3.641800
v -18.459200 34.293591 3.641800
v -18.459200 34.293591 21.378201
v -20.738800 34.126793 3.475000
v -21.030701 33.575886 3.475000
v -21.030701 33.575886 3.641800
v -23.310299 33.575886 3.475000
v -21.030701 33.798286 3.475000
v -23.310299 33.575886 3.641800
v -23.310299 33.409084 3.641800
v -23.310299 33.575886 21.378201
v -23.477100 33.575886 3.641800
v -23.310299 33.798286 3.641800
v -23.310299 33.409084 21.378201
v -23.477100 33.798286 3.641800
v -23.477100 33.798286 21.378201
v -23.477100 33.575886 21.378201
v -23.310299 33.798286 21.378201
v -23.310299 33.965084 21.378201
v -23.310299 33.798286 21.545000
v -21.030701 33.798286 21.378201
v -23.310299 33.965084 3.641800
v -21.030701 33.798286 21.545000
v -21.030701 33.575886 21.545000
v -21.030701 33.575886 21.378201
v -23.310299 33.575886 21.545000
v -20.863899 33.575886 21.378201
v -21.030701 33.409084 21.378201
v -21.030701 33.409084 3.641800
v -20.863899 33.798286 21.378201
v -20.863899 33.798286 3.641800
v -20.863899 33.575886 3.641800
v -21.030701 33.798286 3.641800
v -21.030701 33.965084 3.641800
v -21.030701 33.965084 21.378201
v -23.310299 33.798286 3.475000
v -23.602200 32.914364 3.475000
v -23.602200 32.914364 3.641800
v -25.881798 32.914364 3.475000
v -23.602200 33.136765 3.475000
v -25.881798 32.914364 3.641800
v -25.881798 32.747566 3.641800
v -25.881798 32.914364 21.378201
v -26.048599 32.914364 3.641800
v -25.881798 33.136765 3.641800
v -23.602200 32.747566 3.641800
v -25.881798 32.747566 21.378201
v -26.048599 33.136765 3.641800
v -26.048599 33.136765 21.378201
v -26.048599 32.914364 21.378201
v -25.881798 33.136765 21.378201
v -25.881798 33.303562 21.378201
v -25.881798 33.136765 21.545000
v -23.602200 33.136765 21.378201
v -25.881798 33.303562 3.641800
v -23.602200 33.136765 21.545000
v -23.602200 33.303562 21.378201
v -23.602200 33.303562 3.641800
v -23.602200 33.136765 3.641800
v -23.435398 33.136765 3.641800
v -23.435398 32.914364 3.641800
v -23.435398 32.914364 21.378201
v -23.435398 33.136765 21.378201
v -23.602200 32.914364 21.378201
v -23.602200 32.747566 21.378201
v -23.602200 32.914364 21.545000
v -25.881798 32.914364 21.545000
v -25.881798 33.136765 3.475000
vn -0.0000 -0.0000 -1.0000
vn -0.0000 -1.0000 -0.0000
vn 1.0000 -0.0000 -0.0000
vn -0.0000 -0.0000 1.0000
vn -1.0000 -0.0000 -0.0000
vn -0.0000 1.0000 -0.0000
vn 0.9231 -0.3845 -0.0000
vn 0.3552 0.8529 0.3827
vn 0.3552 0.8529 -0.3827
vn -0.1471 -0.3533 0.9239
vn -0.3552 -0.8529 0.3827
vn -0.9231 0.3845 -0.0000
vn -0.3552 -0.8529 -0.3827
vn -0.1471 -0.3533 -0.9239
vn 0.1471 0.3533 -0.9239
vn 0.1471 0.3533 0.9239
vn 0.9585 -0.2851 -0.0000
vn 0.2634 0.8855 0.3827
vn 0.2634 0.8855 -0.3827
vn 0.1091 0.3668 -0.9239
vn -0.9585 0.2851 -0.0000
vn 0.1091 0.3668 0.9239
vn -0.1091 -0.3668 0.9239
vn -0.9585 0.2852 -0.0000
vn -0.2634 -0.8855 0.3827
vn -0.2634 -0.8855 -0.3827
vn -0.1091 -0.3668 -0.9239
vn 0.9844 -0.1757 -0.0000
vn 0.1623 0.9095 0.3827
vn 0.1623 0.9095 -0.3827
vn 0.0672 0.3767 -0.9239
vn -0.9844 0.1757 -0.0000
vn -0.0672 -0.3767 -0.9239
vn 0.0672 0.3767 0.9239
vn -0.0672 -0.3767 0.9239
vn -0.1623 -0.9095 0.3827
vn -0.1623 -0.9095 -0.3827
vn 0.9982 -0.0594 -0.0000
vn 0.0549 0.9222 0.3827
vn 0.0549 0.9222 -0.3827
vn -0.0227 -0.3820 0.9239
vn -0.0549 -0.9222 0.3827
vn -0.0227 -0.3820 -0.9239
vn 0.0227 0.3820 -0.9239
vn -0.9982 0.0594 -0.0000
vn -0.0549 -0.9222 -0.3827
vn 0.0227 0.3820 0.9239
vn 0.9982 0.0594 -0.0000
vn -0.0549 0.9222 0.3827
vn -0.0549 0.9222 -0.3827
vn 0.0227 -0.3820 0.9239
vn 0.0549 -0.9222 0.3827
vn 0.0549 -0.9222 -0.3827
vn 0.0227 -0.3820 -0.9239
vn -0.9982 -0.0594 -0.0000
vn -0.0227 0.3820 -0.9239
vn -0.0227 0.3820 0.9239
vn 0.9844 0.1757 -0.0000
vn -0.1623 0.9095 0.3827
vn -0.1623 0.9095 -0.3827
vn -0.0672 0.3767 -0.9239
vn 0.1623 -0.9095 -0.3827
vn 0.0672 -0.3767 -0.9239
vn -0.9844 -0.1757 -0.0000
vn 0.1623 -0.9095 0.3827
vn 0.0672 -0.3767 0.9239
vn -0.0672 0.3767 0.9239
vn 0.9585 0.2851 -0.0000
vn -0.2634 0.8855 0.3827
vn -0.2634 0.8855 -0.3827
vn -0.1091 0.3668 -0.9239
vn -0.9585 -0.2851 -0.0000
vn 0.1091 -0.3668 -0.9239
vn 0.2634 -0.8855 -0.3827
vn -0.9585 -0.2852 -0.0000
vn 0.2634 -0.8855 0.3827
vn -0.1091 0.3668 0.9239
vn 0.1091 -0.3668 0.9239
vn 0.9585 0.2852 -0.0000
vn 0.9231 0.3845 -0.0000
vn -0.3552 0.8529 0.3827
vn -0.3552 0.8529 -0.3827
vn -0.1471 0.3533 -0.9239
vn -0.9231 -0.3845 -0.0000
vn 0.1471 -0.3533 -0.9239
vn 0.3552 -0.8529 -0.3827
vn 0.1471 -0.3533 0.9239
vn 0.3552 -0.8529 0.3827
vn -0.1471 0.3533 0.9239
vn 0.9585 -0.2852 -0.0000
vn 0.3872 0.9220 -0.0000
vn 0.2882 0.9576 -0.0000
vn 0.1791 0.9838 -0.0000
vn 0.0629 0.9980 -0.0000
vn -0.3817 0.9243 -0.0000
vn -0.2821 0.9594 -0.0000
vn -0.1724 0.9850 -0.0000
vn -0.0559 0.9984 -0.0000
vt 0.000000 0.000000
vt 0.750000 0.490000
vt 0.919706 0.419706
vt 0.919706 0.080294
vt 1.000000 0.500000
vt 0.875000 1.000000
vt 0.875000 0.500000
vt 0.125000 1.000000
vt 0.000000 1.000000
vt 0.000000 0.500000
vt 1.000000 1.000000
vt 0.580294 0.419706
vt 0.125000 0.500000
vt 0.990000 0.250000
vt 0.750000 1.000000
vt 0.625000 0.500000
vt 0.750000 0.500000
vt 0.625000 1.000000
vt 0.500000 1.000000
vt 0.750000 0.010000
vt 0.500000 0.500000
vt 0.250000 0.010000
vt 0.419706 0.080294
vt 0.490000 0.250000
vt 0.375000 0.500000
vt 0.080294 0.080294
vt 0.375000 1.000000
vt 0.580294 0.080294
vt 0.250000 0.500000
vt 0.510000 0.250000
vt 0.250000 1.000000
vt 0.010000 0.250000
vt 0.250000 0.490000
vt 0.080294 0.419706
vt 0.419706 0.419706
s 0
usemtl HullLight
f 4704/1490/722 4702/1490/722 4701/1490/722
f 4706/1490/723 4699/1490/723 4702/1490/723
f 4711/1490/723 4702/1490/723 4700/1490/723
f 4714/1490/724 4701/1490/724 4702/1490/724
f 4713/1490/725 4710/1490/725 4709/1490/725
f 4714/1490/723 4707/1490/723 4710/1490/723
f 4709/1490/726 4706/1490/726 4704/1490/726
f 4710/1490/723 4705/1490/723 4706/1490/723
f 4728/1490/724 4718/1490/724 4717/1490/724
f 4730/1490/727 4715/1490/727 4718/1490/727
f 4719/1490/727 4718/1490/727 4716/1490/727
f 4722/1490/722 4717/1490/722 4718/1490/722
f 4723/1490/727 4722/1490/727 4720/1490/727
f 4726/1490/726 4721/1490/726 4722/1490/726
f 4729/1490/727 4726/1490/727 4724/1490/727
f 4730/1490/725 4725/1490/725 4726/1490/725
f 4716/1490/724 4702/1490/724 4699/1490/724
f 4718/1490/722 4700/1490/722 4702/1490/722
f 4720/1490/722 4706/1490/722 4705/1490/722
f 4722/1490/726 4703/1490/726 4706/1490/726
f 4724/1490/726 4710/1490/726 4707/1490/726
f 4726/1490/725 4708/1490/725 4710/1490/725
f 4727/1490/725 4714/1490/725 4711/1490/725
f 4730/1490/724 4712/1490/724 4714/1490/724
f 4703/1490/722 4716/1490/722 4699/1490/722
f 4713/1490/723 4704/1490/723 4701/1490/723
f 4700/1490/724 4727/1490/724 4711/1490/724
f 4708/1490/726 4720/1490/726 4705/1490/726
f 4712/1490/725 4724/1490/725 4707/1490/725
f 4721/1490/727 4728/1490/727 4717/1490/727
f 4704/1490/722 4706/1490/722 4702/1490/722
f 4706/1490/723 4703/1490/723 4699/1490/723
f 4711/1490/723 4714/1490/723 4702/1490/723
f 4714/1490/724 4713/1490/724 4701/1490/724
f 4713/1490/725 4714/1490/725 4710/1490/725
f 4714/1490/723 4712/1490/723 4707/1490/723
f 4709/1490/726 4710/1490/726 4706/1490/726
f 4710/1490/723 4708/1490/723 4705/1490/723
f 4728/1490/724 4730/1490/724 4718/1490/724
f 4730/1490/727 4727/1490/727 4715/1490/727
f 4719/1490/727 4722/1490/727 4718/1490/727
f 4722/1490/722 4721/1490/722 4717/1490/722
f 4723/1490/727 4726/1490/727 4722/1490/727
f 4726/1490/726 4725/1490/726 4721/1490/726
f 4729/1490/727 4730/1490/727 4726/1490/727
f 4730/1490/725 4728/1490/725 4725/1490/725
f 4716/1490/724 4718/1490/724 4702/1490/724
f 4718/1490/722 4715/1490/722 4700/1490/722
f 4720/1490/722 4722/1490/722 4706/1490/722
f 4722/1490/726 4719/1490/726 4703/1490/726
f 4724/1490/726 4726/1490/726 4710/1490/726
f 4726/1490/725 4723/1490/725 4708/1490/725
f 4727/1490/725 4730/1490/725 4714/1490/725
f 4730/1490/724 4729/1490/724 4712/1490/724
f 4703/1490/722 4719/1490/722 4716/1490/722
f 4713/1490/723 4709/1490/723 4704/1490/723
f 4700/1490/724 4715/1490/724 4727/1490/724
f 4708/1490/726 4723/1490/726 4720/1490/726
f 4712/1490/725 4729/1490/725 4724/1490/725
f 4721/1490/727 4725/1490/727 4728/1490/727
usemtl Gold
f 4731/1491/728 4732/1492/728 4737/1493/728
f 4731/1494/729 4735/1495/729 4732/1496/729
f 4736/1497/730 4733/1498/730 4731/1499/730
f 4731/1494/729 4733/1500/729 4735/1495/729
f 4734/1501/728 4731/1491/728 4737/1493/728
f 4736/1497/730 4731/1499/730 4734/1502/730
f 4732/1492/728 4738/1503/728 4737/1493/728
f 4741/1504/731 4737/1505/731 4738/1506/731
f 4737/1505/732 4739/1507/732 4742/1508/732
f 4741/1504/731 4739/1507/731 4737/1505/731
f 4737/1493/728 4740/1509/728 4734/1501/728
f 4737/1505/732 4742/1508/732 4740/1510/732
f 4742/1511/733 4739/1512/733 4741/1513/733
f 4742/1508/734 4744/1514/734 4740/1510/734
f 4743/1515/733 4742/1511/733 4741/1513/733
f 4742/1508/734 4743/1516/734 4744/1514/734
f 4740/1509/728 4744/1517/728 4734/1501/728
f 4743/1516/735 4745/1518/735 4744/1514/735
f 4744/1517/728 4745/1519/728 4734/1501/728
f 4745/1518/736 4746/1520/736 4736/1497/736
f 4743/1516/735 4746/1520/735 4745/1518/735
f 4745/1518/736 4736/1497/736 4734/1502/736
f 4746/1521/733 4743/1515/733 4741/1513/733
f 4733/1522/733 4736/1523/733 4746/1521/733
f 4741/1513/733 4733/1522/733 4746/1521/733
f 4741/1513/733 4735/1524/733 4733/1522/733
f 4732/1496/737 4735/1495/737 4741/1504/737
f 4732/1496/737 4741/1504/737 4738/1506/737
f 4750/1501/738 4747/1491/738 4748/1492/738
f 4749/1500/739 4748/1496/739 4747/1494/739
f 4751/1497/740 4749/1498/740 4747/1499/740
f 4751/1497/740 4747/1499/740 4750/1502/740
f 4752/1520/741 4751/1497/741 4750/1502/741
f 4751/1523/742 4752/1521/742 4753/1513/742
f 4749/1522/742 4751/1523/742 4753/1513/742
f 4753/1513/742 4754/1524/742 4749/1522/742
f 4748/1496/743 4754/1495/743 4753/1504/743
f 4755/1506/744 4753/1504/744 4756/1507/744
f 4748/1496/743 4753/1504/743 4755/1506/743
f 4757/1511/745 4756/1512/745 4753/1513/745
f 4752/1521/742 4757/1511/742 4753/1513/742
f 4756/1507/746 4757/1508/746 4758/1510/746
f 4758/1510/747 4757/1508/747 4759/1516/747
f 4752/1521/742 4759/1515/742 4757/1511/742
f 4759/1516/748 4761/1518/748 4760/1514/748
f 4758/1510/747 4759/1516/747 4760/1514/747
f 4759/1516/748 4752/1520/748 4761/1518/748
f 4760/1517/738 4761/1519/738 4762/1493/738
f 4752/1520/741 4750/1502/741 4761/1518/741
f 4761/1519/738 4750/1501/738 4762/1493/738
f 4755/1503/738 4762/1493/738 4750/1501/738
f 4755/1506/744 4756/1507/744 4762/1505/744
f 4756/1507/746 4758/1510/746 4762/1505/746
f 4762/1493/738 4758/1509/738 4760/1517/738
f 4748/1492/738 4755/1503/738 4750/1501/738
f 4749/1500/739 4754/1495/739 4748/1496/739
f 4766/1501/749 4763/1491/749 4764/1492/749
f 4763/1494/750 4767/1495/750 4764/1496/750
f 4768/1497/751 4765/1498/751 4763/1499/751
f 4763/1494/750 4765/1500/750 4767/1495/750
f 4768/1497/751 4763/1499/751 4766/1502/751
f 4769/1520/752 4768/1497/752 4766/1502/752
f 4765/1522/753 4768/1523/753 4769/1521/753
f 4769/1521/753 4770/1515/753 4773/1513/753
f 4772/1514/754 4770/1516/754 4769/1520/754
f 4769/1520/752 4766/1502/752 4771/1518/752
f 4772/1514/754 4769/1520/754 4771/1518/754
f 4773/1513/753 4765/1522/753 4769/1521/753
f 4773/1513/753 4767/1524/753 4765/1522/753
f 4767/1495/755 4773/1504/755 4774/1506/755
f 4774/1506/756 4773/1504/756 4775/1507/756
f 4776/1511/753 4775/1512/753 4773/1513/753
f 4770/1515/753 4776/1511/753 4773/1513/753
f 4778/1505/757 4775/1507/757 4776/1508/757
f 4776/1508/758 4772/1514/758 4777/1510/758
f 4778/1505/757 4776/1508/757 4777/1510/757
f 4776/1508/758 4770/1516/758 4772/1514/758
f 4774/1503/749 4778/1493/749 4766/1501/749
f 4774/1506/756 4775/1507/756 4778/1505/756
f 4778/1493/749 4777/1509/749 4766/1501/749
f 4777/1509/749 4772/1517/749 4766/1501/749
f 4764/1492/749 4774/1503/749 4766/1501/749
f 4767/1495/755 4774/1506/755 4764/1496/755
f 4772/1517/749 4771/1519/749 4766/1501/749
f 4779/1491/759 4780/1492/759 4783/1493/759
f 4781/1500/760 4780/1496/760 4779/1494/760
f 4782/1502/761 4781/1498/761 4779/1499/761
f 4782/1501/759 4779/1491/759 4783/1493/759
f 4780/1492/759 4784/1503/759 4783/1493/759
f 4784/1506/762 4785/1507/762 4783/1505/762
f 4785/1507/763 4786/1510/763 4783/1505/763
f 4783/1493/759 4786/1509/759 4787/1517/759
f 4788/1519/759 4782/1501/759 4783/1493/759
f 4787/1517/759 4788/1519/759 4783/1493/759
f 4790/1516/764 4788/1518/764 4787/1514/764
f 4790/1516/764 4789/1520/764 4788/1518/764
f 4789/1520/765 4782/1502/765 4788/1518/765
f 4789/1521/766 4790/1515/766 4791/1511/766
f 4786/1510/767 4791/1508/767 4790/1516/767
f 4786/1510/767 4790/1516/767 4787/1514/767
f 4791/1511/766 4785/1512/766 4792/1513/766
f 4785/1507/763 4791/1508/763 4786/1510/763
f 4789/1521/766 4791/1511/766 4792/1513/766
f 4792/1513/766 4793/1524/766 4789/1521/766
f 4780/1496/768 4793/1495/768 4792/1504/768
f 4784/1506/762 4792/1504/762 4785/1507/762
f 4780/1496/768 4792/1504/768 4784/1506/768
f 4793/1524/766 4781/1522/766 4789/1521/766
f 4781/1500/760 4793/1495/760 4780/1496/760
f 4789/1520/765 4794/1497/765 4782/1502/765
f 4781/1522/766 4794/1523/766 4789/1521/766
f 4782/1502/761 4794/1497/761 4781/1498/761
f 4795/1491/769 4796/1492/769 4801/1493/769
f 4795/1494/770 4799/1495/770 4796/1496/770
f 4800/1497/771 4797/1498/771 4795/1499/771
f 4795/1494/770 4797/1500/770 4799/1495/770
f 4798/1501/769 4795/1491/769 4801/1493/769
f 4800/1497/771 4795/1499/771 4798/1502/771
f 4796/1492/769 4802/1503/769 4801/1493/769
f 4805/1504/772 4801/1505/772 4802/1506/772
f 4805/1504/772 4803/1507/772 4801/1505/772
f 4803/1507/773 4804/1510/773 4801/1505/773
f 4801/1493/769 4804/1509/769 4806/1517/769
f 4801/1493/769 4806/1517/769 4798/1501/769
f 4809/1508/774 4806/1514/774 4804/1510/774
f 4806/1514/775 4807/1516/775 4810/1520/775
f 4809/1508/774 4807/1516/774 4806/1514/774
f 4806/1517/769 4808/1519/769 4798/1501/769
f 4806/1514/775 4810/1520/775 4808/1518/775
f 4810/1521/776 4807/1515/776 4809/1511/776
f 4808/1518/777 4810/1520/777 4800/1497/777
f 4797/1522/776 4800/1523/776 4810/1521/776
f 4805/1513/776 4797/1522/776 4810/1521/776
f 4809/1511/776 4803/1512/776 4810/1521/776
f 4803/1512/776 4805/1513/776 4810/1521/776
f 4803/1507/773 4809/1508/773 4804/1510/773
f 4808/1518/777 4800/1497/777 4798/1502/777
f 4805/1513/776 4799/1524/776 4797/1522/776
f 4799/1495/778 4805/1504/778 4802/1506/778
f 4799/1495/778 4802/1506/778 4796/1496/778
f 4814/1501/779 4811/1491/779 4812/1492/779
f 4813/1500/780 4812/1496/780 4811/1494/780
f 4814/1502/781 4813/1498/781 4811/1499/781
f 4820/1517/779 4815/1519/779 4814/1501/779
f 4817/1520/782 4814/1502/782 4815/1518/782
f 4814/1502/781 4816/1497/781 4813/1498/781
f 4817/1520/782 4816/1497/782 4814/1502/782
f 4814/1501/779 4812/1492/779 4818/1493/779
f 4818/1493/779 4819/1509/779 4814/1501/779
f 4819/1509/779 4820/1517/779 4814/1501/779
f 4822/1508/783 4820/1514/783 4819/1510/783
f 4820/1514/784 4821/1516/784 4817/1520/784
f 4822/1508/783 4821/1516/783 4820/1514/783
f 4820/1514/784 4817/1520/784 4815/1518/784
f 4822/1511/785 4823/1512/785 4817/1521/785
f 4823/1507/786 4822/1508/786 4819/1510/786
f 4817/1521/785 4821/1515/785 4822/1511/785
f 4823/1512/785 4824/1513/785 4817/1521/785
f 4825/1506/787 4824/1504/787 4823/1507/787
f 4823/1507/786 4819/1510/786 4818/1505/786
f 4825/1506/787 4823/1507/787 4818/1505/787
f 4812/1492/779 4825/1503/779 4818/1493/779
f 4826/1495/788 4825/1506/788 4812/1496/788
f 4826/1495/788 4824/1504/788 4825/1506/788
f 4824/1513/785 4826/1524/785 4813/1522/785
f 4813/1500/780 4826/1495/780 4812/1496/780
f 4824/1513/785 4813/1522/785 4817/1521/785
f 4813/1522/785 4816/1523/785 4817/1521/785
f 4830/1501/789 4827/1491/789 4828/1492/789
f 4827/1494/790 4831/1495/790 4828/1496/790
f 4832/1497/791 4829/1498/791 4827/1499/791
f 4827/1494/790 4829/1500/790 4831/1495/790
f 4832/1497/791 4827/1499/791 4830/1502/791
f 4834/1518/792 4833/1520/792 4832/1497/792
f 4829/1522/793 4832/1523/793 4833/1521/793
f 4834/1518/792 4832/1497/792 4830/1502/792
f 4835/1517/789 4834/1519/789 4830/1501/789
f 4835/1514/794 4833/1520/794 4834/1518/794
f 4836/1509/789 4835/1517/789 4830/1501/789
f 4838/1508/795 4835/1514/795 4836/1510/795
f 4835/1514/794 4837/1516/794 4833/1520/794
f 4838/1508/795 4837/1516/795 4835/1514/795
f 4838/1511/796 4839/1512/796 4841/1513/796
f 4840/1505/797 4839/1507/797 4838/1508/797
f 4840/1505/797 4838/1508/797 4836/1510/797
f 4833/1521/793 4837/1515/793 4838/1511/793
f 4829/1522/793 4833/1521/793 4838/1511/793
f 4841/1513/793 4829/1522/793 4838/1511/793
f 4841/1513/793 4831/1524/793 4829/1522/793
f 4831/1495/798 4841/1504/798 4842/1506/798
f 4841/1504/799 4840/1505/799 4842/1506/799
f 4841/1504/799 4839/1507/799 4840/1505/799
f 4828/1492/800 4842/1503/800 4830/1501/800
f 4831/1495/798 4842/1506/798 4828/1496/798
f 4842/1503/789 4840/1493/789 4830/1501/789
f 4840/1493/789 4836/1509/789 4830/1501/789
f 4846/1501/801 4843/1491/801 4844/1492/801
f 4843/1494/802 4847/1495/802 4844/1496/802
f 4848/1497/803 4845/1498/803 4843/1499/803
f 4843/1494/802 4845/1500/802 4847/1495/802
f 4848/1497/803 4843/1499/803 4846/1502/803
f 4850/1518/804 4849/1520/804 4848/1497/804
f 4845/1522/805 4848/1523/805 4849/1521/805
f 4850/1518/804 4848/1497/804 4846/1502/804
f 4851/1517/801 4850/1519/801 4846/1501/801
f 4851/1514/806 4849/1520/806 4850/1518/806
f 4855/1493/801 4852/1509/801 4851/1517/801
f 4854/1508/807 4851/1514/807 4852/1510/807
f 4851/1514/806 4853/1516/806 4849/1520/806
f 4854/1508/807 4853/1516/807 4851/1514/807
f 4855/1493/801 4851/1517/801 4846/1501/801
f 4856/1503/801 4855/1493/801 4846/1501/801
f 4858/1504/808 4855/1505/808 4856/1506/808
f 4855/1505/809 4857/1507/809 4854/1508/809
f 4858/1504/808 4857/1507/808 4855/1505/808
f 4855/1505/809 4854/1508/809 4852/1510/809
f 4858/1513/805 4847/1524/805 4849/1521/805
f 4847/1495/810 4858/1504/810 4856/1506/810
f 4857/1512/805 4858/1513/805 4849/1521/805
f 4854/1511/805 4857/1512/805 4849/1521/805
f 4844/1492/801 4856/1503/801 4846/1501/801
f 4847/1495/810 4856/1506/810 4844/1496/810
f 4849/1521/805 4853/1515/805 4854/1511/805
f 4847/1524/805 4845/1522/805 4849/1521/805
f 4862/1501/728 4859/1491/728 4860/1492/728
f 4859/1494/729 4863/1495/729 4860/1496/729
f 4864/1497/730 4861/1498/730 4859/1499/730
f 4859/1494/729 4861/1500/729 4863/1495/729
f 4864/1497/730 4859/1499/730 4862/1502/730
f 4867/1518/736 4865/1520/736 4864/1497/736
f 4864/1523/733 4865/1521/733 4866/1513/733
f 4867/1518/736 4864/1497/736 4862/1502/736
f 4861/1522/733 4864/1523/733 4866/1513/733
f 4868/1517/728 4867/1519/728 4862/1501/728
f 4869/1516/735 4867/1518/735 4868/1514/735
f 4869/1516/735 4865/1520/735 4867/1518/735
f 4865/1521/733 4869/1515/733 4870/1511/733
f 4870/1508/734 4869/1516/734 4868/1514/734
f 4870/1511/733 4871/1512/733 4866/1513/733
f 4873/1505/732 4871/1507/732 4870/1508/732
f 4870/1508/734 4868/1514/734 4872/1510/734
f 4873/1505/732 4870/1508/732 4872/1510/732
f 4865/1521/733 4870/1511/733 4866/1513/733
f 4860/1492/728 4874/1503/728 4873/1493/728
f 4866/1504/731 4873/1505/731 4874/1506/731
f 4866/1504/731 4871/1507/731 4873/1505/731
f 4873/1493/728 4872/1509/728 4868/1517/728
f 4862/1501/728 4860/1492/728 4873/1493/728
f 4873/1493/728 4868/1517/728 4862/1501/728
f 4860/1496/737 4866/1504/737 4874/1506/737
f 4866/1513/733 4863/1524/733 4861/1522/733
f 4860/1496/737 4863/1495/737 4866/1504/737
f 4878/1501/738 4875/1491/738 4876/1492/738
f 4877/1500/739 4876/1496/739 4875/1494/739
f 4879/1497/740 4877/1498/740 4875/1499/740
f 4879/1497/740 4875/1499/740 4878/1502/740
f 4880/1520/741 4879/1497/741 4878/1502/741
f 4877/1522/742 4879/1523/742 4880/1521/742
f 4880/1521/742 4881/1515/742 4883/1513/742
f 4881/1516/748 4880/1520/748 4882/1518/748
f 4880/1520/741 4878/1502/741 4882/1518/741
f 4883/1513/742 4877/1522/742 4880/1521/742
f 4883/1513/742 4884/1524/742 4877/1522/742
f 4876/1496/743 4884/1495/743 4883/1504/743
f 4885/1506/744 4883/1504/744 4886/1507/744
f 4876/1496/743 4883/1504/743 4885/1506/743
f 4887/1511/742 4886/1512/742 4883/1513/742
f 4881/1515/742 4887/1511/742 4883/1513/742
f 4886/1507/746 4887/1508/746 4888/1510/746
f 4888/1510/747 4887/1508/747 4881/1516/747
f 4889/1493/738 4888/1509/738 4878/1501/738
f 4886/1507/746 4888/1510/746 4889/1505/746
f 4888/1509/738 4890/1517/738 4878/1501/738
f 4888/1510/747 4881/1516/747 4890/1514/747
f 4881/1516/748 4882/1518/748 4890/1514/748
f 4890/1517/811 4882/1519/811 4878/1501/811
f 4876/1492/738 4885/1503/738 4889/1493/738
f 4885/1506/744 4886/1507/744 4889/1505/744
f 4878/1501/738 4876/1492/738 4889/1493/738
f 4877/1500/739 4884/1495/739 4876/1496/739
f 4894/1501/749 4891/1491/749 4892/1492/749
f 4891/1494/750 4895/1495/750 4892/1496/750
f 4896/1497/751 4893/1498/751 4891/1499/751
f 4891/1494/750 4893/1500/750 4895/1495/750
f 4896/1497/751 4891/1499/751 4894/1502/751
f 4897/1520/752 4896/1497/752 4894/1502/752
f 4893/1522/753 4896/1523/753 4897/1521/753
f 4897/1521/753 4898/1515/753 4901/1513/753
f 4900/1514/754 4898/1516/754 4897/1520/754
f 4897/1520/752 4894/1502/752 4899/1518/752
f 4900/1514/754 4897/1520/754 4899/1518/754
f 4901/1513/753 4893/1522/753 4897/1521/753
f 4901/1513/753 4895/1524/753 4893/1522/753
f 4895/1495/755 4901/1504/755 4902/1506/755
f 4902/1506/756 4901/1504/756 4903/1507/756
f 4904/1511/753 4903/1512/753 4901/1513/753
f 4898/1515/753 4904/1511/753 4901/1513/753
f 4906/1505/757 4903/1507/757 4904/1508/757
f 4904/1508/758 4900/1514/758 4905/1510/758
f 4906/1505/757 4904/1508/757 4905/1510/757
f 4904/1508/758 4898/1516/758 4900/1514/758
f 4902/1503/749 4906/1493/749 4894/1501/749
f 4902/1506/756 4903/1507/756 4906/1505/756
f 4906/1493/749 4905/1509/749 4894/1501/749
f 4905/1509/749 4900/1517/749 4894/1501/749
f 4892/1492/749 4902/1503/749 4894/1501/749
f 4895/1495/755 4902/1506/755 4892/1496/755
f 4900/1517/749 4899/1519/749 4894/1501/749
f 4907/1491/759 4908/1492/759 4911/1493/759
f 4909/1500/760 4908/1496/760 4907/1494/760
f 4910/1502/761 4909/1498/761 4907/1499/761
f 4910/1501/759 4907/1491/759 4911/1493/759
f 4908/1492/759 4912/1503/759 4911/1493/759
f 4912/1506/762 4913/1507/762 4911/1505/762
f 4913/1507/763 4914/1510/763 4911/1505/763
f 4911/1493/759 4914/1509/759 4915/1517/759
f 4916/1519/759 4910/1501/759 4911/1493/759
f 4915/1517/759 4916/1519/759 4911/1493/759
f 4918/1516/764 4916/1518/764 4915/1514/764
f 4918/1516/764 4917/1520/764 4916/1518/764
f 4917/1520/765 4910/1502/765 4916/1518/765
f 4917/1521/766 4918/1515/766 4919/1511/766
f 4914/1510/767 4919/1508/767 4918/1516/767
f 4914/1510/767 4918/1516/767 4915/1514/767
f 4919/1511/766 4913/1512/766 4920/1513/766
f 4913/1507/763 4919/1508/763 4914/1510/763
f 4917/1521/766 4919/1511/766 4920/1513/766
f 4920/1513/766 4921/1524/766 4909/1522/766
f 4908/1496/768 4921/1495/768 4920/1504/768
f 4912/1506/762 4920/1504/762 4913/1507/762
f 4908/1496/768 4920/1504/768 4912/1506/768
f 4920/1513/766 4909/1522/766 4917/1521/766
f 4909/1500/760 4921/1495/760 4908/1496/760
f 4917/1520/765 4922/1497/765 4910/1502/765
f 4909/1522/766 4922/1523/766 4917/1521/766
f 4910/1502/761 4922/1497/761 4909/1498/761
f 4926/1501/769 4923/1491/769 4924/1492/769
f 4923/1494/770 4927/1495/770 4924/1496/770
f 4928/1497/771 4925/1498/771 4923/1499/771
f 4923/1494/770 4925/1500/770 4927/1495/770
f 4928/1497/771 4923/1499/771 4926/1502/771
f 4930/1518/777 4929/1520/777 4928/1497/777
f 4925/1522/776 4928/1523/776 4929/1521/776
f 4930/1518/777 4928/1497/777 4926/1502/777
f 4931/1517/769 4930/1519/769 4926/1501/769
f 4931/1514/775 4929/1520/775 4930/1518/775
f 4932/1509/769 4931/1517/769 4926/1501/769
f 4934/1508/774 4931/1514/774 4932/1510/774
f 4931/1514/775 4933/1516/775 4929/1520/775
f 4934/1508/774 4933/1516/774 4931/1514/774
f 4934/1511/776 4935/1512/776 4929/1521/776
f 4935/1507/773 4934/1508/773 4932/1510/773
f 4929/1521/776 4933/1515/776 4934/1511/776
f 4935/1512/776 4936/1513/776 4929/1521/776
f 4936/1504/772 4935/1507/772 4937/1505/772
f 4935/1507/773 4932/1510/773 4937/1505/773
f 4924/1492/769 4938/1503/769 4937/1493/769
f 4936/1504/772 4937/1505/772 4938/1506/772
f 4937/1493/769 4932/1509/769 4926/1501/769
f 4926/1501/769 4924/1492/769 4937/1493/769
f 4927/1495/778 4938/1506/778 4924/1496/778
f 4927/1495/778 4936/1504/778 4938/1506/778
f 4936/1513/776 4927/1524/776 4925/1522/776
f 4936/1513/776 4925/1522/776 4929/1521/776
f 4942/1501/779 4939/1491/779 4940/1492/779
f 4941/1500/780 4940/1496/780 4939/1494/780
f 4942/1502/781 4941/1498/781 4939/1499/781
f 4948/1517/779 4943/1519/779 4942/1501/779
f 4945/1520/782 4942/1502/782 4943/1518/782
f 4942/1502/781 4944/1497/781 4941/1498/781
f 4945/1520/782 4944/1497/782 4942/1502/782
f 4942/1501/779 4940/1492/779 4946/1493/779
f 4946/1493/779 4947/1509/779 4942/1501/779
f 4947/1509/779 4948/1517/779 4942/1501/779
f 4950/1508/783 4948/1514/783 4947/1510/783
f 4948/1514/784 4949/1516/784 4945/1520/784
f 4950/1508/783 4949/1516/783 4948/1514/783
f 4948/1514/784 4945/1520/784 4943/1518/784
f 4950/1511/785 4951/1512/785 4945/1521/785
f 4951/1507/786 4950/1508/786 4947/1510/786
f 4945/1521/785 4949/1515/785 4950/1511/785
f 4951/1512/785 4952/1513/785 4945/1521/785
f 4953/1506/787 4952/1504/787 4951/1507/787
f 4951/1507/786 4947/1510/786 4946/1505/786
f 4953/1506/787 4951/1507/787 4946/1505/787
f 4940/1492/779 4953/1503/779 4946/1493/779
f 4954/1495/788 4953/1506/788 4940/1496/788
f 4954/1495/788 4952/1504/788 4953/1506/788
f 4952/1513/785 4954/1524/785 4941/1522/785
f 4941/1500/780 4954/1495/780 4940/1496/780
f 4952/1513/785 4941/1522/785 4945/1521/785
f 4941/1522/785 4944/1523/785 4945/1521/785
f 4958/1501/789 4955/1491/789 4956/1492/789
f 4955/1494/790 4959/1495/790 4956/1496/790
f 4960/1497/791 4957/1498/791 4955/1499/791
f 4955/1494/790 4957/1500/790 4959/1495/790
f 4960/1497/791 4955/1499/791 4958/1502/791
f 4962/1518/792 4961/1520/792 4960/1497/792
f 4957/1522/796 4960/1523/796 4961/1521/796
f 4962/1518/792 4960/1497/792 4958/1502/792
f 4963/1517/800 4962/1519/800 4958/1501/800
f 4963/1514/794 4961/1520/794 4962/1518/794
f 4964/1509/800 4963/1517/800 4958/1501/800
f 4966/1508/795 4963/1514/795 4964/1510/795
f 4963/1514/794 4965/1516/794 4961/1520/794
f 4966/1508/795 4965/1516/795 4963/1514/795
f 4966/1511/793 4967/1512/793 4969/1513/793
f 4968/1505/797 4967/1507/797 4966/1508/797
f 4968/1505/797 4966/1508/797 4964/1510/797
f 4961/1521/793 4965/1515/793 4966/1511/793
f 4957/1522/793 4961/1521/793 4966/1511/793
f 4969/1513/793 4957/1522/793 4966/1511/793
f 4969/1513/793 4959/1524/793 4957/1522/793
f 4959/1495/798 4969/1504/798 4970/1506/798
f 4969/1504/799 4968/1505/799 4970/1506/799
f 4969/1504/799 4967/1507/799 4968/1505/799
f 4956/1492/789 4970/1503/789 4958/1501/789
f 4959/1495/798 4970/1506/798 4956/1496/798
f 4970/1503/789 4968/1493/789 4958/1501/789
f 4968/1493/800 4964/1509/800 4958/1501/800
f 4971/1491/801 4972/1492/801 4977/1493/801
f 4971/1494/802 4975/1495/802 4972/1496/802
f 4976/1497/803 4973/1498/803 4971/1499/803
f 4971/1494/802 4973/1500/802 4975/1495/802
f 4974/1501/801 4971/1491/801 4977/1493/801
f 4976/1497/803 4971/1499/803 4974/1502/803
f 4972/1492/801 4978/1503/801 4977/1493/801
f 4981/1504/808 4977/1505/808 4978/1506/808
f 4977/1505/809 4979/1507/809 4982/1508/809
f 4981/1504/808 4979/1507/808 4977/1505/808
f 4977/1493/801 4980/1509/801 4974/1501/801
f 4977/1505/809 4982/1508/809 4980/1510/809
f 4982/1511/805 4979/1512/805 4985/1521/805
f 4982/1508/807 4984/1514/807 4980/1510/807
f 4985/1521/805 4983/1515/805 4982/1511/805
f 4982/1508/807 4983/1516/807 4984/1514/807
f 4984/1514/806 4983/1516/806 4985/1520/806
f 4986/1518/804 4985/1520/804 4976/1497/804
f 4984/1514/806 4985/1520/806 4986/1518/806
f 4973/1522/805 4976/1523/805 4985/1521/805
f 4981/1513/805 4973/1522/805 4985/1521/805
f 4979/1512/805 4981/1513/805 4985/1521/805
f 4984/1517/801 4986/1519/801 4974/1501/801
f 4986/1518/804 4976/1497/804 4974/1502/804
f 4980/1509/801 4984/1517/801 4974/1501/801
f 4981/1513/805 4975/1524/805 4973/1522/805
f 4975/1495/810 4981/1504/810 4978/1506/810
f 4975/1495/810 4978/1506/810 4972/1496/810
f 4990/1490/724 4988/1490/724 4987/1490/724
f 4991/1490/723 4987/1490/723 4988/1490/723
f 4991/1490/723 4989/1490/723 4987/1490/723
f 4989/1490/722 4990/1490/722 4987/1490/722
f 4992/1490/722 4991/1490/722 4988/1490/722
f 4996/1490/726 4991/1490/726 4992/1490/726
f 4995/1490/726 4989/1490/726 4991/1490/726
f 4996/1490/726 4993/1490/726 4991/1490/726
f 4993/1490/723 4994/1490/723 4991/1490/723
f 4997/1490/722 4991/1490/722 4994/1490/722
f 4997/1490/722 4995/1490/722 4991/1490/722
f 4998/1490/727 4995/1490/727 4997/1490/727
f 4999/1490/726 4998/1490/726 4997/1490/726
f 4999/1490/726 4997/1490/726 4994/1490/726
f 4993/1490/723 4999/1490/723 4994/1490/723
f 5000/1490/725 4999/1490/725 4993/1490/725
f 5000/1490/725 4998/1490/725 4999/1490/725
f 4998/1490/727 5000/1490/727 4995/1490/727
f 5000/1490/726 5004/1490/726 4995/1490/726
f 5000/1490/726 5001/1490/726 5004/1490/726
f 5003/1490/725 5001/1490/725 5000/1490/725
f 5002/1490/726 5000/1490/726 4993/1490/726
f 5005/1490/727 5000/1490/727 5002/1490/727
f 5005/1490/727 5003/1490/727 5000/1490/727
f 5006/1490/725 5005/1490/725 5002/1490/725
f 5003/1490/724 5005/1490/724 5006/1490/724
f 5007/1490/723 5006/1490/723 5008/1490/723
f 5003/1490/724 5006/1490/724 5007/1490/724
f 5006/1490/725 5002/1490/725 5008/1490/725
f 5002/1490/726 4993/1490/726 5008/1490/726
f 5007/1490/723 5008/1490/723 4993/1490/723
f 5009/1490/723 5007/1490/723 4988/1490/723
f 5012/1490/725 5007/1490/725 5009/1490/725
f 5007/1490/724 5011/1490/724 4988/1490/724
f 5010/1490/725 5007/1490/725 4993/1490/725
f 5007/1490/724 5010/1490/724 5011/1490/724
f 5012/1490/725 5003/1490/725 5007/1490/725
f 5003/1490/727 5012/1490/727 5013/1490/727
f 5014/1490/724 5013/1490/724 5012/1490/724
f 5014/1490/724 5012/1490/724 5009/1490/724
f 5015/1490/722 5014/1490/722 4988/1490/722
f 5009/1490/723 4988/1490/723 5014/1490/723
f 5015/1490/722 5013/1490/722 5014/1490/722
f 4995/1490/722 5016/1490/722 5015/1490/722
f 5017/1490/724 5015/1490/724 5016/1490/724
f 5017/1490/724 5003/1490/724 5015/1490/724
f 5003/1490/727 5013/1490/727 5015/1490/727
f 4990/1490/724 5015/1490/724 4988/1490/724
f 5018/1490/727 5015/1490/727 4990/1490/727
f 5018/1490/727 4995/1490/727 5015/1490/727
f 4989/1490/722 5018/1490/722 4990/1490/722
f 4995/1490/726 5018/1490/726 4989/1490/726
f 5004/1490/727 5017/1490/727 5016/1490/727
f 5003/1490/725 5017/1490/725 5001/1490/725
f 5004/1490/727 5001/1490/727 5017/1490/727
f 4995/1490/722 5004/1490/722 5016/1490/722
f 4992/1490/722 4988/1490/722 5011/1490/722
f 5010/1490/723 4992/1490/723 5011/1490/723
f 5010/1490/723 4996/1490/723 4992/1490/723
f 5010/1490/725 4993/1490/725 4996/1490/725
f 5022/1490/724 5020/1490/724 5019/1490/724
f 5023/1490/723 5019/1490/723 5020/1490/723
f 5023/1490/723 5021/1490/723 5019/1490/723
f 5021/1490/722 5022/1490/722 5019/1490/722
f 5024/1490/722 5023/1490/722 5020/1490/722
f 5028/1490/726 5023/1490/726 5024/1490/726
f 5027/1490/726 5021/1490/726 5023/1490/726
f 5028/1490/726 5025/1490/726 5023/1490/726
f 5025/1490/723 5026/1490/723 5023/1490/723
f 5029/1490/722 5023/1490/722 5026/1490/722
f 5029/1490/722 5027/1490/722 5023/1490/722
f 5030/1490/727 5027/1490/727 5029/1490/727
f 5031/1490/726 5030/1490/726 5029/1490/726
f 5031/1490/726 5029/1490/726 5026/1490/726
f 5025/1490/723 5031/1490/723 5026/1490/723
f 5032/1490/725 5031/1490/725 5025/1490/725
f 5032/1490/725 5030/1490/725 5031/1490/725
f 5030/1490/727 5032/1490/727 5027/1490/727
f 5032/1490/726 5036/1490/726 5027/1490/726
f 5032/1490/726 5033/1490/726 5036/1490/726
f 5035/1490/725 5033/1490/725 5032/1490/725
f 5034/1490/726 5032/1490/726 5025/1490/726
f 5037/1490/727 5032/1490/727 5034/1490/727
f 5037/1490/727 5035/1490/727 5032/1490/727
f 5038/1490/725 5037/1490/725 5034/1490/725
f 5035/1490/724 5037/1490/724 5038/1490/724
f 5039/1490/723 5038/1490/723 5040/1490/723
f 5035/1490/724 5038/1490/724 5039/1490/724
f 5038/1490/725 5034/1490/725 5040/1490/725
f 5034/1490/726 5025/1490/726 5040/1490/726
f 5039/1490/723 5040/1490/723 5025/1490/723
f 5041/1490/723 5039/1490/723 5020/1490/723
f 5044/1490/725 5039/1490/725 5041/1490/725
f 5039/1490/724 5043/1490/724 5020/1490/724
f 5042/1490/725 5039/1490/725 5025/1490/725
f 5039/1490/724 5042/1490/724 5043/1490/724
f 5044/1490/725 5035/1490/725 5039/1490/725
f 5035/1490/727 5044/1490/727 5045/1490/727
f 5046/1490/724 5045/1490/724 5044/1490/724
f 5046/1490/724 5044/1490/724 5041/1490/724
f 5047/1490/722 5046/1490/722 5020/1490/722
f 5041/1490/723 5020/1490/723 5046/1490/723
f 5047/1490/722 5045/1490/722 5046/1490/722
f 5027/1490/722 5048/1490/722 5047/1490/722
f 5049/1490/724 5047/1490/724 5048/1490/724
f 5049/1490/724 5035/1490/724 5047/1490/724
f 5035/1490/727 5045/1490/727 5047/1490/727
f 5022/1490/724 5047/1490/724 5020/1490/724
f 5050/1490/727 5047/1490/727 5022/1490/727
f 5050/1490/727 5027/1490/727 5047/1490/727
f 5021/1490/722 5050/1490/722 5022/1490/722
f 5027/1490/726 5050/1490/726 5021/1490/726
f 5036/1490/727 5049/1490/727 5048/1490/727
f 5035/1490/725 5049/1490/725 5033/1490/725
f 5036/1490/727 5033/1490/727 5049/1490/727
f 5027/1490/722 5036/1490/722 5048/1490/722
f 5024/1490/722 5020/1490/722 5043/1490/722
f 5042/1490/723 5024/1490/723 5043/1490/723
f 5042/1490/723 5028/1490/723 5024/1490/723
f 5042/1490/725 5025/1490/725 5028/1490/725
f 5054/1490/724 5052/1490/724 5051/1490/724
f 5055/1490/723 5051/1490/723 5052/1490/723
f 5055/1490/723 5053/1490/723 5051/1490/723
f 5053/1490/722 5054/1490/722 5051/1490/722
f 5056/1490/722 5055/1490/722 5052/1490/722
f 5060/1490/726 5055/1490/726 5056/1490/726
f 5059/1490/726 5053/1490/726 5055/1490/726
f 5060/1490/726 5057/1490/726 5055/1490/726
f 5057/1490/723 5058/1490/723 5055/1490/723
f 5058/1490/722 5059/1490/722 5055/1490/722
f 5061/1490/725 5057/1490/725 5060/1490/725
f 5061/1490/723 5060/1490/723 5056/1490/723
f 5061/1490/725 5062/1490/725 5057/1490/725
f 5062/1490/724 5061/1490/724 5063/1490/724
f 5061/1490/723 5056/1490/723 5063/1490/723
f 5062/1490/724 5063/1490/724 5052/1490/724
f 5056/1490/722 5052/1490/722 5063/1490/722
f 5064/1490/723 5062/1490/723 5052/1490/723
f 5068/1490/725 5062/1490/725 5064/1490/725
f 5062/1490/723 5067/1490/723 5057/1490/723
f 5062/1490/723 5065/1490/723 5067/1490/723
f 5062/1490/724 5069/1490/724 5065/1490/724
f 5062/1490/724 5066/1490/724 5069/1490/724
f 5068/1490/725 5066/1490/725 5062/1490/725
f 5065/1490/725 5069/1490/725 5070/1490/725
f 5069/1490/727 5071/1490/727 5070/1490/727
f 5069/1490/727 5066/1490/727 5071/1490/727
f 5071/1490/725 5072/1490/725 5075/1490/725
f 5072/1490/727 5071/1490/727 5059/1490/727
f 5071/1490/726 5074/1490/726 5059/1490/726
f 5071/1490/726 5073/1490/726 5074/1490/726
f 5066/1490/725 5073/1490/725 5071/1490/725
f 5070/1490/726 5071/1490/726 5057/1490/726
f 5071/1490/725 5075/1490/725 5057/1490/725
f 5057/1490/723 5075/1490/723 5058/1490/723
f 5075/1490/726 5076/1490/726 5058/1490/726
f 5075/1490/726 5072/1490/726 5076/1490/726
f 5058/1490/722 5076/1490/722 5059/1490/722
f 5072/1490/727 5059/1490/727 5076/1490/727
f 5059/1490/722 5074/1490/722 5077/1490/722
f 5074/1490/727 5078/1490/727 5077/1490/727
f 5074/1490/727 5073/1490/727 5078/1490/727
f 5077/1490/724 5078/1490/724 5066/1490/724
f 5066/1490/725 5078/1490/725 5073/1490/725
f 5059/1490/722 5077/1490/722 5079/1490/722
f 5077/1490/724 5066/1490/724 5079/1490/724
f 5066/1490/727 5080/1490/727 5079/1490/727
f 5079/1490/722 5080/1490/722 5082/1490/722
f 5054/1490/724 5079/1490/724 5052/1490/724
f 5081/1490/727 5079/1490/727 5054/1490/727
f 5081/1490/727 5059/1490/727 5079/1490/727
f 5079/1490/722 5082/1490/722 5052/1490/722
f 5064/1490/723 5052/1490/723 5082/1490/723
f 5082/1490/724 5068/1490/724 5064/1490/724
f 5082/1490/724 5080/1490/724 5068/1490/724
f 5053/1490/722 5081/1490/722 5054/1490/722
f 5059/1490/726 5081/1490/726 5053/1490/726
f 5066/1490/727 5068/1490/727 5080/1490/727
f 5065/1490/725 5070/1490/725 5067/1490/725
f 5070/1490/726 5057/1490/726 5067/1490/726
f 5086/1490/724 5084/1490/724 5083/1490/724
f 5087/1490/723 5083/1490/723 5084/1490/723
f 5087/1490/723 5085/1490/723 5083/1490/723
f 5085/1490/722 5086/1490/722 5083/1490/722
f 5088/1490/722 5087/1490/722 5084/1490/722
f 5088/1490/726 5089/1490/726 5087/1490/726
f 5091/1490/726 5085/1490/726 5087/1490/726
f 5089/1490/723 5090/1490/723 5087/1490/723
f 5092/1490/722 5087/1490/722 5090/1490/722
f 5092/1490/722 5091/1490/722 5087/1490/722
f 5093/1490/727 5091/1490/727 5092/1490/727
f 5094/1490/726 5093/1490/726 5092/1490/726
f 5094/1490/726 5092/1490/726 5090/1490/726
f 5089/1490/723 5094/1490/723 5090/1490/723
f 5095/1490/725 5094/1490/725 5089/1490/725
f 5095/1490/725 5093/1490/725 5094/1490/725
f 5093/1490/727 5095/1490/727 5091/1490/727
f 5091/1490/726 5095/1490/726 5096/1490/726
f 5098/1490/725 5096/1490/725 5095/1490/725
f 5097/1490/726 5095/1490/726 5089/1490/726
f 5099/1490/727 5095/1490/727 5097/1490/727
f 5099/1490/727 5098/1490/727 5095/1490/727
f 5100/1490/725 5099/1490/725 5097/1490/725
f 5098/1490/724 5099/1490/724 5100/1490/724
f 5101/1490/723 5100/1490/723 5102/1490/723
f 5098/1490/724 5100/1490/724 5101/1490/724
f 5100/1490/725 5097/1490/725 5102/1490/725
f 5097/1490/726 5089/1490/726 5102/1490/726
f 5101/1490/723 5102/1490/723 5089/1490/723
f 5103/1490/723 5101/1490/723 5084/1490/723
f 5105/1490/725 5101/1490/725 5103/1490/725
f 5084/1490/724 5101/1490/724 5104/1490/724
f 5104/1490/725 5101/1490/725 5089/1490/725
f 5105/1490/725 5098/1490/725 5101/1490/725
f 5098/1490/727 5105/1490/727 5106/1490/727
f 5107/1490/724 5106/1490/724 5105/1490/724
f 5107/1490/724 5105/1490/724 5103/1490/724
f 5108/1490/722 5107/1490/722 5084/1490/722
f 5103/1490/723 5084/1490/723 5107/1490/723
f 5108/1490/722 5106/1490/722 5107/1490/722
f 5091/1490/722 5109/1490/722 5108/1490/722
f 5109/1490/724 5098/1490/724 5108/1490/724
f 5098/1490/727 5106/1490/727 5108/1490/727
f 5086/1490/724 5108/1490/724 5084/1490/724
f 5110/1490/727 5108/1490/727 5086/1490/727
f 5110/1490/727 5091/1490/727 5108/1490/727
f 5085/1490/722 5110/1490/722 5086/1490/722
f 5091/1490/726 5110/1490/726 5085/1490/726
f 5109/1490/724 5111/1490/724 5098/1490/724
f 5112/1490/727 5111/1490/727 5109/1490/727
f 5091/1490/722 5112/1490/722 5109/1490/722
f 5091/1490/726 5096/1490/726 5112/1490/726
f 5112/1490/727 5096/1490/727 5111/1490/727
f 5098/1490/725 5111/1490/725 5096/1490/725
f 5104/1490/723 5088/1490/723 5113/1490/723
f 5084/1490/724 5104/1490/724 5113/1490/724
f 5104/1490/723 5114/1490/723 5088/1490/723
f 5104/1490/725 5089/1490/725 5114/1490/725
f 5088/1490/726 5114/1490/726 5089/1490/726
f 5088/1490/722 5084/1490/722 5113/1490/722
usemtl HullDark
f 5119/1490/722 5116/1490/722 5115/1490/722
f 5122/1490/724 5115/1490/724 5116/1490/724
f 5115/1490/722 5117/1490/722 5120/1490/722
f 5118/1490/723 5117/1490/723 5115/1490/723
f 5122/1490/724 5118/1490/724 5115/1490/724
f 5121/1490/722 5119/1490/722 5115/1490/722
f 5120/1490/722 5121/1490/722 5115/1490/722
f 5118/1490/725 5122/1490/725 5123/1490/725
f 5123/1490/812 5122/1490/812 5116/1490/812
f 5124/1490/813 5123/1490/813 5119/1490/813
f 5123/1490/725 5124/1490/725 5118/1490/725
f 5123/1490/812 5116/1490/812 5119/1490/812
f 5125/1490/814 5124/1490/814 5121/1490/814
f 5124/1490/725 5125/1490/725 5118/1490/725
f 5124/1490/813 5119/1490/813 5121/1490/813
f 5126/1490/815 5125/1490/815 5120/1490/815
f 5127/1490/725 5125/1490/725 5126/1490/725
f 5125/1490/814 5121/1490/814 5120/1490/814
f 5127/1490/725 5118/1490/725 5125/1490/725
f 5118/1490/723 5127/1490/723 5117/1490/723
f 5127/1490/726 5128/1490/726 5132/1490/726
f 5131/1490/725 5128/1490/725 5127/1490/725
f 5127/1490/726 5132/1490/726 5117/1490/726
f 5126/1490/725 5129/1490/725 5127/1490/725
f 5129/1490/725 5130/1490/725 5127/1490/725
f 5130/1490/725 5131/1490/725 5127/1490/725
f 5117/1490/722 5132/1490/722 5133/1490/722
f 5128/1490/816 5133/1490/816 5132/1490/816
f 5134/1490/722 5117/1490/722 5133/1490/722
f 5131/1490/817 5134/1490/817 5133/1490/817
f 5128/1490/816 5131/1490/816 5133/1490/816
f 5134/1490/722 5135/1490/722 5117/1490/722
f 5130/1490/818 5135/1490/818 5134/1490/818
f 5131/1490/817 5130/1490/817 5134/1490/817
f 5135/1490/722 5136/1490/722 5117/1490/722
f 5129/1490/819 5136/1490/819 5135/1490/819
f 5130/1490/818 5129/1490/818 5135/1490/818
f 5136/1490/722 5120/1490/722 5117/1490/722
f 5126/1490/815 5120/1490/815 5136/1490/815
f 5129/1490/819 5126/1490/819 5136/1490/819
f 5172/1490/724 5170/1490/724 5169/1490/724
f 5170/1490/723 5171/1490/723 5169/1490/723
f 5171/1490/722 5172/1490/722 5169/1490/722
f 5172/1490/724 5173/1490/724 5170/1490/724
f 5174/1490/727 5173/1490/727 5172/1490/727
f 5171/1490/722 5174/1490/722 5172/1490/722
f 5175/1490/726 5174/1490/726 5171/1490/726
f 5174/1490/727 5175/1490/727 5173/1490/727
f 5173/1490/722 5175/1490/722 5176/1490/722
f 5178/1490/726 5176/1490/726 5175/1490/726
f 5177/1490/722 5175/1490/722 5179/1490/722
f 5180/1490/727 5175/1490/727 5177/1490/727
f 5180/1490/727 5178/1490/727 5175/1490/727
f 5175/1490/726 5171/1490/726 5179/1490/726
f 5181/1490/726 5180/1490/726 5177/1490/726
f 5178/1490/725 5180/1490/725 5181/1490/725
f 5182/1490/723 5181/1490/723 5183/1490/723
f 5178/1490/725 5181/1490/725 5182/1490/725
f 5181/1490/726 5177/1490/726 5183/1490/726
f 5177/1490/722 5179/1490/722 5183/1490/722
f 5182/1490/723 5183/1490/723 5179/1490/723
f 5184/1490/726 5182/1490/726 5179/1490/726
f 5184/1490/725 5185/1490/725 5182/1490/725
f 5185/1490/723 5186/1490/723 5182/1490/723
f 5187/1490/726 5182/1490/726 5186/1490/726
f 5187/1490/726 5178/1490/726 5182/1490/726
f 5187/1490/727 5189/1490/727 5178/1490/727
f 5190/1490/725 5188/1490/725 5187/1490/725
f 5187/1490/727 5188/1490/727 5189/1490/727
f 5190/1490/725 5187/1490/725 5186/1490/725
f 5185/1490/723 5190/1490/723 5186/1490/723
f 5189/1490/724 5190/1490/724 5185/1490/724
f 5189/1490/724 5188/1490/724 5190/1490/724
f 5189/1490/725 5191/1490/725 5194/1490/725
f 5191/1490/724 5189/1490/724 5173/1490/724
f 5189/1490/727 5193/1490/727 5173/1490/727
f 5192/1490/725 5189/1490/725 5185/1490/725
f 5189/1490/727 5192/1490/727 5193/1490/727
f 5189/1490/725 5194/1490/725 5178/1490/725
f 5178/1490/726 5194/1490/726 5176/1490/726
f 5176/1490/727 5194/1490/727 5191/1490/727
f 5173/1490/722 5193/1490/722 5195/1490/722
f 5195/1490/724 5193/1490/724 5192/1490/724
f 5173/1490/722 5195/1490/722 5170/1490/722
f 5196/1490/723 5170/1490/723 5195/1490/723
f 5195/1490/724 5192/1490/724 5196/1490/724
f 5196/1490/723 5185/1490/723 5170/1490/723
f 5192/1490/725 5185/1490/725 5196/1490/725
f 5176/1490/727 5191/1490/727 5197/1490/727
f 5191/1490/724 5173/1490/724 5197/1490/724
f 5173/1490/722 5176/1490/722 5197/1490/722
f 5185/1490/724 5199/1490/724 5170/1490/724
f 5184/1490/725 5198/1490/725 5185/1490/725
f 5185/1490/724 5198/1490/724 5199/1490/724
f 5200/1490/722 5170/1490/722 5199/1490/722
f 5198/1490/723 5200/1490/723 5199/1490/723
f 5200/1490/722 5179/1490/722 5170/1490/722
f 5184/1490/726 5179/1490/726 5200/1490/726
f 5198/1490/723 5184/1490/723 5200/1490/723
f 5170/1490/723 5179/1490/723 5171/1490/723
f 5236/1490/724 5234/1490/724 5233/1490/724
f 5237/1490/723 5233/1490/723 5234/1490/723
f 5237/1490/723 5235/1490/723 5233/1490/723
f 5235/1490/722 5236/1490/722 5233/1490/722
f 5238/1490/722 5237/1490/722 5234/1490/722
f 5242/1490/726 5237/1490/726 5238/1490/726
f 5241/1490/726 5235/1490/726 5237/1490/726
f 5242/1490/726 5239/1490/726 5237/1490/726
f 5239/1490/723 5240/1490/723 5237/1490/723
f 5243/1490/722 5237/1490/722 5240/1490/722
f 5243/1490/722 5241/1490/722 5237/1490/722
f 5244/1490/727 5241/1490/727 5243/1490/727
f 5245/1490/726 5244/1490/726 5243/1490/726
f 5245/1490/726 5243/1490/726 5240/1490/726
f 5239/1490/723 5245/1490/723 5240/1490/723
f 5246/1490/725 5245/1490/725 5239/1490/725
f 5246/1490/725 5244/1490/725 5245/1490/725
f 5244/1490/727 5246/1490/727 5241/1490/727
f 5246/1490/726 5250/1490/726 5241/1490/726
f 5246/1490/726 5247/1490/726 5250/1490/726
f 5249/1490/725 5247/1490/725 5246/1490/725
f 5248/1490/726 5246/1490/726 5239/1490/726
f 5251/1490/727 5246/1490/727 5248/1490/727
f 5251/1490/727 5249/1490/727 5246/1490/727
f 5252/1490/725 5251/1490/725 5248/1490/725
f 5249/1490/724 5251/1490/724 5252/1490/724
f 5253/1490/723 5252/1490/723 5254/1490/723
f 5249/1490/724 5252/1490/724 5253/1490/724
f 5252/1490/725 5248/1490/725 5254/1490/725
f 5248/1490/726 5239/1490/726 5254/1490/726
f 5253/1490/723 5254/1490/723 5239/1490/723
f 5255/1490/723 5253/1490/723 5234/1490/723
f 5258/1490/725 5253/1490/725 5255/1490/725
f 5253/1490/724 5257/1490/724 5234/1490/724
f 5256/1490/725 5253/1490/725 5239/1490/725
f 5253/1490/724 5256/1490/724 5257/1490/724
f 5258/1490/725 5249/1490/725 5253/1490/725
f 5249/1490/727 5258/1490/727 5259/1490/727
f 5260/1490/724 5259/1490/724 5258/1490/724
f 5260/1490/724 5258/1490/724 5255/1490/724
f 5261/1490/722 5260/1490/722 5234/1490/722
f 5255/1490/723 5234/1490/723 5260/1490/723
f 5261/1490/722 5259/1490/722 5260/1490/722
f 5241/1490/722 5262/1490/722 5261/1490/722
f 5263/1490/724 5261/1490/724 5262/1490/724
f 5263/1490/724 5249/1490/724 5261/1490/724
f 5249/1490/727 5259/1490/727 5261/1490/727
f 5236/1490/724 5261/1490/724 5234/1490/724
f 5264/1490/727 5261/1490/727 5236/1490/727
f 5264/1490/727 5241/1490/727 5261/1490/727
f 5235/1490/722 5264/1490/722 5236/1490/722
f 5241/1490/726 5264/1490/726 5235/1490/726
f 5250/1490/727 5263/1490/727 5262/1490/727
f 5249/1490/725 5263/1490/725 5247/1490/725
f 5250/1490/727 5247/1490/727 5263/1490/727
f 5241/1490/722 5250/1490/722 5262/1490/722
f 5238/1490/722 5234/1490/722 5257/1490/722
f 5256/1490/723 5238/1490/723 5257/1490/723
f 5256/1490/723 5242/1490/723 5238/1490/723
f 5256/1490/725 5239/1490/725 5242/1490/725
f 5300/1490/724 5298/1490/724 5297/1490/724
f 5301/1490/723 5297/1490/723 5298/1490/723
f 5301/1490/723 5299/1490/723 5297/1490/723
f 5299/1490/722 5300/1490/722 5297/1490/722
f 5302/1490/722 5301/1490/722 5298/1490/722
f 5306/1490/726 5301/1490/726 5302/1490/726
f 5305/1490/726 5299/1490/726 5301/1490/726
f 5306/1490/726 5303/1490/726 5301/1490/726
f 5303/1490/723 5304/1490/723 5301/1490/723
f 5307/1490/722 5301/1490/722 5304/1490/722
f 5307/1490/722 5305/1490/722 5301/1490/722
f 5308/1490/727 5305/1490/727 5307/1490/727
f 5309/1490/726 5308/1490/726 5307/1490/726
f 5309/1490/726 5307/1490/726 5304/1490/726
f 5303/1490/723 5309/1490/723 5304/1490/723
f 5310/1490/725 5309/1490/725 5303/1490/725
f 5310/1490/725 5308/1490/725 5309/1490/725
f 5308/1490/727 5310/1490/727 5305/1490/727
f 5310/1490/726 5314/1490/726 5305/1490/726
f 5310/1490/726 5311/1490/726 5314/1490/726
f 5313/1490/725 5311/1490/725 5310/1490/725
f 5312/1490/726 5310/1490/726 5303/1490/726
f 5315/1490/727 5310/1490/727 5312/1490/727
f 5315/1490/727 5313/1490/727 5310/1490/727
f 5316/1490/725 5315/1490/725 5312/1490/725
f 5313/1490/724 5315/1490/724 5316/1490/724
f 5317/1490/723 5316/1490/723 5318/1490/723
f 5313/1490/724 5316/1490/724 5317/1490/724
f 5316/1490/725 5312/1490/725 5318/1490/725
f 5312/1490/726 5303/1490/726 5318/1490/726
f 5317/1490/723 5318/1490/723 5303/1490/723
f 5319/1490/723 5317/1490/723 5298/1490/723
f 5322/1490/725 5317/1490/725 5319/1490/725
f 5317/1490/724 5321/1490/724 5298/1490/724
f 5320/1490/725 5317/1490/725 5303/1490/725
f 5317/1490/724 5320/1490/724 5321/1490/724
f 5322/1490/725 5313/1490/725 5317/1490/725
f 5313/1490/727 5322/1490/727 5323/1490/727
f 5324/1490/724 5323/1490/724 5322/1490/724
f 5324/1490/724 5322/1490/724 5319/1490/724
f 5325/1490/722 5324/1490/722 5298/1490/722
f 5319/1490/723 5298/1490/723 5324/1490/723
f 5325/1490/722 5323/1490/722 5324/1490/722
f 5305/1490/722 5326/1490/722 5325/1490/722
f 5327/1490/724 5325/1490/724 5326/1490/724
f 5327/1490/724 5313/1490/724 5325/1490/724
f 5313/1490/727 5323/1490/727 5325/1490/727
f 5300/1490/724 5325/1490/724 5298/1490/724
f 5328/1490/727 5325/1490/727 5300/1490/727
f 5328/1490/727 5305/1490/727 5325/1490/727
f 5299/1490/722 5328/1490/722 5300/1490/722
f 5305/1490/726 5328/1490/726 5299/1490/726
f 5314/1490/727 5327/1490/727 5326/1490/727
f 5313/1490/725 5327/1490/725 5311/1490/725
f 5314/1490/727 5311/1490/727 5327/1490/727
f 5305/1490/722 5314/1490/722 5326/1490/722
f 5302/1490/722 5298/1490/722 5321/1490/722
f 5320/1490/723 5302/1490/723 5321/1490/723
f 5320/1490/723 5306/1490/723 5302/1490/723
f 5320/1490/725 5303/1490/725 5306/1490/725
usemtl Hull
f 5140/1490/724 5138/1490/724 5137/1490/724
f 5141/1490/723 5137/1490/723 5138/1490/723
f 5141/1490/723 5139/1490/723 5137/1490/723
f 5139/1490/722 5140/1490/722 5137/1490/722
f 5142/1490/722 5141/1490/722 5138/1490/722
f 5146/1490/726 5141/1490/726 5142/1490/726
f 5145/1490/726 5139/1490/726 5141/1490/726
f 5146/1490/726 5143/1490/726 5141/1490/726
f 5143/1490/723 5144/1490/723 5141/1490/723
f 5147/1490/722 5141/1490/722 5144/1490/722
f 5147/1490/722 5145/1490/722 5141/1490/722
f 5148/1490/727 5145/1490/727 5147/1490/727
f 5149/1490/726 5148/1490/726 5147/1490/726
f 5149/1490/726 5147/1490/726 5144/1490/726
f 5143/1490/723 5149/1490/723 5144/1490/723
f 5150/1490/725 5149/1490/725 5143/1490/725
f 5150/1490/725 5148/1490/725 5149/1490/725
f 5148/1490/727 5150/1490/727 5145/1490/727
f 5150/1490/726 5154/1490/726 5145/1490/726
f 5150/1490/726 5151/1490/726 5154/1490/726
f 5153/1490/725 5151/1490/725 5150/1490/725
f 5152/1490/726 5150/1490/726 5143/1490/726
f 5155/1490/727 5150/1490/727 5152/1490/727
f 5155/1490/727 5153/1490/727 5150/1490/727
f 5156/1490/725 5155/1490/725 5152/1490/725
f 5153/1490/724 5155/1490/724 5156/1490/724
f 5157/1490/723 5156/1490/723 5158/1490/723
f 5153/1490/724 5156/1490/724 5157/1490/724
f 5156/1490/725 5152/1490/725 5158/1490/725
f 5152/1490/726 5143/1490/726 5158/1490/726
f 5157/1490/723 5158/1490/723 5143/1490/723
f 5159/1490/723 5157/1490/723 5138/1490/723
f 5162/1490/725 5157/1490/725 5159/1490/725
f 5157/1490/724 5161/1490/724 5138/1490/724
f 5160/1490/725 5157/1490/725 5143/1490/725
f 5157/1490/724 5160/1490/724 5161/1490/724
f 5162/1490/725 5153/1490/725 5157/1490/725
f 5153/1490/727 5162/1490/727 5163/1490/727
f 5164/1490/724 5163/1490/724 5162/1490/724
f 5164/1490/724 5162/1490/724 5159/1490/724
f 5165/1490/722 5164/1490/722 5138/1490/722
f 5159/1490/723 5138/1490/723 5164/1490/723
f 5165/1490/722 5163/1490/722 5164/1490/722
f 5145/1490/722 5166/1490/722 5165/1490/722
f 5167/1490/724 5165/1490/724 5166/1490/724
f 5167/1490/724 5153/1490/724 5165/1490/724
f 5153/1490/727 5163/1490/727 5165/1490/727
f 5140/1490/724 5165/1490/724 5138/1490/724
f 5168/1490/727 5165/1490/727 5140/1490/727
f 5168/1490/727 5145/1490/727 5165/1490/727
f 5139/1490/722 5168/1490/722 5140/1490/722
f 5145/1490/726 5168/1490/726 5139/1490/726
f 5154/1490/727 5167/1490/727 5166/1490/727
f 5153/1490/725 5167/1490/725 5151/1490/725
f 5154/1490/727 5151/1490/727 5167/1490/727
f 5145/1490/722 5154/1490/722 5166/1490/722
f 5142/1490/722 5138/1490/722 5161/1490/722
f 5160/1490/723 5142/1490/723 5161/1490/723
f 5160/1490/723 5146/1490/723 5142/1490/723
f 5160/1490/725 5143/1490/725 5146/1490/725
f 5204/1490/724 5202/1490/724 5201/1490/724
f 5205/1490/723 5201/1490/723 5202/1490/723
f 5205/1490/723 5203/1490/723 5201/1490/723
f 5203/1490/722 5204/1490/722 5201/1490/722
f 5206/1490/722 5205/1490/722 5202/1490/722
f 5210/1490/726 5205/1490/726 5206/1490/726
f 5209/1490/726 5203/1490/726 5205/1490/726
f 5210/1490/726 5207/1490/726 5205/1490/726
f 5207/1490/723 5208/1490/723 5205/1490/723
f 5211/1490/722 5205/1490/722 5208/1490/722
f 5211/1490/722 5209/1490/722 5205/1490/722
f 5212/1490/727 5209/1490/727 5211/1490/727
f 5213/1490/726 5212/1490/726 5211/1490/726
f 5213/1490/726 5211/1490/726 5208/1490/726
f 5207/1490/723 5213/1490/723 5208/1490/723
f 5214/1490/725 5213/1490/725 5207/1490/725
f 5214/1490/725 5212/1490/725 5213/1490/725
f 5212/1490/727 5214/1490/727 5209/1490/727
f 5214/1490/726 5218/1490/726 5209/1490/726
f 5214/1490/726 5215/1490/726 5218/1490/726
f 5217/1490/725 5215/1490/725 5214/1490/725
f 5216/1490/726 5214/1490/726 5207/1490/726
f 5219/1490/727 5214/1490/727 5216/1490/727
f 5219/1490/727 5217/1490/727 5214/1490/727
f 5220/1490/725 5219/1490/725 5216/1490/725
f 5217/1490/724 5219/1490/724 5220/1490/724
f 5221/1490/723 5220/1490/723 5222/1490/723
f 5217/1490/724 5220/1490/724 5221/1490/724
f 5220/1490/725 5216/1490/725 5222/1490/725
f 5216/1490/726 5207/1490/726 5222/1490/726
f 5221/1490/723 5222/1490/723 5207/1490/723
f 5223/1490/723 5221/1490/723 5202/1490/723
f 5226/1490/725 5221/1490/725 5223/1490/725
f 5221/1490/724 5225/1490/724 5202/1490/724
f 5224/1490/725 5221/1490/725 5207/1490/725
f 5221/1490/724 5224/1490/724 5225/1490/724
f 5226/1490/725 5217/1490/725 5221/1490/725
f 5217/1490/727 5226/1490/727 5227/1490/727
f 5228/1490/724 5227/1490/724 5226/1490/724
f 5228/1490/724 5226/1490/724 5223/1490/724
f 5229/1490/722 5228/1490/722 5202/1490/722
f 5223/1490/723 5202/1490/723 5228/1490/723
f 5229/1490/722 5227/1490/722 5228/1490/722
f 5209/1490/722 5230/1490/722 5229/1490/722
f 5231/1490/724 5229/1490/724 5230/1490/724
f 5231/1490/724 5217/1490/724 5229/1490/724
f 5217/1490/727 5227/1490/727 5229/1490/727
f 5204/1490/724 5229/1490/724 5202/1490/724
f 5232/1490/727 5229/1490/727 5204/1490/727
f 5232/1490/727 5209/1490/727 5229/1490/727
f 5203/1490/722 5232/1490/722 5204/1490/722
f 5209/1490/726 5232/1490/726 5203/1490/726
f 5218/1490/727 5231/1490/727 5230/1490/727
f 5217/1490/725 5231/1490/725 5215/1490/725
f 5218/1490/727 5215/1490/727 5231/1490/727
f 5209/1490/722 5218/1490/722 5230/1490/722
f 5206/1490/722 5202/1490/722 5225/1490/722
f 5224/1490/723 5206/1490/723 5225/1490/723
f 5224/1490/723 5210/1490/723 5206/1490/723
f 5224/1490/725 5207/1490/725 5210/1490/725
f 5268/1490/724 5266/1490/724 5265/1490/724
f 5269/1490/723 5265/1490/723 5266/1490/723
f 5269/1490/723 5267/1490/723 5265/1490/723
f 5267/1490/722 5268/1490/722 5265/1490/722
f 5270/1490/722 5269/1490/722 5266/1490/722
f 5274/1490/726 5269/1490/726 5270/1490/726
f 5273/1490/726 5267/1490/726 5269/1490/726
f 5274/1490/726 5271/1490/726 5269/1490/726
f 5271/1490/723 5272/1490/723 5269/1490/723
f 5275/1490/722 5269/1490/722 5272/1490/722
f 5275/1490/722 5273/1490/722 5269/1490/722
f 5276/1490/727 5273/1490/727 5275/1490/727
f 5277/1490/726 5276/1490/726 5275/1490/726
f 5277/1490/726 5275/1490/726 5272/1490/726
f 5271/1490/723 5277/1490/723 5272/1490/723
f 5278/1490/725 5277/1490/725 5271/1490/725
f 5278/1490/725 5276/1490/725 5277/1490/725
f 5276/1490/727 5278/1490/727 5273/1490/727
f 5278/1490/726 5282/1490/726 5273/1490/726
f 5278/1490/726 5279/1490/726 5282/1490/726
f 5281/1490/725 5279/1490/725 5278/1490/725
f 5280/1490/726 5278/1490/726 5271/1490/726
f 5283/1490/727 5278/1490/727 5280/1490/727
f 5283/1490/727 5281/1490/727 5278/1490/727
f 5284/1490/725 5283/1490/725 5280/1490/725
f 5281/1490/724 5283/1490/724 5284/1490/724
f 5285/1490/723 5284/1490/723 5286/1490/723
f 5281/1490/724 5284/1490/724 5285/1490/724
f 5284/1490/725 5280/1490/725 5286/1490/725
f 5280/1490/726 5271/1490/726 5286/1490/726
f 5285/1490/723 5286/1490/723 5271/1490/723
f 5287/1490/723 5285/1490/723 5266/1490/723
f 5290/1490/725 5285/1490/725 5287/1490/725
f 5285/1490/724 5289/1490/724 5266/1490/724
f 5288/1490/725 5285/1490/725 5271/1490/725
f 5285/1490/724 5288/1490/724 5289/1490/724
f 5290/1490/725 5281/1490/725 5285/1490/725
f 5281/1490/727 5290/1490/727 5291/1490/727
f 5292/1490/724 5291/1490/724 5290/1490/724
f 5292/1490/724 5290/1490/724 5287/1490/724
f 5293/1490/722 5292/1490/722 5266/1490/722
f 5287/1490/723 5266/1490/723 5292/1490/723
f 5293/1490/722 5291/1490/722 5292/1490/722
f 5273/1490/722 5294/1490/722 5293/1490/722
f 5295/1490/724 5293/1490/724 5294/1490/724
f 5295/1490/724 5281/1490/724 5293/1490/724
f 5281/1490/727 5291/1490/727 5293/1490/727
f 5268/1490/724 5293/1490/724 5266/1490/724
f 5296/1490/727 5293/1490/727 5268/1490/727
f 5296/1490/727 5273/1490/727 5293/1490/727
f 5267/1490/722 5296/1490/722 5268/1490/722
f 5273/1490/726 5296/1490/726 5267/1490/726
f 5282/1490/727 5295/1490/727 5294/1490/727
f 5281/1490/725 5295/1490/725 5279/1490/725
f 5282/1490/727 5279/1490/727 5295/1490/727
f 5273/1490/722 5282/1490/722 5294/1490/722
f 5270/1490/722 5266/1490/722 5289/1490/722
f 5288/1490/723 5270/1490/723 5289/1490/723
f 5288/1490/723 5274/1490/723 5270/1490/723
f 5288/1490/725 5271/1490/725 5274/1490/725
f 5332/1490/724 5330/1490/724 5329/1490/724
f 5333/1490/723 5329/1490/723 5330/1490/723
f 5333/1490/723 5331/1490/723 5329/1490/723
f 5331/1490/722 5332/1490/722 5329/1490/722
f 5338/1490/722 5334/1490/722 5333/1490/722
f 5339/1490/726 5333/1490/726 5334/1490/726
f 5338/1490/722 5333/1490/722 5330/1490/722
f 5337/1490/726 5331/1490/726 5333/1490/726
f 5339/1490/726 5335/1490/726 5333/1490/726
f 5335/1490/723 5336/1490/723 5333/1490/723
f 5340/1490/722 5333/1490/722 5336/1490/722
f 5340/1490/722 5337/1490/722 5333/1490/722
f 5341/1490/727 5337/1490/727 5340/1490/727
f 5342/1490/726 5341/1490/726 5340/1490/726
f 5342/1490/726 5340/1490/726 5336/1490/726
f 5335/1490/723 5342/1490/723 5336/1490/723
f 5343/1490/725 5342/1490/725 5335/1490/725
f 5343/1490/725 5341/1490/725 5342/1490/725
f 5341/1490/727 5343/1490/727 5337/1490/727
f 5343/1490/726 5347/1490/726 5337/1490/726
f 5343/1490/726 5344/1490/726 5347/1490/726
f 5343/1490/725 5349/1490/725 5344/1490/725
f 5345/1490/726 5343/1490/726 5335/1490/726
f 5348/1490/727 5343/1490/727 5345/1490/727
f 5343/1490/725 5346/1490/725 5349/1490/725
f 5348/1490/727 5346/1490/727 5343/1490/727
f 5347/1490/727 5349/1490/727 5350/1490/727
f 5349/1490/724 5351/1490/724 5350/1490/724
f 5349/1490/724 5346/1490/724 5351/1490/724
f 5347/1490/727 5344/1490/727 5349/1490/727
f 5337/1490/722 5350/1490/722 5351/1490/722
f 5346/1490/727 5352/1490/727 5351/1490/727
f 5351/1490/722 5352/1490/722 5353/1490/722
f 5332/1490/724 5351/1490/724 5330/1490/724
f 5332/1490/727 5337/1490/727 5351/1490/727
f 5351/1490/722 5353/1490/722 5330/1490/722
f 5354/1490/723 5330/1490/723 5353/1490/723
f 5353/1490/724 5355/1490/724 5354/1490/724
f 5353/1490/724 5352/1490/724 5355/1490/724
f 5355/1490/725 5346/1490/725 5356/1490/725
f 5346/1490/727 5355/1490/727 5352/1490/727
f 5355/1490/725 5356/1490/725 5354/1490/725
f 5354/1490/723 5356/1490/723 5330/1490/723
f 5356/1490/724 5338/1490/724 5330/1490/724
f 5357/1490/725 5356/1490/725 5335/1490/725
f 5356/1490/724 5357/1490/724 5338/1490/724
f 5335/1490/723 5356/1490/723 5358/1490/723
f 5346/1490/724 5358/1490/724 5356/1490/724
f 5358/1490/725 5345/1490/725 5359/1490/725
f 5335/1490/723 5358/1490/723 5359/1490/723
f 5358/1490/725 5348/1490/725 5345/1490/725
f 5346/1490/724 5348/1490/724 5358/1490/724
f 5345/1490/726 5335/1490/726 5359/1490/726
f 5357/1490/723 5334/1490/723 5338/1490/723
f 5357/1490/723 5339/1490/723 5334/1490/723
f 5357/1490/725 5335/1490/725 5339/1490/725
f 5337/1490/722 5347/1490/722 5350/1490/722
f 5337/1490/726 5360/1490/726 5331/1490/726
f 5332/1490/727 5360/1490/727 5337/1490/727
f 5331/1490/722 5360/1490/722 5332/1490/722
o Windows
v 17.653000 5.768500 -0.500400
v 13.483000 5.768500 -0.500400
v 13.483000 10.286000 -0.500400
v 13.554045 10.825638 -0.500400
v 13.762337 11.328500 -0.500400
v 14.093682 11.760317 -0.500400
v 14.525499 12.091663 -0.500400
v 15.028362 12.299954 -0.500400
v 15.568000 12.370999 -0.500400
v 16.107637 12.299954 -0.500400
v 16.610500 12.091663 -0.500400
v 17.042316 11.760317 -0.500400
v 17.373663 11.328500 -0.500400
v 17.581955 10.825638 -0.500400
v 17.653000 10.286000 -0.500400
v 17.653000 5.768500 -0.055600
v 13.483000 5.768500 -0.055600
v 13.483000 10.286000 -0.055600
v 13.554045 10.825638 -0.055600
v 13.762337 11.328500 -0.055600
v 14.093682 11.760317 -0.055600
v 14.525499 12.091663 -0.055600
v 15.028362 12.299954 -0.055600
v 15.568000 12.370999 -0.055600
v 16.107637 12.299954 -0.055600
v 16.610500 12.091663 -0.055600
v 17.042316 11.760317 -0.055600
v 17.373663 11.328500 -0.055600
v 17.581955 10.825638 -0.055600
v 17.653000 10.286000 -0.055600
v 17.291599 6.046500 -0.722800
v 17.291599 10.216499 -0.722800
v 13.844399 6.046500 -0.722800
v 17.291599 6.046500 -0.528200
v 13.844399 10.216499 -0.722800
v 17.291599 10.216499 -0.528200
v 17.232870 10.662601 -0.528200
v 13.844399 6.046500 -0.528200
v 17.060680 11.078300 -0.528200
v 13.844399 10.216499 -0.528200
v 16.429800 11.709181 -0.528200
v 16.014101 11.881369 -0.528200
v 16.786770 11.435269 -0.528200
v 16.429800 11.709181 -0.722800
v 14.706200 11.709181 -0.528200
v 16.786770 11.435269 -0.722800
v 17.060680 11.078300 -0.722800
v 17.232870 10.662601 -0.722800
v 15.568000 11.940100 -0.722800
v 16.014101 11.881369 -0.722800
v 14.075318 11.078300 -0.722800
v 14.706200 11.709181 -0.722800
v 15.121900 11.881369 -0.722800
v 14.349231 11.435269 -0.722800
v 14.349231 11.435269 -0.528200
v 14.075318 11.078300 -0.528200
v 13.903130 10.662601 -0.528200
v 13.903130 10.662601 -0.722800
v 15.121900 11.881369 -0.528200
v 15.568000 11.940100 -0.528200
v 15.616650 6.049280 -0.903500
v 15.616650 6.049280 -0.861800
v 15.519350 6.049280 -0.903500
v 15.616650 11.042160 -0.903500
v 15.519350 6.049280 -0.861800
v 15.519350 6.007579 -0.861800
v 15.519350 6.049280 -0.750600
v 15.477650 6.049280 -0.861800
v 15.519350 11.042160 -0.861800
v 15.519350 6.007579 -0.750600
v 15.477650 11.042160 -0.861800
v 15.477650 11.042160 -0.750600
v 15.477650 6.049280 -0.750600
v 15.519350 11.042160 -0.750600
v 15.519350 11.083859 -0.750600
v 15.519350 11.042160 -0.708900
v 15.616650 11.042160 -0.750600
v 15.519350 11.083859 -0.861800
v 15.616650 11.042160 -0.708900
v 15.616650 6.049280 -0.708900
v 15.616650 6.049280 -0.750600
v 15.519350 6.049280 -0.708900
v 15.658350 6.049280 -0.750600
v 15.616650 6.007579 -0.750600
v 15.616650 6.007579 -0.861800
v 15.658350 11.042160 -0.750600
v 15.658350 11.042160 -0.861800
v 15.658350 6.049280 -0.861800
v 15.616650 11.042160 -0.861800
v 15.616650 11.083859 -0.861800
v 15.616650 11.083859 -0.750600
v 15.519350 11.042160 -0.903500
v 17.263800 8.367800 -0.903500
v 17.263800 8.367800 -0.861800
v 13.872200 8.367800 -0.903500
v 17.263800 8.479000 -0.903500
v 13.872200 8.367800 -0.861800
v 13.872200 8.326099 -0.861800
v 13.872200 8.367800 -0.750600
v 13.830500 8.367800 -0.861800
v 13.872200 8.479000 -0.861800
v 13.872200 8.326099 -0.750600
v 13.830500 8.479000 -0.861800
v 13.830500 8.479000 -0.750600
v 13.830500 8.367800 -0.750600
v 13.872200 8.479000 -0.750600
v 13.872200 8.520700 -0.750600
v 13.872200 8.479000 -0.708900
v 17.263800 8.479000 -0.750600
v 13.872200 8.520700 -0.861800
v 17.263800 8.479000 -0.708900
v 17.263800 8.367800 -0.708900
v 17.263800 8.367800 -0.750600
v 13.872200 8.367800 -0.708900
v 17.305500 8.367800 -0.750600
v 17.263800 8.326099 -0.750600
v 17.263800 8.326099 -0.861800
v 17.305500 8.479000 -0.750600
v 17.305500 8.479000 -0.861800
v 17.305500 8.367800 -0.861800
v 17.263800 8.479000 -0.861800
v 17.263800 8.520700 -0.861800
v 17.263800 8.520700 -0.750600
v 13.872200 8.479000 -0.903500
v 17.785049 5.560000 -1.077250
v 17.785049 5.560000 -0.966050
v 13.350950 5.560000 -1.077250
v 17.785049 5.754601 -1.077250
v 13.350950 5.560000 -0.966050
v 13.350950 5.448800 -0.966050
v 13.350950 5.560000 -0.145950
v 13.239750 5.560000 -0.966050
v 13.350950 5.754601 -0.966050
v 13.350950 5.448800 -0.145950
v 13.239750 5.754601 -0.966050
v 13.239750 5.754601 -0.145950
v 13.239750 5.560000 -0.145950
v 13.350950 5.754601 -0.145950
v 13.350950 5.865800 -0.145950
v 13.350950 5.754601 -0.034750
v 17.785049 5.754601 -0.145950
v 13.350950 5.865800 -0.966050
v 17.785049 5.754601 -0.034750
v 17.785049 5.560000 -0.034750
v 17.785049 5.560000 -0.145950
v 13.350950 5.560000 -0.034750
v 17.896250 5.560000 -0.145950
v 17.785049 5.448800 -0.145950
v 17.785049 5.448800 -0.966050
v 17.896250 5.754601 -0.145950
v 17.896250 5.754601 -0.966050
v 17.896250 5.560000 -0.966050
v 17.785049 5.754601 -0.966050
v 17.785049 5.865800 -0.966050
v 17.785049 5.865800 -0.145950
v 13.350950 5.754601 -1.077250
v 10.981001 5.768500 -0.500400
v 10.981001 10.286000 -0.500400
v 6.811000 5.768500 -0.500400
v 10.981001 5.768500 -0.055600
v 6.811000 10.286000 -0.500400
v 10.981001 10.286000 -0.055600
v 10.909956 10.825638 -0.055600
v 6.811000 5.768500 -0.055600
v 10.701663 11.328500 -0.055600
v 6.811000 10.286000 -0.055600
v 6.882045 10.825638 -0.055600
v 7.090338 11.328500 -0.055600
v 9.938500 12.091663 -0.055600
v 6.882045 10.825638 -0.500400
v 7.090338 11.328500 -0.500400
v 7.421683 11.760317 -0.500400
v 8.896000 12.370999 -0.500400
v 10.701663 11.328500 -0.500400
v 10.909956 10.825638 -0.500400
v 10.370317 11.760317 -0.500400
v 9.435638 12.299954 -0.500400
v 9.938500 12.091663 -0.500400
v 10.370317 11.760317 -0.055600
v 9.435638 12.299954 -0.055600
v 8.896000 12.370999 -0.055600
v 7.853500 12.091663 -0.055600
v 7.421683 11.760317 -0.055600
v 8.356363 12.299954 -0.055600
v 7.853500 12.091663 -0.500400
v 8.356363 12.299954 -0.500400
v 10.619600 6.046500 -0.722800
v 10.619600 10.216499 -0.722800
v 7.172400 6.046500 -0.722800
v 10.619600 6.046500 -0.528200
v 7.172400 10.216499 -0.722800
v 10.619600 10.216499 -0.528200
v 10.560870 10.662601 -0.528200
v 7.172400 6.046500 -0.528200
v 10.388681 11.078300 -0.528200
v 7.172400 10.216499 -0.528200
v 9.757800 11.709181 -0.528200
v 9.342101 11.881369 -0.528200
v 10.114769 11.435269 -0.528200
v 9.757800 11.709181 -0.722800
v 8.896000 11.940100 -0.528200
v 8.449900 11.881369 -0.528200
v 8.034201 11.709181 -0.528200
v 10.114769 11.435269 -0.722800
v 10.388681 11.078300 -0.722800
v 10.560870 10.662601 -0.722800
v 8.896000 11.940100 -0.722800
v 9.342101 11.881369 -0.722800
v 7.403318 11.078300 -0.722800
v 8.034201 11.709181 -0.722800
v 8.449900 11.881369 -0.722800
v 7.677231 11.435269 -0.722800
v 7.677231 11.435269 -0.528200
v 7.403318 11.078300 -0.528200
v 7.231131 10.662601 -0.528200
v 7.231131 10.662601 -0.722800
v 8.944651 6.049280 -0.903500
v 8.944651 6.049280 -0.861800
v 8.847351 6.049280 -0.903500
v 8.944651 11.042160 -0.903500
v 8.847351 6.049280 -0.861800
v 8.847351 6.007579 -0.861800
v 8.847351 6.049280 -0.750600
v 8.805651 6.049280 -0.861800
v 8.847351 11.042160 -0.861800
v 8.847351 6.007579 -0.750600
v 8.805651 11.042160 -0.861800
v 8.805651 11.042160 -0.750600
v 8.805651 6.049280 -0.750600
v 8.847351 11.042160 -0.750600
v 8.847351 11.083859 -0.750600
v 8.847351 11.042160 -0.708900
v 8.944651 11.042160 -0.750600
v 8.847351 11.083859 -0.861800
v 8.944651 11.042160 -0.708900
v 8.944651 6.049280 -0.708900
v 8.944651 6.049280 -0.750600
v 8.847351 6.049280 -0.708900
v 8.986351 6.049280 -0.750600
v 8.944651 6.007579 -0.750600
v 8.944651 6.007579 -0.861800
v 8.986351 11.042160 -0.750600
v 8.986351 11.042160 -0.861800
v 8.986351 6.049280 -0.861800
v 8.944651 11.042160 -0.861800
v 8.944651 11.083859 -0.861800
v 8.944651 11.083859 -0.750600
v 8.847351 11.042160 -0.903500
v 10.591801 8.367800 -0.903500
v 10.591801 8.367800 -0.861800
v 7.200201 8.367800 -0.903500
v 10.591801 8.479000 -0.903500
v 7.200201 8.367800 -0.861800
v 7.200201 8.326099 -0.861800
v 7.200201 8.367800 -0.750600
v 7.158501 8.367800 -0.861800
v 7.200201 8.479000 -0.861800
v 7.200201 8.326099 -0.750600
v 7.158501 8.479000 -0.861800
v 7.158501 8.479000 -0.750600
v 7.158501 8.367800 -0.750600
v 7.200201 8.479000 -0.750600
v 7.200201 8.520700 -0.750600
v 7.200201 8.479000 -0.708900
v 10.591801 8.479000 -0.750600
v 7.200201 8.520700 -0.861800
v 10.591801 8.479000 -0.708900
v 10.591801 8.367800 -0.708900
v 10.591801 8.367800 -0.750600
v 7.200201 8.367800 -0.708900
v 10.633500 8.367800 -0.750600
v 10.591801 8.326099 -0.750600
v 10.591801 8.326099 -0.861800
v 10.633500 8.479000 -0.750600
v 10.633500 8.479000 -0.861800
v 10.633500 8.367800 -0.861800
v 10.591801 8.479000 -0.861800
v 10.591801 8.520700 -0.861800
v 10.591801 8.520700 -0.750600
v 7.200201 8.479000 -0.903500
v 11.113050 5.560000 -1.077250
v 11.113050 5.560000 -0.966050
v 6.678950 5.560000 -1.077250
v 11.113050 5.754601 -1.077250
v 6.678950 5.560000 -0.966050
v 6.678950 5.448800 -0.966050
v 6.678950 5.560000 -0.145950
v 6.567751 5.560000 -0.966050
v 6.678950 5.754601 -0.966050
v 6.678950 5.448800 -0.145950
v 6.567751 5.754601 -0.966050
v 6.567751 5.754601 -0.145950
v 6.567751 5.560000 -0.145950
v 6.678950 5.754601 -0.145950
v 6.678950 5.865800 -0.145950
v 6.678950 5.754601 -0.034750
v 11.113050 5.754601 -0.145950
v 6.678950 5.865800 -0.966050
v 11.113050 5.754601 -0.034750
v 11.113050 5.560000 -0.034750
v 11.113050 5.560000 -0.145950
v 6.678950 5.560000 -0.034750
v 11.224251 5.560000 -0.145950
v 11.113050 5.448800 -0.145950
v 11.113050 5.448800 -0.966050
v 11.224251 5.754601 -0.145950
v 11.224251 5.754601 -0.966050
v 11.224251 5.560000 -0.966050
v 11.113050 5.754601 -0.966050
v 11.113050 5.865800 -0.966050
v 11.113050 5.865800 -0.145950
v 6.678950 5.754601 -1.077250
v -7.506000 5.768500 -0.500400
v -7.506000 10.286000 -0.500400
v -11.676000 5.768500 -0.500400
v -7.506000 5.768500 -0.055600
v -11.676000 10.286000 -0.500400
v -7.506000 10.286000 -0.055600
v -7.577044 10.825638 -0.055600
v -11.676000 5.768500 -0.055600
v -7.785338 11.328500 -0.055600
v -11.676000 10.286000 -0.055600
v -11.604957 10.825638 -0.055600
v -11.396663 11.328500 -0.055600
v -8.548501 12.091663 -0.055600
v -11.604957 10.825638 -0.500400
v -11.396663 11.328500 -0.500400
v -11.065316 11.760317 -0.500400
v -9.591001 12.370999 -0.500400
v -7.785338 11.328500 -0.500400
v -7.577044 10.825638 -0.500400
v -8.116683 11.760317 -0.500400
v -8.116683 11.760317 -0.055600
v -8.548501 12.091663 -0.500400
v -9.051362 12.299954 -0.500400
v -9.051362 12.299954 -0.055600
v -9.591001 12.370999 -0.055600
v -10.130639 12.299954 -0.055600
v -10.633500 12.091663 -0.055600
v -11.065316 11.760317 -0.055600
v -10.633500 12.091663 -0.500400
v -10.130639 12.299954 -0.500400
v -7.867400 6.046500 -0.722800
v -7.867400 10.216499 -0.722800
v -11.314601 6.046500 -0.722800
v -7.867400 6.046500 -0.528200
v -11.314601 10.216499 -0.722800
v -7.867400 10.216499 -0.528200
v -7.926131 10.662601 -0.528200
v -11.314601 6.046500 -0.528200
v -8.098319 11.078300 -0.528200
v -8.372231 11.435269 -0.528200
v -8.729199 11.709181 -0.528200
v -11.314601 10.216499 -0.528200
v -11.255870 10.662601 -0.528200
v -10.452802 11.709181 -0.528200
v -10.809770 11.435269 -0.528200
v -11.083682 11.078300 -0.528200
v -11.255870 10.662601 -0.722800
v -11.083682 11.078300 -0.722800
v -10.809770 11.435269 -0.722800
v -9.591001 11.940100 -0.722800
v -8.098319 11.078300 -0.722800
v -7.926131 10.662601 -0.722800
v -8.372231 11.435269 -0.722800
v -8.729199 11.709181 -0.722800
v -9.144898 11.881369 -0.722800
v -9.144898 11.881369 -0.528200
v -9.591001 11.940100 -0.528200
v -10.037103 11.881369 -0.528200
v -10.037103 11.881369 -0.722800
v -10.452802 11.709181 -0.722800
v -9.542350 6.049280 -0.903500
v -9.542350 6.049280 -0.861800
v -9.639649 6.049280 -0.903500
v -9.542350 11.042160 -0.903500
v -9.639649 6.049280 -0.861800
v -9.639649 6.007579 -0.861800
v -9.639649 6.049280 -0.750600
v -9.681352 6.049280 -0.861800
v -9.639649 11.042160 -0.861800
v -9.639649 6.007579 -0.750600
v -9.681352 11.042160 -0.861800
v -9.681352 11.042160 -0.750600
v -9.681352 6.049280 -0.750600
v -9.639649 11.042160 -0.750600
v -9.639649 11.083859 -0.750600
v -9.639649 11.042160 -0.708900
v -9.542350 11.042160 -0.750600
v -9.639649 11.083859 -0.861800
v -9.542350 11.042160 -0.708900
v -9.542350 6.049280 -0.708900
v -9.542350 6.049280 -0.750600
v -9.639649 6.049280 -0.708900
v -9.500649 6.049280 -0.750600
v -9.542350 6.007579 -0.750600
v -9.542350 6.007579 -0.861800
v -9.500649 11.042160 -0.750600
v -9.500649 11.042160 -0.861800
v -9.500649 6.049280 -0.861800
v -9.542350 11.042160 -0.861800
v -9.542350 11.083859 -0.861800
v -9.542350 11.083859 -0.750600
v -9.639649 11.042160 -0.903500
v -7.895202 8.367800 -0.903500
v -7.895202 8.367800 -0.861800
v -11.286799 8.367800 -0.903500
v -7.895202 8.479000 -0.903500
v -11.286799 8.367800 -0.861800
v -11.286799 8.326099 -0.861800
v -11.286799 8.367800 -0.750600
v -11.328500 8.367800 -0.861800
v -11.286799 8.479000 -0.861800
v -11.286799 8.326099 -0.750600
v -11.328500 8.479000 -0.861800
v -11.328500 8.479000 -0.750600
v -11.328500 8.367800 -0.750600
v -11.286799 8.479000 -0.750600
v -11.286799 8.520700 -0.750600
v -11.286799 8.479000 -0.708900
v -7.895202 8.479000 -0.750600
v -11.286799 8.520700 -0.861800
v -7.895202 8.479000 -0.708900
v -7.895202 8.367800 -0.708900
v -7.895202 8.367800 -0.750600
v -11.286799 8.367800 -0.708900
v -7.853501 8.367800 -0.750600
v -7.895202 8.326099 -0.750600
v -7.895202 8.326099 -0.861800
v -7.853501 8.479000 -0.750600
v -7.853501 8.479000 -0.861800
v -7.853501 8.367800 -0.861800
v -7.895202 8.479000 -0.861800
v -7.895202 8.520700 -0.861800
v -7.895202 8.520700 -0.750600
v -11.286799 8.479000 -0.903500
v -7.373952 5.560000 -1.077250
v -7.373952 5.560000 -0.966050
v -11.808049 5.560000 -1.077250
v -7.373952 5.754601 -1.077250
v -11.808049 5.560000 -0.966050
v -11.808049 5.448800 -0.966050
v -11.808049 5.560000 -0.145950
v -11.919250 5.560000 -0.966050
v -11.808049 5.754601 -0.966050
v -11.808049 5.448800 -0.145950
v -11.919250 5.754601 -0.966050
v -11.919250 5.754601 -0.145950
v -11.919250 5.560000 -0.145950
v -11.808049 5.754601 -0.145950
v -11.808049 5.865800 -0.145950
v -11.808049 5.754601 -0.034750
v -7.373952 5.754601 -0.145950
v -11.808049 5.865800 -0.966050
v -7.373952 5.754601 -0.034750
v -7.373952 5.560000 -0.034750
v -7.373952 5.560000 -0.145950
v -11.808049 5.560000 -0.034750
v -7.262752 5.560000 -0.145950
v -7.373952 5.448800 -0.145950
v -7.373952 5.448800 -0.966050
v -7.262752 5.754601 -0.145950
v -7.262752 5.754601 -0.966050
v -7.262752 5.560000 -0.966050
v -7.373952 5.754601 -0.966050
v -7.373952 5.865800 -0.966050
v -7.373952 5.865800 -0.145950
v -11.808049 5.754601 -1.077250
v -14.317000 5.768500 -0.500400
v -14.317000 10.286000 -0.500400
v -18.487000 5.768500 -0.500400
v -14.317000 5.768500 -0.055600
v -18.487000 10.286000 -0.500400
v -14.317000 10.286000 -0.055600
v -14.388045 10.825638 -0.055600
v -18.487000 5.768500 -0.055600
v -14.596337 11.328500 -0.055600
v -18.487000 10.286000 -0.055600
v -18.415955 10.825638 -0.055600
v -18.207661 11.328500 -0.055600
v -15.359500 12.091663 -0.055600
v -18.415955 10.825638 -0.500400
v -18.207661 11.328500 -0.500400
v -17.876316 11.760317 -0.500400
v -16.402000 12.370999 -0.500400
v -14.596337 11.328500 -0.500400
v -14.388045 10.825638 -0.500400
v -14.927684 11.760317 -0.500400
v -14.927684 11.760317 -0.055600
v -15.359500 12.091663 -0.500400
v -15.862361 12.299954 -0.500400
v -15.862361 12.299954 -0.055600
v -16.402000 12.370999 -0.055600
v -16.941639 12.299954 -0.055600
v -17.444500 12.091663 -0.055600
v -17.876316 11.760317 -0.055600
v -17.444500 12.091663 -0.500400
v -16.941639 12.299954 -0.500400
v -14.678401 6.046500 -0.722800
v -14.678401 10.216499 -0.722800
v -18.125599 6.046500 -0.722800
v -14.678401 6.046500 -0.528200
v -18.125599 10.216499 -0.722800
v -14.678401 10.216499 -0.528200
v -14.737130 10.662601 -0.528200
v -18.125599 6.046500 -0.528200
v -14.909318 11.078300 -0.528200
v -15.183230 11.435269 -0.528200
v -15.540198 11.709181 -0.528200
v -18.125599 10.216499 -0.528200
v -18.066868 10.662601 -0.528200
v -17.263802 11.709181 -0.528200
v -17.620766 11.435269 -0.528200
v -17.894680 11.078300 -0.528200
v -18.066868 10.662601 -0.722800
v -17.894680 11.078300 -0.722800
v -17.620766 11.435269 -0.722800
v -16.402000 11.940100 -0.722800
v -14.909318 11.078300 -0.722800
v -14.737130 10.662601 -0.722800
v -15.183230 11.435269 -0.722800
v -15.540198 11.709181 -0.722800
v -15.955899 11.881369 -0.722800
v -15.955899 11.881369 -0.528200
v -16.402000 11.940100 -0.528200
v -16.848099 11.881369 -0.528200
v -16.848099 11.881369 -0.722800
v -17.263802 11.709181 -0.722800
v -16.353352 6.049280 -0.903500
v -16.353352 6.049280 -0.861800
v -16.450649 6.049280 -0.903500
v -16.353352 11.042160 -0.903500
v -16.450649 6.049280 -0.861800
v -16.450649 6.007579 -0.861800
v -16.450649 6.049280 -0.750600
v -16.492348 6.049280 -0.861800
v -16.450649 11.042160 -0.861800
v -16.450649 6.007579 -0.750600
v -16.492348 11.042160 -0.861800
v -16.492348 11.042160 -0.750600
v -16.492348 6.049280 -0.750600
v -16.450649 11.042160 -0.750600
v -16.450649 11.083859 -0.750600
v -16.450649 11.042160 -0.708900
v -16.353352 11.042160 -0.750600
v -16.450649 11.083859 -0.861800
v -16.353352 11.042160 -0.708900
v -16.353352 6.049280 -0.708900
v -16.353352 6.049280 -0.750600
v -16.450649 6.049280 -0.708900
v -16.311649 6.049280 -0.750600
v -16.353352 6.007579 -0.750600
v -16.353352 6.007579 -0.861800
v -16.311649 11.042160 -0.750600
v -16.311649 11.042160 -0.861800
v -16.311649 6.049280 -0.861800
v -16.353352 11.042160 -0.861800
v -16.353352 11.083859 -0.861800
v -16.353352 11.083859 -0.750600
v -16.450649 11.042160 -0.903500
v -14.706201 8.367800 -0.903500
v -14.706201 8.367800 -0.861800
v -18.097797 8.367800 -0.903500
v -14.706201 8.479000 -0.903500
v -18.097797 8.367800 -0.861800
v -18.097797 8.326099 -0.861800
v -18.097797 8.367800 -0.750600
v -18.139500 8.367800 -0.861800
v -18.097797 8.479000 -0.861800
v -18.097797 8.326099 -0.750600
v -18.139500 8.479000 -0.861800
v -18.139500 8.479000 -0.750600
v -18.139500 8.367800 -0.750600
v -18.097797 8.479000 -0.750600
v -18.097797 8.520700 -0.750600
v -18.097797 8.479000 -0.708900
v -14.706201 8.479000 -0.750600
v -18.097797 8.520700 -0.861800
v -14.706201 8.479000 -0.708900
v -14.706201 8.367800 -0.708900
v -14.706201 8.367800 -0.750600
v -18.097797 8.367800 -0.708900
v -14.664500 8.367800 -0.750600
v -14.706201 8.326099 -0.750600
v -14.706201 8.326099 -0.861800
v -14.664500 8.479000 -0.750600
v -14.664500 8.479000 -0.861800
v -14.664500 8.367800 -0.861800
v -14.706201 8.479000 -0.861800
v -14.706201 8.520700 -0.861800
v -14.706201 8.520700 -0.750600
v -18.097797 8.479000 -0.903500
v -14.184951 5.560000 -1.077250
v -14.184951 5.560000 -0.966050
v -18.619049 5.560000 -1.077250
v -14.184951 5.754601 -1.077250
v -18.619049 5.560000 -0.966050
v -18.619049 5.448800 -0.966050
v -18.619049 5.560000 -0.145950
v -18.730247 5.560000 -0.966050
v -18.619049 5.754601 -0.966050
v -18.619049 5.448800 -0.145950
v -18.730247 5.754601 -0.966050
v -18.730247 5.754601 -0.145950
v -18.730247 5.560000 -0.145950
v -18.619049 5.754601 -0.145950
v -18.619049 5.865800 -0.145950
v -18.619049 5.754601 -0.034750
v -14.184951 5.754601 -0.145950
v -18.619049 5.865800 -0.966050
v -14.184951 5.754601 -0.034750
v -14.184951 5.560000 -0.034750
v -14.184951 5.560000 -0.145950
v -18.619049 5.560000 -0.034750
v -14.073750 5.560000 -0.145950
v -14.184951 5.448800 -0.145950
v -14.184951 5.448800 -0.966050
v -14.073750 5.754601 -0.145950
v -14.073750 5.754601 -0.966050
v -14.073750 5.560000 -0.966050
v -14.184951 5.754601 -0.966050
v -14.184951 5.865800 -0.966050
v -14.184951 5.865800 -0.145950
v -18.619049 5.754601 -1.077250
v -10.564002 24.533499 3.322100
v -10.564002 28.634001 3.322100
v -14.456000 24.533499 3.322100
v -10.564002 24.533499 3.766900
v -14.456000 28.634001 3.322100
v -10.564002 28.634001 3.766900
v -10.630309 29.137663 3.766900
v -14.456000 24.533499 3.766900
v -10.824718 29.606998 3.766900
v -14.456000 28.634001 3.766900
v -14.389693 29.137663 3.766900
v -14.195285 29.606998 3.766900
v -11.537000 30.319284 3.766900
v -14.389693 29.137663 3.322100
v -14.195285 29.606998 3.322100
v -13.886031 30.010029 3.322100
v -13.483003 30.319284 3.322100
v -13.013663 30.513691 3.322100
v -12.510001 30.580000 3.322100
v -10.824718 29.606998 3.322100
v -10.630309 29.137663 3.322100
v -11.133969 30.010029 3.322100
v -12.006339 30.513691 3.322100
v -11.537000 30.319284 3.322100
v -11.133969 30.010029 3.766900
v -12.006339 30.513691 3.766900
v -12.510001 30.580000 3.766900
v -13.013663 30.513691 3.766900
v -13.483003 30.319284 3.766900
v -13.886031 30.010029 3.766900
v -10.925403 24.811501 3.099700
v -10.925403 28.564499 3.099700
v -14.094600 24.811501 3.099700
v -10.925403 24.811501 3.294300
v -14.094600 28.564499 3.099700
v -10.925403 28.564499 3.294300
v -10.979394 28.974627 3.294300
v -14.094600 24.811501 3.294300
v -11.137698 29.356800 3.294300
v -11.389522 29.684982 3.294300
v -11.717702 29.936804 3.294300
v -14.094600 28.564499 3.294300
v -14.040608 28.974627 3.294300
v -13.302300 29.936804 3.294300
v -13.630481 29.684982 3.294300
v -13.882304 29.356800 3.294300
v -14.040608 28.974627 3.099700
v -13.882304 29.356800 3.099700
v -13.630481 29.684982 3.099700
v -12.510001 30.149101 3.099700
v -11.137698 29.356800 3.099700
v -10.979394 28.974627 3.099700
v -11.389522 29.684982 3.099700
v -11.717702 29.936804 3.099700
v -12.099877 30.095106 3.099700
v -12.099877 30.095106 3.294300
v -12.510001 30.149101 3.294300
v -12.920125 30.095106 3.294300
v -12.920125 30.095106 3.099700
v -13.302300 29.936804 3.099700
v -12.461350 24.811501 2.919000
v -12.461350 24.811497 2.960700
v -12.558650 24.811501 2.919000
v -12.461350 29.342897 2.919000
v -12.558650 24.811497 2.960700
v -12.558650 24.769800 2.960700
v -12.558650 24.811497 3.071900
v -12.600352 24.811501 2.960700
v -12.558650 29.342901 2.960700
v -12.558650 24.769800 3.071900
v -12.600352 29.342897 2.960700
v -12.600352 29.342897 3.071900
v -12.600352 24.811501 3.071900
v -12.558650 29.342901 3.071900
v -12.558650 29.384600 3.071900
v -12.558650 29.342897 3.113600
v -12.461350 29.342901 3.071900
v -12.558650 29.384600 2.960700
v -12.461350 29.342897 3.113600
v -12.461350 24.811501 3.113600
v -12.461350 24.811497 3.071900
v -12.558650 24.811501 3.113600
v -12.419650 24.811501 3.071900
v -12.461350 24.769800 3.071900
v -12.461350 24.769800 2.960700
v -12.419650 29.342897 3.071900
v -12.419650 29.342897 2.960700
v -12.419650 24.811501 2.960700
v -12.461350 29.342901 2.960700
v -12.461350 29.384600 2.960700
v -12.461350 29.384600 3.071900
v -12.558650 29.342897 2.919000
v -10.953200 26.910398 2.919000
v -10.953202 26.910398 2.960700
v -14.066802 26.910398 2.919000
v -10.953200 27.021601 2.919000
v -14.066800 26.910398 2.960700
v -14.066802 26.868700 2.960700
v -14.066800 26.910398 3.071900
v -14.108500 26.910398 2.960700
v -14.066800 27.021601 2.960700
v -14.066802 26.868700 3.071900
v -14.108500 27.021601 2.960700
v -14.108500 27.021601 3.071900
v -14.108500 26.910398 3.071900
v -14.066800 27.021601 3.071900
v -14.066802 27.063299 3.071900
v -14.066802 27.021601 3.113600
v -10.953202 27.021601 3.071900
v -14.066802 27.063299 2.960700
v -10.953200 27.021601 3.113600
v -10.953200 26.910398 3.113600
v -10.953202 26.910398 3.071900
v -14.066802 26.910398 3.113600
v -10.911502 26.910398 3.071900
v -10.953200 26.868700 3.071900
v -10.953200 26.868700 2.960700
v -10.911502 27.021601 3.071900
v -10.911502 27.021601 2.960700
v -10.911502 26.910398 2.960700
v -10.953202 27.021601 2.960700
v -10.953200 27.063299 2.960700
v -10.953200 27.063299 3.071900
v -14.066802 27.021601 2.919000
v -10.431951 24.324999 2.745250
v -10.431951 24.324999 2.856450
v -14.588052 24.324999 2.745250
v -10.431951 24.519598 2.745250
v -14.588052 24.324999 2.856450
v -14.588052 24.213800 2.856450
v -14.588052 24.324999 3.676550
v -14.699252 24.324999 2.856450
v -14.588052 24.519598 2.856450
v -14.588052 24.213800 3.676550
v -14.699252 24.519598 2.856450
v -14.699252 24.519598 3.676550
v -14.699252 24.324999 3.676550
v -14.588052 24.519598 3.676550
v -14.588052 24.630798 3.676550
v -14.588052 24.519598 3.787750
v -10.431951 24.519598 3.676550
v -14.588052 24.630798 2.856450
v -10.431951 24.519598 3.787750
v -10.431951 24.324999 3.787750
v -10.431951 24.324999 3.676550
v -14.588052 24.324999 3.787750
v -10.320750 24.324999 3.676550
v -10.431951 24.213800 3.676550
v -10.431951 24.213800 2.856450
v -10.320750 24.519598 3.676550
v -10.320750 24.519598 2.856450
v -10.320750 24.324999 2.856450
v -10.431951 24.519598 2.856450
v -10.431951 24.630798 2.856450
v -10.431951 24.630798 3.676550
v -14.588052 24.519598 2.745250
v -16.402000 24.533499 3.322100
v -16.402000 28.634001 3.322100
v -20.293999 24.533499 3.322100
v -16.402000 24.533499 3.766900
v -20.293999 28.634001 3.322100
v -16.402000 28.634001 3.766900
v -16.468307 29.137663 3.766900
v -20.293999 24.533499 3.766900
v -16.662716 29.606998 3.766900
v -20.293999 28.634001 3.766900
v -20.227692 29.137663 3.766900
v -20.033283 29.606998 3.766900
v -17.374996 30.319284 3.766900
v -20.227692 29.137663 3.322100
v -20.033283 29.606998 3.322100
v -19.724030 30.010029 3.322100
v -19.320999 30.319284 3.322100
v -18.851662 30.513691 3.322100
v -18.348000 30.580000 3.322100
v -16.662716 29.606998 3.322100
v -16.468307 29.137663 3.322100
v -16.971966 30.010029 3.322100
v -17.844337 30.513691 3.322100
v -17.374996 30.319284 3.322100
v -16.971966 30.010029 3.766900
v -17.844337 30.513691 3.766900
v -18.348000 30.580000 3.766900
v -18.851662 30.513691 3.766900
v -19.320999 30.319284 3.766900
v -19.724030 30.010029 3.766900
v -16.763401 24.811501 3.099700
v -16.763401 28.564499 3.099700
v -19.932598 24.811501 3.099700
v -16.763401 24.811501 3.294300
v -19.932598 28.564499 3.099700
v -16.763401 28.564499 3.294300
v -16.817390 28.974627 3.294300
v -19.932598 24.811501 3.294300
v -16.975697 29.356800 3.294300
v -17.227520 29.684982 3.294300
v -17.555698 29.936804 3.294300
v -19.932598 28.564499 3.294300
v -19.878605 28.974627 3.294300
v -19.140297 29.936804 3.294300
v -19.468479 29.684982 3.294300
v -19.720303 29.356800 3.294300
v -19.878605 28.974627 3.099700
v -19.720303 29.356800 3.099700
v -19.468479 29.684982 3.099700
v -18.348000 30.149101 3.099700
v -16.975697 29.356800 3.099700
v -16.817390 28.974627 3.099700
v -17.227520 29.684982 3.099700
v -17.555698 29.936804 3.099700
v -17.937874 30.095106 3.099700
v -17.937874 30.095106 3.294300
v -18.348000 30.149101 3.294300
v -18.758121 30.095106 3.294300
v -18.758121 30.095106 3.099700
v -19.140297 29.936804 3.099700
v -18.299347 24.811501 2.919000
v -18.299347 24.811497 2.960700
v -18.396648 24.811501 2.919000
v -18.299347 29.342897 2.919000
v -18.396648 24.811497 2.960700
v -18.396648 24.769800 2.960700
v -18.396648 24.811497 3.071900
v -18.438351 24.811501 2.960700
v -18.396648 29.342901 2.960700
v -18.396648 24.769800 3.071900
v -18.438351 29.342897 2.960700
v -18.438351 29.342897 3.071900
v -18.438351 24.811501 3.071900
v -18.396648 29.342901 3.071900
v -18.396648 29.384600 3.071900
v -18.396648 29.342897 3.113600
v -18.299347 29.342901 3.071900
v -18.396648 29.384600 2.960700
v -18.299347 29.342897 3.113600
v -18.299347 24.811501 3.113600
v -18.299347 24.811497 3.071900
v -18.396648 24.811501 3.113600
v -18.257648 24.811501 3.071900
v -18.299347 24.769800 3.071900
v -18.299347 24.769800 2.960700
v -18.257648 29.342897 3.071900
v -18.257648 29.342897 2.960700
v -18.257648 24.811501 2.960700
v -18.299347 29.342901 2.960700
v -18.299347 29.384600 2.960700
v -18.299347 29.384600 3.071900
v -18.396648 29.342897 2.919000
v -16.791199 26.910398 2.919000
v -16.791199 26.910398 2.960700
v -19.904800 26.910398 2.919000
v -16.791199 27.021601 2.919000
v -19.904800 26.910398 2.960700
v -19.904800 26.868700 2.960700
v -19.904800 26.910398 3.071900
v -19.946499 26.910398 2.960700
v -19.904800 27.021601 2.960700
v -19.904800 26.868700 3.071900
v -19.946499 27.021601 2.960700
v -19.946499 27.021601 3.071900
v -19.946499 26.910398 3.071900
v -19.904800 27.021601 3.071900
v -19.904800 27.063299 3.071900
v -19.904800 27.021601 3.113600
v -16.791199 27.021601 3.071900
v -19.904800 27.063299 2.960700
v -16.791199 27.021601 3.113600
v -16.791199 26.910398 3.113600
v -16.791199 26.910398 3.071900
v -19.904800 26.910398 3.113600
v -16.749500 26.910398 3.071900
v -16.791199 26.868700 3.071900
v -16.791199 26.868700 2.960700
v -16.749500 27.021601 3.071900
v -16.749500 27.021601 2.960700
v -16.749500 26.910398 2.960700
v -16.791199 27.021601 2.960700
v -16.791199 27.063299 2.960700
v -16.791199 27.063299 3.071900
v -19.904800 27.021601 2.919000
v -16.269947 24.324999 2.745250
v -16.269947 24.324999 2.856450
v -20.426048 24.324999 2.745250
v -16.269947 24.519598 2.745250
v -20.426048 24.324999 2.856450
v -20.426048 24.213800 2.856450
v -20.426048 24.324999 3.676550
v -20.537251 24.324999 2.856450
v -20.426048 24.519598 2.856450
v -20.426048 24.213800 3.676550
v -20.537251 24.519598 2.856450
v -20.537251 24.519598 3.676550
v -20.537251 24.324999 3.676550
v -20.426048 24.519598 3.676550
v -20.426048 24.630798 3.676550
v -20.426048 24.519598 3.787750
v -16.269947 24.519598 3.676550
v -20.426048 24.630798 2.856450
v -16.269947 24.519598 3.787750
v -16.269947 24.324999 3.787750
v -16.269947 24.324999 3.676550
v -20.426048 24.324999 3.787750
v -16.158749 24.324999 3.676550
v -16.269947 24.213800 3.676550
v -16.269947 24.213800 2.856450
v -16.158749 24.519598 3.676550
v -16.158749 24.519598 2.856450
v -16.158749 24.324999 2.856450
v -16.269947 24.519598 2.856450
v -16.269947 24.630798 2.856450
v -16.269947 24.630798 3.676550
v -20.426048 24.519598 2.745250
v -22.100998 24.533499 3.322100
v -22.100998 28.634001 3.322100
v -25.993000 24.533499 3.322100
v -22.100998 24.533499 3.766900
v -25.993000 28.634001 3.322100
v -22.100998 28.634001 3.766900
v -22.167305 29.137663 3.766900
v -25.993000 24.533499 3.766900
v -22.361713 29.606998 3.766900
v -25.993000 28.634001 3.766900
v -25.926693 29.137663 3.766900
v -25.732285 29.606998 3.766900
v -23.073997 30.319284 3.766900
v -25.926693 29.137663 3.322100
v -25.732285 29.606998 3.322100
v -25.423031 30.010029 3.322100
v -25.020000 30.319284 3.322100
v -24.550659 30.513691 3.322100
v -24.046997 30.580000 3.322100
v -22.361713 29.606998 3.322100
v -22.167305 29.137663 3.322100
v -22.670967 30.010029 3.322100
v -23.543339 30.513691 3.322100
v -23.073997 30.319284 3.322100
v -22.670967 30.010029 3.766900
v -23.543339 30.513691 3.766900
v -24.046997 30.580000 3.766900
v -24.550659 30.513691 3.766900
v -25.020000 30.319284 3.766900
v -25.423031 30.010029 3.766900
v -22.462399 24.811501 3.099700
v -22.462399 28.564499 3.099700
v -25.631599 24.811501 3.099700
v -22.462399 24.811501 3.294300
v -25.631599 28.564499 3.099700
v -22.462399 28.564499 3.294300
v -22.516392 28.974627 3.294300
v -25.631599 24.811501 3.294300
v -22.674694 29.356800 3.294300
v -22.926517 29.684982 3.294300
v -23.254700 29.936804 3.294300
v -25.631599 28.564499 3.294300
v -25.577606 28.974627 3.294300
v -24.839298 29.936804 3.294300
v -25.167480 29.684982 3.294300
v -25.419300 29.356800 3.294300
v -25.577606 28.974627 3.099700
v -25.419300 29.356800 3.099700
v -25.167480 29.684982 3.099700
v -24.046997 30.149101 3.099700
v -22.674694 29.356800 3.099700
v -22.516392 28.974627 3.099700
v -22.926517 29.684982 3.099700
v -23.254700 29.936804 3.099700
v -23.636875 30.095106 3.099700
v -23.636875 30.095106 3.294300
v -24.046997 30.149101 3.294300
v -24.457123 30.095106 3.294300
v -24.457123 30.095106 3.099700
v -24.839298 29.936804 3.099700
v -23.998348 24.811501 2.919000
v -23.998348 24.811497 2.960700
v -24.095650 24.811501 2.919000
v -23.998348 29.342897 2.919000
v -24.095650 24.811497 2.960700
v -24.095650 24.769800 2.960700
v -24.095650 24.811497 3.071900
v -24.137348 24.811501 2.960700
v -24.095650 29.342901 2.960700
v -24.095650 24.769800 3.071900
v -24.137348 29.342897 2.960700
v -24.137348 29.342897 3.071900
v -24.137348 24.811501 3.071900
v -24.095650 29.342901 3.071900
v -24.095650 29.384600 3.071900
v -24.095650 29.342897 3.113600
v -23.998348 29.342901 3.071900
v -24.095650 29.384600 2.960700
v -23.998348 29.342897 3.113600
v -23.998348 24.811501 3.113600
v -23.998348 24.811497 3.071900
v -24.095650 24.811501 3.113600
v -23.956650 24.811501 3.071900
v -23.998348 24.769800 3.071900
v -23.998348 24.769800 2.960700
v -23.956650 29.342897 3.071900
v -23.956650 29.342897 2.960700
v -23.956650 24.811501 2.960700
v -23.998348 29.342901 2.960700
v -23.998348 29.384600 2.960700
v -23.998348 29.384600 3.071900
v -24.095650 29.342897 2.919000
v -22.490196 26.910398 2.919000
v -22.490200 26.910398 2.960700
v -25.603802 26.910398 2.919000
v -22.490196 27.021601 2.919000
v -25.603798 26.910398 2.960700
v -25.603802 26.868700 2.960700
v -25.603798 26.910398 3.071900
v -25.645496 26.910398 2.960700
v -25.603798 27.021601 2.960700
v -25.603802 26.868700 3.071900
v -25.645496 27.021601 2.960700
v -25.645496 27.021601 3.071900
v -25.645496 26.910398 3.071900
v -25.603798 27.021601 3.071900
v -25.603802 27.063299 3.071900
v -25.603802 27.021601 3.113600
v -22.490200 27.021601 3.071900
v -25.603802 27.063299 2.960700
v -22.490196 27.021601 3.113600
v -22.490196 26.910398 3.113600
v -22.490200 26.910398 3.071900
v -25.603802 26.910398 3.113600
v -22.448498 26.910398 3.071900
v -22.490196 26.868700 3.071900
v -22.490196 26.868700 2.960700
v -22.448498 27.021601 3.071900
v -22.448498 27.021601 2.960700
v -22.448498 26.910398 2.960700
v -22.490200 27.021601 2.960700
v -22.490196 27.063299 2.960700
v -22.490196 27.063299 3.071900
v -25.603802 27.021601 2.919000
v -21.968948 24.324999 2.745250
v -21.968948 24.324999 2.856450
v -26.125050 24.324999 2.745250
v -21.968948 24.519598 2.745250
v -26.125050 24.324999 2.856450
v -26.125050 24.213800 2.856450
v -26.125050 24.324999 3.676550
v -26.236248 24.324999 2.856450
v -26.125050 24.519598 2.856450
v -26.125050 24.213800 3.676550
v -26.236248 24.519598 2.856450
v -26.236248 24.519598 3.676550
v -26.236248 24.324999 3.676550
v -26.125050 24.519598 3.676550
v -26.125050 24.630798 3.676550
v -26.125050 24.519598 3.787750
v -21.968948 24.519598 3.676550
v -26.125050 24.630798 2.856450
v -21.968948 24.519598 3.787750
v -21.968948 24.324999 3.787750
v -21.968948 24.324999 3.676550
v -26.125050 24.324999 3.787750
v -21.857746 24.324999 3.676550
v -21.968948 24.213800 3.676550
v -21.968948 24.213800 2.856450
v -21.857746 24.519598 3.676550
v -21.857746 24.519598 2.856450
v -21.857746 24.324999 2.856450
v -21.968948 24.519598 2.856450
v -21.968948 24.630798 2.856450
v -21.968948 24.630798 3.676550
v -26.125050 24.519598 2.745250
v -27.535896 24.533499 6.533000
v -27.535896 28.634001 6.533000
v -27.535896 24.533499 10.425000
v -27.091095 24.533499 6.533000
v -27.535896 28.634001 10.425000
v -27.091095 28.634001 6.533000
v -27.091095 29.137663 6.599308
v -27.091095 24.533499 10.425000
v -27.091095 29.606998 6.793714
v -27.091095 30.010029 7.102970
v -27.091095 30.319284 7.506000
v -27.091095 28.634001 10.425000
v -27.091095 29.137663 10.358691
v -27.091095 30.319284 9.452000
v -27.091095 30.010029 9.855030
v -27.091095 29.606998 10.164286
v -27.535896 29.137663 10.358691
v -27.535896 29.606998 10.164286
v -27.535896 30.010029 9.855029
v -27.535896 30.319284 9.452000
v -27.535896 30.513691 8.982661
v -27.535896 30.580000 8.479000
v -27.535896 29.606998 6.793714
v -27.535896 29.137663 6.599308
v -27.535896 30.010029 7.102970
v -27.535896 30.513691 7.975338
v -27.535896 30.319284 7.505999
v -27.091095 30.513691 7.975338
v -27.091095 30.580000 8.479000
v -27.091095 30.513691 8.982661
v -27.758297 24.811501 6.894400
v -27.758297 28.564499 6.894400
v -27.758297 24.811501 10.063600
v -27.563698 24.811501 6.894400
v -27.758297 28.564499 10.063600
v -27.563698 28.564499 6.894400
v -27.563698 28.974627 6.948394
v -27.563698 24.811501 10.063600
v -27.563698 29.356800 7.106696
v -27.563698 29.684982 7.358518
v -27.563698 29.936804 7.686699
v -27.563698 28.564499 10.063600
v -27.563698 28.974627 10.009605
v -27.563698 29.936804 9.271300
v -27.563698 29.684982 9.599482
v -27.563698 29.356800 9.851303
v -27.758297 28.974627 10.009605
v -27.758297 29.356800 9.851303
v -27.758297 29.684982 9.599482
v -27.758297 29.936804 9.271300
v -27.758297 30.095106 8.889125
v -27.758297 30.149101 8.479000
v -27.758297 29.356800 7.106696
v -27.758297 28.974627 6.948394
v -27.758297 29.684982 7.358518
v -27.758297 30.095106 8.068874
v -27.758297 29.936804 7.686699
v -27.563698 30.095106 8.068874
v -27.563698 30.149101 8.479000
v -27.563698 30.095106 8.889125
v -27.938999 24.811501 8.430350
v -27.897301 24.811497 8.430350
v -27.938999 24.811501 8.527650
v -27.938999 29.342897 8.430350
v -27.897301 24.811497 8.527650
v -27.897301 24.769800 8.527650
v -27.786098 24.811497 8.527650
v -27.897301 24.811501 8.569349
v -27.897301 29.342901 8.527650
v -27.786098 24.769800 8.527650
v -27.897301 29.342897 8.569349
v -27.786098 29.342897 8.569349
v -27.786098 24.811501 8.569349
v -27.786098 29.342901 8.527650
v -27.786098 29.384600 8.527650
v -27.744400 29.342897 8.527650
v -27.786098 29.342901 8.430350
v -27.897301 29.384600 8.527650
v -27.744400 29.342897 8.430350
v -27.744400 24.811501 8.430350
v -27.786098 24.811497 8.430350
v -27.744400 24.811501 8.527650
v -27.786098 24.811501 8.388650
v -27.786098 24.769800 8.430350
v -27.897301 24.769800 8.430350
v -27.786098 29.342897 8.388650
v -27.897301 29.342897 8.388650
v -27.897301 24.811501 8.388650
v -27.897301 29.342901 8.430350
v -27.897301 29.384600 8.430350
v -27.786098 29.384600 8.430350
v -27.938999 29.342897 8.527650
v -27.938999 26.910398 6.922200
v -27.897297 26.910398 6.922200
v -27.938999 26.910398 10.035799
v -27.938999 27.021601 6.922200
v -27.897301 26.910398 10.035799
v -27.897301 26.868700 10.035799
v -27.786098 26.910398 10.035799
v -27.897301 26.910398 10.077499
v -27.897301 27.021601 10.035799
v -27.786098 26.868700 10.035799
v -27.897301 27.021601 10.077499
v -27.786098 27.021601 10.077499
v -27.786098 26.910398 10.077499
v -27.786098 27.021601 10.035799
v -27.786098 27.063299 10.035799
v -27.744400 27.021601 10.035799
v -27.786098 27.021601 6.922200
v -27.897301 27.063299 10.035799
v -27.897297 27.063299 6.922200
v -27.897297 27.021601 6.922200
v -27.786098 27.063299 6.922200
v -27.897297 27.021601 6.880499
v -27.897297 26.910398 6.880499
v -27.786098 26.910398 6.880499
v -27.786098 27.021601 6.880499
v -27.786098 26.910398 6.922200
v -27.786098 26.868700 6.922200
v -27.744400 26.910398 6.922200
v -27.897297 26.868700 6.922200
v -27.744400 26.910398 10.035799
v -27.744400 27.021601 6.922200
v -27.938999 27.021601 10.035799
v -28.112747 24.324999 6.400949
v -28.001549 24.324999 6.400950
v -28.112747 24.324999 10.557050
v -28.112747 24.519598 6.400949
v -28.001549 24.519598 6.400950
v -28.112747 24.519598 10.557050
v -28.001549 24.519598 10.557050
v -28.001549 24.630798 10.557050
v -28.001549 24.519598 10.668250
v -27.181446 24.519598 10.557050
v -28.001549 24.324999 10.557050
v -28.001549 24.630798 6.400950
v -27.181446 24.519598 10.668250
v -27.181446 24.324999 10.668250
v -27.181446 24.324999 10.557050
v -28.001549 24.324999 10.668250
v -27.181446 24.213800 10.557050
v -27.181446 24.324999 6.400950
v -27.070248 24.324999 10.557050
v -27.181446 24.213800 6.400950
v -27.070248 24.324999 6.400950
v -27.070248 24.519598 10.557050
v -27.070248 24.519598 6.400950
v -27.181446 24.519598 6.400950
v -27.181446 24.630798 6.400950
v -27.181446 24.519598 6.289749
v -28.001549 24.519598 6.289749
v -27.181446 24.630798 10.557050
v -28.001549 24.324999 6.289749
v -27.181446 24.324999 6.289749
v -28.001549 24.213800 6.400950
v -28.001549 24.213800 10.557050
v -27.535896 24.533499 13.205000
v -27.535896 28.634001 13.205000
v -27.535896 24.533499 17.096998
v -27.091095 24.533499 13.205000
v -27.535896 28.634001 17.096998
v -27.091095 28.634001 13.205000
v -27.091095 29.137663 13.271308
v -27.091095 24.533499 17.096998
v -27.091095 29.606998 13.465714
v -27.091095 30.010029 13.774970
v -27.091095 30.319284 14.177999
v -27.091095 28.634001 17.096998
v -27.091095 29.137663 17.030691
v -27.091095 30.319284 16.123999
v -27.091095 30.010029 16.527029
v -27.091095 29.606998 16.836285
v -27.535896 29.137663 17.030691
v -27.535896 29.606998 16.836285
v -27.535896 30.010029 16.527029
v -27.535896 30.319284 16.123999
v -27.535896 30.513691 15.654661
v -27.535896 30.580000 15.150999
v -27.535896 29.606998 13.465714
v -27.535896 29.137663 13.271308
v -27.535896 30.010029 13.774970
v -27.535896 30.513691 14.647337
v -27.535896 30.319284 14.177999
v -27.091095 30.513691 14.647337
v -27.091095 30.580000 15.150999
v -27.091095 30.513691 15.654661
v -27.758297 24.811501 13.566399
v -27.758297 28.564499 13.566399
v -27.758297 24.811501 16.735600
v -27.563698 24.811501 13.566399
v -27.758297 28.564499 16.735600
v -27.563698 28.564499 13.566399
v -27.563698 28.974627 13.620394
v -27.563698 24.811501 16.735600
v -27.563698 29.936804 14.358700
v -27.563698 28.564499 16.735600
v -27.563698 28.974627 16.681604
v -27.563698 29.936804 15.943298
v -27.758297 28.974627 16.681604
v -27.758297 29.356800 16.523304
v -27.758297 29.684982 16.271481
v -27.563698 29.356800 16.523304
v -27.758297 29.936804 15.943298
v -27.758297 30.095106 15.561124
v -27.758297 30.149101 15.150999
v -27.758297 29.356800 13.778695
v -27.758297 28.974627 13.620394
v -27.758297 29.684982 14.030518
v -27.563698 29.356800 13.778695
v -27.758297 30.095106 14.740875
v -27.758297 29.936804 14.358700
v -27.563698 29.684982 14.030518
v -27.563698 30.095106 14.740875
v -27.563698 30.149101 15.150999
v -27.563698 30.095106 15.561124
v -27.563698 29.684982 16.271481
v -27.938999 24.811501 15.102349
v -27.897301 24.811497 15.102349
v -27.938999 24.811501 15.199649
v -27.938999 29.342897 15.102349
v -27.897301 24.811497 15.199649
v -27.897301 24.769800 15.199649
v -27.786098 24.811497 15.199649
v -27.897301 24.811501 15.241348
v -27.897301 29.342901 15.199649
v -27.786098 24.769800 15.199649
v -27.897301 29.342897 15.241348
v -27.786098 29.342897 15.241348
v -27.786098 24.811501 15.241348
v -27.786098 29.342901 15.199649
v -27.786098 29.384600 15.199649
v -27.744400 29.342897 15.199649
v -27.786098 29.342901 15.102349
v -27.897301 29.384600 15.199649
v -27.744400 29.342897 15.102349
v -27.744400 24.811501 15.102349
v -27.786098 24.811497 15.102349
v -27.744400 24.811501 15.199649
v -27.786098 24.811501 15.060650
v -27.786098 24.769800 15.102349
v -27.897301 24.769800 15.102349
v -27.786098 29.342897 15.060650
v -27.897301 29.342897 15.060650
v -27.897301 24.811501 15.060650
v -27.897301 29.342901 15.102349
v -27.897301 29.384600 15.102349
v -27.786098 29.384600 15.102349
v -27.938999 29.342897 15.199649
v -27.938999 26.910398 13.594199
v -27.897297 26.910398 13.594199
v -27.938999 26.910398 16.707800
v -27.938999 27.021601 13.594199
v -27.897301 26.910398 16.707800
v -27.897301 26.868700 16.707800
v -27.786098 26.910398 16.707800
v -27.897301 26.910398 16.749498
v -27.897301 27.021601 16.707800
v -27.786098 26.868700 16.707800
v -27.897301 27.021601 16.749498
v -27.786098 27.021601 16.749498
v -27.786098 26.910398 16.749498
v -27.786098 27.021601 16.707800
v -27.786098 27.063299 16.707800
v -27.744400 27.021601 16.707800
v -27.786098 27.021601 13.594199
v -27.897301 27.063299 16.707800
v -27.897297 27.063299 13.594199
v -27.897297 27.021601 13.594199
v -27.786098 27.063299 13.594199
v -27.897297 27.021601 13.552500
v -27.897297 26.910398 13.552500
v -27.786098 26.910398 13.552500
v -27.786098 27.021601 13.552500
v -27.786098 26.910398 13.594199
v -27.786098 26.868700 13.594199
v -27.744400 26.910398 13.594199
v -27.897297 26.868700 13.594199
v -27.744400 26.910398 16.707800
v -27.744400 27.021601 13.594199
v -27.938999 27.021601 16.707800
v -28.112747 24.324999 13.072949
v -28.001549 24.324999 13.072949
v -28.112747 24.324999 17.229050
v -28.112747 24.519598 13.072949
v -28.001549 24.324999 17.229050
v -28.001549 24.213800 17.229050
v -27.181446 24.324999 17.229050
v -28.001549 24.324999 17.340248
v -28.001549 24.519598 17.229050
v -27.181446 24.213800 17.229050
v -28.001549 24.519598 17.340248
v -27.181446 24.519598 17.340248
v -27.181446 24.324999 17.340248
v -27.181446 24.519598 17.229050
v -27.181446 24.630798 17.229050
v -27.070248 24.519598 17.229050
v -27.181446 24.519598 13.072949
v -28.001549 24.630798 17.229050
v -27.070248 24.519598 13.072949
v -27.070248 24.324999 13.072949
v -27.181446 24.324999 13.072949
v -27.070248 24.324999 17.229050
v -27.181446 24.324999 12.961749
v -27.181446 24.213800 13.072949
v -28.001549 24.213800 13.072949
v -27.181446 24.519598 12.961749
v -28.001549 24.519598 12.961749
v -28.001549 24.324999 12.961749
v -28.001549 24.519598 13.072949
v -28.001549 24.630798 13.072949
v -27.181446 24.630798 13.072949
v -28.112747 24.519598 17.229050
vn -0.0000 -0.0000 -1.0000
vn -0.0000 -0.0000 1.0000
vn -0.0000 -1.0000 -0.0000
vn -1.0000 -0.0000 -0.0000
vn -0.9914 0.1305 -0.0000
vn -0.9239 0.3827 -0.0000
vn -0.7934 0.6088 -0.0000
vn -0.6088 0.7934 -0.0000
vn -0.3827 0.9239 -0.0000
vn -0.1305 0.9914 -0.0000
vn 0.1305 0.9914 -0.0000
vn 0.3827 0.9239 -0.0000
vn 0.6088 0.7934 -0.0000
vn 0.7934 0.6088 -0.0000
vn 0.9239 0.3827 -0.0000
vn 0.9914 0.1305 -0.0000
vn 1.0000 -0.0000 -0.0000
vn -0.0000 1.0000 -0.0000
vn 0.7933 0.6088 -0.0000
vn -0.7933 0.6088 -0.0000
vn -0.0000 -1.0000 -0.0001
vn -0.0001 1.0000 -0.0000
vn -0.0001 -1.0000 -0.0000
vn -0.0000 1.0000 0.0001
vn -0.0000 -1.0000 0.0001
vn -1.0000 -0.0000 0.0001
vn 0.0001 1.0000 -0.0000
vn 0.0001 -1.0000 -0.0000
vn -0.0000 1.0000 -0.0001
vn -1.0000 -0.0000 -0.0002
vn 1.0000 -0.0000 0.0002
vn -1.0000 0.0001 -0.0000
vn -1.0000 -0.0001 -0.0000
vn 1.0000 -0.0000 -0.0002
vn -1.0000 -0.0000 -0.0001
vn 1.0000 0.0001 -0.0000
vn 1.0000 -0.0001 -0.0000
vn 1.0000 -0.0000 -0.0001
vn -1.0000 -0.0000 0.0002
vn -0.0000 0.1305 -0.9914
vn -0.0000 0.1305 0.9914
vn 1.0000 -0.0000 0.0001
vn -0.0000 0.3827 0.9239
vn -0.0000 0.6088 0.7934
vn -0.0000 0.3827 -0.9239
vn -0.0000 0.6088 -0.7934
vn -0.0000 0.7934 -0.6088
vn -0.0000 0.9239 -0.3827
vn -0.0000 0.9914 -0.1305
vn -0.0000 0.9914 0.1305
vn -0.0000 0.9239 0.3827
vn -0.0000 0.7934 0.6088
vn -0.0000 0.6088 -0.7933
vn -0.0000 0.6088 0.7933
s 0
usemtl Gold
f 5365//820 5369//820 5373//820
f 5384//821 5382//821 5378//821
f 5376//822 5362//822 5361//822
f 5377//823 5363//823 5362//823
f 5378//824 5364//824 5363//824
f 5379//825 5365//825 5364//825
f 5380//826 5366//826 5365//826
f 5381//827 5367//827 5366//827
f 5382//828 5368//828 5367//828
f 5383//829 5369//829 5368//829
f 5384//830 5370//830 5369//830
f 5385//831 5371//831 5370//831
f 5386//832 5372//832 5371//832
f 5387//833 5373//833 5372//833
f 5388//834 5374//834 5373//834
f 5389//835 5375//835 5374//835
f 5390//836 5361//836 5375//836
f 5374//820 5375//820 5363//820
f 5375//820 5361//820 5363//820
f 5361//820 5362//820 5363//820
f 5363//820 5364//820 5365//820
f 5365//820 5366//820 5367//820
f 5367//820 5368//820 5365//820
f 5368//820 5369//820 5365//820
f 5369//820 5370//820 5373//820
f 5370//820 5371//820 5373//820
f 5371//820 5372//820 5373//820
f 5373//820 5374//820 5363//820
f 5363//820 5365//820 5373//820
f 5377//821 5376//821 5390//821
f 5390//821 5389//821 5388//821
f 5388//821 5387//821 5386//821
f 5386//821 5385//821 5384//821
f 5384//821 5383//821 5382//821
f 5382//821 5381//821 5378//821
f 5381//821 5380//821 5378//821
f 5380//821 5379//821 5378//821
f 5378//821 5377//821 5390//821
f 5390//821 5388//821 5378//821
f 5388//821 5386//821 5378//821
f 5386//821 5384//821 5378//821
f 5376//822 5377//822 5362//822
f 5377//823 5378//823 5363//823
f 5378//824 5379//824 5364//824
f 5379//825 5380//825 5365//825
f 5380//826 5381//826 5366//826
f 5381//827 5382//827 5367//827
f 5382//828 5383//828 5368//828
f 5383//829 5384//829 5369//829
f 5384//830 5385//830 5370//830
f 5385//831 5386//831 5371//831
f 5386//832 5387//832 5372//832
f 5387//833 5388//833 5373//833
f 5388//834 5389//834 5374//834
f 5389//835 5390//835 5375//835
f 5390//836 5376//836 5361//836
f 5488//836 5486//836 5485//836
f 5489//822 5485//822 5486//822
f 5489//822 5487//822 5485//822
f 5487//820 5488//820 5485//820
f 5490//820 5489//820 5486//820
f 5494//823 5489//823 5490//823
f 5493//823 5487//823 5489//823
f 5494//823 5491//823 5489//823
f 5491//822 5492//822 5489//822
f 5495//820 5489//820 5492//820
f 5495//820 5493//820 5489//820
f 5496//837 5493//837 5495//837
f 5497//823 5496//823 5495//823
f 5497//823 5495//823 5492//823
f 5491//822 5497//822 5492//822
f 5498//821 5497//821 5491//821
f 5498//821 5496//821 5497//821
f 5496//837 5498//837 5493//837
f 5498//823 5502//823 5493//823
f 5498//823 5499//823 5502//823
f 5501//821 5499//821 5498//821
f 5500//823 5498//823 5491//823
f 5503//837 5498//837 5500//837
f 5503//837 5501//837 5498//837
f 5504//821 5503//821 5500//821
f 5501//836 5503//836 5504//836
f 5505//822 5504//822 5506//822
f 5501//836 5504//836 5505//836
f 5504//821 5500//821 5506//821
f 5500//823 5491//823 5506//823
f 5505//822 5506//822 5491//822
f 5507//822 5505//822 5486//822
f 5510//821 5505//821 5507//821
f 5505//836 5509//836 5486//836
f 5508//821 5505//821 5491//821
f 5505//836 5508//836 5509//836
f 5510//821 5501//821 5505//821
f 5501//837 5510//837 5511//837
f 5512//836 5511//836 5510//836
f 5512//836 5510//836 5507//836
f 5513//820 5512//820 5486//820
f 5507//822 5486//822 5512//822
f 5513//820 5511//820 5512//820
f 5493//820 5514//820 5513//820
f 5515//836 5513//836 5514//836
f 5515//836 5501//836 5513//836
f 5501//837 5511//837 5513//837
f 5488//836 5513//836 5486//836
f 5516//837 5513//837 5488//837
f 5516//837 5493//837 5513//837
f 5487//820 5516//820 5488//820
f 5493//823 5516//823 5487//823
f 5502//837 5515//837 5514//837
f 5501//821 5515//821 5499//821
f 5502//837 5499//837 5515//837
f 5493//820 5502//820 5514//820
f 5490//820 5486//820 5509//820
f 5508//822 5490//822 5509//822
f 5508//822 5494//822 5490//822
f 5508//821 5491//821 5494//821
f 5518//820 5517//820 5521//820
f 5522//836 5517//836 5518//836
f 5517//820 5519//820 5521//820
f 5520//822 5519//822 5517//822
f 5522//836 5520//836 5517//836
f 5524//821 5520//821 5522//821
f 5523//835 5522//835 5518//835
f 5522//821 5523//821 5525//821
f 5526//821 5524//821 5522//821
f 5522//821 5525//821 5526//821
f 5524//823 5526//823 5521//823
f 5526//824 5527//824 5530//824
f 5528//821 5527//821 5526//821
f 5526//824 5530//824 5521//824
f 5528//821 5526//821 5529//821
f 5525//821 5529//821 5526//821
f 5521//820 5530//820 5531//820
f 5527//825 5531//825 5530//825
f 5531//820 5532//820 5533//820
f 5528//826 5532//826 5531//826
f 5527//825 5528//825 5531//825
f 5521//820 5531//820 5534//820
f 5531//820 5533//820 5534//820
f 5534//820 5535//820 5521//820
f 5525//834 5535//834 5534//834
f 5538//820 5536//820 5534//820
f 5539//833 5534//833 5536//833
f 5539//833 5525//833 5534//833
f 5533//820 5537//820 5534//820
f 5537//820 5538//820 5534//820
f 5529//832 5539//832 5536//832
f 5525//821 5539//821 5529//821
f 5529//832 5536//832 5538//832
f 5540//831 5538//831 5537//831
f 5540//831 5529//831 5538//831
f 5541//830 5540//830 5537//830
f 5540//821 5541//821 5542//821
f 5529//821 5540//821 5542//821
f 5543//827 5542//827 5545//827
f 5542//821 5543//821 5528//821
f 5542//828 5544//828 5546//828
f 5541//821 5544//821 5542//821
f 5542//828 5546//828 5545//828
f 5542//821 5528//821 5529//821
f 5545//820 5546//820 5533//820
f 5544//829 5533//829 5546//829
f 5532//820 5545//820 5533//820
f 5543//827 5545//827 5532//827
f 5544//829 5541//829 5533//829
f 5528//826 5543//826 5532//826
f 5541//830 5537//830 5533//830
f 5535//820 5518//820 5521//820
f 5523//835 5518//835 5535//835
f 5525//834 5523//834 5535//834
f 5520//822 5524//822 5519//822
f 5524//823 5521//823 5519//823
f 5644//836 5642//836 5641//836
f 5645//822 5641//822 5642//822
f 5645//822 5643//822 5641//822
f 5643//820 5644//820 5641//820
f 5646//820 5645//820 5642//820
f 5650//823 5645//823 5646//823
f 5649//823 5643//823 5645//823
f 5650//823 5647//823 5645//823
f 5647//822 5648//822 5645//822
f 5651//820 5645//820 5648//820
f 5651//820 5649//820 5645//820
f 5652//837 5649//837 5651//837
f 5653//823 5652//823 5651//823
f 5653//823 5651//823 5648//823
f 5647//822 5653//822 5648//822
f 5654//821 5653//821 5647//821
f 5654//821 5652//821 5653//821
f 5652//837 5654//837 5649//837
f 5654//823 5658//823 5649//823
f 5654//823 5655//823 5658//823
f 5657//821 5655//821 5654//821
f 5656//823 5654//823 5647//823
f 5659//837 5654//837 5656//837
f 5659//837 5657//837 5654//837
f 5660//821 5659//821 5656//821
f 5657//836 5659//836 5660//836
f 5661//822 5660//822 5662//822
f 5657//836 5660//836 5661//836
f 5660//821 5656//821 5662//821
f 5656//823 5647//823 5662//823
f 5661//822 5662//822 5647//822
f 5663//822 5661//822 5642//822
f 5666//821 5661//821 5663//821
f 5661//836 5665//836 5642//836
f 5664//821 5661//821 5647//821
f 5661//836 5664//836 5665//836
f 5666//821 5657//821 5661//821
f 5657//837 5666//837 5667//837
f 5668//836 5667//836 5666//836
f 5668//836 5666//836 5663//836
f 5669//820 5668//820 5642//820
f 5663//822 5642//822 5668//822
f 5669//820 5667//820 5668//820
f 5649//820 5670//820 5669//820
f 5671//836 5669//836 5670//836
f 5671//836 5657//836 5669//836
f 5657//837 5667//837 5669//837
f 5644//836 5669//836 5642//836
f 5672//837 5669//837 5644//837
f 5672//837 5649//837 5669//837
f 5643//820 5672//820 5644//820
f 5649//823 5672//823 5643//823
f 5658//837 5671//837 5670//837
f 5657//821 5671//821 5655//821
f 5658//837 5655//837 5671//837
f 5649//820 5658//820 5670//820
f 5646//820 5642//820 5665//820
f 5664//822 5646//822 5665//822
f 5664//822 5650//822 5646//822
f 5664//821 5647//821 5650//821
f 5674//820 5673//820 5677//820
f 5678//836 5673//836 5674//836
f 5673//820 5675//820 5677//820
f 5676//822 5675//822 5673//822
f 5678//836 5676//836 5673//836
f 5680//821 5676//821 5678//821
f 5679//835 5678//835 5674//835
f 5678//821 5679//821 5681//821
f 5682//821 5680//821 5678//821
f 5678//821 5681//821 5682//821
f 5680//823 5682//823 5677//823
f 5682//824 5683//824 5686//824
f 5684//821 5683//821 5682//821
f 5682//824 5686//824 5677//824
f 5684//821 5682//821 5685//821
f 5681//821 5685//821 5682//821
f 5677//820 5686//820 5687//820
f 5683//825 5687//825 5686//825
f 5687//820 5688//820 5689//820
f 5684//826 5688//826 5687//826
f 5683//825 5684//825 5687//825
f 5677//820 5687//820 5690//820
f 5687//820 5689//820 5690//820
f 5690//820 5691//820 5677//820
f 5681//834 5691//834 5690//834
f 5692//820 5690//820 5689//820
f 5693//833 5690//833 5692//833
f 5693//833 5681//833 5690//833
f 5685//832 5693//832 5692//832
f 5681//821 5693//821 5685//821
f 5694//820 5692//820 5689//820
f 5685//832 5692//832 5694//832
f 5689//820 5695//820 5694//820
f 5696//831 5694//831 5695//831
f 5696//831 5685//831 5694//831
f 5697//830 5696//830 5695//830
f 5685//821 5696//821 5697//821
f 5698//829 5697//829 5689//829
f 5697//821 5698//821 5699//821
f 5697//830 5695//830 5689//830
f 5685//821 5697//821 5699//821
f 5700//827 5699//827 5701//827
f 5699//821 5700//821 5684//821
f 5699//828 5698//828 5702//828
f 5699//828 5702//828 5701//828
f 5699//821 5684//821 5685//821
f 5701//820 5702//820 5689//820
f 5698//829 5689//829 5702//829
f 5688//820 5701//820 5689//820
f 5700//827 5701//827 5688//827
f 5684//826 5700//826 5688//826
f 5691//820 5674//820 5677//820
f 5679//835 5674//835 5691//835
f 5681//834 5679//834 5691//834
f 5676//822 5680//822 5675//822
f 5680//823 5677//823 5675//823
f 5800//836 5798//836 5797//836
f 5801//822 5797//822 5798//822
f 5801//822 5799//822 5797//822
f 5799//820 5800//820 5797//820
f 5802//820 5801//820 5798//820
f 5806//823 5801//823 5802//823
f 5805//823 5799//823 5801//823
f 5806//823 5803//823 5801//823
f 5803//822 5804//822 5801//822
f 5807//820 5801//820 5804//820
f 5807//820 5805//820 5801//820
f 5808//837 5805//837 5807//837
f 5809//823 5808//823 5807//823
f 5809//823 5807//823 5804//823
f 5803//822 5809//822 5804//822
f 5810//821 5809//821 5803//821
f 5810//821 5808//821 5809//821
f 5808//837 5810//837 5805//837
f 5810//823 5814//823 5805//823
f 5810//823 5811//823 5814//823
f 5813//821 5811//821 5810//821
f 5812//823 5810//823 5803//823
f 5815//837 5810//837 5812//837
f 5815//837 5813//837 5810//837
f 5816//821 5815//821 5812//821
f 5813//836 5815//836 5816//836
f 5817//822 5816//822 5818//822
f 5813//836 5816//836 5817//836
f 5816//821 5812//821 5818//821
f 5812//823 5803//823 5818//823
f 5817//822 5818//822 5803//822
f 5819//822 5817//822 5798//822
f 5822//821 5817//821 5819//821
f 5817//836 5821//836 5798//836
f 5820//821 5817//821 5803//821
f 5817//836 5820//836 5821//836
f 5822//821 5813//821 5817//821
f 5813//837 5822//837 5823//837
f 5824//836 5823//836 5822//836
f 5824//836 5822//836 5819//836
f 5825//820 5824//820 5798//820
f 5819//822 5798//822 5824//822
f 5825//820 5823//820 5824//820
f 5805//820 5826//820 5825//820
f 5827//836 5825//836 5826//836
f 5827//836 5813//836 5825//836
f 5813//837 5823//837 5825//837
f 5800//836 5825//836 5798//836
f 5828//837 5825//837 5800//837
f 5828//837 5805//837 5825//837
f 5799//820 5828//820 5800//820
f 5805//823 5828//823 5799//823
f 5814//837 5827//837 5826//837
f 5813//821 5827//821 5811//821
f 5814//837 5811//837 5827//837
f 5805//820 5814//820 5826//820
f 5802//820 5798//820 5821//820
f 5820//822 5802//822 5821//822
f 5820//822 5806//822 5802//822
f 5820//821 5803//821 5806//821
f 5830//820 5829//820 5833//820
f 5834//836 5829//836 5830//836
f 5829//820 5831//820 5833//820
f 5832//822 5831//822 5829//822
f 5834//836 5832//836 5829//836
f 5836//821 5832//821 5834//821
f 5835//835 5834//835 5830//835
f 5834//821 5835//821 5837//821
f 5838//821 5836//821 5834//821
f 5834//821 5837//821 5838//821
f 5836//823 5838//823 5833//823
f 5838//824 5839//824 5842//824
f 5840//821 5839//821 5838//821
f 5838//824 5842//824 5833//824
f 5840//821 5838//821 5841//821
f 5837//821 5841//821 5838//821
f 5833//820 5842//820 5843//820
f 5839//825 5843//825 5842//825
f 5843//820 5844//820 5845//820
f 5840//826 5844//826 5843//826
f 5839//825 5840//825 5843//825
f 5833//820 5843//820 5846//820
f 5843//820 5845//820 5846//820
f 5846//820 5847//820 5833//820
f 5837//834 5847//834 5846//834
f 5848//820 5846//820 5845//820
f 5849//833 5846//833 5848//833
f 5849//833 5837//833 5846//833
f 5841//832 5849//832 5848//832
f 5837//821 5849//821 5841//821
f 5850//820 5848//820 5845//820
f 5841//832 5848//832 5850//832
f 5845//820 5851//820 5850//820
f 5852//831 5850//831 5851//831
f 5852//831 5841//831 5850//831
f 5853//830 5852//830 5851//830
f 5841//821 5852//821 5853//821
f 5854//829 5853//829 5845//829
f 5853//821 5854//821 5855//821
f 5853//830 5851//830 5845//830
f 5841//821 5853//821 5855//821
f 5856//827 5855//827 5857//827
f 5855//821 5856//821 5840//821
f 5855//828 5854//828 5858//828
f 5855//828 5858//828 5857//828
f 5855//821 5840//821 5841//821
f 5857//820 5858//820 5845//820
f 5854//829 5845//829 5858//829
f 5844//820 5857//820 5845//820
f 5856//827 5857//827 5844//827
f 5840//826 5856//826 5844//826
f 5847//820 5830//820 5833//820
f 5835//835 5830//835 5847//835
f 5837//834 5835//834 5847//834
f 5832//822 5836//822 5831//822
f 5836//823 5833//823 5831//823
f 5956//836 5954//836 5953//836
f 5957//822 5953//822 5954//822
f 5957//822 5955//822 5953//822
f 5955//820 5956//820 5953//820
f 5958//820 5957//820 5954//820
f 5962//823 5957//823 5958//823
f 5961//823 5955//823 5957//823
f 5962//823 5959//823 5957//823
f 5959//822 5960//822 5957//822
f 5963//820 5957//820 5960//820
f 5963//820 5961//820 5957//820
f 5964//837 5961//837 5963//837
f 5965//823 5964//823 5963//823
f 5965//823 5963//823 5960//823
f 5959//822 5965//822 5960//822
f 5966//821 5965//821 5959//821
f 5966//821 5964//821 5965//821
f 5964//837 5966//837 5961//837
f 5966//823 5970//823 5961//823
f 5966//823 5967//823 5970//823
f 5969//821 5967//821 5966//821
f 5968//823 5966//823 5959//823
f 5971//837 5966//837 5968//837
f 5971//837 5969//837 5966//837
f 5972//821 5971//821 5968//821
f 5969//836 5971//836 5972//836
f 5973//822 5972//822 5974//822
f 5969//836 5972//836 5973//836
f 5972//821 5968//821 5974//821
f 5968//823 5959//823 5974//823
f 5973//822 5974//822 5959//822
f 5975//822 5973//822 5954//822
f 5978//821 5973//821 5975//821
f 5973//836 5977//836 5954//836
f 5976//821 5973//821 5959//821
f 5973//836 5976//836 5977//836
f 5978//821 5969//821 5973//821
f 5969//837 5978//837 5979//837
f 5980//836 5979//836 5978//836
f 5980//836 5978//836 5975//836
f 5981//820 5980//820 5954//820
f 5975//822 5954//822 5980//822
f 5981//820 5979//820 5980//820
f 5961//820 5982//820 5981//820
f 5983//836 5981//836 5982//836
f 5983//836 5969//836 5981//836
f 5969//837 5979//837 5981//837
f 5956//836 5981//836 5954//836
f 5984//837 5981//837 5956//837
f 5984//837 5961//837 5981//837
f 5955//820 5984//820 5956//820
f 5961//823 5984//823 5955//823
f 5970//837 5983//837 5982//837
f 5969//821 5983//821 5967//821
f 5970//837 5967//837 5983//837
f 5961//820 5970//820 5982//820
f 5958//820 5954//820 5977//820
f 5976//822 5958//822 5977//822
f 5976//822 5962//822 5958//822
f 5976//821 5959//821 5962//821
f 5986//820 5985//820 5989//820
f 5990//836 5985//836 5986//836
f 5985//820 5987//820 5989//820
f 5988//822 5987//822 5985//822
f 5990//836 5988//836 5985//836
f 5992//821 5988//821 5990//821
f 5991//835 5990//835 5986//835
f 5990//821 5991//821 5993//821
f 5994//821 5992//821 5990//821
f 5990//821 5993//821 5994//821
f 5992//823 5994//823 5989//823
f 5994//824 5995//824 5998//824
f 5996//821 5995//821 5994//821
f 5994//824 5998//824 5989//824
f 5996//821 5994//821 5997//821
f 5993//821 5997//821 5994//821
f 5989//820 5998//820 5999//820
f 5995//825 5999//825 5998//825
f 5999//820 6000//820 6001//820
f 5996//826 6000//826 5999//826
f 5995//825 5996//825 5999//825
f 5989//820 5999//820 6004//820
f 6001//820 6002//820 5999//820
f 6002//820 6003//820 5999//820
f 5999//820 6003//820 6004//820
f 6004//820 6005//820 5989//820
f 5993//834 6005//834 6004//834
f 6008//820 6006//820 6004//820
f 6009//833 6004//833 6006//833
f 6009//833 5993//833 6004//833
f 6003//820 6007//820 6004//820
f 6007//820 6008//820 6004//820
f 5997//832 6009//832 6006//832
f 5993//821 6009//821 5997//821
f 5997//832 6006//832 6008//832
f 6010//831 6008//831 6007//831
f 6010//831 5997//831 6008//831
f 6011//830 6010//830 6007//830
f 5997//821 6010//821 6011//821
f 6012//829 6011//829 6003//829
f 6011//821 6012//821 5997//821
f 6011//830 6007//830 6003//830
f 6013//828 6012//828 6002//828
f 6012//821 6013//821 5997//821
f 6012//829 6003//829 6002//829
f 6014//827 6013//827 6001//827
f 6013//821 6014//821 5996//821
f 6013//828 6002//828 6001//828
f 6013//821 5996//821 5997//821
f 5996//826 6014//826 6000//826
f 6014//827 6001//827 6000//827
f 6005//820 5986//820 5989//820
f 5991//835 5986//835 6005//835
f 5993//834 5991//834 6005//834
f 5988//822 5992//822 5987//822
f 5992//823 5989//823 5987//823
f 6112//836 6110//836 6109//836
f 6113//822 6109//822 6110//822
f 6113//822 6111//822 6109//822
f 6111//820 6112//820 6109//820
f 6114//820 6113//820 6110//820
f 6118//823 6113//823 6114//823
f 6117//823 6111//823 6113//823
f 6118//823 6115//823 6113//823
f 6115//822 6116//822 6113//822
f 6119//820 6113//820 6116//820
f 6119//820 6117//820 6113//820
f 6120//837 6117//837 6119//837
f 6121//823 6120//823 6119//823
f 6121//823 6119//823 6116//823
f 6115//822 6121//822 6116//822
f 6122//821 6121//821 6115//821
f 6122//821 6120//821 6121//821
f 6120//837 6122//837 6117//837
f 6122//823 6126//823 6117//823
f 6122//823 6123//823 6126//823
f 6125//821 6123//821 6122//821
f 6124//823 6122//823 6115//823
f 6127//837 6122//837 6124//837
f 6127//837 6125//837 6122//837
f 6128//821 6127//821 6124//821
f 6125//836 6127//836 6128//836
f 6129//822 6128//822 6130//822
f 6125//836 6128//836 6129//836
f 6128//821 6124//821 6130//821
f 6124//823 6115//823 6130//823
f 6129//822 6130//822 6115//822
f 6131//822 6129//822 6110//822
f 6134//821 6129//821 6131//821
f 6129//836 6133//836 6110//836
f 6132//821 6129//821 6115//821
f 6129//836 6132//836 6133//836
f 6134//821 6125//821 6129//821
f 6125//837 6134//837 6135//837
f 6136//836 6135//836 6134//836
f 6136//836 6134//836 6131//836
f 6137//820 6136//820 6110//820
f 6131//822 6110//822 6136//822
f 6137//820 6135//820 6136//820
f 6117//820 6138//820 6137//820
f 6139//836 6137//836 6138//836
f 6139//836 6125//836 6137//836
f 6125//837 6135//837 6137//837
f 6112//836 6137//836 6110//836
f 6140//837 6137//837 6112//837
f 6140//837 6117//837 6137//837
f 6111//820 6140//820 6112//820
f 6117//823 6140//823 6111//823
f 6126//837 6139//837 6138//837
f 6125//821 6139//821 6123//821
f 6126//837 6123//837 6139//837
f 6117//820 6126//820 6138//820
f 6114//820 6110//820 6133//820
f 6132//822 6114//822 6133//822
f 6132//822 6118//822 6114//822
f 6132//821 6115//821 6118//821
f 6142//820 6141//820 6145//820
f 6146//836 6141//836 6142//836
f 6141//820 6143//820 6145//820
f 6144//822 6143//822 6141//822
f 6146//836 6144//836 6141//836
f 6148//821 6144//821 6146//821
f 6147//835 6146//835 6142//835
f 6146//821 6147//821 6149//821
f 6150//821 6148//821 6146//821
f 6146//821 6149//821 6150//821
f 6148//823 6150//823 6145//823
f 6150//824 6151//824 6154//824
f 6152//821 6151//821 6150//821
f 6150//824 6154//824 6145//824
f 6152//821 6150//821 6153//821
f 6149//821 6153//821 6150//821
f 6145//820 6154//820 6155//820
f 6151//825 6155//825 6154//825
f 6155//820 6156//820 6157//820
f 6152//826 6156//826 6155//826
f 6151//825 6152//825 6155//825
f 6145//820 6155//820 6160//820
f 6157//820 6158//820 6155//820
f 6158//820 6159//820 6155//820
f 6155//820 6159//820 6160//820
f 6160//820 6161//820 6145//820
f 6149//834 6161//834 6160//834
f 6164//820 6162//820 6160//820
f 6165//833 6160//833 6162//833
f 6165//833 6149//833 6160//833
f 6159//820 6163//820 6160//820
f 6163//820 6164//820 6160//820
f 6153//832 6165//832 6162//832
f 6149//821 6165//821 6153//821
f 6153//832 6162//832 6164//832
f 6166//831 6164//831 6163//831
f 6166//831 6153//831 6164//831
f 6167//830 6166//830 6163//830
f 6153//821 6166//821 6167//821
f 6168//829 6167//829 6159//829
f 6167//821 6168//821 6153//821
f 6167//830 6163//830 6159//830
f 6169//828 6168//828 6158//828
f 6168//821 6169//821 6153//821
f 6168//829 6159//829 6158//829
f 6170//827 6169//827 6157//827
f 6169//821 6170//821 6152//821
f 6169//828 6158//828 6157//828
f 6169//821 6152//821 6153//821
f 6152//826 6170//826 6156//826
f 6170//827 6157//827 6156//827
f 6161//820 6142//820 6145//820
f 6147//835 6142//835 6161//835
f 6149//834 6147//834 6161//834
f 6144//822 6148//822 6143//822
f 6148//823 6145//823 6143//823
f 6268//836 6266//836 6265//836
f 6269//822 6265//822 6266//822
f 6269//822 6267//822 6265//822
f 6267//820 6268//820 6265//820
f 6270//820 6269//820 6266//820
f 6274//823 6269//823 6270//823
f 6273//823 6267//823 6269//823
f 6274//823 6271//823 6269//823
f 6271//822 6272//822 6269//822
f 6275//820 6269//820 6272//820
f 6275//820 6273//820 6269//820
f 6276//837 6273//837 6275//837
f 6277//823 6276//823 6275//823
f 6277//823 6275//823 6272//823
f 6271//822 6277//822 6272//822
f 6278//821 6277//821 6271//821
f 6278//821 6276//821 6277//821
f 6276//837 6278//837 6273//837
f 6278//823 6282//823 6273//823
f 6278//823 6279//823 6282//823
f 6281//821 6279//821 6278//821
f 6280//823 6278//823 6271//823
f 6283//837 6278//837 6280//837
f 6283//837 6281//837 6278//837
f 6284//821 6283//821 6280//821
f 6281//836 6283//836 6284//836
f 6285//822 6284//822 6286//822
f 6281//836 6284//836 6285//836
f 6284//821 6280//821 6286//821
f 6280//823 6271//823 6286//823
f 6285//822 6286//822 6271//822
f 6287//822 6285//822 6266//822
f 6290//821 6285//821 6287//821
f 6285//836 6289//836 6266//836
f 6288//821 6285//821 6271//821
f 6285//836 6288//836 6289//836
f 6290//821 6281//821 6285//821
f 6281//837 6290//837 6291//837
f 6292//836 6291//836 6290//836
f 6292//836 6290//836 6287//836
f 6293//820 6292//820 6266//820
f 6287//822 6266//822 6292//822
f 6293//820 6291//820 6292//820
f 6273//820 6294//820 6293//820
f 6295//836 6293//836 6294//836
f 6295//836 6281//836 6293//836
f 6281//837 6291//837 6293//837
f 6268//836 6293//836 6266//836
f 6296//837 6293//837 6268//837
f 6296//837 6273//837 6293//837
f 6267//820 6296//820 6268//820
f 6273//823 6296//823 6267//823
f 6282//837 6295//837 6294//837
f 6281//821 6295//821 6279//821
f 6282//837 6279//837 6295//837
f 6273//820 6282//820 6294//820
f 6270//820 6266//820 6289//820
f 6288//822 6270//822 6289//822
f 6288//822 6274//822 6270//822
f 6288//821 6271//821 6274//821
f 6298//820 6297//820 6301//820
f 6302//836 6297//836 6298//836
f 6297//820 6299//820 6301//820
f 6300//822 6299//822 6297//822
f 6302//836 6300//836 6297//836
f 6304//821 6300//821 6302//821
f 6303//835 6302//835 6298//835
f 6302//821 6303//821 6305//821
f 6306//821 6304//821 6302//821
f 6302//821 6305//821 6306//821
f 6304//823 6306//823 6301//823
f 6306//824 6307//824 6310//824
f 6308//821 6307//821 6306//821
f 6306//824 6310//824 6301//824
f 6308//821 6306//821 6309//821
f 6305//821 6309//821 6306//821
f 6301//820 6310//820 6311//820
f 6307//825 6311//825 6310//825
f 6311//820 6312//820 6313//820
f 6308//826 6312//826 6311//826
f 6307//825 6308//825 6311//825
f 6301//820 6311//820 6316//820
f 6313//820 6314//820 6311//820
f 6314//820 6315//820 6311//820
f 6311//820 6315//820 6316//820
f 6316//820 6317//820 6301//820
f 6305//834 6317//834 6316//834
f 6320//820 6318//820 6316//820
f 6321//833 6316//833 6318//833
f 6321//833 6305//833 6316//833
f 6315//820 6319//820 6316//820
f 6319//820 6320//820 6316//820
f 6309//832 6321//832 6318//832
f 6305//821 6321//821 6309//821
f 6309//832 6318//832 6320//832
f 6322//831 6320//831 6319//831
f 6322//831 6309//831 6320//831
f 6323//830 6322//830 6319//830
f 6309//821 6322//821 6323//821
f 6324//829 6323//829 6315//829
f 6323//821 6324//821 6309//821
f 6323//830 6319//830 6315//830
f 6325//828 6324//828 6314//828
f 6324//821 6325//821 6309//821
f 6324//829 6315//829 6314//829
f 6326//827 6325//827 6313//827
f 6325//821 6326//821 6308//821
f 6325//828 6314//828 6313//828
f 6325//821 6308//821 6309//821
f 6308//826 6326//826 6312//826
f 6326//827 6313//827 6312//827
f 6317//820 6298//820 6301//820
f 6303//835 6298//835 6317//835
f 6305//834 6303//834 6317//834
f 6300//822 6304//822 6299//822
f 6304//823 6301//823 6299//823
f 6424//836 6422//836 6421//836
f 6425//822 6421//822 6422//822
f 6425//822 6423//822 6421//822
f 6423//820 6424//820 6421//820
f 6426//820 6425//820 6422//820
f 6430//823 6425//823 6426//823
f 6429//823 6423//823 6425//823
f 6430//823 6427//823 6425//823
f 6427//822 6428//822 6425//822
f 6431//820 6425//820 6428//820
f 6431//820 6429//820 6425//820
f 6432//837 6429//837 6431//837
f 6433//823 6432//823 6431//823
f 6433//823 6431//823 6428//823
f 6427//822 6433//822 6428//822
f 6434//821 6433//821 6427//821
f 6434//821 6432//821 6433//821
f 6432//837 6434//837 6429//837
f 6434//823 6438//823 6429//823
f 6434//823 6435//823 6438//823
f 6437//821 6435//821 6434//821
f 6436//823 6434//823 6427//823
f 6439//837 6434//837 6436//837
f 6439//837 6437//837 6434//837
f 6440//821 6439//821 6436//821
f 6437//836 6439//836 6440//836
f 6441//822 6440//822 6442//822
f 6437//836 6440//836 6441//836
f 6440//821 6436//821 6442//821
f 6436//823 6427//823 6442//823
f 6441//822 6442//822 6427//822
f 6443//822 6441//822 6422//822
f 6446//821 6441//821 6443//821
f 6441//836 6445//836 6422//836
f 6444//821 6441//821 6427//821
f 6441//836 6444//836 6445//836
f 6446//821 6437//821 6441//821
f 6437//837 6446//837 6447//837
f 6448//836 6447//836 6446//836
f 6448//836 6446//836 6443//836
f 6449//820 6448//820 6422//820
f 6443//822 6422//822 6448//822
f 6449//820 6447//820 6448//820
f 6429//820 6450//820 6449//820
f 6451//836 6449//836 6450//836
f 6451//836 6437//836 6449//836
f 6437//837 6447//837 6449//837
f 6424//836 6449//836 6422//836
f 6452//837 6449//837 6424//837
f 6452//837 6429//837 6449//837
f 6423//820 6452//820 6424//820
f 6429//823 6452//823 6423//823
f 6438//837 6451//837 6450//837
f 6437//821 6451//821 6435//821
f 6438//837 6435//837 6451//837
f 6429//820 6438//820 6450//820
f 6426//820 6422//820 6445//820
f 6444//822 6426//822 6445//822
f 6444//822 6430//822 6426//822
f 6444//821 6427//821 6430//821
f 6454//823 6453//823 6457//823
f 6458//820 6453//820 6454//820
f 6453//823 6455//823 6457//823
f 6456//822 6455//822 6453//822
f 6458//820 6456//820 6453//820
f 6460//836 6456//836 6458//836
f 6459//859 6458//859 6454//859
f 6458//857 6459//857 6461//857
f 6464//836 6460//836 6458//836
f 6461//836 6462//836 6458//836
f 6462//836 6463//836 6458//836
f 6464//836 6458//836 6463//836
f 6460//821 6464//821 6457//821
f 6464//860 6465//860 6469//860
f 6468//861 6465//861 6464//861
f 6464//860 6469//860 6457//860
f 6466//836 6467//836 6464//836
f 6463//836 6466//836 6464//836
f 6467//836 6468//836 6464//836
f 6457//854 6469//854 6470//854
f 6465//862 6470//862 6469//862
f 6470//823 6471//823 6472//823
f 6470//863 6467//863 6471//863
f 6470//863 6468//863 6467//863
f 6465//862 6468//862 6470//862
f 6457//823 6470//823 6475//823
f 6472//823 6473//823 6470//823
f 6473//823 6474//823 6470//823
f 6470//823 6474//823 6475//823
f 6475//823 6476//823 6457//823
f 6461//864 6476//864 6475//864
f 6479//823 6477//823 6475//823
f 6477//865 6461//865 6475//865
f 6474//823 6478//823 6475//823
f 6478//823 6479//823 6475//823
f 6479//866 6462//866 6477//866
f 6478//867 6463//867 6479//867
f 6479//866 6463//866 6462//866
f 6481//868 6478//868 6474//868
f 6478//867 6480//867 6463//867
f 6481//868 6480//868 6478//868
f 6482//869 6481//869 6474//869
f 6481//836 6482//836 6463//836
f 6463//836 6480//836 6481//836
f 6472//870 6466//870 6482//870
f 6482//836 6466//836 6463//836
f 6482//869 6474//869 6473//869
f 6472//870 6482//870 6473//870
f 6477//865 6462//865 6461//865
f 6476//823 6454//823 6457//823
f 6459//859 6454//859 6476//859
f 6461//864 6459//864 6476//864
f 6471//871 6466//871 6472//871
f 6471//871 6467//871 6466//871
f 6456//822 6460//822 6455//822
f 6460//821 6457//821 6455//821
f 6580//820 6578//820 6577//820
f 6578//822 6579//822 6577//822
f 6579//823 6580//823 6577//823
f 6580//820 6581//820 6578//820
f 6582//837 6581//837 6580//837
f 6579//823 6582//823 6580//823
f 6583//821 6582//821 6579//821
f 6582//837 6583//837 6581//837
f 6583//823 6588//823 6581//823
f 6583//823 6584//823 6588//823
f 6586//821 6584//821 6583//821
f 6585//823 6583//823 6587//823
f 6589//837 6583//837 6585//837
f 6589//837 6586//837 6583//837
f 6583//821 6579//821 6587//821
f 6590//821 6589//821 6585//821
f 6586//836 6589//836 6590//836
f 6591//822 6590//822 6592//822
f 6586//836 6590//836 6591//836
f 6590//821 6585//821 6592//821
f 6585//823 6587//823 6592//823
f 6591//822 6592//822 6587//822
f 6593//821 6591//821 6587//821
f 6596//836 6591//836 6593//836
f 6591//822 6594//822 6597//822
f 6596//836 6594//836 6591//836
f 6598//821 6591//821 6595//821
f 6591//822 6597//822 6595//822
f 6598//821 6586//821 6591//821
f 6599//837 6586//837 6598//837
f 6597//836 6599//836 6598//836
f 6597//836 6598//836 6595//836
f 6600//820 6599//820 6597//820
f 6599//837 6600//837 6586//837
f 6600//836 6601//836 6604//836
f 6601//820 6600//820 6581//820
f 6600//837 6603//837 6581//837
f 6602//836 6600//836 6594//836
f 6600//837 6602//837 6603//837
f 6600//836 6604//836 6586//836
f 6600//820 6597//820 6594//820
f 6586//821 6604//821 6584//821
f 6584//837 6604//837 6601//837
f 6581//823 6603//823 6605//823
f 6605//820 6603//820 6602//820
f 6581//823 6605//823 6578//823
f 6606//822 6578//822 6605//822
f 6605//820 6602//820 6606//820
f 6606//822 6594//822 6578//822
f 6602//836 6594//836 6606//836
f 6584//837 6601//837 6588//837
f 6601//820 6581//820 6588//820
f 6594//820 6596//820 6607//820
f 6596//822 6608//822 6607//822
f 6596//822 6593//822 6608//822
f 6608//823 6578//823 6607//823
f 6608//823 6587//823 6578//823
f 6593//821 6587//821 6608//821
f 6594//820 6607//820 6578//820
f 6578//822 6587//822 6579//822
f 6610//823 6609//823 6613//823
f 6614//820 6609//820 6610//820
f 6609//823 6611//823 6613//823
f 6612//822 6611//822 6609//822
f 6614//820 6612//820 6609//820
f 6616//836 6612//836 6614//836
f 6615//859 6614//859 6610//859
f 6614//857 6615//857 6617//857
f 6620//836 6616//836 6614//836
f 6617//836 6618//836 6614//836
f 6618//836 6619//836 6614//836
f 6620//836 6614//836 6619//836
f 6616//821 6620//821 6613//821
f 6620//860 6621//860 6625//860
f 6624//861 6621//861 6620//861
f 6620//860 6625//860 6613//860
f 6622//836 6623//836 6620//836
f 6619//836 6622//836 6620//836
f 6623//836 6624//836 6620//836
f 6613//854 6625//854 6626//854
f 6621//862 6626//862 6625//862
f 6626//823 6627//823 6628//823
f 6624//863 6627//863 6626//863
f 6621//862 6624//862 6626//862
f 6613//823 6626//823 6631//823
f 6628//823 6629//823 6626//823
f 6629//823 6630//823 6626//823
f 6626//823 6630//823 6631//823
f 6631//823 6632//823 6613//823
f 6617//864 6632//864 6631//864
f 6635//823 6633//823 6631//823
f 6618//865 6631//865 6633//865
f 6618//865 6617//865 6631//865
f 6630//823 6634//823 6631//823
f 6634//823 6635//823 6631//823
f 6619//866 6633//866 6635//866
f 6636//867 6635//867 6634//867
f 6636//867 6619//867 6635//867
f 6637//868 6636//868 6634//868
f 6619//836 6636//836 6637//836
f 6638//869 6637//869 6630//869
f 6637//836 6638//836 6619//836
f 6637//868 6634//868 6630//868
f 6622//870 6638//870 6629//870
f 6638//836 6622//836 6619//836
f 6638//869 6630//869 6629//869
f 6619//866 6618//866 6633//866
f 6632//823 6610//823 6613//823
f 6615//859 6610//859 6632//859
f 6617//864 6615//864 6632//864
f 6622//870 6629//870 6628//870
f 6623//871 6628//871 6627//871
f 6623//871 6622//871 6628//871
f 6624//863 6623//863 6627//863
f 6612//822 6616//822 6611//822
f 6616//821 6613//821 6611//821
f 6736//820 6734//820 6733//820
f 6737//822 6733//822 6734//822
f 6737//822 6735//822 6733//822
f 6735//823 6736//823 6733//823
f 6738//823 6737//823 6734//823
f 6742//821 6737//821 6738//821
f 6741//821 6735//821 6737//821
f 6742//821 6739//821 6737//821
f 6739//822 6740//822 6737//822
f 6743//823 6737//823 6740//823
f 6743//823 6741//823 6737//823
f 6744//837 6741//837 6743//837
f 6745//821 6744//821 6743//821
f 6745//821 6743//821 6740//821
f 6739//822 6745//822 6740//822
f 6746//836 6745//836 6739//836
f 6746//836 6744//836 6745//836
f 6744//837 6746//837 6741//837
f 6746//821 6750//821 6741//821
f 6746//821 6747//821 6750//821
f 6749//836 6747//836 6746//836
f 6748//821 6746//821 6739//821
f 6751//837 6746//837 6748//837
f 6751//837 6749//837 6746//837
f 6752//836 6751//836 6748//836
f 6749//820 6751//820 6752//820
f 6753//822 6752//822 6754//822
f 6749//820 6752//820 6753//820
f 6752//836 6748//836 6754//836
f 6748//821 6739//821 6754//821
f 6753//822 6754//822 6739//822
f 6755//822 6753//822 6734//822
f 6758//836 6753//836 6755//836
f 6753//820 6757//820 6734//820
f 6756//836 6753//836 6739//836
f 6753//820 6756//820 6757//820
f 6758//836 6749//836 6753//836
f 6749//837 6758//837 6759//837
f 6760//820 6759//820 6758//820
f 6760//820 6758//820 6755//820
f 6761//823 6760//823 6734//823
f 6755//822 6734//822 6760//822
f 6761//823 6759//823 6760//823
f 6741//823 6762//823 6761//823
f 6763//820 6761//820 6762//820
f 6763//820 6749//820 6761//820
f 6749//837 6759//837 6761//837
f 6736//820 6761//820 6734//820
f 6764//837 6761//837 6736//837
f 6764//837 6741//837 6761//837
f 6735//823 6764//823 6736//823
f 6741//821 6764//821 6735//821
f 6750//837 6763//837 6762//837
f 6749//836 6763//836 6747//836
f 6750//837 6747//837 6763//837
f 6741//823 6750//823 6762//823
f 6738//823 6734//823 6757//823
f 6756//822 6738//822 6757//822
f 6756//822 6742//822 6738//822
f 6756//836 6739//836 6742//836
usemtl Amber
f 5392//820 5391//820 5395//820
f 5396//836 5391//836 5392//836
f 5391//820 5393//820 5395//820
f 5394//822 5393//822 5391//822
f 5396//836 5394//836 5391//836
f 5398//821 5394//821 5396//821
f 5397//835 5396//835 5392//835
f 5396//821 5397//821 5399//821
f 5400//821 5398//821 5396//821
f 5396//821 5399//821 5401//821
f 5400//821 5396//821 5401//821
f 5402//831 5401//831 5404//831
f 5401//821 5402//821 5405//821
f 5401//832 5403//832 5406//832
f 5399//821 5403//821 5401//821
f 5401//832 5406//832 5404//832
f 5401//821 5405//821 5400//821
f 5404//820 5406//820 5407//820
f 5403//833 5407//833 5406//833
f 5407//820 5408//820 5395//820
f 5399//834 5408//834 5407//834
f 5403//833 5399//833 5407//833
f 5409//820 5410//820 5407//820
f 5412//820 5409//820 5407//820
f 5410//820 5404//820 5407//820
f 5395//820 5411//820 5407//820
f 5411//820 5412//820 5407//820
f 5412//820 5413//820 5409//820
f 5405//828 5413//828 5412//828
f 5411//820 5414//820 5412//820
f 5415//827 5412//827 5414//827
f 5415//827 5405//827 5412//827
f 5416//826 5415//826 5414//826
f 5405//821 5415//821 5416//821
f 5417//825 5416//825 5411//825
f 5416//821 5417//821 5400//821
f 5416//826 5414//826 5411//826
f 5405//821 5416//821 5400//821
f 5400//824 5417//824 5418//824
f 5417//825 5411//825 5418//825
f 5395//820 5418//820 5411//820
f 5400//824 5418//824 5395//824
f 5419//829 5409//829 5413//829
f 5405//828 5419//828 5413//828
f 5420//821 5419//821 5405//821
f 5419//829 5420//829 5409//829
f 5420//830 5402//830 5410//830
f 5402//821 5420//821 5405//821
f 5420//830 5410//830 5409//830
f 5402//831 5404//831 5410//831
f 5408//820 5392//820 5395//820
f 5397//835 5392//835 5408//835
f 5399//834 5397//834 5408//834
f 5398//823 5400//823 5395//823
f 5394//822 5398//822 5393//822
f 5398//823 5395//823 5393//823
f 5548//820 5547//820 5551//820
f 5552//836 5547//836 5548//836
f 5547//820 5549//820 5551//820
f 5550//822 5549//822 5547//822
f 5552//836 5550//836 5547//836
f 5554//821 5550//821 5552//821
f 5553//835 5552//835 5548//835
f 5552//821 5553//821 5555//821
f 5556//821 5554//821 5552//821
f 5552//821 5555//821 5557//821
f 5556//821 5552//821 5557//821
f 5558//831 5557//831 5560//831
f 5557//821 5558//821 5561//821
f 5557//832 5559//832 5564//832
f 5555//821 5559//821 5557//821
f 5557//832 5564//832 5560//832
f 5561//821 5562//821 5557//821
f 5562//821 5563//821 5557//821
f 5557//821 5563//821 5556//821
f 5560//820 5564//820 5565//820
f 5559//833 5565//833 5564//833
f 5565//820 5566//820 5551//820
f 5555//834 5566//834 5565//834
f 5559//833 5555//833 5565//833
f 5567//820 5568//820 5565//820
f 5570//820 5567//820 5565//820
f 5568//820 5560//820 5565//820
f 5551//820 5569//820 5565//820
f 5569//820 5570//820 5565//820
f 5570//820 5571//820 5567//820
f 5563//828 5571//828 5570//828
f 5569//820 5572//820 5570//820
f 5573//827 5570//827 5572//827
f 5573//827 5563//827 5570//827
f 5574//826 5573//826 5572//826
f 5563//821 5573//821 5574//821
f 5575//825 5574//825 5569//825
f 5574//821 5575//821 5556//821
f 5574//826 5572//826 5569//826
f 5563//821 5574//821 5556//821
f 5556//824 5575//824 5576//824
f 5575//825 5569//825 5576//825
f 5551//820 5576//820 5569//820
f 5556//824 5576//824 5551//824
f 5562//829 5567//829 5571//829
f 5563//828 5562//828 5571//828
f 5558//831 5560//831 5568//831
f 5561//830 5568//830 5567//830
f 5561//830 5558//830 5568//830
f 5562//829 5561//829 5567//829
f 5566//820 5548//820 5551//820
f 5553//835 5548//835 5566//835
f 5555//834 5553//834 5566//834
f 5554//823 5556//823 5551//823
f 5550//822 5554//822 5549//822
f 5554//823 5551//823 5549//823
f 5704//820 5703//820 5707//820
f 5708//836 5703//836 5704//836
f 5703//820 5705//820 5707//820
f 5706//822 5705//822 5703//822
f 5708//836 5706//836 5703//836
f 5710//821 5706//821 5708//821
f 5709//835 5708//835 5704//835
f 5708//821 5709//821 5711//821
f 5714//821 5710//821 5708//821
f 5711//821 5712//821 5708//821
f 5712//821 5713//821 5708//821
f 5714//821 5708//821 5713//821
f 5710//823 5714//823 5707//823
f 5714//824 5715//824 5719//824
f 5718//821 5715//821 5714//821
f 5714//824 5719//824 5707//824
f 5716//821 5717//821 5714//821
f 5713//821 5716//821 5714//821
f 5717//821 5718//821 5714//821
f 5707//820 5719//820 5720//820
f 5715//825 5720//825 5719//825
f 5720//820 5721//820 5722//820
f 5718//826 5721//826 5720//826
f 5715//825 5718//825 5720//825
f 5707//820 5720//820 5723//820
f 5720//820 5722//820 5723//820
f 5723//820 5724//820 5707//820
f 5711//834 5724//834 5723//834
f 5725//820 5723//820 5722//820
f 5712//833 5723//833 5725//833
f 5712//833 5711//833 5723//833
f 5726//820 5725//820 5722//820
f 5713//832 5725//832 5726//832
f 5713//832 5712//832 5725//832
f 5722//820 5727//820 5726//820
f 5728//831 5726//831 5727//831
f 5728//831 5713//831 5726//831
f 5729//830 5728//830 5727//830
f 5713//821 5728//821 5729//821
f 5730//829 5729//829 5722//829
f 5729//821 5730//821 5713//821
f 5729//830 5727//830 5722//830
f 5716//828 5730//828 5731//828
f 5730//821 5716//821 5713//821
f 5730//829 5722//829 5731//829
f 5732//820 5731//820 5722//820
f 5716//828 5731//828 5732//828
f 5721//820 5732//820 5722//820
f 5717//827 5732//827 5721//827
f 5717//827 5716//827 5732//827
f 5724//820 5704//820 5707//820
f 5709//835 5704//835 5724//835
f 5711//834 5709//834 5724//834
f 5718//826 5717//826 5721//826
f 5706//822 5710//822 5705//822
f 5710//823 5707//823 5705//823
f 5860//820 5859//820 5863//820
f 5864//836 5859//836 5860//836
f 5859//820 5861//820 5863//820
f 5862//822 5861//822 5859//822
f 5864//836 5862//836 5859//836
f 5866//821 5862//821 5864//821
f 5865//835 5864//835 5860//835
f 5864//821 5865//821 5867//821
f 5870//821 5866//821 5864//821
f 5867//821 5868//821 5864//821
f 5868//821 5869//821 5864//821
f 5870//821 5864//821 5869//821
f 5866//823 5870//823 5863//823
f 5870//824 5871//824 5875//824
f 5874//821 5871//821 5870//821
f 5870//824 5875//824 5863//824
f 5872//821 5873//821 5870//821
f 5869//821 5872//821 5870//821
f 5873//821 5874//821 5870//821
f 5863//820 5875//820 5876//820
f 5871//825 5876//825 5875//825
f 5876//820 5877//820 5878//820
f 5874//826 5877//826 5876//826
f 5871//825 5874//825 5876//825
f 5863//820 5876//820 5879//820
f 5876//820 5878//820 5879//820
f 5879//820 5880//820 5863//820
f 5867//834 5880//834 5879//834
f 5881//820 5879//820 5878//820
f 5868//833 5879//833 5881//833
f 5868//833 5867//833 5879//833
f 5882//820 5881//820 5878//820
f 5869//832 5881//832 5882//832
f 5869//832 5868//832 5881//832
f 5878//820 5883//820 5882//820
f 5884//831 5882//831 5883//831
f 5884//831 5869//831 5882//831
f 5885//830 5884//830 5883//830
f 5869//821 5884//821 5885//821
f 5886//829 5885//829 5878//829
f 5885//821 5886//821 5869//821
f 5885//830 5883//830 5878//830
f 5872//828 5886//828 5887//828
f 5886//821 5872//821 5869//821
f 5886//829 5878//829 5887//829
f 5888//820 5887//820 5878//820
f 5872//828 5887//828 5888//828
f 5877//820 5888//820 5878//820
f 5873//827 5888//827 5877//827
f 5873//827 5872//827 5888//827
f 5880//820 5860//820 5863//820
f 5865//835 5860//835 5880//835
f 5867//834 5865//834 5880//834
f 5874//826 5873//826 5877//826
f 5862//822 5866//822 5861//822
f 5866//823 5863//823 5861//823
usemtl HullDark
f 5424//836 5422//836 5421//836
f 5425//822 5421//822 5422//822
f 5425//822 5423//822 5421//822
f 5423//820 5424//820 5421//820
f 5426//820 5425//820 5422//820
f 5430//823 5425//823 5426//823
f 5429//823 5423//823 5425//823
f 5430//823 5427//823 5425//823
f 5427//822 5428//822 5425//822
f 5431//820 5425//820 5428//820
f 5431//820 5429//820 5425//820
f 5432//837 5429//837 5431//837
f 5433//823 5432//823 5431//823
f 5433//823 5431//823 5428//823
f 5427//822 5433//822 5428//822
f 5434//821 5433//821 5427//821
f 5434//821 5432//821 5433//821
f 5432//837 5434//837 5429//837
f 5434//823 5438//823 5429//823
f 5434//823 5435//823 5438//823
f 5437//821 5435//821 5434//821
f 5436//823 5434//823 5427//823
f 5439//837 5434//837 5436//837
f 5439//837 5437//837 5434//837
f 5440//821 5439//821 5436//821
f 5437//836 5439//836 5440//836
f 5441//822 5440//822 5442//822
f 5437//836 5440//836 5441//836
f 5440//821 5436//821 5442//821
f 5436//823 5427//823 5442//823
f 5441//822 5442//822 5427//822
f 5443//822 5441//822 5422//822
f 5446//821 5441//821 5443//821
f 5441//836 5445//836 5422//836
f 5444//821 5441//821 5427//821
f 5441//836 5444//836 5445//836
f 5446//821 5437//821 5441//821
f 5437//837 5446//837 5447//837
f 5448//836 5447//836 5446//836
f 5448//836 5446//836 5443//836
f 5449//820 5448//820 5422//820
f 5443//822 5422//822 5448//822
f 5449//820 5447//820 5448//820
f 5429//820 5450//820 5449//820
f 5451//836 5449//836 5450//836
f 5451//836 5437//836 5449//836
f 5437//837 5447//837 5449//837
f 5424//836 5449//836 5422//836
f 5452//837 5449//837 5424//837
f 5452//837 5429//837 5449//837
f 5423//820 5452//820 5424//820
f 5429//823 5452//823 5423//823
f 5450//837 5435//837 5451//837
f 5437//821 5451//821 5435//821
f 5450//837 5438//837 5435//837
f 5429//820 5438//820 5450//820
f 5426//820 5422//820 5445//820
f 5444//822 5426//822 5445//822
f 5444//822 5430//822 5426//822
f 5444//821 5427//821 5430//821
f 5456//836 5454//836 5453//836
f 5457//822 5453//822 5454//822
f 5457//822 5455//822 5453//822
f 5455//820 5456//820 5453//820
f 5458//820 5457//820 5454//820
f 5462//823 5457//823 5458//823
f 5461//823 5455//823 5457//823
f 5462//823 5459//823 5457//823
f 5459//822 5460//822 5457//822
f 5463//820 5457//820 5460//820
f 5463//820 5461//820 5457//820
f 5464//837 5461//837 5463//837
f 5465//823 5464//823 5463//823
f 5465//823 5463//823 5460//823
f 5459//822 5465//822 5460//822
f 5466//821 5465//821 5459//821
f 5466//821 5464//821 5465//821
f 5464//837 5466//837 5461//837
f 5466//823 5470//823 5461//823
f 5466//823 5467//823 5470//823
f 5469//821 5467//821 5466//821
f 5468//823 5466//823 5459//823
f 5471//837 5466//837 5468//837
f 5471//837 5469//837 5466//837
f 5472//821 5471//821 5468//821
f 5469//836 5471//836 5472//836
f 5473//822 5472//822 5474//822
f 5469//836 5472//836 5473//836
f 5472//821 5468//821 5474//821
f 5468//823 5459//823 5474//823
f 5473//822 5474//822 5459//822
f 5475//822 5473//822 5454//822
f 5478//821 5473//821 5475//821
f 5473//836 5477//836 5454//836
f 5476//821 5473//821 5459//821
f 5473//836 5476//836 5477//836
f 5478//821 5469//821 5473//821
f 5469//837 5478//837 5479//837
f 5480//836 5479//836 5478//836
f 5480//836 5478//836 5475//836
f 5481//820 5480//820 5454//820
f 5475//822 5454//822 5480//822
f 5481//820 5479//820 5480//820
f 5461//820 5482//820 5481//820
f 5483//836 5481//836 5482//836
f 5483//836 5469//836 5481//836
f 5469//837 5479//837 5481//837
f 5456//836 5481//836 5454//836
f 5484//837 5481//837 5456//837
f 5484//837 5461//837 5481//837
f 5455//820 5484//820 5456//820
f 5461//823 5484//823 5455//823
f 5470//837 5483//837 5482//837
f 5469//821 5483//821 5467//821
f 5470//837 5467//837 5483//837
f 5461//820 5470//820 5482//820
f 5458//820 5454//820 5477//820
f 5476//822 5458//822 5477//822
f 5476//822 5462//822 5458//822
f 5476//821 5459//821 5462//821
f 5580//836 5578//836 5577//836
f 5581//822 5577//822 5578//822
f 5581//822 5579//822 5577//822
f 5579//820 5580//820 5577//820
f 5582//820 5581//820 5578//820
f 5586//823 5581//823 5582//823
f 5585//823 5579//823 5581//823
f 5586//823 5583//823 5581//823
f 5583//822 5584//822 5581//822
f 5587//820 5581//820 5584//820
f 5587//820 5585//820 5581//820
f 5588//837 5585//837 5587//837
f 5589//823 5588//823 5587//823
f 5589//823 5587//823 5584//823
f 5583//822 5589//822 5584//822
f 5590//821 5589//821 5583//821
f 5590//821 5588//821 5589//821
f 5588//837 5590//837 5585//837
f 5590//823 5594//823 5585//823
f 5590//823 5591//823 5594//823
f 5593//821 5591//821 5590//821
f 5592//823 5590//823 5583//823
f 5595//837 5590//837 5592//837
f 5595//837 5593//837 5590//837
f 5596//821 5595//821 5592//821
f 5593//836 5595//836 5596//836
f 5597//822 5596//822 5598//822
f 5593//836 5596//836 5597//836
f 5596//821 5592//821 5598//821
f 5592//823 5583//823 5598//823
f 5597//822 5598//822 5583//822
f 5599//822 5597//822 5578//822
f 5602//821 5597//821 5599//821
f 5597//836 5601//836 5578//836
f 5600//821 5597//821 5583//821
f 5597//836 5600//836 5601//836
f 5602//821 5593//821 5597//821
f 5593//837 5602//837 5603//837
f 5604//836 5603//836 5602//836
f 5604//836 5602//836 5599//836
f 5605//820 5604//820 5578//820
f 5599//822 5578//822 5604//822
f 5605//820 5603//820 5604//820
f 5585//820 5606//820 5605//820
f 5607//836 5605//836 5606//836
f 5607//836 5593//836 5605//836
f 5593//837 5603//837 5605//837
f 5580//836 5605//836 5578//836
f 5608//837 5605//837 5580//837
f 5608//837 5585//837 5605//837
f 5579//820 5608//820 5580//820
f 5585//823 5608//823 5579//823
f 5594//837 5607//837 5606//837
f 5593//821 5607//821 5591//821
f 5594//837 5591//837 5607//837
f 5585//820 5594//820 5606//820
f 5582//820 5578//820 5601//820
f 5600//822 5582//822 5601//822
f 5600//822 5586//822 5582//822
f 5600//821 5583//821 5586//821
f 5612//836 5610//836 5609//836
f 5613//822 5609//822 5610//822
f 5613//822 5611//822 5609//822
f 5611//820 5612//820 5609//820
f 5614//820 5613//820 5610//820
f 5618//823 5613//823 5614//823
f 5617//823 5611//823 5613//823
f 5618//823 5615//823 5613//823
f 5615//822 5616//822 5613//822
f 5619//820 5613//820 5616//820
f 5619//820 5617//820 5613//820
f 5620//837 5617//837 5619//837
f 5621//823 5620//823 5619//823
f 5621//823 5619//823 5616//823
f 5615//822 5621//822 5616//822
f 5622//821 5621//821 5615//821
f 5622//821 5620//821 5621//821
f 5620//837 5622//837 5617//837
f 5622//823 5626//823 5617//823
f 5622//823 5623//823 5626//823
f 5625//821 5623//821 5622//821
f 5624//823 5622//823 5615//823
f 5627//837 5622//837 5624//837
f 5627//837 5625//837 5622//837
f 5628//821 5627//821 5624//821
f 5625//836 5627//836 5628//836
f 5629//822 5628//822 5630//822
f 5625//836 5628//836 5629//836
f 5628//821 5624//821 5630//821
f 5624//823 5615//823 5630//823
f 5629//822 5630//822 5615//822
f 5631//822 5629//822 5610//822
f 5634//821 5629//821 5631//821
f 5629//836 5633//836 5610//836
f 5632//821 5629//821 5615//821
f 5629//836 5632//836 5633//836
f 5634//821 5625//821 5629//821
f 5625//837 5634//837 5635//837
f 5636//836 5635//836 5634//836
f 5636//836 5634//836 5631//836
f 5637//820 5636//820 5610//820
f 5631//822 5610//822 5636//822
f 5637//820 5635//820 5636//820
f 5617//820 5638//820 5637//820
f 5639//836 5637//836 5638//836
f 5639//836 5625//836 5637//836
f 5625//837 5635//837 5637//837
f 5612//836 5637//836 5610//836
f 5640//837 5637//837 5612//837
f 5640//837 5617//837 5637//837
f 5611//820 5640//820 5612//820
f 5617//823 5640//823 5611//823
f 5626//837 5639//837 5638//837
f 5625//821 5639//821 5623//821
f 5626//837 5623//837 5639//837
f 5617//820 5626//820 5638//820
f 5614//820 5610//820 5633//820
f 5632//822 5614//822 5633//822
f 5632//822 5618//822 5614//822
f 5632//821 5615//821 5618//821
f 5736//836 5734//836 5733//836
f 5737//822 5733//822 5734//822
f 5737//822 5735//822 5733//822
f 5735//820 5736//820 5733//820
f 5738//820 5737//820 5734//820
f 5742//823 5737//823 5738//823
f 5741//823 5735//823 5737//823
f 5742//823 5739//823 5737//823
f 5739//822 5740//822 5737//822
f 5743//820 5737//820 5740//820
f 5743//820 5741//820 5737//820
f 5744//837 5741//837 5743//837
f 5745//823 5744//823 5743//823
f 5745//823 5743//823 5740//823
f 5739//822 5745//822 5740//822
f 5746//821 5745//821 5739//821
f 5746//821 5744//821 5745//821
f 5744//837 5746//837 5741//837
f 5746//823 5750//823 5741//823
f 5746//823 5747//823 5750//823
f 5749//821 5747//821 5746//821
f 5748//823 5746//823 5739//823
f 5751//837 5746//837 5748//837
f 5751//837 5749//837 5746//837
f 5752//821 5751//821 5748//821
f 5749//836 5751//836 5752//836
f 5753//822 5752//822 5754//822
f 5749//836 5752//836 5753//836
f 5752//821 5748//821 5754//821
f 5748//823 5739//823 5754//823
f 5753//822 5754//822 5739//822
f 5755//822 5753//822 5734//822
f 5758//821 5753//821 5755//821
f 5753//836 5757//836 5734//836
f 5756//821 5753//821 5739//821
f 5753//836 5756//836 5757//836
f 5758//821 5749//821 5753//821
f 5749//837 5758//837 5759//837
f 5760//836 5759//836 5758//836
f 5760//836 5758//836 5755//836
f 5761//820 5760//820 5734//820
f 5755//822 5734//822 5760//822
f 5761//820 5759//820 5760//820
f 5741//820 5762//820 5761//820
f 5763//836 5761//836 5762//836
f 5763//836 5749//836 5761//836
f 5749//837 5759//837 5761//837
f 5736//836 5761//836 5734//836
f 5764//837 5761//837 5736//837
f 5764//837 5741//837 5761//837
f 5735//820 5764//820 5736//820
f 5741//823 5764//823 5735//823
f 5750//837 5763//837 5762//837
f 5749//821 5763//821 5747//821
f 5750//837 5747//837 5763//837
f 5741//820 5750//820 5762//820
f 5738//820 5734//820 5757//820
f 5756//822 5738//822 5757//822
f 5756//822 5742//822 5738//822
f 5756//821 5739//821 5742//821
f 5768//836 5766//836 5765//836
f 5769//822 5765//822 5766//822
f 5769//822 5767//822 5765//822
f 5767//820 5768//820 5765//820
f 5770//820 5769//820 5766//820
f 5774//823 5769//823 5770//823
f 5773//823 5767//823 5769//823
f 5774//823 5771//823 5769//823
f 5771//822 5772//822 5769//822
f 5775//820 5769//820 5772//820
f 5775//820 5773//820 5769//820
f 5776//837 5773//837 5775//837
f 5777//823 5776//823 5775//823
f 5777//823 5775//823 5772//823
f 5771//822 5777//822 5772//822
f 5778//821 5777//821 5771//821
f 5778//821 5776//821 5777//821
f 5776//837 5778//837 5773//837
f 5778//823 5782//823 5773//823
f 5778//823 5779//823 5782//823
f 5781//821 5779//821 5778//821
f 5780//823 5778//823 5771//823
f 5783//837 5778//837 5780//837
f 5783//837 5781//837 5778//837
f 5784//821 5783//821 5780//821
f 5781//836 5783//836 5784//836
f 5785//822 5784//822 5786//822
f 5781//836 5784//836 5785//836
f 5784//821 5780//821 5786//821
f 5780//823 5771//823 5786//823
f 5785//822 5786//822 5771//822
f 5787//822 5785//822 5766//822
f 5790//821 5785//821 5787//821
f 5785//836 5789//836 5766//836
f 5788//821 5785//821 5771//821
f 5785//836 5788//836 5789//836
f 5790//821 5781//821 5785//821
f 5781//837 5790//837 5791//837
f 5792//836 5791//836 5790//836
f 5792//836 5790//836 5787//836
f 5793//820 5792//820 5766//820
f 5787//822 5766//822 5792//822
f 5793//820 5791//820 5792//820
f 5773//820 5794//820 5793//820
f 5795//836 5793//836 5794//836
f 5795//836 5781//836 5793//836
f 5781//837 5791//837 5793//837
f 5768//836 5793//836 5766//836
f 5796//837 5793//837 5768//837
f 5796//837 5773//837 5793//837
f 5767//820 5796//820 5768//820
f 5773//823 5796//823 5767//823
f 5782//837 5795//837 5794//837
f 5781//821 5795//821 5779//821
f 5782//837 5779//837 5795//837
f 5773//820 5782//820 5794//820
f 5770//820 5766//820 5789//820
f 5788//822 5770//822 5789//822
f 5788//822 5774//822 5770//822
f 5788//821 5771//821 5774//821
f 5892//836 5890//836 5889//836
f 5893//822 5889//822 5890//822
f 5893//822 5891//822 5889//822
f 5891//820 5892//820 5889//820
f 5894//820 5893//820 5890//820
f 5898//823 5893//823 5894//823
f 5897//823 5891//823 5893//823
f 5898//823 5895//823 5893//823
f 5895//822 5896//822 5893//822
f 5899//820 5893//820 5896//820
f 5899//820 5897//820 5893//820
f 5900//837 5897//837 5899//837
f 5901//823 5900//823 5899//823
f 5901//823 5899//823 5896//823
f 5895//822 5901//822 5896//822
f 5902//821 5901//821 5895//821
f 5902//821 5900//821 5901//821
f 5900//837 5902//837 5897//837
f 5902//823 5906//823 5897//823
f 5902//823 5903//823 5906//823
f 5905//821 5903//821 5902//821
f 5904//823 5902//823 5895//823
f 5907//837 5902//837 5904//837
f 5907//837 5905//837 5902//837
f 5908//821 5907//821 5904//821
f 5905//836 5907//836 5908//836
f 5909//822 5908//822 5910//822
f 5905//836 5908//836 5909//836
f 5908//821 5904//821 5910//821
f 5904//823 5895//823 5910//823
f 5909//822 5910//822 5895//822
f 5911//822 5909//822 5890//822
f 5914//821 5909//821 5911//821
f 5909//836 5913//836 5890//836
f 5912//821 5909//821 5895//821
f 5909//836 5912//836 5913//836
f 5914//821 5905//821 5909//821
f 5905//837 5914//837 5915//837
f 5916//836 5915//836 5914//836
f 5916//836 5914//836 5911//836
f 5917//820 5916//820 5890//820
f 5911//822 5890//822 5916//822
f 5917//820 5915//820 5916//820
f 5897//820 5918//820 5917//820
f 5919//836 5917//836 5918//836
f 5919//836 5905//836 5917//836
f 5905//837 5915//837 5917//837
f 5892//836 5917//836 5890//836
f 5920//837 5917//837 5892//837
f 5920//837 5897//837 5917//837
f 5891//820 5920//820 5892//820
f 5897//823 5920//823 5891//823
f 5906//837 5919//837 5918//837
f 5905//821 5919//821 5903//821
f 5906//837 5903//837 5919//837
f 5897//820 5906//820 5918//820
f 5894//820 5890//820 5913//820
f 5912//822 5894//822 5913//822
f 5912//822 5898//822 5894//822
f 5912//821 5895//821 5898//821
f 5924//836 5922//836 5921//836
f 5925//822 5921//822 5922//822
f 5925//822 5923//822 5921//822
f 5923//820 5924//820 5921//820
f 5926//820 5925//820 5922//820
f 5930//823 5925//823 5926//823
f 5929//823 5923//823 5925//823
f 5930//823 5927//823 5925//823
f 5927//822 5928//822 5925//822
f 5931//820 5925//820 5928//820
f 5931//820 5929//820 5925//820
f 5932//837 5929//837 5931//837
f 5933//823 5932//823 5931//823
f 5933//823 5931//823 5928//823
f 5927//822 5933//822 5928//822
f 5934//821 5933//821 5927//821
f 5934//821 5932//821 5933//821
f 5932//837 5934//837 5929//837
f 5934//823 5938//823 5929//823
f 5934//823 5935//823 5938//823
f 5937//821 5935//821 5934//821
f 5936//823 5934//823 5927//823
f 5939//837 5934//837 5936//837
f 5939//837 5937//837 5934//837
f 5940//821 5939//821 5936//821
f 5937//836 5939//836 5940//836
f 5941//822 5940//822 5942//822
f 5937//836 5940//836 5941//836
f 5940//821 5936//821 5942//821
f 5936//823 5927//823 5942//823
f 5941//822 5942//822 5927//822
f 5943//822 5941//822 5922//822
f 5946//821 5941//821 5943//821
f 5941//836 5945//836 5922//836
f 5944//821 5941//821 5927//821
f 5941//836 5944//836 5945//836
f 5946//821 5937//821 5941//821
f 5937//837 5946//837 5947//837
f 5948//836 5947//836 5946//836
f 5948//836 5946//836 5943//836
f 5949//820 5948//820 5922//820
f 5943//822 5922//822 5948//822
f 5949//820 5947//820 5948//820
f 5929//820 5950//820 5949//820
f 5951//836 5949//836 5950//836
f 5951//836 5937//836 5949//836
f 5937//837 5947//837 5949//837
f 5924//836 5949//836 5922//836
f 5952//837 5949//837 5924//837
f 5952//837 5929//837 5949//837
f 5923//820 5952//820 5924//820
f 5929//823 5952//823 5923//823
f 5938//837 5951//837 5950//837
f 5937//821 5951//821 5935//821
f 5938//837 5935//837 5951//837
f 5929//820 5938//820 5950//820
f 5926//820 5922//820 5945//820
f 5944//822 5926//822 5945//822
f 5944//822 5930//822 5926//822
f 5944//821 5927//821 5930//821
f 6048//836 6046//836 6045//836
f 6049//840 6045//840 6046//840
f 6049//840 6047//840 6045//840
f 6047//820 6048//820 6045//820
f 6050//820 6049//820 6046//820
f 6054//823 6049//823 6050//823
f 6053//823 6047//823 6049//823
f 6054//823 6051//823 6049//823
f 6051//822 6052//822 6049//822
f 6055//820 6049//820 6052//820
f 6055//820 6053//820 6049//820
f 6056//841 6053//841 6055//841
f 6057//823 6056//823 6055//823
f 6057//823 6055//823 6052//823
f 6051//842 6057//842 6052//842
f 6058//821 6057//821 6051//821
f 6058//821 6056//821 6057//821
f 6056//837 6058//837 6053//837
f 6058//823 6062//823 6053//823
f 6058//823 6059//823 6062//823
f 6061//821 6059//821 6058//821
f 6060//823 6058//823 6051//823
f 6063//843 6058//843 6060//843
f 6063//843 6061//843 6058//843
f 6064//821 6063//821 6060//821
f 6061//836 6063//836 6064//836
f 6065//844 6064//844 6066//844
f 6061//836 6064//836 6065//836
f 6064//821 6060//821 6066//821
f 6060//845 6051//845 6066//845
f 6065//844 6066//844 6051//844
f 6067//822 6065//822 6046//822
f 6070//821 6065//821 6067//821
f 6065//836 6069//836 6046//836
f 6068//821 6065//821 6051//821
f 6065//836 6068//836 6069//836
f 6070//821 6061//821 6065//821
f 6061//846 6070//846 6071//846
f 6072//836 6071//836 6070//836
f 6072//836 6070//836 6067//836
f 6073//820 6072//820 6046//820
f 6067//847 6046//847 6072//847
f 6073//820 6071//820 6072//820
f 6053//820 6074//820 6073//820
f 6075//836 6073//836 6074//836
f 6075//836 6061//836 6073//836
f 6061//837 6071//837 6073//837
f 6048//836 6073//836 6046//836
f 6076//848 6073//848 6048//848
f 6076//848 6053//848 6073//848
f 6047//820 6076//820 6048//820
f 6053//849 6076//849 6047//849
f 6062//837 6075//837 6074//837
f 6061//821 6075//821 6059//821
f 6062//837 6059//837 6075//837
f 6053//820 6062//820 6074//820
f 6050//820 6046//820 6069//820
f 6068//822 6050//822 6069//822
f 6068//822 6054//822 6050//822
f 6068//821 6051//821 6054//821
f 6080//850 6078//850 6077//850
f 6081//822 6077//822 6078//822
f 6081//822 6079//822 6077//822
f 6079//820 6080//820 6077//820
f 6082//820 6081//820 6078//820
f 6086//851 6081//851 6082//851
f 6085//823 6079//823 6081//823
f 6086//851 6083//851 6081//851
f 6083//822 6084//822 6081//822
f 6087//820 6081//820 6084//820
f 6087//820 6085//820 6081//820
f 6088//837 6085//837 6087//837
f 6089//823 6088//823 6087//823
f 6089//823 6087//823 6084//823
f 6083//822 6089//822 6084//822
f 6090//821 6089//821 6083//821
f 6090//821 6088//821 6089//821
f 6088//837 6090//837 6085//837
f 6090//852 6094//852 6085//852
f 6090//852 6091//852 6094//852
f 6093//821 6091//821 6090//821
f 6092//823 6090//823 6083//823
f 6095//837 6090//837 6092//837
f 6095//837 6093//837 6090//837
f 6096//821 6095//821 6092//821
f 6093//853 6095//853 6096//853
f 6097//822 6096//822 6098//822
f 6093//836 6096//836 6097//836
f 6096//821 6092//821 6098//821
f 6092//854 6083//854 6098//854
f 6097//822 6098//822 6083//822
f 6099//822 6097//822 6078//822
f 6102//821 6097//821 6099//821
f 6097//855 6101//855 6078//855
f 6100//821 6097//821 6083//821
f 6097//855 6100//855 6101//855
f 6102//821 6093//821 6097//821
f 6093//837 6102//837 6103//837
f 6104//836 6103//836 6102//836
f 6104//836 6102//836 6099//836
f 6105//820 6104//820 6078//820
f 6099//822 6078//822 6104//822
f 6105//820 6103//820 6104//820
f 6085//820 6106//820 6105//820
f 6107//856 6105//856 6106//856
f 6107//856 6093//856 6105//856
f 6093//837 6103//837 6105//837
f 6080//836 6105//836 6078//836
f 6108//837 6105//837 6080//837
f 6108//837 6085//837 6105//837
f 6079//820 6108//820 6080//820
f 6085//845 6108//845 6079//845
f 6094//837 6107//837 6106//837
f 6093//821 6107//821 6091//821
f 6094//837 6091//837 6107//837
f 6085//820 6094//820 6106//820
f 6082//820 6078//820 6101//820
f 6100//822 6082//822 6101//822
f 6100//822 6086//822 6082//822
f 6100//821 6083//821 6086//821
f 6204//836 6202//836 6201//836
f 6205//840 6201//840 6202//840
f 6205//840 6203//840 6201//840
f 6203//820 6204//820 6201//820
f 6206//820 6205//820 6202//820
f 6210//823 6205//823 6206//823
f 6209//823 6203//823 6205//823
f 6210//823 6207//823 6205//823
f 6207//822 6208//822 6205//822
f 6211//820 6205//820 6208//820
f 6211//820 6209//820 6205//820
f 6212//841 6209//841 6211//841
f 6213//823 6212//823 6211//823
f 6213//823 6211//823 6208//823
f 6207//842 6213//842 6208//842
f 6214//821 6213//821 6207//821
f 6214//821 6212//821 6213//821
f 6212//837 6214//837 6209//837
f 6214//823 6218//823 6209//823
f 6214//823 6215//823 6218//823
f 6217//821 6215//821 6214//821
f 6216//823 6214//823 6207//823
f 6219//843 6214//843 6216//843
f 6219//843 6217//843 6214//843
f 6220//821 6219//821 6216//821
f 6217//836 6219//836 6220//836
f 6221//844 6220//844 6222//844
f 6217//857 6220//857 6221//857
f 6220//821 6216//821 6222//821
f 6216//823 6207//823 6222//823
f 6221//844 6222//844 6207//844
f 6223//822 6221//822 6202//822
f 6226//821 6221//821 6223//821
f 6221//836 6225//836 6202//836
f 6224//821 6221//821 6207//821
f 6221//836 6224//836 6225//836
f 6226//821 6217//821 6221//821
f 6217//846 6226//846 6227//846
f 6228//836 6227//836 6226//836
f 6228//836 6226//836 6223//836
f 6229//820 6228//820 6202//820
f 6223//847 6202//847 6228//847
f 6229//820 6227//820 6228//820
f 6209//820 6230//820 6229//820
f 6231//836 6229//836 6230//836
f 6231//836 6217//836 6229//836
f 6217//837 6227//837 6229//837
f 6204//850 6229//850 6202//850
f 6232//848 6229//848 6204//848
f 6232//848 6209//848 6229//848
f 6203//820 6232//820 6204//820
f 6209//823 6232//823 6203//823
f 6218//837 6231//837 6230//837
f 6217//821 6231//821 6215//821
f 6218//837 6215//837 6231//837
f 6209//820 6218//820 6230//820
f 6206//820 6202//820 6225//820
f 6224//822 6206//822 6225//822
f 6224//822 6210//822 6206//822
f 6224//821 6207//821 6210//821
f 6236//836 6234//836 6233//836
f 6237//822 6233//822 6234//822
f 6237//822 6235//822 6233//822
f 6235//820 6236//820 6233//820
f 6238//820 6237//820 6234//820
f 6242//823 6237//823 6238//823
f 6241//823 6235//823 6237//823
f 6242//823 6239//823 6237//823
f 6239//822 6240//822 6237//822
f 6243//820 6237//820 6240//820
f 6243//820 6241//820 6237//820
f 6244//837 6241//837 6243//837
f 6245//823 6244//823 6243//823
f 6245//823 6243//823 6240//823
f 6239//822 6245//822 6240//822
f 6246//821 6245//821 6239//821
f 6246//821 6244//821 6245//821
f 6244//837 6246//837 6241//837
f 6246//823 6250//823 6241//823
f 6246//823 6247//823 6250//823
f 6249//821 6247//821 6246//821
f 6248//823 6246//823 6239//823
f 6251//837 6246//837 6248//837
f 6251//837 6249//837 6246//837
f 6252//821 6251//821 6248//821
f 6249//836 6251//836 6252//836
f 6253//822 6252//822 6254//822
f 6249//836 6252//836 6253//836
f 6252//821 6248//821 6254//821
f 6248//823 6239//823 6254//823
f 6253//822 6254//822 6239//822
f 6255//822 6253//822 6234//822
f 6258//821 6253//821 6255//821
f 6253//836 6257//836 6234//836
f 6256//821 6253//821 6239//821
f 6253//836 6256//836 6257//836
f 6258//821 6249//821 6253//821
f 6249//837 6258//837 6259//837
f 6260//836 6259//836 6258//836
f 6260//836 6258//836 6255//836
f 6261//820 6260//820 6234//820
f 6255//822 6234//822 6260//822
f 6261//820 6259//820 6260//820
f 6241//820 6262//820 6261//820
f 6263//836 6261//836 6262//836
f 6263//836 6249//836 6261//836
f 6249//837 6259//837 6261//837
f 6236//836 6261//836 6234//836
f 6264//837 6261//837 6236//837
f 6264//837 6241//837 6261//837
f 6235//820 6264//820 6236//820
f 6241//823 6264//823 6235//823
f 6250//837 6263//837 6262//837
f 6249//821 6263//821 6247//821
f 6250//837 6247//837 6263//837
f 6241//820 6250//820 6262//820
f 6238//820 6234//820 6257//820
f 6256//822 6238//822 6257//822
f 6256//822 6242//822 6238//822
f 6256//821 6239//821 6242//821
f 6360//836 6358//836 6357//836
f 6361//840 6357//840 6358//840
f 6361//840 6359//840 6357//840
f 6359//820 6360//820 6357//820
f 6362//820 6361//820 6358//820
f 6366//823 6361//823 6362//823
f 6365//823 6359//823 6361//823
f 6366//823 6363//823 6361//823
f 6363//822 6364//822 6361//822
f 6367//820 6361//820 6364//820
f 6367//820 6365//820 6361//820
f 6368//841 6365//841 6367//841
f 6369//823 6368//823 6367//823
f 6369//823 6367//823 6364//823
f 6363//842 6369//842 6364//842
f 6370//821 6369//821 6363//821
f 6370//821 6368//821 6369//821
f 6368//837 6370//837 6365//837
f 6370//823 6374//823 6365//823
f 6370//823 6371//823 6374//823
f 6373//821 6371//821 6370//821
f 6372//823 6370//823 6363//823
f 6375//843 6370//843 6372//843
f 6375//843 6373//843 6370//843
f 6376//821 6375//821 6372//821
f 6373//836 6375//836 6376//836
f 6377//844 6376//844 6378//844
f 6373//836 6376//836 6377//836
f 6376//821 6372//821 6378//821
f 6372//845 6363//845 6378//845
f 6377//844 6378//844 6363//844
f 6379//822 6377//822 6358//822
f 6382//821 6377//821 6379//821
f 6377//836 6381//836 6358//836
f 6380//821 6377//821 6363//821
f 6377//836 6380//836 6381//836
f 6382//821 6373//821 6377//821
f 6373//846 6382//846 6383//846
f 6384//836 6383//836 6382//836
f 6384//836 6382//836 6379//836
f 6385//820 6384//820 6358//820
f 6379//847 6358//847 6384//847
f 6385//820 6383//820 6384//820
f 6365//820 6386//820 6385//820
f 6387//836 6385//836 6386//836
f 6387//836 6373//836 6385//836
f 6373//837 6383//837 6385//837
f 6360//836 6385//836 6358//836
f 6388//848 6385//848 6360//848
f 6388//848 6365//848 6385//848
f 6359//820 6388//820 6360//820
f 6365//849 6388//849 6359//849
f 6374//837 6387//837 6386//837
f 6373//821 6387//821 6371//821
f 6374//837 6371//837 6387//837
f 6365//820 6374//820 6386//820
f 6362//820 6358//820 6381//820
f 6380//822 6362//822 6381//822
f 6380//822 6366//822 6362//822
f 6380//821 6363//821 6366//821
f 6392//850 6390//850 6389//850
f 6393//822 6389//822 6390//822
f 6393//822 6391//822 6389//822
f 6391//820 6392//820 6389//820
f 6394//820 6393//820 6390//820
f 6398//851 6393//851 6394//851
f 6397//823 6391//823 6393//823
f 6398//851 6395//851 6393//851
f 6395//822 6396//822 6393//822
f 6399//820 6393//820 6396//820
f 6399//820 6397//820 6393//820
f 6400//837 6397//837 6399//837
f 6401//823 6400//823 6399//823
f 6401//823 6399//823 6396//823
f 6395//822 6401//822 6396//822
f 6402//821 6401//821 6395//821
f 6402//821 6400//821 6401//821
f 6400//837 6402//837 6397//837
f 6402//852 6406//852 6397//852
f 6402//852 6403//852 6406//852
f 6405//821 6403//821 6402//821
f 6404//823 6402//823 6395//823
f 6407//837 6402//837 6404//837
f 6407//837 6405//837 6402//837
f 6408//821 6407//821 6404//821
f 6405//853 6407//853 6408//853
f 6409//822 6408//822 6410//822
f 6405//836 6408//836 6409//836
f 6408//821 6404//821 6410//821
f 6404//849 6395//849 6410//849
f 6409//822 6410//822 6395//822
f 6411//822 6409//822 6390//822
f 6414//821 6409//821 6411//821
f 6409//855 6413//855 6390//855
f 6412//821 6409//821 6395//821
f 6409//855 6412//855 6413//855
f 6414//821 6405//821 6409//821
f 6405//837 6414//837 6415//837
f 6416//836 6415//836 6414//836
f 6416//836 6414//836 6411//836
f 6417//820 6416//820 6390//820
f 6411//822 6390//822 6416//822
f 6417//820 6415//820 6416//820
f 6397//820 6418//820 6417//820
f 6419//856 6417//856 6418//856
f 6419//856 6405//856 6417//856
f 6405//837 6415//837 6417//837
f 6392//836 6417//836 6390//836
f 6420//837 6417//837 6392//837
f 6420//837 6397//837 6417//837
f 6391//820 6420//820 6392//820
f 6397//858 6420//858 6391//858
f 6406//837 6419//837 6418//837
f 6405//821 6419//821 6403//821
f 6406//837 6403//837 6419//837
f 6397//820 6406//820 6418//820
f 6394//820 6390//820 6413//820
f 6412//822 6394//822 6413//822
f 6412//822 6398//822 6394//822
f 6412//821 6395//821 6398//821
f 6516//820 6514//820 6513//820
f 6517//822 6513//822 6514//822
f 6517//842 6515//842 6513//842
f 6515//823 6516//823 6513//823
f 6518//823 6517//823 6514//823
f 6522//821 6517//821 6518//821
f 6521//821 6515//821 6517//821
f 6522//821 6519//821 6517//821
f 6519//844 6520//844 6517//844
f 6523//823 6517//823 6520//823
f 6523//823 6521//823 6517//823
f 6524//843 6521//843 6523//843
f 6525//821 6524//821 6523//821
f 6525//821 6523//821 6520//821
f 6519//844 6525//844 6520//844
f 6526//861 6525//861 6519//861
f 6526//836 6524//836 6525//836
f 6524//843 6526//843 6521//843
f 6526//821 6530//821 6521//821
f 6526//821 6527//821 6530//821
f 6529//836 6527//836 6526//836
f 6528//821 6526//821 6519//821
f 6531//846 6526//846 6528//846
f 6531//837 6529//837 6526//837
f 6532//836 6531//836 6528//836
f 6529//820 6531//820 6532//820
f 6533//847 6532//847 6534//847
f 6529//820 6532//820 6533//820
f 6532//836 6528//836 6534//836
f 6528//821 6519//821 6534//821
f 6533//822 6534//822 6519//822
f 6535//840 6533//840 6514//840
f 6538//836 6533//836 6535//836
f 6533//820 6537//820 6514//820
f 6536//836 6533//836 6519//836
f 6533//820 6536//820 6537//820
f 6538//853 6529//853 6533//853
f 6529//848 6538//848 6539//848
f 6540//820 6539//820 6538//820
f 6540//820 6538//820 6535//820
f 6541//823 6540//823 6514//823
f 6535//840 6514//840 6540//840
f 6541//823 6539//823 6540//823
f 6521//823 6542//823 6541//823
f 6543//820 6541//820 6542//820
f 6543//820 6529//820 6541//820
f 6529//848 6539//848 6541//848
f 6516//820 6541//820 6514//820
f 6544//841 6541//841 6516//841
f 6544//837 6521//837 6541//837
f 6515//823 6544//823 6516//823
f 6521//821 6544//821 6515//821
f 6530//837 6543//837 6542//837
f 6529//836 6543//836 6527//836
f 6530//837 6527//837 6543//837
f 6521//823 6530//823 6542//823
f 6518//823 6514//823 6537//823
f 6536//822 6518//822 6537//822
f 6536//822 6522//822 6518//822
f 6536//836 6519//836 6522//836
f 6548//820 6546//820 6545//820
f 6549//822 6545//822 6546//822
f 6549//822 6547//822 6545//822
f 6547//823 6548//823 6545//823
f 6550//823 6549//823 6546//823
f 6554//821 6549//821 6550//821
f 6553//821 6547//821 6549//821
f 6554//821 6551//821 6549//821
f 6551//822 6552//822 6549//822
f 6555//823 6549//823 6552//823
f 6555//823 6553//823 6549//823
f 6556//837 6553//837 6555//837
f 6557//821 6556//821 6555//821
f 6557//821 6555//821 6552//821
f 6551//822 6557//822 6552//822
f 6558//836 6557//836 6551//836
f 6558//836 6556//836 6557//836
f 6556//837 6558//837 6553//837
f 6558//821 6562//821 6553//821
f 6558//821 6559//821 6562//821
f 6561//836 6559//836 6558//836
f 6560//821 6558//821 6551//821
f 6560//837 6561//837 6558//837
f 6553//823 6562//823 6563//823
f 6563//837 6562//837 6559//837
f 6553//823 6563//823 6564//823
f 6565//820 6564//820 6563//820
f 6563//837 6559//837 6565//837
f 6561//836 6565//836 6559//836
f 6565//820 6561//820 6564//820
f 6561//837 6566//837 6564//837
f 6564//823 6566//823 6567//823
f 6548//820 6564//820 6546//820
f 6548//837 6553//837 6564//837
f 6564//823 6567//823 6546//823
f 6568//822 6546//822 6567//822
f 6567//820 6569//820 6568//820
f 6567//820 6566//820 6569//820
f 6569//836 6561//836 6570//836
f 6561//837 6569//837 6566//837
f 6569//836 6570//836 6568//836
f 6568//822 6570//822 6546//822
f 6570//820 6573//820 6546//820
f 6571//836 6570//836 6551//836
f 6570//820 6571//820 6573//820
f 6570//822 6574//822 6551//822
f 6570//822 6572//822 6574//822
f 6561//820 6572//820 6570//820
f 6560//821 6551//821 6574//821
f 6572//836 6560//836 6574//836
f 6550//823 6546//823 6573//823
f 6573//822 6554//822 6550//822
f 6573//822 6571//822 6554//822
f 6572//836 6575//836 6560//836
f 6561//820 6575//820 6572//820
f 6560//837 6575//837 6561//837
f 6571//836 6551//836 6554//836
f 6553//821 6576//821 6547//821
f 6548//837 6576//837 6553//837
f 6547//823 6576//823 6548//823
f 6672//820 6670//820 6669//820
f 6673//822 6669//822 6670//822
f 6673//842 6671//842 6669//842
f 6671//823 6672//823 6669//823
f 6674//823 6673//823 6670//823
f 6678//821 6673//821 6674//821
f 6677//821 6671//821 6673//821
f 6678//821 6675//821 6673//821
f 6675//844 6676//844 6673//844
f 6679//823 6673//823 6676//823
f 6679//823 6677//823 6673//823
f 6680//843 6677//843 6679//843
f 6681//821 6680//821 6679//821
f 6681//821 6679//821 6676//821
f 6675//844 6681//844 6676//844
f 6682//861 6681//861 6675//861
f 6682//836 6680//836 6681//836
f 6680//843 6682//843 6677//843
f 6682//821 6686//821 6677//821
f 6682//821 6683//821 6686//821
f 6685//836 6683//836 6682//836
f 6684//821 6682//821 6675//821
f 6687//846 6682//846 6684//846
f 6687//837 6685//837 6682//837
f 6688//836 6687//836 6684//836
f 6685//820 6687//820 6688//820
f 6689//847 6688//847 6690//847
f 6685//820 6688//820 6689//820
f 6688//836 6684//836 6690//836
f 6684//821 6675//821 6690//821
f 6689//822 6690//822 6675//822
f 6691//840 6689//840 6670//840
f 6694//836 6689//836 6691//836
f 6689//820 6693//820 6670//820
f 6692//836 6689//836 6675//836
f 6689//820 6692//820 6693//820
f 6694//853 6685//853 6689//853
f 6685//848 6694//848 6695//848
f 6696//820 6695//820 6694//820
f 6696//820 6694//820 6691//820
f 6697//823 6696//823 6670//823
f 6691//840 6670//840 6696//840
f 6697//823 6695//823 6696//823
f 6677//823 6698//823 6697//823
f 6699//820 6697//820 6698//820
f 6699//820 6685//820 6697//820
f 6685//848 6695//848 6697//848
f 6672//820 6697//820 6670//820
f 6700//841 6697//841 6672//841
f 6700//837 6677//837 6697//837
f 6671//823 6700//823 6672//823
f 6677//821 6700//821 6671//821
f 6686//837 6699//837 6698//837
f 6685//836 6699//836 6683//836
f 6686//837 6683//837 6699//837
f 6677//823 6686//823 6698//823
f 6674//823 6670//823 6693//823
f 6692//822 6674//822 6693//822
f 6692//822 6678//822 6674//822
f 6692//836 6675//836 6678//836
f 6704//820 6702//820 6701//820
f 6705//822 6701//822 6702//822
f 6705//822 6703//822 6701//822
f 6703//823 6704//823 6701//823
f 6706//823 6705//823 6702//823
f 6710//821 6705//821 6706//821
f 6709//821 6703//821 6705//821
f 6710//821 6707//821 6705//821
f 6707//822 6708//822 6705//822
f 6711//823 6705//823 6708//823
f 6711//823 6709//823 6705//823
f 6712//837 6709//837 6711//837
f 6713//821 6712//821 6711//821
f 6713//821 6711//821 6708//821
f 6707//822 6713//822 6708//822
f 6714//836 6713//836 6707//836
f 6714//836 6712//836 6713//836
f 6712//837 6714//837 6709//837
f 6714//821 6718//821 6709//821
f 6714//821 6715//821 6718//821
f 6717//836 6715//836 6714//836
f 6716//821 6714//821 6707//821
f 6716//837 6717//837 6714//837
f 6709//823 6718//823 6719//823
f 6719//837 6718//837 6715//837
f 6709//823 6719//823 6720//823
f 6721//820 6720//820 6719//820
f 6719//837 6715//837 6721//837
f 6717//836 6721//836 6715//836
f 6721//820 6717//820 6720//820
f 6717//837 6722//837 6720//837
f 6720//823 6722//823 6723//823
f 6704//820 6720//820 6702//820
f 6704//837 6709//837 6720//837
f 6720//823 6723//823 6702//823
f 6724//822 6702//822 6723//822
f 6723//820 6725//820 6724//820
f 6723//820 6722//820 6725//820
f 6725//836 6717//836 6726//836
f 6717//837 6725//837 6722//837
f 6725//836 6726//836 6724//836
f 6724//822 6726//822 6702//822
f 6726//820 6729//820 6702//820
f 6727//836 6726//836 6707//836
f 6726//820 6727//820 6729//820
f 6726//822 6730//822 6707//822
f 6726//822 6728//822 6730//822
f 6717//820 6728//820 6726//820
f 6716//821 6707//821 6730//821
f 6728//836 6716//836 6730//836
f 6706//823 6702//823 6729//823
f 6729//822 6710//822 6706//822
f 6729//822 6727//822 6710//822
f 6728//836 6731//836 6716//836
f 6717//820 6731//820 6728//820
f 6716//837 6731//837 6717//837
f 6727//836 6707//836 6710//836
f 6709//821 6732//821 6703//821
f 6704//837 6732//837 6709//837
f 6703//823 6732//823 6704//823
usemtl Window
f 6016//820 6015//820 6019//820
f 6020//836 6015//836 6016//836
f 6015//820 6017//820 6019//820
f 6018//822 6017//822 6015//822
f 6020//836 6018//836 6015//836
f 6022//821 6018//821 6020//821
f 6021//835 6020//835 6016//835
f 6020//821 6021//821 6023//821
f 6026//821 6022//821 6020//821
f 6023//821 6024//821 6020//821
f 6024//821 6025//821 6020//821
f 6026//821 6020//821 6025//821
f 6022//823 6026//823 6019//823
f 6026//824 6027//824 6031//824
f 6030//821 6027//821 6026//821
f 6026//824 6031//824 6019//824
f 6028//821 6029//821 6026//821
f 6025//821 6028//821 6026//821
f 6029//821 6030//821 6026//821
f 6019//820 6031//820 6032//820
f 6027//825 6032//825 6031//825
f 6032//820 6033//820 6034//820
f 6030//826 6033//826 6032//826
f 6027//825 6030//825 6032//825
f 6019//820 6032//820 6035//820
f 6032//820 6034//820 6035//820
f 6035//820 6036//820 6019//820
f 6023//834 6036//834 6035//834
f 6037//820 6035//820 6034//820
f 6024//838 6035//838 6037//838
f 6024//833 6023//833 6035//833
f 6038//820 6037//820 6034//820
f 6025//832 6037//832 6038//832
f 6025//832 6024//832 6037//832
f 6034//820 6039//820 6038//820
f 6040//831 6038//831 6039//831
f 6040//831 6025//831 6038//831
f 6041//830 6040//830 6039//830
f 6040//821 6041//821 6028//821
f 6025//821 6040//821 6028//821
f 6042//829 6041//829 6034//829
f 6041//821 6042//821 6028//821
f 6041//830 6039//830 6034//830
f 6028//828 6042//828 6043//828
f 6042//829 6034//829 6043//829
f 6044//820 6043//820 6034//820
f 6028//828 6043//828 6044//828
f 6033//820 6044//820 6034//820
f 6029//827 6044//827 6033//827
f 6029//827 6028//827 6044//827
f 6036//820 6016//820 6019//820
f 6021//835 6016//835 6036//835
f 6023//834 6021//834 6036//834
f 6030//839 6029//839 6033//839
f 6018//822 6022//822 6017//822
f 6022//823 6019//823 6017//823
f 6172//820 6171//820 6175//820
f 6176//836 6171//836 6172//836
f 6171//820 6173//820 6175//820
f 6174//822 6173//822 6171//822
f 6176//836 6174//836 6171//836
f 6178//821 6174//821 6176//821
f 6177//835 6176//835 6172//835
f 6176//821 6177//821 6179//821
f 6182//821 6178//821 6176//821
f 6179//821 6180//821 6176//821
f 6180//821 6181//821 6176//821
f 6182//821 6176//821 6181//821
f 6178//823 6182//823 6175//823
f 6182//824 6183//824 6187//824
f 6186//821 6183//821 6182//821
f 6182//824 6187//824 6175//824
f 6184//821 6185//821 6182//821
f 6181//821 6184//821 6182//821
f 6185//821 6186//821 6182//821
f 6175//820 6187//820 6188//820
f 6183//825 6188//825 6187//825
f 6188//820 6189//820 6190//820
f 6186//826 6189//826 6188//826
f 6183//825 6186//825 6188//825
f 6175//820 6188//820 6191//820
f 6188//820 6190//820 6191//820
f 6191//820 6192//820 6175//820
f 6179//834 6192//834 6191//834
f 6193//820 6191//820 6190//820
f 6180//838 6191//838 6193//838
f 6180//833 6179//833 6191//833
f 6194//820 6193//820 6190//820
f 6181//832 6193//832 6194//832
f 6181//832 6180//832 6193//832
f 6190//820 6195//820 6194//820
f 6196//831 6194//831 6195//831
f 6196//831 6181//831 6194//831
f 6197//830 6196//830 6195//830
f 6196//821 6197//821 6184//821
f 6181//821 6196//821 6184//821
f 6198//829 6197//829 6190//829
f 6197//821 6198//821 6184//821
f 6197//830 6195//830 6190//830
f 6184//828 6198//828 6199//828
f 6198//829 6190//829 6199//829
f 6200//820 6199//820 6190//820
f 6184//828 6199//828 6200//828
f 6189//820 6200//820 6190//820
f 6185//827 6200//827 6189//827
f 6185//827 6184//827 6200//827
f 6192//820 6172//820 6175//820
f 6177//835 6172//835 6192//835
f 6179//834 6177//834 6192//834
f 6186//839 6185//839 6189//839
f 6174//822 6178//822 6173//822
f 6178//823 6175//823 6173//823
f 6328//820 6327//820 6331//820
f 6332//836 6327//836 6328//836
f 6327//820 6329//820 6331//820
f 6330//822 6329//822 6327//822
f 6332//836 6330//836 6327//836
f 6334//821 6330//821 6332//821
f 6333//835 6332//835 6328//835
f 6332//821 6333//821 6335//821
f 6338//821 6334//821 6332//821
f 6335//821 6336//821 6332//821
f 6336//821 6337//821 6332//821
f 6338//821 6332//821 6337//821
f 6334//823 6338//823 6331//823
f 6338//824 6339//824 6343//824
f 6342//821 6339//821 6338//821
f 6338//824 6343//824 6331//824
f 6340//821 6341//821 6338//821
f 6337//821 6340//821 6338//821
f 6341//821 6342//821 6338//821
f 6331//820 6343//820 6344//820
f 6339//825 6344//825 6343//825
f 6344//820 6345//820 6346//820
f 6342//826 6345//826 6344//826
f 6339//825 6342//825 6344//825
f 6331//820 6344//820 6347//820
f 6344//820 6346//820 6347//820
f 6347//820 6348//820 6331//820
f 6335//834 6348//834 6347//834
f 6349//820 6347//820 6346//820
f 6336//838 6347//838 6349//838
f 6336//833 6335//833 6347//833
f 6350//820 6349//820 6346//820
f 6337//832 6349//832 6350//832
f 6337//832 6336//832 6349//832
f 6346//820 6351//820 6350//820
f 6352//831 6350//831 6351//831
f 6352//831 6337//831 6350//831
f 6353//830 6352//830 6351//830
f 6352//821 6353//821 6340//821
f 6337//821 6352//821 6340//821
f 6354//829 6353//829 6346//829
f 6353//821 6354//821 6340//821
f 6353//830 6351//830 6346//830
f 6340//828 6354//828 6355//828
f 6354//829 6346//829 6355//829
f 6356//820 6355//820 6346//820
f 6340//828 6355//828 6356//828
f 6345//820 6356//820 6346//820
f 6341//827 6356//827 6345//827
f 6341//827 6340//827 6356//827
f 6348//820 6328//820 6331//820
f 6333//835 6328//835 6348//835
f 6335//834 6333//834 6348//834
f 6342//839 6341//839 6345//839
f 6330//822 6334//822 6329//822
f 6334//823 6331//823 6329//823
f 6484//823 6483//823 6487//823
f 6488//820 6483//820 6484//820
f 6483//823 6485//823 6487//823
f 6486//822 6485//822 6483//822
f 6488//820 6486//820 6483//820
f 6490//836 6486//836 6488//836
f 6489//859 6488//859 6484//859
f 6488//836 6489//836 6491//836
f 6494//836 6490//836 6488//836
f 6491//836 6492//836 6488//836
f 6492//836 6493//836 6488//836
f 6494//836 6488//836 6493//836
f 6490//821 6494//821 6487//821
f 6494//860 6495//860 6499//860
f 6498//836 6495//836 6494//836
f 6494//860 6499//860 6487//860
f 6496//836 6497//836 6494//836
f 6493//836 6496//836 6494//836
f 6497//836 6498//836 6494//836
f 6487//823 6499//823 6500//823
f 6495//862 6500//862 6499//862
f 6500//823 6501//823 6502//823
f 6498//863 6501//863 6500//863
f 6495//862 6498//862 6500//862
f 6487//823 6500//823 6505//823
f 6502//823 6503//823 6500//823
f 6503//823 6504//823 6500//823
f 6500//823 6504//823 6505//823
f 6505//823 6506//823 6487//823
f 6491//864 6506//864 6505//864
f 6509//823 6507//823 6505//823
f 6492//865 6505//865 6507//865
f 6492//872 6491//872 6505//872
f 6504//823 6508//823 6505//823
f 6508//823 6509//823 6505//823
f 6493//866 6507//866 6509//866
f 6510//867 6509//867 6508//867
f 6510//867 6493//867 6509//867
f 6511//868 6510//868 6508//868
f 6493//836 6510//836 6511//836
f 6512//869 6511//869 6504//869
f 6511//836 6512//836 6493//836
f 6511//868 6508//868 6504//868
f 6496//870 6512//870 6503//870
f 6512//836 6496//836 6493//836
f 6512//869 6504//869 6503//869
f 6493//866 6492//866 6507//866
f 6506//823 6484//823 6487//823
f 6489//859 6484//859 6506//859
f 6491//864 6489//864 6506//864
f 6496//870 6503//870 6502//870
f 6497//871 6502//871 6501//871
f 6497//871 6496//871 6502//871
f 6498//873 6497//873 6501//873
f 6486//822 6490//822 6485//822
f 6490//821 6487//821 6485//821
f 6640//823 6639//823 6643//823
f 6644//820 6639//820 6640//820
f 6639//823 6641//823 6643//823
f 6642//822 6641//822 6639//822
f 6644//820 6642//820 6639//820
f 6646//836 6642//836 6644//836
f 6645//859 6644//859 6640//859
f 6644//836 6645//836 6647//836
f 6648//836 6646//836 6644//836
f 6648//836 6644//836 6647//836
f 6646//821 6648//821 6643//821
f 6648//860 6649//860 6651//860
f 6649//836 6648//836 6650//836
f 6648//860 6651//860 6643//860
f 6647//836 6650//836 6648//836
f 6643//823 6651//823 6652//823
f 6649//862 6652//862 6651//862
f 6652//823 6653//823 6655//823
f 6654//863 6653//863 6652//863
f 6649//862 6654//862 6652//862
f 6643//823 6652//823 6658//823
f 6655//823 6656//823 6652//823
f 6656//823 6657//823 6652//823
f 6652//823 6657//823 6658//823
f 6658//823 6659//823 6643//823
f 6661//864 6659//864 6658//864
f 6663//823 6660//823 6658//823
f 6664//865 6658//865 6660//865
f 6664//872 6661//872 6658//872
f 6657//823 6662//823 6658//823
f 6662//823 6663//823 6658//823
f 6647//866 6664//866 6660//866
f 6661//836 6664//836 6647//836
f 6647//866 6660//866 6663//866
f 6665//867 6663//867 6662//867
f 6665//867 6647//867 6663//867
f 6666//868 6665//868 6662//868
f 6665//836 6666//836 6650//836
f 6647//836 6665//836 6650//836
f 6667//869 6666//869 6657//869
f 6666//836 6667//836 6650//836
f 6666//868 6662//868 6657//868
f 6650//870 6667//870 6656//870
f 6667//869 6657//869 6656//869
f 6661//864 6645//864 6659//864
f 6645//836 6661//836 6647//836
f 6659//823 6640//823 6643//823
f 6645//859 6640//859 6659//859
f 6650//870 6656//870 6655//870
f 6668//871 6655//871 6653//871
f 6668//871 6650//871 6655//871
f 6654//873 6668//873 6653//873
f 6650//836 6668//836 6654//836
f 6654//861 6649//861 6650//861
f 6642//822 6646//822 6641//822
f 6646//821 6643//821 6641//821
o HouseFX_SailDecor
v 24.324999 52.542000 9.359254
v 20.641500 52.542000 9.561065
v 24.324999 50.414204 8.454973
v 20.641500 50.425354 8.656784
v 24.324999 48.286400 7.688361
v 20.641500 48.308708 7.890172
v 24.324999 46.158600 7.176126
v 20.641500 46.192059 7.377938
v 24.324999 44.030800 6.996253
v 20.641500 44.075413 7.198065
v 24.324999 41.903000 7.176126
v 20.641500 41.958767 7.377938
v 24.324999 39.775204 7.688361
v 20.641500 39.842121 7.890172
v 24.324999 37.647404 8.454973
v 20.641500 37.725475 8.656784
v 24.324999 35.519604 9.359254
v 20.641500 35.608829 9.561065
v 24.324999 52.542000 9.498254
v 20.641500 52.542000 9.700065
v 24.324999 50.414204 8.593973
v 20.641500 50.425354 8.795784
v 24.324999 48.286400 7.827361
v 20.641500 48.308708 8.029172
v 24.324999 46.158600 7.315126
v 20.641500 46.192059 7.516938
v 24.324999 44.030800 7.135253
v 20.641500 44.075413 7.337065
v 24.324999 41.903000 7.315126
v 20.641500 41.958767 7.516938
v 24.324999 39.775204 7.827361
v 20.641500 39.842121 8.029172
v 24.324999 37.647404 8.593973
v 20.641500 37.725475 8.795784
v 24.324999 35.519604 9.498254
v 20.641500 35.608829 9.700065
v 24.324999 52.861702 9.243500
v 24.324999 52.707130 9.820350
v 20.641499 52.861698 9.243500
v 24.324999 52.707130 8.666650
v 24.324999 52.284851 8.244367
v 20.641499 52.707130 8.666650
v 20.641499 52.284851 8.244367
v 24.324999 51.708000 8.089800
v 24.324999 50.708870 8.666650
v 24.324999 50.554302 9.243500
v 20.641499 50.708870 8.666650
v 24.324999 51.131149 8.244367
v 24.324999 51.708000 10.397200
v 24.324999 52.284851 10.242634
v 20.641499 51.708000 10.397200
v 24.324999 51.131149 10.242634
v 20.641499 52.284851 10.242634
v 24.324999 50.708870 9.820350
v 20.641499 50.708870 9.820350
v 20.641499 51.131149 10.242634
v 20.641499 50.554298 9.243500
v 20.641499 52.707130 9.820350
v 20.641499 51.131149 8.244367
v 20.641499 51.708000 8.089800
v 20.641499 52.861702 9.243500
v 20.641499 52.707130 9.820350
v 16.958000 52.861698 9.243500
v 20.641499 52.707130 8.666650
v 20.641499 52.284851 8.244367
v 16.958000 52.707130 8.666650
v 16.958000 52.284851 8.244367
v 20.641499 51.708000 8.089800
v 20.641499 50.708870 8.666650
v 20.641499 50.554302 9.243500
v 16.958000 50.708870 8.666650
v 20.641499 51.131149 8.244367
v 20.641499 51.708000 10.397200
v 20.641499 52.284851 10.242634
v 16.958000 51.708000 10.397200
v 20.641499 51.131149 10.242634
v 16.958000 52.284851 10.242634
v 20.641499 50.708870 9.820350
v 16.958000 50.708870 9.820350
v 16.958000 51.131149 10.242634
v 16.958000 50.554298 9.243500
v 16.958000 52.707130 9.820350
v 16.958000 51.131149 8.244367
v 16.958000 51.708000 8.089800
v 16.958000 52.861702 9.243500
v 16.958000 52.707130 9.820350
v 13.274500 52.861698 9.243500
v 16.958000 52.707130 8.666650
v 16.958000 52.284851 8.244367
v 13.274500 52.707130 8.666650
v 13.274500 52.284851 8.244367
v 16.958000 51.708000 8.089800
v 16.958000 50.708870 8.666650
v 16.958000 50.554302 9.243500
v 13.274500 50.708870 8.666650
v 16.958000 51.131149 8.244367
v 16.958000 51.708000 10.397200
v 16.958000 52.284851 10.242634
v 13.274500 51.708000 10.397200
v 16.958000 51.131149 10.242634
v 13.274500 52.284851 10.242634
v 16.958000 50.708870 9.820350
v 13.274500 50.708870 9.820350
v 13.274500 51.131149 10.242634
v 13.274500 50.554298 9.243500
v 13.274500 52.707130 9.820350
v 13.274500 51.131149 8.244367
v 13.274500 51.708000 8.089800
v 13.274500 52.861702 9.243500
v 13.274500 52.707130 9.820350
v 9.591001 52.861698 9.243500
v 13.274500 52.707130 8.666650
v 13.274500 52.284851 8.244367
v 9.591001 52.707130 8.666650
v 9.591001 52.284851 8.244367
v 13.274500 51.708000 8.089800
v 13.274500 50.708870 8.666650
v 13.274500 50.554302 9.243500
v 9.591001 50.708870 8.666650
v 13.274500 51.131149 8.244367
v 13.274500 51.708000 10.397200
v 13.274500 52.284851 10.242634
v 9.591001 51.708000 10.397200
v 13.274500 51.131149 10.242634
v 9.591001 52.284851 10.242634
v 13.274500 50.708870 9.820350
v 9.591001 50.708870 9.820350
v 9.591001 51.131149 10.242634
v 9.591001 50.554298 9.243500
v 9.591001 52.707130 9.820350
v 9.591001 51.131149 8.244367
v 9.591001 51.708000 8.089800
v 9.591000 52.861702 9.243500
v 9.591000 52.707130 9.820350
v 5.907500 52.861698 9.243500
v 9.591000 52.707130 8.666650
v 9.591000 52.284851 8.244367
v 5.907500 52.707130 8.666650
v 5.907500 52.284851 8.244367
v 9.591000 51.708000 8.089800
v 9.591000 50.708870 8.666650
v 9.591000 50.554302 9.243500
v 5.907500 50.708870 8.666650
v 9.591000 51.131149 8.244367
v 9.591000 51.708000 10.397200
v 9.591000 52.284851 10.242634
v 5.907500 51.708000 10.397200
v 9.591000 51.131149 10.242634
v 5.907500 52.284851 10.242634
v 9.591000 50.708870 9.820350
v 5.907500 50.708870 9.820350
v 5.907500 51.131149 10.242634
v 5.907500 50.554298 9.243500
v 5.907500 52.707130 9.820350
v 5.907500 51.131149 8.244367
v 5.907500 51.708000 8.089800
v 5.907500 52.861702 9.243500
v 5.907500 52.707130 9.820350
v 2.224000 52.861698 9.243500
v 5.907500 52.707130 8.666650
v 5.907500 52.284851 8.244367
v 2.224000 52.707130 8.666650
v 2.224000 52.284851 8.244367
v 5.907500 51.708000 8.089800
v 5.907500 50.708870 8.666650
v 5.907500 50.554302 9.243500
v 2.224000 50.708870 8.666650
v 5.907500 51.131149 8.244367
v 5.907500 51.708000 10.397200
v 5.907500 52.284851 10.242634
v 2.224000 51.708000 10.397200
v 5.907500 51.131149 10.242634
v 2.224000 52.284851 10.242634
v 5.907500 50.708870 9.820350
v 2.224000 50.708870 9.820350
v 2.224000 51.131149 10.242634
v 2.224000 50.554298 9.243500
v 2.224000 52.707130 9.820350
v 2.224000 51.131149 8.244367
v 2.224000 51.708000 8.089800
v 2.224000 52.861702 9.243500
v 2.224000 52.707130 9.820350
v -1.459500 52.861698 9.243500
v 2.224000 52.707130 8.666650
v 2.224000 52.284851 8.244367
v -1.459500 52.707130 8.666650
v -1.459500 52.284851 8.244367
v 2.224000 51.708000 8.089800
v 2.224000 50.708870 8.666650
v 2.224000 50.554302 9.243500
v -1.459500 50.708870 8.666650
v 2.224000 51.131149 8.244367
v 2.224000 51.708000 10.397200
v 2.224000 52.284851 10.242634
v -1.459500 51.708000 10.397200
v 2.224000 51.131149 10.242634
v -1.459500 52.284851 10.242634
v 2.224000 50.708870 9.820350
v -1.459500 50.708870 9.820350
v -1.459500 51.131149 10.242634
v -1.459500 50.554298 9.243500
v -1.459500 52.707130 9.820350
v -1.459500 51.131149 8.244367
v -1.459500 51.708000 8.089800
v -1.459500 52.861702 9.243500
v -1.459500 52.707130 9.820350
v -5.143000 52.861698 9.243500
v -1.459500 52.707130 8.666650
v -1.459500 52.284851 8.244367
v -5.143000 52.707130 8.666650
v -5.143000 52.284851 8.244367
v -1.459500 51.708000 8.089800
v -1.459500 50.708870 8.666650
v -1.459500 50.554302 9.243500
v -5.143000 50.708870 8.666650
v -1.459500 51.131149 8.244367
v -1.459500 51.708000 10.397200
v -1.459500 52.284851 10.242634
v -5.143000 51.708000 10.397200
v -1.459500 51.131149 10.242634
v -5.143000 52.284851 10.242634
v -1.459500 50.708870 9.820350
v -5.143000 50.708870 9.820350
v -5.143000 51.131149 10.242634
v -5.143000 50.554298 9.243500
v -5.143000 52.707130 9.820350
v -5.143000 51.131149 8.244367
v -5.143000 51.708000 8.089800
v -5.143000 52.861702 9.243500
v -5.143000 52.707130 9.820350
v -8.826501 52.861698 9.243500
v -5.143000 52.707130 8.666650
v -5.143000 52.284851 8.244367
v -8.826501 52.707130 8.666650
v -8.826501 52.284851 8.244367
v -5.143000 51.708000 8.089800
v -5.143000 50.708870 8.666650
v -5.143000 50.554302 9.243500
v -8.826501 50.708870 8.666650
v -5.143000 51.131149 8.244367
v -5.143000 51.708000 10.397200
v -5.143000 52.284851 10.242634
v -8.826501 51.708000 10.397200
v -5.143000 51.131149 10.242634
v -8.826501 52.284851 10.242634
v -5.143000 50.708870 9.820350
v -8.826501 50.708870 9.820350
v -8.826501 51.131149 10.242634
v -8.826501 50.554298 9.243500
v -8.826501 52.707130 9.820350
v -8.826501 51.131149 8.244367
v -8.826501 51.708000 8.089800
v -8.826501 52.861702 9.243500
v -8.826501 52.707130 9.820350
v -12.510000 52.861698 9.243500
v -8.826501 52.707130 8.666650
v -8.826501 52.284851 8.244367
v -12.510000 52.707130 8.666650
v -12.510000 52.284851 8.244367
v -8.826501 51.708000 8.089800
v -8.826501 50.708870 8.666650
v -8.826501 50.554302 9.243500
v -12.510000 50.708870 8.666650
v -8.826501 51.131149 8.244367
v -8.826501 51.708000 10.397200
v -8.826501 52.284851 10.242634
v -12.510000 51.708000 10.397200
v -8.826501 51.131149 10.242634
v -12.510000 52.284851 10.242634
v -8.826501 50.708870 9.820350
v -12.510000 50.708870 9.820350
v -12.510000 51.131149 10.242634
v -12.510000 50.554298 9.243500
v -12.510000 52.707130 9.820350
v -12.510000 51.131149 8.244367
v -12.510000 51.708000 8.089800
v 20.641500 52.542000 9.561065
v 20.641500 50.425354 8.656784
v 16.958000 52.542000 9.767545
v 20.641500 52.542000 9.700065
v 16.958000 50.446960 8.863263
v 20.641500 50.425354 8.795784
v 16.958000 50.446960 9.002263
v 20.641500 48.308708 8.029172
v 16.958000 48.351925 8.235651
v 16.958000 46.256886 7.723417
v 16.958000 48.351925 8.096651
v 20.641500 48.308708 7.890172
v 16.958000 46.256886 7.584417
v 20.641500 46.192059 7.377938
v 16.958000 44.161846 7.404544
v 16.958000 44.161846 7.543545
v 20.641500 44.075413 7.337065
v 16.958000 42.066807 7.723417
v 20.641500 46.192059 7.516938
v 16.958000 42.066807 7.584417
v 20.641500 41.958767 7.377938
v 16.958000 39.971771 8.096651
v 20.641500 44.075413 7.198065
v 20.641500 39.842121 7.890172
v 16.958000 37.876732 8.863263
v 16.958000 39.971771 8.235651
v 20.641500 39.842121 8.029172
v 16.958000 37.876732 9.002263
v 20.641500 41.958767 7.516938
v 20.641500 37.725475 8.795784
v 16.958000 35.781693 9.906545
v 16.958000 35.781693 9.767545
v 20.641500 35.608829 9.561065
v 20.641500 37.725475 8.656784
v 20.641500 35.608829 9.700065
v 16.958000 52.542000 9.906545
v 16.958000 52.542000 9.767545
v 16.958000 50.446960 8.863263
v 13.274500 52.542000 9.946493
v 16.958000 52.542000 9.906545
v 13.274500 50.471889 9.042212
v 16.958000 50.446960 9.002263
v 13.274500 50.471889 9.181213
v 16.958000 48.351925 8.235651
v 13.274500 48.401772 8.414600
v 13.274500 46.331661 7.902367
v 13.274500 48.401772 8.275600
v 16.958000 48.351925 8.096651
v 13.274500 46.331661 7.763367
v 16.958000 46.256886 7.584417
v 13.274500 44.261543 7.583494
v 13.274500 44.261543 7.722494
v 16.958000 44.161846 7.543545
v 13.274500 42.191433 7.902367
v 16.958000 46.256886 7.723417
v 13.274500 42.191433 7.763367
v 16.958000 42.066807 7.584417
v 13.274500 40.121319 8.275600
v 16.958000 44.161846 7.404544
v 16.958000 39.971771 8.096651
v 13.274500 38.051205 9.042212
v 13.274500 40.121319 8.414600
v 16.958000 39.971771 8.235651
v 13.274500 38.051205 9.181213
v 16.958000 42.066807 7.723417
v 16.958000 37.876732 9.002263
v 13.274500 35.981091 10.085494
v 13.274500 35.981091 9.946493
v 16.958000 35.781693 9.767545
v 16.958000 37.876732 8.863263
v 16.958000 35.781693 9.906545
v 13.274500 52.542000 10.085494
v 13.274500 52.542000 9.946493
v 13.274500 50.471889 9.042212
v 9.591000 52.542000 10.070009
v 13.274500 52.542000 10.085494
v 9.591000 50.491894 9.165728
v 13.274500 50.471889 9.181213
v 9.591000 50.491894 9.304728
v 13.274500 48.401772 8.414600
v 9.591000 48.441784 8.538116
v 9.591000 46.391678 8.025882
v 9.591000 48.441784 8.399116
v 13.274500 48.401772 8.275600
v 9.591000 46.391678 7.886881
v 13.274500 46.331661 7.763367
v 9.591000 44.341572 7.707008
v 9.591000 44.341572 7.846008
v 13.274500 44.261543 7.722494
v 9.591000 42.291466 8.025882
v 13.274500 46.331661 7.902367
v 9.591000 42.291466 7.886881
v 13.274500 42.191433 7.763367
v 9.591000 40.241356 8.399116
v 13.274500 44.261543 7.583494
v 13.274500 40.121319 8.275600
v 9.591000 38.191250 9.165728
v 9.591000 40.241356 8.538116
v 13.274500 40.121319 8.414600
v 9.591000 38.191250 9.304728
v 13.274500 42.191433 7.902367
v 13.274500 38.051205 9.181213
v 9.591000 36.141144 10.209009
v 9.591000 36.141144 10.070009
v 13.274500 35.981091 9.946493
v 13.274500 38.051205 9.042212
v 13.274500 35.981091 10.085494
v 9.591000 52.542000 10.209009
v 9.591000 52.542000 10.070009
v 9.591000 50.491894 9.165728
v 5.907500 52.542000 10.118829
v 9.591000 52.542000 10.209009
v 5.907500 50.500374 9.214547
v 9.591000 50.491894 9.304728
v 5.907500 50.500374 9.353547
v 9.591000 48.441784 8.538116
v 5.907500 48.458740 8.586935
v 5.907500 46.417114 8.074701
v 5.907500 48.458740 8.447935
v 9.591000 48.441784 8.399116
v 5.907500 46.417114 7.935701
v 9.591000 46.391678 7.886881
v 5.907500 44.375484 7.755829
v 5.907500 44.375484 7.894828
v 9.591000 44.341572 7.846008
v 5.907500 42.333858 8.074701
v 9.591000 46.391678 8.025882
v 5.907500 42.333858 7.935701
v 9.591000 42.291466 7.886881
v 5.907500 40.292233 8.447935
v 9.591000 44.341572 7.707008
v 9.591000 40.241356 8.399116
v 5.907500 38.250603 9.214547
v 5.907500 40.292233 8.586935
v 9.591000 40.241356 8.538116
v 5.907500 38.250603 9.353547
v 9.591000 42.291466 8.025882
v 9.591000 38.191250 9.304728
v 5.907500 36.208973 10.257828
v 5.907500 36.208973 10.118829
v 9.591000 36.141144 10.070009
v 9.591000 38.191250 9.165728
v 9.591000 36.141144 10.209009
v 5.907500 52.542000 10.257828
v 5.907500 52.542000 10.118829
v 5.907500 50.500374 9.214547
v 2.224000 52.542000 10.085340
v 5.907500 52.542000 10.257828
v 2.224000 52.542000 10.224340
v 5.907500 50.500374 9.353547
v 2.224000 50.494522 9.320060
v 5.907500 48.458740 8.586935
v 2.224000 48.447044 8.553447
v 5.907500 46.417114 8.074701
v 5.907500 48.458740 8.447935
v 2.224000 48.447044 8.414448
v 5.907500 46.417114 7.935701
v 2.224000 50.494522 9.181060
v 2.224000 46.399563 7.902214
v 5.907500 44.375484 7.755829
v 5.907500 44.375484 7.894828
v 2.224000 44.352085 7.861341
v 5.907500 42.333858 8.074701
v 2.224000 46.399563 8.041213
v 5.907500 42.333858 7.935701
v 2.224000 42.304607 7.902214
v 5.907500 40.292233 8.447935
v 2.224000 44.352085 7.722341
v 2.224000 40.257133 8.414448
v 5.907500 38.250603 9.214547
v 5.907500 40.292233 8.586935
v 2.224000 40.257133 8.553447
v 5.907500 38.250603 9.353547
v 2.224000 42.304607 8.041213
v 2.224000 38.209656 9.320060
v 5.907500 36.208973 10.257828
v 5.907500 36.208973 10.118829
v 2.224000 36.162178 10.085340
v 2.224000 38.209656 9.181060
v 2.224000 36.162178 10.224340
v 2.224000 52.542000 10.085340
v 2.224000 50.494522 9.181060
v -1.459500 52.542000 9.974767
v 2.224000 52.542000 10.224340
v -1.459500 52.542000 10.113767
v 2.224000 50.494522 9.320060
v -1.459500 50.476276 9.209486
v 2.224000 48.447044 8.553447
v -1.459500 48.410553 8.442874
v 2.224000 46.399563 8.041213
v 2.224000 48.447044 8.414448
v -1.459500 48.410553 8.303874
v 2.224000 46.399563 7.902214
v -1.459500 50.476276 9.070486
v -1.459500 46.344826 7.791639
v 2.224000 44.352085 7.722341
v 2.224000 44.352085 7.861341
v -1.459500 44.279102 7.750767
v 2.224000 42.304607 8.041213
v -1.459500 46.344826 7.930640
v 2.224000 42.304607 7.902214
v -1.459500 42.213379 7.791639
v 2.224000 40.257133 8.414448
v -1.459500 44.279102 7.611767
v -1.459500 40.147655 8.303874
v 2.224000 38.209656 9.181060
v 2.224000 40.257133 8.553447
v -1.459500 40.147655 8.442874
v 2.224000 38.209656 9.320060
v -1.459500 42.213379 7.930640
v -1.459500 38.081932 9.209486
v 2.224000 36.162178 10.224340
v 2.224000 36.162178 10.085340
v -1.459500 36.016209 9.974767
v -1.459500 38.081932 9.070486
v -1.459500 36.016209 10.113767
v -1.459500 52.542000 9.974767
v -1.459500 50.476276 9.070486
v -5.143000 52.542000 9.804350
v -1.459500 52.542000 10.113767
v -5.143000 52.542000 9.943350
v -1.459500 50.476276 9.209486
v -5.143000 50.451660 9.039069
v -1.459500 48.410553 8.442874
v -5.143000 48.361324 8.272456
v -1.459500 46.344826 7.930640
v -1.459500 48.410553 8.303874
v -5.143000 48.361324 8.133456
v -1.459500 46.344826 7.791639
v -5.143000 50.451660 8.900069
v -5.143000 46.270985 7.621222
v -1.459500 44.279102 7.611767
v -1.459500 44.279102 7.750767
v -5.143000 44.180649 7.580349
v -1.459500 42.213379 7.930640
v -5.143000 46.270985 7.760222
v -1.459500 42.213379 7.791639
v -5.143000 42.090309 7.621222
v -1.459500 40.147655 8.303874
v -5.143000 44.180649 7.441350
v -5.143000 39.999973 8.133456
v -1.459500 38.081932 9.070486
v -1.459500 40.147655 8.442874
v -5.143000 39.999973 8.272456
v -1.459500 38.081932 9.209486
v -5.143000 42.090309 7.760222
v -5.143000 37.909634 9.039069
v -1.459500 36.016209 10.113767
v -1.459500 36.016209 9.974767
v -5.143000 35.819294 9.804350
v -5.143000 37.909634 8.900069
v -5.143000 35.819294 9.943350
v -5.143000 52.542000 9.804350
v -5.143000 50.451660 8.900069
v -8.826500 52.542000 9.600664
v -5.143000 52.542000 9.943350
v -8.826500 52.542000 9.739663
v -5.143000 50.451660 9.039069
v -8.826500 50.428810 8.835382
v -5.143000 48.361324 8.272456
v -8.826500 48.315624 8.068770
v -5.143000 46.270985 7.760222
v -5.143000 48.361324 8.133456
v -8.826500 48.315624 7.929770
v -5.143000 46.270985 7.621222
v -8.826500 50.428810 8.696383
v -8.826500 46.202435 7.417536
v -5.143000 44.180649 7.441350
v -5.143000 44.180649 7.580349
v -8.826500 44.089245 7.376663
v -5.143000 42.090309 7.760222
v -8.826500 46.202435 7.556536
v -5.143000 42.090309 7.621222
v -8.826500 41.976055 7.417536
v -5.143000 39.999973 8.133456
v -8.826500 44.089245 7.237663
v -8.826500 39.862865 7.929770
v -5.143000 37.909634 8.900069
v -5.143000 39.999973 8.272456
v -8.826500 39.862865 8.068770
v -5.143000 37.909634 9.039069
v -8.826500 41.976055 7.556536
v -8.826500 37.749680 8.835382
v -5.143000 35.819294 9.943350
v -5.143000 35.819294 9.804350
v -8.826500 35.636490 9.600664
v -8.826500 37.749680 8.696383
v -8.826500 35.636490 9.739663
v -8.826500 52.542000 9.600664
v -8.826500 50.428810 8.696383
v -12.510000 52.542000 9.395471
v -8.826500 52.542000 9.739663
v -12.510000 52.542000 9.534471
v -8.826500 50.428810 8.835382
v -12.510000 50.415272 8.630189
v -8.826500 48.315624 8.068770
v -12.510000 48.288544 7.863577
v -8.826500 46.202435 7.556536
v -8.826500 48.315624 7.929770
v -12.510000 48.288544 7.724577
v -8.826500 46.202435 7.417536
v -12.510000 50.415272 8.491189
v -12.510000 46.161819 7.212343
v -8.826500 44.089245 7.237663
v -8.826500 44.089245 7.376663
v -12.510000 44.035095 7.171471
v -8.826500 41.976055 7.556536
v -12.510000 46.161819 7.351343
v -8.826500 41.976055 7.417536
v -12.510000 41.908367 7.212343
v -8.826500 39.862865 7.929770
v -12.510000 44.035095 7.032471
v -12.510000 39.781639 7.724577
v -8.826500 37.749680 8.696383
v -8.826500 39.862865 8.068770
v -12.510000 39.781639 7.863577
v -8.826500 37.749680 8.835382
v -12.510000 41.908367 7.351343
v -12.510000 37.654911 8.630189
v -8.826500 35.636490 9.739663
v -8.826500 35.636490 9.600664
v -12.510000 35.528187 9.395471
v -12.510000 37.654911 8.491189
v -12.510000 35.528187 9.534471
vn -0.0503 0.3924 -0.9184
vn 0.0492 -0.3907 0.9192
vn -0.0504 0.3401 -0.9390
vn 0.0494 -0.3385 0.9397
vn -0.0518 0.2349 -0.9706
vn 0.0511 -0.2337 0.9710
vn -0.0537 0.0846 -0.9950
vn 0.0535 -0.0841 0.9950
vn -0.0555 -0.0845 -0.9949
vn 0.0558 0.0841 0.9949
vn -0.0567 -0.2348 -0.9704
vn 0.0574 0.2337 0.9706
vn -0.0576 -0.3384 -0.9392
vn 0.0586 0.3399 0.9386
vn -0.0586 -0.3905 -0.9188
vn 0.0598 0.3922 0.9179
vn -0.0000 1.0000 -0.0000
vn -1.0000 -0.0000 -0.0000
vn -0.0242 -0.9997 -0.0000
vn 1.0000 -0.0000 -0.0000
vn -0.0492 0.3907 -0.9192
vn 0.0503 -0.3924 0.9184
vn -0.0494 0.3385 -0.9397
vn 0.0504 -0.3401 0.9390
vn -0.0511 0.2337 -0.9710
vn 0.0518 -0.2349 0.9706
vn -0.0535 0.0841 -0.9950
vn 0.0537 -0.0846 0.9950
vn -0.0558 -0.0841 -0.9949
vn 0.0555 0.0845 0.9949
vn -0.0574 -0.2337 -0.9706
vn 0.0567 0.2348 0.9704
vn -0.0586 -0.3400 -0.9386
vn 0.0576 0.3384 0.9392
vn -0.0598 -0.3922 -0.9179
vn 0.0586 0.3905 0.9188
vn -0.0000 0.9659 0.2588
vn -0.0000 0.9659 -0.2588
vn -0.0000 0.7071 -0.7071
vn -0.0000 -0.9659 -0.2588
vn -0.0000 -0.7071 -0.7071
vn -0.0000 0.2588 0.9659
vn -0.0000 -0.2588 0.9659
vn -0.0000 -0.7071 0.7071
vn -0.0000 -0.9659 0.2588
vn -0.0000 0.7071 0.7071
vn -0.0000 -0.2588 -0.9659
vn -0.0000 0.2588 -0.9659
vn -0.0492 0.3924 -0.9185
vn -0.0514 0.3958 -0.9169
vn 0.0492 -0.3924 0.9185
vn 0.0506 -0.3432 0.9379
vn 0.0487 -0.3401 0.9391
vn 0.0516 -0.2372 0.9701
vn -0.0506 0.3432 -0.9379
vn -0.0487 0.3401 -0.9391
vn -0.0516 0.2372 -0.9701
vn -0.0503 0.2349 -0.9707
vn -0.0543 0.0854 -0.9949
vn 0.0578 0.0854 0.9947
vn 0.0538 -0.0846 0.9950
vn 0.0543 -0.0854 0.9949
vn -0.0578 -0.0854 -0.9947
vn -0.0582 -0.0845 -0.9947
vn -0.0613 -0.2371 -0.9696
vn -0.0538 0.0846 -0.9950
vn -0.0626 -0.2348 -0.9700
vn -0.0646 -0.3429 -0.9371
vn 0.0646 0.3429 0.9371
vn 0.0626 0.2348 0.9700
vn 0.0613 0.2371 0.9696
vn 0.0582 0.0845 0.9947
vn 0.0676 0.3954 0.9160
vn 0.0665 0.3398 0.9381
vn -0.0676 -0.3954 -0.9160
vn -0.0469 -0.9989 -0.0000
vn -0.0698 -0.3919 -0.9173
vn 0.0698 0.3919 0.9173
vn -0.0665 -0.3398 -0.9381
vn 0.0503 -0.2349 0.9707
vn 0.0514 -0.3958 0.9169
vn -0.0419 0.3959 -0.9173
vn -0.0445 0.3999 -0.9155
vn 0.0419 -0.3959 0.9173
vn 0.0432 -0.3470 0.9369
vn 0.0409 -0.3433 0.9383
vn 0.0439 -0.2400 0.9698
vn -0.0432 0.3470 -0.9369
vn -0.0409 0.3433 -0.9383
vn -0.0439 0.2400 -0.9698
vn -0.0423 0.2373 -0.9705
vn -0.0466 0.0865 -0.9952
vn 0.0507 0.0865 0.9950
vn 0.0460 -0.0855 0.9953
vn 0.0466 -0.0865 0.9952
vn -0.0507 -0.0865 -0.9950
vn -0.0512 -0.0854 -0.9950
vn -0.0552 -0.2398 -0.9692
vn -0.0460 0.0855 -0.9953
vn -0.0567 -0.2371 -0.9698
vn -0.0596 -0.3467 -0.9361
vn 0.0596 0.3467 0.9361
vn 0.0567 0.2371 0.9698
vn 0.0552 0.2398 0.9692
vn 0.0512 0.0854 0.9950
vn 0.0634 0.3995 0.9145
vn 0.0618 0.3430 0.9373
vn -0.0634 -0.3995 -0.9145
vn -0.0541 -0.9985 -0.0000
vn -0.0659 -0.3954 -0.9161
vn 0.0659 0.3954 0.9161
vn -0.0618 -0.3430 -0.9373
vn 0.0423 -0.2373 0.9705
vn 0.0445 -0.3999 0.9155
vn -0.0285 0.4001 -0.9160
vn -0.0307 0.4034 -0.9145
vn 0.0285 -0.4001 0.9160
vn 0.0295 -0.3501 0.9362
vn 0.0277 -0.3471 0.9374
vn 0.0299 -0.2423 0.9697
vn -0.0295 0.3501 -0.9362
vn -0.0277 0.3471 -0.9374
vn -0.0299 0.2423 -0.9697
vn -0.0286 0.2401 -0.9703
vn -0.0320 0.0874 -0.9957
vn 0.0353 0.0873 0.9956
vn 0.0315 -0.0865 0.9958
vn 0.0320 -0.0874 0.9957
vn -0.0353 -0.0873 -0.9956
vn -0.0357 -0.0865 -0.9956
vn -0.0391 -0.2422 -0.9694
vn -0.0315 0.0865 -0.9958
vn -0.0403 -0.2400 -0.9699
vn -0.0428 -0.3499 -0.9358
vn 0.0428 0.3499 0.9358
vn 0.0403 0.2400 0.9699
vn 0.0391 0.2422 0.9694
vn 0.0357 0.0865 0.9956
vn 0.0460 0.4031 0.9140
vn 0.0446 0.3469 0.9368
vn -0.0460 -0.4031 -0.9140
vn -0.0434 -0.9991 -0.0000
vn -0.0481 -0.3998 -0.9153
vn 0.0481 0.3998 0.9153
vn -0.0446 -0.3469 -0.9368
vn 0.0286 -0.2401 0.9703
vn 0.0307 -0.4034 0.9145
vn -0.0112 0.4035 -0.9149
vn -0.0121 0.4049 -0.9143
vn 0.0112 -0.4035 0.9149
vn 0.0116 -0.3515 0.9361
vn 0.0108 -0.3502 0.9366
vn 0.0117 -0.2433 0.9699
vn -0.0116 0.3515 -0.9361
vn -0.0108 0.3502 -0.9366
vn -0.0117 0.2433 -0.9699
vn -0.0112 0.2424 -0.9701
vn -0.0126 0.0878 -0.9961
vn 0.0140 0.0878 0.9960
vn 0.0124 -0.0874 0.9961
vn 0.0126 -0.0878 0.9961
vn -0.0140 -0.0878 -0.9960
vn -0.0142 -0.0874 -0.9961
vn -0.0157 -0.2433 -0.9698
vn -0.0124 0.0874 -0.9961
vn -0.0162 -0.2424 -0.9700
vn -0.0173 -0.3515 -0.9360
vn 0.0173 0.3515 0.9360
vn 0.0162 0.2424 0.9700
vn 0.0157 0.2433 0.9698
vn 0.0142 0.0874 0.9961
vn 0.0186 0.4049 0.9142
vn 0.0181 0.3502 0.9365
vn -0.0186 -0.4049 -0.9142
vn -0.0184 -0.9998 -0.0000
vn -0.0196 -0.4035 -0.9148
vn 0.0196 0.4035 0.9148
vn -0.0181 -0.3502 -0.9365
vn 0.0112 -0.2424 0.9701
vn 0.0121 -0.4049 0.9143
vn 0.0083 0.4050 -0.9143
vn -0.0083 -0.4050 0.9143
vn -0.0080 -0.3515 0.9361
vn -0.0077 -0.4040 0.9147
vn -0.0080 -0.2433 0.9699
vn -0.0074 -0.3506 0.9365
vn 0.0080 0.3515 -0.9361
vn 0.0074 0.3506 -0.9365
vn 0.0080 0.2433 -0.9699
vn 0.0077 0.4040 -0.9147
vn 0.0077 0.2427 -0.9701
vn 0.0086 0.0878 -0.9961
vn -0.0086 -0.0878 0.9961
vn -0.0096 0.0878 0.9961
vn -0.0085 -0.0875 0.9961
vn 0.0096 -0.0878 -0.9961
vn 0.0098 -0.0875 -0.9961
vn 0.0107 -0.2433 -0.9699
vn 0.0085 0.0875 -0.9961
vn 0.0111 -0.2427 -0.9700
vn 0.0119 -0.3515 -0.9361
vn -0.0107 0.2433 0.9699
vn -0.0119 0.3515 0.9361
vn -0.0111 0.2427 0.9700
vn -0.0098 0.0875 0.9961
vn -0.0128 0.4049 0.9143
vn -0.0124 0.3506 0.9364
vn 0.0128 -0.4049 -0.9143
vn 0.0134 -0.4040 -0.9147
vn 0.0127 -0.9999 -0.0000
vn -0.0134 0.4040 0.9147
vn 0.0124 -0.3506 -0.9364
vn -0.0077 -0.2427 0.9701
vn 0.0274 0.4039 -0.9144
vn -0.0274 -0.4039 0.9144
vn -0.0264 -0.3505 0.9362
vn -0.0255 -0.4009 0.9158
vn -0.0267 -0.2426 0.9698
vn -0.0247 -0.3478 0.9372
vn 0.0264 0.3505 -0.9362
vn 0.0247 0.3478 -0.9372
vn 0.0267 0.2426 -0.9698
vn 0.0255 0.4009 -0.9158
vn 0.0256 0.2406 -0.9703
vn 0.0286 0.0875 -0.9958
vn -0.0286 -0.0875 0.9958
vn -0.0316 0.0875 0.9957
vn -0.0282 -0.0867 0.9958
vn 0.0316 -0.0875 -0.9957
vn 0.0320 -0.0867 -0.9957
vn 0.0351 -0.2425 -0.9695
vn 0.0282 0.0867 -0.9958
vn 0.0363 -0.2405 -0.9700
vn 0.0385 -0.3504 -0.9358
vn -0.0351 0.2425 0.9695
vn -0.0385 0.3504 0.9358
vn -0.0363 0.2405 0.9700
vn -0.0320 0.0867 0.9957
vn -0.0414 0.4037 0.9140
vn -0.0402 0.3476 0.9368
vn 0.0414 -0.4037 -0.9140
vn 0.0434 -0.4006 -0.9152
vn 0.0396 -0.9992 -0.0000
vn -0.0434 0.4006 0.9152
vn 0.0402 -0.3476 -0.9368
vn -0.0256 -0.2406 0.9703
vn 0.0423 0.4007 -0.9152
vn -0.0423 -0.4007 0.9152
vn -0.0410 -0.3476 0.9367
vn -0.0398 -0.3967 0.9171
vn -0.0417 -0.2405 0.9698
vn -0.0388 -0.3441 0.9381
vn 0.0410 0.3476 -0.9367
vn 0.0388 0.3441 -0.9381
vn 0.0417 0.2405 -0.9698
vn 0.0398 0.3967 -0.9171
vn 0.0401 0.2378 -0.9705
vn 0.0443 0.0867 -0.9953
vn -0.0443 -0.0867 0.9953
vn -0.0484 0.0866 0.9951
vn -0.0438 -0.0857 0.9954
vn 0.0484 -0.0866 -0.9951
vn 0.0489 -0.0856 -0.9951
vn 0.0529 -0.2403 -0.9692
vn 0.0438 0.0857 -0.9954
vn 0.0544 -0.2377 -0.9698
vn 0.0572 -0.3474 -0.9360
vn -0.0529 0.2403 0.9692
vn -0.0572 0.3474 0.9360
vn -0.0544 0.2377 0.9698
vn -0.0489 0.0856 0.9951
vn -0.0610 0.4003 0.9144
vn -0.0594 0.3437 0.9372
vn 0.0610 -0.4003 -0.9144
vn 0.0636 -0.3962 -0.9159
vn 0.0534 -0.9986 -0.0000
vn -0.0636 0.3962 0.9159
vn 0.0594 -0.3437 -0.9372
vn -0.0401 -0.2378 0.9705
vn 0.0507 0.3965 -0.9166
vn -0.0507 -0.3965 0.9166
vn -0.0497 -0.3439 0.9377
vn -0.0483 -0.3930 0.9183
vn -0.0507 -0.2377 0.9700
vn -0.0477 -0.3406 0.9390
vn 0.0497 0.3439 -0.9377
vn 0.0477 0.3406 -0.9390
vn 0.0507 0.2377 -0.9700
vn 0.0483 0.3930 -0.9183
vn 0.0493 0.2353 -0.9707
vn 0.0534 0.0856 -0.9949
vn -0.0534 -0.0856 0.9949
vn -0.0571 0.0856 0.9947
vn -0.0529 -0.0847 0.9950
vn 0.0571 -0.0856 -0.9947
vn 0.0576 -0.0847 -0.9947
vn 0.0610 -0.2376 -0.9695
vn 0.0529 0.0847 -0.9950
vn 0.0624 -0.2351 -0.9700
vn 0.0646 -0.3436 -0.9369
vn -0.0610 0.2376 0.9695
vn -0.0646 0.3436 0.9369
vn -0.0624 0.2351 0.9700
vn -0.0576 0.0847 0.9947
vn -0.0678 0.3961 0.9157
vn -0.0666 0.3403 0.9380
vn 0.0678 -0.3961 -0.9157
vn 0.0702 -0.3924 -0.9171
vn 0.0496 -0.9988 -0.0000
vn -0.0702 0.3924 0.9171
vn 0.0666 -0.3403 -0.9380
vn -0.0493 -0.2353 0.9707
vn 0.0511 0.3929 -0.9182
vn -0.0511 -0.3929 0.9182
vn -0.0510 -0.3406 0.9388
vn -0.0498 -0.3908 0.9191
vn -0.0523 -0.2353 0.9705
vn -0.0499 -0.3387 0.9396
vn 0.0510 0.3406 -0.9388
vn 0.0499 0.3387 -0.9396
vn 0.0523 0.2353 -0.9705
vn 0.0498 0.3908 -0.9191
vn 0.0515 0.2338 -0.9709
vn 0.0545 0.0847 -0.9949
vn -0.0545 -0.0847 0.9949
vn -0.0567 0.0847 0.9948
vn -0.0542 -0.0842 0.9950
vn 0.0567 -0.0847 -0.9948
vn 0.0570 -0.0841 -0.9948
vn 0.0584 -0.2352 -0.9702
vn 0.0542 0.0842 -0.9950
vn 0.0592 -0.2337 -0.9705
vn 0.0598 -0.3404 -0.9384
vn -0.0584 0.2352 0.9702
vn -0.0598 0.3404 0.9384
vn -0.0592 0.2337 0.9705
vn -0.0570 0.0841 0.9948
vn -0.0612 0.3927 0.9176
vn -0.0610 0.3385 0.9390
vn 0.0612 -0.3927 -0.9176
vn 0.0626 -0.3905 -0.9185
vn 0.0294 -0.9996 -0.0000
vn -0.0626 0.3905 0.9185
vn 0.0610 -0.3385 -0.9390
vn -0.0515 -0.2338 0.9709
vt 0.000000 0.000000
vt 0.630000 0.457846
vt 0.750000 0.490000
vt 0.870000 0.457846
vt 1.000000 1.000000
vt 0.916667 0.500000
vt 1.000000 0.500000
vt 0.083333 0.500000
vt 0.000000 1.000000
vt 0.000000 0.500000
vt 0.510000 0.250000
vt 0.542154 0.370000
vt 0.166667 1.000000
vt 0.166667 0.500000
vt 0.083333 1.000000
vt 0.630000 0.042154
vt 0.750000 0.010000
vt 0.990000 0.250000
vt 0.500000 0.500000
vt 0.416667 1.000000
vt 0.416667 0.500000
vt 0.333333 0.500000
vt 0.542154 0.130000
vt 0.957846 0.370000
vt 0.833333 1.000000
vt 0.750000 0.500000
vt 0.833333 0.500000
vt 0.750000 1.000000
vt 0.666667 0.500000
vt 0.957846 0.130000
vt 0.870000 0.042154
vt 0.666667 1.000000
vt 0.583333 0.500000
vt 0.583333 1.000000
vt 0.457846 0.130000
vt 0.490000 0.250000
vt 0.457846 0.370000
vt 0.370000 0.042154
vt 0.250000 0.010000
vt 0.500000 1.000000
vt 0.130000 0.042154
vt 0.042154 0.370000
vt 0.250000 0.490000
vt 0.370000 0.457846
vt 0.916667 1.000000
vt 0.333333 1.000000
vt 0.250000 0.500000
vt 0.042154 0.130000
vt 0.010000 0.250000
vt 0.250000 1.000000
vt 0.130000 0.457846
s 0
usemtl Red
f 6765/1525/874 6768/1525/874 6766/1525/874
f 6783/1525/875 6786/1525/875 6785/1525/875
f 6767/1525/876 6770/1525/876 6768/1525/876
f 6785/1525/877 6788/1525/877 6787/1525/877
f 6769/1525/878 6772/1525/878 6770/1525/878
f 6787/1525/879 6790/1525/879 6789/1525/879
f 6771/1525/880 6774/1525/880 6772/1525/880
f 6789/1525/881 6792/1525/881 6791/1525/881
f 6773/1525/882 6776/1525/882 6774/1525/882
f 6791/1525/883 6794/1525/883 6793/1525/883
f 6775/1525/884 6778/1525/884 6776/1525/884
f 6793/1525/885 6796/1525/885 6795/1525/885
f 6779/1525/886 6778/1525/886 6777/1525/886
f 6797/1525/887 6796/1525/887 6798/1525/887
f 6781/1525/888 6780/1525/888 6779/1525/888
f 6799/1525/889 6798/1525/889 6800/1525/889
f 6766/1525/890 6783/1525/890 6765/1525/890
f 6766/1525/891 6786/1525/891 6784/1525/891
f 6768/1525/891 6788/1525/891 6786/1525/891
f 6770/1525/891 6790/1525/891 6788/1525/891
f 6772/1525/891 6792/1525/891 6790/1525/891
f 6776/1525/891 6792/1525/891 6774/1525/891
f 6778/1525/891 6794/1525/891 6776/1525/891
f 6780/1525/891 6796/1525/891 6778/1525/891
f 6782/1525/891 6798/1525/891 6780/1525/891
f 6782/1525/892 6799/1525/892 6800/1525/892
f 6781/1525/893 6797/1525/893 6799/1525/893
f 6779/1525/893 6795/1525/893 6797/1525/893
f 6777/1525/893 6793/1525/893 6795/1525/893
f 6775/1525/893 6791/1525/893 6793/1525/893
f 6771/1525/893 6791/1525/893 6773/1525/893
f 6769/1525/893 6789/1525/893 6771/1525/893
f 6767/1525/893 6787/1525/893 6769/1525/893
f 6765/1525/893 6785/1525/893 6767/1525/893
f 6765/1525/894 6767/1525/894 6768/1525/894
f 6783/1525/895 6784/1525/895 6786/1525/895
f 6767/1525/896 6769/1525/896 6770/1525/896
f 6785/1525/897 6786/1525/897 6788/1525/897
f 6769/1525/898 6771/1525/898 6772/1525/898
f 6787/1525/899 6788/1525/899 6790/1525/899
f 6771/1525/900 6773/1525/900 6774/1525/900
f 6789/1525/901 6790/1525/901 6792/1525/901
f 6773/1525/902 6775/1525/902 6776/1525/902
f 6791/1525/903 6792/1525/903 6794/1525/903
f 6775/1525/904 6777/1525/904 6778/1525/904
f 6793/1525/905 6794/1525/905 6796/1525/905
f 6779/1525/906 6780/1525/906 6778/1525/906
f 6797/1525/907 6795/1525/907 6796/1525/907
f 6781/1525/908 6782/1525/908 6780/1525/908
f 6799/1525/909 6797/1525/909 6798/1525/909
f 6766/1525/890 6784/1525/890 6783/1525/890
f 6766/1525/891 6768/1525/891 6786/1525/891
f 6768/1525/891 6770/1525/891 6788/1525/891
f 6770/1525/891 6772/1525/891 6790/1525/891
f 6772/1525/891 6774/1525/891 6792/1525/891
f 6776/1525/891 6794/1525/891 6792/1525/891
f 6778/1525/891 6796/1525/891 6794/1525/891
f 6780/1525/891 6798/1525/891 6796/1525/891
f 6782/1525/891 6800/1525/891 6798/1525/891
f 6782/1525/892 6781/1525/892 6799/1525/892
f 6781/1525/893 6779/1525/893 6797/1525/893
f 6779/1525/893 6777/1525/893 6795/1525/893
f 6777/1525/893 6775/1525/893 6793/1525/893
f 6775/1525/893 6773/1525/893 6791/1525/893
f 6771/1525/893 6789/1525/893 6791/1525/893
f 6769/1525/893 6787/1525/893 6789/1525/893
f 6767/1525/893 6785/1525/893 6787/1525/893
f 6765/1525/893 6783/1525/893 6785/1525/893
f 6804/1526/893 6801/1527/893 6802/1528/893
f 6803/1529/910 6802/1530/910 6801/1531/910
f 6804/1532/911 6803/1533/911 6801/1534/911
f 6808/1535/893 6805/1536/893 6804/1526/893
f 6807/1537/912 6804/1532/912 6805/1538/912
f 6804/1532/911 6806/1539/911 6803/1533/911
f 6807/1537/912 6806/1539/912 6804/1532/912
f 6804/1526/893 6802/1528/893 6809/1540/893
f 6809/1540/893 6808/1535/893 6804/1526/893
f 6810/1541/893 6809/1540/893 6813/1542/893
f 6810/1543/913 6811/1544/913 6809/1545/913
f 6811/1544/914 6812/1546/914 6809/1545/914
f 6809/1540/893 6812/1547/893 6808/1535/893
f 6802/1528/893 6813/1542/893 6809/1540/893
f 6802/1528/893 6814/1548/893 6813/1542/893
f 6817/1549/915 6813/1550/915 6814/1551/915
f 6817/1549/915 6815/1552/915 6813/1550/915
f 6815/1552/916 6816/1553/916 6813/1550/916
f 6813/1542/893 6816/1554/893 6818/1555/893
f 6818/1555/893 6810/1541/893 6813/1542/893
f 6820/1556/917 6818/1557/917 6816/1553/917
f 6820/1556/917 6819/1558/917 6818/1557/917
f 6819/1558/918 6810/1543/918 6818/1557/918
f 6820/1559/891 6815/1560/891 6817/1561/891
f 6815/1552/916 6820/1556/916 6816/1553/916
f 6819/1562/891 6820/1559/891 6817/1561/891
f 6821/1563/891 6819/1562/891 6817/1561/891
f 6819/1558/918 6821/1564/918 6810/1543/918
f 6810/1543/913 6821/1564/913 6811/1544/913
f 6811/1565/891 6821/1563/891 6807/1566/891
f 6803/1567/891 6807/1566/891 6821/1563/891
f 6817/1561/891 6803/1567/891 6821/1563/891
f 6817/1561/891 6822/1568/891 6803/1567/891
f 6822/1569/919 6817/1549/919 6814/1551/919
f 6803/1529/910 6822/1569/910 6802/1530/910
f 6822/1569/919 6814/1551/919 6802/1530/919
f 6811/1544/914 6823/1570/914 6812/1546/914
f 6823/1570/920 6808/1571/920 6812/1546/920
f 6823/1572/891 6811/1565/891 6807/1566/891
f 6807/1566/891 6824/1573/891 6823/1572/891
f 6823/1570/920 6824/1574/920 6808/1571/920
f 6824/1574/921 6805/1538/921 6808/1571/921
f 6824/1574/921 6807/1537/921 6805/1538/921
f 6803/1567/891 6806/1575/891 6807/1566/891
f 6852/1526/893 6849/1527/893 6850/1528/893
f 6851/1529/910 6850/1530/910 6849/1531/910
f 6852/1532/911 6851/1533/911 6849/1534/911
f 6856/1535/893 6853/1536/893 6852/1526/893
f 6855/1537/912 6852/1532/912 6853/1538/912
f 6852/1532/911 6854/1539/911 6851/1533/911
f 6855/1537/912 6854/1539/912 6852/1532/912
f 6852/1526/893 6850/1528/893 6857/1540/893
f 6857/1540/893 6856/1535/893 6852/1526/893
f 6858/1541/893 6857/1540/893 6861/1542/893
f 6858/1543/913 6859/1544/913 6857/1545/913
f 6859/1544/914 6860/1546/914 6857/1545/914
f 6857/1540/893 6860/1547/893 6856/1535/893
f 6850/1528/893 6861/1542/893 6857/1540/893
f 6850/1528/893 6862/1548/893 6861/1542/893
f 6865/1549/915 6861/1550/915 6862/1551/915
f 6865/1549/915 6863/1552/915 6861/1550/915
f 6863/1552/916 6864/1553/916 6861/1550/916
f 6861/1542/893 6864/1554/893 6866/1555/893
f 6866/1555/893 6858/1541/893 6861/1542/893
f 6868/1556/917 6866/1557/917 6864/1553/917
f 6868/1556/917 6867/1558/917 6866/1557/917
f 6867/1558/918 6858/1543/918 6866/1557/918
f 6868/1559/891 6863/1560/891 6865/1561/891
f 6863/1552/916 6868/1556/916 6864/1553/916
f 6867/1562/891 6868/1559/891 6865/1561/891
f 6869/1563/891 6867/1562/891 6865/1561/891
f 6867/1558/918 6869/1564/918 6858/1543/918
f 6858/1543/913 6869/1564/913 6859/1544/913
f 6859/1565/891 6869/1563/891 6855/1566/891
f 6851/1567/891 6855/1566/891 6869/1563/891
f 6865/1561/891 6851/1567/891 6869/1563/891
f 6865/1561/891 6870/1568/891 6851/1567/891
f 6870/1569/919 6865/1549/919 6862/1551/919
f 6851/1529/910 6870/1569/910 6850/1530/910
f 6870/1569/919 6862/1551/919 6850/1530/919
f 6859/1544/914 6871/1570/914 6860/1546/914
f 6871/1570/920 6856/1571/920 6860/1546/920
f 6871/1572/891 6859/1565/891 6855/1566/891
f 6855/1566/891 6872/1573/891 6871/1572/891
f 6871/1570/920 6872/1574/920 6856/1571/920
f 6872/1574/921 6853/1538/921 6856/1571/921
f 6872/1574/921 6855/1537/921 6853/1538/921
f 6851/1567/891 6854/1575/891 6855/1566/891
f 6900/1526/893 6897/1527/893 6898/1528/893
f 6899/1529/910 6898/1530/910 6897/1531/910
f 6900/1532/911 6899/1533/911 6897/1534/911
f 6904/1535/893 6901/1536/893 6900/1526/893
f 6903/1537/912 6900/1532/912 6901/1538/912
f 6900/1532/911 6902/1539/911 6899/1533/911
f 6903/1537/912 6902/1539/912 6900/1532/912
f 6900/1526/893 6898/1528/893 6905/1540/893
f 6905/1540/893 6904/1535/893 6900/1526/893
f 6906/1541/893 6905/1540/893 6909/1542/893
f 6906/1543/913 6907/1544/913 6905/1545/913
f 6907/1544/914 6908/1546/914 6905/1545/914
f 6905/1540/893 6908/1547/893 6904/1535/893
f 6898/1528/893 6909/1542/893 6905/1540/893
f 6898/1528/893 6910/1548/893 6909/1542/893
f 6913/1549/915 6909/1550/915 6910/1551/915
f 6913/1549/915 6911/1552/915 6909/1550/915
f 6911/1552/916 6912/1553/916 6909/1550/916
f 6909/1542/893 6912/1554/893 6914/1555/893
f 6914/1555/893 6906/1541/893 6909/1542/893
f 6916/1556/917 6914/1557/917 6912/1553/917
f 6916/1556/917 6915/1558/917 6914/1557/917
f 6915/1558/918 6906/1543/918 6914/1557/918
f 6916/1559/891 6911/1560/891 6913/1561/891
f 6911/1552/916 6916/1556/916 6912/1553/916
f 6915/1562/891 6916/1559/891 6913/1561/891
f 6917/1563/891 6915/1562/891 6913/1561/891
f 6915/1558/918 6917/1564/918 6906/1543/918
f 6906/1543/913 6917/1564/913 6907/1544/913
f 6907/1565/891 6917/1563/891 6903/1566/891
f 6899/1567/891 6903/1566/891 6917/1563/891
f 6913/1561/891 6899/1567/891 6917/1563/891
f 6913/1561/891 6918/1568/891 6899/1567/891
f 6918/1569/919 6913/1549/919 6910/1551/919
f 6899/1529/910 6918/1569/910 6898/1530/910
f 6918/1569/919 6910/1551/919 6898/1530/919
f 6907/1544/914 6919/1570/914 6908/1546/914
f 6919/1570/920 6904/1571/920 6908/1546/920
f 6919/1572/891 6907/1565/891 6903/1566/891
f 6903/1566/891 6920/1573/891 6919/1572/891
f 6919/1570/920 6920/1574/920 6904/1571/920
f 6920/1574/921 6901/1538/921 6904/1571/921
f 6920/1574/921 6903/1537/921 6901/1538/921
f 6899/1567/891 6902/1575/891 6903/1566/891
f 6948/1526/893 6945/1527/893 6946/1528/893
f 6947/1529/910 6946/1530/910 6945/1531/910
f 6948/1532/911 6947/1533/911 6945/1534/911
f 6952/1535/893 6949/1536/893 6948/1526/893
f 6951/1537/912 6948/1532/912 6949/1538/912
f 6948/1532/911 6950/1539/911 6947/1533/911
f 6951/1537/912 6950/1539/912 6948/1532/912
f 6948/1526/893 6946/1528/893 6953/1540/893
f 6953/1540/893 6952/1535/893 6948/1526/893
f 6954/1541/893 6953/1540/893 6957/1542/893
f 6954/1543/913 6955/1544/913 6953/1545/913
f 6955/1544/914 6956/1546/914 6953/1545/914
f 6953/1540/893 6956/1547/893 6952/1535/893
f 6946/1528/893 6957/1542/893 6953/1540/893
f 6946/1528/893 6958/1548/893 6957/1542/893
f 6961/1549/915 6957/1550/915 6958/1551/915
f 6961/1549/915 6959/1552/915 6957/1550/915
f 6959/1552/916 6960/1553/916 6957/1550/916
f 6957/1542/893 6960/1554/893 6962/1555/893
f 6962/1555/893 6954/1541/893 6957/1542/893
f 6964/1556/917 6962/1557/917 6960/1553/917
f 6964/1556/917 6963/1558/917 6962/1557/917
f 6963/1558/918 6954/1543/918 6962/1557/918
f 6964/1559/891 6959/1560/891 6961/1561/891
f 6959/1552/916 6964/1556/916 6960/1553/916
f 6963/1562/891 6964/1559/891 6961/1561/891
f 6965/1563/891 6963/1562/891 6961/1561/891
f 6963/1558/918 6965/1564/918 6954/1543/918
f 6954/1543/913 6965/1564/913 6955/1544/913
f 6955/1565/891 6965/1563/891 6951/1566/891
f 6947/1567/891 6951/1566/891 6965/1563/891
f 6961/1561/891 6947/1567/891 6965/1563/891
f 6961/1561/891 6966/1568/891 6947/1567/891
f 6966/1569/919 6961/1549/919 6958/1551/919
f 6947/1529/910 6966/1569/910 6946/1530/910
f 6966/1569/919 6958/1551/919 6946/1530/919
f 6955/1544/914 6967/1570/914 6956/1546/914
f 6967/1570/920 6952/1571/920 6956/1546/920
f 6967/1572/891 6955/1565/891 6951/1566/891
f 6951/1566/891 6968/1573/891 6967/1572/891
f 6967/1570/920 6968/1574/920 6952/1571/920
f 6968/1574/921 6949/1538/921 6952/1571/921
f 6968/1574/921 6951/1537/921 6949/1538/921
f 6947/1567/891 6950/1575/891 6951/1566/891
f 6996/1526/893 6993/1527/893 6994/1528/893
f 6995/1529/910 6994/1530/910 6993/1531/910
f 6996/1532/911 6995/1533/911 6993/1534/911
f 7000/1535/893 6997/1536/893 6996/1526/893
f 6999/1537/912 6996/1532/912 6997/1538/912
f 6996/1532/911 6998/1539/911 6995/1533/911
f 6999/1537/912 6998/1539/912 6996/1532/912
f 6996/1526/893 6994/1528/893 7001/1540/893
f 7001/1540/893 7000/1535/893 6996/1526/893
f 7002/1541/893 7001/1540/893 7005/1542/893
f 7002/1543/913 7003/1544/913 7001/1545/913
f 7003/1544/914 7004/1546/914 7001/1545/914
f 7001/1540/893 7004/1547/893 7000/1535/893
f 6994/1528/893 7005/1542/893 7001/1540/893
f 6994/1528/893 7006/1548/893 7005/1542/893
f 7009/1549/915 7005/1550/915 7006/1551/915
f 7009/1549/915 7007/1552/915 7005/1550/915
f 7007/1552/916 7008/1553/916 7005/1550/916
f 7005/1542/893 7008/1554/893 7010/1555/893
f 7010/1555/893 7002/1541/893 7005/1542/893
f 7012/1556/917 7010/1557/917 7008/1553/917
f 7012/1556/917 7011/1558/917 7010/1557/917
f 7011/1558/918 7002/1543/918 7010/1557/918
f 7012/1559/891 7007/1560/891 7009/1561/891
f 7007/1552/916 7012/1556/916 7008/1553/916
f 7011/1562/891 7012/1559/891 7009/1561/891
f 7013/1563/891 7011/1562/891 7009/1561/891
f 7011/1558/918 7013/1564/918 7002/1543/918
f 7002/1543/913 7013/1564/913 7003/1544/913
f 7003/1565/891 7013/1563/891 6999/1566/891
f 6995/1567/891 6999/1566/891 7013/1563/891
f 7009/1561/891 6995/1567/891 7013/1563/891
f 7009/1561/891 7014/1568/891 6995/1567/891
f 7014/1569/919 7009/1549/919 7006/1551/919
f 6995/1529/910 7014/1569/910 6994/1530/910
f 7014/1569/919 7006/1551/919 6994/1530/919
f 7003/1544/914 7015/1570/914 7004/1546/914
f 7015/1570/920 7000/1571/920 7004/1546/920
f 7015/1572/891 7003/1565/891 6999/1566/891
f 6999/1566/891 7016/1573/891 7015/1572/891
f 7015/1570/920 7016/1574/920 7000/1571/920
f 7016/1574/921 6997/1538/921 7000/1571/921
f 7016/1574/921 6999/1537/921 6997/1538/921
f 6995/1567/891 6998/1575/891 6999/1566/891
f 7077/1525/955 7078/1525/955 7081/1525/955
f 7077/1525/893 7082/1525/893 7078/1525/893
f 7079/1525/890 7080/1525/890 7077/1525/890
f 7077/1525/956 7081/1525/956 7079/1525/956
f 7077/1525/893 7080/1525/893 7082/1525/893
f 7080/1525/957 7083/1525/957 7082/1525/957
f 7082/1525/958 7083/1525/958 7085/1525/958
f 7078/1525/893 7082/1525/893 7084/1525/893
f 7082/1525/959 7085/1525/959 7084/1525/959
f 7084/1525/960 7085/1525/960 7086/1525/960
f 7081/1525/891 7085/1525/891 7083/1525/891
f 7087/1525/891 7086/1525/891 7085/1525/891
f 7081/1525/891 7087/1525/891 7085/1525/891
f 7078/1525/961 7087/1525/961 7081/1525/961
f 7078/1525/962 7088/1525/962 7087/1525/962
f 7088/1525/963 7089/1525/963 7087/1525/963
f 7087/1525/891 7089/1525/891 7086/1525/891
f 7088/1525/964 7090/1525/964 7089/1525/964
f 7090/1525/965 7091/1525/965 7089/1525/965
f 7089/1525/891 7091/1525/891 7092/1525/891
f 7089/1525/891 7092/1525/891 7086/1525/891
f 7093/1525/966 7092/1525/966 7094/1525/966
f 7095/1525/967 7092/1525/967 7093/1525/967
f 7095/1525/968 7086/1525/968 7092/1525/968
f 7096/1525/891 7094/1525/891 7092/1525/891
f 7096/1525/891 7092/1525/891 7091/1525/891
f 7099/1525/969 7096/1525/969 7091/1525/969
f 7099/1525/970 7097/1525/970 7096/1525/970
f 7097/1525/971 7098/1525/971 7096/1525/971
f 7098/1525/891 7094/1525/891 7096/1525/891
f 7090/1525/972 7099/1525/972 7091/1525/972
f 7090/1525/893 7093/1525/893 7099/1525/893
f 7097/1525/893 7099/1525/893 7093/1525/893
f 7097/1525/973 7100/1525/973 7098/1525/973
f 7100/1525/974 7101/1525/974 7098/1525/974
f 7101/1525/891 7102/1525/891 7098/1525/891
f 7098/1525/891 7102/1525/891 7094/1525/891
f 7103/1525/975 7102/1525/975 7104/1525/975
f 7105/1525/976 7102/1525/976 7103/1525/976
f 7105/1525/977 7094/1525/977 7102/1525/977
f 7101/1525/891 7104/1525/891 7102/1525/891
f 7097/1525/893 7093/1525/893 7105/1525/893
f 7093/1525/978 7094/1525/978 7105/1525/978
f 7100/1525/893 7105/1525/893 7103/1525/893
f 7100/1525/893 7097/1525/893 7105/1525/893
f 7106/1525/979 7104/1525/979 7107/1525/979
f 7103/1525/980 7104/1525/980 7106/1525/980
f 7108/1525/891 7107/1525/891 7104/1525/891
f 7108/1525/891 7104/1525/891 7101/1525/891
f 7110/1525/981 7108/1525/981 7101/1525/981
f 7108/1525/982 7109/1525/982 7111/1525/982
f 7110/1525/983 7109/1525/983 7108/1525/983
f 7108/1525/982 7111/1525/982 7107/1525/982
f 7109/1525/893 7106/1525/893 7111/1525/893
f 7106/1525/984 7107/1525/984 7111/1525/984
f 7110/1525/893 7100/1525/893 7103/1525/893
f 7100/1525/985 7110/1525/985 7101/1525/985
f 7109/1525/893 7110/1525/893 7106/1525/893
f 7110/1525/893 7103/1525/893 7106/1525/893
f 7088/1525/893 7084/1525/893 7095/1525/893
f 7084/1525/986 7086/1525/986 7095/1525/986
f 7090/1525/893 7095/1525/893 7093/1525/893
f 7088/1525/893 7095/1525/893 7090/1525/893
f 7078/1525/893 7084/1525/893 7088/1525/893
f 7080/1525/987 7112/1525/987 7083/1525/987
f 7079/1525/891 7083/1525/891 7112/1525/891
f 7079/1525/891 7081/1525/891 7083/1525/891
f 7079/1525/890 7112/1525/890 7080/1525/890
f 7149/1525/1021 7150/1525/1021 7153/1525/1021
f 7149/1525/893 7154/1525/893 7150/1525/893
f 7151/1525/890 7152/1525/890 7149/1525/890
f 7149/1525/1022 7153/1525/1022 7151/1525/1022
f 7149/1525/893 7152/1525/893 7154/1525/893
f 7152/1525/1023 7155/1525/1023 7154/1525/1023
f 7154/1525/1024 7155/1525/1024 7157/1525/1024
f 7150/1525/893 7154/1525/893 7156/1525/893
f 7154/1525/1025 7157/1525/1025 7156/1525/1025
f 7156/1525/1026 7157/1525/1026 7158/1525/1026
f 7153/1525/891 7157/1525/891 7155/1525/891
f 7159/1525/891 7158/1525/891 7157/1525/891
f 7153/1525/891 7159/1525/891 7157/1525/891
f 7150/1525/1027 7159/1525/1027 7153/1525/1027
f 7150/1525/1028 7160/1525/1028 7159/1525/1028
f 7160/1525/1029 7161/1525/1029 7159/1525/1029
f 7159/1525/891 7161/1525/891 7158/1525/891
f 7160/1525/1030 7162/1525/1030 7161/1525/1030
f 7162/1525/1031 7163/1525/1031 7161/1525/1031
f 7161/1525/891 7163/1525/891 7164/1525/891
f 7161/1525/891 7164/1525/891 7158/1525/891
f 7165/1525/1032 7164/1525/1032 7166/1525/1032
f 7167/1525/1033 7164/1525/1033 7165/1525/1033
f 7167/1525/1034 7158/1525/1034 7164/1525/1034
f 7168/1525/891 7166/1525/891 7164/1525/891
f 7168/1525/891 7164/1525/891 7163/1525/891
f 7171/1525/1035 7168/1525/1035 7163/1525/1035
f 7171/1525/1036 7169/1525/1036 7168/1525/1036
f 7169/1525/1037 7170/1525/1037 7168/1525/1037
f 7170/1525/891 7166/1525/891 7168/1525/891
f 7162/1525/1038 7171/1525/1038 7163/1525/1038
f 7162/1525/893 7165/1525/893 7171/1525/893
f 7169/1525/893 7171/1525/893 7165/1525/893
f 7169/1525/1039 7172/1525/1039 7170/1525/1039
f 7172/1525/1040 7173/1525/1040 7170/1525/1040
f 7173/1525/891 7174/1525/891 7170/1525/891
f 7170/1525/891 7174/1525/891 7166/1525/891
f 7175/1525/1041 7174/1525/1041 7176/1525/1041
f 7177/1525/1042 7174/1525/1042 7175/1525/1042
f 7177/1525/1043 7166/1525/1043 7174/1525/1043
f 7173/1525/891 7176/1525/891 7174/1525/891
f 7169/1525/893 7165/1525/893 7177/1525/893
f 7165/1525/1044 7166/1525/1044 7177/1525/1044
f 7172/1525/893 7177/1525/893 7175/1525/893
f 7172/1525/893 7169/1525/893 7177/1525/893
f 7178/1525/1045 7176/1525/1045 7179/1525/1045
f 7175/1525/1046 7176/1525/1046 7178/1525/1046
f 7180/1525/891 7179/1525/891 7176/1525/891
f 7180/1525/891 7176/1525/891 7173/1525/891
f 7182/1525/1047 7180/1525/1047 7173/1525/1047
f 7180/1525/1048 7181/1525/1048 7183/1525/1048
f 7182/1525/1049 7181/1525/1049 7180/1525/1049
f 7180/1525/1048 7183/1525/1048 7179/1525/1048
f 7181/1525/893 7178/1525/893 7183/1525/893
f 7178/1525/1050 7179/1525/1050 7183/1525/1050
f 7182/1525/893 7172/1525/893 7175/1525/893
f 7172/1525/1051 7182/1525/1051 7173/1525/1051
f 7181/1525/893 7182/1525/893 7178/1525/893
f 7182/1525/893 7175/1525/893 7178/1525/893
f 7160/1525/893 7156/1525/893 7167/1525/893
f 7156/1525/1052 7158/1525/1052 7167/1525/1052
f 7162/1525/893 7167/1525/893 7165/1525/893
f 7160/1525/893 7167/1525/893 7162/1525/893
f 7150/1525/893 7156/1525/893 7160/1525/893
f 7152/1525/1053 7184/1525/1053 7155/1525/1053
f 7151/1525/891 7155/1525/891 7184/1525/891
f 7151/1525/891 7153/1525/891 7155/1525/891
f 7151/1525/890 7184/1525/890 7152/1525/890
f 7221/1525/893 7226/1525/893 7222/1525/893
f 7222/1525/1087 7223/1525/1087 7221/1525/1087
f 7221/1525/890 7223/1525/890 7225/1525/890
f 7221/1525/893 7224/1525/893 7226/1525/893
f 7221/1525/890 7225/1525/890 7224/1525/890
f 7226/1525/1088 7224/1525/1088 7225/1525/1088
f 7228/1525/1089 7226/1525/1089 7227/1525/1089
f 7226/1525/1090 7225/1525/1090 7227/1525/1090
f 7222/1525/893 7226/1525/893 7228/1525/893
f 7230/1525/1091 7228/1525/1091 7229/1525/1091
f 7228/1525/1092 7227/1525/1092 7229/1525/1092
f 7231/1525/893 7228/1525/893 7230/1525/893
f 7222/1525/893 7228/1525/893 7231/1525/893
f 7231/1525/1093 7234/1525/1093 7222/1525/1093
f 7231/1525/1094 7232/1525/1094 7234/1525/1094
f 7233/1525/1095 7232/1525/1095 7231/1525/1095
f 7231/1525/893 7230/1525/893 7233/1525/893
f 7223/1525/891 7234/1525/891 7227/1525/891
f 7222/1525/1096 7234/1525/1096 7223/1525/1096
f 7234/1525/891 7232/1525/891 7229/1525/891
f 7234/1525/891 7229/1525/891 7227/1525/891
f 7233/1525/1097 7235/1525/1097 7232/1525/1097
f 7236/1525/1098 7235/1525/1098 7233/1525/1098
f 7233/1525/893 7237/1525/893 7236/1525/893
f 7233/1525/893 7230/1525/893 7237/1525/893
f 7237/1525/1099 7230/1525/1099 7240/1525/1099
f 7239/1525/1100 7237/1525/1100 7238/1525/1100
f 7237/1525/1101 7240/1525/1101 7238/1525/1101
f 7241/1525/893 7237/1525/893 7239/1525/893
f 7241/1525/893 7236/1525/893 7237/1525/893
f 7241/1525/1102 7244/1525/1102 7236/1525/1102
f 7241/1525/1103 7242/1525/1103 7244/1525/1103
f 7243/1525/1104 7242/1525/1104 7241/1525/1104
f 7243/1525/893 7241/1525/893 7239/1525/893
f 7235/1525/891 7244/1525/891 7238/1525/891
f 7236/1525/1105 7244/1525/1105 7235/1525/1105
f 7242/1525/891 7238/1525/891 7244/1525/891
f 7243/1525/1106 7245/1525/1106 7242/1525/1106
f 7246/1525/1107 7245/1525/1107 7243/1525/1107
f 7246/1525/893 7243/1525/893 7247/1525/893
f 7243/1525/893 7239/1525/893 7247/1525/893
f 7247/1525/1108 7239/1525/1108 7250/1525/1108
f 7249/1525/1109 7247/1525/1109 7248/1525/1109
f 7247/1525/1110 7250/1525/1110 7248/1525/1110
f 7246/1525/893 7247/1525/893 7249/1525/893
f 7239/1525/1111 7238/1525/1111 7250/1525/1111
f 7242/1525/891 7250/1525/891 7238/1525/891
f 7245/1525/891 7248/1525/891 7250/1525/891
f 7245/1525/891 7250/1525/891 7242/1525/891
f 7252/1525/1112 7249/1525/1112 7251/1525/1112
f 7249/1525/1113 7248/1525/1113 7251/1525/1113
f 7253/1525/893 7249/1525/893 7252/1525/893
f 7253/1525/893 7246/1525/893 7249/1525/893
f 7253/1525/1114 7255/1525/1114 7246/1525/1114
f 7253/1525/1115 7254/1525/1115 7255/1525/1115
f 7253/1525/1116 7256/1525/1116 7254/1525/1116
f 7253/1525/1116 7252/1525/1116 7256/1525/1116
f 7252/1525/1117 7251/1525/1117 7256/1525/1117
f 7254/1525/891 7256/1525/891 7251/1525/891
f 7246/1525/1118 7255/1525/1118 7245/1525/1118
f 7255/1525/891 7248/1525/891 7245/1525/891
f 7254/1525/891 7251/1525/891 7255/1525/891
f 7255/1525/891 7251/1525/891 7248/1525/891
f 7230/1525/1119 7229/1525/1119 7240/1525/1119
f 7232/1525/891 7240/1525/891 7229/1525/891
f 7235/1525/891 7238/1525/891 7240/1525/891
f 7232/1525/891 7235/1525/891 7240/1525/891
f 7223/1525/891 7227/1525/891 7225/1525/891
f 7293/1525/893 7298/1525/893 7294/1525/893
f 7294/1525/1153 7295/1525/1153 7293/1525/1153
f 7293/1525/890 7295/1525/890 7297/1525/890
f 7293/1525/893 7296/1525/893 7298/1525/893
f 7293/1525/890 7297/1525/890 7296/1525/890
f 7298/1525/1154 7296/1525/1154 7297/1525/1154
f 7300/1525/1155 7298/1525/1155 7299/1525/1155
f 7298/1525/1156 7297/1525/1156 7299/1525/1156
f 7294/1525/893 7298/1525/893 7300/1525/893
f 7302/1525/1157 7300/1525/1157 7301/1525/1157
f 7300/1525/1158 7299/1525/1158 7301/1525/1158
f 7303/1525/893 7300/1525/893 7302/1525/893
f 7294/1525/893 7300/1525/893 7303/1525/893
f 7303/1525/1159 7306/1525/1159 7294/1525/1159
f 7303/1525/1160 7304/1525/1160 7306/1525/1160
f 7305/1525/1161 7304/1525/1161 7303/1525/1161
f 7303/1525/893 7302/1525/893 7305/1525/893
f 7295/1525/891 7306/1525/891 7299/1525/891
f 7294/1525/1162 7306/1525/1162 7295/1525/1162
f 7306/1525/891 7304/1525/891 7301/1525/891
f 7306/1525/891 7301/1525/891 7299/1525/891
f 7305/1525/1163 7307/1525/1163 7304/1525/1163
f 7308/1525/1164 7307/1525/1164 7305/1525/1164
f 7305/1525/893 7309/1525/893 7308/1525/893
f 7305/1525/893 7302/1525/893 7309/1525/893
f 7309/1525/1165 7302/1525/1165 7312/1525/1165
f 7311/1525/1166 7309/1525/1166 7310/1525/1166
f 7309/1525/1167 7312/1525/1167 7310/1525/1167
f 7313/1525/893 7309/1525/893 7311/1525/893
f 7313/1525/893 7308/1525/893 7309/1525/893
f 7313/1525/1168 7316/1525/1168 7308/1525/1168
f 7313/1525/1169 7314/1525/1169 7316/1525/1169
f 7315/1525/1170 7314/1525/1170 7313/1525/1170
f 7315/1525/893 7313/1525/893 7311/1525/893
f 7307/1525/891 7316/1525/891 7310/1525/891
f 7308/1525/1171 7316/1525/1171 7307/1525/1171
f 7314/1525/891 7310/1525/891 7316/1525/891
f 7315/1525/1172 7317/1525/1172 7314/1525/1172
f 7318/1525/1173 7317/1525/1173 7315/1525/1173
f 7318/1525/893 7315/1525/893 7319/1525/893
f 7315/1525/893 7311/1525/893 7319/1525/893
f 7319/1525/1174 7311/1525/1174 7322/1525/1174
f 7321/1525/1175 7319/1525/1175 7320/1525/1175
f 7319/1525/1176 7322/1525/1176 7320/1525/1176
f 7318/1525/893 7319/1525/893 7321/1525/893
f 7311/1525/1177 7310/1525/1177 7322/1525/1177
f 7314/1525/891 7322/1525/891 7310/1525/891
f 7317/1525/891 7320/1525/891 7322/1525/891
f 7317/1525/891 7322/1525/891 7314/1525/891
f 7324/1525/1178 7321/1525/1178 7323/1525/1178
f 7321/1525/1179 7320/1525/1179 7323/1525/1179
f 7325/1525/893 7321/1525/893 7324/1525/893
f 7325/1525/893 7318/1525/893 7321/1525/893
f 7325/1525/1180 7327/1525/1180 7318/1525/1180
f 7325/1525/1181 7326/1525/1181 7327/1525/1181
f 7325/1525/1182 7328/1525/1182 7326/1525/1182
f 7325/1525/1182 7324/1525/1182 7328/1525/1182
f 7324/1525/1183 7323/1525/1183 7328/1525/1183
f 7326/1525/891 7328/1525/891 7323/1525/891
f 7318/1525/1184 7327/1525/1184 7317/1525/1184
f 7327/1525/891 7320/1525/891 7317/1525/891
f 7326/1525/891 7323/1525/891 7327/1525/891
f 7327/1525/891 7323/1525/891 7320/1525/891
f 7302/1525/1185 7301/1525/1185 7312/1525/1185
f 7304/1525/891 7312/1525/891 7301/1525/891
f 7307/1525/891 7310/1525/891 7312/1525/891
f 7304/1525/891 7307/1525/891 7312/1525/891
f 7295/1525/891 7299/1525/891 7297/1525/891
usemtl Cream
f 6828/1526/893 6825/1527/893 6826/1528/893
f 6827/1529/910 6826/1530/910 6825/1531/910
f 6828/1532/911 6827/1533/911 6825/1534/911
f 6832/1535/893 6829/1536/893 6828/1526/893
f 6831/1537/912 6828/1532/912 6829/1538/912
f 6828/1532/911 6830/1539/911 6827/1533/911
f 6831/1537/912 6830/1539/912 6828/1532/912
f 6828/1526/893 6826/1528/893 6833/1540/893
f 6833/1540/893 6832/1535/893 6828/1526/893
f 6834/1541/893 6833/1540/893 6837/1542/893
f 6834/1543/913 6835/1544/913 6833/1545/913
f 6835/1544/914 6836/1546/914 6833/1545/914
f 6833/1540/893 6836/1547/893 6832/1535/893
f 6826/1528/893 6837/1542/893 6833/1540/893
f 6826/1528/893 6838/1548/893 6837/1542/893
f 6841/1549/915 6837/1550/915 6838/1551/915
f 6841/1549/915 6839/1552/915 6837/1550/915
f 6839/1552/916 6840/1553/916 6837/1550/916
f 6837/1542/893 6840/1554/893 6842/1555/893
f 6842/1555/893 6834/1541/893 6837/1542/893
f 6844/1556/917 6842/1557/917 6840/1553/917
f 6844/1556/917 6843/1558/917 6842/1557/917
f 6843/1558/918 6834/1543/918 6842/1557/918
f 6844/1559/891 6839/1560/891 6841/1561/891
f 6839/1552/916 6844/1556/916 6840/1553/916
f 6843/1562/891 6844/1559/891 6841/1561/891
f 6845/1563/891 6843/1562/891 6841/1561/891
f 6843/1558/918 6845/1564/918 6834/1543/918
f 6834/1543/913 6845/1564/913 6835/1544/913
f 6835/1565/891 6845/1563/891 6831/1566/891
f 6827/1567/891 6831/1566/891 6845/1563/891
f 6841/1561/891 6827/1567/891 6845/1563/891
f 6841/1561/891 6846/1568/891 6827/1567/891
f 6846/1569/919 6841/1549/919 6838/1551/919
f 6827/1529/910 6846/1569/910 6826/1530/910
f 6846/1569/919 6838/1551/919 6826/1530/919
f 6835/1544/914 6847/1570/914 6836/1546/914
f 6847/1570/920 6832/1571/920 6836/1546/920
f 6847/1572/891 6835/1565/891 6831/1566/891
f 6831/1566/891 6848/1573/891 6847/1572/891
f 6847/1570/920 6848/1574/920 6832/1571/920
f 6848/1574/921 6829/1538/921 6832/1571/921
f 6848/1574/921 6831/1537/921 6829/1538/921
f 6827/1567/891 6830/1575/891 6831/1566/891
f 6876/1526/893 6873/1527/893 6874/1528/893
f 6875/1529/910 6874/1530/910 6873/1531/910
f 6876/1532/911 6875/1533/911 6873/1534/911
f 6880/1535/893 6877/1536/893 6876/1526/893
f 6879/1537/912 6876/1532/912 6877/1538/912
f 6876/1532/911 6878/1539/911 6875/1533/911
f 6879/1537/912 6878/1539/912 6876/1532/912
f 6876/1526/893 6874/1528/893 6881/1540/893
f 6881/1540/893 6880/1535/893 6876/1526/893
f 6882/1541/893 6881/1540/893 6885/1542/893
f 6882/1543/913 6883/1544/913 6881/1545/913
f 6883/1544/914 6884/1546/914 6881/1545/914
f 6881/1540/893 6884/1547/893 6880/1535/893
f 6874/1528/893 6885/1542/893 6881/1540/893
f 6874/1528/893 6886/1548/893 6885/1542/893
f 6889/1549/915 6885/1550/915 6886/1551/915
f 6889/1549/915 6887/1552/915 6885/1550/915
f 6887/1552/916 6888/1553/916 6885/1550/916
f 6885/1542/893 6888/1554/893 6890/1555/893
f 6890/1555/893 6882/1541/893 6885/1542/893
f 6892/1556/917 6890/1557/917 6888/1553/917
f 6892/1556/917 6891/1558/917 6890/1557/917
f 6891/1558/918 6882/1543/918 6890/1557/918
f 6892/1559/891 6887/1560/891 6889/1561/891
f 6887/1552/916 6892/1556/916 6888/1553/916
f 6891/1562/891 6892/1559/891 6889/1561/891
f 6893/1563/891 6891/1562/891 6889/1561/891
f 6891/1558/918 6893/1564/918 6882/1543/918
f 6882/1543/913 6893/1564/913 6883/1544/913
f 6883/1565/891 6893/1563/891 6879/1566/891
f 6875/1567/891 6879/1566/891 6893/1563/891
f 6889/1561/891 6875/1567/891 6893/1563/891
f 6889/1561/891 6894/1568/891 6875/1567/891
f 6894/1569/919 6889/1549/919 6886/1551/919
f 6875/1529/910 6894/1569/910 6874/1530/910
f 6894/1569/919 6886/1551/919 6874/1530/919
f 6883/1544/914 6895/1570/914 6884/1546/914
f 6895/1570/920 6880/1571/920 6884/1546/920
f 6895/1572/891 6883/1565/891 6879/1566/891
f 6879/1566/891 6896/1573/891 6895/1572/891
f 6895/1570/920 6896/1574/920 6880/1571/920
f 6896/1574/921 6877/1538/921 6880/1571/921
f 6896/1574/921 6879/1537/921 6877/1538/921
f 6875/1567/891 6878/1575/891 6879/1566/891
f 6924/1526/893 6921/1527/893 6922/1528/893
f 6923/1529/910 6922/1530/910 6921/1531/910
f 6924/1532/911 6923/1533/911 6921/1534/911
f 6928/1535/893 6925/1536/893 6924/1526/893
f 6927/1537/912 6924/1532/912 6925/1538/912
f 6924/1532/911 6926/1539/911 6923/1533/911
f 6927/1537/912 6926/1539/912 6924/1532/912
f 6924/1526/893 6922/1528/893 6929/1540/893
f 6929/1540/893 6928/1535/893 6924/1526/893
f 6930/1541/893 6929/1540/893 6933/1542/893
f 6930/1543/913 6931/1544/913 6929/1545/913
f 6931/1544/914 6932/1546/914 6929/1545/914
f 6929/1540/893 6932/1547/893 6928/1535/893
f 6922/1528/893 6933/1542/893 6929/1540/893
f 6922/1528/893 6934/1548/893 6933/1542/893
f 6937/1549/915 6933/1550/915 6934/1551/915
f 6937/1549/915 6935/1552/915 6933/1550/915
f 6935/1552/916 6936/1553/916 6933/1550/916
f 6933/1542/893 6936/1554/893 6938/1555/893
f 6938/1555/893 6930/1541/893 6933/1542/893
f 6940/1556/917 6938/1557/917 6936/1553/917
f 6940/1556/917 6939/1558/917 6938/1557/917
f 6939/1558/918 6930/1543/918 6938/1557/918
f 6940/1559/891 6935/1560/891 6937/1561/891
f 6935/1552/916 6940/1556/916 6936/1553/916
f 6939/1562/891 6940/1559/891 6937/1561/891
f 6941/1563/891 6939/1562/891 6937/1561/891
f 6939/1558/918 6941/1564/918 6930/1543/918
f 6930/1543/913 6941/1564/913 6931/1544/913
f 6931/1565/891 6941/1563/891 6927/1566/891
f 6923/1567/891 6927/1566/891 6941/1563/891
f 6937/1561/891 6923/1567/891 6941/1563/891
f 6937/1561/891 6942/1568/891 6923/1567/891
f 6942/1569/919 6937/1549/919 6934/1551/919
f 6923/1529/910 6942/1569/910 6922/1530/910
f 6942/1569/919 6934/1551/919 6922/1530/919
f 6931/1544/914 6943/1570/914 6932/1546/914
f 6943/1570/920 6928/1571/920 6932/1546/920
f 6943/1572/891 6931/1565/891 6927/1566/891
f 6927/1566/891 6944/1573/891 6943/1572/891
f 6943/1570/920 6944/1574/920 6928/1571/920
f 6944/1574/921 6925/1538/921 6928/1571/921
f 6944/1574/921 6927/1537/921 6925/1538/921
f 6923/1567/891 6926/1575/891 6927/1566/891
f 6972/1526/893 6969/1527/893 6970/1528/893
f 6971/1529/910 6970/1530/910 6969/1531/910
f 6972/1532/911 6971/1533/911 6969/1534/911
f 6976/1535/893 6973/1536/893 6972/1526/893
f 6975/1537/912 6972/1532/912 6973/1538/912
f 6972/1532/911 6974/1539/911 6971/1533/911
f 6975/1537/912 6974/1539/912 6972/1532/912
f 6972/1526/893 6970/1528/893 6977/1540/893
f 6977/1540/893 6976/1535/893 6972/1526/893
f 6978/1541/893 6977/1540/893 6981/1542/893
f 6978/1543/913 6979/1544/913 6977/1545/913
f 6979/1544/914 6980/1546/914 6977/1545/914
f 6977/1540/893 6980/1547/893 6976/1535/893
f 6970/1528/893 6981/1542/893 6977/1540/893
f 6970/1528/893 6982/1548/893 6981/1542/893
f 6985/1549/915 6981/1550/915 6982/1551/915
f 6985/1549/915 6983/1552/915 6981/1550/915
f 6983/1552/916 6984/1553/916 6981/1550/916
f 6981/1542/893 6984/1554/893 6986/1555/893
f 6986/1555/893 6978/1541/893 6981/1542/893
f 6988/1556/917 6986/1557/917 6984/1553/917
f 6988/1556/917 6987/1558/917 6986/1557/917
f 6987/1558/918 6978/1543/918 6986/1557/918
f 6988/1559/891 6983/1560/891 6985/1561/891
f 6983/1552/916 6988/1556/916 6984/1553/916
f 6987/1562/891 6988/1559/891 6985/1561/891
f 6989/1563/891 6987/1562/891 6985/1561/891
f 6987/1558/918 6989/1564/918 6978/1543/918
f 6978/1543/913 6989/1564/913 6979/1544/913
f 6979/1565/891 6989/1563/891 6975/1566/891
f 6971/1567/891 6975/1566/891 6989/1563/891
f 6985/1561/891 6971/1567/891 6989/1563/891
f 6985/1561/891 6990/1568/891 6971/1567/891
f 6990/1569/919 6985/1549/919 6982/1551/919
f 6971/1529/910 6990/1569/910 6970/1530/910
f 6990/1569/919 6982/1551/919 6970/1530/919
f 6979/1544/914 6991/1570/914 6980/1546/914
f 6991/1570/920 6976/1571/920 6980/1546/920
f 6991/1572/891 6979/1565/891 6975/1566/891
f 6975/1566/891 6992/1573/891 6991/1572/891
f 6991/1570/920 6992/1574/920 6976/1571/920
f 6992/1574/921 6973/1538/921 6976/1571/921
f 6992/1574/921 6975/1537/921 6973/1538/921
f 6971/1567/891 6974/1575/891 6975/1566/891
f 7020/1526/893 7017/1527/893 7018/1528/893
f 7019/1529/910 7018/1530/910 7017/1531/910
f 7020/1532/911 7019/1533/911 7017/1534/911
f 7024/1535/893 7021/1536/893 7020/1526/893
f 7023/1537/912 7020/1532/912 7021/1538/912
f 7020/1532/911 7022/1539/911 7019/1533/911
f 7023/1537/912 7022/1539/912 7020/1532/912
f 7020/1526/893 7018/1528/893 7025/1540/893
f 7025/1540/893 7024/1535/893 7020/1526/893
f 7026/1541/893 7025/1540/893 7029/1542/893
f 7026/1543/913 7027/1544/913 7025/1545/913
f 7027/1544/914 7028/1546/914 7025/1545/914
f 7025/1540/893 7028/1547/893 7024/1535/893
f 7018/1528/893 7029/1542/893 7025/1540/893
f 7018/1528/893 7030/1548/893 7029/1542/893
f 7033/1549/915 7029/1550/915 7030/1551/915
f 7033/1549/915 7031/1552/915 7029/1550/915
f 7031/1552/916 7032/1553/916 7029/1550/916
f 7029/1542/893 7032/1554/893 7034/1555/893
f 7034/1555/893 7026/1541/893 7029/1542/893
f 7036/1556/917 7034/1557/917 7032/1553/917
f 7036/1556/917 7035/1558/917 7034/1557/917
f 7035/1558/918 7026/1543/918 7034/1557/918
f 7036/1559/891 7031/1560/891 7033/1561/891
f 7031/1552/916 7036/1556/916 7032/1553/916
f 7035/1562/891 7036/1559/891 7033/1561/891
f 7037/1563/891 7035/1562/891 7033/1561/891
f 7035/1558/918 7037/1564/918 7026/1543/918
f 7026/1543/913 7037/1564/913 7027/1544/913
f 7027/1565/891 7037/1563/891 7023/1566/891
f 7019/1567/891 7023/1566/891 7037/1563/891
f 7033/1561/891 7019/1567/891 7037/1563/891
f 7033/1561/891 7038/1568/891 7019/1567/891
f 7038/1569/919 7033/1549/919 7030/1551/919
f 7019/1529/910 7038/1569/910 7018/1530/910
f 7038/1569/919 7030/1551/919 7018/1530/919
f 7027/1544/914 7039/1570/914 7028/1546/914
f 7039/1570/920 7024/1571/920 7028/1546/920
f 7039/1572/891 7027/1565/891 7023/1566/891
f 7023/1566/891 7040/1573/891 7039/1572/891
f 7039/1570/920 7040/1574/920 7024/1571/920
f 7040/1574/921 7021/1538/921 7024/1571/921
f 7040/1574/921 7023/1537/921 7021/1538/921
f 7019/1567/891 7022/1575/891 7023/1566/891
f 7041/1525/922 7042/1525/922 7045/1525/922
f 7041/1525/893 7046/1525/893 7042/1525/893
f 7043/1525/890 7044/1525/890 7041/1525/890
f 7041/1525/923 7045/1525/923 7043/1525/923
f 7041/1525/893 7044/1525/893 7046/1525/893
f 7044/1525/924 7047/1525/924 7046/1525/924
f 7046/1525/925 7047/1525/925 7049/1525/925
f 7042/1525/893 7046/1525/893 7048/1525/893
f 7046/1525/926 7049/1525/926 7048/1525/926
f 7048/1525/927 7049/1525/927 7050/1525/927
f 7045/1525/891 7049/1525/891 7047/1525/891
f 7051/1525/891 7050/1525/891 7049/1525/891
f 7045/1525/891 7051/1525/891 7049/1525/891
f 7042/1525/928 7051/1525/928 7045/1525/928
f 7042/1525/929 7052/1525/929 7051/1525/929
f 7052/1525/930 7053/1525/930 7051/1525/930
f 7051/1525/891 7053/1525/891 7050/1525/891
f 7052/1525/931 7054/1525/931 7053/1525/931
f 7054/1525/932 7055/1525/932 7053/1525/932
f 7053/1525/891 7055/1525/891 7056/1525/891
f 7053/1525/891 7056/1525/891 7050/1525/891
f 7057/1525/933 7056/1525/933 7058/1525/933
f 7059/1525/934 7056/1525/934 7057/1525/934
f 7059/1525/935 7050/1525/935 7056/1525/935
f 7060/1525/891 7058/1525/891 7056/1525/891
f 7060/1525/891 7056/1525/891 7055/1525/891
f 7063/1525/936 7060/1525/936 7055/1525/936
f 7063/1525/937 7061/1525/937 7060/1525/937
f 7061/1525/938 7062/1525/938 7060/1525/938
f 7062/1525/891 7058/1525/891 7060/1525/891
f 7054/1525/939 7063/1525/939 7055/1525/939
f 7054/1525/893 7057/1525/893 7063/1525/893
f 7061/1525/893 7063/1525/893 7057/1525/893
f 7061/1525/940 7064/1525/940 7062/1525/940
f 7064/1525/941 7065/1525/941 7062/1525/941
f 7065/1525/891 7066/1525/891 7062/1525/891
f 7062/1525/891 7066/1525/891 7058/1525/891
f 7067/1525/942 7066/1525/942 7068/1525/942
f 7069/1525/943 7066/1525/943 7067/1525/943
f 7069/1525/944 7058/1525/944 7066/1525/944
f 7065/1525/891 7068/1525/891 7066/1525/891
f 7061/1525/893 7057/1525/893 7069/1525/893
f 7057/1525/945 7058/1525/945 7069/1525/945
f 7064/1525/893 7069/1525/893 7067/1525/893
f 7064/1525/893 7061/1525/893 7069/1525/893
f 7070/1525/946 7068/1525/946 7071/1525/946
f 7067/1525/947 7068/1525/947 7070/1525/947
f 7072/1525/891 7071/1525/891 7068/1525/891
f 7072/1525/891 7068/1525/891 7065/1525/891
f 7074/1525/948 7072/1525/948 7065/1525/948
f 7072/1525/949 7073/1525/949 7075/1525/949
f 7074/1525/950 7073/1525/950 7072/1525/950
f 7072/1525/949 7075/1525/949 7071/1525/949
f 7073/1525/893 7070/1525/893 7075/1525/893
f 7070/1525/951 7071/1525/951 7075/1525/951
f 7074/1525/893 7064/1525/893 7067/1525/893
f 7064/1525/952 7074/1525/952 7065/1525/952
f 7073/1525/893 7074/1525/893 7070/1525/893
f 7074/1525/893 7067/1525/893 7070/1525/893
f 7052/1525/893 7048/1525/893 7059/1525/893
f 7048/1525/953 7050/1525/953 7059/1525/953
f 7054/1525/893 7059/1525/893 7057/1525/893
f 7052/1525/893 7059/1525/893 7054/1525/893
f 7042/1525/893 7048/1525/893 7052/1525/893
f 7044/1525/954 7076/1525/954 7047/1525/954
f 7043/1525/891 7047/1525/891 7076/1525/891
f 7043/1525/891 7045/1525/891 7047/1525/891
f 7043/1525/890 7076/1525/890 7044/1525/890
f 7113/1525/988 7114/1525/988 7117/1525/988
f 7113/1525/893 7118/1525/893 7114/1525/893
f 7115/1525/890 7116/1525/890 7113/1525/890
f 7113/1525/989 7117/1525/989 7115/1525/989
f 7113/1525/893 7116/1525/893 7118/1525/893
f 7116/1525/990 7119/1525/990 7118/1525/990
f 7118/1525/991 7119/1525/991 7121/1525/991
f 7114/1525/893 7118/1525/893 7120/1525/893
f 7118/1525/992 7121/1525/992 7120/1525/992
f 7120/1525/993 7121/1525/993 7122/1525/993
f 7117/1525/891 7121/1525/891 7119/1525/891
f 7123/1525/891 7122/1525/891 7121/1525/891
f 7117/1525/891 7123/1525/891 7121/1525/891
f 7114/1525/994 7123/1525/994 7117/1525/994
f 7114/1525/995 7124/1525/995 7123/1525/995
f 7124/1525/996 7125/1525/996 7123/1525/996
f 7123/1525/891 7125/1525/891 7122/1525/891
f 7124/1525/997 7126/1525/997 7125/1525/997
f 7126/1525/998 7127/1525/998 7125/1525/998
f 7125/1525/891 7127/1525/891 7128/1525/891
f 7125/1525/891 7128/1525/891 7122/1525/891
f 7129/1525/999 7128/1525/999 7130/1525/999
f 7131/1525/1000 7128/1525/1000 7129/1525/1000
f 7131/1525/1001 7122/1525/1001 7128/1525/1001
f 7132/1525/891 7130/1525/891 7128/1525/891
f 7132/1525/891 7128/1525/891 7127/1525/891
f 7135/1525/1002 7132/1525/1002 7127/1525/1002
f 7135/1525/1003 7133/1525/1003 7132/1525/1003
f 7133/1525/1004 7134/1525/1004 7132/1525/1004
f 7134/1525/891 7130/1525/891 7132/1525/891
f 7126/1525/1005 7135/1525/1005 7127/1525/1005
f 7126/1525/893 7129/1525/893 7135/1525/893
f 7133/1525/893 7135/1525/893 7129/1525/893
f 7133/1525/1006 7136/1525/1006 7134/1525/1006
f 7136/1525/1007 7137/1525/1007 7134/1525/1007
f 7137/1525/891 7138/1525/891 7134/1525/891
f 7134/1525/891 7138/1525/891 7130/1525/891
f 7139/1525/1008 7138/1525/1008 7140/1525/1008
f 7141/1525/1009 7138/1525/1009 7139/1525/1009
f 7141/1525/1010 7130/1525/1010 7138/1525/1010
f 7137/1525/891 7140/1525/891 7138/1525/891
f 7133/1525/893 7129/1525/893 7141/1525/893
f 7129/1525/1011 7130/1525/1011 7141/1525/1011
f 7136/1525/893 7141/1525/893 7139/1525/893
f 7136/1525/893 7133/1525/893 7141/1525/893
f 7142/1525/1012 7140/1525/1012 7143/1525/1012
f 7139/1525/1013 7140/1525/1013 7142/1525/1013
f 7144/1525/891 7143/1525/891 7140/1525/891
f 7144/1525/891 7140/1525/891 7137/1525/891
f 7146/1525/1014 7144/1525/1014 7137/1525/1014
f 7144/1525/1015 7145/1525/1015 7147/1525/1015
f 7146/1525/1016 7145/1525/1016 7144/1525/1016
f 7144/1525/1015 7147/1525/1015 7143/1525/1015
f 7145/1525/893 7142/1525/893 7147/1525/893
f 7142/1525/1017 7143/1525/1017 7147/1525/1017
f 7146/1525/893 7136/1525/893 7139/1525/893
f 7136/1525/1018 7146/1525/1018 7137/1525/1018
f 7145/1525/893 7146/1525/893 7142/1525/893
f 7146/1525/893 7139/1525/893 7142/1525/893
f 7124/1525/893 7120/1525/893 7131/1525/893
f 7120/1525/1019 7122/1525/1019 7131/1525/1019
f 7126/1525/893 7131/1525/893 7129/1525/893
f 7124/1525/893 7131/1525/893 7126/1525/893
f 7114/1525/893 7120/1525/893 7124/1525/893
f 7116/1525/1020 7148/1525/1020 7119/1525/1020
f 7115/1525/891 7119/1525/891 7148/1525/891
f 7115/1525/891 7117/1525/891 7119/1525/891
f 7115/1525/890 7148/1525/890 7116/1525/890
f 7185/1525/893 7190/1525/893 7186/1525/893
f 7186/1525/1054 7187/1525/1054 7185/1525/1054
f 7185/1525/890 7187/1525/890 7189/1525/890
f 7185/1525/893 7188/1525/893 7190/1525/893
f 7185/1525/890 7189/1525/890 7188/1525/890
f 7190/1525/1055 7188/1525/1055 7189/1525/1055
f 7192/1525/1056 7190/1525/1056 7191/1525/1056
f 7190/1525/1057 7189/1525/1057 7191/1525/1057
f 7186/1525/893 7190/1525/893 7192/1525/893
f 7194/1525/1058 7192/1525/1058 7193/1525/1058
f 7192/1525/1059 7191/1525/1059 7193/1525/1059
f 7195/1525/893 7192/1525/893 7194/1525/893
f 7186/1525/893 7192/1525/893 7195/1525/893
f 7195/1525/1060 7198/1525/1060 7186/1525/1060
f 7195/1525/1061 7196/1525/1061 7198/1525/1061
f 7197/1525/1062 7196/1525/1062 7195/1525/1062
f 7195/1525/893 7194/1525/893 7197/1525/893
f 7187/1525/891 7198/1525/891 7191/1525/891
f 7186/1525/1063 7198/1525/1063 7187/1525/1063
f 7198/1525/891 7196/1525/891 7193/1525/891
f 7198/1525/891 7193/1525/891 7191/1525/891
f 7197/1525/1064 7199/1525/1064 7196/1525/1064
f 7200/1525/1065 7199/1525/1065 7197/1525/1065
f 7197/1525/893 7201/1525/893 7200/1525/893
f 7197/1525/893 7194/1525/893 7201/1525/893
f 7201/1525/1066 7194/1525/1066 7204/1525/1066
f 7203/1525/1067 7201/1525/1067 7202/1525/1067
f 7201/1525/1068 7204/1525/1068 7202/1525/1068
f 7205/1525/893 7201/1525/893 7203/1525/893
f 7205/1525/893 7200/1525/893 7201/1525/893
f 7205/1525/1069 7208/1525/1069 7200/1525/1069
f 7205/1525/1070 7206/1525/1070 7208/1525/1070
f 7207/1525/1071 7206/1525/1071 7205/1525/1071
f 7207/1525/893 7205/1525/893 7203/1525/893
f 7199/1525/891 7208/1525/891 7202/1525/891
f 7200/1525/1072 7208/1525/1072 7199/1525/1072
f 7206/1525/891 7202/1525/891 7208/1525/891
f 7207/1525/1073 7209/1525/1073 7206/1525/1073
f 7210/1525/1074 7209/1525/1074 7207/1525/1074
f 7210/1525/893 7207/1525/893 7211/1525/893
f 7207/1525/893 7203/1525/893 7211/1525/893
f 7211/1525/1075 7203/1525/1075 7214/1525/1075
f 7213/1525/1076 7211/1525/1076 7212/1525/1076
f 7211/1525/1077 7214/1525/1077 7212/1525/1077
f 7210/1525/893 7211/1525/893 7213/1525/893
f 7203/1525/1078 7202/1525/1078 7214/1525/1078
f 7206/1525/891 7214/1525/891 7202/1525/891
f 7209/1525/891 7212/1525/891 7214/1525/891
f 7209/1525/891 7214/1525/891 7206/1525/891
f 7216/1525/1079 7213/1525/1079 7215/1525/1079
f 7213/1525/1080 7212/1525/1080 7215/1525/1080
f 7217/1525/893 7213/1525/893 7216/1525/893
f 7217/1525/893 7210/1525/893 7213/1525/893
f 7217/1525/1081 7219/1525/1081 7210/1525/1081
f 7217/1525/1082 7218/1525/1082 7219/1525/1082
f 7217/1525/1083 7220/1525/1083 7218/1525/1083
f 7217/1525/1083 7216/1525/1083 7220/1525/1083
f 7216/1525/1084 7215/1525/1084 7220/1525/1084
f 7218/1525/891 7220/1525/891 7215/1525/891
f 7210/1525/1085 7219/1525/1085 7209/1525/1085
f 7219/1525/891 7212/1525/891 7209/1525/891
f 7218/1525/891 7215/1525/891 7219/1525/891
f 7219/1525/891 7215/1525/891 7212/1525/891
f 7194/1525/1086 7193/1525/1086 7204/1525/1086
f 7196/1525/891 7204/1525/891 7193/1525/891
f 7199/1525/891 7202/1525/891 7204/1525/891
f 7196/1525/891 7199/1525/891 7204/1525/891
f 7187/1525/891 7191/1525/891 7189/1525/891
f 7257/1525/893 7262/1525/893 7258/1525/893
f 7258/1525/1120 7259/1525/1120 7257/1525/1120
f 7257/1525/890 7259/1525/890 7261/1525/890
f 7257/1525/893 7260/1525/893 7262/1525/893
f 7257/1525/890 7261/1525/890 7260/1525/890
f 7262/1525/1121 7260/1525/1121 7261/1525/1121
f 7264/1525/1122 7262/1525/1122 7263/1525/1122
f 7262/1525/1123 7261/1525/1123 7263/1525/1123
f 7258/1525/893 7262/1525/893 7264/1525/893
f 7266/1525/1124 7264/1525/1124 7265/1525/1124
f 7264/1525/1125 7263/1525/1125 7265/1525/1125
f 7267/1525/893 7264/1525/893 7266/1525/893
f 7258/1525/893 7264/1525/893 7267/1525/893
f 7267/1525/1126 7270/1525/1126 7258/1525/1126
f 7267/1525/1127 7268/1525/1127 7270/1525/1127
f 7269/1525/1128 7268/1525/1128 7267/1525/1128
f 7267/1525/893 7266/1525/893 7269/1525/893
f 7259/1525/891 7270/1525/891 7263/1525/891
f 7258/1525/1129 7270/1525/1129 7259/1525/1129
f 7270/1525/891 7268/1525/891 7265/1525/891
f 7270/1525/891 7265/1525/891 7263/1525/891
f 7269/1525/1130 7271/1525/1130 7268/1525/1130
f 7272/1525/1131 7271/1525/1131 7269/1525/1131
f 7269/1525/893 7273/1525/893 7272/1525/893
f 7269/1525/893 7266/1525/893 7273/1525/893
f 7273/1525/1132 7266/1525/1132 7276/1525/1132
f 7275/1525/1133 7273/1525/1133 7274/1525/1133
f 7273/1525/1134 7276/1525/1134 7274/1525/1134
f 7277/1525/893 7273/1525/893 7275/1525/893
f 7277/1525/893 7272/1525/893 7273/1525/893
f 7277/1525/1135 7280/1525/1135 7272/1525/1135
f 7277/1525/1136 7278/1525/1136 7280/1525/1136
f 7279/1525/1137 7278/1525/1137 7277/1525/1137
f 7279/1525/893 7277/1525/893 7275/1525/893
f 7271/1525/891 7280/1525/891 7274/1525/891
f 7272/1525/1138 7280/1525/1138 7271/1525/1138
f 7278/1525/891 7274/1525/891 7280/1525/891
f 7279/1525/1139 7281/1525/1139 7278/1525/1139
f 7282/1525/1140 7281/1525/1140 7279/1525/1140
f 7282/1525/893 7279/1525/893 7283/1525/893
f 7279/1525/893 7275/1525/893 7283/1525/893
f 7283/1525/1141 7275/1525/1141 7286/1525/1141
f 7285/1525/1142 7283/1525/1142 7284/1525/1142
f 7283/1525/1143 7286/1525/1143 7284/1525/1143
f 7282/1525/893 7283/1525/893 7285/1525/893
f 7275/1525/1144 7274/1525/1144 7286/1525/1144
f 7278/1525/891 7286/1525/891 7274/1525/891
f 7281/1525/891 7284/1525/891 7286/1525/891
f 7281/1525/891 7286/1525/891 7278/1525/891
f 7288/1525/1145 7285/1525/1145 7287/1525/1145
f 7285/1525/1146 7284/1525/1146 7287/1525/1146
f 7289/1525/893 7285/1525/893 7288/1525/893
f 7289/1525/893 7282/1525/893 7285/1525/893
f 7289/1525/1147 7291/1525/1147 7282/1525/1147
f 7289/1525/1148 7290/1525/1148 7291/1525/1148
f 7289/1525/1149 7292/1525/1149 7290/1525/1149
f 7289/1525/1149 7288/1525/1149 7292/1525/1149
f 7288/1525/1150 7287/1525/1150 7292/1525/1150
f 7290/1525/891 7292/1525/891 7287/1525/891
f 7282/1525/1151 7291/1525/1151 7281/1525/1151
f 7291/1525/891 7284/1525/891 7281/1525/891
f 7290/1525/891 7287/1525/891 7291/1525/891
f 7291/1525/891 7287/1525/891 7284/1525/891
f 7266/1525/1152 7265/1525/1152 7276/1525/1152
f 7268/1525/891 7276/1525/891 7265/1525/891
f 7271/1525/891 7274/1525/891 7276/1525/891
f 7268/1525/891 7271/1525/891 7276/1525/891
f 7259/1525/891 7263/1525/891 7261/1525/891
f 7329/1525/893 7334/1525/893 7330/1525/893
f 7330/1525/1186 7331/1525/1186 7329/1525/1186
f 7329/1525/890 7331/1525/890 7333/1525/890
f 7329/1525/893 7332/1525/893 7334/1525/893
f 7329/1525/890 7333/1525/890 7332/1525/890
f 7334/1525/1187 7332/1525/1187 7333/1525/1187
f 7336/1525/1188 7334/1525/1188 7335/1525/1188
f 7334/1525/1189 7333/1525/1189 7335/1525/1189
f 7330/1525/893 7334/1525/893 7336/1525/893
f 7338/1525/1190 7336/1525/1190 7337/1525/1190
f 7336/1525/1191 7335/1525/1191 7337/1525/1191
f 7339/1525/893 7336/1525/893 7338/1525/893
f 7330/1525/893 7336/1525/893 7339/1525/893
f 7339/1525/1192 7342/1525/1192 7330/1525/1192
f 7339/1525/1193 7340/1525/1193 7342/1525/1193
f 7341/1525/1194 7340/1525/1194 7339/1525/1194
f 7339/1525/893 7338/1525/893 7341/1525/893
f 7331/1525/891 7342/1525/891 7335/1525/891
f 7330/1525/1195 7342/1525/1195 7331/1525/1195
f 7342/1525/891 7340/1525/891 7337/1525/891
f 7342/1525/891 7337/1525/891 7335/1525/891
f 7341/1525/1196 7343/1525/1196 7340/1525/1196
f 7344/1525/1197 7343/1525/1197 7341/1525/1197
f 7341/1525/893 7345/1525/893 7344/1525/893
f 7341/1525/893 7338/1525/893 7345/1525/893
f 7345/1525/1198 7338/1525/1198 7348/1525/1198
f 7347/1525/1199 7345/1525/1199 7346/1525/1199
f 7345/1525/1200 7348/1525/1200 7346/1525/1200
f 7349/1525/893 7345/1525/893 7347/1525/893
f 7349/1525/893 7344/1525/893 7345/1525/893
f 7349/1525/1201 7352/1525/1201 7344/1525/1201
f 7349/1525/1202 7350/1525/1202 7352/1525/1202
f 7351/1525/1203 7350/1525/1203 7349/1525/1203
f 7351/1525/893 7349/1525/893 7347/1525/893
f 7343/1525/891 7352/1525/891 7346/1525/891
f 7344/1525/1204 7352/1525/1204 7343/1525/1204
f 7350/1525/891 7346/1525/891 7352/1525/891
f 7351/1525/1205 7353/1525/1205 7350/1525/1205
f 7354/1525/1206 7353/1525/1206 7351/1525/1206
f 7354/1525/893 7351/1525/893 7355/1525/893
f 7351/1525/893 7347/1525/893 7355/1525/893
f 7355/1525/1207 7347/1525/1207 7358/1525/1207
f 7357/1525/1208 7355/1525/1208 7356/1525/1208
f 7355/1525/1209 7358/1525/1209 7356/1525/1209
f 7354/1525/893 7355/1525/893 7357/1525/893
f 7347/1525/1210 7346/1525/1210 7358/1525/1210
f 7350/1525/891 7358/1525/891 7346/1525/891
f 7353/1525/891 7356/1525/891 7358/1525/891
f 7353/1525/891 7358/1525/891 7350/1525/891
f 7360/1525/1211 7357/1525/1211 7359/1525/1211
f 7357/1525/1212 7356/1525/1212 7359/1525/1212
f 7361/1525/893 7357/1525/893 7360/1525/893
f 7361/1525/893 7354/1525/893 7357/1525/893
f 7361/1525/1213 7363/1525/1213 7354/1525/1213
f 7361/1525/1214 7362/1525/1214 7363/1525/1214
f 7361/1525/1215 7364/1525/1215 7362/1525/1215
f 7361/1525/1215 7360/1525/1215 7364/1525/1215
f 7360/1525/1216 7359/1525/1216 7364/1525/1216
f 7362/1525/891 7364/1525/891 7359/1525/891
f 7354/1525/1217 7363/1525/1217 7353/1525/1217
f 7363/1525/891 7356/1525/891 7353/1525/891
f 7362/1525/891 7359/1525/891 7363/1525/891
f 7363/1525/891 7359/1525/891 7356/1525/891
f 7338/1525/1218 7337/1525/1218 7348/1525/1218
f 7340/1525/891 7348/1525/891 7337/1525/891
f 7343/1525/891 7346/1525/891 7348/1525/891
f 7340/1525/891 7343/1525/891 7348/1525/891
f 7331/1525/891 7335/1525/891 7333/1525/891
o HouseFX_MastLanternAccent_01
v 6.279325 64.975548 10.261675
v 6.418325 64.975548 10.400675
v 6.279325 64.836548 10.400675
v 6.279325 64.975548 10.400675
v 4.840675 64.975548 10.261675
v 4.840675 64.836548 10.400675
v 4.701675 64.975548 10.400675
v 4.840675 64.975548 10.400675
v 4.840675 64.975548 11.978325
v 4.701675 64.975548 11.839325
v 4.840675 64.836548 11.839325
v 4.840675 64.975548 11.839325
v 6.418325 64.975548 11.839325
v 6.279325 64.975548 11.978325
v 6.279325 64.836548 11.839325
v 6.279325 64.975548 11.839325
v 6.418325 67.074455 10.400675
v 6.279325 67.074455 10.261675
v 6.279325 67.213455 10.400675
v 6.279325 67.074455 10.400675
v 4.840675 67.074455 10.261675
v 4.701675 67.074455 10.400675
v 4.840675 67.213455 10.400675
v 4.840675 67.074455 10.400675
v 4.701675 67.074455 11.839325
v 4.840675 67.074455 11.978325
v 4.840675 67.213455 11.839325
v 4.840675 67.074455 11.839325
v 6.418325 67.074455 11.839325
v 6.279325 67.213455 11.839325
v 6.279325 67.074455 11.978325
v 6.279325 67.074455 11.839325
vn -0.0000 -0.0000 -1.0000
vn -0.0000 -1.0000 -0.0000
vn 1.0000 -0.0000 -0.0000
vn -0.0000 -0.0000 1.0000
vn -1.0000 -0.0000 -0.0000
vn -0.0000 1.0000 -0.0000
s 0
usemtl Amber
f 7370//1219 7368//1219 7367//1219
f 7372//1220 7365//1220 7368//1220
f 7377//1220 7368//1220 7366//1220
f 7380//1221 7367//1221 7368//1221
f 7379//1222 7376//1222 7375//1222
f 7380//1220 7373//1220 7376//1220
f 7375//1223 7372//1223 7370//1223
f 7376//1220 7371//1220 7372//1220
f 7394//1221 7384//1221 7383//1221
f 7396//1224 7381//1224 7384//1224
f 7385//1224 7384//1224 7382//1224
f 7388//1219 7383//1219 7384//1219
f 7389//1224 7388//1224 7386//1224
f 7392//1223 7387//1223 7388//1223
f 7395//1224 7392//1224 7390//1224
f 7396//1222 7391//1222 7392//1222
f 7382//1221 7368//1221 7365//1221
f 7384//1219 7366//1219 7368//1219
f 7386//1219 7372//1219 7371//1219
f 7388//1223 7369//1223 7372//1223
f 7390//1223 7376//1223 7373//1223
f 7392//1222 7374//1222 7376//1222
f 7393//1222 7380//1222 7377//1222
f 7396//1221 7378//1221 7380//1221
f 7369//1219 7382//1219 7365//1219
f 7379//1220 7370//1220 7367//1220
f 7366//1221 7393//1221 7377//1221
f 7374//1223 7386//1223 7371//1223
f 7378//1222 7390//1222 7373//1222
f 7387//1224 7394//1224 7383//1224
f 7370//1219 7372//1219 7368//1219
f 7372//1220 7369//1220 7365//1220
f 7377//1220 7380//1220 7368//1220
f 7380//1221 7379//1221 7367//1221
f 7379//1222 7380//1222 7376//1222
f 7380//1220 7378//1220 7373//1220
f 7375//1223 7376//1223 7372//1223
f 7376//1220 7374//1220 7371//1220
f 7394//1221 7396//1221 7384//1221
f 7396//1224 7393//1224 7381//1224
f 7385//1224 7388//1224 7384//1224
f 7388//1219 7387//1219 7383//1219
f 7389//1224 7392//1224 7388//1224
f 7392//1223 7391//1223 7387//1223
f 7395//1224 7396//1224 7392//1224
f 7396//1222 7394//1222 7391//1222
f 7382//1221 7384//1221 7368//1221
f 7384//1219 7381//1219 7366//1219
f 7386//1219 7388//1219 7372//1219
f 7388//1223 7385//1223 7369//1223
f 7390//1223 7392//1223 7376//1223
f 7392//1222 7389//1222 7374//1222
f 7393//1222 7396//1222 7380//1222
f 7396//1221 7395//1221 7378//1221
f 7369//1219 7385//1219 7382//1219
f 7379//1220 7375//1220 7370//1220
f 7366//1221 7381//1221 7393//1221
f 7374//1223 7389//1223 7386//1223
f 7378//1222 7395//1222 7390//1222
f 7387//1224 7391//1224 7394//1224
o Lanterns
v 5.087400 12.982601 -1.473400
v 5.226400 12.982601 -1.334400
v 5.087400 12.843601 -1.334400
v 5.087400 12.982601 -1.334400
v 4.642600 12.982601 -1.473400
v 4.642600 12.843601 -1.334400
v 4.503600 12.982601 -1.334400
v 4.642600 12.982601 -1.334400
v 4.642600 12.982601 -0.750600
v 4.503600 12.982601 -0.889600
v 4.642600 12.843601 -0.889600
v 4.642600 12.982601 -0.889600
v 5.226400 12.982601 -0.889600
v 5.087400 12.982601 -0.750600
v 5.087400 12.843601 -0.889600
v 5.087400 12.982601 -0.889600
v 5.226400 13.705400 -1.334400
v 5.087400 13.705400 -1.473400
v 5.087400 13.844400 -1.334400
v 5.087400 13.705400 -1.334400
v 4.642600 13.705400 -1.473400
v 4.503600 13.705400 -1.334400
v 4.642600 13.844400 -1.334400
v 4.642600 13.705400 -1.334400
v 4.503600 13.705400 -0.889600
v 4.642600 13.705400 -0.750600
v 4.642600 13.844400 -0.889600
v 4.642600 13.705400 -0.889600
v 5.226400 13.705400 -0.889600
v 5.087400 13.844400 -0.889600
v 5.087400 13.705400 -0.750600
v 5.087400 13.705400 -0.889600
v -4.642600 12.982601 -1.473400
v -4.642600 12.982601 -1.334400
v -5.087399 12.982601 -1.473400
v -4.642600 13.705400 -1.473400
v -5.087399 12.982601 -1.334400
v -5.087399 12.843601 -1.334400
v -5.087399 12.982601 -0.889600
v -5.226400 12.982601 -1.334400
v -5.087399 13.705400 -1.334400
v -5.226400 13.705400 -1.334400
v -5.087399 13.705400 -1.473400
v -4.642600 13.705400 -1.334400
v -4.642600 13.844400 -1.334400
v -4.642600 13.705400 -0.889600
v -4.503600 13.705400 -1.334400
v -4.642600 13.844400 -0.889600
v -4.503600 12.982601 -1.334400
v -4.503600 12.982601 -0.889600
v -4.503600 13.705400 -0.889600
v -4.642600 12.982601 -0.889600
v -4.642600 12.843601 -0.889600
v -4.642600 12.982601 -0.750600
v -4.642600 12.843601 -1.334400
v -5.087399 12.982601 -0.750600
v -5.087399 13.705400 -0.750600
v -5.087399 13.705400 -0.889600
v -4.642600 13.705400 -0.750600
v -5.226400 13.705400 -0.889600
v -5.087399 13.844400 -0.889600
v -5.087399 13.844400 -1.334400
v -5.226400 12.982601 -0.889600
v -5.087399 12.843601 -0.889600
v -9.530188 35.114876 3.970187
v -9.530188 35.114876 4.109187
v -9.929812 35.114876 3.970187
v -9.530188 35.775124 3.970187
v -9.929812 35.114876 4.109187
v -9.929812 34.975876 4.109187
v -9.929812 35.114876 4.508812
v -10.068812 35.114876 4.109187
v -9.929812 35.775124 4.109187
v -9.929812 34.975876 4.508812
v -10.068812 35.775124 4.109187
v -10.068812 35.775124 4.508812
v -10.068812 35.114876 4.508812
v -9.929812 35.775124 4.508812
v -9.929812 35.914124 4.508812
v -9.929812 35.775124 4.647812
v -9.530188 35.775124 4.508812
v -9.929812 35.914124 4.109187
v -9.530188 35.775124 4.647812
v -9.530188 35.114876 4.647812
v -9.530188 35.114876 4.508812
v -9.929812 35.114876 4.647812
v -9.391188 35.114876 4.508812
v -9.530188 34.975876 4.508812
v -9.530188 34.975876 4.109187
v -9.391188 35.775124 4.508812
v -9.391188 35.775124 4.109187
v -9.391188 35.114876 4.109187
v -9.530188 35.775124 4.109187
v -9.530188 35.914124 4.109187
v -9.530188 35.914124 4.508812
v -9.929812 35.775124 3.970187
v -26.488190 35.114876 3.970187
v -26.488190 35.114876 4.109187
v -26.887812 35.114876 3.970187
v -26.488190 35.775124 3.970187
v -26.887812 35.114876 4.109187
v -26.887812 34.975876 4.109187
v -26.887812 35.114876 4.508812
v -27.026814 35.114876 4.109187
v -26.887812 35.775124 4.109187
v -26.887812 34.975876 4.508812
v -27.026814 35.775124 4.109187
v -27.026814 35.775124 4.508812
v -27.026814 35.114876 4.508812
v -26.887812 35.775124 4.508812
v -26.887812 35.914124 4.508812
v -26.887812 35.775124 4.647812
v -26.488190 35.775124 4.508812
v -26.887812 35.914124 4.109187
v -26.488190 35.775124 4.647812
v -26.488190 35.114876 4.647812
v -26.488190 35.114876 4.508812
v -26.887812 35.114876 4.647812
v -26.349190 35.114876 4.508812
v -26.488190 34.975876 4.508812
v -26.488190 34.975876 4.109187
v -26.349190 35.775124 4.508812
v -26.349190 35.775124 4.109187
v -26.349190 35.114876 4.109187
v -26.488190 35.775124 4.109187
v -26.488190 35.914124 4.109187
v -26.488190 35.914124 4.508812
v -26.887812 35.775124 3.970187
vn -0.0000 -0.0000 -1.0000
vn -0.0000 -1.0000 -0.0000
vn 1.0000 -0.0000 -0.0000
vn -0.0000 -0.0000 1.0000
vn -1.0000 -0.0000 -0.0000
vn -0.0000 1.0000 -0.0000
s 0
usemtl Amber
f 7402//1225 7400//1225 7399//1225
f 7404//1226 7397//1226 7400//1226
f 7409//1226 7400//1226 7398//1226
f 7412//1227 7399//1227 7400//1227
f 7411//1228 7408//1228 7407//1228
f 7412//1226 7405//1226 7408//1226
f 7402//1229 7408//1229 7404//1229
f 7408//1226 7403//1226 7404//1226
f 7426//1227 7416//1227 7415//1227
f 7428//1230 7413//1230 7416//1230
f 7417//1230 7416//1230 7414//1230
f 7420//1225 7415//1225 7416//1225
f 7421//1230 7420//1230 7418//1230
f 7424//1229 7419//1229 7420//1229
f 7427//1230 7424//1230 7422//1230
f 7424//1228 7426//1228 7423//1228
f 7414//1227 7400//1227 7397//1227
f 7416//1225 7398//1225 7400//1225
f 7418//1225 7404//1225 7403//1225
f 7404//1229 7417//1229 7401//1229
f 7422//1229 7408//1229 7405//1229
f 7424//1228 7406//1228 7408//1228
f 7409//1228 7428//1228 7412//1228
f 7428//1227 7410//1227 7412//1227
f 7401//1225 7414//1225 7397//1225
f 7411//1226 7402//1226 7399//1226
f 7398//1227 7425//1227 7409//1227
f 7406//1229 7418//1229 7403//1229
f 7410//1228 7422//1228 7405//1228
f 7419//1230 7426//1230 7415//1230
f 7402//1225 7404//1225 7400//1225
f 7404//1226 7401//1226 7397//1226
f 7409//1226 7412//1226 7400//1226
f 7412//1227 7411//1227 7399//1227
f 7411//1228 7412//1228 7408//1228
f 7412//1226 7410//1226 7405//1226
f 7402//1229 7407//1229 7408//1229
f 7408//1226 7406//1226 7403//1226
f 7426//1227 7428//1227 7416//1227
f 7428//1230 7425//1230 7413//1230
f 7417//1230 7420//1230 7416//1230
f 7420//1225 7419//1225 7415//1225
f 7421//1230 7424//1230 7420//1230
f 7424//1229 7423//1229 7419//1229
f 7427//1230 7428//1230 7424//1230
f 7424//1228 7428//1228 7426//1228
f 7414//1227 7416//1227 7400//1227
f 7416//1225 7413//1225 7398//1225
f 7418//1225 7420//1225 7404//1225
f 7404//1229 7420//1229 7417//1229
f 7422//1229 7424//1229 7408//1229
f 7424//1228 7421//1228 7406//1228
f 7409//1228 7425//1228 7428//1228
f 7428//1227 7427//1227 7410//1227
f 7401//1225 7417//1225 7414//1225
f 7411//1226 7407//1226 7402//1226
f 7398//1227 7413//1227 7425//1227
f 7406//1229 7421//1229 7418//1229
f 7410//1228 7427//1228 7422//1228
f 7419//1230 7423//1230 7426//1230
f 7432//1227 7430//1227 7429//1227
f 7433//1226 7429//1226 7430//1226
f 7433//1226 7431//1226 7429//1226
f 7431//1225 7432//1225 7429//1225
f 7434//1225 7433//1225 7430//1225
f 7434//1229 7435//1229 7433//1229
f 7433//1229 7439//1229 7431//1229
f 7435//1226 7436//1226 7433//1226
f 7438//1225 7433//1225 7436//1225
f 7433//1229 7437//1229 7439//1229
f 7438//1225 7437//1225 7433//1225
f 7431//1225 7439//1225 7432//1225
f 7439//1230 7440//1230 7432//1230
f 7439//1230 7437//1230 7440//1230
f 7437//1225 7441//1225 7440//1225
f 7444//1227 7440//1227 7441//1227
f 7444//1227 7442//1227 7440//1227
f 7442//1230 7443//1230 7440//1230
f 7440//1225 7443//1225 7445//1225
f 7432//1227 7440//1227 7430//1227
f 7440//1225 7445//1225 7430//1225
f 7446//1226 7430//1226 7445//1226
f 7445//1227 7447//1227 7446//1227
f 7445//1227 7443//1227 7447//1227
f 7446//1228 7447//1228 7442//1228
f 7442//1230 7447//1230 7443//1230
f 7446//1226 7448//1226 7430//1226
f 7446//1228 7442//1228 7448//1228
f 7448//1227 7451//1227 7430//1227
f 7449//1228 7448//1228 7435//1228
f 7448//1227 7449//1227 7451//1227
f 7448//1226 7452//1226 7435//1226
f 7448//1226 7450//1226 7452//1226
f 7442//1227 7450//1227 7448//1227
f 7453//1229 7435//1229 7452//1229
f 7450//1228 7453//1228 7452//1228
f 7453//1229 7454//1229 7435//1229
f 7455//1230 7454//1230 7453//1230
f 7450//1228 7455//1228 7453//1228
f 7442//1227 7455//1227 7450//1227
f 7455//1230 7442//1230 7454//1230
f 7454//1228 7456//1228 7459//1228
f 7456//1230 7454//1230 7437//1230
f 7454//1229 7458//1229 7437//1229
f 7454//1229 7457//1229 7458//1229
f 7454//1228 7444//1228 7457//1228
f 7454//1228 7442//1228 7444//1228
f 7454//1228 7459//1228 7435//1228
f 7435//1226 7459//1226 7436//1226
f 7459//1229 7438//1229 7436//1229
f 7459//1229 7456//1229 7438//1229
f 7437//1225 7458//1225 7441//1225
f 7458//1230 7444//1230 7441//1230
f 7458//1230 7457//1230 7444//1230
f 7456//1230 7437//1230 7438//1230
f 7434//1225 7430//1225 7451//1225
f 7449//1226 7434//1226 7451//1226
f 7449//1226 7460//1226 7434//1226
f 7449//1228 7435//1228 7460//1228
f 7434//1229 7460//1229 7435//1229
f 7464//1227 7462//1227 7461//1227
f 7465//1226 7461//1226 7462//1226
f 7465//1226 7463//1226 7461//1226
f 7463//1225 7464//1225 7461//1225
f 7466//1225 7465//1225 7462//1225
f 7470//1229 7465//1229 7466//1229
f 7469//1229 7463//1229 7465//1229
f 7470//1229 7467//1229 7465//1229
f 7467//1226 7468//1226 7465//1226
f 7471//1225 7465//1225 7468//1225
f 7471//1225 7469//1225 7465//1225
f 7472//1230 7469//1230 7471//1230
f 7473//1229 7472//1229 7471//1229
f 7473//1229 7471//1229 7468//1229
f 7467//1226 7473//1226 7468//1226
f 7474//1228 7473//1228 7467//1228
f 7474//1228 7472//1228 7473//1228
f 7472//1230 7474//1230 7469//1230
f 7474//1229 7478//1229 7469//1229
f 7474//1229 7475//1229 7478//1229
f 7477//1228 7475//1228 7474//1228
f 7476//1229 7474//1229 7467//1229
f 7479//1230 7474//1230 7476//1230
f 7479//1230 7477//1230 7474//1230
f 7480//1228 7479//1228 7476//1228
f 7477//1227 7479//1227 7480//1227
f 7481//1226 7480//1226 7482//1226
f 7477//1227 7480//1227 7481//1227
f 7480//1228 7476//1228 7482//1228
f 7476//1229 7467//1229 7482//1229
f 7481//1226 7482//1226 7467//1226
f 7483//1226 7481//1226 7462//1226
f 7486//1228 7481//1228 7483//1228
f 7481//1227 7485//1227 7462//1227
f 7484//1228 7481//1228 7467//1228
f 7481//1227 7484//1227 7485//1227
f 7486//1228 7477//1228 7481//1228
f 7477//1230 7486//1230 7487//1230
f 7488//1227 7487//1227 7486//1227
f 7488//1227 7486//1227 7483//1227
f 7489//1225 7488//1225 7462//1225
f 7483//1226 7462//1226 7488//1226
f 7489//1225 7487//1225 7488//1225
f 7469//1225 7490//1225 7489//1225
f 7491//1227 7489//1227 7490//1227
f 7491//1227 7477//1227 7489//1227
f 7477//1230 7487//1230 7489//1230
f 7464//1227 7489//1227 7462//1227
f 7492//1230 7489//1230 7464//1230
f 7492//1230 7469//1230 7489//1230
f 7463//1225 7492//1225 7464//1225
f 7469//1229 7492//1229 7463//1229
f 7478//1230 7491//1230 7490//1230
f 7477//1228 7491//1228 7475//1228
f 7478//1230 7475//1230 7491//1230
f 7469//1225 7478//1225 7490//1225
f 7466//1225 7462//1225 7485//1225
f 7484//1226 7466//1226 7485//1226
f 7484//1226 7470//1226 7466//1226
f 7484//1228 7467//1228 7470//1228
f 7496//1227 7494//1227 7493//1227
f 7497//1226 7493//1226 7494//1226
f 7497//1226 7495//1226 7493//1226
f 7495//1225 7496//1225 7493//1225
f 7498//1225 7497//1225 7494//1225
f 7502//1229 7497//1229 7498//1229
f 7501//1229 7495//1229 7497//1229
f 7502//1229 7499//1229 7497//1229
f 7499//1226 7500//1226 7497//1226
f 7503//1225 7497//1225 7500//1225
f 7503//1225 7501//1225 7497//1225
f 7504//1230 7501//1230 7503//1230
f 7505//1229 7504//1229 7503//1229
f 7505//1229 7503//1229 7500//1229
f 7499//1226 7505//1226 7500//1226
f 7506//1228 7505//1228 7499//1228
f 7506//1228 7504//1228 7505//1228
f 7504//1230 7506//1230 7501//1230
f 7506//1229 7510//1229 7501//1229
f 7506//1229 7507//1229 7510//1229
f 7509//1228 7507//1228 7506//1228
f 7508//1229 7506//1229 7499//1229
f 7511//1230 7506//1230 7508//1230
f 7511//1230 7509//1230 7506//1230
f 7512//1228 7511//1228 7508//1228
f 7509//1227 7511//1227 7512//1227
f 7513//1226 7512//1226 7514//1226
f 7509//1227 7512//1227 7513//1227
f 7512//1228 7508//1228 7514//1228
f 7508//1229 7499//1229 7514//1229
f 7513//1226 7514//1226 7499//1226
f 7515//1226 7513//1226 7494//1226
f 7518//1228 7513//1228 7515//1228
f 7513//1227 7517//1227 7494//1227
f 7516//1228 7513//1228 7499//1228
f 7513//1227 7516//1227 7517//1227
f 7518//1228 7509//1228 7513//1228
f 7509//1230 7518//1230 7519//1230
f 7520//1227 7519//1227 7518//1227
f 7520//1227 7518//1227 7515//1227
f 7521//1225 7520//1225 7494//1225
f 7515//1226 7494//1226 7520//1226
f 7521//1225 7519//1225 7520//1225
f 7501//1225 7522//1225 7521//1225
f 7523//1227 7521//1227 7522//1227
f 7523//1227 7509//1227 7521//1227
f 7509//1230 7519//1230 7521//1230
f 7496//1227 7521//1227 7494//1227
f 7524//1230 7521//1230 7496//1230
f 7524//1230 7501//1230 7521//1230
f 7495//1225 7524//1225 7496//1225
f 7501//1229 7524//1229 7495//1229
f 7510//1230 7523//1230 7522//1230
f 7509//1228 7523//1228 7507//1228
f 7510//1230 7507//1230 7523//1230
f 7501//1225 7510//1225 7522//1225
f 7498//1225 7494//1225 7517//1225
f 7516//1226 7498//1226 7517//1226
f 7516//1226 7502//1226 7498//1226
f 7516//1228 7499//1228 7502//1228
